instance_id,track_target,status_target,polished_best_true_objective_target,polished_best_feasible_target,j_no_action_target,improvement_scale_target,target_regime_target,final_target,track_baseline,status_baseline,polished_best_true_objective_baseline,polished_best_feasible_baseline,j_no_action_baseline,improvement_scale_baseline,target_regime_baseline,final_baseline,uplift,uplift_normalized,comparison,target
c01_normal_20240110_banking_concentrated,qaoa,OK,1.107099913039845,True,1.5917891454957447,0.4846892324558998,normal,1.107099913039845,classical_true,OK,1.107572140261412,True,1.5917891454957447,0.4846892324558998,normal,1.107572140261412,0.00047222722156714525,0.0009742886574442554,qaoa_vs_classical_true,qaoa
c03_stress_20250408_high_cash,qaoa,OK,0.8541364405495258,True,1.1297273177734215,0.27559087722389575,stress,0.8541364405495258,classical_true,OK,0.8541364405495258,True,1.1297273177734215,0.27559087722389575,stress,0.8541364405495258,0.0,0.0,qaoa_vs_classical_true,qaoa
c04_normal_20240318_do_not_sell,qaoa,OK,0.9369869324482872,True,1.0200766320938461,0.0830896996455589,normal,0.9369869324482872,classical_true,OK,0.9369869324482872,True,1.0200766320938461,0.0830896996455589,normal,0.9369869324482872,0.0,0.0,qaoa_vs_classical_true,qaoa
c06_stress_20250509_diversified,qaoa,OK,0.9635762178653142,True,1.3319992732913546,0.36842305542604037,stress,0.9635762178653142,classical_true,OK,0.9635762178653142,True,1.3319992732913546,0.36842305542604037,stress,0.9635762178653142,0.0,0.0,qaoa_vs_classical_true,qaoa
c07_normal_20240517_banking_concentrated,qaoa,OK,0.9753925994820462,True,1.437835812779654,0.46244321329760785,normal,0.9753925994820462,classical_true,OK,0.9759650862406294,True,1.437835812779654,0.46244321329760785,normal,0.9759650862406294,0.0005724867585832349,0.001237961207173794,qaoa_vs_classical_true,qaoa
c09_stress_20250408_do_not_sell,qaoa,OK,1.0241457098206683,True,1.12069663636448,0.09655092654381137,stress,1.0241457098206683,classical_true,OK,1.0241457098206683,True,1.12069663636448,0.09655092654381137,stress,1.0241457098206683,0.0,0.0,qaoa_vs_classical_true,qaoa
c10_normal_20240712_do_not_sell,qaoa,OK,0.8446883449537617,True,0.9188998518268888,0.07421150687312716,normal,0.8446883449537617,classical_true,OK,0.8446883449537617,True,0.9188998518268888,0.07421150687312716,normal,0.8446883449537617,0.0,0.0,qaoa_vs_classical_true,qaoa
c11_volatile_20240904_liquidity_constrained,qaoa,OK,1.4131074820806448,True,1.57605185568186,0.16294437360121505,volatile,1.4131074820806448,classical_true,OK,1.4131074820806448,True,1.57605185568186,0.16294437360121505,volatile,1.4131074820806448,0.0,0.0,qaoa_vs_classical_true,qaoa
c12_stress_20250509_banking_concentrated,qaoa,OK,0.9440610590020884,True,1.3765942817961214,0.43253322279403306,stress,0.9440610590020884,classical_true,OK,0.9448648371741682,True,1.3765942817961214,0.43253322279403306,stress,0.9448648371741682,0.0008037781720798831,0.0018583038937164656,qaoa_vs_classical_true,qaoa
c13_normal_20250401_banking_concentrated,qaoa,OK,0.9030738220551098,True,1.3478989704201498,0.44482514836504006,normal,0.9030738220551098,classical_true,OK,0.9032396976675422,True,1.3478989704201498,0.44482514836504006,normal,0.9032396976675422,0.0001658756124324201,0.0003729007072601399,qaoa_vs_classical_true,qaoa
c14_volatile_20241002_high_volatility,qaoa,OK,1.29152063140661,True,1.7945963111226466,0.5030756797160365,volatile,1.29152063140661,classical_true,OK,1.29152063140661,True,1.7945963111226466,0.5030756797160365,volatile,1.29152063140661,0.0,0.0,qaoa_vs_classical_true,qaoa
c15_stress_20250408_liquidity_constrained,qaoa,OK,1.0164065462119305,True,1.1095062848658581,0.09309973865392762,stress,1.0164065462119305,classical_true,OK,1.0164065462119305,True,1.1095062848658581,0.09309973865392762,stress,1.0164065462119305,0.0,0.0,qaoa_vs_classical_true,qaoa
c16_normal_20250612_do_not_sell,qaoa,OK,1.1877491300813416,True,1.2914933031320537,0.10374417305071204,normal,1.1877491300813416,classical_true,OK,1.1877491300813416,True,1.2914933031320537,0.10374417305071204,normal,1.1877491300813416,0.0,0.0,qaoa_vs_classical_true,qaoa
c17_volatile_20241030_liquidity_constrained,qaoa,OK,1.2685391628960696,True,1.4138695206749812,0.14533035777891157,volatile,1.2685391628960696,classical_true,OK,1.2685391628960696,True,1.4138695206749812,0.14533035777891157,volatile,1.2685391628960696,0.0,0.0,qaoa_vs_classical_true,qaoa
c18_stress_20250509_high_volatility,qaoa,OK,1.0241067762242877,True,1.4414685931957862,0.41736181697149877,stress,1.0241067762242877,classical_true,OK,1.0241067762242877,True,1.4414685931957862,0.41736181697149877,stress,1.0241067762242877,0.0,0.0,qaoa_vs_classical_true,qaoa
c19_normal_20250908_banking_concentrated,qaoa,OK,1.024460712707139,True,1.4699682630777366,0.44550755037059764,normal,1.024460712707139,classical_true,OK,1.0251422135265202,True,1.4699682630777366,0.44550755037059764,normal,1.0251422135265202,0.0006815008193812311,0.0015297177765322301,qaoa_vs_classical_true,qaoa
c20_volatile_20241225_high_volatility,qaoa,OK,1.324201748735865,True,1.826336197921945,0.50213444918608,volatile,1.324201748735865,classical_true,OK,1.324201748735865,True,1.826336197921945,0.50213444918608,volatile,1.324201748735865,0.0,0.0,qaoa_vs_classical_true,qaoa
c21_normal_20251103_high_cash,qaoa,OK,0.9081165149173002,True,1.1774175389025114,0.2693010239852113,normal,0.9081165149173002,classical_true,OK,0.9081165149173002,True,1.1774175389025114,0.2693010239852113,normal,0.9081165149173002,0.0,0.0,qaoa_vs_classical_true,qaoa
c22_volatile_20250123_do_not_sell,qaoa,OK,1.2932142071557275,True,1.4552933291804961,0.1620791220247686,volatile,1.2932142071557275,classical_true,OK,1.2932142071557275,True,1.4552933291804961,0.1620791220247686,volatile,1.2932142071557275,0.0,0.0,qaoa_vs_classical_true,qaoa
c23_normal_20251229_liquidity_constrained,qaoa,OK,1.042756609012775,False,1.136594331848378,0.07459419673417322,normal,1.136594331848378,classical_true,OK,1.0620001351142048,True,1.136594331848378,0.07459419673417322,normal,1.0620001351142048,-0.07459419673417322,-1.0,qaoa_vs_classical_true,qaoa
c24_volatile_20250403_diversified,qaoa,OK,1.249128018260874,True,1.6495913864989733,0.40046336823809936,volatile,1.249128018260874,classical_true,OK,1.249128018260874,True,1.6495913864989733,0.40046336823809936,volatile,1.249128018260874,0.0,0.0,qaoa_vs_classical_true,qaoa
c25_normal_20260304_banking_concentrated,qaoa,OK,1.0645288012821448,True,1.5174152637603182,0.45288646247817343,normal,1.0645288012821448,classical_true,OK,1.0645517219891156,True,1.5174152637603182,0.45288646247817343,normal,1.0645517219891156,2.2920706970852578e-05,5.061027182272472e-05,qaoa_vs_classical_true,qaoa
c26_volatile_20260309_high_volatility,qaoa,OK,1.1862461166930276,True,1.6654078136259067,0.47916169693287913,volatile,1.1862461166930276,classical_true,OK,1.1862461166930276,True,1.6654078136259067,0.47916169693287913,volatile,1.1862461166930276,0.0,0.0,qaoa_vs_classical_true,qaoa
c27_normal_20260513_high_cash,qaoa,OK,0.8775637514858152,True,1.1400789939420428,0.2625152424562276,normal,0.8775637514858152,classical_true,OK,0.8775637514858152,True,1.1400789939420428,0.2625152424562276,normal,0.8775637514858152,0.0,0.0,qaoa_vs_classical_true,qaoa
c28_volatile_20260406_do_not_sell,qaoa,OK,1.160956826702228,True,1.2712174343433984,0.1102606076411703,volatile,1.160956826702228,classical_true,OK,1.160956826702228,True,1.2712174343433984,0.1102606076411703,volatile,1.160956826702228,0.0,0.0,qaoa_vs_classical_true,qaoa
c29_normal_20260708_liquidity_constrained,qaoa,OK,1.0459135587994062,True,1.121421659924344,0.07550810112493789,normal,1.0459135587994062,classical_true,OK,1.0459135587994062,True,1.121421659924344,0.07550810112493789,normal,1.0459135587994062,0.0,0.0,qaoa_vs_classical_true,qaoa
c30_volatile_20260722_diversified,qaoa,OK,1.1758787501110244,True,1.5683403931904203,0.3924616430793959,volatile,1.1758787501110244,classical_true,OK,1.1758787501110244,True,1.5683403931904203,0.3924616430793959,volatile,1.1758787501110244,0.0,0.0,qaoa_vs_classical_true,qaoa
c01_normal_20240110_banking_concentrated,qaoa,OK,1.107099913039845,True,1.5917891454957447,0.4846892324558998,normal,1.107099913039845,classical_surrogate,OK,1.1075531958084952,True,1.5917891454957447,0.4846892324558998,normal,1.1075531958084952,0.00045328276865030936,0.0009352028852663898,qaoa_vs_classical_surrogate,qaoa
c03_stress_20250408_high_cash,qaoa,OK,0.8541364405495258,True,1.1297273177734215,0.27559087722389575,stress,0.8541364405495258,classical_surrogate,OK,0.8541364405495258,True,1.1297273177734215,0.27559087722389575,stress,0.8541364405495258,0.0,0.0,qaoa_vs_classical_surrogate,qaoa
c04_normal_20240318_do_not_sell,qaoa,OK,0.9369869324482872,True,1.0200766320938461,0.0830896996455589,normal,0.9369869324482872,classical_surrogate,OK,0.9369869324482872,True,1.0200766320938461,0.0830896996455589,normal,0.9369869324482872,0.0,0.0,qaoa_vs_classical_surrogate,qaoa
c06_stress_20250509_diversified,qaoa,OK,0.9635762178653142,True,1.3319992732913546,0.36842305542604037,stress,0.9635762178653142,classical_surrogate,OK,0.9635762178653142,True,1.3319992732913546,0.36842305542604037,stress,0.9635762178653142,0.0,0.0,qaoa_vs_classical_surrogate,qaoa
c07_normal_20240517_banking_concentrated,qaoa,OK,0.9753925994820462,True,1.437835812779654,0.46244321329760785,normal,0.9753925994820462,classical_surrogate,OK,0.9764940650169796,True,1.437835812779654,0.46244321329760785,normal,0.9764940650169796,0.001101465534933399,0.002381839549723362,qaoa_vs_classical_surrogate,qaoa
c09_stress_20250408_do_not_sell,qaoa,OK,1.0241457098206683,True,1.12069663636448,0.09655092654381137,stress,1.0241457098206683,classical_surrogate,OK,1.0241457098206683,True,1.12069663636448,0.09655092654381137,stress,1.0241457098206683,0.0,0.0,qaoa_vs_classical_surrogate,qaoa
c10_normal_20240712_do_not_sell,qaoa,OK,0.8446883449537617,True,0.9188998518268888,0.07421150687312716,normal,0.8446883449537617,classical_surrogate,OK,0.8446883449537617,True,0.9188998518268888,0.07421150687312716,normal,0.8446883449537617,0.0,0.0,qaoa_vs_classical_surrogate,qaoa
c11_volatile_20240904_liquidity_constrained,qaoa,OK,1.4131074820806448,True,1.57605185568186,0.16294437360121505,volatile,1.4131074820806448,classical_surrogate,OK,1.4131074820806448,True,1.57605185568186,0.16294437360121505,volatile,1.4131074820806448,0.0,0.0,qaoa_vs_classical_surrogate,qaoa
c12_stress_20250509_banking_concentrated,qaoa,OK,0.9440610590020884,True,1.3765942817961214,0.43253322279403306,stress,0.9440610590020884,classical_surrogate,OK,0.9455794670089966,True,1.3765942817961214,0.43253322279403306,stress,0.9455794670089966,0.0015184080069082784,0.0035105002966010898,qaoa_vs_classical_surrogate,qaoa
c13_normal_20250401_banking_concentrated,qaoa,OK,0.9030738220551098,True,1.3478989704201498,0.44482514836504006,normal,0.9030738220551098,classical_surrogate,OK,0.9032108324296108,True,1.3478989704201498,0.44482514836504006,normal,0.9032108324296108,0.00013701037450097875,0.0003080095066669723,qaoa_vs_classical_surrogate,qaoa
c14_volatile_20241002_high_volatility,qaoa,OK,1.29152063140661,True,1.7945963111226466,0.5030756797160365,volatile,1.29152063140661,classical_surrogate,OK,1.29152063140661,True,1.7945963111226466,0.5030756797160365,volatile,1.29152063140661,0.0,0.0,qaoa_vs_classical_surrogate,qaoa
c15_stress_20250408_liquidity_constrained,qaoa,OK,1.0164065462119305,True,1.1095062848658581,0.09309973865392762,stress,1.0164065462119305,classical_surrogate,OK,1.0250770160324087,True,1.1095062848658581,0.09309973865392762,stress,1.0250770160324087,0.008670469820478255,0.09313097916105129,qaoa_vs_classical_surrogate,qaoa
c16_normal_20250612_do_not_sell,qaoa,OK,1.1877491300813416,True,1.2914933031320537,0.10374417305071204,normal,1.1877491300813416,classical_surrogate,OK,1.1877491300813416,True,1.2914933031320537,0.10374417305071204,normal,1.1877491300813416,0.0,0.0,qaoa_vs_classical_surrogate,qaoa
c17_volatile_20241030_liquidity_constrained,qaoa,OK,1.2685391628960696,True,1.4138695206749812,0.14533035777891157,volatile,1.2685391628960696,classical_surrogate,OK,1.2685391628960696,True,1.4138695206749812,0.14533035777891157,volatile,1.2685391628960696,0.0,0.0,qaoa_vs_classical_surrogate,qaoa
c18_stress_20250509_high_volatility,qaoa,OK,1.0241067762242877,True,1.4414685931957862,0.41736181697149877,stress,1.0241067762242877,classical_surrogate,OK,1.0241067762242877,True,1.4414685931957862,0.41736181697149877,stress,1.0241067762242877,0.0,0.0,qaoa_vs_classical_surrogate,qaoa
c19_normal_20250908_banking_concentrated,qaoa,OK,1.024460712707139,True,1.4699682630777366,0.44550755037059764,normal,1.024460712707139,classical_surrogate,OK,1.0251753321691874,True,1.4699682630777366,0.44550755037059764,normal,1.0251753321691874,0.000714619462048427,0.001604056904207274,qaoa_vs_classical_surrogate,qaoa
c20_volatile_20241225_high_volatility,qaoa,OK,1.324201748735865,True,1.826336197921945,0.50213444918608,volatile,1.324201748735865,classical_surrogate,OK,1.324201748735865,True,1.826336197921945,0.50213444918608,volatile,1.324201748735865,0.0,0.0,qaoa_vs_classical_surrogate,qaoa
c21_normal_20251103_high_cash,qaoa,OK,0.9081165149173002,True,1.1774175389025114,0.2693010239852113,normal,0.9081165149173002,classical_surrogate,OK,0.9081165149173002,True,1.1774175389025114,0.2693010239852113,normal,0.9081165149173002,0.0,0.0,qaoa_vs_classical_surrogate,qaoa
c22_volatile_20250123_do_not_sell,qaoa,OK,1.2932142071557275,True,1.4552933291804961,0.1620791220247686,volatile,1.2932142071557275,classical_surrogate,OK,1.2932142071557275,True,1.4552933291804961,0.1620791220247686,volatile,1.2932142071557275,0.0,0.0,qaoa_vs_classical_surrogate,qaoa
c23_normal_20251229_liquidity_constrained,qaoa,OK,1.042756609012775,False,1.136594331848378,0.07459419673417322,normal,1.136594331848378,classical_surrogate,OK,1.080815595036814,True,1.136594331848378,0.07459419673417322,normal,1.080815595036814,-0.05577873681156409,-0.7477624165635748,qaoa_vs_classical_surrogate,qaoa
c24_volatile_20250403_diversified,qaoa,OK,1.249128018260874,True,1.6495913864989733,0.40046336823809936,volatile,1.249128018260874,classical_surrogate,OK,1.249128018260874,True,1.6495913864989733,0.40046336823809936,volatile,1.249128018260874,0.0,0.0,qaoa_vs_classical_surrogate,qaoa
c25_normal_20260304_banking_concentrated,qaoa,OK,1.0645288012821448,True,1.5174152637603182,0.45288646247817343,normal,1.0645288012821448,classical_surrogate,OK,1.0646355166414536,True,1.5174152637603182,0.45288646247817343,normal,1.0646355166414536,0.00010671535930883991,0.0002356338026199734,qaoa_vs_classical_surrogate,qaoa
c26_volatile_20260309_high_volatility,qaoa,OK,1.1862461166930276,True,1.6654078136259067,0.47916169693287913,volatile,1.1862461166930276,classical_surrogate,OK,1.1862461166930276,True,1.6654078136259067,0.47916169693287913,volatile,1.1862461166930276,0.0,0.0,qaoa_vs_classical_surrogate,qaoa
c27_normal_20260513_high_cash,qaoa,OK,0.8775637514858152,True,1.1400789939420428,0.2625152424562276,normal,0.8775637514858152,classical_surrogate,OK,0.8775637514858152,True,1.1400789939420428,0.2625152424562276,normal,0.8775637514858152,0.0,0.0,qaoa_vs_classical_surrogate,qaoa
c28_volatile_20260406_do_not_sell,qaoa,OK,1.160956826702228,True,1.2712174343433984,0.1102606076411703,volatile,1.160956826702228,classical_surrogate,OK,1.160956826702228,True,1.2712174343433984,0.1102606076411703,volatile,1.160956826702228,0.0,0.0,qaoa_vs_classical_surrogate,qaoa
c29_normal_20260708_liquidity_constrained,qaoa,OK,1.0459135587994062,True,1.121421659924344,0.07550810112493789,normal,1.0459135587994062,classical_surrogate,OK,1.0634719933549377,True,1.121421659924344,0.07550810112493789,normal,1.0634719933549377,0.01755843455553152,0.23253709593992872,qaoa_vs_classical_surrogate,qaoa
c30_volatile_20260722_diversified,qaoa,OK,1.1758787501110244,True,1.5683403931904203,0.3924616430793959,volatile,1.1758787501110244,classical_surrogate,OK,1.1758787501110244,True,1.5683403931904203,0.3924616430793959,volatile,1.1758787501110244,0.0,0.0,qaoa_vs_classical_surrogate,qaoa
c01_normal_20240110_banking_concentrated,qaoa,OK,1.107099913039845,True,1.5917891454957447,0.4846892324558998,normal,1.107099913039845,random_uniform,OK,1.1082548128487255,True,1.5917891454957447,0.4846892324558998,normal,1.1082548128487255,0.0011548998088806162,0.002382763493690148,qaoa_vs_random_uniform,qaoa
c03_stress_20250408_high_cash,qaoa,OK,0.8541364405495258,True,1.1297273177734215,0.27559087722389575,stress,0.8541364405495258,random_uniform,OK,0.8661974281071149,True,1.1297273177734215,0.27559087722389575,stress,0.8661974281071149,0.012060987557589109,0.04376410307584497,qaoa_vs_random_uniform,qaoa
c04_normal_20240318_do_not_sell,qaoa,OK,0.9369869324482872,True,1.0200766320938461,0.0830896996455589,normal,0.9369869324482872,random_uniform,OK,0.9407813435358348,True,1.0200766320938461,0.0830896996455589,normal,0.9407813435358348,0.0037944110875475223,0.04566644365948591,qaoa_vs_random_uniform,qaoa
c06_stress_20250509_diversified,qaoa,OK,0.9635762178653142,True,1.3319992732913546,0.36842305542604037,stress,0.9635762178653142,random_uniform,OK,0.97940158546977,True,1.3319992732913546,0.36842305542604037,stress,0.97940158546977,0.015825367604455742,0.04295433570560741,qaoa_vs_random_uniform,qaoa
c07_normal_20240517_banking_concentrated,qaoa,OK,0.9753925994820462,True,1.437835812779654,0.46244321329760785,normal,0.9753925994820462,random_uniform,OK,0.9777481853846643,True,1.437835812779654,0.46244321329760785,normal,0.9777481853846643,0.0023555859026181958,0.0050937841336688525,qaoa_vs_random_uniform,qaoa
c09_stress_20250408_do_not_sell,qaoa,OK,1.0241457098206683,True,1.12069663636448,0.09655092654381137,stress,1.0241457098206683,random_uniform,OK,1.0288505273758863,True,1.12069663636448,0.09655092654381137,stress,1.0288505273758863,0.0047048175552180105,0.04872887007545321,qaoa_vs_random_uniform,qaoa
c10_normal_20240712_do_not_sell,qaoa,OK,0.8446883449537617,True,0.9188998518268888,0.07421150687312716,normal,0.8446883449537617,random_uniform,OK,0.8477878293588178,True,0.9188998518268888,0.07421150687312716,normal,0.8477878293588178,0.003099484405056141,0.04176555005620698,qaoa_vs_random_uniform,qaoa
c11_volatile_20240904_liquidity_constrained,qaoa,OK,1.4131074820806448,True,1.57605185568186,0.16294437360121505,volatile,1.4131074820806448,random_uniform,OK,1.4205861360749918,True,1.57605185568186,0.16294437360121505,volatile,1.4205861360749918,0.007478653994346995,0.04589697593762899,qaoa_vs_random_uniform,qaoa
c12_stress_20250509_banking_concentrated,qaoa,OK,0.9440610590020884,True,1.3765942817961214,0.43253322279403306,stress,0.9440610590020884,random_uniform,OK,0.948127888533154,True,1.3765942817961214,0.43253322279403306,stress,0.948127888533154,0.00406682953106563,0.009402351811949029,qaoa_vs_random_uniform,qaoa
c13_normal_20250401_banking_concentrated,qaoa,OK,0.9030738220551098,True,1.3478989704201498,0.44482514836504006,normal,0.9030738220551098,random_uniform,OK,0.9037788464693992,True,1.3478989704201498,0.44482514836504006,normal,0.9037788464693992,0.0007050244142894346,0.0015849472919432725,qaoa_vs_random_uniform,qaoa
c14_volatile_20241002_high_volatility,qaoa,OK,1.29152063140661,True,1.7945963111226466,0.5030756797160365,volatile,1.29152063140661,random_uniform,OK,1.3112372715237166,True,1.7945963111226466,0.5030756797160365,volatile,1.3112372715237166,0.0197166401171065,0.03919219495610611,qaoa_vs_random_uniform,qaoa
c15_stress_20250408_liquidity_constrained,qaoa,OK,1.0164065462119305,True,1.1095062848658581,0.09309973865392762,stress,1.0164065462119305,random_uniform,OK,1.0221839489507922,True,1.1095062848658581,0.09309973865392762,stress,1.0221839489507922,0.005777402738861737,0.06205605753994245,qaoa_vs_random_uniform,qaoa
c16_normal_20250612_do_not_sell,qaoa,OK,1.1877491300813416,True,1.2914933031320537,0.10374417305071204,normal,1.1877491300813416,random_uniform,OK,1.192143427551889,True,1.2914933031320537,0.10374417305071204,normal,1.192143427551889,0.004394297470547315,0.042357053329629434,qaoa_vs_random_uniform,qaoa
c17_volatile_20241030_liquidity_constrained,qaoa,OK,1.2685391628960696,True,1.4138695206749812,0.14533035777891157,volatile,1.2685391628960696,random_uniform,OK,1.2750425847932605,True,1.4138695206749812,0.14533035777891157,volatile,1.2750425847932605,0.006503421897190886,0.044749232002059915,qaoa_vs_random_uniform,qaoa
c18_stress_20250509_high_volatility,qaoa,OK,1.0241067762242877,True,1.4414685931957862,0.41736181697149877,stress,1.0241067762242877,random_uniform,OK,1.041721822902888,True,1.4414685931957862,0.41736181697149877,stress,1.041721822902888,0.017615046678600255,0.042205697699948364,qaoa_vs_random_uniform,qaoa
c19_normal_20250908_banking_concentrated,qaoa,OK,1.024460712707139,True,1.4699682630777366,0.44550755037059764,normal,1.024460712707139,random_uniform,OK,1.026255882385876,True,1.4699682630777366,0.44550755037059764,normal,1.026255882385876,0.001795169678737052,0.00402949327625027,qaoa_vs_random_uniform,qaoa
c20_volatile_20241225_high_volatility,qaoa,OK,1.324201748735865,True,1.826336197921945,0.50213444918608,volatile,1.324201748735865,random_uniform,OK,1.3475939825225485,True,1.826336197921945,0.50213444918608,volatile,1.3475939825225485,0.023392233786683425,0.04658559838824119,qaoa_vs_random_uniform,qaoa
c21_normal_20251103_high_cash,qaoa,OK,0.9081165149173002,True,1.1774175389025114,0.2693010239852113,normal,0.9081165149173002,random_uniform,OK,0.919462078418725,True,1.1774175389025114,0.2693010239852113,normal,0.919462078418725,0.011345563501424794,0.04212967085504969,qaoa_vs_random_uniform,qaoa
c22_volatile_20250123_do_not_sell,qaoa,OK,1.2932142071557275,True,1.4552933291804961,0.1620791220247686,volatile,1.2932142071557275,random_uniform,OK,1.3011517635027752,True,1.4552933291804961,0.1620791220247686,volatile,1.3011517635027752,0.007937556347047625,0.04897334245082241,qaoa_vs_random_uniform,qaoa
c23_normal_20251229_liquidity_constrained,qaoa,OK,1.042756609012775,False,1.136594331848378,0.07459419673417322,normal,1.136594331848378,random_uniform,OK,1.0709494622880016,True,1.136594331848378,0.07459419673417322,normal,1.0709494622880016,-0.0656448695603764,-0.8800264958185824,qaoa_vs_random_uniform,qaoa
c24_volatile_20250403_diversified,qaoa,OK,1.249128018260874,True,1.6495913864989733,0.40046336823809936,volatile,1.249128018260874,random_uniform,OK,1.2662864622901735,True,1.6495913864989733,0.40046336823809936,volatile,1.2662864622901735,0.017158444029299558,0.04284647583320989,qaoa_vs_random_uniform,qaoa
c25_normal_20260304_banking_concentrated,qaoa,OK,1.0645288012821448,True,1.5174152637603182,0.45288646247817343,normal,1.0645288012821448,random_uniform,OK,1.066259654016025,True,1.5174152637603182,0.45288646247817343,normal,1.066259654016025,0.0017308527338801838,0.0038218248441541816,qaoa_vs_random_uniform,qaoa
c26_volatile_20260309_high_volatility,qaoa,OK,1.1862461166930276,True,1.6654078136259067,0.47916169693287913,volatile,1.1862461166930276,random_uniform,OK,1.207041623868874,True,1.6654078136259067,0.47916169693287913,volatile,1.207041623868874,0.02079550717584633,0.04339976944935012,qaoa_vs_random_uniform,qaoa
c27_normal_20260513_high_cash,qaoa,OK,0.8775637514858152,True,1.1400789939420428,0.2625152424562276,normal,0.8775637514858152,random_uniform,OK,0.8885731221986926,True,1.1400789939420428,0.2625152424562276,normal,0.8885731221986926,0.011009370712877331,0.04193802466427472,qaoa_vs_random_uniform,qaoa
c28_volatile_20260406_do_not_sell,qaoa,OK,1.160956826702228,True,1.2712174343433984,0.1102606076411703,volatile,1.160956826702228,random_uniform,OK,1.166015461067316,True,1.2712174343433984,0.1102606076411703,volatile,1.166015461067316,0.0050586343650878,0.04587889068732968,qaoa_vs_random_uniform,qaoa
c29_normal_20260708_liquidity_constrained,qaoa,OK,1.0459135587994062,True,1.121421659924344,0.07550810112493789,normal,1.0459135587994062,random_uniform,OK,1.054966812533956,True,1.121421659924344,0.07550810112493789,normal,1.054966812533956,0.009053253734549793,0.11989778049867812,qaoa_vs_random_uniform,qaoa
c30_volatile_20260722_diversified,qaoa,OK,1.1758787501110244,True,1.5683403931904203,0.3924616430793959,volatile,1.1758787501110244,random_uniform,OK,1.1927388521692397,True,1.5683403931904203,0.3924616430793959,volatile,1.1927388521692397,0.01686010205821531,0.04295987227165655,qaoa_vs_random_uniform,qaoa
c01_normal_20240110_banking_concentrated,qaoa,OK,1.107099913039845,True,1.5917891454957447,0.4846892324558998,normal,1.107099913039845,random_stratified,OK,1.1079140186010312,True,1.5917891454957447,0.4846892324558998,normal,1.1079140186010312,0.000814105561186329,0.0016796444126915935,qaoa_vs_random_stratified,qaoa
c03_stress_20250408_high_cash,qaoa,OK,0.8541364405495258,True,1.1297273177734215,0.27559087722389575,stress,0.8541364405495258,random_stratified,OK,0.8645691733619499,True,1.1297273177734215,0.27559087722389575,stress,0.8645691733619499,0.010432732812424184,0.03785587141895272,qaoa_vs_random_stratified,qaoa
c04_normal_20240318_do_not_sell,qaoa,OK,0.9369869324482872,True,1.0200766320938461,0.0830896996455589,normal,0.9369869324482872,random_stratified,OK,0.9396068482131912,True,1.0200766320938461,0.0830896996455589,normal,0.9396068482131912,0.002619915764903946,0.031531173852834826,qaoa_vs_random_stratified,qaoa
c06_stress_20250509_diversified,qaoa,OK,0.9635762178653142,True,1.3319992732913546,0.36842305542604037,stress,0.9635762178653142,random_stratified,OK,0.9780859186645012,True,1.3319992732913546,0.36842305542604037,stress,0.9780859186645012,0.014509700799187009,0.03938325950423529,qaoa_vs_random_stratified,qaoa
c07_normal_20240517_banking_concentrated,qaoa,OK,0.9753925994820462,True,1.437835812779654,0.46244321329760785,normal,0.9753925994820462,random_stratified,OK,0.9770708433727454,True,1.437835812779654,0.46244321329760785,normal,0.9770708433727454,0.0016782438906992603,0.0036290810253911485,qaoa_vs_random_stratified,qaoa
c09_stress_20250408_do_not_sell,qaoa,OK,1.0241457098206683,True,1.12069663636448,0.09655092654381137,stress,1.0241457098206683,random_stratified,OK,1.027294247126411,True,1.12069663636448,0.09655092654381137,stress,1.027294247126411,0.0031485373057427157,0.03261012005217808,qaoa_vs_random_stratified,qaoa
c10_normal_20240712_do_not_sell,qaoa,OK,0.8446883449537617,True,0.9188998518268888,0.07421150687312716,normal,0.8446883449537617,random_stratified,OK,0.8473674116891137,True,0.9188998518268888,0.07421150687312716,normal,0.8473674116891137,0.0026790667353520092,0.036100422269179526,qaoa_vs_random_stratified,qaoa
c11_volatile_20240904_liquidity_constrained,qaoa,OK,1.4131074820806448,True,1.57605185568186,0.16294437360121505,volatile,1.4131074820806448,random_stratified,OK,1.4187969931808673,True,1.57605185568186,0.16294437360121505,volatile,1.4187969931808673,0.005689511100222422,0.034916892031797014,qaoa_vs_random_stratified,qaoa
c12_stress_20250509_banking_concentrated,qaoa,OK,0.9440610590020884,True,1.3765942817961214,0.43253322279403306,stress,0.9440610590020884,random_stratified,OK,0.9455931845958974,True,1.3765942817961214,0.43253322279403306,stress,0.9455931845958974,0.0015321255938089973,0.0035422148243594606,qaoa_vs_random_stratified,qaoa
c13_normal_20250401_banking_concentrated,qaoa,OK,0.9030738220551098,True,1.3478989704201498,0.44482514836504006,normal,0.9030738220551098,random_stratified,OK,0.9038190246804114,True,1.3478989704201498,0.44482514836504006,normal,0.9038190246804114,0.0007452026253016442,0.0016752708969819826,qaoa_vs_random_stratified,qaoa
c14_volatile_20241002_high_volatility,qaoa,OK,1.29152063140661,True,1.7945963111226466,0.5030756797160365,volatile,1.29152063140661,random_stratified,OK,1.3104002112066395,True,1.7945963111226466,0.5030756797160365,volatile,1.3104002112066395,0.01887957980002941,0.037528309479571906,qaoa_vs_random_stratified,qaoa
c15_stress_20250408_liquidity_constrained,qaoa,OK,1.0164065462119305,True,1.1095062848658581,0.09309973865392762,stress,1.0164065462119305,random_stratified,OK,1.020670717641861,True,1.1095062848658581,0.09309973865392762,stress,1.020670717641861,0.004264171429930519,0.0458021847492117,qaoa_vs_random_stratified,qaoa
c16_normal_20250612_do_not_sell,qaoa,OK,1.1877491300813416,True,1.2914933031320537,0.10374417305071204,normal,1.1877491300813416,random_stratified,OK,1.1915457084717995,True,1.2914933031320537,0.10374417305071204,normal,1.1915457084717995,0.003796578390457883,0.0365955819861039,qaoa_vs_random_stratified,qaoa
c17_volatile_20241030_liquidity_constrained,qaoa,OK,1.2685391628960696,True,1.4138695206749812,0.14533035777891157,volatile,1.2685391628960696,random_stratified,OK,1.2735498591648011,True,1.4138695206749812,0.14533035777891157,volatile,1.2735498591648011,0.005010696268731518,0.034477973806093555,qaoa_vs_random_stratified,qaoa
c18_stress_20250509_high_volatility,qaoa,OK,1.0241067762242877,True,1.4414685931957862,0.41736181697149877,stress,1.0241067762242877,random_stratified,OK,1.0390982586658033,True,1.4414685931957862,0.41736181697149877,stress,1.0390982586658033,0.014991482441515602,0.0359196309578539,qaoa_vs_random_stratified,qaoa
c19_normal_20250908_banking_concentrated,qaoa,OK,1.024460712707139,True,1.4699682630777366,0.44550755037059764,normal,1.024460712707139,random_stratified,OK,1.0256674373341237,True,1.4699682630777366,0.44550755037059764,normal,1.0256674373341237,0.0012067246269846787,0.002708651348289965,qaoa_vs_random_stratified,qaoa
c20_volatile_20241225_high_volatility,qaoa,OK,1.324201748735865,True,1.826336197921945,0.50213444918608,volatile,1.324201748735865,random_stratified,OK,1.3421251573790367,True,1.826336197921945,0.50213444918608,volatile,1.3421251573790367,0.017923408643171657,0.035694441343795624,qaoa_vs_random_stratified,qaoa
c21_normal_20251103_high_cash,qaoa,OK,0.9081165149173002,True,1.1774175389025114,0.2693010239852113,normal,0.9081165149173002,random_stratified,OK,0.9190920253732796,True,1.1774175389025114,0.2693010239852113,normal,0.9190920253732796,0.010975510455979443,0.040755546687346295,qaoa_vs_random_stratified,qaoa
c22_volatile_20250123_do_not_sell,qaoa,OK,1.2932142071557275,True,1.4552933291804961,0.1620791220247686,volatile,1.2932142071557275,random_stratified,OK,1.29842214822517,True,1.4552933291804961,0.1620791220247686,volatile,1.29842214822517,0.0052079410694425565,0.03213209082318875,qaoa_vs_random_stratified,qaoa
c23_normal_20251229_liquidity_constrained,qaoa,OK,1.042756609012775,False,1.136594331848378,0.07459419673417322,normal,1.136594331848378,random_stratified,OK,1.0728337446743654,True,1.136594331848378,0.07459419673417322,normal,1.0728337446743654,-0.06376058717401256,-0.8547660537351487,qaoa_vs_random_stratified,qaoa
c24_volatile_20250403_diversified,qaoa,OK,1.249128018260874,True,1.6495913864989733,0.40046336823809936,volatile,1.249128018260874,random_stratified,OK,1.2651826735100695,True,1.6495913864989733,0.40046336823809936,volatile,1.2651826735100695,0.016054655249195582,0.040090196813332826,qaoa_vs_random_stratified,qaoa
c25_normal_20260304_banking_concentrated,qaoa,OK,1.0645288012821448,True,1.5174152637603182,0.45288646247817343,normal,1.0645288012821448,random_stratified,OK,1.0652808980648054,True,1.5174152637603182,0.45288646247817343,normal,1.0652808980648054,0.0007520967826606384,0.00166067402091288,qaoa_vs_random_stratified,qaoa
c26_volatile_20260309_high_volatility,qaoa,OK,1.1862461166930276,True,1.6654078136259067,0.47916169693287913,volatile,1.1862461166930276,random_stratified,OK,1.2004957314717832,True,1.6654078136259067,0.47916169693287913,volatile,1.2004957314717832,0.014249614778755637,0.029738634932565823,qaoa_vs_random_stratified,qaoa
c27_normal_20260513_high_cash,qaoa,OK,0.8775637514858152,True,1.1400789939420428,0.2625152424562276,normal,0.8775637514858152,random_stratified,OK,0.8882044657932343,True,1.1400789939420428,0.2625152424562276,normal,0.8882044657932343,0.010640714307419086,0.040533700854316464,qaoa_vs_random_stratified,qaoa
c28_volatile_20260406_do_not_sell,qaoa,OK,1.160956826702228,True,1.2712174343433984,0.1102606076411703,volatile,1.160956826702228,random_stratified,OK,1.164819373967418,True,1.2712174343433984,0.1102606076411703,volatile,1.164819373967418,0.003862547265189864,0.03503107181995634,qaoa_vs_random_stratified,qaoa
c29_normal_20260708_liquidity_constrained,qaoa,OK,1.0459135587994062,True,1.121421659924344,0.07550810112493789,normal,1.0459135587994062,random_stratified,OK,1.0494313330653036,True,1.121421659924344,0.07550810112493789,normal,1.0494313330653036,0.0035177742658973887,0.04658803775341639,qaoa_vs_random_stratified,qaoa
c30_volatile_20260722_diversified,qaoa,OK,1.1758787501110244,True,1.5683403931904203,0.3924616430793959,volatile,1.1758787501110244,random_stratified,OK,1.1916999527317655,True,1.5683403931904203,0.3924616430793959,volatile,1.1916999527317655,0.01582120262074116,0.04031273603351982,qaoa_vs_random_stratified,qaoa
c01_normal_20240110_banking_concentrated,qaoa,OK,1.107099913039845,True,1.5917891454957447,0.4846892324558998,normal,1.107099913039845,boltzmann,OK,1.107099913039845,True,1.5917891454957447,0.4846892324558998,normal,1.107099913039845,0.0,0.0,qaoa_vs_boltzmann,qaoa
c03_stress_20250408_high_cash,qaoa,OK,0.8541364405495258,True,1.1297273177734215,0.27559087722389575,stress,0.8541364405495258,boltzmann,OK,0.8541364405495258,True,1.1297273177734215,0.27559087722389575,stress,0.8541364405495258,0.0,0.0,qaoa_vs_boltzmann,qaoa
c04_normal_20240318_do_not_sell,qaoa,OK,0.9369869324482872,True,1.0200766320938461,0.0830896996455589,normal,0.9369869324482872,boltzmann,OK,0.9369869324482872,True,1.0200766320938461,0.0830896996455589,normal,0.9369869324482872,0.0,0.0,qaoa_vs_boltzmann,qaoa
c06_stress_20250509_diversified,qaoa,OK,0.9635762178653142,True,1.3319992732913546,0.36842305542604037,stress,0.9635762178653142,boltzmann,OK,0.9635762178653142,True,1.3319992732913546,0.36842305542604037,stress,0.9635762178653142,0.0,0.0,qaoa_vs_boltzmann,qaoa
c07_normal_20240517_banking_concentrated,qaoa,OK,0.9753925994820462,True,1.437835812779654,0.46244321329760785,normal,0.9753925994820462,boltzmann,OK,0.9753925994820462,True,1.437835812779654,0.46244321329760785,normal,0.9753925994820462,0.0,0.0,qaoa_vs_boltzmann,qaoa
c09_stress_20250408_do_not_sell,qaoa,OK,1.0241457098206683,True,1.12069663636448,0.09655092654381137,stress,1.0241457098206683,boltzmann,OK,1.0241457098206683,True,1.12069663636448,0.09655092654381137,stress,1.0241457098206683,0.0,0.0,qaoa_vs_boltzmann,qaoa
c10_normal_20240712_do_not_sell,qaoa,OK,0.8446883449537617,True,0.9188998518268888,0.07421150687312716,normal,0.8446883449537617,boltzmann,OK,0.8446883449537617,True,0.9188998518268888,0.07421150687312716,normal,0.8446883449537617,0.0,0.0,qaoa_vs_boltzmann,qaoa
c11_volatile_20240904_liquidity_constrained,qaoa,OK,1.4131074820806448,True,1.57605185568186,0.16294437360121505,volatile,1.4131074820806448,boltzmann,OK,1.4131074820806448,True,1.57605185568186,0.16294437360121505,volatile,1.4131074820806448,0.0,0.0,qaoa_vs_boltzmann,qaoa
c12_stress_20250509_banking_concentrated,qaoa,OK,0.9440610590020884,True,1.3765942817961214,0.43253322279403306,stress,0.9440610590020884,boltzmann,OK,0.9440610590020884,True,1.3765942817961214,0.43253322279403306,stress,0.9440610590020884,0.0,0.0,qaoa_vs_boltzmann,qaoa
c13_normal_20250401_banking_concentrated,qaoa,OK,0.9030738220551098,True,1.3478989704201498,0.44482514836504006,normal,0.9030738220551098,boltzmann,OK,0.9030738220551098,True,1.3478989704201498,0.44482514836504006,normal,0.9030738220551098,0.0,0.0,qaoa_vs_boltzmann,qaoa
c14_volatile_20241002_high_volatility,qaoa,OK,1.29152063140661,True,1.7945963111226466,0.5030756797160365,volatile,1.29152063140661,boltzmann,OK,1.29152063140661,True,1.7945963111226466,0.5030756797160365,volatile,1.29152063140661,0.0,0.0,qaoa_vs_boltzmann,qaoa
c15_stress_20250408_liquidity_constrained,qaoa,OK,1.0164065462119305,True,1.1095062848658581,0.09309973865392762,stress,1.0164065462119305,boltzmann,OK,1.0164065462119305,True,1.1095062848658581,0.09309973865392762,stress,1.0164065462119305,0.0,0.0,qaoa_vs_boltzmann,qaoa
c16_normal_20250612_do_not_sell,qaoa,OK,1.1877491300813416,True,1.2914933031320537,0.10374417305071204,normal,1.1877491300813416,boltzmann,OK,1.1877491300813416,True,1.2914933031320537,0.10374417305071204,normal,1.1877491300813416,0.0,0.0,qaoa_vs_boltzmann,qaoa
c17_volatile_20241030_liquidity_constrained,qaoa,OK,1.2685391628960696,True,1.4138695206749812,0.14533035777891157,volatile,1.2685391628960696,boltzmann,OK,1.2685391628960696,True,1.4138695206749812,0.14533035777891157,volatile,1.2685391628960696,0.0,0.0,qaoa_vs_boltzmann,qaoa
c18_stress_20250509_high_volatility,qaoa,OK,1.0241067762242877,True,1.4414685931957862,0.41736181697149877,stress,1.0241067762242877,boltzmann,OK,1.0241067762242877,True,1.4414685931957862,0.41736181697149877,stress,1.0241067762242877,0.0,0.0,qaoa_vs_boltzmann,qaoa
c19_normal_20250908_banking_concentrated,qaoa,OK,1.024460712707139,True,1.4699682630777366,0.44550755037059764,normal,1.024460712707139,boltzmann,OK,1.024460712707139,True,1.4699682630777366,0.44550755037059764,normal,1.024460712707139,0.0,0.0,qaoa_vs_boltzmann,qaoa
c20_volatile_20241225_high_volatility,qaoa,OK,1.324201748735865,True,1.826336197921945,0.50213444918608,volatile,1.324201748735865,boltzmann,OK,1.324201748735865,True,1.826336197921945,0.50213444918608,volatile,1.324201748735865,0.0,0.0,qaoa_vs_boltzmann,qaoa
c21_normal_20251103_high_cash,qaoa,OK,0.9081165149173002,True,1.1774175389025114,0.2693010239852113,normal,0.9081165149173002,boltzmann,OK,0.9081165149173002,True,1.1774175389025114,0.2693010239852113,normal,0.9081165149173002,0.0,0.0,qaoa_vs_boltzmann,qaoa
c22_volatile_20250123_do_not_sell,qaoa,OK,1.2932142071557275,True,1.4552933291804961,0.1620791220247686,volatile,1.2932142071557275,boltzmann,OK,1.2932142071557275,True,1.4552933291804961,0.1620791220247686,volatile,1.2932142071557275,0.0,0.0,qaoa_vs_boltzmann,qaoa
c23_normal_20251229_liquidity_constrained,qaoa,OK,1.042756609012775,False,1.136594331848378,0.07459419673417322,normal,1.136594331848378,boltzmann,OK,1.0673426181938384,True,1.136594331848378,0.07459419673417322,normal,1.0673426181938384,-0.06925171365453964,-0.9283793738181502,qaoa_vs_boltzmann,qaoa
c24_volatile_20250403_diversified,qaoa,OK,1.249128018260874,True,1.6495913864989733,0.40046336823809936,volatile,1.249128018260874,boltzmann,OK,1.249128018260874,True,1.6495913864989733,0.40046336823809936,volatile,1.249128018260874,0.0,0.0,qaoa_vs_boltzmann,qaoa
c25_normal_20260304_banking_concentrated,qaoa,OK,1.0645288012821448,True,1.5174152637603182,0.45288646247817343,normal,1.0645288012821448,boltzmann,OK,1.0645288012821448,True,1.5174152637603182,0.45288646247817343,normal,1.0645288012821448,0.0,0.0,qaoa_vs_boltzmann,qaoa
c26_volatile_20260309_high_volatility,qaoa,OK,1.1862461166930276,True,1.6654078136259067,0.47916169693287913,volatile,1.1862461166930276,boltzmann,OK,1.1862461166930276,True,1.6654078136259067,0.47916169693287913,volatile,1.1862461166930276,0.0,0.0,qaoa_vs_boltzmann,qaoa
c27_normal_20260513_high_cash,qaoa,OK,0.8775637514858152,True,1.1400789939420428,0.2625152424562276,normal,0.8775637514858152,boltzmann,OK,0.8775637514858152,True,1.1400789939420428,0.2625152424562276,normal,0.8775637514858152,0.0,0.0,qaoa_vs_boltzmann,qaoa
c28_volatile_20260406_do_not_sell,qaoa,OK,1.160956826702228,True,1.2712174343433984,0.1102606076411703,volatile,1.160956826702228,boltzmann,OK,1.160956826702228,True,1.2712174343433984,0.1102606076411703,volatile,1.160956826702228,0.0,0.0,qaoa_vs_boltzmann,qaoa
c29_normal_20260708_liquidity_constrained,qaoa,OK,1.0459135587994062,True,1.121421659924344,0.07550810112493789,normal,1.0459135587994062,boltzmann,OK,1.0459135587994062,True,1.121421659924344,0.07550810112493789,normal,1.0459135587994062,0.0,0.0,qaoa_vs_boltzmann,qaoa
c30_volatile_20260722_diversified,qaoa,OK,1.1758787501110244,True,1.5683403931904203,0.3924616430793959,volatile,1.1758787501110244,boltzmann,OK,1.1758787501110244,True,1.5683403931904203,0.3924616430793959,volatile,1.1758787501110244,0.0,0.0,qaoa_vs_boltzmann,qaoa
c01_normal_20240110_banking_concentrated,qaoa,OK,1.107099913039845,True,1.5917891454957447,0.4846892324558998,normal,1.107099913039845,classical_true_compute,OK,1.107099913039845,True,1.5917891454957447,0.4846892324558998,normal,1.107099913039845,0.0,0.0,qaoa_vs_classical_true_compute,qaoa
c03_stress_20250408_high_cash,qaoa,OK,0.8541364405495258,True,1.1297273177734215,0.27559087722389575,stress,0.8541364405495258,classical_true_compute,OK,0.8541364405495258,True,1.1297273177734215,0.27559087722389575,stress,0.8541364405495258,0.0,0.0,qaoa_vs_classical_true_compute,qaoa
c04_normal_20240318_do_not_sell,qaoa,OK,0.9369869324482872,True,1.0200766320938461,0.0830896996455589,normal,0.9369869324482872,classical_true_compute,OK,0.9369869324482872,True,1.0200766320938461,0.0830896996455589,normal,0.9369869324482872,0.0,0.0,qaoa_vs_classical_true_compute,qaoa
c06_stress_20250509_diversified,qaoa,OK,0.9635762178653142,True,1.3319992732913546,0.36842305542604037,stress,0.9635762178653142,classical_true_compute,OK,0.9635762178653142,True,1.3319992732913546,0.36842305542604037,stress,0.9635762178653142,0.0,0.0,qaoa_vs_classical_true_compute,qaoa
c07_normal_20240517_banking_concentrated,qaoa,OK,0.9753925994820462,True,1.437835812779654,0.46244321329760785,normal,0.9753925994820462,classical_true_compute,OK,0.9753925994820462,True,1.437835812779654,0.46244321329760785,normal,0.9753925994820462,0.0,0.0,qaoa_vs_classical_true_compute,qaoa
c09_stress_20250408_do_not_sell,qaoa,OK,1.0241457098206683,True,1.12069663636448,0.09655092654381137,stress,1.0241457098206683,classical_true_compute,OK,1.0241457098206683,True,1.12069663636448,0.09655092654381137,stress,1.0241457098206683,0.0,0.0,qaoa_vs_classical_true_compute,qaoa
c10_normal_20240712_do_not_sell,qaoa,OK,0.8446883449537617,True,0.9188998518268888,0.07421150687312716,normal,0.8446883449537617,classical_true_compute,OK,0.8446883449537617,True,0.9188998518268888,0.07421150687312716,normal,0.8446883449537617,0.0,0.0,qaoa_vs_classical_true_compute,qaoa
c11_volatile_20240904_liquidity_constrained,qaoa,OK,1.4131074820806448,True,1.57605185568186,0.16294437360121505,volatile,1.4131074820806448,classical_true_compute,OK,1.4131074820806448,True,1.57605185568186,0.16294437360121505,volatile,1.4131074820806448,0.0,0.0,qaoa_vs_classical_true_compute,qaoa
c12_stress_20250509_banking_concentrated,qaoa,OK,0.9440610590020884,True,1.3765942817961214,0.43253322279403306,stress,0.9440610590020884,classical_true_compute,OK,0.9440610590020884,True,1.3765942817961214,0.43253322279403306,stress,0.9440610590020884,0.0,0.0,qaoa_vs_classical_true_compute,qaoa
c13_normal_20250401_banking_concentrated,qaoa,OK,0.9030738220551098,True,1.3478989704201498,0.44482514836504006,normal,0.9030738220551098,classical_true_compute,OK,0.9030738220551098,True,1.3478989704201498,0.44482514836504006,normal,0.9030738220551098,0.0,0.0,qaoa_vs_classical_true_compute,qaoa
c14_volatile_20241002_high_volatility,qaoa,OK,1.29152063140661,True,1.7945963111226466,0.5030756797160365,volatile,1.29152063140661,classical_true_compute,OK,1.29152063140661,True,1.7945963111226466,0.5030756797160365,volatile,1.29152063140661,0.0,0.0,qaoa_vs_classical_true_compute,qaoa
c15_stress_20250408_liquidity_constrained,qaoa,OK,1.0164065462119305,True,1.1095062848658581,0.09309973865392762,stress,1.0164065462119305,classical_true_compute,OK,1.0164065462119305,True,1.1095062848658581,0.09309973865392762,stress,1.0164065462119305,0.0,0.0,qaoa_vs_classical_true_compute,qaoa
c16_normal_20250612_do_not_sell,qaoa,OK,1.1877491300813416,True,1.2914933031320537,0.10374417305071204,normal,1.1877491300813416,classical_true_compute,OK,1.1877491300813416,True,1.2914933031320537,0.10374417305071204,normal,1.1877491300813416,0.0,0.0,qaoa_vs_classical_true_compute,qaoa
c17_volatile_20241030_liquidity_constrained,qaoa,OK,1.2685391628960696,True,1.4138695206749812,0.14533035777891157,volatile,1.2685391628960696,classical_true_compute,OK,1.2685391628960696,True,1.4138695206749812,0.14533035777891157,volatile,1.2685391628960696,0.0,0.0,qaoa_vs_classical_true_compute,qaoa
c18_stress_20250509_high_volatility,qaoa,OK,1.0241067762242877,True,1.4414685931957862,0.41736181697149877,stress,1.0241067762242877,classical_true_compute,OK,1.0241067762242877,True,1.4414685931957862,0.41736181697149877,stress,1.0241067762242877,0.0,0.0,qaoa_vs_classical_true_compute,qaoa
c19_normal_20250908_banking_concentrated,qaoa,OK,1.024460712707139,True,1.4699682630777366,0.44550755037059764,normal,1.024460712707139,classical_true_compute,OK,1.024460712707139,True,1.4699682630777366,0.44550755037059764,normal,1.024460712707139,0.0,0.0,qaoa_vs_classical_true_compute,qaoa
c20_volatile_20241225_high_volatility,qaoa,OK,1.324201748735865,True,1.826336197921945,0.50213444918608,volatile,1.324201748735865,classical_true_compute,OK,1.324201748735865,True,1.826336197921945,0.50213444918608,volatile,1.324201748735865,0.0,0.0,qaoa_vs_classical_true_compute,qaoa
c21_normal_20251103_high_cash,qaoa,OK,0.9081165149173002,True,1.1774175389025114,0.2693010239852113,normal,0.9081165149173002,classical_true_compute,OK,0.9081165149173002,True,1.1774175389025114,0.2693010239852113,normal,0.9081165149173002,0.0,0.0,qaoa_vs_classical_true_compute,qaoa
c22_volatile_20250123_do_not_sell,qaoa,OK,1.2932142071557275,True,1.4552933291804961,0.1620791220247686,volatile,1.2932142071557275,classical_true_compute,OK,1.2932142071557275,True,1.4552933291804961,0.1620791220247686,volatile,1.2932142071557275,0.0,0.0,qaoa_vs_classical_true_compute,qaoa
c23_normal_20251229_liquidity_constrained,qaoa,OK,1.042756609012775,False,1.136594331848378,0.07459419673417322,normal,1.136594331848378,classical_true_compute,OK,1.0620001351142048,True,1.136594331848378,0.07459419673417322,normal,1.0620001351142048,-0.07459419673417322,-1.0,qaoa_vs_classical_true_compute,qaoa
c24_volatile_20250403_diversified,qaoa,OK,1.249128018260874,True,1.6495913864989733,0.40046336823809936,volatile,1.249128018260874,classical_true_compute,OK,1.249128018260874,True,1.6495913864989733,0.40046336823809936,volatile,1.249128018260874,0.0,0.0,qaoa_vs_classical_true_compute,qaoa
c25_normal_20260304_banking_concentrated,qaoa,OK,1.0645288012821448,True,1.5174152637603182,0.45288646247817343,normal,1.0645288012821448,classical_true_compute,OK,1.0645288012821448,True,1.5174152637603182,0.45288646247817343,normal,1.0645288012821448,0.0,0.0,qaoa_vs_classical_true_compute,qaoa
c26_volatile_20260309_high_volatility,qaoa,OK,1.1862461166930276,True,1.6654078136259067,0.47916169693287913,volatile,1.1862461166930276,classical_true_compute,OK,1.1862461166930276,True,1.6654078136259067,0.47916169693287913,volatile,1.1862461166930276,0.0,0.0,qaoa_vs_classical_true_compute,qaoa
c27_normal_20260513_high_cash,qaoa,OK,0.8775637514858152,True,1.1400789939420428,0.2625152424562276,normal,0.8775637514858152,classical_true_compute,OK,0.8775637514858152,True,1.1400789939420428,0.2625152424562276,normal,0.8775637514858152,0.0,0.0,qaoa_vs_classical_true_compute,qaoa
c28_volatile_20260406_do_not_sell,qaoa,OK,1.160956826702228,True,1.2712174343433984,0.1102606076411703,volatile,1.160956826702228,classical_true_compute,OK,1.160956826702228,True,1.2712174343433984,0.1102606076411703,volatile,1.160956826702228,0.0,0.0,qaoa_vs_classical_true_compute,qaoa
c29_normal_20260708_liquidity_constrained,qaoa,OK,1.0459135587994062,True,1.121421659924344,0.07550810112493789,normal,1.0459135587994062,classical_true_compute,OK,1.0459135587994062,True,1.121421659924344,0.07550810112493789,normal,1.0459135587994062,0.0,0.0,qaoa_vs_classical_true_compute,qaoa
c30_volatile_20260722_diversified,qaoa,OK,1.1758787501110244,True,1.5683403931904203,0.3924616430793959,volatile,1.1758787501110244,classical_true_compute,OK,1.1758787501110244,True,1.5683403931904203,0.3924616430793959,volatile,1.1758787501110244,0.0,0.0,qaoa_vs_classical_true_compute,qaoa
c01_normal_20240110_banking_concentrated,qaoa,OK,1.107099913039845,True,1.5917891454957447,0.4846892324558998,normal,1.107099913039845,random_uniform_compute,OK,1.107151752282225,True,1.5917891454957447,0.4846892324558998,normal,1.107151752282225,5.183924238005844e-05,0.0001069535671700219,qaoa_vs_random_uniform_compute,qaoa
c03_stress_20250408_high_cash,qaoa,OK,0.8541364405495258,True,1.1297273177734215,0.27559087722389575,stress,0.8541364405495258,random_uniform_compute,OK,0.8593336769636095,True,1.1297273177734215,0.27559087722389575,stress,0.8593336769636095,0.005197236414083761,0.01885852124873284,qaoa_vs_random_uniform_compute,qaoa
c04_normal_20240318_do_not_sell,qaoa,OK,0.9369869324482872,True,1.0200766320938461,0.0830896996455589,normal,0.9369869324482872,random_uniform_compute,OK,0.9382578747505752,True,1.0200766320938461,0.0830896996455589,normal,0.9382578747505752,0.0012709423022879696,0.015296027157511825,qaoa_vs_random_uniform_compute,qaoa
c06_stress_20250509_diversified,qaoa,OK,0.9635762178653142,True,1.3319992732913546,0.36842305542604037,stress,0.9635762178653142,random_uniform_compute,OK,0.9707670209591034,True,1.3319992732913546,0.36842305542604037,stress,0.9707670209591034,0.0071908030937891665,0.01951778800996534,qaoa_vs_random_uniform_compute,qaoa
c07_normal_20240517_banking_concentrated,qaoa,OK,0.9753925994820462,True,1.437835812779654,0.46244321329760785,normal,0.9753925994820462,random_uniform_compute,OK,0.9759038880519144,True,1.437835812779654,0.46244321329760785,normal,0.9759038880519144,0.0005112885698682623,0.0011056245505742125,qaoa_vs_random_uniform_compute,qaoa
c09_stress_20250408_do_not_sell,qaoa,OK,1.0241457098206683,True,1.12069663636448,0.09655092654381137,stress,1.0241457098206683,random_uniform_compute,OK,1.0253018178048254,True,1.12069663636448,0.09655092654381137,stress,1.0253018178048254,0.0011561079841571065,0.011974074465587918,qaoa_vs_random_uniform_compute,qaoa
c10_normal_20240712_do_not_sell,qaoa,OK,0.8446883449537617,True,0.9188998518268888,0.07421150687312716,normal,0.8446883449537617,random_uniform_compute,OK,0.8458629396495445,True,0.9188998518268888,0.07421150687312716,normal,0.8458629396495445,0.001174594695782849,0.015827662653326115,qaoa_vs_random_uniform_compute,qaoa
c11_volatile_20240904_liquidity_constrained,qaoa,OK,1.4131074820806448,True,1.57605185568186,0.16294437360121505,volatile,1.4131074820806448,random_uniform_compute,OK,1.4159288926045348,True,1.57605185568186,0.16294437360121505,volatile,1.4159288926045348,0.0028214105238899556,0.017315176102950244,qaoa_vs_random_uniform_compute,qaoa
c12_stress_20250509_banking_concentrated,qaoa,OK,0.9440610590020884,True,1.3765942817961214,0.43253322279403306,stress,0.9440610590020884,random_uniform_compute,OK,0.944707090244045,True,1.3765942817961214,0.43253322279403306,stress,0.944707090244045,0.0006460312419566128,0.0014935991223597748,qaoa_vs_random_uniform_compute,qaoa
c13_normal_20250401_banking_concentrated,qaoa,OK,0.9030738220551098,True,1.3478989704201498,0.44482514836504006,normal,0.9030738220551098,random_uniform_compute,OK,0.9030738220551098,True,1.3478989704201498,0.44482514836504006,normal,0.9030738220551098,0.0,0.0,qaoa_vs_random_uniform_compute,qaoa
c14_volatile_20241002_high_volatility,qaoa,OK,1.29152063140661,True,1.7945963111226466,0.5030756797160365,volatile,1.29152063140661,random_uniform_compute,OK,1.3001057445702595,True,1.7945963111226466,0.5030756797160365,volatile,1.3001057445702595,0.008585113163649405,0.017065251829496735,qaoa_vs_random_uniform_compute,qaoa
c15_stress_20250408_liquidity_constrained,qaoa,OK,1.0164065462119305,True,1.1095062848658581,0.09309973865392762,stress,1.0164065462119305,random_uniform_compute,OK,1.0164065462119305,True,1.1095062848658581,0.09309973865392762,stress,1.0164065462119305,0.0,0.0,qaoa_vs_random_uniform_compute,qaoa
c16_normal_20250612_do_not_sell,qaoa,OK,1.1877491300813416,True,1.2914933031320537,0.10374417305071204,normal,1.1877491300813416,random_uniform_compute,OK,1.1895649547035858,True,1.2914933031320537,0.10374417305071204,normal,1.1895649547035858,0.0018158246222441665,0.017502907092011407,qaoa_vs_random_uniform_compute,qaoa
c17_volatile_20241030_liquidity_constrained,qaoa,OK,1.2685391628960696,True,1.4138695206749812,0.14533035777891157,volatile,1.2685391628960696,random_uniform_compute,OK,1.270942699573442,True,1.4138695206749812,0.14533035777891157,volatile,1.270942699573442,0.0024035366773724753,0.016538435011829614,qaoa_vs_random_uniform_compute,qaoa
c18_stress_20250509_high_volatility,qaoa,OK,1.0241067762242877,True,1.4414685931957862,0.41736181697149877,stress,1.0241067762242877,random_uniform_compute,OK,1.0314170046742877,True,1.4414685931957862,0.41736181697149877,stress,1.0314170046742877,0.007310228449999956,0.017515326397237636,qaoa_vs_random_uniform_compute,qaoa
c19_normal_20250908_banking_concentrated,qaoa,OK,1.024460712707139,True,1.4699682630777366,0.44550755037059764,normal,1.024460712707139,random_uniform_compute,OK,1.0247878887762194,True,1.4699682630777366,0.44550755037059764,normal,1.0247878887762194,0.00032717606908039265,0.0007343895043040901,qaoa_vs_random_uniform_compute,qaoa
c20_volatile_20241225_high_volatility,qaoa,OK,1.324201748735865,True,1.826336197921945,0.50213444918608,volatile,1.324201748735865,random_uniform_compute,OK,1.3321796072965488,True,1.826336197921945,0.50213444918608,volatile,1.3321796072965488,0.007977858560683782,0.01588789331943916,qaoa_vs_random_uniform_compute,qaoa
c21_normal_20251103_high_cash,qaoa,OK,0.9081165149173002,True,1.1774175389025114,0.2693010239852113,normal,0.9081165149173002,random_uniform_compute,OK,0.913512462080781,True,1.1774175389025114,0.2693010239852113,normal,0.913512462080781,0.0053959471634807965,0.020036860921023147,qaoa_vs_random_uniform_compute,qaoa
c22_volatile_20250123_do_not_sell,qaoa,OK,1.2932142071557275,True,1.4552933291804961,0.1620791220247686,volatile,1.2932142071557275,random_uniform_compute,OK,1.295570250051761,True,1.4552933291804961,0.1620791220247686,volatile,1.295570250051761,0.0023560428960334168,0.014536374991427774,qaoa_vs_random_uniform_compute,qaoa
c23_normal_20251229_liquidity_constrained,qaoa,OK,1.042756609012775,False,1.136594331848378,0.07459419673417322,normal,1.136594331848378,random_uniform_compute,OK,1.0620001351142048,True,1.136594331848378,0.07459419673417322,normal,1.0620001351142048,-0.07459419673417322,-1.0,qaoa_vs_random_uniform_compute,qaoa
c24_volatile_20250403_diversified,qaoa,OK,1.249128018260874,True,1.6495913864989733,0.40046336823809936,volatile,1.249128018260874,random_uniform_compute,OK,1.2570244504278143,True,1.6495913864989733,0.40046336823809936,volatile,1.2570244504278143,0.00789643216694036,0.019718238403881823,qaoa_vs_random_uniform_compute,qaoa
c25_normal_20260304_banking_concentrated,qaoa,OK,1.0645288012821448,True,1.5174152637603182,0.45288646247817343,normal,1.0645288012821448,random_uniform_compute,OK,1.0645517219891156,True,1.5174152637603182,0.45288646247817343,normal,1.0645517219891156,2.2920706970852578e-05,5.061027182272472e-05,qaoa_vs_random_uniform_compute,qaoa
c26_volatile_20260309_high_volatility,qaoa,OK,1.1862461166930276,True,1.6654078136259067,0.47916169693287913,volatile,1.1862461166930276,random_uniform_compute,OK,1.193097171034869,True,1.6654078136259067,0.47916169693287913,volatile,1.193097171034869,0.006851054341841412,0.014298000832902773,qaoa_vs_random_uniform_compute,qaoa
c27_normal_20260513_high_cash,qaoa,OK,0.8775637514858152,True,1.1400789939420428,0.2625152424562276,normal,0.8775637514858152,random_uniform_compute,OK,0.8828032253584337,True,1.1400789939420428,0.2625152424562276,normal,0.8828032253584337,0.005239473872618472,0.019958741532854474,qaoa_vs_random_uniform_compute,qaoa
c28_volatile_20260406_do_not_sell,qaoa,OK,1.160956826702228,True,1.2712174343433984,0.1102606076411703,volatile,1.160956826702228,random_uniform_compute,OK,1.1627685030112258,True,1.2712174343433984,0.1102606076411703,volatile,1.1627685030112258,0.0018116763089977006,0.016430857291242038,qaoa_vs_random_uniform_compute,qaoa
c29_normal_20260708_liquidity_constrained,qaoa,OK,1.0459135587994062,True,1.121421659924344,0.07550810112493789,normal,1.0459135587994062,random_uniform_compute,OK,1.047508119322342,True,1.121421659924344,0.07550810112493789,normal,1.047508119322342,0.0015945605229357174,0.021117740999701626,qaoa_vs_random_uniform_compute,qaoa
c30_volatile_20260722_diversified,qaoa,OK,1.1758787501110244,True,1.5683403931904203,0.3924616430793959,volatile,1.1758787501110244,random_uniform_compute,OK,1.1837496821963651,True,1.5683403931904203,0.3924616430793959,volatile,1.1837496821963651,0.007870932085340732,0.020055290049704102,qaoa_vs_random_uniform_compute,qaoa
c01_normal_20240110_banking_concentrated,qaoa_transfer,OK,1.1072035915246048,True,1.5917891454957447,0.4846892324558998,normal,1.1072035915246048,classical_true,OK,1.107572140261412,True,1.5917891454957447,0.4846892324558998,normal,1.107572140261412,0.0003685487368072504,0.0007603815231046698,qaoa_transfer_vs_classical_true,qaoa_transfer
c03_stress_20250408_high_cash,qaoa_transfer,OK,0.8541364405495258,True,1.1297273177734215,0.27559087722389575,stress,0.8541364405495258,classical_true,OK,0.8541364405495258,True,1.1297273177734215,0.27559087722389575,stress,0.8541364405495258,0.0,0.0,qaoa_transfer_vs_classical_true,qaoa_transfer
c04_normal_20240318_do_not_sell,qaoa_transfer,OK,0.9369869324482872,True,1.0200766320938461,0.0830896996455589,normal,0.9369869324482872,classical_true,OK,0.9369869324482872,True,1.0200766320938461,0.0830896996455589,normal,0.9369869324482872,0.0,0.0,qaoa_transfer_vs_classical_true,qaoa_transfer
c06_stress_20250509_diversified,qaoa_transfer,OK,0.9635762178653142,True,1.3319992732913546,0.36842305542604037,stress,0.9635762178653142,classical_true,OK,0.9635762178653142,True,1.3319992732913546,0.36842305542604037,stress,0.9635762178653142,0.0,0.0,qaoa_transfer_vs_classical_true,qaoa_transfer
c07_normal_20240517_banking_concentrated,qaoa_transfer,OK,0.9753925994820462,True,1.437835812779654,0.46244321329760785,normal,0.9753925994820462,classical_true,OK,0.9759650862406294,True,1.437835812779654,0.46244321329760785,normal,0.9759650862406294,0.0005724867585832349,0.001237961207173794,qaoa_transfer_vs_classical_true,qaoa_transfer
c09_stress_20250408_do_not_sell,qaoa_transfer,OK,1.0241457098206683,True,1.12069663636448,0.09655092654381137,stress,1.0241457098206683,classical_true,OK,1.0241457098206683,True,1.12069663636448,0.09655092654381137,stress,1.0241457098206683,0.0,0.0,qaoa_transfer_vs_classical_true,qaoa_transfer
c10_normal_20240712_do_not_sell,qaoa_transfer,OK,0.8446883449537617,True,0.9188998518268888,0.07421150687312716,normal,0.8446883449537617,classical_true,OK,0.8446883449537617,True,0.9188998518268888,0.07421150687312716,normal,0.8446883449537617,0.0,0.0,qaoa_transfer_vs_classical_true,qaoa_transfer
c11_volatile_20240904_liquidity_constrained,qaoa_transfer,OK,1.4131074820806448,True,1.57605185568186,0.16294437360121505,volatile,1.4131074820806448,classical_true,OK,1.4131074820806448,True,1.57605185568186,0.16294437360121505,volatile,1.4131074820806448,0.0,0.0,qaoa_transfer_vs_classical_true,qaoa_transfer
c12_stress_20250509_banking_concentrated,qaoa_transfer,OK,0.9440610590020884,True,1.3765942817961214,0.43253322279403306,stress,0.9440610590020884,classical_true,OK,0.9448648371741682,True,1.3765942817961214,0.43253322279403306,stress,0.9448648371741682,0.0008037781720798831,0.0018583038937164656,qaoa_transfer_vs_classical_true,qaoa_transfer
c13_normal_20250401_banking_concentrated,qaoa_transfer,SHORTFALL,0.9032012191317376,True,1.3478989704201498,0.44482514836504006,normal,0.9032012191317376,classical_true,OK,0.9032396976675422,True,1.3478989704201498,0.44482514836504006,normal,0.9032396976675422,3.847853580463134e-05,8.650260882519715e-05,qaoa_transfer_vs_classical_true,qaoa_transfer
c14_volatile_20241002_high_volatility,qaoa_transfer,OK,1.29152063140661,True,1.7945963111226466,0.5030756797160365,volatile,1.29152063140661,classical_true,OK,1.29152063140661,True,1.7945963111226466,0.5030756797160365,volatile,1.29152063140661,0.0,0.0,qaoa_transfer_vs_classical_true,qaoa_transfer
c15_stress_20250408_liquidity_constrained,qaoa_transfer,OK,1.0164065462119305,True,1.1095062848658581,0.09309973865392762,stress,1.0164065462119305,classical_true,OK,1.0164065462119305,True,1.1095062848658581,0.09309973865392762,stress,1.0164065462119305,0.0,0.0,qaoa_transfer_vs_classical_true,qaoa_transfer
c16_normal_20250612_do_not_sell,qaoa_transfer,OK,1.1877491300813416,True,1.2914933031320537,0.10374417305071204,normal,1.1877491300813416,classical_true,OK,1.1877491300813416,True,1.2914933031320537,0.10374417305071204,normal,1.1877491300813416,0.0,0.0,qaoa_transfer_vs_classical_true,qaoa_transfer
c17_volatile_20241030_liquidity_constrained,qaoa_transfer,OK,1.2685391628960696,True,1.4138695206749812,0.14533035777891157,volatile,1.2685391628960696,classical_true,OK,1.2685391628960696,True,1.4138695206749812,0.14533035777891157,volatile,1.2685391628960696,0.0,0.0,qaoa_transfer_vs_classical_true,qaoa_transfer
c18_stress_20250509_high_volatility,qaoa_transfer,OK,1.0241067762242877,True,1.4414685931957862,0.41736181697149877,stress,1.0241067762242877,classical_true,OK,1.0241067762242877,True,1.4414685931957862,0.41736181697149877,stress,1.0241067762242877,0.0,0.0,qaoa_transfer_vs_classical_true,qaoa_transfer
c19_normal_20250908_banking_concentrated,qaoa_transfer,SHORTFALL,1.0247878887762194,True,1.4699682630777366,0.44550755037059764,normal,1.0247878887762194,classical_true,OK,1.0251422135265202,True,1.4699682630777366,0.44550755037059764,normal,1.0251422135265202,0.00035432475030083843,0.0007953282722281399,qaoa_transfer_vs_classical_true,qaoa_transfer
c20_volatile_20241225_high_volatility,qaoa_transfer,OK,1.324201748735865,True,1.826336197921945,0.50213444918608,volatile,1.324201748735865,classical_true,OK,1.324201748735865,True,1.826336197921945,0.50213444918608,volatile,1.324201748735865,0.0,0.0,qaoa_transfer_vs_classical_true,qaoa_transfer
c21_normal_20251103_high_cash,qaoa_transfer,SHORTFALL,0.9081165149173002,True,1.1774175389025114,0.2693010239852113,normal,0.9081165149173002,classical_true,OK,0.9081165149173002,True,1.1774175389025114,0.2693010239852113,normal,0.9081165149173002,0.0,0.0,qaoa_transfer_vs_classical_true,qaoa_transfer
c22_volatile_20250123_do_not_sell,qaoa_transfer,OK,1.2932142071557275,True,1.4552933291804961,0.1620791220247686,volatile,1.2932142071557275,classical_true,OK,1.2932142071557275,True,1.4552933291804961,0.1620791220247686,volatile,1.2932142071557275,0.0,0.0,qaoa_transfer_vs_classical_true,qaoa_transfer
c23_normal_20251229_liquidity_constrained,qaoa_transfer,OK,1.042756609012775,False,1.136594331848378,0.07459419673417322,normal,1.136594331848378,classical_true,OK,1.0620001351142048,True,1.136594331848378,0.07459419673417322,normal,1.0620001351142048,-0.07459419673417322,-1.0,qaoa_transfer_vs_classical_true,qaoa_transfer
c24_volatile_20250403_diversified,qaoa_transfer,SHORTFALL,1.249128018260874,True,1.6495913864989733,0.40046336823809936,volatile,1.249128018260874,classical_true,OK,1.249128018260874,True,1.6495913864989733,0.40046336823809936,volatile,1.249128018260874,0.0,0.0,qaoa_transfer_vs_classical_true,qaoa_transfer
c25_normal_20260304_banking_concentrated,qaoa_transfer,SHORTFALL,1.0646355166414536,True,1.5174152637603182,0.45288646247817343,normal,1.0646355166414536,classical_true,OK,1.0645517219891156,True,1.5174152637603182,0.45288646247817343,normal,1.0645517219891156,-8.379465233798733e-05,-0.00018502353079724866,qaoa_transfer_vs_classical_true,qaoa_transfer
c26_volatile_20260309_high_volatility,qaoa_transfer,OK,1.1862461166930276,True,1.6654078136259067,0.47916169693287913,volatile,1.1862461166930276,classical_true,OK,1.1862461166930276,True,1.6654078136259067,0.47916169693287913,volatile,1.1862461166930276,0.0,0.0,qaoa_transfer_vs_classical_true,qaoa_transfer
c27_normal_20260513_high_cash,qaoa_transfer,SHORTFALL,0.8775637514858152,True,1.1400789939420428,0.2625152424562276,normal,0.8775637514858152,classical_true,OK,0.8775637514858152,True,1.1400789939420428,0.2625152424562276,normal,0.8775637514858152,0.0,0.0,qaoa_transfer_vs_classical_true,qaoa_transfer
c28_volatile_20260406_do_not_sell,qaoa_transfer,OK,1.160956826702228,True,1.2712174343433984,0.1102606076411703,volatile,1.160956826702228,classical_true,OK,1.160956826702228,True,1.2712174343433984,0.1102606076411703,volatile,1.160956826702228,0.0,0.0,qaoa_transfer_vs_classical_true,qaoa_transfer
c29_normal_20260708_liquidity_constrained,qaoa_transfer,OK,1.0459135587994062,True,1.121421659924344,0.07550810112493789,normal,1.0459135587994062,classical_true,OK,1.0459135587994062,True,1.121421659924344,0.07550810112493789,normal,1.0459135587994062,0.0,0.0,qaoa_transfer_vs_classical_true,qaoa_transfer
c30_volatile_20260722_diversified,qaoa_transfer,SHORTFALL,1.1758787501110244,True,1.5683403931904203,0.3924616430793959,volatile,1.1758787501110244,classical_true,OK,1.1758787501110244,True,1.5683403931904203,0.3924616430793959,volatile,1.1758787501110244,0.0,0.0,qaoa_transfer_vs_classical_true,qaoa_transfer
c01_normal_20240110_banking_concentrated,qaoa_transfer,OK,1.1072035915246048,True,1.5917891454957447,0.4846892324558998,normal,1.1072035915246048,classical_surrogate,OK,1.1075531958084952,True,1.5917891454957447,0.4846892324558998,normal,1.1075531958084952,0.00034960428389041454,0.0007212957509268041,qaoa_transfer_vs_classical_surrogate,qaoa_transfer
c03_stress_20250408_high_cash,qaoa_transfer,OK,0.8541364405495258,True,1.1297273177734215,0.27559087722389575,stress,0.8541364405495258,classical_surrogate,OK,0.8541364405495258,True,1.1297273177734215,0.27559087722389575,stress,0.8541364405495258,0.0,0.0,qaoa_transfer_vs_classical_surrogate,qaoa_transfer
c04_normal_20240318_do_not_sell,qaoa_transfer,OK,0.9369869324482872,True,1.0200766320938461,0.0830896996455589,normal,0.9369869324482872,classical_surrogate,OK,0.9369869324482872,True,1.0200766320938461,0.0830896996455589,normal,0.9369869324482872,0.0,0.0,qaoa_transfer_vs_classical_surrogate,qaoa_transfer
c06_stress_20250509_diversified,qaoa_transfer,OK,0.9635762178653142,True,1.3319992732913546,0.36842305542604037,stress,0.9635762178653142,classical_surrogate,OK,0.9635762178653142,True,1.3319992732913546,0.36842305542604037,stress,0.9635762178653142,0.0,0.0,qaoa_transfer_vs_classical_surrogate,qaoa_transfer
c07_normal_20240517_banking_concentrated,qaoa_transfer,OK,0.9753925994820462,True,1.437835812779654,0.46244321329760785,normal,0.9753925994820462,classical_surrogate,OK,0.9764940650169796,True,1.437835812779654,0.46244321329760785,normal,0.9764940650169796,0.001101465534933399,0.002381839549723362,qaoa_transfer_vs_classical_surrogate,qaoa_transfer
c09_stress_20250408_do_not_sell,qaoa_transfer,OK,1.0241457098206683,True,1.12069663636448,0.09655092654381137,stress,1.0241457098206683,classical_surrogate,OK,1.0241457098206683,True,1.12069663636448,0.09655092654381137,stress,1.0241457098206683,0.0,0.0,qaoa_transfer_vs_classical_surrogate,qaoa_transfer
c10_normal_20240712_do_not_sell,qaoa_transfer,OK,0.8446883449537617,True,0.9188998518268888,0.07421150687312716,normal,0.8446883449537617,classical_surrogate,OK,0.8446883449537617,True,0.9188998518268888,0.07421150687312716,normal,0.8446883449537617,0.0,0.0,qaoa_transfer_vs_classical_surrogate,qaoa_transfer
c11_volatile_20240904_liquidity_constrained,qaoa_transfer,OK,1.4131074820806448,True,1.57605185568186,0.16294437360121505,volatile,1.4131074820806448,classical_surrogate,OK,1.4131074820806448,True,1.57605185568186,0.16294437360121505,volatile,1.4131074820806448,0.0,0.0,qaoa_transfer_vs_classical_surrogate,qaoa_transfer
c12_stress_20250509_banking_concentrated,qaoa_transfer,OK,0.9440610590020884,True,1.3765942817961214,0.43253322279403306,stress,0.9440610590020884,classical_surrogate,OK,0.9455794670089966,True,1.3765942817961214,0.43253322279403306,stress,0.9455794670089966,0.0015184080069082784,0.0035105002966010898,qaoa_transfer_vs_classical_surrogate,qaoa_transfer
c13_normal_20250401_banking_concentrated,qaoa_transfer,SHORTFALL,0.9032012191317376,True,1.3478989704201498,0.44482514836504006,normal,0.9032012191317376,classical_surrogate,OK,0.9032108324296108,True,1.3478989704201498,0.44482514836504006,normal,0.9032108324296108,9.613297873189985e-06,2.1611408232029534e-05,qaoa_transfer_vs_classical_surrogate,qaoa_transfer
c14_volatile_20241002_high_volatility,qaoa_transfer,OK,1.29152063140661,True,1.7945963111226466,0.5030756797160365,volatile,1.29152063140661,classical_surrogate,OK,1.29152063140661,True,1.7945963111226466,0.5030756797160365,volatile,1.29152063140661,0.0,0.0,qaoa_transfer_vs_classical_surrogate,qaoa_transfer
c15_stress_20250408_liquidity_constrained,qaoa_transfer,OK,1.0164065462119305,True,1.1095062848658581,0.09309973865392762,stress,1.0164065462119305,classical_surrogate,OK,1.0250770160324087,True,1.1095062848658581,0.09309973865392762,stress,1.0250770160324087,0.008670469820478255,0.09313097916105129,qaoa_transfer_vs_classical_surrogate,qaoa_transfer
c16_normal_20250612_do_not_sell,qaoa_transfer,OK,1.1877491300813416,True,1.2914933031320537,0.10374417305071204,normal,1.1877491300813416,classical_surrogate,OK,1.1877491300813416,True,1.2914933031320537,0.10374417305071204,normal,1.1877491300813416,0.0,0.0,qaoa_transfer_vs_classical_surrogate,qaoa_transfer
c17_volatile_20241030_liquidity_constrained,qaoa_transfer,OK,1.2685391628960696,True,1.4138695206749812,0.14533035777891157,volatile,1.2685391628960696,classical_surrogate,OK,1.2685391628960696,True,1.4138695206749812,0.14533035777891157,volatile,1.2685391628960696,0.0,0.0,qaoa_transfer_vs_classical_surrogate,qaoa_transfer
c18_stress_20250509_high_volatility,qaoa_transfer,OK,1.0241067762242877,True,1.4414685931957862,0.41736181697149877,stress,1.0241067762242877,classical_surrogate,OK,1.0241067762242877,True,1.4414685931957862,0.41736181697149877,stress,1.0241067762242877,0.0,0.0,qaoa_transfer_vs_classical_surrogate,qaoa_transfer
c19_normal_20250908_banking_concentrated,qaoa_transfer,SHORTFALL,1.0247878887762194,True,1.4699682630777366,0.44550755037059764,normal,1.0247878887762194,classical_surrogate,OK,1.0251753321691874,True,1.4699682630777366,0.44550755037059764,normal,1.0251753321691874,0.0003874433929680343,0.0008696673999031838,qaoa_transfer_vs_classical_surrogate,qaoa_transfer
c20_volatile_20241225_high_volatility,qaoa_transfer,OK,1.324201748735865,True,1.826336197921945,0.50213444918608,volatile,1.324201748735865,classical_surrogate,OK,1.324201748735865,True,1.826336197921945,0.50213444918608,volatile,1.324201748735865,0.0,0.0,qaoa_transfer_vs_classical_surrogate,qaoa_transfer
c21_normal_20251103_high_cash,qaoa_transfer,SHORTFALL,0.9081165149173002,True,1.1774175389025114,0.2693010239852113,normal,0.9081165149173002,classical_surrogate,OK,0.9081165149173002,True,1.1774175389025114,0.2693010239852113,normal,0.9081165149173002,0.0,0.0,qaoa_transfer_vs_classical_surrogate,qaoa_transfer
c22_volatile_20250123_do_not_sell,qaoa_transfer,OK,1.2932142071557275,True,1.4552933291804961,0.1620791220247686,volatile,1.2932142071557275,classical_surrogate,OK,1.2932142071557275,True,1.4552933291804961,0.1620791220247686,volatile,1.2932142071557275,0.0,0.0,qaoa_transfer_vs_classical_surrogate,qaoa_transfer
c23_normal_20251229_liquidity_constrained,qaoa_transfer,OK,1.042756609012775,False,1.136594331848378,0.07459419673417322,normal,1.136594331848378,classical_surrogate,OK,1.080815595036814,True,1.136594331848378,0.07459419673417322,normal,1.080815595036814,-0.05577873681156409,-0.7477624165635748,qaoa_transfer_vs_classical_surrogate,qaoa_transfer
c24_volatile_20250403_diversified,qaoa_transfer,SHORTFALL,1.249128018260874,True,1.6495913864989733,0.40046336823809936,volatile,1.249128018260874,classical_surrogate,OK,1.249128018260874,True,1.6495913864989733,0.40046336823809936,volatile,1.249128018260874,0.0,0.0,qaoa_transfer_vs_classical_surrogate,qaoa_transfer
c25_normal_20260304_banking_concentrated,qaoa_transfer,SHORTFALL,1.0646355166414536,True,1.5174152637603182,0.45288646247817343,normal,1.0646355166414536,classical_surrogate,OK,1.0646355166414536,True,1.5174152637603182,0.45288646247817343,normal,1.0646355166414536,0.0,0.0,qaoa_transfer_vs_classical_surrogate,qaoa_transfer
c26_volatile_20260309_high_volatility,qaoa_transfer,OK,1.1862461166930276,True,1.6654078136259067,0.47916169693287913,volatile,1.1862461166930276,classical_surrogate,OK,1.1862461166930276,True,1.6654078136259067,0.47916169693287913,volatile,1.1862461166930276,0.0,0.0,qaoa_transfer_vs_classical_surrogate,qaoa_transfer
c27_normal_20260513_high_cash,qaoa_transfer,SHORTFALL,0.8775637514858152,True,1.1400789939420428,0.2625152424562276,normal,0.8775637514858152,classical_surrogate,OK,0.8775637514858152,True,1.1400789939420428,0.2625152424562276,normal,0.8775637514858152,0.0,0.0,qaoa_transfer_vs_classical_surrogate,qaoa_transfer
c28_volatile_20260406_do_not_sell,qaoa_transfer,OK,1.160956826702228,True,1.2712174343433984,0.1102606076411703,volatile,1.160956826702228,classical_surrogate,OK,1.160956826702228,True,1.2712174343433984,0.1102606076411703,volatile,1.160956826702228,0.0,0.0,qaoa_transfer_vs_classical_surrogate,qaoa_transfer
c29_normal_20260708_liquidity_constrained,qaoa_transfer,OK,1.0459135587994062,True,1.121421659924344,0.07550810112493789,normal,1.0459135587994062,classical_surrogate,OK,1.0634719933549377,True,1.121421659924344,0.07550810112493789,normal,1.0634719933549377,0.01755843455553152,0.23253709593992872,qaoa_transfer_vs_classical_surrogate,qaoa_transfer
c30_volatile_20260722_diversified,qaoa_transfer,SHORTFALL,1.1758787501110244,True,1.5683403931904203,0.3924616430793959,volatile,1.1758787501110244,classical_surrogate,OK,1.1758787501110244,True,1.5683403931904203,0.3924616430793959,volatile,1.1758787501110244,0.0,0.0,qaoa_transfer_vs_classical_surrogate,qaoa_transfer
c01_normal_20240110_banking_concentrated,qaoa_transfer,OK,1.1072035915246048,True,1.5917891454957447,0.4846892324558998,normal,1.1072035915246048,random_uniform,OK,1.1082548128487255,True,1.5917891454957447,0.4846892324558998,normal,1.1082548128487255,0.0010512213241207213,0.0021688563593505626,qaoa_transfer_vs_random_uniform,qaoa_transfer
c03_stress_20250408_high_cash,qaoa_transfer,OK,0.8541364405495258,True,1.1297273177734215,0.27559087722389575,stress,0.8541364405495258,random_uniform,OK,0.8661974281071149,True,1.1297273177734215,0.27559087722389575,stress,0.8661974281071149,0.012060987557589109,0.04376410307584497,qaoa_transfer_vs_random_uniform,qaoa_transfer
c04_normal_20240318_do_not_sell,qaoa_transfer,OK,0.9369869324482872,True,1.0200766320938461,0.0830896996455589,normal,0.9369869324482872,random_uniform,OK,0.9407813435358348,True,1.0200766320938461,0.0830896996455589,normal,0.9407813435358348,0.0037944110875475223,0.04566644365948591,qaoa_transfer_vs_random_uniform,qaoa_transfer
c06_stress_20250509_diversified,qaoa_transfer,OK,0.9635762178653142,True,1.3319992732913546,0.36842305542604037,stress,0.9635762178653142,random_uniform,OK,0.97940158546977,True,1.3319992732913546,0.36842305542604037,stress,0.97940158546977,0.015825367604455742,0.04295433570560741,qaoa_transfer_vs_random_uniform,qaoa_transfer
c07_normal_20240517_banking_concentrated,qaoa_transfer,OK,0.9753925994820462,True,1.437835812779654,0.46244321329760785,normal,0.9753925994820462,random_uniform,OK,0.9777481853846643,True,1.437835812779654,0.46244321329760785,normal,0.9777481853846643,0.0023555859026181958,0.0050937841336688525,qaoa_transfer_vs_random_uniform,qaoa_transfer
c09_stress_20250408_do_not_sell,qaoa_transfer,OK,1.0241457098206683,True,1.12069663636448,0.09655092654381137,stress,1.0241457098206683,random_uniform,OK,1.0288505273758863,True,1.12069663636448,0.09655092654381137,stress,1.0288505273758863,0.0047048175552180105,0.04872887007545321,qaoa_transfer_vs_random_uniform,qaoa_transfer
c10_normal_20240712_do_not_sell,qaoa_transfer,OK,0.8446883449537617,True,0.9188998518268888,0.07421150687312716,normal,0.8446883449537617,random_uniform,OK,0.8477878293588178,True,0.9188998518268888,0.07421150687312716,normal,0.8477878293588178,0.003099484405056141,0.04176555005620698,qaoa_transfer_vs_random_uniform,qaoa_transfer
c11_volatile_20240904_liquidity_constrained,qaoa_transfer,OK,1.4131074820806448,True,1.57605185568186,0.16294437360121505,volatile,1.4131074820806448,random_uniform,OK,1.4205861360749918,True,1.57605185568186,0.16294437360121505,volatile,1.4205861360749918,0.007478653994346995,0.04589697593762899,qaoa_transfer_vs_random_uniform,qaoa_transfer
c12_stress_20250509_banking_concentrated,qaoa_transfer,OK,0.9440610590020884,True,1.3765942817961214,0.43253322279403306,stress,0.9440610590020884,random_uniform,OK,0.948127888533154,True,1.3765942817961214,0.43253322279403306,stress,0.948127888533154,0.00406682953106563,0.009402351811949029,qaoa_transfer_vs_random_uniform,qaoa_transfer
c13_normal_20250401_banking_concentrated,qaoa_transfer,SHORTFALL,0.9032012191317376,True,1.3478989704201498,0.44482514836504006,normal,0.9032012191317376,random_uniform,OK,0.9037788464693992,True,1.3478989704201498,0.44482514836504006,normal,0.9037788464693992,0.0005776273376616459,0.0012985491935083298,qaoa_transfer_vs_random_uniform,qaoa_transfer
c14_volatile_20241002_high_volatility,qaoa_transfer,OK,1.29152063140661,True,1.7945963111226466,0.5030756797160365,volatile,1.29152063140661,random_uniform,OK,1.3112372715237166,True,1.7945963111226466,0.5030756797160365,volatile,1.3112372715237166,0.0197166401171065,0.03919219495610611,qaoa_transfer_vs_random_uniform,qaoa_transfer
c15_stress_20250408_liquidity_constrained,qaoa_transfer,OK,1.0164065462119305,True,1.1095062848658581,0.09309973865392762,stress,1.0164065462119305,random_uniform,OK,1.0221839489507922,True,1.1095062848658581,0.09309973865392762,stress,1.0221839489507922,0.005777402738861737,0.06205605753994245,qaoa_transfer_vs_random_uniform,qaoa_transfer
c16_normal_20250612_do_not_sell,qaoa_transfer,OK,1.1877491300813416,True,1.2914933031320537,0.10374417305071204,normal,1.1877491300813416,random_uniform,OK,1.192143427551889,True,1.2914933031320537,0.10374417305071204,normal,1.192143427551889,0.004394297470547315,0.042357053329629434,qaoa_transfer_vs_random_uniform,qaoa_transfer
c17_volatile_20241030_liquidity_constrained,qaoa_transfer,OK,1.2685391628960696,True,1.4138695206749812,0.14533035777891157,volatile,1.2685391628960696,random_uniform,OK,1.2750425847932605,True,1.4138695206749812,0.14533035777891157,volatile,1.2750425847932605,0.006503421897190886,0.044749232002059915,qaoa_transfer_vs_random_uniform,qaoa_transfer
c18_stress_20250509_high_volatility,qaoa_transfer,OK,1.0241067762242877,True,1.4414685931957862,0.41736181697149877,stress,1.0241067762242877,random_uniform,OK,1.041721822902888,True,1.4414685931957862,0.41736181697149877,stress,1.041721822902888,0.017615046678600255,0.042205697699948364,qaoa_transfer_vs_random_uniform,qaoa_transfer
c19_normal_20250908_banking_concentrated,qaoa_transfer,SHORTFALL,1.0247878887762194,True,1.4699682630777366,0.44550755037059764,normal,1.0247878887762194,random_uniform,OK,1.026255882385876,True,1.4699682630777366,0.44550755037059764,normal,1.026255882385876,0.0014679936096566593,0.0032951037719461803,qaoa_transfer_vs_random_uniform,qaoa_transfer
c20_volatile_20241225_high_volatility,qaoa_transfer,OK,1.324201748735865,True,1.826336197921945,0.50213444918608,volatile,1.324201748735865,random_uniform,OK,1.3475939825225485,True,1.826336197921945,0.50213444918608,volatile,1.3475939825225485,0.023392233786683425,0.04658559838824119,qaoa_transfer_vs_random_uniform,qaoa_transfer
c21_normal_20251103_high_cash,qaoa_transfer,SHORTFALL,0.9081165149173002,True,1.1774175389025114,0.2693010239852113,normal,0.9081165149173002,random_uniform,OK,0.919462078418725,True,1.1774175389025114,0.2693010239852113,normal,0.919462078418725,0.011345563501424794,0.04212967085504969,qaoa_transfer_vs_random_uniform,qaoa_transfer
c22_volatile_20250123_do_not_sell,qaoa_transfer,OK,1.2932142071557275,True,1.4552933291804961,0.1620791220247686,volatile,1.2932142071557275,random_uniform,OK,1.3011517635027752,True,1.4552933291804961,0.1620791220247686,volatile,1.3011517635027752,0.007937556347047625,0.04897334245082241,qaoa_transfer_vs_random_uniform,qaoa_transfer
c23_normal_20251229_liquidity_constrained,qaoa_transfer,OK,1.042756609012775,False,1.136594331848378,0.07459419673417322,normal,1.136594331848378,random_uniform,OK,1.0709494622880016,True,1.136594331848378,0.07459419673417322,normal,1.0709494622880016,-0.0656448695603764,-0.8800264958185824,qaoa_transfer_vs_random_uniform,qaoa_transfer
c24_volatile_20250403_diversified,qaoa_transfer,SHORTFALL,1.249128018260874,True,1.6495913864989733,0.40046336823809936,volatile,1.249128018260874,random_uniform,OK,1.2662864622901735,True,1.6495913864989733,0.40046336823809936,volatile,1.2662864622901735,0.017158444029299558,0.04284647583320989,qaoa_transfer_vs_random_uniform,qaoa_transfer
c25_normal_20260304_banking_concentrated,qaoa_transfer,SHORTFALL,1.0646355166414536,True,1.5174152637603182,0.45288646247817343,normal,1.0646355166414536,random_uniform,OK,1.066259654016025,True,1.5174152637603182,0.45288646247817343,normal,1.066259654016025,0.0016241373745713439,0.0035861910415342082,qaoa_transfer_vs_random_uniform,qaoa_transfer
c26_volatile_20260309_high_volatility,qaoa_transfer,OK,1.1862461166930276,True,1.6654078136259067,0.47916169693287913,volatile,1.1862461166930276,random_uniform,OK,1.207041623868874,True,1.6654078136259067,0.47916169693287913,volatile,1.207041623868874,0.02079550717584633,0.04339976944935012,qaoa_transfer_vs_random_uniform,qaoa_transfer
c27_normal_20260513_high_cash,qaoa_transfer,SHORTFALL,0.8775637514858152,True,1.1400789939420428,0.2625152424562276,normal,0.8775637514858152,random_uniform,OK,0.8885731221986926,True,1.1400789939420428,0.2625152424562276,normal,0.8885731221986926,0.011009370712877331,0.04193802466427472,qaoa_transfer_vs_random_uniform,qaoa_transfer
c28_volatile_20260406_do_not_sell,qaoa_transfer,OK,1.160956826702228,True,1.2712174343433984,0.1102606076411703,volatile,1.160956826702228,random_uniform,OK,1.166015461067316,True,1.2712174343433984,0.1102606076411703,volatile,1.166015461067316,0.0050586343650878,0.04587889068732968,qaoa_transfer_vs_random_uniform,qaoa_transfer
c29_normal_20260708_liquidity_constrained,qaoa_transfer,OK,1.0459135587994062,True,1.121421659924344,0.07550810112493789,normal,1.0459135587994062,random_uniform,OK,1.054966812533956,True,1.121421659924344,0.07550810112493789,normal,1.054966812533956,0.009053253734549793,0.11989778049867812,qaoa_transfer_vs_random_uniform,qaoa_transfer
c30_volatile_20260722_diversified,qaoa_transfer,SHORTFALL,1.1758787501110244,True,1.5683403931904203,0.3924616430793959,volatile,1.1758787501110244,random_uniform,OK,1.1927388521692397,True,1.5683403931904203,0.3924616430793959,volatile,1.1927388521692397,0.01686010205821531,0.04295987227165655,qaoa_transfer_vs_random_uniform,qaoa_transfer
c01_normal_20240110_banking_concentrated,qaoa_transfer,OK,1.1072035915246048,True,1.5917891454957447,0.4846892324558998,normal,1.1072035915246048,random_stratified,OK,1.1079140186010312,True,1.5917891454957447,0.4846892324558998,normal,1.1079140186010312,0.0007104270764264342,0.0014657372783520078,qaoa_transfer_vs_random_stratified,qaoa_transfer
c03_stress_20250408_high_cash,qaoa_transfer,OK,0.8541364405495258,True,1.1297273177734215,0.27559087722389575,stress,0.8541364405495258,random_stratified,OK,0.8645691733619499,True,1.1297273177734215,0.27559087722389575,stress,0.8645691733619499,0.010432732812424184,0.03785587141895272,qaoa_transfer_vs_random_stratified,qaoa_transfer
c04_normal_20240318_do_not_sell,qaoa_transfer,OK,0.9369869324482872,True,1.0200766320938461,0.0830896996455589,normal,0.9369869324482872,random_stratified,OK,0.9396068482131912,True,1.0200766320938461,0.0830896996455589,normal,0.9396068482131912,0.002619915764903946,0.031531173852834826,qaoa_transfer_vs_random_stratified,qaoa_transfer
c06_stress_20250509_diversified,qaoa_transfer,OK,0.9635762178653142,True,1.3319992732913546,0.36842305542604037,stress,0.9635762178653142,random_stratified,OK,0.9780859186645012,True,1.3319992732913546,0.36842305542604037,stress,0.9780859186645012,0.014509700799187009,0.03938325950423529,qaoa_transfer_vs_random_stratified,qaoa_transfer
c07_normal_20240517_banking_concentrated,qaoa_transfer,OK,0.9753925994820462,True,1.437835812779654,0.46244321329760785,normal,0.9753925994820462,random_stratified,OK,0.9770708433727454,True,1.437835812779654,0.46244321329760785,normal,0.9770708433727454,0.0016782438906992603,0.0036290810253911485,qaoa_transfer_vs_random_stratified,qaoa_transfer
c09_stress_20250408_do_not_sell,qaoa_transfer,OK,1.0241457098206683,True,1.12069663636448,0.09655092654381137,stress,1.0241457098206683,random_stratified,OK,1.027294247126411,True,1.12069663636448,0.09655092654381137,stress,1.027294247126411,0.0031485373057427157,0.03261012005217808,qaoa_transfer_vs_random_stratified,qaoa_transfer
c10_normal_20240712_do_not_sell,qaoa_transfer,OK,0.8446883449537617,True,0.9188998518268888,0.07421150687312716,normal,0.8446883449537617,random_stratified,OK,0.8473674116891137,True,0.9188998518268888,0.07421150687312716,normal,0.8473674116891137,0.0026790667353520092,0.036100422269179526,qaoa_transfer_vs_random_stratified,qaoa_transfer
c11_volatile_20240904_liquidity_constrained,qaoa_transfer,OK,1.4131074820806448,True,1.57605185568186,0.16294437360121505,volatile,1.4131074820806448,random_stratified,OK,1.4187969931808673,True,1.57605185568186,0.16294437360121505,volatile,1.4187969931808673,0.005689511100222422,0.034916892031797014,qaoa_transfer_vs_random_stratified,qaoa_transfer
c12_stress_20250509_banking_concentrated,qaoa_transfer,OK,0.9440610590020884,True,1.3765942817961214,0.43253322279403306,stress,0.9440610590020884,random_stratified,OK,0.9455931845958974,True,1.3765942817961214,0.43253322279403306,stress,0.9455931845958974,0.0015321255938089973,0.0035422148243594606,qaoa_transfer_vs_random_stratified,qaoa_transfer
c13_normal_20250401_banking_concentrated,qaoa_transfer,SHORTFALL,0.9032012191317376,True,1.3478989704201498,0.44482514836504006,normal,0.9032012191317376,random_stratified,OK,0.9038190246804114,True,1.3478989704201498,0.44482514836504006,normal,0.9038190246804114,0.0006178055486738554,0.0013888727985470399,qaoa_transfer_vs_random_stratified,qaoa_transfer
c14_volatile_20241002_high_volatility,qaoa_transfer,OK,1.29152063140661,True,1.7945963111226466,0.5030756797160365,volatile,1.29152063140661,random_stratified,OK,1.3104002112066395,True,1.7945963111226466,0.5030756797160365,volatile,1.3104002112066395,0.01887957980002941,0.037528309479571906,qaoa_transfer_vs_random_stratified,qaoa_transfer
c15_stress_20250408_liquidity_constrained,qaoa_transfer,OK,1.0164065462119305,True,1.1095062848658581,0.09309973865392762,stress,1.0164065462119305,random_stratified,OK,1.020670717641861,True,1.1095062848658581,0.09309973865392762,stress,1.020670717641861,0.004264171429930519,0.0458021847492117,qaoa_transfer_vs_random_stratified,qaoa_transfer
c16_normal_20250612_do_not_sell,qaoa_transfer,OK,1.1877491300813416,True,1.2914933031320537,0.10374417305071204,normal,1.1877491300813416,random_stratified,OK,1.1915457084717995,True,1.2914933031320537,0.10374417305071204,normal,1.1915457084717995,0.003796578390457883,0.0365955819861039,qaoa_transfer_vs_random_stratified,qaoa_transfer
c17_volatile_20241030_liquidity_constrained,qaoa_transfer,OK,1.2685391628960696,True,1.4138695206749812,0.14533035777891157,volatile,1.2685391628960696,random_stratified,OK,1.2735498591648011,True,1.4138695206749812,0.14533035777891157,volatile,1.2735498591648011,0.005010696268731518,0.034477973806093555,qaoa_transfer_vs_random_stratified,qaoa_transfer
c18_stress_20250509_high_volatility,qaoa_transfer,OK,1.0241067762242877,True,1.4414685931957862,0.41736181697149877,stress,1.0241067762242877,random_stratified,OK,1.0390982586658033,True,1.4414685931957862,0.41736181697149877,stress,1.0390982586658033,0.014991482441515602,0.0359196309578539,qaoa_transfer_vs_random_stratified,qaoa_transfer
c19_normal_20250908_banking_concentrated,qaoa_transfer,SHORTFALL,1.0247878887762194,True,1.4699682630777366,0.44550755037059764,normal,1.0247878887762194,random_stratified,OK,1.0256674373341237,True,1.4699682630777366,0.44550755037059764,normal,1.0256674373341237,0.0008795485579042861,0.001974261843985875,qaoa_transfer_vs_random_stratified,qaoa_transfer
c20_volatile_20241225_high_volatility,qaoa_transfer,OK,1.324201748735865,True,1.826336197921945,0.50213444918608,volatile,1.324201748735865,random_stratified,OK,1.3421251573790367,True,1.826336197921945,0.50213444918608,volatile,1.3421251573790367,0.017923408643171657,0.035694441343795624,qaoa_transfer_vs_random_stratified,qaoa_transfer
c21_normal_20251103_high_cash,qaoa_transfer,SHORTFALL,0.9081165149173002,True,1.1774175389025114,0.2693010239852113,normal,0.9081165149173002,random_stratified,OK,0.9190920253732796,True,1.1774175389025114,0.2693010239852113,normal,0.9190920253732796,0.010975510455979443,0.040755546687346295,qaoa_transfer_vs_random_stratified,qaoa_transfer
c22_volatile_20250123_do_not_sell,qaoa_transfer,OK,1.2932142071557275,True,1.4552933291804961,0.1620791220247686,volatile,1.2932142071557275,random_stratified,OK,1.29842214822517,True,1.4552933291804961,0.1620791220247686,volatile,1.29842214822517,0.0052079410694425565,0.03213209082318875,qaoa_transfer_vs_random_stratified,qaoa_transfer
c23_normal_20251229_liquidity_constrained,qaoa_transfer,OK,1.042756609012775,False,1.136594331848378,0.07459419673417322,normal,1.136594331848378,random_stratified,OK,1.0728337446743654,True,1.136594331848378,0.07459419673417322,normal,1.0728337446743654,-0.06376058717401256,-0.8547660537351487,qaoa_transfer_vs_random_stratified,qaoa_transfer
c24_volatile_20250403_diversified,qaoa_transfer,SHORTFALL,1.249128018260874,True,1.6495913864989733,0.40046336823809936,volatile,1.249128018260874,random_stratified,OK,1.2651826735100695,True,1.6495913864989733,0.40046336823809936,volatile,1.2651826735100695,0.016054655249195582,0.040090196813332826,qaoa_transfer_vs_random_stratified,qaoa_transfer
c25_normal_20260304_banking_concentrated,qaoa_transfer,SHORTFALL,1.0646355166414536,True,1.5174152637603182,0.45288646247817343,normal,1.0646355166414536,random_stratified,OK,1.0652808980648054,True,1.5174152637603182,0.45288646247817343,normal,1.0652808980648054,0.0006453814233517985,0.0014250402182929066,qaoa_transfer_vs_random_stratified,qaoa_transfer
c26_volatile_20260309_high_volatility,qaoa_transfer,OK,1.1862461166930276,True,1.6654078136259067,0.47916169693287913,volatile,1.1862461166930276,random_stratified,OK,1.2004957314717832,True,1.6654078136259067,0.47916169693287913,volatile,1.2004957314717832,0.014249614778755637,0.029738634932565823,qaoa_transfer_vs_random_stratified,qaoa_transfer
c27_normal_20260513_high_cash,qaoa_transfer,SHORTFALL,0.8775637514858152,True,1.1400789939420428,0.2625152424562276,normal,0.8775637514858152,random_stratified,OK,0.8882044657932343,True,1.1400789939420428,0.2625152424562276,normal,0.8882044657932343,0.010640714307419086,0.040533700854316464,qaoa_transfer_vs_random_stratified,qaoa_transfer
c28_volatile_20260406_do_not_sell,qaoa_transfer,OK,1.160956826702228,True,1.2712174343433984,0.1102606076411703,volatile,1.160956826702228,random_stratified,OK,1.164819373967418,True,1.2712174343433984,0.1102606076411703,volatile,1.164819373967418,0.003862547265189864,0.03503107181995634,qaoa_transfer_vs_random_stratified,qaoa_transfer
c29_normal_20260708_liquidity_constrained,qaoa_transfer,OK,1.0459135587994062,True,1.121421659924344,0.07550810112493789,normal,1.0459135587994062,random_stratified,OK,1.0494313330653036,True,1.121421659924344,0.07550810112493789,normal,1.0494313330653036,0.0035177742658973887,0.04658803775341639,qaoa_transfer_vs_random_stratified,qaoa_transfer
c30_volatile_20260722_diversified,qaoa_transfer,SHORTFALL,1.1758787501110244,True,1.5683403931904203,0.3924616430793959,volatile,1.1758787501110244,random_stratified,OK,1.1916999527317655,True,1.5683403931904203,0.3924616430793959,volatile,1.1916999527317655,0.01582120262074116,0.04031273603351982,qaoa_transfer_vs_random_stratified,qaoa_transfer
c01_normal_20240110_banking_concentrated,qaoa_transfer,OK,1.1072035915246048,True,1.5917891454957447,0.4846892324558998,normal,1.1072035915246048,boltzmann,OK,1.107099913039845,True,1.5917891454957447,0.4846892324558998,normal,1.107099913039845,-0.00010367848475989483,-0.00021390713433958568,qaoa_transfer_vs_boltzmann,qaoa_transfer
c03_stress_20250408_high_cash,qaoa_transfer,OK,0.8541364405495258,True,1.1297273177734215,0.27559087722389575,stress,0.8541364405495258,boltzmann,OK,0.8541364405495258,True,1.1297273177734215,0.27559087722389575,stress,0.8541364405495258,0.0,0.0,qaoa_transfer_vs_boltzmann,qaoa_transfer
c04_normal_20240318_do_not_sell,qaoa_transfer,OK,0.9369869324482872,True,1.0200766320938461,0.0830896996455589,normal,0.9369869324482872,boltzmann,OK,0.9369869324482872,True,1.0200766320938461,0.0830896996455589,normal,0.9369869324482872,0.0,0.0,qaoa_transfer_vs_boltzmann,qaoa_transfer
c06_stress_20250509_diversified,qaoa_transfer,OK,0.9635762178653142,True,1.3319992732913546,0.36842305542604037,stress,0.9635762178653142,boltzmann,OK,0.9635762178653142,True,1.3319992732913546,0.36842305542604037,stress,0.9635762178653142,0.0,0.0,qaoa_transfer_vs_boltzmann,qaoa_transfer
c07_normal_20240517_banking_concentrated,qaoa_transfer,OK,0.9753925994820462,True,1.437835812779654,0.46244321329760785,normal,0.9753925994820462,boltzmann,OK,0.9753925994820462,True,1.437835812779654,0.46244321329760785,normal,0.9753925994820462,0.0,0.0,qaoa_transfer_vs_boltzmann,qaoa_transfer
c09_stress_20250408_do_not_sell,qaoa_transfer,OK,1.0241457098206683,True,1.12069663636448,0.09655092654381137,stress,1.0241457098206683,boltzmann,OK,1.0241457098206683,True,1.12069663636448,0.09655092654381137,stress,1.0241457098206683,0.0,0.0,qaoa_transfer_vs_boltzmann,qaoa_transfer
c10_normal_20240712_do_not_sell,qaoa_transfer,OK,0.8446883449537617,True,0.9188998518268888,0.07421150687312716,normal,0.8446883449537617,boltzmann,OK,0.8446883449537617,True,0.9188998518268888,0.07421150687312716,normal,0.8446883449537617,0.0,0.0,qaoa_transfer_vs_boltzmann,qaoa_transfer
c11_volatile_20240904_liquidity_constrained,qaoa_transfer,OK,1.4131074820806448,True,1.57605185568186,0.16294437360121505,volatile,1.4131074820806448,boltzmann,OK,1.4131074820806448,True,1.57605185568186,0.16294437360121505,volatile,1.4131074820806448,0.0,0.0,qaoa_transfer_vs_boltzmann,qaoa_transfer
c12_stress_20250509_banking_concentrated,qaoa_transfer,OK,0.9440610590020884,True,1.3765942817961214,0.43253322279403306,stress,0.9440610590020884,boltzmann,OK,0.9440610590020884,True,1.3765942817961214,0.43253322279403306,stress,0.9440610590020884,0.0,0.0,qaoa_transfer_vs_boltzmann,qaoa_transfer
c13_normal_20250401_banking_concentrated,qaoa_transfer,SHORTFALL,0.9032012191317376,True,1.3478989704201498,0.44482514836504006,normal,0.9032012191317376,boltzmann,OK,0.9030738220551098,True,1.3478989704201498,0.44482514836504006,normal,0.9030738220551098,-0.00012739707662778876,-0.00028639809843494275,qaoa_transfer_vs_boltzmann,qaoa_transfer
c14_volatile_20241002_high_volatility,qaoa_transfer,OK,1.29152063140661,True,1.7945963111226466,0.5030756797160365,volatile,1.29152063140661,boltzmann,OK,1.29152063140661,True,1.7945963111226466,0.5030756797160365,volatile,1.29152063140661,0.0,0.0,qaoa_transfer_vs_boltzmann,qaoa_transfer
c15_stress_20250408_liquidity_constrained,qaoa_transfer,OK,1.0164065462119305,True,1.1095062848658581,0.09309973865392762,stress,1.0164065462119305,boltzmann,OK,1.0164065462119305,True,1.1095062848658581,0.09309973865392762,stress,1.0164065462119305,0.0,0.0,qaoa_transfer_vs_boltzmann,qaoa_transfer
c16_normal_20250612_do_not_sell,qaoa_transfer,OK,1.1877491300813416,True,1.2914933031320537,0.10374417305071204,normal,1.1877491300813416,boltzmann,OK,1.1877491300813416,True,1.2914933031320537,0.10374417305071204,normal,1.1877491300813416,0.0,0.0,qaoa_transfer_vs_boltzmann,qaoa_transfer
c17_volatile_20241030_liquidity_constrained,qaoa_transfer,OK,1.2685391628960696,True,1.4138695206749812,0.14533035777891157,volatile,1.2685391628960696,boltzmann,OK,1.2685391628960696,True,1.4138695206749812,0.14533035777891157,volatile,1.2685391628960696,0.0,0.0,qaoa_transfer_vs_boltzmann,qaoa_transfer
c18_stress_20250509_high_volatility,qaoa_transfer,OK,1.0241067762242877,True,1.4414685931957862,0.41736181697149877,stress,1.0241067762242877,boltzmann,OK,1.0241067762242877,True,1.4414685931957862,0.41736181697149877,stress,1.0241067762242877,0.0,0.0,qaoa_transfer_vs_boltzmann,qaoa_transfer
c19_normal_20250908_banking_concentrated,qaoa_transfer,SHORTFALL,1.0247878887762194,True,1.4699682630777366,0.44550755037059764,normal,1.0247878887762194,boltzmann,OK,1.024460712707139,True,1.4699682630777366,0.44550755037059764,normal,1.024460712707139,-0.00032717606908039265,-0.0007343895043040901,qaoa_transfer_vs_boltzmann,qaoa_transfer
c20_volatile_20241225_high_volatility,qaoa_transfer,OK,1.324201748735865,True,1.826336197921945,0.50213444918608,volatile,1.324201748735865,boltzmann,OK,1.324201748735865,True,1.826336197921945,0.50213444918608,volatile,1.324201748735865,0.0,0.0,qaoa_transfer_vs_boltzmann,qaoa_transfer
c21_normal_20251103_high_cash,qaoa_transfer,SHORTFALL,0.9081165149173002,True,1.1774175389025114,0.2693010239852113,normal,0.9081165149173002,boltzmann,OK,0.9081165149173002,True,1.1774175389025114,0.2693010239852113,normal,0.9081165149173002,0.0,0.0,qaoa_transfer_vs_boltzmann,qaoa_transfer
c22_volatile_20250123_do_not_sell,qaoa_transfer,OK,1.2932142071557275,True,1.4552933291804961,0.1620791220247686,volatile,1.2932142071557275,boltzmann,OK,1.2932142071557275,True,1.4552933291804961,0.1620791220247686,volatile,1.2932142071557275,0.0,0.0,qaoa_transfer_vs_boltzmann,qaoa_transfer
c23_normal_20251229_liquidity_constrained,qaoa_transfer,OK,1.042756609012775,False,1.136594331848378,0.07459419673417322,normal,1.136594331848378,boltzmann,OK,1.0673426181938384,True,1.136594331848378,0.07459419673417322,normal,1.0673426181938384,-0.06925171365453964,-0.9283793738181502,qaoa_transfer_vs_boltzmann,qaoa_transfer
c24_volatile_20250403_diversified,qaoa_transfer,SHORTFALL,1.249128018260874,True,1.6495913864989733,0.40046336823809936,volatile,1.249128018260874,boltzmann,OK,1.249128018260874,True,1.6495913864989733,0.40046336823809936,volatile,1.249128018260874,0.0,0.0,qaoa_transfer_vs_boltzmann,qaoa_transfer
c25_normal_20260304_banking_concentrated,qaoa_transfer,SHORTFALL,1.0646355166414536,True,1.5174152637603182,0.45288646247817343,normal,1.0646355166414536,boltzmann,OK,1.0645288012821448,True,1.5174152637603182,0.45288646247817343,normal,1.0645288012821448,-0.00010671535930883991,-0.0002356338026199734,qaoa_transfer_vs_boltzmann,qaoa_transfer
c26_volatile_20260309_high_volatility,qaoa_transfer,OK,1.1862461166930276,True,1.6654078136259067,0.47916169693287913,volatile,1.1862461166930276,boltzmann,OK,1.1862461166930276,True,1.6654078136259067,0.47916169693287913,volatile,1.1862461166930276,0.0,0.0,qaoa_transfer_vs_boltzmann,qaoa_transfer
c27_normal_20260513_high_cash,qaoa_transfer,SHORTFALL,0.8775637514858152,True,1.1400789939420428,0.2625152424562276,normal,0.8775637514858152,boltzmann,OK,0.8775637514858152,True,1.1400789939420428,0.2625152424562276,normal,0.8775637514858152,0.0,0.0,qaoa_transfer_vs_boltzmann,qaoa_transfer
c28_volatile_20260406_do_not_sell,qaoa_transfer,OK,1.160956826702228,True,1.2712174343433984,0.1102606076411703,volatile,1.160956826702228,boltzmann,OK,1.160956826702228,True,1.2712174343433984,0.1102606076411703,volatile,1.160956826702228,0.0,0.0,qaoa_transfer_vs_boltzmann,qaoa_transfer
c29_normal_20260708_liquidity_constrained,qaoa_transfer,OK,1.0459135587994062,True,1.121421659924344,0.07550810112493789,normal,1.0459135587994062,boltzmann,OK,1.0459135587994062,True,1.121421659924344,0.07550810112493789,normal,1.0459135587994062,0.0,0.0,qaoa_transfer_vs_boltzmann,qaoa_transfer
c30_volatile_20260722_diversified,qaoa_transfer,SHORTFALL,1.1758787501110244,True,1.5683403931904203,0.3924616430793959,volatile,1.1758787501110244,boltzmann,OK,1.1758787501110244,True,1.5683403931904203,0.3924616430793959,volatile,1.1758787501110244,0.0,0.0,qaoa_transfer_vs_boltzmann,qaoa_transfer
c01_normal_20240110_banking_concentrated,qaoa_transfer,OK,1.1072035915246048,True,1.5917891454957447,0.4846892324558998,normal,1.1072035915246048,classical_true_compute_transfer,OK,1.107099913039845,True,1.5917891454957447,0.4846892324558998,normal,1.107099913039845,-0.00010367848475989483,-0.00021390713433958568,qaoa_transfer_vs_classical_true_compute_transfer,qaoa_transfer
c03_stress_20250408_high_cash,qaoa_transfer,OK,0.8541364405495258,True,1.1297273177734215,0.27559087722389575,stress,0.8541364405495258,classical_true_compute_transfer,OK,0.8541364405495258,True,1.1297273177734215,0.27559087722389575,stress,0.8541364405495258,0.0,0.0,qaoa_transfer_vs_classical_true_compute_transfer,qaoa_transfer
c04_normal_20240318_do_not_sell,qaoa_transfer,OK,0.9369869324482872,True,1.0200766320938461,0.0830896996455589,normal,0.9369869324482872,classical_true_compute_transfer,OK,0.9369869324482872,True,1.0200766320938461,0.0830896996455589,normal,0.9369869324482872,0.0,0.0,qaoa_transfer_vs_classical_true_compute_transfer,qaoa_transfer
c06_stress_20250509_diversified,qaoa_transfer,OK,0.9635762178653142,True,1.3319992732913546,0.36842305542604037,stress,0.9635762178653142,classical_true_compute_transfer,OK,0.9635762178653142,True,1.3319992732913546,0.36842305542604037,stress,0.9635762178653142,0.0,0.0,qaoa_transfer_vs_classical_true_compute_transfer,qaoa_transfer
c07_normal_20240517_banking_concentrated,qaoa_transfer,OK,0.9753925994820462,True,1.437835812779654,0.46244321329760785,normal,0.9753925994820462,classical_true_compute_transfer,OK,0.9753925994820462,True,1.437835812779654,0.46244321329760785,normal,0.9753925994820462,0.0,0.0,qaoa_transfer_vs_classical_true_compute_transfer,qaoa_transfer
c09_stress_20250408_do_not_sell,qaoa_transfer,OK,1.0241457098206683,True,1.12069663636448,0.09655092654381137,stress,1.0241457098206683,classical_true_compute_transfer,OK,1.0241457098206683,True,1.12069663636448,0.09655092654381137,stress,1.0241457098206683,0.0,0.0,qaoa_transfer_vs_classical_true_compute_transfer,qaoa_transfer
c10_normal_20240712_do_not_sell,qaoa_transfer,OK,0.8446883449537617,True,0.9188998518268888,0.07421150687312716,normal,0.8446883449537617,classical_true_compute_transfer,OK,0.8446883449537617,True,0.9188998518268888,0.07421150687312716,normal,0.8446883449537617,0.0,0.0,qaoa_transfer_vs_classical_true_compute_transfer,qaoa_transfer
c11_volatile_20240904_liquidity_constrained,qaoa_transfer,OK,1.4131074820806448,True,1.57605185568186,0.16294437360121505,volatile,1.4131074820806448,classical_true_compute_transfer,OK,1.4131074820806448,True,1.57605185568186,0.16294437360121505,volatile,1.4131074820806448,0.0,0.0,qaoa_transfer_vs_classical_true_compute_transfer,qaoa_transfer
c12_stress_20250509_banking_concentrated,qaoa_transfer,OK,0.9440610590020884,True,1.3765942817961214,0.43253322279403306,stress,0.9440610590020884,classical_true_compute_transfer,OK,0.9440610590020884,True,1.3765942817961214,0.43253322279403306,stress,0.9440610590020884,0.0,0.0,qaoa_transfer_vs_classical_true_compute_transfer,qaoa_transfer
c13_normal_20250401_banking_concentrated,qaoa_transfer,SHORTFALL,0.9032012191317376,True,1.3478989704201498,0.44482514836504006,normal,0.9032012191317376,classical_true_compute_transfer,OK,0.9030738220551098,True,1.3478989704201498,0.44482514836504006,normal,0.9030738220551098,-0.00012739707662778876,-0.00028639809843494275,qaoa_transfer_vs_classical_true_compute_transfer,qaoa_transfer
c14_volatile_20241002_high_volatility,qaoa_transfer,OK,1.29152063140661,True,1.7945963111226466,0.5030756797160365,volatile,1.29152063140661,classical_true_compute_transfer,OK,1.29152063140661,True,1.7945963111226466,0.5030756797160365,volatile,1.29152063140661,0.0,0.0,qaoa_transfer_vs_classical_true_compute_transfer,qaoa_transfer
c15_stress_20250408_liquidity_constrained,qaoa_transfer,OK,1.0164065462119305,True,1.1095062848658581,0.09309973865392762,stress,1.0164065462119305,classical_true_compute_transfer,OK,1.0164065462119305,True,1.1095062848658581,0.09309973865392762,stress,1.0164065462119305,0.0,0.0,qaoa_transfer_vs_classical_true_compute_transfer,qaoa_transfer
c16_normal_20250612_do_not_sell,qaoa_transfer,OK,1.1877491300813416,True,1.2914933031320537,0.10374417305071204,normal,1.1877491300813416,classical_true_compute_transfer,OK,1.1877491300813416,True,1.2914933031320537,0.10374417305071204,normal,1.1877491300813416,0.0,0.0,qaoa_transfer_vs_classical_true_compute_transfer,qaoa_transfer
c17_volatile_20241030_liquidity_constrained,qaoa_transfer,OK,1.2685391628960696,True,1.4138695206749812,0.14533035777891157,volatile,1.2685391628960696,classical_true_compute_transfer,OK,1.2685391628960696,True,1.4138695206749812,0.14533035777891157,volatile,1.2685391628960696,0.0,0.0,qaoa_transfer_vs_classical_true_compute_transfer,qaoa_transfer
c18_stress_20250509_high_volatility,qaoa_transfer,OK,1.0241067762242877,True,1.4414685931957862,0.41736181697149877,stress,1.0241067762242877,classical_true_compute_transfer,OK,1.0241067762242877,True,1.4414685931957862,0.41736181697149877,stress,1.0241067762242877,0.0,0.0,qaoa_transfer_vs_classical_true_compute_transfer,qaoa_transfer
c19_normal_20250908_banking_concentrated,qaoa_transfer,SHORTFALL,1.0247878887762194,True,1.4699682630777366,0.44550755037059764,normal,1.0247878887762194,classical_true_compute_transfer,OK,1.024460712707139,True,1.4699682630777366,0.44550755037059764,normal,1.024460712707139,-0.00032717606908039265,-0.0007343895043040901,qaoa_transfer_vs_classical_true_compute_transfer,qaoa_transfer
c20_volatile_20241225_high_volatility,qaoa_transfer,OK,1.324201748735865,True,1.826336197921945,0.50213444918608,volatile,1.324201748735865,classical_true_compute_transfer,OK,1.324201748735865,True,1.826336197921945,0.50213444918608,volatile,1.324201748735865,0.0,0.0,qaoa_transfer_vs_classical_true_compute_transfer,qaoa_transfer
c21_normal_20251103_high_cash,qaoa_transfer,SHORTFALL,0.9081165149173002,True,1.1774175389025114,0.2693010239852113,normal,0.9081165149173002,classical_true_compute_transfer,OK,0.9081165149173002,True,1.1774175389025114,0.2693010239852113,normal,0.9081165149173002,0.0,0.0,qaoa_transfer_vs_classical_true_compute_transfer,qaoa_transfer
c22_volatile_20250123_do_not_sell,qaoa_transfer,OK,1.2932142071557275,True,1.4552933291804961,0.1620791220247686,volatile,1.2932142071557275,classical_true_compute_transfer,OK,1.2932142071557275,True,1.4552933291804961,0.1620791220247686,volatile,1.2932142071557275,0.0,0.0,qaoa_transfer_vs_classical_true_compute_transfer,qaoa_transfer
c23_normal_20251229_liquidity_constrained,qaoa_transfer,OK,1.042756609012775,False,1.136594331848378,0.07459419673417322,normal,1.136594331848378,classical_true_compute_transfer,OK,1.0620001351142048,True,1.136594331848378,0.07459419673417322,normal,1.0620001351142048,-0.07459419673417322,-1.0,qaoa_transfer_vs_classical_true_compute_transfer,qaoa_transfer
c24_volatile_20250403_diversified,qaoa_transfer,SHORTFALL,1.249128018260874,True,1.6495913864989733,0.40046336823809936,volatile,1.249128018260874,classical_true_compute_transfer,OK,1.249128018260874,True,1.6495913864989733,0.40046336823809936,volatile,1.249128018260874,0.0,0.0,qaoa_transfer_vs_classical_true_compute_transfer,qaoa_transfer
c25_normal_20260304_banking_concentrated,qaoa_transfer,SHORTFALL,1.0646355166414536,True,1.5174152637603182,0.45288646247817343,normal,1.0646355166414536,classical_true_compute_transfer,OK,1.0645288012821448,True,1.5174152637603182,0.45288646247817343,normal,1.0645288012821448,-0.00010671535930883991,-0.0002356338026199734,qaoa_transfer_vs_classical_true_compute_transfer,qaoa_transfer
c26_volatile_20260309_high_volatility,qaoa_transfer,OK,1.1862461166930276,True,1.6654078136259067,0.47916169693287913,volatile,1.1862461166930276,classical_true_compute_transfer,OK,1.1862461166930276,True,1.6654078136259067,0.47916169693287913,volatile,1.1862461166930276,0.0,0.0,qaoa_transfer_vs_classical_true_compute_transfer,qaoa_transfer
c27_normal_20260513_high_cash,qaoa_transfer,SHORTFALL,0.8775637514858152,True,1.1400789939420428,0.2625152424562276,normal,0.8775637514858152,classical_true_compute_transfer,OK,0.8775637514858152,True,1.1400789939420428,0.2625152424562276,normal,0.8775637514858152,0.0,0.0,qaoa_transfer_vs_classical_true_compute_transfer,qaoa_transfer
c28_volatile_20260406_do_not_sell,qaoa_transfer,OK,1.160956826702228,True,1.2712174343433984,0.1102606076411703,volatile,1.160956826702228,classical_true_compute_transfer,OK,1.160956826702228,True,1.2712174343433984,0.1102606076411703,volatile,1.160956826702228,0.0,0.0,qaoa_transfer_vs_classical_true_compute_transfer,qaoa_transfer
c29_normal_20260708_liquidity_constrained,qaoa_transfer,OK,1.0459135587994062,True,1.121421659924344,0.07550810112493789,normal,1.0459135587994062,classical_true_compute_transfer,OK,1.0459135587994062,True,1.121421659924344,0.07550810112493789,normal,1.0459135587994062,0.0,0.0,qaoa_transfer_vs_classical_true_compute_transfer,qaoa_transfer
c30_volatile_20260722_diversified,qaoa_transfer,SHORTFALL,1.1758787501110244,True,1.5683403931904203,0.3924616430793959,volatile,1.1758787501110244,classical_true_compute_transfer,OK,1.1758787501110244,True,1.5683403931904203,0.3924616430793959,volatile,1.1758787501110244,0.0,0.0,qaoa_transfer_vs_classical_true_compute_transfer,qaoa_transfer
c01_normal_20240110_banking_concentrated,qaoa_transfer,OK,1.1072035915246048,True,1.5917891454957447,0.4846892324558998,normal,1.1072035915246048,random_uniform_compute_transfer,OK,1.1072035915246048,True,1.5917891454957447,0.4846892324558998,normal,1.1072035915246048,0.0,0.0,qaoa_transfer_vs_random_uniform_compute_transfer,qaoa_transfer
c03_stress_20250408_high_cash,qaoa_transfer,OK,0.8541364405495258,True,1.1297273177734215,0.27559087722389575,stress,0.8541364405495258,random_uniform_compute_transfer,OK,0.8593664775268636,True,1.1297273177734215,0.27559087722389575,stress,0.8593664775268636,0.005230036977337815,0.01897754029458974,qaoa_transfer_vs_random_uniform_compute_transfer,qaoa_transfer
c04_normal_20240318_do_not_sell,qaoa_transfer,OK,0.9369869324482872,True,1.0200766320938461,0.0830896996455589,normal,0.9369869324482872,random_uniform_compute_transfer,OK,0.9383111427376386,True,1.0200766320938461,0.0830896996455589,normal,0.9383111427376386,0.0013242102893513685,0.015937117296128615,qaoa_transfer_vs_random_uniform_compute_transfer,qaoa_transfer
c06_stress_20250509_diversified,qaoa_transfer,OK,0.9635762178653142,True,1.3319992732913546,0.36842305542604037,stress,0.9635762178653142,random_uniform_compute_transfer,OK,0.9707670209591034,True,1.3319992732913546,0.36842305542604037,stress,0.9707670209591034,0.0071908030937891665,0.01951778800996534,qaoa_transfer_vs_random_uniform_compute_transfer,qaoa_transfer
c07_normal_20240517_banking_concentrated,qaoa_transfer,OK,0.9753925994820462,True,1.437835812779654,0.46244321329760785,normal,0.9753925994820462,random_uniform_compute_transfer,OK,0.9759038880519144,True,1.437835812779654,0.46244321329760785,normal,0.9759038880519144,0.0005112885698682623,0.0011056245505742125,qaoa_transfer_vs_random_uniform_compute_transfer,qaoa_transfer
c09_stress_20250408_do_not_sell,qaoa_transfer,OK,1.0241457098206683,True,1.12069663636448,0.09655092654381137,stress,1.0241457098206683,random_uniform_compute_transfer,OK,1.0253018178048254,True,1.12069663636448,0.09655092654381137,stress,1.0253018178048254,0.0011561079841571065,0.011974074465587918,qaoa_transfer_vs_random_uniform_compute_transfer,qaoa_transfer
c10_normal_20240712_do_not_sell,qaoa_transfer,OK,0.8446883449537617,True,0.9188998518268888,0.07421150687312716,normal,0.8446883449537617,random_uniform_compute_transfer,OK,0.8460452221017768,True,0.9188998518268888,0.07421150687312716,normal,0.8460452221017768,0.0013568771480151343,0.018283918561778658,qaoa_transfer_vs_random_uniform_compute_transfer,qaoa_transfer
c11_volatile_20240904_liquidity_constrained,qaoa_transfer,OK,1.4131074820806448,True,1.57605185568186,0.16294437360121505,volatile,1.4131074820806448,random_uniform_compute_transfer,OK,1.4162711166512658,True,1.57605185568186,0.16294437360121505,volatile,1.4162711166512658,0.0031636345706209656,0.019415426876680908,qaoa_transfer_vs_random_uniform_compute_transfer,qaoa_transfer
c12_stress_20250509_banking_concentrated,qaoa_transfer,OK,0.9440610590020884,True,1.3765942817961214,0.43253322279403306,stress,0.9440610590020884,random_uniform_compute_transfer,OK,0.944707090244045,True,1.3765942817961214,0.43253322279403306,stress,0.944707090244045,0.0006460312419566128,0.0014935991223597748,qaoa_transfer_vs_random_uniform_compute_transfer,qaoa_transfer
c13_normal_20250401_banking_concentrated,qaoa_transfer,SHORTFALL,0.9032012191317376,True,1.3478989704201498,0.44482514836504006,normal,0.9032012191317376,random_uniform_compute_transfer,OK,0.9030738220551098,True,1.3478989704201498,0.44482514836504006,normal,0.9030738220551098,-0.00012739707662778876,-0.00028639809843494275,qaoa_transfer_vs_random_uniform_compute_transfer,qaoa_transfer
c14_volatile_20241002_high_volatility,qaoa_transfer,OK,1.29152063140661,True,1.7945963111226466,0.5030756797160365,volatile,1.29152063140661,random_uniform_compute_transfer,OK,1.300149105490653,True,1.7945963111226466,0.5030756797160365,volatile,1.300149105490653,0.008628474084042992,0.01715144347449548,qaoa_transfer_vs_random_uniform_compute_transfer,qaoa_transfer
c15_stress_20250408_liquidity_constrained,qaoa_transfer,OK,1.0164065462119305,True,1.1095062848658581,0.09309973865392762,stress,1.0164065462119305,random_uniform_compute_transfer,OK,1.0164065462119305,True,1.1095062848658581,0.09309973865392762,stress,1.0164065462119305,0.0,0.0,qaoa_transfer_vs_random_uniform_compute_transfer,qaoa_transfer
c16_normal_20250612_do_not_sell,qaoa_transfer,OK,1.1877491300813416,True,1.2914933031320537,0.10374417305071204,normal,1.1877491300813416,random_uniform_compute_transfer,OK,1.1895649547035858,True,1.2914933031320537,0.10374417305071204,normal,1.1895649547035858,0.0018158246222441665,0.017502907092011407,qaoa_transfer_vs_random_uniform_compute_transfer,qaoa_transfer
c17_volatile_20241030_liquidity_constrained,qaoa_transfer,OK,1.2685391628960696,True,1.4138695206749812,0.14533035777891157,volatile,1.2685391628960696,random_uniform_compute_transfer,OK,1.271438205245641,True,1.4138695206749812,0.14533035777891157,volatile,1.271438205245641,0.00289904234957139,0.01994794751679928,qaoa_transfer_vs_random_uniform_compute_transfer,qaoa_transfer
c18_stress_20250509_high_volatility,qaoa_transfer,OK,1.0241067762242877,True,1.4414685931957862,0.41736181697149877,stress,1.0241067762242877,random_uniform_compute_transfer,OK,1.0317973914817804,True,1.4414685931957862,0.41736181697149877,stress,1.0317973914817804,0.007690615257492706,0.018426734178267894,qaoa_transfer_vs_random_uniform_compute_transfer,qaoa_transfer
c19_normal_20250908_banking_concentrated,qaoa_transfer,SHORTFALL,1.0247878887762194,True,1.4699682630777366,0.44550755037059764,normal,1.0247878887762194,random_uniform_compute_transfer,OK,1.0248486893635516,True,1.4699682630777366,0.44550755037059764,normal,1.0248486893635516,6.0800587332154876e-05,0.0001364748751880358,qaoa_transfer_vs_random_uniform_compute_transfer,qaoa_transfer
c20_volatile_20241225_high_volatility,qaoa_transfer,OK,1.324201748735865,True,1.826336197921945,0.50213444918608,volatile,1.324201748735865,random_uniform_compute_transfer,OK,1.3332081207156974,True,1.826336197921945,0.50213444918608,volatile,1.3332081207156974,0.00900637197983234,0.017936176246084994,qaoa_transfer_vs_random_uniform_compute_transfer,qaoa_transfer
c21_normal_20251103_high_cash,qaoa_transfer,SHORTFALL,0.9081165149173002,True,1.1774175389025114,0.2693010239852113,normal,0.9081165149173002,random_uniform_compute_transfer,OK,0.9135649143852652,True,1.1774175389025114,0.2693010239852113,normal,0.9135649143852652,0.005448399467965048,0.020231632941225833,qaoa_transfer_vs_random_uniform_compute_transfer,qaoa_transfer
c22_volatile_20250123_do_not_sell,qaoa_transfer,OK,1.2932142071557275,True,1.4552933291804961,0.1620791220247686,volatile,1.2932142071557275,random_uniform_compute_transfer,OK,1.2961878492441383,True,1.4552933291804961,0.1620791220247686,volatile,1.2961878492441383,0.0029736420884107773,0.01834685461805717,qaoa_transfer_vs_random_uniform_compute_transfer,qaoa_transfer
c23_normal_20251229_liquidity_constrained,qaoa_transfer,OK,1.042756609012775,False,1.136594331848378,0.07459419673417322,normal,1.136594331848378,random_uniform_compute_transfer,OK,1.0636894405782773,True,1.136594331848378,0.07459419673417322,normal,1.0636894405782773,-0.07290489127010069,-0.9773533929175133,qaoa_transfer_vs_random_uniform_compute_transfer,qaoa_transfer
c24_volatile_20250403_diversified,qaoa_transfer,SHORTFALL,1.249128018260874,True,1.6495913864989733,0.40046336823809936,volatile,1.249128018260874,random_uniform_compute_transfer,OK,1.2572166678001762,True,1.6495913864989733,0.40046336823809936,volatile,1.2572166678001762,0.008088649539302217,0.020198225807492667,qaoa_transfer_vs_random_uniform_compute_transfer,qaoa_transfer
c25_normal_20260304_banking_concentrated,qaoa_transfer,SHORTFALL,1.0646355166414536,True,1.5174152637603182,0.45288646247817343,normal,1.0646355166414536,random_uniform_compute_transfer,OK,1.0645517219891156,True,1.5174152637603182,0.45288646247817343,normal,1.0645517219891156,-8.379465233798733e-05,-0.00018502353079724866,qaoa_transfer_vs_random_uniform_compute_transfer,qaoa_transfer
c26_volatile_20260309_high_volatility,qaoa_transfer,OK,1.1862461166930276,True,1.6654078136259067,0.47916169693287913,volatile,1.1862461166930276,random_uniform_compute_transfer,OK,1.193644677129942,True,1.6654078136259067,0.47916169693287913,volatile,1.193644677129942,0.0073985604369144475,0.015440634099663514,qaoa_transfer_vs_random_uniform_compute_transfer,qaoa_transfer
c27_normal_20260513_high_cash,qaoa_transfer,SHORTFALL,0.8775637514858152,True,1.1400789939420428,0.2625152424562276,normal,0.8775637514858152,random_uniform_compute_transfer,OK,0.8828032253584337,True,1.1400789939420428,0.2625152424562276,normal,0.8828032253584337,0.005239473872618472,0.019958741532854474,qaoa_transfer_vs_random_uniform_compute_transfer,qaoa_transfer
c28_volatile_20260406_do_not_sell,qaoa_transfer,OK,1.160956826702228,True,1.2712174343433984,0.1102606076411703,volatile,1.160956826702228,random_uniform_compute_transfer,OK,1.1631353800167106,True,1.2712174343433984,0.1102606076411703,volatile,1.1631353800167106,0.0021785533144824676,0.019758219740383654,qaoa_transfer_vs_random_uniform_compute_transfer,qaoa_transfer
c29_normal_20260708_liquidity_constrained,qaoa_transfer,OK,1.0459135587994062,True,1.121421659924344,0.07550810112493789,normal,1.0459135587994062,random_uniform_compute_transfer,OK,1.0490048797389695,True,1.121421659924344,0.07550810112493789,normal,1.0490048797389695,0.0030913209395633245,0.04094025533032986,qaoa_transfer_vs_random_uniform_compute_transfer,qaoa_transfer
c30_volatile_20260722_diversified,qaoa_transfer,SHORTFALL,1.1758787501110244,True,1.5683403931904203,0.3924616430793959,volatile,1.1758787501110244,random_uniform_compute_transfer,OK,1.1838274315815884,True,1.5683403931904203,0.3924616430793959,volatile,1.1838274315815884,0.007948681470564045,0.020253397015300188,qaoa_transfer_vs_random_uniform_compute_transfer,qaoa_transfer
