date,Adj Close,Close,High,Low,Open,Volume
2018-06-04,32076.396484375,34133.33203125,35000.0,34133.33203125,34133.33203125,8435520
2018-06-05,30071.625,32000.0,35333.33203125,32000.0,33033.33203125,4072500
2018-06-06,28818.640625,30666.666015625,32000.0,30333.333984375,31666.666015625,4816440
2018-06-07,30823.4140625,32800.0,32800.0,31033.333984375,31500.0,4129620
2018-06-08,32953.48828125,35066.66796875,35066.66796875,33166.66796875,33666.66796875,6025500
2018-06-11,34143.8203125,36333.33203125,36333.33203125,34400.0,34933.33203125,3689490
2018-06-12,32890.8359375,35000.0,36000.0,34300.0,36000.0,3417390
2018-06-13,33016.13671875,35133.33203125,36000.0,34833.33203125,35000.0,2318010
2018-06-14,32890.8359375,35000.0,35500.0,34500.0,35500.0,1851390
2018-06-15,32953.48828125,35066.66796875,35166.66796875,34500.0,35166.66796875,2170380
2018-06-18,31324.60546875,33333.33203125,35000.0,32666.666015625,34700.0,2477430
2018-06-19,29758.37890625,31666.666015625,32333.333984375,31000.0,31700.0,6278160
2018-06-20,29821.02734375,31733.333984375,32166.666015625,31033.333984375,31666.666015625,1664610
2018-06-21,29821.02734375,31733.333984375,31800.0,31100.0,31800.0,1493370
2018-06-22,29758.37890625,31666.666015625,31700.0,31200.0,31700.0,986130
2018-06-25,30040.298828125,31966.666015625,32333.333984375,31900.0,32000.0,2755020
2018-06-26,29758.37890625,31666.666015625,31833.333984375,31400.0,31466.666015625,1481370
2018-06-27,29319.833984375,31200.0,31666.666015625,31166.666015625,31166.666015625,1184580
2018-06-28,28881.2890625,30733.333984375,31166.666015625,29500.0,31000.0,3957690
2018-06-29,28724.666015625,30566.666015625,30666.666015625,29000.0,30333.333984375,4751100
2018-07-02,27534.330078125,29300.0,30600.0,29000.0,30600.0,2008710
2018-07-03,25623.529296875,27266.666015625,29433.333984375,27266.666015625,29166.666015625,6336690
2018-07-04,25372.931640625,27000.0,27000.0,25366.666015625,26833.333984375,9923850
2018-07-05,26453.630859375,28150.0,28850.0,27000.0,28850.0,1583450
2018-07-06,27064.462890625,28800.0,29000.0,27000.0,28000.0,1160990
2018-07-09,26782.541015625,28500.0,29200.0,27850.0,29000.0,631240
2018-07-10,25983.76171875,27650.0,28500.0,27500.0,28500.0,549100
2018-07-11,24198.259765625,25750.0,27100.0,25750.0,27100.0,1134570
2018-07-12,24433.193359375,26000.0,26000.0,25100.0,25100.0,686180
2018-07-13,24621.142578125,26200.0,26500.0,26000.0,26400.0,406500
2018-07-16,24621.142578125,26200.0,26200.0,25750.0,26000.0,430160
2018-07-17,25466.90625,27100.0,27500.0,25700.0,26200.0,1174520
2018-07-18,26265.685546875,27950.0,28500.0,27300.0,27500.0,1139340
2018-07-19,26218.6953125,27900.0,28000.0,27500.0,28000.0,680430
2018-07-20,26218.6953125,27900.0,27900.0,27200.0,27500.0,1473990
2018-07-23,24997.037109375,26600.0,27850.0,26600.0,27300.0,878370
2018-07-24,24997.037109375,26600.0,26600.0,26600.0,26600.0,0
2018-07-25,25137.998046875,26750.0,26850.0,24900.0,26800.0,3348190
2018-07-26,24245.24609375,25800.0,26250.0,25500.0,26000.0,645430
2018-07-27,24386.20703125,25950.0,26200.0,25600.0,25800.0,1427670
2018-07-30,24527.16796875,26100.0,26200.0,25900.0,25950.0,1438740
2018-07-31,26124.724609375,27800.0,27900.0,26000.0,26150.0,4690660
2018-08-01,25889.7890625,27550.0,28650.0,27150.0,27900.0,2060620
2018-08-02,26782.541015625,28500.0,28500.0,27000.0,27300.0,3507500
2018-08-03,26641.580078125,28350.0,28900.0,28000.0,28600.0,2418140
2018-08-06,26312.669921875,28000.0,28300.0,27800.0,28000.0,1478320
2018-08-07,26265.685546875,27950.0,28200.0,27400.0,27750.0,1670400
2018-08-08,26077.734375,27750.0,28150.0,27400.0,28150.0,1406450
2018-08-09,25748.828125,27400.0,28300.0,27400.0,27900.0,2342630
2018-08-10,25560.87890625,27200.0,27700.0,26400.0,27400.0,2362660
2018-08-13,25795.814453125,27450.0,27650.0,26800.0,27000.0,1369550
2018-08-14,25560.87890625,27200.0,27500.0,27000.0,27500.0,850440
2018-08-15,24903.0625,26500.0,27200.0,26500.0,27000.0,1030610
2018-08-16,24903.0625,26500.0,26900.0,25950.0,26500.0,1576340
2018-08-17,24903.0625,26500.0,26900.0,26500.0,26500.0,691890
2018-08-20,24903.0625,26500.0,26700.0,25900.0,26700.0,847610
2018-08-21,24903.0625,26500.0,26650.0,26250.0,26500.0,904270
2018-08-22,25044.021484375,26650.0,27400.0,26550.0,26700.0,1386850
2018-08-23,25137.998046875,26750.0,27150.0,26650.0,27000.0,1031560
2018-08-24,24997.037109375,26600.0,26950.0,26500.0,26750.0,817010
2018-08-27,24903.0625,26500.0,26850.0,26500.0,26600.0,1480540
2018-08-28,24668.12890625,26250.0,26800.0,26200.0,26600.0,1630740
2018-08-29,24574.154296875,26150.0,26350.0,26100.0,26250.0,778240
2018-08-30,24715.1171875,26300.0,26300.0,26050.0,26150.0,887840
2018-08-31,24715.1171875,26300.0,26850.0,26300.0,26300.0,1723040
2018-09-03,24715.1171875,26300.0,26300.0,26300.0,26300.0,0
2018-09-04,24527.16796875,26100.0,26600.0,26050.0,26300.0,991610
2018-09-05,24245.24609375,25800.0,26250.0,25750.0,26100.0,1052150
2018-09-06,23305.5078125,24800.0,25900.0,24800.0,25800.0,2694080
2018-09-07,23728.390625,25250.0,25300.0,24900.0,25000.0,2154200
2018-09-10,23963.32421875,25500.0,25500.0,25000.0,25400.0,1297720
2018-09-11,23869.3515625,25400.0,25500.0,25300.0,25450.0,780150
2018-09-12,23493.45703125,25000.0,25550.0,25000.0,25500.0,1460210
2018-09-13,23681.404296875,25200.0,25400.0,25000.0,25000.0,1105010
2018-09-14,23728.390625,25250.0,25400.0,25150.0,25200.0,1343360
2018-09-17,24480.181640625,26050.0,27000.0,25150.0,25250.0,2714630
2018-09-18,24574.154296875,26150.0,26150.0,25550.0,26050.0,1059520
2018-09-19,24997.037109375,26600.0,27050.0,26200.0,26200.0,2934180
2018-09-20,26312.669921875,28000.0,28000.0,26600.0,26600.0,5779740
2018-09-21,26594.591796875,28300.0,28450.0,27800.0,28000.0,4008110
2018-09-24,26406.64453125,28100.0,28450.0,27950.0,28300.0,2213810
2018-09-25,26312.669921875,28000.0,28200.0,27800.0,28000.0,2261840
2018-09-26,27158.43359375,28900.0,29350.0,27800.0,28000.0,4516320
2018-09-27,27628.302734375,29400.0,29650.0,29150.0,29200.0,3663710
2018-09-28,27393.369140625,29150.0,29650.0,29000.0,29500.0,3943650
2018-10-01,26923.5,28650.0,29250.0,28600.0,29150.0,2816100
2018-10-02,27346.3828125,29100.0,29400.0,28600.0,28600.0,3139750
2018-10-03,27581.318359375,29350.0,29500.0,29150.0,29400.0,1405830
2018-10-04,28380.095703125,30200.0,30200.0,29350.0,29500.0,3273230
2018-10-05,28004.201171875,29800.0,30250.0,29750.0,30100.0,3156560
2018-10-08,27581.318359375,29350.0,29750.0,29100.0,29100.0,2101380
2018-10-09,27957.212890625,29750.0,29750.0,29150.0,29400.0,2656380
2018-10-10,27910.2265625,29700.0,30100.0,29650.0,29800.0,1689250
2018-10-11,26171.708984375,27850.0,29100.0,27700.0,28200.0,4366960
2018-10-12,26970.48828125,28700.0,28800.0,27300.0,27850.0,2298230
2018-10-15,26500.6171875,28200.0,28750.0,28000.0,28700.0,2085500
2018-10-16,26970.48828125,28700.0,28900.0,28150.0,28150.0,1363410
2018-10-17,27346.3828125,29100.0,29300.0,28950.0,29300.0,1972280
2018-10-18,27158.43359375,28900.0,29100.0,28700.0,28800.0,1487880
2018-10-19,27252.408203125,29000.0,29000.0,28100.0,28400.0,1454000
2018-10-22,27064.462890625,28800.0,29200.0,28800.0,29000.0,2026290
2018-10-23,26124.724609375,27800.0,28800.0,26800.0,28800.0,2307530
2018-10-24,24903.0625,26500.0,28000.0,26500.0,27900.0,1535430
2018-10-25,24527.16796875,26100.0,26300.0,25100.0,25200.0,2454470
2018-10-26,24292.234375,25850.0,26900.0,25500.0,26900.0,1747390
2018-10-29,24151.2734375,25700.0,26000.0,25500.0,25800.0,1473740
2018-10-30,24245.24609375,25800.0,26100.0,25600.0,25700.0,1327540
2018-10-31,25278.95703125,26900.0,26900.0,26100.0,26100.0,1230140
2018-11-01,24527.16796875,26100.0,26950.0,26100.0,26950.0,802870
2018-11-02,24997.037109375,26600.0,26950.0,26200.0,26600.0,1048790
2018-11-05,25231.97265625,26850.0,26950.0,26500.0,26700.0,920120
2018-11-06,25325.947265625,26950.0,27400.0,26750.0,27400.0,1174180
2018-11-07,25372.931640625,27000.0,27200.0,26700.0,26700.0,1180500
2018-11-08,25372.931640625,27000.0,27500.0,26950.0,27500.0,710570
2018-11-09,24762.1015625,26350.0,26950.0,26350.0,26850.0,1090990
2018-11-12,24715.1171875,26300.0,26500.0,25850.0,26300.0,784460
2018-11-13,24198.259765625,25750.0,26000.0,25700.0,25700.0,947810
2018-11-14,23728.390625,25250.0,26000.0,25150.0,25600.0,1692450
2018-11-15,23728.390625,25250.0,25550.0,25050.0,25250.0,971850
2018-11-16,24151.2734375,25700.0,26400.0,25450.0,25500.0,645780
2018-11-19,24903.0625,26500.0,26700.0,25700.0,25700.0,1754860
2018-11-20,24809.08984375,26400.0,26550.0,26100.0,26300.0,1534530
2018-11-21,24903.0625,26500.0,26800.0,25900.0,26000.0,1028070
2018-11-22,24903.0625,26500.0,26900.0,24650.0,26900.0,901490
2018-11-23,24527.16796875,26100.0,26600.0,26100.0,26500.0,643390
2018-11-26,24386.20703125,25950.0,26450.0,25950.0,26000.0,1195560
2018-11-27,24433.193359375,26000.0,26500.0,25950.0,26300.0,1040020
2018-11-28,24574.154296875,26150.0,26150.0,25900.0,26000.0,668970
2018-11-29,24480.181640625,26050.0,26600.0,26050.0,26450.0,1304530
2018-11-30,24480.181640625,26050.0,26300.0,26000.0,26250.0,635260
2018-12-03,25560.87890625,27200.0,27200.0,26300.0,26500.0,3059840
2018-12-04,26124.724609375,27800.0,27950.0,27200.0,27200.0,2885160
2018-12-05,26312.669921875,28000.0,28300.0,27300.0,27500.0,3540000
2018-12-06,26453.630859375,28150.0,28450.0,27900.0,28000.0,2977170
2018-12-07,26312.669921875,28000.0,28500.0,27800.0,28200.0,2249340
2018-12-10,26547.60546875,28250.0,28350.0,27700.0,27900.0,3389080
2018-12-11,26594.591796875,28300.0,28500.0,28100.0,28350.0,2451470
2018-12-12,26594.591796875,28300.0,28300.0,28300.0,28300.0,0
2018-12-13,26970.48828125,28700.0,29150.0,28700.0,29000.0,2502500
2018-12-14,26923.5,28650.0,28800.0,28500.0,28500.0,2395670
2018-12-17,25748.828125,27400.0,28500.0,27400.0,28300.0,3335920
2018-12-18,25842.802734375,27500.0,27500.0,26700.0,27000.0,3565390
2018-12-19,25842.802734375,27500.0,27500.0,26950.0,27400.0,1152330
2018-12-20,25607.8671875,27250.0,27700.0,27100.0,27200.0,1096130
2018-12-21,25654.85546875,27300.0,27300.0,26700.0,27000.0,1436860
2018-12-24,25278.95703125,26900.0,27400.0,26900.0,27300.0,1250440
2018-12-25,24809.08984375,26400.0,26550.0,25800.0,26200.0,2408040
2018-12-26,24433.193359375,26000.0,26600.0,25950.0,26300.0,1965260
2018-12-27,24480.181640625,26050.0,26650.0,26050.0,26500.0,2093990
2018-12-28,24480.181640625,26050.0,26050.0,26050.0,26050.0,0
2018-12-31,24480.181640625,26050.0,26050.0,26050.0,26050.0,0
2019-01-01,24480.181640625,26050.0,26050.0,26050.0,26050.0,0
2019-01-02,24057.298828125,25600.0,26050.0,25600.0,26000.0,1329030
2019-01-03,23493.45703125,25000.0,25750.0,25000.0,25700.0,1811430
2019-01-04,23446.46875,24950.0,25000.0,23250.0,25000.0,2970830
2019-01-07,23587.4296875,25100.0,25500.0,25100.0,25150.0,1436930
2019-01-08,23587.4296875,25100.0,25200.0,25050.0,25150.0,843170
2019-01-09,24245.24609375,25800.0,26000.0,25100.0,25200.0,3192180
2019-01-10,24245.24609375,25800.0,25950.0,25750.0,25800.0,1644380
2019-01-11,24433.193359375,26000.0,26300.0,25850.0,25850.0,1623150
2019-01-14,24292.234375,25850.0,26050.0,25750.0,25900.0,2002420
2019-01-15,24903.0625,26500.0,26500.0,25850.0,25850.0,1853220
2019-01-16,24903.0625,26500.0,26750.0,26450.0,26600.0,1782580
2019-01-17,25044.021484375,26650.0,26850.0,26400.0,26500.0,1858980
2019-01-18,25137.998046875,26750.0,26950.0,26500.0,26800.0,1598890
2019-01-21,25748.828125,27400.0,27500.0,26900.0,26900.0,1951730
2019-01-22,25184.986328125,26800.0,27600.0,26800.0,27600.0,2368670
2019-01-23,24950.05078125,26550.0,26900.0,26550.0,26900.0,2092730
2019-01-24,25044.021484375,26650.0,26850.0,26450.0,26700.0,1537670
2019-01-25,25044.021484375,26650.0,27250.0,26650.0,26950.0,1710030
2019-01-28,24621.142578125,26200.0,26800.0,26050.0,26750.0,1864000
2019-01-29,24903.0625,26500.0,26500.0,25900.0,26200.0,2058540
2019-01-30,24997.037109375,26600.0,26700.0,26300.0,26500.0,1017170
2019-01-31,24903.0625,26500.0,26600.0,26300.0,26600.0,2606420
2019-02-01,25560.87890625,27200.0,27200.0,26300.0,26500.0,7859690
2019-02-04,25560.87890625,27200.0,27200.0,27200.0,27200.0,0
2019-02-05,25560.87890625,27200.0,27200.0,27200.0,27200.0,0
2019-02-06,25560.87890625,27200.0,27200.0,27200.0,27200.0,0
2019-02-07,25560.87890625,27200.0,27200.0,27200.0,27200.0,0
2019-02-08,25560.87890625,27200.0,27200.0,27200.0,27200.0,0
2019-02-11,25419.919921875,27050.0,27300.0,26800.0,27000.0,2504660
2019-02-12,25795.814453125,27450.0,27650.0,26950.0,27150.0,4957590
2019-02-13,25889.7890625,27550.0,27750.0,27400.0,27450.0,2519920
2019-02-14,25654.85546875,27300.0,27600.0,27250.0,27500.0,2290940
2019-02-15,25607.8671875,27250.0,27650.0,27100.0,27200.0,3355310
2019-02-18,25607.8671875,27250.0,27250.0,27250.0,27250.0,0
2019-02-19,25889.7890625,27550.0,28200.0,27400.0,27400.0,7850600
2019-02-20,25889.7890625,27550.0,27800.0,27450.0,27650.0,2760520
2019-02-21,25842.802734375,27500.0,27700.0,27300.0,27600.0,2102120
2019-02-22,26030.75,27700.0,28000.0,27400.0,27500.0,6443060
2019-02-25,26077.734375,27750.0,28000.0,27700.0,27900.0,3849680
2019-02-26,25795.814453125,27450.0,27850.0,27250.0,27700.0,3078620
2019-02-27,25560.87890625,27200.0,27500.0,27050.0,27450.0,4709200
2019-02-28,24903.0625,26500.0,27200.0,26400.0,27100.0,4845650
2019-03-01,24997.037109375,26600.0,26850.0,26400.0,26600.0,2342280
2019-03-04,25372.931640625,27000.0,27100.0,26700.0,26700.0,2834780
2019-03-05,25184.986328125,26800.0,27200.0,26700.0,26850.0,3227790
2019-03-06,25184.986328125,26800.0,26900.0,26650.0,26800.0,1004950
2019-03-07,25137.998046875,26750.0,27050.0,26750.0,26900.0,1428410
2019-03-08,24668.12890625,26250.0,26650.0,26250.0,26550.0,2892590
2019-03-11,24715.1171875,26300.0,26500.0,26250.0,26500.0,894870
2019-03-12,25184.986328125,26800.0,26800.0,26250.0,26600.0,1884510
2019-03-13,25513.892578125,27150.0,27550.0,26900.0,26900.0,4603520
2019-03-14,25278.95703125,26900.0,27250.0,26900.0,27200.0,1525640
2019-03-15,25231.97265625,26850.0,27200.0,26750.0,26900.0,1750100
2019-03-18,25419.919921875,27050.0,27250.0,26800.0,26950.0,3348820
2019-03-19,25137.998046875,26750.0,27200.0,26700.0,27050.0,2078600
2019-03-20,24997.037109375,26600.0,26750.0,26400.0,26750.0,1701020
2019-03-21,24527.16796875,26100.0,26750.0,26100.0,26750.0,2858380
2019-03-22,24527.16796875,26100.0,26300.0,25950.0,26150.0,2631920
2019-03-25,24057.298828125,25600.0,25900.0,25450.0,25500.0,2295560
2019-03-26,23963.32421875,25500.0,25900.0,25400.0,25600.0,2041810
2019-03-27,24198.259765625,25750.0,25800.0,25450.0,25700.0,1426910
2019-03-28,24010.314453125,25550.0,25800.0,25550.0,25650.0,798820
2019-03-29,24057.298828125,25600.0,25800.0,25550.0,25550.0,1656270
2019-04-01,24010.314453125,25550.0,25700.0,25500.0,25700.0,1213000
2019-04-02,23963.32421875,25500.0,25850.0,25450.0,25700.0,1197560
2019-04-03,23916.337890625,25450.0,25600.0,25400.0,25500.0,883080
2019-04-04,23916.337890625,25450.0,25550.0,25300.0,25500.0,1084530
2019-04-05,23869.3515625,25400.0,25500.0,25400.0,25500.0,790380
2019-04-08,23728.390625,25250.0,25400.0,25100.0,25400.0,1689220
2019-04-09,23822.36328125,25350.0,25650.0,25250.0,25400.0,1526530
2019-04-10,23587.4296875,25100.0,25500.0,25000.0,25300.0,1488230
2019-04-11,23587.4296875,25100.0,25200.0,25000.0,25050.0,837020
2019-04-12,23399.48046875,24900.0,25100.0,24850.0,25000.0,1318580
2019-04-15,23399.48046875,24900.0,24900.0,24900.0,24900.0,0
2019-04-16,23070.576171875,24550.0,24750.0,24400.0,24650.0,2097030
2019-04-17,23258.521484375,24750.0,25050.0,24650.0,24750.0,1022100
2019-04-18,22788.650390625,24250.0,24800.0,24250.0,24750.0,1478350
2019-04-19,22741.666015625,24200.0,24500.0,24200.0,24500.0,1116030
2019-04-22,22318.783203125,23750.0,24300.0,23650.0,24200.0,1544290
2019-04-23,22177.822265625,23600.0,23850.0,23550.0,23600.0,1850200
2019-04-24,22882.625,24350.0,24350.0,23700.0,23700.0,1995110
2019-04-25,22694.677734375,24150.0,24400.0,24150.0,24400.0,681910
2019-04-26,22694.677734375,24150.0,24200.0,24000.0,24050.0,898530
2019-04-29,22694.677734375,24150.0,24150.0,24150.0,24150.0,0
2019-04-30,22694.677734375,24150.0,24150.0,24150.0,24150.0,0
2019-05-01,22694.677734375,24150.0,24150.0,24150.0,24150.0,0
2019-05-02,22412.7578125,23850.0,24200.0,23800.0,24100.0,891770
2019-05-03,22553.71875,24000.0,24000.0,23650.0,23850.0,1727710
2019-05-06,21895.90234375,23300.0,23900.0,23100.0,23650.0,1903780
2019-05-07,21801.927734375,23200.0,23700.0,23100.0,23700.0,1294740
2019-05-08,21566.9921875,22950.0,23000.0,22650.0,23000.0,1748140
2019-05-09,21426.033203125,22800.0,23200.0,22800.0,22900.0,1330990
2019-05-10,21754.939453125,23150.0,23150.0,22800.0,23000.0,1679270
2019-05-13,21801.927734375,23200.0,23300.0,23100.0,23250.0,1130890
2019-05-14,21613.98046875,23000.0,23200.0,22850.0,23000.0,1432870
2019-05-15,22506.73046875,23950.0,24050.0,23000.0,23100.0,3260220
2019-05-16,22318.783203125,23750.0,24100.0,23650.0,24100.0,2139740
2019-05-17,22177.822265625,23600.0,23800.0,23550.0,23700.0,1740280
2019-05-20,22412.7578125,23850.0,23900.0,23400.0,23550.0,2117630
2019-05-21,22600.705078125,24050.0,24300.0,23850.0,23850.0,3217110
2019-05-22,22271.794921875,23700.0,24200.0,23700.0,24100.0,1706530
2019-05-23,22224.80859375,23650.0,23850.0,23550.0,23650.0,1377230
2019-05-24,21801.927734375,23200.0,23700.0,23200.0,23550.0,2380690
2019-05-27,21754.939453125,23150.0,23350.0,23100.0,23200.0,888140
2019-05-28,21707.953125,23100.0,23400.0,22900.0,23100.0,1428370
2019-05-29,21379.044921875,22750.0,23100.0,22750.0,23050.0,2073420
2019-05-30,21566.9921875,22950.0,23050.0,22500.0,22750.0,1454130
2019-05-31,21238.083984375,22600.0,23000.0,22600.0,22950.0,1452700
2019-06-03,20204.373046875,21500.0,22500.0,21500.0,22400.0,2710010
2019-06-04,19922.451171875,21200.0,21800.0,21100.0,21750.0,2334950
2019-06-05,20016.423828125,21300.0,21800.0,21300.0,21600.0,1078360
2019-06-06,20063.412109375,21350.0,21500.0,20900.0,21300.0,1377350
2019-06-07,20298.34765625,21600.0,21600.0,21350.0,21350.0,1426730
2019-06-10,20204.373046875,21500.0,21900.0,21300.0,21800.0,1692190
2019-06-11,20204.373046875,21500.0,21700.0,21450.0,21500.0,907130
2019-06-12,20016.423828125,21300.0,21600.0,21300.0,21500.0,672440
2019-06-13,19875.462890625,21150.0,21300.0,21100.0,21300.0,845890
2019-06-14,19922.451171875,21200.0,21450.0,21200.0,21200.0,1082100
2019-06-17,19546.556640625,20800.0,21350.0,20800.0,21300.0,2217430
2019-06-18,19076.685546875,20300.0,20950.0,20100.0,20900.0,3167100
2019-06-19,18888.73828125,20100.0,20650.0,20000.0,20600.0,2057320
2019-06-20,19358.607421875,20600.0,20800.0,20150.0,20200.0,3519910
2019-06-21,19546.556640625,20800.0,21100.0,20700.0,20800.0,1724400
2019-06-24,19640.529296875,20900.0,21050.0,20650.0,20700.0,1664740
2019-06-25,19499.568359375,20750.0,20900.0,20650.0,20650.0,1564890
2019-06-26,19170.66015625,20400.0,20700.0,20300.0,20550.0,1838710
2019-06-27,18982.712890625,20200.0,20500.0,20200.0,20400.0,1584550
2019-06-28,19123.673828125,20350.0,20400.0,19950.0,20350.0,2795060
2019-07-01,19734.501953125,21000.0,21100.0,20550.0,20550.0,4072480
2019-07-02,19640.529296875,20900.0,21250.0,20750.0,21100.0,2795670
2019-07-03,19546.556640625,20800.0,21000.0,20650.0,20750.0,1983500
2019-07-04,19546.556640625,20800.0,20800.0,20800.0,20800.0,0
2019-07-05,19546.556640625,20800.0,20800.0,20800.0,20800.0,0
2019-07-08,19546.556640625,20800.0,20800.0,20800.0,20800.0,0
2019-07-09,19546.556640625,20800.0,20800.0,20800.0,20800.0,0
2019-07-10,19546.556640625,20800.0,20800.0,20800.0,20800.0,0
2019-07-11,19546.556640625,20800.0,20800.0,20800.0,20800.0,0
2019-07-12,19546.556640625,20800.0,20800.0,20800.0,20800.0,0
2019-07-15,19546.556640625,20800.0,20800.0,20800.0,20800.0,0
2019-07-16,19546.556640625,20800.0,20800.0,20800.0,20800.0,0
2019-07-17,19828.4765625,21100.0,21300.0,21000.0,21300.0,2701360
2019-07-18,19640.529296875,20900.0,21100.0,20800.0,20950.0,2824630
2019-07-19,19922.451171875,21200.0,21300.0,21000.0,21000.0,3346840
2019-07-22,19781.4921875,21050.0,21300.0,20950.0,21150.0,2774500
2019-07-23,19781.4921875,21050.0,21150.0,21000.0,21050.0,1565740
2019-07-24,19687.517578125,20950.0,21200.0,20900.0,21100.0,2120730
2019-07-25,19687.517578125,20950.0,20950.0,20950.0,20950.0,0
2019-07-26,19687.517578125,20950.0,20950.0,20950.0,20950.0,0
2019-07-29,19687.517578125,20950.0,20950.0,20950.0,20950.0,0
2019-07-30,19687.517578125,20950.0,20950.0,20950.0,20950.0,0
2019-07-31,19311.62109375,20550.0,20700.0,20550.0,20700.0,1219550
2019-08-01,19452.58203125,20700.0,20700.0,20500.0,20600.0,1192180
2019-08-02,19311.62109375,20550.0,20700.0,20350.0,20400.0,3516660
2019-08-05,19170.66015625,20400.0,20550.0,20300.0,20400.0,2653940
2019-08-06,19170.66015625,20400.0,20400.0,20400.0,20400.0,0
2019-08-07,18888.73828125,20100.0,20400.0,20050.0,20300.0,1212000
2019-08-08,18982.712890625,20200.0,20250.0,20000.0,20100.0,1798980
2019-08-09,18982.712890625,20200.0,20200.0,20200.0,20200.0,0
2019-08-12,19029.69921875,20250.0,20350.0,20200.0,20200.0,840220
2019-08-13,19405.59375,20650.0,20700.0,20150.0,20200.0,2100020
2019-08-14,19593.541015625,20850.0,20950.0,20700.0,20850.0,1250150
2019-08-15,19734.501953125,21000.0,21000.0,20400.0,20400.0,2105150
2019-08-16,19734.501953125,21000.0,21000.0,21000.0,21000.0,0
2019-08-19,19734.501953125,21000.0,21000.0,21000.0,21000.0,0
2019-08-20,19734.501953125,21000.0,21000.0,21000.0,21000.0,0
2019-08-21,20345.33203125,21650.0,21800.0,21400.0,21650.0,2062850
2019-08-22,20345.33203125,21650.0,21850.0,21600.0,21650.0,1593030
2019-08-23,20345.33203125,21650.0,21650.0,21450.0,21600.0,1304670
2019-08-26,19969.4375,21250.0,21350.0,20950.0,21200.0,3277300
2019-08-27,20157.384765625,21450.0,21550.0,21300.0,21350.0,1805340
2019-08-28,20110.396484375,21400.0,21500.0,21350.0,21400.0,736990
2019-08-29,20063.412109375,21350.0,21400.0,21100.0,21400.0,948710
2019-08-30,20204.373046875,21500.0,21500.0,21250.0,21400.0,1236390
2019-09-02,20204.373046875,21500.0,21500.0,21500.0,21500.0,0
2019-09-03,20110.396484375,21400.0,21650.0,21400.0,21600.0,1136630
2019-09-04,20392.3203125,21700.0,21800.0,21250.0,21250.0,1989740
2019-09-05,20862.189453125,22200.0,22450.0,21700.0,21700.0,4417320
2019-09-06,20862.189453125,22200.0,22450.0,22100.0,22350.0,1189570
2019-09-09,20392.3203125,21700.0,22200.0,21650.0,22200.0,2274060
2019-09-10,20157.384765625,21450.0,21900.0,21450.0,21600.0,2538930
2019-09-11,20439.306640625,21750.0,21750.0,21400.0,21500.0,1009440
2019-09-12,20627.25390625,21950.0,22000.0,21700.0,21750.0,1835330
2019-09-13,21285.0703125,22650.0,22650.0,21900.0,21900.0,5546230
2019-09-16,21238.083984375,22600.0,22750.0,22450.0,22650.0,1846340
2019-09-17,21238.083984375,22600.0,22700.0,22450.0,22500.0,1689630
2019-09-18,21238.083984375,22600.0,22750.0,22400.0,22500.0,2613940
2019-09-19,21566.9921875,22950.0,22950.0,22500.0,22600.0,3116360
2019-09-20,21754.939453125,23150.0,23200.0,22950.0,23000.0,2046450
2019-09-23,21285.0703125,22650.0,23250.0,22650.0,23200.0,2643620
2019-09-24,21238.083984375,22600.0,22800.0,22550.0,22650.0,2698720
2019-09-25,21285.0703125,22650.0,22750.0,22400.0,22600.0,1603250
2019-09-26,21707.953125,23100.0,23150.0,22650.0,22650.0,2315980
2019-09-27,21801.927734375,23200.0,23350.0,23000.0,23100.0,2199880
2019-09-30,21942.888671875,23350.0,23500.0,23150.0,23300.0,2640100
2019-10-01,22318.783203125,23750.0,23750.0,23150.0,23350.0,2328320
2019-10-02,22318.783203125,23750.0,23950.0,23600.0,23700.0,2720060
2019-10-03,22365.771484375,23800.0,23800.0,23350.0,23500.0,2152040
2019-10-04,22177.822265625,23600.0,23950.0,23500.0,23850.0,2380040
2019-10-07,21754.939453125,23150.0,23650.0,23150.0,23650.0,2959530
2019-10-08,22130.8359375,23550.0,23550.0,23150.0,23150.0,1939340
2019-10-09,22224.80859375,23650.0,23650.0,23450.0,23600.0,1287970
2019-10-10,22224.80859375,23650.0,23750.0,23550.0,23550.0,721560
2019-10-11,22177.822265625,23600.0,23700.0,23550.0,23600.0,859400
2019-10-14,22459.744140625,23900.0,24200.0,23600.0,23700.0,5147390
2019-10-15,22788.650390625,24250.0,24250.0,23600.0,23850.0,2505730
2019-10-16,22976.6015625,24450.0,24550.0,24300.0,24300.0,2027890
2019-10-17,22929.611328125,24400.0,24400.0,24150.0,24400.0,2372790
2019-10-18,22929.611328125,24400.0,24600.0,24300.0,24400.0,1217000
2019-10-21,22459.744140625,23900.0,24400.0,23600.0,24400.0,1602090
2019-10-22,22553.71875,24000.0,24000.0,23750.0,23900.0,1259780
2019-10-23,22506.73046875,23950.0,24000.0,23800.0,24000.0,1210010
2019-10-24,22412.7578125,23850.0,24000.0,23750.0,24000.0,1437210
2019-10-25,22412.7578125,23850.0,23900.0,23700.0,23900.0,1383270
2019-10-28,22365.771484375,23800.0,24000.0,23750.0,23950.0,1637090
2019-10-29,22271.794921875,23700.0,23800.0,23550.0,23800.0,1432590
2019-10-30,22365.771484375,23800.0,24000.0,23600.0,23700.0,1505720
2019-10-31,22271.794921875,23700.0,23950.0,23700.0,23800.0,1249530
2019-11-01,22318.783203125,23750.0,23850.0,23600.0,23700.0,1276580
2019-11-04,22882.625,24350.0,24400.0,23750.0,23900.0,3950490
2019-11-05,23258.521484375,24750.0,24900.0,24400.0,24500.0,2664570
2019-11-06,23258.521484375,24750.0,24850.0,24650.0,24850.0,1670500
2019-11-07,23305.5078125,24800.0,24800.0,24650.0,24800.0,1200940
2019-11-08,23587.4296875,25100.0,25150.0,24800.0,24800.0,4107220
2019-11-11,23634.416015625,25150.0,25500.0,25050.0,25200.0,3594060
2019-11-12,23634.416015625,25150.0,25200.0,25000.0,25050.0,1410930
2019-11-13,23258.521484375,24750.0,25300.0,24750.0,25300.0,3308350
2019-11-14,23211.53515625,24700.0,24750.0,24450.0,24700.0,1789980
2019-11-15,23399.48046875,24900.0,24950.0,24400.0,24700.0,1355990
2019-11-18,22976.6015625,24450.0,24950.0,24450.0,24900.0,1327810
2019-11-19,23258.521484375,24750.0,24800.0,24450.0,24450.0,986340
2019-11-20,22929.611328125,24400.0,24900.0,24300.0,24800.0,1185900
2019-11-21,22083.84765625,23500.0,24400.0,23500.0,24350.0,4049470
2019-11-22,21660.966796875,23050.0,24000.0,22800.0,24000.0,2348690
2019-11-25,21895.90234375,23300.0,23300.0,22850.0,23100.0,1110080
2019-11-26,22036.86328125,23450.0,23500.0,23300.0,23400.0,995420
2019-11-27,21942.888671875,23350.0,23600.0,23350.0,23500.0,816030
2019-11-28,21520.005859375,22900.0,23350.0,22900.0,23350.0,1133640
2019-11-29,21520.005859375,22900.0,23100.0,22750.0,23000.0,754400
2019-12-02,21332.05859375,22700.0,23050.0,22600.0,22950.0,1156110
2019-12-06,21754.939453125,23150.0,23400.0,23100.0,23250.0,509280
2019-12-09,21426.033203125,22800.0,23250.0,22700.0,23150.0,799820
2019-12-10,21050.134765625,22400.0,22800.0,22300.0,22750.0,1281250
2019-12-11,21332.05859375,22700.0,22750.0,22500.0,22500.0,795470
2019-12-12,21754.939453125,23150.0,23300.0,22650.0,22650.0,1024340
2019-12-13,21754.939453125,23150.0,23250.0,23000.0,23200.0,903570
2019-12-16,21754.939453125,23150.0,23150.0,22900.0,23000.0,837370
2019-12-17,21379.044921875,22750.0,23150.0,22750.0,23100.0,797100
2019-12-18,21332.05859375,22700.0,22800.0,22600.0,22700.0,681130
2019-12-19,21003.150390625,22350.0,22750.0,22300.0,22600.0,1746590
2019-12-20,21426.033203125,22800.0,22800.0,22400.0,22400.0,653220
2019-12-23,21707.953125,23100.0,23250.0,22900.0,23000.0,2394730
2019-12-24,21613.98046875,23000.0,23150.0,22850.0,23150.0,419130
2019-12-25,21613.98046875,23000.0,23150.0,22950.0,23000.0,598950
2019-12-26,21660.966796875,23050.0,23050.0,22900.0,23000.0,855750
2019-12-27,21801.927734375,23200.0,23200.0,22950.0,23050.0,819850
2019-12-30,22036.86328125,23450.0,23950.0,23350.0,23500.0,2452800
2019-12-31,22130.8359375,23550.0,23750.0,23450.0,23450.0,731740
2020-01-01,22130.8359375,23550.0,23550.0,23550.0,23550.0,0
2020-01-02,22365.771484375,23800.0,23850.0,23500.0,23550.0,1387610
2020-01-03,22224.80859375,23650.0,23950.0,23650.0,23900.0,756700
2020-01-06,21660.966796875,23050.0,23400.0,23050.0,23400.0,1162990
2020-01-07,21801.927734375,23200.0,23200.0,23000.0,23050.0,1043300
2020-01-08,21379.044921875,22750.0,23050.0,22600.0,22800.0,1710390
2020-01-09,21660.966796875,23050.0,23100.0,22850.0,23000.0,2009840
2020-01-10,21754.939453125,23150.0,23500.0,23000.0,23000.0,3679110
2020-01-13,21566.9921875,22950.0,23150.0,22750.0,23000.0,892360
2020-01-14,21520.005859375,22900.0,23050.0,22900.0,22950.0,1804950
2020-01-15,21520.005859375,22900.0,23000.0,22800.0,22900.0,1929280
2020-01-16,21895.90234375,23300.0,23350.0,22900.0,22900.0,4383720
2020-01-17,21989.873046875,23400.0,23600.0,23300.0,23400.0,1875160
2020-01-20,21942.888671875,23350.0,23450.0,23200.0,23300.0,2019730
2020-01-21,22600.705078125,24050.0,24050.0,23400.0,23450.0,7458340
2020-01-22,22741.666015625,24200.0,24250.0,23950.0,24250.0,2309150
2020-01-23,22741.666015625,24200.0,24200.0,24200.0,24200.0,0
2020-01-24,22741.666015625,24200.0,24200.0,24200.0,24200.0,0
2020-01-27,22741.666015625,24200.0,24200.0,24200.0,24200.0,0
2020-01-28,22741.666015625,24200.0,24200.0,24200.0,24200.0,0
2020-01-29,22741.666015625,24200.0,24200.0,24200.0,24200.0,0
2020-01-30,21520.005859375,22900.0,23800.0,22750.0,23500.0,4013510
2020-01-31,20298.34765625,21600.0,22900.0,21600.0,22650.0,6118460
2020-02-03,20157.384765625,21450.0,22100.0,20350.0,20500.0,4258750
2020-02-04,20439.306640625,21750.0,21900.0,21200.0,21500.0,2196570
2020-02-05,20439.306640625,21750.0,22150.0,21550.0,22000.0,2433210
2020-02-06,21003.150390625,22350.0,22450.0,21500.0,21650.0,2677150
2020-02-07,20815.201171875,22150.0,22350.0,21900.0,22350.0,1965440
2020-02-10,20533.279296875,21850.0,22000.0,21650.0,21900.0,1304360
2020-02-11,20815.201171875,22150.0,22300.0,21850.0,21850.0,1353360
2020-02-12,21285.0703125,22650.0,22950.0,22200.0,22300.0,3157240
2020-02-13,21238.083984375,22600.0,22650.0,22400.0,22550.0,1823230
2020-02-14,21895.90234375,23300.0,23400.0,22900.0,23100.0,4375740
2020-02-17,22365.771484375,23800.0,23900.0,23250.0,23400.0,6393370
2020-02-18,22271.794921875,23700.0,24100.0,23550.0,23800.0,4268770
2020-02-19,22224.80859375,23650.0,23700.0,23450.0,23600.0,1980690
2020-02-20,22083.84765625,23500.0,23900.0,23300.0,23700.0,2950950
2020-02-21,21707.953125,23100.0,23700.0,23100.0,23400.0,2959980
2020-02-24,20204.373046875,21500.0,22750.0,21500.0,22750.0,7508070
2020-02-25,20862.189453125,22200.0,22250.0,20800.0,21000.0,3236900
2020-02-26,21003.150390625,22350.0,22500.0,21600.0,21750.0,2243500
2020-02-27,21379.044921875,22750.0,22750.0,22200.0,22350.0,2324050
2020-02-28,20909.17578125,22250.0,22400.0,21850.0,22000.0,2433150
2020-03-02,21144.109375,22500.0,22650.0,22100.0,22400.0,2567350
2020-03-03,21144.109375,22500.0,23000.0,22500.0,22850.0,2162150
2020-03-05,20956.1640625,22300.0,22850.0,22300.0,22550.0,2022250
2020-03-06,20721.228515625,22050.0,22200.0,21800.0,22200.0,2247920
2020-03-09,19311.62109375,20550.0,21000.0,20550.0,20650.0,4584600
2020-03-10,19452.58203125,20700.0,21000.0,20100.0,20400.0,3161970
2020-03-11,18136.94921875,19300.0,20950.0,19300.0,20800.0,5626550
2020-03-12,16868.302734375,17950.0,18500.0,17950.0,18000.0,4054760
2020-03-13,17150.22265625,18250.0,18550.0,16700.0,16700.0,4332700
2020-03-16,16398.43359375,17450.0,18250.0,17200.0,18250.0,3645430
2020-03-17,16868.302734375,17950.0,17950.0,16850.0,17000.0,3112070
2020-03-18,16868.302734375,17950.0,18200.0,17700.0,18100.0,1908520
2020-03-19,16210.484375,17250.0,17800.0,17150.0,17600.0,2214980
2020-03-20,16304.45703125,17350.0,17500.0,17150.0,17450.0,1878140
2020-03-23,15176.7734375,16150.0,17000.0,16150.0,16200.0,3265510
2020-03-24,15129.7861328125,16100.0,16500.0,16000.0,16500.0,3209920
2020-03-25,15599.6552734375,16600.0,16700.0,16300.0,16500.0,2952270
2020-03-26,15129.7861328125,16100.0,16600.0,16100.0,16600.0,1487540
2020-03-27,15035.8125,16000.0,16200.0,15600.0,16150.0,2746330
2020-03-30,14002.1005859375,14900.0,15500.0,14900.0,15100.0,3360230
2020-03-31,14096.0732421875,15000.0,15500.0,14000.0,15000.0,1578850
2020-04-01,14565.9423828125,15500.0,15600.0,14350.0,15000.0,1316380
2020-04-02,14565.9423828125,15500.0,15500.0,15500.0,15500.0,0
2020-04-03,14894.8505859375,15850.0,15950.0,15500.0,15500.0,1433510
2020-04-06,15928.5634765625,16950.0,16950.0,16100.0,16200.0,2966040
2020-04-07,15928.5634765625,16950.0,17200.0,16800.0,17000.0,2424610
2020-04-08,15693.6279296875,16700.0,16800.0,16300.0,16800.0,1408000
2020-04-09,15881.576171875,16900.0,17150.0,16850.0,17100.0,2199830
2020-04-10,15740.615234375,16750.0,16950.0,16650.0,16700.0,1495400
2020-04-13,16163.4970703125,17200.0,17600.0,16750.0,16750.0,2564400
2020-04-14,16116.51171875,17150.0,17350.0,16900.0,17350.0,1446850
2020-04-15,16492.408203125,17550.0,17550.0,17200.0,17300.0,2536130
2020-04-16,16492.408203125,17550.0,17550.0,17200.0,17500.0,1858330
2020-04-17,16680.353515625,17750.0,17850.0,17500.0,17800.0,2252420
2020-04-20,16633.3671875,17700.0,17950.0,17500.0,17900.0,1847520
2020-04-21,15834.58984375,16850.0,17400.0,16700.0,17300.0,3045020
2020-04-22,15881.576171875,16900.0,17200.0,16250.0,16250.0,1742290
2020-04-23,15928.5634765625,16950.0,17300.0,16950.0,17200.0,1401680
2020-04-24,16069.5244140625,17100.0,17150.0,16900.0,17100.0,851770
2020-04-27,16022.5361328125,17050.0,17250.0,17000.0,17100.0,962880
2020-04-28,16069.5244140625,17100.0,17150.0,16850.0,17150.0,921180
2020-04-29,16069.5244140625,17100.0,17100.0,17100.0,17100.0,0
2020-04-30,16069.5244140625,17100.0,17100.0,17100.0,17100.0,0
2020-05-01,16069.5244140625,17100.0,17100.0,17100.0,17100.0,0
2020-05-04,16351.4462890625,17400.0,17700.0,17150.0,17200.0,2018840
2020-05-05,16351.4462890625,17400.0,17600.0,17350.0,17500.0,546010
2020-05-06,16492.408203125,17550.0,17550.0,17250.0,17550.0,1175100
2020-05-07,16633.3671875,17700.0,17700.0,17450.0,17550.0,2409540
2020-05-08,17761.05078125,18900.0,18900.0,17700.0,17700.0,7260470
2020-05-11,18982.712890625,20200.0,20200.0,19350.0,19500.0,4765680
2020-05-12,19358.607421875,20600.0,20750.0,19600.0,20100.0,3555810
2020-05-13,19358.607421875,20600.0,20700.0,19800.0,20300.0,4746350
2020-05-14,19264.634765625,20500.0,20600.0,20100.0,20400.0,3351270
2020-05-15,19264.634765625,20500.0,20500.0,20500.0,20500.0,0
2020-05-18,19264.634765625,20500.0,20500.0,20500.0,20500.0,0
2020-05-19,20110.396484375,21400.0,21400.0,20950.0,21350.0,4135900
2020-05-20,20110.396484375,21400.0,21400.0,21400.0,21400.0,0
2020-05-21,20674.240234375,22000.0,22000.0,20850.0,21050.0,3539410
2020-05-22,19781.4921875,21050.0,21600.0,21050.0,21600.0,3322040
2020-05-25,19781.4921875,21050.0,21300.0,20950.0,21100.0,1962970
2020-05-26,20016.423828125,21300.0,21300.0,21000.0,21100.0,2220450
2020-05-27,19640.529296875,20900.0,21400.0,20900.0,21200.0,2673490
2020-05-28,19640.529296875,20900.0,21200.0,20800.0,20900.0,1584390
2020-05-29,19452.58203125,20700.0,20950.0,20700.0,20850.0,1101170
2020-06-01,20016.423828125,21300.0,21300.0,20800.0,20800.0,2341100
2020-06-02,19875.462890625,21150.0,21500.0,21100.0,21500.0,2469400
2020-06-03,20063.412109375,21350.0,21450.0,21150.0,21150.0,2064360
2020-06-04,19922.451171875,21200.0,21450.0,21200.0,21400.0,2216760
2020-06-05,19922.451171875,21200.0,21200.0,21200.0,21200.0,0
2020-06-08,19922.451171875,21200.0,21200.0,21200.0,21200.0,0
2020-06-09,19922.451171875,21200.0,21200.0,21200.0,21200.0,0
2020-06-10,20533.279296875,21850.0,21950.0,21250.0,21350.0,2295880
2020-06-11,19640.529296875,20900.0,21900.0,20900.0,21900.0,3478310
2020-06-12,19875.462890625,21150.0,21250.0,20500.0,20600.0,3715000
2020-06-15,18888.73828125,20100.0,21100.0,20050.0,21100.0,2302220
2020-06-16,19358.607421875,20600.0,20600.0,20300.0,20500.0,1487150
2020-06-17,19076.685546875,20300.0,20600.0,20250.0,20600.0,1416900
2020-06-18,18982.712890625,20200.0,20450.0,20200.0,20300.0,625890
2020-06-19,19264.634765625,20500.0,20500.0,20200.0,20200.0,632650
2020-06-22,19499.568359375,20750.0,20950.0,20500.0,20950.0,1166650
2020-06-23,19405.59375,20650.0,20800.0,20600.0,20750.0,1173850
2020-06-24,19264.634765625,20500.0,20750.0,20400.0,20700.0,860730
2020-06-25,18982.712890625,20200.0,20400.0,20100.0,20200.0,1162400
2020-06-26,19123.673828125,20350.0,20500.0,20150.0,20500.0,668030
2020-06-29,18465.85546875,19650.0,20100.0,19600.0,20000.0,1752070
2020-06-30,18371.8828125,19550.0,19900.0,19100.0,19750.0,1290510
2020-07-01,18606.818359375,19800.0,19900.0,19450.0,19500.0,751460
2020-07-02,18559.830078125,19750.0,19950.0,19500.0,19950.0,820250
2020-07-03,18606.818359375,19800.0,19800.0,19550.0,19750.0,593390
2020-07-06,19029.69921875,20250.0,20250.0,19800.0,19800.0,1220550
2020-07-07,19029.69921875,20250.0,20400.0,20200.0,20300.0,895150
2020-07-08,18888.73828125,20100.0,20250.0,20100.0,20200.0,676840
2020-07-09,19687.517578125,20950.0,20950.0,20100.0,20250.0,3146430
2020-07-10,19687.517578125,20950.0,20950.0,20950.0,20950.0,0
2020-07-13,19076.685546875,20300.0,20800.0,20000.0,20800.0,1725580
2020-07-14,18888.73828125,20100.0,20300.0,20000.0,20200.0,1809120
2020-07-15,18888.73828125,20100.0,20100.0,20100.0,20100.0,0
2020-07-16,19734.501953125,21000.0,21000.0,20400.0,20600.0,1662150
2020-07-17,19358.607421875,20600.0,20800.0,20550.0,20700.0,1180670
2020-07-20,19264.634765625,20500.0,20650.0,20450.0,20500.0,1164560
2020-07-21,19264.634765625,20500.0,20550.0,20300.0,20500.0,818210
2020-07-22,19029.69921875,20250.0,20600.0,20250.0,20600.0,1224170
2020-07-23,19076.685546875,20300.0,20300.0,20100.0,20200.0,861140
2020-07-24,18324.896484375,19500.0,20300.0,19000.0,20300.0,2951240
2020-07-27,17056.248046875,18150.0,19200.0,18150.0,19100.0,2677650
2020-07-28,17620.091796875,18750.0,18800.0,18000.0,18200.0,2883870
2020-07-29,17056.248046875,18150.0,18400.0,17500.0,18300.0,1841250
2020-07-30,17479.130859375,18600.0,19000.0,17500.0,18200.0,974910
2020-07-31,17056.248046875,18150.0,18650.0,18150.0,18200.0,2304460
2020-08-03,17479.130859375,18600.0,18600.0,18150.0,18250.0,1247760
2020-08-04,17714.06640625,18850.0,19100.0,18750.0,18900.0,1210770
2020-08-05,18277.908203125,19450.0,19450.0,18700.0,18900.0,1917290
2020-08-06,18042.974609375,19200.0,19500.0,19100.0,19400.0,1860660
2020-08-07,17995.986328125,19150.0,19350.0,19050.0,19300.0,951190
2020-08-10,18230.921875,19400.0,19700.0,19300.0,19300.0,2743500
2020-08-11,18277.908203125,19450.0,19550.0,19300.0,19550.0,1334060
2020-08-12,18465.85546875,19650.0,19700.0,19450.0,19450.0,1634530
2020-08-13,18606.818359375,19800.0,19850.0,19600.0,19750.0,1584180
2020-08-14,18606.818359375,19800.0,20200.0,19650.0,19800.0,2588850
2020-08-17,18888.73828125,20100.0,20150.0,19750.0,19750.0,2732690
2020-08-18,18841.75390625,20050.0,20200.0,20000.0,20100.0,1410740
2020-08-19,18982.712890625,20200.0,20250.0,20000.0,20100.0,1132620
2020-08-20,18794.763671875,20000.0,20250.0,19850.0,20200.0,3659990
2020-08-21,19123.673828125,20350.0,20400.0,20100.0,20100.0,2817550
2020-08-24,19687.517578125,20950.0,21000.0,20500.0,20750.0,2749740
2020-08-25,20016.423828125,21300.0,21400.0,21000.0,21000.0,3775640
2020-08-26,19828.4765625,21100.0,21300.0,21000.0,21200.0,2116830
2020-08-27,19875.462890625,21150.0,21200.0,21000.0,21100.0,1792750
2020-08-28,20298.34765625,21600.0,21850.0,21250.0,21300.0,5154230
2020-08-31,20016.423828125,21300.0,21800.0,21250.0,21600.0,1793790
2020-09-01,20392.3203125,21700.0,21700.0,21100.0,21300.0,2171350
2020-09-02,20392.3203125,21700.0,21700.0,21700.0,21700.0,0
2020-09-03,20674.240234375,22000.0,22100.0,21700.0,21750.0,3326470
2020-09-04,20533.279296875,21850.0,21900.0,21700.0,21700.0,2276910
2020-09-07,19922.451171875,21200.0,21950.0,21200.0,21850.0,2350940
2020-09-08,20204.373046875,21500.0,21500.0,21050.0,21350.0,1935300
2020-09-09,19922.451171875,21200.0,21500.0,20950.0,21100.0,2762390
2020-09-10,20157.384765625,21450.0,21600.0,21300.0,21300.0,1524900
2020-09-11,20016.423828125,21300.0,21450.0,21100.0,21250.0,1236940
2020-09-14,20204.373046875,21500.0,21550.0,21300.0,21300.0,1578270
2020-09-15,20063.412109375,21350.0,21550.0,21350.0,21500.0,1835310
2020-09-16,20110.396484375,21400.0,21450.0,21250.0,21350.0,1258880
2020-09-17,20016.423828125,21300.0,21600.0,21250.0,21400.0,3654030
2020-09-18,20486.294921875,21800.0,21800.0,21350.0,21400.0,5334940
2020-09-21,20956.1640625,22300.0,22300.0,22000.0,22000.0,5874890
2020-09-22,21003.150390625,22350.0,22450.0,22050.0,22200.0,3669840
2020-09-23,20956.1640625,22300.0,22500.0,22250.0,22350.0,2941250
2020-09-24,21097.125,22450.0,22450.0,22100.0,22250.0,3988170
2020-09-25,21050.134765625,22400.0,22500.0,22250.0,22450.0,3497970
2020-09-28,21473.017578125,22850.0,23000.0,22250.0,22350.0,2811640
2020-09-29,21191.09765625,22550.0,23000.0,22550.0,22900.0,2973020
2020-09-30,21238.083984375,22600.0,22600.0,22300.0,22550.0,2357980
2020-10-01,21426.033203125,22800.0,22900.0,22600.0,22650.0,3497290
2020-10-02,21191.09765625,22550.0,23000.0,22350.0,22900.0,4381810
2020-10-05,21191.09765625,22550.0,22750.0,22250.0,22550.0,5363760
2020-10-06,21050.134765625,22400.0,22750.0,22200.0,22700.0,6850730
2020-10-07,20486.294921875,21800.0,22350.0,21800.0,22300.0,12159210
2020-10-08,20063.412109375,21350.0,22000.0,21350.0,21900.0,14366760
2020-10-09,20063.412109375,21350.0,21950.0,21300.0,21500.0,13523760
2020-10-12,19922.451171875,21200.0,21850.0,21200.0,21700.0,14203730
2020-10-13,20110.396484375,21400.0,21650.0,21200.0,21250.0,14215200
2020-10-14,21473.017578125,22850.0,22850.0,21600.0,21600.0,48630920
2020-10-15,21473.017578125,22850.0,23800.0,22800.0,23450.0,25323170
2020-10-16,21285.0703125,22650.0,23300.0,22600.0,22900.0,27075400
2020-10-19,21613.98046875,23000.0,23350.0,22850.0,22950.0,28506770
2020-10-20,22459.744140625,23900.0,24150.0,23000.0,23000.0,34662420
2020-10-21,22318.783203125,23750.0,24400.0,23700.0,24200.0,20951070
2020-10-22,22506.73046875,23950.0,24000.0,23500.0,23700.0,24408740
2020-10-23,22553.71875,24000.0,24200.0,23850.0,24100.0,28288440
2020-10-26,21942.888671875,23350.0,24950.0,23350.0,24400.0,24707670
2020-10-27,21895.90234375,23300.0,23950.0,23300.0,23800.0,30805330
2020-10-28,21050.134765625,22400.0,23450.0,22400.0,23300.0,32092220
2020-10-29,20486.294921875,21800.0,22700.0,21800.0,22100.0,36149460
2020-10-30,20063.412109375,21350.0,22250.0,21350.0,22100.0,28887760
2020-11-02,20110.396484375,21400.0,21850.0,21400.0,21600.0,22943680
2020-11-03,20674.240234375,22000.0,22450.0,21650.0,21800.0,27962010
2020-11-04,20815.201171875,22150.0,22600.0,22150.0,22350.0,21927670
2020-11-05,20486.294921875,21800.0,22350.0,21800.0,22150.0,19766660
2020-11-06,20298.34765625,21600.0,22000.0,21500.0,21900.0,15368880
2020-11-09,20721.228515625,22050.0,22200.0,21800.0,21850.0,17624180
2020-11-10,20768.21484375,22100.0,22550.0,22050.0,22500.0,21221910
2020-11-11,20674.240234375,22000.0,22400.0,22000.0,22200.0,14433190
2020-11-12,20956.1640625,22300.0,22300.0,22000.0,22100.0,10771120
2020-11-13,21613.98046875,23000.0,23150.0,22400.0,22400.0,22376970
2020-11-16,21520.005859375,22900.0,23400.0,22800.0,23400.0,25236270
2020-11-17,21942.888671875,23350.0,23350.0,22850.0,23000.0,17457030
2020-11-18,21942.888671875,23350.0,23600.0,23100.0,23300.0,22760740
2020-11-19,21989.873046875,23400.0,23600.0,23200.0,23350.0,16935520
2020-11-20,21989.873046875,23400.0,23500.0,23300.0,23500.0,13546080
2020-11-23,22177.822265625,23600.0,23650.0,23100.0,23400.0,17857230
2020-11-24,22224.80859375,23650.0,24000.0,23400.0,23700.0,22530770
2020-11-25,22177.822265625,23600.0,23950.0,23550.0,23950.0,13655890
2020-11-26,22177.822265625,23600.0,23700.0,23400.0,23650.0,13091570
2020-11-27,22271.794921875,23700.0,23900.0,23550.0,23600.0,12261190
2020-11-30,22647.69140625,24100.0,24400.0,23700.0,23950.0,24645230
2020-12-01,23023.5859375,24500.0,24500.0,23650.0,23800.0,22797760
2020-12-02,23587.4296875,25100.0,25300.0,24600.0,24600.0,27463650
2020-12-03,23493.45703125,25000.0,25500.0,25000.0,25100.0,17490250
2020-12-04,23305.5078125,24800.0,25000.0,24750.0,24850.0,16507860
2020-12-07,23540.443359375,25050.0,25200.0,24800.0,24800.0,13044510
2020-12-08,23493.45703125,25000.0,25200.0,24900.0,25200.0,14341140
2020-12-09,24198.259765625,25750.0,25900.0,25050.0,25100.0,19001670
2020-12-10,23775.37890625,25300.0,26000.0,25300.0,26000.0,18133060
2020-12-11,24104.28515625,25650.0,25650.0,25050.0,25300.0,14116670
2020-12-14,24621.142578125,26200.0,26300.0,25700.0,25900.0,15694300
2020-12-15,24574.154296875,26150.0,26350.0,25950.0,26100.0,13700860
2020-12-16,26265.685546875,27950.0,27950.0,26400.0,26450.0,29092450
2020-12-17,26641.580078125,28350.0,29350.0,27950.0,28000.0,29802380
2020-12-18,27440.357421875,29200.0,29250.0,28500.0,28500.0,15252570
2020-12-21,27628.302734375,29400.0,29900.0,29100.0,29500.0,22777010
2020-12-22,27628.302734375,29400.0,29400.0,29400.0,29400.0,0
2020-12-23,26970.48828125,28700.0,29250.0,28500.0,29200.0,19453550
2020-12-24,26265.685546875,27950.0,28900.0,26900.0,28900.0,26106600
2020-12-25,27769.265625,29550.0,29600.0,27700.0,27950.0,17113750
2020-12-28,27910.2265625,29700.0,30300.0,29500.0,29900.0,14471300
2020-12-29,27957.212890625,29750.0,29900.0,29500.0,29650.0,12909770
2020-12-30,28098.173828125,29900.0,30550.0,29700.0,29800.0,16579440
2020-12-31,29601.75390625,31500.0,31750.0,29900.0,29950.0,16486510
2021-01-01,29601.75390625,31500.0,31500.0,31500.0,31500.0,0
2021-01-04,31011.361328125,33000.0,33400.0,31900.0,32000.0,1860780
2021-01-05,31058.349609375,33050.0,33350.0,32550.0,32750.0,1428010
2021-01-06,31199.310546875,33200.0,34100.0,32950.0,33200.0,2022230
2021-01-07,32514.943359375,34600.0,34600.0,33400.0,33750.0,1638720
2021-01-08,33548.65625,35700.0,36250.0,34900.0,35000.0,1694790
2021-01-11,33125.7734375,35250.0,36250.0,35200.0,35750.0,1398030
2021-01-12,32984.81640625,35100.0,35500.0,34500.0,35000.0,1641820
2021-01-13,33031.796875,35150.0,36000.0,35100.0,35450.0,1139960
2021-01-14,33595.64453125,35750.0,35800.0,34850.0,35350.0,1199520
2021-01-15,34629.3515625,36850.0,37550.0,36250.0,36300.0,1735740
2021-01-18,34018.52734375,36200.0,37200.0,35900.0,37200.0,1337740
2021-01-19,31857.126953125,33900.0,36400.0,33700.0,35900.0,2279650
2021-01-20,32420.96875,34500.0,34750.0,32000.0,34200.0,2577230
2021-01-21,34018.52734375,36200.0,36200.0,34500.0,35250.0,1425330
2021-01-22,34112.49609375,36300.0,36900.0,35800.0,36450.0,1234740
2021-01-25,33642.625,35800.0,36350.0,35600.0,35750.0,1563960
2021-01-26,32890.8359375,35000.0,35800.0,33500.0,35500.0,1811140
2021-01-27,31481.23046875,33500.0,35250.0,32650.0,34250.0,1877540
2021-01-28,29319.833984375,31200.0,33000.0,31200.0,31500.0,2712110
2021-01-29,30071.625,32000.0,33350.0,29600.0,29600.0,2742090
2021-02-01,30259.572265625,32200.0,33500.0,31550.0,32000.0,1514670
2021-02-02,31951.099609375,34000.0,34100.0,31950.0,32200.0,1349890
2021-02-03,32890.8359375,35000.0,35500.0,34000.0,34500.0,1823870
2021-02-04,32890.8359375,35000.0,35600.0,34600.0,35000.0,1414140
2021-02-05,34112.49609375,36300.0,36300.0,35100.0,35300.0,1435820
2021-02-08,32890.8359375,35000.0,36500.0,34000.0,36300.0,2127280
2021-02-09,32890.8359375,35000.0,35000.0,35000.0,35000.0,0
2021-02-10,32890.8359375,35000.0,35000.0,35000.0,35000.0,0
2021-02-11,32890.8359375,35000.0,35000.0,35000.0,35000.0,0
2021-02-12,32890.8359375,35000.0,35000.0,35000.0,35000.0,0
2021-02-15,32890.8359375,35000.0,35000.0,35000.0,35000.0,0
2021-02-16,32890.8359375,35000.0,35000.0,35000.0,35000.0,0
2021-02-17,36085.94921875,38400.0,38400.0,36500.0,36900.0,2113400
2021-02-18,36555.81640625,38900.0,39200.0,38000.0,38500.0,1579130
2021-02-19,36367.87109375,38700.0,39100.0,38200.0,38200.0,1280130
2021-02-22,36273.8984375,38600.0,38850.0,38000.0,38650.0,1446680
2021-02-23,37401.578125,39800.0,40350.0,38800.0,38800.0,2638420
2021-02-24,37401.578125,39800.0,39800.0,39800.0,39800.0,0
2021-02-25,37401.578125,39800.0,39800.0,39800.0,39800.0,0
2021-02-26,36884.7265625,39250.0,39350.0,38300.0,38300.0,1526500
2021-03-01,37777.4765625,40200.0,40250.0,39300.0,39700.0,1262220
2021-03-02,37871.44921875,40300.0,40750.0,40000.0,40700.0,857680
2021-03-03,37918.4375,40350.0,40500.0,40000.0,40350.0,844190
2021-03-04,36696.77734375,39050.0,40500.0,38600.0,40400.0,1622830
2021-03-05,36837.73828125,39200.0,39350.0,38300.0,38900.0,1116960
2021-03-08,36508.83203125,38850.0,39700.0,38500.0,39500.0,1080710
2021-03-09,36602.8046875,38950.0,39300.0,38200.0,38600.0,1059410
2021-03-10,36931.7109375,39300.0,39400.0,38500.0,39000.0,905000
2021-03-11,37730.48828125,40150.0,40500.0,39450.0,39700.0,1536930
2021-03-12,37636.51953125,40050.0,40500.0,39750.0,40400.0,804680
2021-03-15,37683.5078125,40100.0,40500.0,39900.0,40200.0,863850
2021-03-16,37448.56640625,39850.0,40200.0,39300.0,40100.0,1157730
2021-03-17,37871.44921875,40300.0,40400.0,39700.0,40000.0,954280
2021-03-18,39422.01953125,41950.0,41950.0,40700.0,41200.0,1641010
2021-03-19,39469.00390625,42000.0,42150.0,41500.0,41500.0,741370
2021-03-22,38811.1875,41300.0,42000.0,41150.0,42000.0,1055450
2021-03-23,38012.41015625,40450.0,41400.0,40400.0,41100.0,1299770
2021-03-24,36931.7109375,39300.0,40450.0,39300.0,39800.0,1379210
2021-03-25,36978.69921875,39350.0,39800.0,39200.0,39400.0,1042080
2021-03-26,37025.6875,39400.0,39650.0,38400.0,39150.0,1018840
2021-03-29,37166.6484375,39550.0,39750.0,39150.0,39700.0,838060
2021-03-30,37636.51953125,40050.0,40400.0,39450.0,39700.0,1076830
2021-03-31,37965.42578125,40400.0,40950.0,40050.0,40200.0,1030410
2021-04-01,38529.26953125,41000.0,41000.0,40250.0,40500.0,1106580
2021-04-02,38764.203125,41250.0,41800.0,41200.0,41600.0,826130
2021-04-05,38999.13671875,41500.0,41800.0,41150.0,41700.0,1102560
2021-04-06,39656.953125,42200.0,42500.0,41100.0,41450.0,1495700
2021-04-07,39656.953125,42200.0,42550.0,41800.0,42000.0,772840
2021-04-08,39422.01953125,41950.0,42450.0,41700.0,42400.0,751880
2021-04-09,39093.11328125,41600.0,42000.0,41500.0,41700.0,802250
2021-04-12,39609.96484375,42150.0,42300.0,41600.0,42000.0,1499020
2021-04-13,39093.11328125,41600.0,42500.0,41500.0,42500.0,1510410
2021-04-14,39281.05859375,41800.0,41950.0,40900.0,41100.0,975330
2021-04-15,38435.29296875,40900.0,41950.0,40900.0,41950.0,1474510
2021-04-16,38012.41015625,40450.0,41200.0,39600.0,40800.0,1548870
2021-04-19,39093.11328125,41600.0,41700.0,40000.0,40800.0,1123440
2021-04-20,38670.2265625,41150.0,41900.0,40800.0,41550.0,1122500
2021-04-21,38670.2265625,41150.0,41150.0,41150.0,41150.0,0
2021-04-22,37307.609375,39700.0,41100.0,39700.0,40700.0,835280
2021-04-23,38059.3984375,40500.0,40550.0,39100.0,39750.0,1060070
2021-04-26,37072.671875,39450.0,40800.0,39450.0,40500.0,1215540
2021-04-27,37119.66015625,39500.0,40100.0,39350.0,39450.0,737000
2021-04-28,37542.54296875,39950.0,40400.0,39500.0,39500.0,606520
2021-04-29,38529.26953125,41000.0,41750.0,39950.0,40050.0,1796670
2021-04-30,38529.26953125,41000.0,41000.0,41000.0,41000.0,0
2021-05-03,38529.26953125,41000.0,41000.0,41000.0,41000.0,0
2021-05-04,40784.640625,43400.0,43400.0,40100.0,40300.0,3174980
2021-05-05,43180.97265625,45950.0,46400.0,44350.0,44400.0,2821480
2021-05-06,44261.671875,47100.0,47450.0,45050.0,45100.0,2676600
2021-05-07,44214.6875,47050.0,47800.0,46400.0,46800.0,2202750
2021-05-10,45201.41015625,48100.0,48400.0,46700.0,46700.0,1961140
2021-05-11,44167.6953125,47000.0,48250.0,47000.0,48100.0,1602180
2021-05-12,46282.109375,49250.0,49250.0,46700.0,46700.0,2355340
2021-05-13,45107.4375,48000.0,49850.0,48000.0,48950.0,1804520
2021-05-14,45718.26171875,48650.0,48950.0,48150.0,48900.0,1390530
2021-05-17,44966.4765625,47850.0,49100.0,47600.0,48750.0,1712360
2021-05-18,45436.34375,48350.0,48900.0,47550.0,47700.0,1691000
2021-05-19,47080.88671875,50100.0,50200.0,48400.0,48400.0,1746790
2021-05-20,47174.859375,50200.0,50800.0,49900.0,50700.0,1317130
2021-05-21,47738.703125,50800.0,51700.0,49850.0,50000.0,1885030
2021-05-24,47832.67578125,50900.0,51200.0,50400.0,50700.0,1466670
2021-05-25,48490.4921875,51600.0,52100.0,51200.0,51200.0,1056030
2021-05-26,49618.1796875,52800.0,53000.0,51200.0,51600.0,1650590
2021-05-27,48302.546875,51400.0,53500.0,50800.0,53200.0,1594160
2021-05-28,49806.125,53000.0,53300.0,51200.0,51700.0,2000270
2021-05-31,50463.9453125,53700.0,53700.0,52200.0,53200.0,1705460
2021-06-01,49900.1015625,53100.0,54300.0,53000.0,54100.0,1235820
2021-06-02,49618.1796875,52800.0,53300.0,51800.0,52900.0,2456090
2021-06-03,51497.65625,54800.0,55100.0,52800.0,53300.0,2373570
2021-06-04,51309.7109375,54600.0,55200.0,54000.0,54800.0,1337160
2021-06-07,49242.28515625,52400.0,54400.0,51000.0,53000.0,20392100
2021-06-08,49242.28515625,52400.0,52400.0,52400.0,52400.0,0
2021-06-09,47738.703125,50800.0,51100.0,49000.0,49700.0,22397000
2021-06-10,47080.88671875,50100.0,51200.0,50000.0,50800.0,10935100
2021-06-11,49430.234375,52600.0,53200.0,50100.0,50500.0,29600800
2021-06-14,49524.203125,52700.0,53300.0,52000.0,52700.0,16827800
2021-06-15,49148.30859375,52300.0,53200.0,52000.0,52600.0,19611800
2021-06-16,47644.7265625,50700.0,52200.0,50500.0,51500.0,20575900
2021-06-17,47174.859375,50200.0,50800.0,49500.0,49500.0,18677800
2021-06-18,47926.6484375,51000.0,51400.0,50600.0,51000.0,9956600
2021-06-21,47362.80859375,50400.0,51000.0,50000.0,50500.0,14920700
2021-06-22,47832.67578125,50900.0,51300.0,50300.0,50800.0,17224200
2021-06-23,48020.62890625,51100.0,52100.0,50600.0,50900.0,13102300
2021-06-24,47832.67578125,50900.0,51700.0,50600.0,51300.0,10692100
2021-06-25,48490.4921875,51600.0,51600.0,50400.0,51000.0,10947700
2021-06-28,50369.97265625,53600.0,54000.0,52200.0,52500.0,25721100
2021-06-29,50275.99609375,53500.0,53800.0,52800.0,53600.0,16059200
2021-06-30,49524.203125,52700.0,53800.0,52600.0,53400.0,11461700
2021-07-01,50088.04296875,53300.0,53500.0,52100.0,52900.0,19326700
2021-07-02,51027.78515625,54300.0,54900.0,53600.0,54200.0,29377200
2021-07-05,51027.78515625,54300.0,54300.0,54300.0,54300.0,0
2021-07-06,51027.78515625,54300.0,54300.0,54300.0,54300.0,0
2021-07-07,51027.78515625,54300.0,54300.0,54300.0,54300.0,0
2021-07-08,51027.78515625,54300.0,54300.0,54300.0,54300.0,0
2021-07-09,53189.18359375,56600.0,58500.0,55600.0,56100.0,38234300
2021-07-12,53189.18359375,56600.0,56600.0,56600.0,56600.0,0
2021-07-13,50651.89453125,53900.0,54300.0,52800.0,54100.0,20072400
2021-07-14,50651.89453125,53900.0,53900.0,53900.0,53900.0,0
2021-07-15,48960.36328125,52100.0,53200.0,50800.0,51000.0,20322400
2021-07-16,48960.36328125,52100.0,52100.0,52100.0,52100.0,0
2021-07-19,45107.4375,48000.0,50900.0,48000.0,50000.0,39327900
2021-07-20,46517.04296875,49500.0,49600.0,47000.0,48300.0,23861200
2021-07-21,47268.83203125,50300.0,51400.0,49600.0,50600.0,18598700
2021-07-22,48020.62890625,51100.0,51500.0,49800.0,50100.0,13886900
2021-07-23,46517.04296875,49500.0,51100.0,49500.0,50600.0,20067800
2021-07-26,46047.171875,49000.0,49650.0,48700.0,49000.0,14424400
2021-07-27,46751.9765625,49750.0,50300.0,49550.0,50000.0,13266100
2021-07-28,46704.9921875,49700.0,50300.0,49500.0,49750.0,7468600
2021-07-29,47550.7578125,50600.0,50800.0,50000.0,50100.0,12542100
2021-07-30,48020.62890625,51100.0,51600.0,50500.0,50700.0,16932500
2021-08-02,47738.703125,50800.0,51400.0,50600.0,51000.0,14030000
2021-08-03,48678.4375,51800.0,52000.0,50800.0,50800.0,22927700
2021-08-04,48678.4375,51800.0,51800.0,51800.0,51800.0,0
2021-08-05,49336.2578125,52500.0,52700.0,51700.0,51900.0,12021200
2021-08-06,48678.4375,51800.0,53200.0,51800.0,52500.0,16084300
2021-08-09,49336.2578125,52500.0,52700.0,51300.0,51500.0,15208100
2021-08-10,49336.2578125,52500.0,52500.0,52500.0,52500.0,0
2021-08-11,49148.30859375,52300.0,53500.0,51900.0,52300.0,20471000
2021-08-12,48866.38671875,52000.0,53000.0,52000.0,52400.0,11779000
2021-08-13,49054.3359375,52200.0,52200.0,51100.0,52000.0,15402000
2021-08-16,50745.86328125,54000.0,54400.0,52100.0,52300.0,30299500
2021-08-17,50745.86328125,54000.0,54000.0,54000.0,54000.0,0
2021-08-18,49618.1796875,52800.0,53500.0,52500.0,53000.0,12905800
2021-08-19,49806.125,53000.0,53300.0,52100.0,52500.0,18765300
2021-08-20,47456.78125,50500.0,53000.0,49800.0,52800.0,31461200
2021-08-23,45812.2421875,48750.0,50800.0,48750.0,50300.0,26003500
2021-08-24,46047.171875,49000.0,49200.0,48400.0,48750.0,16213400
2021-08-25,46188.1328125,49150.0,49200.0,48500.0,48900.0,9431100
2021-08-26,45389.35546875,48300.0,49350.0,48200.0,49300.0,10111900
2021-08-27,45154.421875,48050.0,48150.0,47000.0,47800.0,19689500
2021-08-30,46235.12109375,49200.0,49400.0,48100.0,48600.0,12298900
2021-08-31,45577.30078125,48500.0,49500.0,47000.0,49500.0,7773900
2021-09-01,45389.35546875,48300.0,48950.0,48200.0,48200.0,8530000
2021-09-02,45389.35546875,48300.0,48300.0,48300.0,48300.0,0
2021-09-03,45389.35546875,48300.0,48300.0,48300.0,48300.0,0
2021-09-06,46000.1875,48950.0,48950.0,47900.0,48650.0,12880500
2021-09-07,46658.00390625,49650.0,50400.0,49050.0,49050.0,11611100
2021-09-08,46658.00390625,49650.0,49650.0,49650.0,49650.0,0
2021-09-09,46329.09375,49300.0,49500.0,48500.0,48500.0,7854400
2021-09-10,46329.09375,49300.0,49800.0,49000.0,49800.0,7222000
2021-09-13,46000.1875,48950.0,49450.0,48900.0,49150.0,6802200
2021-09-14,45577.30078125,48500.0,49100.0,48500.0,48950.0,6142500
2021-09-15,45483.33203125,48400.0,48800.0,48100.0,48200.0,5037600
2021-09-16,46141.15234375,49100.0,49150.0,48600.0,48900.0,5523500
2021-09-17,46751.9765625,49750.0,49900.0,49200.0,49200.0,8274500
2021-09-20,47644.7265625,50700.0,51600.0,50100.0,50500.0,13074700
2021-09-21,47644.7265625,50700.0,50700.0,50700.0,50700.0,0
2021-09-22,47644.7265625,50700.0,50700.0,50700.0,50700.0,0
2021-09-23,47174.859375,50200.0,51300.0,50000.0,50600.0,8627900
2021-09-24,47550.7578125,50600.0,51500.0,50600.0,50700.0,736470000
2021-09-27,46517.04296875,49500.0,51100.0,49500.0,50700.0,6850300
2021-09-28,46798.9609375,49800.0,49850.0,48800.0,49300.0,5568700
2021-09-29,46423.0703125,49400.0,49750.0,48900.0,49200.0,5676700
2021-09-30,46611.015625,49600.0,50400.0,49600.0,49700.0,5275100
2021-10-01,46047.171875,49000.0,49800.0,48900.0,49600.0,6502800
2021-10-04,45436.34375,48350.0,48950.0,48300.0,48800.0,616719488
2021-10-05,46141.15234375,49100.0,49200.0,48600.0,48600.0,5889900
2021-10-06,46141.15234375,49100.0,49100.0,49100.0,49100.0,0
2021-10-07,46986.9140625,50000.0,50800.0,50000.0,50600.0,5414900
2021-10-08,46986.9140625,50000.0,50000.0,50000.0,50000.0,0
2021-10-11,46986.9140625,50000.0,50000.0,50000.0,50000.0,0
2021-10-12,49806.125,53000.0,53400.0,52600.0,53400.0,14216500
2021-10-13,49242.28515625,52400.0,53200.0,52300.0,53000.0,14188100
2021-10-14,49242.28515625,52400.0,52400.0,52400.0,52400.0,0
2021-10-15,49430.234375,52600.0,52900.0,52300.0,52900.0,11950400
2021-10-18,49430.234375,52600.0,52600.0,52600.0,52600.0,0
2021-10-19,49524.203125,52700.0,53000.0,52000.0,52900.0,14167300
2021-10-20,49994.07421875,53200.0,53900.0,52500.0,52800.0,22695300
2021-10-21,49712.15234375,52900.0,54000.0,52900.0,54000.0,15317400
2021-10-22,49148.30859375,52300.0,53000.0,52200.0,52900.0,11640600
2021-10-25,49148.30859375,52300.0,52300.0,52300.0,52300.0,0
2021-10-26,47926.6484375,51000.0,51000.0,49950.0,50400.0,20157800
2021-10-27,48396.51953125,51500.0,51800.0,50900.0,51200.0,16750100
2021-10-28,48678.4375,51800.0,52100.0,51500.0,52000.0,13859600
2021-10-29,48490.4921875,51600.0,52000.0,51300.0,51900.0,12744400
2021-11-01,48490.4921875,51600.0,51600.0,51600.0,51600.0,0
2021-11-02,48678.4375,51800.0,51600.0,51500.0,51800.0,15468300
2021-11-03,50463.9453125,53700.0,54200.0,52000.0,52300.0,64
2021-11-04,50088.04296875,53300.0,54200.0,52800.0,53700.0,18683600
2021-11-05,49806.125,53000.0,53500.0,52700.0,53500.0,13453700
2021-11-08,49430.234375,52600.0,53300.0,52300.0,52800.0,21189500
2021-11-09,49148.30859375,52300.0,53300.0,52300.0,53000.0,21533900
2021-11-10,48584.46875,51700.0,52700.0,51600.0,52600.0,19484600
2021-11-11,48396.51953125,51500.0,52400.0,50700.0,51700.0,21838500
2021-11-12,49336.2578125,52500.0,52700.0,51100.0,51400.0,12719800
2021-11-15,48866.38671875,52000.0,53000.0,51900.0,52800.0,11079700
2021-11-16,48866.38671875,52000.0,52900.0,51600.0,52000.0,12519700
2021-11-17,49054.3359375,52200.0,52400.0,51700.0,52000.0,12113200
2021-11-18,48396.51953125,51500.0,52200.0,51400.0,52000.0,12833900
2021-11-19,49148.30859375,52300.0,53400.0,51200.0,51800.0,29907300
2021-11-22,49900.1015625,53100.0,54800.0,52300.0,52300.0,23613400
2021-11-23,49430.234375,52600.0,53500.0,52400.0,53400.0,10596400
2021-11-24,52155.46875,55500.0,55700.0,52300.0,52600.0,52375300
2021-11-25,51591.62890625,54900.0,56000.0,54700.0,56000.0,17981000
2021-11-26,50745.86328125,54000.0,55500.0,53900.0,55100.0,21915600
2021-11-29,49148.30859375,52300.0,53400.0,52100.0,53000.0,28236300
2021-11-30,48678.4375,51800.0,53100.0,51500.0,53100.0,24494700
2021-12-01,49242.28515625,52400.0,52400.0,51500.0,51600.0,11339500
2021-12-02,48584.46875,51700.0,52600.0,51700.0,52400.0,8970600
2021-12-03,47174.859375,50200.0,52200.0,50200.0,52000.0,15571600
2021-12-06,46047.171875,49000.0,51000.0,48650.0,50300.0,22907100
2021-12-07,46986.9140625,50000.0,50300.0,49350.0,49600.0,8982100
2021-12-08,46986.9140625,50000.0,50800.0,49900.0,50200.0,7649900
2021-12-09,47362.80859375,50400.0,50400.0,49850.0,50000.0,5203500
2021-12-10,47174.859375,50200.0,50900.0,50100.0,50500.0,7507300
2021-12-13,46986.9140625,50000.0,50400.0,49950.0,50300.0,7440600
2021-12-14,47080.88671875,50100.0,50800.0,49850.0,50000.0,7138200
2021-12-15,47174.859375,50200.0,50800.0,49950.0,50300.0,6818200
2021-12-16,46845.953125,49850.0,50500.0,49850.0,50500.0,6325600
2021-12-17,46845.953125,49850.0,50100.0,49800.0,50000.0,7903900
2021-12-20,46517.04296875,49500.0,50000.0,49350.0,49850.0,7689900
2021-12-21,46282.109375,49250.0,49700.0,49200.0,49500.0,7255100
2021-12-22,45953.203125,48900.0,49500.0,48300.0,49300.0,12625100
2021-12-23,44496.60546875,47350.0,48850.0,47300.0,48850.0,13503100
2021-12-24,45953.203125,48900.0,49150.0,47450.0,47450.0,6139300
2021-12-27,45906.2109375,48850.0,49400.0,48500.0,49400.0,4727500
2021-12-28,46188.1328125,49150.0,49350.0,48700.0,49250.0,7473500
2021-12-29,46141.15234375,49100.0,49650.0,49000.0,49150.0,6141700
2021-12-30,46329.09375,49300.0,49750.0,49000.0,49200.0,5321600
2021-12-31,46986.9140625,50000.0,50500.0,49450.0,49500.0,9547100
2022-01-03,46986.9140625,50000.0,50000.0,50000.0,50000.0,0
2022-01-04,47832.67578125,50900.0,51200.0,50300.0,50500.0,11334600
2022-01-05,47456.78125,50500.0,51200.0,50300.0,50900.0,9569600
2022-01-06,46892.9375,49900.0,50400.0,49600.0,50200.0,10716700
2022-01-07,46470.0546875,49450.0,50100.0,49400.0,49900.0,7832200
2022-01-10,45718.26171875,48650.0,49600.0,48650.0,49500.0,8771400
2022-01-11,45530.31640625,48450.0,49100.0,48400.0,48900.0,7296500
2022-01-12,47362.80859375,50400.0,50400.0,48400.0,48450.0,12044200
2022-01-13,47456.78125,50500.0,51800.0,50200.0,50900.0,14417100
2022-01-14,46751.9765625,49750.0,50400.0,49500.0,50000.0,5187100
2022-01-17,45671.28125,48600.0,50500.0,48600.0,49700.0,10990600
2022-01-18,45812.2421875,48750.0,49450.0,48500.0,48600.0,7885200
2022-01-19,45906.2109375,48850.0,49400.0,48800.0,49000.0,4221900
2022-01-20,45906.2109375,48850.0,49400.0,48600.0,48650.0,6430300
2022-01-21,46798.9609375,49800.0,50800.0,48900.0,49000.0,10321600
2022-01-24,47268.83203125,50300.0,51400.0,49800.0,49950.0,16269200
2022-01-25,48772.4140625,51900.0,52100.0,51000.0,51200.0,14466300
2022-01-26,49242.28515625,52400.0,53300.0,52000.0,52400.0,15042300
2022-01-27,48772.4140625,51900.0,52700.0,51500.0,52000.0,8044000
2022-01-28,49618.1796875,52800.0,53000.0,51600.0,51900.0,10292900
2022-01-31,49618.1796875,52800.0,52800.0,52800.0,52800.0,0
2022-02-01,49618.1796875,52800.0,52800.0,52800.0,52800.0,0
2022-02-02,49618.1796875,52800.0,52800.0,52800.0,52800.0,0
2022-02-03,49618.1796875,52800.0,52800.0,52800.0,52800.0,0
2022-02-04,49618.1796875,52800.0,52800.0,52800.0,52800.0,0
2022-02-07,49618.1796875,52800.0,53800.0,52800.0,53700.0,9809900
2022-02-08,50557.9140625,53800.0,54300.0,52800.0,52800.0,16481000
2022-02-09,50369.97265625,53600.0,54900.0,53600.0,54000.0,17391000
2022-02-10,50369.97265625,53600.0,54200.0,53100.0,53600.0,11224900
2022-02-11,50463.9453125,53700.0,53800.0,53000.0,53500.0,7847800
2022-02-14,48396.51953125,51500.0,53200.0,51500.0,53200.0,18771500
2022-02-15,48396.51953125,51500.0,51500.0,51500.0,51500.0,0
2022-02-16,48490.4921875,51600.0,52200.0,51500.0,52200.0,6174400
2022-02-17,49054.3359375,52200.0,52500.0,51600.0,51600.0,7301000
2022-02-18,48490.4921875,51600.0,52000.0,51500.0,51700.0,6543700
2022-02-21,48396.51953125,51500.0,51700.0,50800.0,51600.0,8654200
2022-02-22,48302.546875,51400.0,51700.0,50600.0,51000.0,10561000
2022-02-23,48584.46875,51700.0,52200.0,51400.0,51700.0,6188300
2022-02-24,47456.78125,50500.0,51900.0,49800.0,51500.0,15534300
2022-02-25,47644.7265625,50700.0,51300.0,50500.0,51000.0,6665900
2022-02-28,47362.80859375,50400.0,50900.0,50200.0,50500.0,7106100
2022-03-01,47268.83203125,50300.0,50700.0,50100.0,50700.0,6945900
2022-03-02,46235.12109375,49200.0,50100.0,49200.0,50100.0,17893700
2022-03-03,46658.00390625,49650.0,49900.0,49150.0,49500.0,7391900
2022-03-04,46939.921875,49950.0,50400.0,49500.0,49750.0,7022700
2022-03-07,46282.109375,49250.0,49600.0,49100.0,49500.0,8122400
2022-03-08,46047.171875,49000.0,49500.0,48800.0,49000.0,8766400
2022-03-09,46141.15234375,49100.0,49350.0,48900.0,49000.0,6957800
2022-03-10,46282.109375,49250.0,49800.0,49250.0,49800.0,4387100
2022-03-11,45953.203125,48900.0,49200.0,48700.0,49200.0,6422600
2022-03-14,45577.30078125,48500.0,48900.0,48300.0,48800.0,5161200
2022-03-15,45671.28125,48600.0,49000.0,48500.0,48600.0,3829700
2022-03-16,46094.16015625,49050.0,49450.0,48800.0,48800.0,4542000
2022-03-17,46047.171875,49000.0,49500.0,49000.0,49450.0,3249200
2022-03-18,46235.12109375,49200.0,49400.0,49100.0,49150.0,2909700
2022-03-21,46470.0546875,49450.0,49550.0,49100.0,49250.0,3921900
2022-03-22,46892.9375,49900.0,50300.0,49500.0,49550.0,5953800
2022-03-23,46611.015625,49600.0,50200.0,49600.0,49900.0,3409900
2022-03-24,46329.09375,49300.0,49800.0,49300.0,49600.0,3214000
2022-03-25,46282.109375,49250.0,49450.0,49150.0,49400.0,3175400
2022-03-28,45859.22265625,48800.0,49150.0,48350.0,49150.0,6597500
2022-03-29,45953.203125,48900.0,49150.0,48650.0,48900.0,4272400
2022-03-30,46188.1328125,49150.0,49900.0,48900.0,48900.0,5598900
2022-03-31,46564.03125,49550.0,49700.0,49300.0,49500.0,5248700
2022-04-01,47268.83203125,50300.0,50400.0,49400.0,49550.0,9575500
2022-04-04,46658.00390625,49650.0,50600.0,49650.0,50400.0,9775600
2022-04-05,46094.16015625,49050.0,49500.0,49050.0,49400.0,5803000
2022-04-06,46892.9375,49900.0,49900.0,48700.0,48900.0,9012200
2022-04-07,46329.09375,49300.0,50300.0,49300.0,49900.0,5971000
2022-04-08,45906.2109375,48850.0,49400.0,48800.0,49400.0,7030100
2022-04-11,45906.2109375,48850.0,48850.0,48850.0,48850.0,0
2022-04-12,45107.4375,48000.0,48900.0,47900.0,48700.0,8278800
2022-04-13,45107.4375,48000.0,48450.0,47900.0,48400.0,6722300
2022-04-14,44449.6171875,47300.0,48350.0,47150.0,48050.0,8324100
2022-04-15,42852.06640625,45600.0,47300.0,45600.0,47300.0,18618800
2022-04-18,42147.26171875,44850.0,46250.0,44800.0,46000.0,11505300
2022-04-19,41066.55859375,43700.0,45450.0,43500.0,45000.0,7232900
2022-04-20,40455.734375,43050.0,44200.0,43050.0,43700.0,7909800
2022-04-21,40972.58984375,43600.0,44000.0,42900.0,43000.0,10019500
2022-04-22,41442.45703125,44100.0,44750.0,43550.0,44000.0,6684800
2022-04-25,38576.25390625,41050.0,44300.0,41050.0,44200.0,12317000
2022-04-26,38999.13671875,41500.0,42000.0,38850.0,40600.0,11120700
2022-04-27,39093.11328125,41600.0,42200.0,40900.0,41500.0,6154800
2022-04-28,39750.92578125,42300.0,42800.0,41650.0,41650.0,4729300
2022-04-29,41348.48046875,44000.0,44000.0,42200.0,42300.0,9795500
2022-05-02,41348.48046875,44000.0,44000.0,44000.0,44000.0,0
2022-05-03,41348.48046875,44000.0,44000.0,44000.0,44000.0,0
2022-05-04,39469.00390625,42000.0,43650.0,42000.0,43500.0,6384600
2022-05-05,40032.84765625,42600.0,42850.0,41400.0,42850.0,4804200
2022-05-06,38999.13671875,41500.0,42300.0,41500.0,41700.0,4889500
2022-05-09,36273.8984375,38600.0,41400.0,38600.0,41200.0,12361700
2022-05-10,36367.87109375,38700.0,38850.0,37450.0,37450.0,10236300
2022-05-11,36649.79296875,39000.0,39450.0,38450.0,39000.0,4071500
2022-05-12,34112.49609375,36300.0,39000.0,36300.0,39000.0,7306300
2022-05-13,31763.15234375,33800.0,36800.0,33800.0,36300.0,15203300
2022-05-16,30635.466796875,32600.0,35800.0,32600.0,35100.0,11689600
2022-05-17,32749.875,34850.0,34850.0,32550.0,32600.0,9447600
2022-05-18,33877.56640625,36050.0,36900.0,35350.0,35700.0,8689300
2022-05-19,33642.625,35800.0,36400.0,35200.0,35400.0,5692200
2022-05-20,33548.65625,35700.0,36450.0,35350.0,35800.0,5443200
2022-05-23,32749.875,34850.0,36200.0,34850.0,35800.0,5290600
2022-05-24,33125.7734375,35250.0,35250.0,34400.0,34800.0,4270100
2022-05-25,34300.4453125,36500.0,36650.0,35500.0,35850.0,6709700
2022-05-26,34488.390625,36700.0,37250.0,36550.0,36700.0,4687800
2022-05-27,35193.1953125,37450.0,37450.0,36850.0,36900.0,5777300
2022-05-30,35475.12109375,37750.0,38000.0,37450.0,38000.0,4224300
2022-05-31,34911.27734375,37150.0,37600.0,37150.0,37450.0,5119800
2022-06-01,34629.3515625,36850.0,37700.0,36650.0,37000.0,3829000
2022-06-02,34629.3515625,36850.0,36850.0,36850.0,36850.0,0
2022-06-03,34253.45703125,36450.0,36850.0,36050.0,36350.0,3040200
2022-06-06,33877.56640625,36050.0,36800.0,36000.0,36450.0,3845100
2022-06-07,34018.52734375,36200.0,36200.0,35000.0,36000.0,4640800
2022-06-08,35005.25,37250.0,37450.0,36150.0,36300.0,6456800
2022-06-09,35146.2109375,37400.0,37550.0,37050.0,37250.0,5776000
2022-06-10,35663.0625,37950.0,38900.0,36950.0,37000.0,8194200
2022-06-13,33830.578125,36000.0,37250.0,35950.0,37000.0,6673500
2022-06-14,33595.64453125,35750.0,36300.0,35200.0,35300.0,3740800
2022-06-15,33548.65625,35700.0,36150.0,35050.0,35700.0,5449100
2022-06-16,33877.56640625,36050.0,36500.0,35600.0,35900.0,5916100
2022-06-17,32420.96875,34500.0,35400.0,33850.0,35050.0,4994900
2022-06-20,31011.361328125,33000.0,35200.0,33000.0,34500.0,4004000
2022-06-21,31011.361328125,33000.0,33800.0,32800.0,33100.0,4900200
2022-06-22,32702.892578125,34800.0,35300.0,33450.0,33750.0,6208200
2022-06-23,33783.5859375,35950.0,36400.0,34550.0,34800.0,4708100
2022-06-24,33360.70703125,35500.0,36100.0,35500.0,35950.0,2969100
2022-06-27,33407.6953125,35550.0,35950.0,35500.0,35550.0,4282300
2022-06-28,34488.390625,36700.0,36950.0,35350.0,35500.0,5342500
2022-06-29,34535.3828125,36750.0,37150.0,36200.0,36200.0,3048300
2022-06-30,33407.6953125,35550.0,37100.0,35550.0,36550.0,3566500
2022-07-01,33830.578125,36000.0,36250.0,34850.0,35600.0,3473300
2022-07-04,34159.484375,36350.0,36700.0,36050.0,36250.0,3148000
2022-07-05,35475.12109375,37750.0,38250.0,36350.0,36600.0,10888900
2022-07-06,35334.16015625,37600.0,38400.0,37200.0,37500.0,6055300
2022-07-07,35522.1015625,37800.0,38000.0,37000.0,37450.0,3567400
2022-07-08,35287.171875,37550.0,38000.0,37350.0,37950.0,4058400
2022-07-11,33454.68359375,35600.0,37300.0,35500.0,37050.0,8452700
2022-07-12,33454.68359375,35600.0,35600.0,35600.0,35600.0,0
2022-07-13,33924.55078125,36100.0,36800.0,36000.0,36150.0,3156800
2022-07-14,33783.5859375,35950.0,36300.0,35850.0,35900.0,2902000
2022-07-15,33924.55078125,36100.0,36550.0,36100.0,36100.0,4094300
2022-07-18,34112.49609375,36300.0,36850.0,36100.0,36300.0,2990600
2022-07-19,33924.55078125,36100.0,36300.0,35750.0,36250.0,2566900
2022-07-20,34112.49609375,36300.0,36600.0,36200.0,36500.0,4923800
2022-07-21,34629.3515625,36850.0,36900.0,36300.0,36600.0,5488700
2022-07-22,34864.2890625,37100.0,37900.0,37050.0,37300.0,4424700
2022-07-25,34582.3671875,36800.0,37100.0,36750.0,36850.0,2340300
2022-07-26,34394.421875,36600.0,37050.0,36550.0,36800.0,2794900
2022-07-27,34394.421875,36600.0,36600.0,36400.0,36400.0,1654100
2022-07-28,35052.23828125,37300.0,37500.0,36800.0,36900.0,5604300
2022-07-29,35616.08203125,37900.0,37900.0,37150.0,37500.0,5486300
2022-08-01,36273.8984375,38600.0,38800.0,37600.0,37850.0,6875400
2022-08-02,35991.97265625,38300.0,38600.0,38050.0,38400.0,4609900
2022-08-03,35851.01171875,38150.0,38400.0,37850.0,38300.0,4944700
2022-08-04,36085.94921875,38400.0,38850.0,38200.0,38250.0,4630800
2022-08-05,36085.94921875,38400.0,38800.0,38300.0,38400.0,3914900
2022-08-08,36837.73828125,39200.0,39650.0,38500.0,38500.0,7998700
2022-08-09,36790.75390625,39150.0,39650.0,39000.0,39400.0,4306400
2022-08-10,36461.84375,38800.0,39050.0,38700.0,38850.0,3001500
2022-08-11,36179.921875,38500.0,39300.0,38350.0,39100.0,4920200
2022-08-12,36461.84375,38800.0,38800.0,38250.0,38500.0,2817400
2022-08-15,36743.765625,39100.0,39350.0,38850.0,39000.0,4366600
2022-08-16,36649.79296875,39000.0,39200.0,38950.0,39050.0,3042300
2022-08-17,36931.7109375,39300.0,39350.0,39000.0,39050.0,4459300
2022-08-18,36743.765625,39100.0,39500.0,38950.0,39100.0,5337200
2022-08-19,36649.79296875,39000.0,39200.0,38950.0,39050.0,2566900
2022-08-22,36367.87109375,38700.0,39100.0,38550.0,38850.0,3086100
2022-08-23,36461.84375,38800.0,38800.0,38350.0,38650.0,3339900
2022-08-24,36884.7265625,39250.0,39750.0,38800.0,38800.0,3993200
2022-08-25,37166.6484375,39550.0,39700.0,39300.0,39300.0,3706900
2022-08-26,37119.66015625,39500.0,39950.0,39500.0,39600.0,4353000
2022-08-29,36414.85546875,38750.0,39100.0,38500.0,38800.0,4474600
2022-08-30,36414.85546875,38750.0,39150.0,38750.0,38800.0,3807500
2022-08-31,36602.8046875,38950.0,39150.0,38650.0,38750.0,2265500
2022-09-01,36602.8046875,38950.0,38950.0,38950.0,38950.0,0
2022-09-02,36602.8046875,38950.0,38950.0,38950.0,38950.0,0
2022-09-05,36273.8984375,38600.0,38900.0,38550.0,38850.0,2788600
2022-09-06,36320.8828125,38650.0,39000.0,38550.0,38550.0,2340700
2022-09-07,35287.171875,37550.0,38700.0,37550.0,38650.0,4269000
2022-09-08,35146.2109375,37400.0,37900.0,37350.0,37750.0,2473200
2022-09-09,35381.140625,37650.0,37700.0,37000.0,37700.0,2951100
2022-09-12,35240.18359375,37500.0,37800.0,37450.0,37650.0,1289900
2022-09-13,35052.23828125,37300.0,37600.0,37300.0,37400.0,1687000
2022-09-14,34582.3671875,36800.0,37000.0,36500.0,36500.0,2794500
2022-09-15,34394.421875,36600.0,37050.0,36600.0,37000.0,1611900
2022-09-16,33830.578125,36000.0,36650.0,36000.0,36400.0,2188200
2022-09-19,32937.82421875,35050.0,36000.0,34850.0,36000.0,3777300
2022-09-20,32937.82421875,35050.0,35550.0,34900.0,35550.0,1989200
2022-09-21,32420.96875,34500.0,35100.0,34500.0,35000.0,2073000
2022-09-22,32467.95703125,34550.0,34650.0,34100.0,34300.0,2922800
2022-09-23,32139.048828125,34200.0,34600.0,34050.0,34450.0,2265200
2022-09-26,31246.294921875,33250.0,33850.0,32950.0,33850.0,5217000
2022-09-27,31481.23046875,33500.0,33900.0,33200.0,33550.0,2336300
2022-09-28,31246.294921875,33250.0,33700.0,33200.0,33350.0,2069900
2022-09-29,31011.361328125,33000.0,33700.0,33000.0,33700.0,2640300
2022-09-30,30541.4921875,32500.0,33200.0,32200.0,33000.0,5240200
2022-10-03,28427.08203125,30250.0,32600.0,30250.0,32500.0,6076000
2022-10-04,28474.068359375,30300.0,31000.0,30000.0,30800.0,5966900
2022-10-05,28662.015625,30500.0,31050.0,30500.0,31000.0,3986800
2022-10-06,27534.330078125,29300.0,30800.0,29300.0,30500.0,5573700
2022-10-07,25607.8671875,27250.0,28900.0,27250.0,28900.0,14349900
2022-10-10,24245.24609375,25800.0,26950.0,25350.0,25800.0,18275400
2022-10-11,22553.71875,24000.0,25800.0,24000.0,25800.0,21188700
2022-10-12,23305.5078125,24800.0,25400.0,23550.0,24000.0,9605400
2022-10-13,23775.37890625,25300.0,25300.0,24100.0,24800.0,9386700
2022-10-14,24151.2734375,25700.0,26500.0,25500.0,26500.0,6333400
2022-10-17,23587.4296875,25100.0,25500.0,24350.0,25500.0,7760900
2022-10-18,23775.37890625,25300.0,25900.0,25150.0,25600.0,5030200
2022-10-19,23681.404296875,25200.0,25500.0,24600.0,25300.0,4571000
2022-10-20,23117.560546875,24600.0,25100.0,24550.0,25100.0,5210100
2022-10-21,21520.005859375,22900.0,24850.0,22900.0,24850.0,9633400
2022-10-24,20016.423828125,21300.0,23350.0,21300.0,23050.0,11800600
2022-10-25,20016.423828125,21300.0,22450.0,20000.0,21300.0,9593300
2022-10-26,20110.396484375,21400.0,21800.0,21050.0,21700.0,3153400
2022-10-27,21473.017578125,22850.0,22850.0,21500.0,21500.0,5222800
2022-10-28,22929.611328125,24400.0,24400.0,23500.0,23600.0,12484200
2022-10-31,23117.560546875,24600.0,24800.0,23500.0,24600.0,7284700
2022-11-01,24104.28515625,25650.0,26000.0,25000.0,25000.0,8603400
2022-11-02,23681.404296875,25200.0,25800.0,25050.0,25700.0,5442300
2022-11-03,24292.234375,25850.0,25850.0,24650.0,24650.0,6663000
2022-11-04,23963.32421875,25500.0,25500.0,24050.0,25000.0,12626400
2022-11-07,22318.783203125,23750.0,25800.0,23750.0,25450.0,6326200
2022-11-08,22694.677734375,24150.0,24900.0,23000.0,23750.0,5353800
2022-11-09,22882.625,24350.0,25100.0,24200.0,24500.0,3645200
2022-11-10,21379.044921875,22750.0,24100.0,22650.0,24000.0,7580100
2022-11-11,21426.033203125,22800.0,23950.0,22800.0,23500.0,5479500
2022-11-14,20862.189453125,22200.0,22400.0,21300.0,22200.0,5828500
2022-11-15,19452.58203125,20700.0,22050.0,20650.0,22050.0,10943000
2022-11-16,20768.21484375,22100.0,22100.0,19300.0,19300.0,18062800
2022-11-17,21566.9921875,22950.0,23050.0,22200.0,22700.0,5977300
2022-11-18,21332.05859375,22700.0,23350.0,21800.0,22850.0,6390000
2022-11-21,20909.17578125,22250.0,23100.0,22250.0,22650.0,4508400
2022-11-22,20533.279296875,21850.0,23050.0,21850.0,22050.0,7548800
2022-11-23,20674.240234375,22000.0,22400.0,21700.0,22000.0,3771800
2022-11-24,20815.201171875,22150.0,22200.0,21500.0,22000.0,3471500
2022-11-25,21613.98046875,23000.0,23000.0,22200.0,22350.0,5208100
2022-11-28,23117.560546875,24600.0,24600.0,23250.0,23300.0,9058600
2022-11-29,23681.404296875,25200.0,25600.0,24350.0,24950.0,7876400
2022-11-30,24339.21875,25900.0,25900.0,24950.0,25200.0,8860700
2022-12-01,25748.828125,27400.0,27700.0,26250.0,26250.0,16532500
2022-12-02,27064.462890625,28800.0,29000.0,26850.0,27000.0,9001200
2022-12-05,27252.408203125,29000.0,29800.0,28800.0,29500.0,8445100
2022-12-06,25419.919921875,27050.0,29000.0,27000.0,28800.0,14489700
2022-12-07,24809.08984375,26400.0,27150.0,25950.0,27000.0,7114400
2022-12-08,26500.6171875,28200.0,28200.0,26500.0,26800.0,10144300
2022-12-09,26547.60546875,28250.0,28500.0,27700.0,28450.0,4407800
2022-12-12,25560.87890625,27200.0,28550.0,27200.0,28250.0,6189600
2022-12-13,27064.462890625,28800.0,28800.0,27000.0,27200.0,7316900
2022-12-14,27064.462890625,28800.0,29700.0,28800.0,29500.0,7999600
2022-12-15,27722.27734375,29500.0,29550.0,28600.0,28800.0,7681000
2022-12-16,27393.369140625,29150.0,29300.0,28600.0,29000.0,6469000
2022-12-19,27487.34375,29250.0,30650.0,29050.0,29150.0,9319200
2022-12-20,26030.75,27700.0,29250.0,27250.0,29000.0,11750600
2022-12-21,26030.75,27700.0,28200.0,26300.0,28050.0,6560300
2022-12-22,26030.75,27700.0,28400.0,27250.0,27750.0,3604900
2022-12-23,25936.775390625,27600.0,27900.0,26950.0,27700.0,2878800
2022-12-26,24151.2734375,25700.0,27400.0,25700.0,27250.0,7542600
2022-12-27,24715.1171875,26300.0,26300.0,25400.0,25600.0,4426300
2022-12-28,24574.154296875,26150.0,26450.0,25750.0,26100.0,3298700
2022-12-29,24386.20703125,25950.0,26300.0,25750.0,26100.0,2934700
2022-12-30,24292.234375,25850.0,26100.0,25850.0,25950.0,2181900
2023-01-02,24292.234375,25850.0,25850.0,25850.0,25850.0,0
2023-01-03,25795.814453125,27450.0,27450.0,25750.0,25750.0,3786800
2023-01-04,25654.85546875,27300.0,27800.0,27250.0,27450.0,3185500
2023-01-05,25983.76171875,27650.0,27800.0,27150.0,27300.0,2716900
2023-01-06,26030.75,27700.0,28400.0,27300.0,27450.0,4803900
2023-01-09,26077.734375,27750.0,27950.0,27600.0,27800.0,2387700
2023-01-10,25795.814453125,27450.0,28000.0,27300.0,27750.0,2613300
2023-01-11,25983.76171875,27650.0,28000.0,27300.0,27450.0,3136500
2023-01-12,26171.708984375,27850.0,27950.0,27600.0,27650.0,2124100
2023-01-13,26124.724609375,27800.0,28300.0,27800.0,27900.0,2810200
2023-01-16,26406.64453125,28100.0,28100.0,27650.0,27850.0,2492900
2023-01-17,27252.408203125,29000.0,29300.0,28350.0,28400.0,6179200
2023-01-18,27346.3828125,29100.0,29150.0,28900.0,29100.0,3241200
2023-01-19,27346.3828125,29100.0,29300.0,28850.0,28850.0,4742400
2023-01-20,27346.3828125,29100.0,29100.0,29100.0,29100.0,0
2023-01-23,27346.3828125,29100.0,29100.0,29100.0,29100.0,0
2023-01-24,27346.3828125,29100.0,29100.0,29100.0,29100.0,0
2023-01-25,27346.3828125,29100.0,29100.0,29100.0,29100.0,0
2023-01-26,27346.3828125,29100.0,29100.0,29100.0,29100.0,0
2023-01-27,27299.3984375,29050.0,29700.0,29000.0,29350.0,5539200
2023-01-30,26970.48828125,28700.0,29050.0,28550.0,29050.0,5917000
2023-01-31,27628.302734375,29400.0,29400.0,28050.0,28650.0,6148400
2023-02-01,26500.6171875,28200.0,29500.0,28000.0,29500.0,5944500
2023-02-02,26312.669921875,28000.0,28400.0,27600.0,28200.0,3795200
2023-02-03,25466.90625,27100.0,28200.0,27100.0,28100.0,6448000
2023-02-06,26265.685546875,27950.0,28000.0,27050.0,27100.0,3183300
2023-02-07,25748.828125,27400.0,28050.0,27400.0,27950.0,3288400
2023-02-08,26171.708984375,27850.0,27950.0,27400.0,27500.0,2709000
2023-02-09,25654.85546875,27300.0,27850.0,27300.0,27700.0,2757300
2023-02-10,25325.947265625,26950.0,27500.0,26900.0,27350.0,2626000
2023-02-13,24997.037109375,26600.0,26900.0,26350.0,26850.0,2897200
2023-02-14,25231.97265625,26850.0,27400.0,26500.0,26500.0,2949800
2023-02-15,25748.828125,27400.0,27600.0,26600.0,26850.0,2633000
2023-02-16,26218.6953125,27900.0,27900.0,27200.0,27600.0,2247700
2023-02-17,26124.724609375,27800.0,27800.0,27500.0,27750.0,1784300
2023-02-20,26876.513671875,28600.0,28600.0,27700.0,27750.0,2743200
2023-02-21,26688.564453125,28400.0,28950.0,28350.0,28600.0,2590900
2023-02-22,25842.802734375,27500.0,28150.0,27500.0,28050.0,2373000
2023-02-23,26265.685546875,27950.0,27950.0,27000.0,27500.0,3597400
2023-02-24,25607.8671875,27250.0,27950.0,27150.0,27950.0,1972500
2023-02-27,25372.931640625,27000.0,27200.0,26600.0,27200.0,2377000
2023-02-28,24903.0625,26500.0,27200.0,26500.0,27000.0,2104000
2023-03-01,25654.85546875,27300.0,27350.0,26050.0,26200.0,2204200
2023-03-02,25560.87890625,27200.0,27600.0,27000.0,27550.0,1549900
2023-03-03,25184.986328125,26800.0,27350.0,26550.0,27200.0,1875800
2023-03-06,25560.87890625,27200.0,27450.0,26700.0,27000.0,2568900
2023-03-07,25466.90625,27100.0,27500.0,27050.0,27200.0,2340300
2023-03-08,25654.85546875,27300.0,27400.0,26800.0,26900.0,1945300
2023-03-09,26124.724609375,27800.0,27850.0,27200.0,27500.0,3286200
2023-03-10,25513.892578125,27150.0,27600.0,27000.0,27500.0,2129800
2023-03-13,25137.998046875,26750.0,26950.0,26550.0,26550.0,3114300
2023-03-14,24715.1171875,26300.0,26750.0,26300.0,26650.0,2469900
2023-03-15,25560.87890625,27200.0,27400.0,26800.0,26800.0,2361600
2023-03-16,25137.998046875,26750.0,26950.0,26350.0,26900.0,2661700
2023-03-17,25044.021484375,26650.0,27100.0,26600.0,26800.0,1199600
2023-03-20,24668.12890625,26250.0,26600.0,26250.0,26500.0,2286500
2023-03-21,24762.1015625,26350.0,26600.0,26100.0,26500.0,1997800
2023-03-22,24621.142578125,26200.0,26600.0,26200.0,26450.0,2471700
2023-03-23,24621.142578125,26200.0,26350.0,25850.0,26200.0,2369000
2023-03-24,24856.076171875,26450.0,26700.0,26300.0,26400.0,1955600
2023-03-27,24903.0625,26500.0,26700.0,26350.0,26450.0,1537100
2023-03-28,25889.7890625,27550.0,27700.0,26700.0,26700.0,7664400
2023-03-29,26312.669921875,28000.0,28300.0,27500.0,27550.0,5720700
2023-03-30,26030.75,27700.0,28500.0,27700.0,28350.0,4898700
2023-03-31,26641.580078125,28350.0,28400.0,27800.0,27800.0,7220300
2023-04-03,27534.330078125,29300.0,29350.0,28700.0,29000.0,12424400
2023-04-04,27722.27734375,29500.0,29500.0,29050.0,29300.0,7303300
2023-04-05,27722.27734375,29500.0,29600.0,29200.0,29400.0,4329800
2023-04-06,27816.251953125,29600.0,30200.0,29350.0,29350.0,7828100
2023-04-07,27769.265625,29550.0,29700.0,29400.0,29650.0,4094900
2023-04-10,28380.095703125,30200.0,30800.0,29600.0,29650.0,5660400
2023-04-11,28568.041015625,30400.0,30400.0,29600.0,30200.0,5209800
2023-04-12,28849.962890625,30700.0,30950.0,30100.0,30400.0,4505500
2023-04-13,28380.095703125,30200.0,30950.0,30200.0,30600.0,3214600
2023-04-14,27158.43359375,28900.0,30400.0,28900.0,30200.0,9435600
2023-04-17,27675.291015625,29450.0,29450.0,28750.0,29000.0,3014200
2023-04-18,27393.369140625,29150.0,29400.0,28900.0,29400.0,2553900
2023-04-19,27252.408203125,29000.0,29400.0,29000.0,29200.0,2611900
2023-04-20,27111.447265625,28850.0,29000.0,28550.0,28900.0,2314000
2023-04-21,26970.48828125,28700.0,29000.0,28700.0,29000.0,2354900
2023-04-24,27722.27734375,29500.0,29750.0,28650.0,28700.0,3483000
2023-04-25,27252.408203125,29000.0,29850.0,29000.0,29650.0,2086300
2023-04-26,28192.146484375,30000.0,30000.0,28850.0,29200.0,3239100
2023-04-27,28098.173828125,29900.0,30200.0,29850.0,30200.0,2031600
2023-04-28,27722.27734375,29500.0,29950.0,29500.0,29950.0,2477700
2023-05-01,27722.27734375,29500.0,29500.0,29500.0,29500.0,0
2023-05-02,27722.27734375,29500.0,29500.0,29500.0,29500.0,0
2023-05-03,27722.27734375,29500.0,29500.0,29500.0,29500.0,0
2023-05-04,27299.3984375,29050.0,29500.0,28900.0,29500.0,1917900
2023-05-05,26970.48828125,28700.0,29200.0,28450.0,29050.0,3437700
2023-05-08,27628.302734375,29400.0,29400.0,28700.0,28900.0,2847500
2023-05-09,27534.330078125,29300.0,29500.0,29050.0,29450.0,1990400
2023-05-10,27534.330078125,29300.0,29400.0,29100.0,29350.0,2523100
2023-05-11,27346.3828125,29100.0,29500.0,29100.0,29500.0,2514400
2023-05-12,27534.330078125,29300.0,29300.0,29000.0,29100.0,2625300
2023-05-15,28098.173828125,29900.0,30150.0,29400.0,29450.0,7336200
2023-05-16,28004.201171875,29800.0,30100.0,29750.0,30100.0,2075700
2023-05-17,27487.34375,29250.0,29900.0,29250.0,29700.0,3659200
2023-05-18,27769.265625,29550.0,29700.0,29250.0,29250.0,3215500
2023-05-19,27863.23828125,29650.0,29750.0,29250.0,29550.0,3397600
2023-05-22,28662.015625,30500.0,30600.0,29700.0,29700.0,9444100
2023-05-23,28521.056640625,30350.0,30700.0,30000.0,30700.0,4205200
2023-05-24,28521.056640625,30350.0,30350.0,30350.0,30350.0,0
2023-05-25,28004.201171875,29800.0,29900.0,29600.0,29800.0,2521600
2023-05-26,28098.173828125,29900.0,29950.0,29650.0,29900.0,1794600
2023-05-29,28380.095703125,30200.0,30200.0,29800.0,30000.0,2765200
2023-05-30,28380.095703125,30200.0,30450.0,30000.0,30400.0,2100900
2023-05-31,28145.16015625,29950.0,30300.0,29900.0,30200.0,3944600
2023-06-01,28474.068359375,30300.0,30300.0,29750.0,30000.0,4776200
2023-06-02,30259.572265625,32200.0,32200.0,30700.0,30800.0,13798700
2023-06-05,29977.6484375,31900.0,32800.0,31900.0,32450.0,5861900
2023-06-06,30729.439453125,32700.0,32700.0,31750.0,31900.0,6000100
2023-06-07,30635.466796875,32600.0,32750.0,32200.0,32550.0,4964100
2023-06-08,29836.689453125,31750.0,32750.0,31750.0,32700.0,5741200
2023-06-09,30447.517578125,32400.0,32500.0,31600.0,31800.0,5315500
2023-06-12,30729.439453125,32700.0,32850.0,31900.0,32250.0,4136800
2023-06-13,30823.4140625,32800.0,32900.0,32400.0,32700.0,3529000
2023-06-14,30635.466796875,32600.0,33450.0,32550.0,33000.0,5374800
2023-06-15,30682.453125,32650.0,32900.0,32400.0,32600.0,3863700
2023-06-16,30588.48046875,32550.0,33450.0,32500.0,32650.0,6928400
2023-06-19,30165.59765625,32100.0,32550.0,31950.0,32550.0,3674300
2023-06-20,30212.583984375,32150.0,32250.0,31950.0,32200.0,2084400
2023-06-21,30541.4921875,32500.0,32500.0,32100.0,32150.0,2506800
2023-06-22,30541.4921875,32500.0,32500.0,32500.0,32500.0,0
2023-06-23,30917.38671875,32900.0,33250.0,32550.0,32650.0,4144400
2023-06-26,31293.28515625,33300.0,33300.0,32550.0,32900.0,4044900
2023-06-27,30964.375,32950.0,33400.0,32900.0,33300.0,3665500
2023-06-28,31293.28515625,33300.0,33300.0,32750.0,32950.0,4303400
2023-06-29,30682.453125,32650.0,33400.0,32650.0,33300.0,3538900
2023-06-30,30400.53125,32350.0,32800.0,32350.0,32650.0,2448500
2023-07-03,30071.625,32000.0,32700.0,32000.0,32700.0,3753900
2023-07-04,30071.625,32000.0,32100.0,31850.0,32000.0,4327000
2023-07-05,30024.63671875,31950.0,32400.0,31950.0,32150.0,4323800
2023-07-06,29648.7421875,31550.0,32050.0,31200.0,31950.0,6311500
2023-07-07,29648.7421875,31550.0,31800.0,31300.0,31500.0,3274400
2023-07-10,30071.625,32000.0,32100.0,31700.0,32000.0,4982800
2023-07-11,30024.63671875,31950.0,32350.0,31950.0,32200.0,5708100
2023-07-12,29742.71484375,31650.0,32000.0,31600.0,31900.0,4341600
2023-07-13,30024.63671875,31950.0,32000.0,31650.0,31700.0,4412100
2023-07-14,30024.63671875,31950.0,32200.0,31700.0,32200.0,4472000
2023-07-17,29977.6484375,31900.0,32100.0,31800.0,32100.0,3652700
2023-07-18,30353.546875,32300.0,32300.0,31800.0,31900.0,6508500
2023-07-19,30353.546875,32300.0,32900.0,32250.0,32650.0,5556900
2023-07-20,29977.6484375,31900.0,32400.0,31800.0,32400.0,5263800
2023-07-21,30353.546875,32300.0,32300.0,31850.0,31850.0,5206200
2023-07-24,30494.505859375,32450.0,32500.0,32150.0,32450.0,4832200
2023-07-25,31481.23046875,33500.0,33800.0,32700.0,32800.0,13269100
2023-07-26,31434.244140625,33450.0,33550.0,33200.0,33500.0,3413000
2023-07-27,31105.3359375,33100.0,33450.0,32700.0,33350.0,7797000
2023-07-28,31763.15234375,33800.0,33800.0,33000.0,33050.0,5630800
2023-07-31,32233.0234375,34300.0,34600.0,34000.0,34100.0,7648800
2023-08-01,31951.099609375,34000.0,34600.0,34000.0,34600.0,8659400
2023-08-02,31857.126953125,33900.0,34100.0,33750.0,33900.0,4644300
2023-08-03,31481.23046875,33500.0,34050.0,33500.0,34000.0,4171200
2023-08-04,31575.205078125,33600.0,34200.0,33450.0,33650.0,12322800
2023-08-07,32280.01171875,34350.0,34450.0,34000.0,34200.0,5256500
2023-08-08,31951.099609375,34000.0,34500.0,33950.0,34400.0,5539100
2023-08-09,31951.099609375,34000.0,34200.0,33800.0,34050.0,4668500
2023-08-10,31481.23046875,33500.0,34050.0,33500.0,34000.0,6166000
2023-08-11,31622.19140625,33650.0,33800.0,33100.0,33550.0,5907600
2023-08-14,31763.15234375,33800.0,33800.0,33450.0,33750.0,4574500
2023-08-15,31998.08984375,34050.0,34400.0,33850.0,33900.0,4610800
2023-08-16,33172.7578125,35300.0,35350.0,33950.0,34000.0,13197300
2023-08-17,32608.9140625,34700.0,35300.0,34700.0,35300.0,5308300
2023-08-18,30541.4921875,32500.0,34550.0,32450.0,34550.0,13220000
2023-08-21,30776.427734375,32750.0,32950.0,32100.0,32500.0,5356600
2023-08-22,31105.3359375,33100.0,33100.0,31900.0,32750.0,6716400
2023-08-23,31199.310546875,33200.0,34200.0,33200.0,34000.0,9087900
2023-08-24,31763.15234375,33800.0,33950.0,33400.0,33500.0,4814900
2023-08-25,31622.19140625,33650.0,33850.0,33400.0,33700.0,3638000
2023-08-28,31951.099609375,34000.0,34100.0,33600.0,33850.0,4017200
2023-08-29,31857.126953125,33900.0,34250.0,33750.0,34000.0,3702500
2023-08-30,31951.099609375,34000.0,34300.0,33900.0,34000.0,4267500
2023-08-31,32420.96875,34500.0,34500.0,34100.0,34100.0,4121700
2023-09-01,32420.96875,34500.0,34500.0,34500.0,34500.0,0
2023-09-04,32420.96875,34500.0,34500.0,34500.0,34500.0,0
2023-09-05,32890.8359375,35000.0,35150.0,34750.0,34800.0,7998900
2023-09-06,33078.78515625,35200.0,35350.0,34850.0,35050.0,4653200
2023-09-07,33595.64453125,35750.0,36150.0,35100.0,35250.0,9044800
2023-09-08,33219.74609375,35350.0,35900.0,35350.0,35850.0,4602900
2023-09-11,32467.95703125,34550.0,35600.0,34450.0,35600.0,10812100
2023-09-12,33172.7578125,35300.0,35300.0,34400.0,34550.0,4935900
2023-09-13,32890.8359375,35000.0,35450.0,34850.0,35400.0,4978100
2023-09-14,32796.8671875,34900.0,35750.0,34900.0,35100.0,7642600
2023-09-15,32796.8671875,34900.0,35500.0,34900.0,35100.0,4523900
2023-09-18,32045.072265625,34100.0,35000.0,34000.0,34850.0,7730100
2023-09-19,31857.126953125,33900.0,34350.0,33800.0,34300.0,5864300
2023-09-20,32280.01171875,34350.0,34500.0,33850.0,33900.0,3426300
2023-09-21,32233.0234375,34300.0,34500.0,34000.0,34350.0,3165600
2023-09-22,31951.099609375,34000.0,34250.0,33400.0,33950.0,7542500
2023-09-25,30823.4140625,32800.0,34200.0,32750.0,34000.0,4230500
2023-09-26,30447.517578125,32400.0,33000.0,32400.0,32800.0,4755900
2023-09-27,30635.466796875,32600.0,32600.0,32250.0,32250.0,3553500
2023-09-28,31622.19140625,33650.0,33900.0,31850.0,32600.0,6556500
2023-09-29,31622.19140625,33650.0,33700.0,33100.0,33500.0,2907800
2023-10-02,31152.322265625,33150.0,33650.0,33000.0,33650.0,2138300
2023-10-03,30541.4921875,32500.0,32900.0,31900.0,32900.0,4650100
2023-10-04,30306.556640625,32250.0,32650.0,32000.0,32250.0,2796000
2023-10-05,29883.67578125,31800.0,32600.0,31800.0,32350.0,2442600
2023-10-06,30118.611328125,32050.0,32250.0,31600.0,31750.0,2551600
2023-10-09,30165.59765625,32100.0,32150.0,31900.0,32100.0,2793700
2023-10-10,30541.4921875,32500.0,32650.0,32250.0,32300.0,2660000
2023-10-11,30635.466796875,32600.0,32650.0,32300.0,32650.0,2199600
2023-10-12,30541.4921875,32500.0,32850.0,32500.0,32700.0,2464200
2023-10-13,30259.572265625,32200.0,32450.0,32000.0,32400.0,1949500
2023-10-16,29883.67578125,31800.0,32300.0,31800.0,32050.0,2476400
2023-10-17,29836.689453125,31750.0,32200.0,31750.0,31950.0,1820000
2023-10-18,29366.818359375,31250.0,31800.0,31000.0,31750.0,4719900
2023-10-19,28802.9765625,30650.0,31400.0,30650.0,31250.0,2785000
2023-10-20,29225.859375,31100.0,31400.0,30550.0,30700.0,2434100
2023-10-23,29037.912109375,30900.0,31500.0,30500.0,31100.0,2788400
2023-10-24,29460.794921875,31350.0,31800.0,31050.0,31350.0,2173100
2023-10-25,29319.833984375,31200.0,31600.0,31200.0,31200.0,2122800
2023-10-26,28004.201171875,29800.0,30950.0,29200.0,30800.0,6676400
2023-10-27,27769.265625,29550.0,30400.0,29100.0,30000.0,3872700
2023-10-30,26406.64453125,28100.0,29250.0,28100.0,29200.0,6594400
2023-10-31,26030.75,27700.0,28500.0,27200.0,28200.0,6087100
2023-11-01,26500.6171875,28200.0,28450.0,27450.0,28300.0,4479300
2023-11-02,27581.318359375,29350.0,29600.0,28500.0,28800.0,4705900
2023-11-03,29131.884765625,31000.0,31000.0,29550.0,29950.0,8102700
2023-11-06,29131.884765625,31000.0,31000.0,30300.0,30800.0,3301400
2023-11-07,28755.990234375,30600.0,30950.0,30450.0,30600.0,1508300
2023-11-08,29883.67578125,31800.0,31900.0,30200.0,30600.0,3874600
2023-11-09,29601.75390625,31500.0,31950.0,31300.0,31850.0,4253500
2023-11-10,29178.873046875,31050.0,31500.0,30700.0,31200.0,4074300
2023-11-13,29037.912109375,30900.0,31300.0,30650.0,31300.0,2458800
2023-11-14,29601.75390625,31500.0,31750.0,30900.0,31150.0,3979700
2023-11-15,29648.7421875,31550.0,32200.0,31500.0,32000.0,3671500
2023-11-16,29789.701171875,31700.0,31800.0,31500.0,31500.0,2240400
2023-11-17,29272.84375,31150.0,31950.0,30700.0,31700.0,5082600
2023-11-20,29131.884765625,31000.0,31250.0,30450.0,30500.0,4320400
2023-11-21,28943.939453125,30800.0,31350.0,30800.0,31350.0,2243600
2023-11-22,29084.8984375,30950.0,31000.0,30650.0,30900.0,1836200
2023-11-23,28568.041015625,30400.0,31300.0,30400.0,31200.0,3280100
2023-11-24,28239.134765625,30050.0,30600.0,29450.0,30350.0,4696800
2023-11-27,27534.330078125,29300.0,29950.0,29300.0,29950.0,3048100
2023-11-28,28145.16015625,29950.0,29950.0,28800.0,29300.0,3736900
2023-11-29,28098.173828125,29900.0,30300.0,29600.0,29900.0,1779600
2023-11-30,27722.27734375,29500.0,30050.0,29500.0,29750.0,2756300
2023-12-01,27957.212890625,29750.0,29850.0,29350.0,29600.0,2696100
2023-12-04,28380.095703125,30200.0,30500.0,29800.0,29800.0,4761000
2023-12-05,28239.134765625,30050.0,30300.0,29900.0,30250.0,3093500
2023-12-06,28568.041015625,30400.0,30500.0,30000.0,30000.0,2489700
2023-12-07,28990.923828125,30850.0,31050.0,30300.0,30550.0,5844300
2023-12-08,29084.8984375,30950.0,31000.0,30600.0,30850.0,2749400
2023-12-11,28990.923828125,30850.0,31000.0,30650.0,30950.0,1614200
2023-12-12,29178.873046875,31050.0,31050.0,30750.0,30850.0,2167900
2023-12-13,28662.015625,30500.0,31150.0,30500.0,31150.0,3108700
2023-12-14,28709.00390625,30550.0,30850.0,30550.0,30800.0,2552800
2023-12-15,28755.990234375,30600.0,30800.0,30400.0,30550.0,2153100
2023-12-18,28239.134765625,30050.0,30650.0,30050.0,30600.0,2378300
2023-12-19,28755.990234375,30600.0,30600.0,29800.0,30000.0,2109500
2023-12-20,28521.056640625,30350.0,30550.0,30150.0,30300.0,1746600
2023-12-21,28802.9765625,30650.0,30650.0,30150.0,30300.0,2482700
2023-12-22,28755.990234375,30600.0,30800.0,30450.0,30500.0,1853900
2023-12-25,29084.8984375,30950.0,31000.0,30600.0,30800.0,2572700
2023-12-26,28943.939453125,30800.0,31000.0,30750.0,30850.0,1507400
2023-12-27,28990.923828125,30850.0,31150.0,30850.0,30850.0,2015600
2023-12-28,29601.75390625,31500.0,31650.0,30900.0,30900.0,5753400
2023-12-29,29883.67578125,31800.0,31950.0,31500.0,31700.0,4231700
2024-01-01,29883.67578125,31800.0,31800.0,31800.0,31800.0,0
2024-01-02,30165.59765625,32100.0,32250.0,31800.0,31900.0,3710100
2024-01-03,30635.466796875,32600.0,32600.0,31850.0,31900.0,5610600
2024-01-04,31105.3359375,33100.0,33650.0,32550.0,32600.0,10073900
2024-01-05,31199.310546875,33200.0,33400.0,33000.0,33100.0,3569900
2024-01-08,32045.072265625,34100.0,34150.0,33350.0,33500.0,6323800
2024-01-09,32420.96875,34500.0,34500.0,33800.0,34000.0,6900500
2024-01-10,32326.994140625,34400.0,34700.0,34250.0,34550.0,7189800
2024-01-11,32092.060546875,34150.0,34600.0,33800.0,34300.0,6731000
2024-01-12,32561.9296875,34650.0,34700.0,33550.0,33850.0,10186600
2024-01-15,32233.0234375,34300.0,34800.0,34300.0,34700.0,3727300
2024-01-16,32092.060546875,34150.0,34200.0,33800.0,34100.0,4458700
2024-01-17,31998.08984375,34050.0,34650.0,34000.0,34150.0,4420000
2024-01-18,32326.994140625,34400.0,34600.0,34050.0,34250.0,4108200
2024-01-19,32843.8515625,34950.0,35150.0,34500.0,34600.0,7947400
2024-01-22,32843.8515625,34950.0,35300.0,34700.0,35300.0,4313700
2024-01-23,33313.72265625,35450.0,36000.0,35400.0,35500.0,10075300
2024-01-24,33125.7734375,35250.0,35550.0,35250.0,35250.0,3141400
2024-01-25,33125.7734375,35250.0,35250.0,35250.0,35250.0,0
2024-01-26,33266.734375,35400.0,35500.0,35000.0,35050.0,3145200
2024-01-29,33125.7734375,35250.0,35650.0,35200.0,35450.0,3145300
2024-01-30,33078.78515625,35200.0,35250.0,34700.0,35100.0,5207300
2024-01-31,32467.95703125,34550.0,35250.0,34400.0,35200.0,5380200
2024-02-01,32092.060546875,34150.0,34650.0,34000.0,34450.0,6209900
2024-02-02,32092.060546875,34150.0,34150.0,34150.0,34150.0,0
2024-02-05,33360.70703125,35500.0,36000.0,34400.0,34450.0,9600300
2024-02-06,33501.66796875,35650.0,36200.0,35600.0,35650.0,4013800
2024-02-07,35052.23828125,37300.0,37300.0,35800.0,35800.0,11167100
2024-02-08,35052.23828125,37300.0,37300.0,37300.0,37300.0,0
2024-02-09,35052.23828125,37300.0,37300.0,37300.0,37300.0,0
2024-02-15,36085.94921875,38400.0,38950.0,37450.0,37500.0,13071500
2024-02-16,36179.921875,38500.0,38700.0,37900.0,38500.0,7217800
2024-02-19,36555.81640625,38900.0,39050.0,38450.0,38550.0,9734800
2024-02-20,36555.81640625,38900.0,39000.0,38500.0,38800.0,5413200
2024-02-21,36649.79296875,39000.0,39350.0,38600.0,38750.0,7674900
2024-02-22,37871.44921875,40300.0,40350.0,38950.0,39000.0,9645200
2024-02-23,37683.5078125,40100.0,42350.0,40000.0,40750.0,16442400
2024-02-26,38717.21484375,41200.0,41500.0,40200.0,40200.0,9615100
2024-02-27,39422.01953125,41950.0,41950.0,41000.0,41400.0,8413100
2024-02-28,39656.953125,42200.0,42350.0,41550.0,42050.0,7524100
2024-02-29,39656.953125,42200.0,42450.0,41350.0,42450.0,9026500
2024-03-01,39328.04296875,41850.0,41850.0,41250.0,41700.0,9291100
2024-03-04,39328.04296875,41850.0,42200.0,41350.0,41750.0,8435000
2024-03-05,39656.953125,42200.0,42200.0,41400.0,41800.0,6316800
2024-03-06,40173.80859375,42750.0,43500.0,41800.0,42050.0,11167400
2024-03-07,40032.84765625,42600.0,43300.0,42400.0,42850.0,7214000
2024-03-08,38529.26953125,41000.0,42600.0,41000.0,42450.0,20127300
2024-03-11,37965.42578125,40400.0,41200.0,39900.0,40900.0,11182600
2024-03-12,38717.21484375,41200.0,41300.0,40100.0,40350.0,8497100
2024-03-13,39469.00390625,42000.0,42000.0,40950.0,41200.0,7892700
2024-03-14,38905.1640625,41400.0,42100.0,41250.0,42100.0,6636800
2024-03-15,38905.1640625,41400.0,41650.0,40400.0,41250.0,7540800
2024-03-18,37683.5078125,40100.0,41200.0,39400.0,41200.0,11297200
2024-03-19,37871.44921875,40300.0,40400.0,39600.0,40200.0,5330900
2024-03-20,39750.92578125,42300.0,42450.0,40050.0,40400.0,16882000
2024-03-21,42382.1953125,45100.0,45100.0,42600.0,42600.0,16923300
2024-03-22,42194.25,44900.0,45500.0,44050.0,45500.0,10791500
2024-03-25,42100.26953125,44800.0,46400.0,44150.0,45600.0,10737400
2024-03-26,43180.97265625,45950.0,46200.0,44500.0,44800.0,7755900
2024-03-27,42805.07421875,45550.0,46200.0,45100.0,46200.0,4640100
2024-03-28,45107.4375,48000.0,48700.0,47700.0,48700.0,30022800
2024-03-29,44684.5546875,47550.0,48150.0,47550.0,47950.0,6403800
2024-04-01,44590.578125,47450.0,47700.0,46850.0,47550.0,8561000
2024-04-02,44778.52734375,47650.0,48000.0,47000.0,47600.0,13559100
2024-04-03,43979.74609375,46800.0,47950.0,46800.0,47400.0,8776700
2024-04-04,43227.9609375,46000.0,46750.0,45950.0,46500.0,10756900
2024-04-05,42476.16796875,45200.0,45900.0,45150.0,45500.0,12129600
2024-04-08,42758.08984375,45500.0,45850.0,44900.0,45000.0,9964400
2024-04-09,43040.01171875,45800.0,45800.0,45200.0,45500.0,5384200
2024-04-10,42899.05078125,45650.0,46800.0,45600.0,46000.0,7754300
2024-04-11,42382.1953125,45100.0,45650.0,44950.0,45050.0,11371200
2024-04-12,44543.58984375,47400.0,47450.0,45100.0,45450.0,13456300
2024-04-15,41724.37890625,44400.0,47450.0,44200.0,47200.0,13735800
2024-04-16,42758.08984375,45500.0,45500.0,44200.0,44950.0,15151800
2024-04-17,42147.26171875,44850.0,45600.0,44650.0,45500.0,7454000
2024-04-19,41818.3515625,44500.0,44650.0,43350.0,44000.0,14444400
2024-04-22,42523.15625,45250.0,45700.0,44900.0,45350.0,6813500
2024-04-23,43415.90625,46200.0,47500.0,45500.0,45500.0,15592800
2024-04-24,44167.6953125,47000.0,47050.0,46400.0,46800.0,7532200
2024-04-25,43368.921875,46150.0,47000.0,45800.0,47000.0,7161400
2024-04-26,43791.8046875,46600.0,46900.0,45650.0,46000.0,5678300
2024-04-29,43791.8046875,46600.0,46600.0,46600.0,46600.0,0
2024-04-30,43791.8046875,46600.0,46600.0,46600.0,46600.0,0
2024-05-02,44026.734375,46850.0,46950.0,46350.0,46800.0,4351500
2024-05-03,45295.3828125,48200.0,48800.0,47400.0,47500.0,13660600
2024-05-06,45436.34375,48350.0,48700.0,47900.0,48500.0,7906500
2024-05-07,45013.4609375,47900.0,48350.0,47700.0,48350.0,9058500
2024-05-08,45295.3828125,48200.0,49200.0,47300.0,47900.0,15386300
2024-05-09,45530.31640625,48450.0,48900.0,47800.0,48600.0,8705600
2024-05-10,45577.30078125,48500.0,48800.0,47900.0,48800.0,7679300
2024-05-13,45483.33203125,48400.0,48650.0,48000.0,48500.0,6004900
2024-05-14,45013.4609375,47900.0,48450.0,47850.0,48450.0,7472800
2024-05-15,45201.41015625,48100.0,48150.0,47750.0,47900.0,9678900
2024-05-16,46892.9375,49900.0,49950.0,48400.0,48500.0,20864900
2024-05-17,46751.9765625,49750.0,50000.0,49650.0,49750.0,6345600
2024-05-20,46704.9921875,49700.0,50500.0,49550.0,49950.0,9304700
2024-05-21,45035.25,47200.0,48200.0,47050.0,48100.0,11258500
2024-05-22,44271.94140625,46400.0,47500.0,46350.0,47250.0,14666400
2024-05-23,44367.35546875,46500.0,46650.0,45850.0,46300.0,7238900
2024-05-24,44271.94140625,46400.0,47250.0,45800.0,46150.0,14617600
2024-05-27,44367.35546875,46500.0,46600.0,46000.0,46400.0,5007700
2024-05-28,44749.01171875,46900.0,46950.0,46300.0,46500.0,6014900
2024-05-29,44367.35546875,46500.0,47050.0,46400.0,47000.0,6948600
2024-05-30,44653.59375,46800.0,46800.0,45850.0,46050.0,7573700
2024-05-31,44844.421875,47000.0,47000.0,46300.0,46800.0,5677200
2024-06-03,44844.421875,47000.0,47000.0,47000.0,47000.0,0
2024-06-04,45416.90625,47600.0,47800.0,47000.0,47500.0,9962000
2024-06-05,45321.4921875,47500.0,47750.0,47200.0,47700.0,9260100
2024-06-06,45798.5625,48000.0,48000.0,47200.0,47550.0,13114900
2024-06-07,46848.11328125,49100.0,49700.0,48700.0,49000.0,15463100
2024-06-10,46657.28515625,48900.0,49500.0,48350.0,49500.0,8633400
2024-06-11,23543.322265625,24675.0,24925.0,24575.0,24750.0,33173800
2024-06-12,23567.17578125,24700.0,24750.0,24500.0,24675.0,18315800
2024-06-13,23567.17578125,24700.0,24800.0,24650.0,24750.0,16849800
2024-06-14,23424.056640625,24550.0,24775.0,24550.0,24750.0,19671200
2024-06-17,23185.521484375,24300.0,24525.0,24250.0,24525.0,19374400
2024-06-18,23280.93359375,24400.0,24550.0,24100.0,24300.0,20486200
2024-06-19,23042.400390625,24150.0,24500.0,24075.0,24500.0,34054600
2024-06-20,23662.587890625,24800.0,25150.0,24500.0,24550.0,34583800
2024-06-21,23376.34765625,24500.0,24950.0,24200.0,24950.0,11686300
2024-06-24,22851.572265625,23950.0,24500.0,23600.0,24500.0,14021100
2024-06-25,22899.28125,24000.0,24000.0,23400.0,23950.0,12070000
2024-06-26,22899.28125,24000.0,24000.0,23550.0,23950.0,7388500
2024-06-27,22374.505859375,23450.0,23700.0,23350.0,23650.0,12338200
2024-06-28,22279.091796875,23350.0,23500.0,22500.0,23450.0,21090100
2024-07-01,21611.1953125,22650.0,23100.0,22650.0,23100.0,9012800
2024-07-02,21849.73046875,22900.0,23200.0,22650.0,22850.0,9248300
2024-07-03,22422.2109375,23500.0,23550.0,22900.0,22950.0,10183800
2024-07-04,22422.2109375,23500.0,23550.0,23300.0,23500.0,5683100
2024-07-05,22422.2109375,23500.0,23500.0,23200.0,23350.0,8377700
2024-07-08,22374.505859375,23450.0,23500.0,23100.0,23500.0,6699200
2024-07-09,22279.091796875,23350.0,23500.0,23250.0,23300.0,11389200
2024-07-10,22088.263671875,23150.0,23450.0,23100.0,23400.0,10290600
2024-07-11,21754.31640625,22800.0,23350.0,22800.0,23150.0,15419800
2024-07-12,21754.31640625,22800.0,23000.0,22800.0,22850.0,5523200
2024-07-15,21611.1953125,22650.0,22900.0,22600.0,22850.0,6044600
2024-07-16,21658.90234375,22700.0,22850.0,22550.0,22650.0,11029900
2024-07-17,22613.037109375,23700.0,24200.0,22800.0,22850.0,27351200
2024-07-18,22613.037109375,23700.0,23850.0,23300.0,23700.0,11221300
2024-07-19,22326.796875,23400.0,23750.0,23100.0,23750.0,14092100
2024-07-22,22565.33203125,23650.0,23800.0,23000.0,23300.0,14480100
2024-07-23,21992.849609375,23050.0,23800.0,23000.0,23800.0,12471200
2024-07-24,21945.14453125,23000.0,23200.0,22850.0,22850.0,10819000
2024-07-25,21706.609375,22750.0,22900.0,22550.0,22850.0,8303700
2024-07-26,21706.609375,22750.0,22850.0,22600.0,22700.0,6322500
2024-07-29,21706.609375,22750.0,22950.0,22750.0,22850.0,5198700
2024-07-30,21897.435546875,22950.0,22950.0,22600.0,22700.0,6723500
2024-07-31,22183.677734375,23250.0,23350.0,22950.0,23000.0,11002900
2024-08-01,21945.14453125,23000.0,23250.0,22550.0,23200.0,11637400
2024-08-02,22422.2109375,23500.0,23500.0,22550.0,22550.0,13700300
2024-08-05,21277.248046875,22300.0,23000.0,22300.0,23000.0,16810500
2024-08-06,21277.248046875,22300.0,22600.0,22050.0,22400.0,17667600
2024-08-07,20800.1796875,21800.0,22400.0,21750.0,22400.0,19624800
2024-08-08,19893.748046875,20850.0,21650.0,20750.0,21600.0,41051900
2024-08-09,20132.283203125,21100.0,21300.0,21000.0,21000.0,14966900
2024-08-12,20275.404296875,21250.0,21250.0,21000.0,21200.0,10346600
2024-08-13,20036.869140625,21000.0,21200.0,20900.0,21200.0,11492700
2024-08-14,20227.697265625,21200.0,21300.0,20900.0,21050.0,11836400
2024-08-15,20179.990234375,21150.0,21200.0,20950.0,21200.0,9559800
2024-08-16,20466.23046875,21450.0,21550.0,21050.0,21150.0,21418700
2024-08-19,20895.59375,21900.0,21950.0,21400.0,21550.0,15706900
2024-08-20,20847.884765625,21850.0,22050.0,21800.0,21950.0,12413000
2024-08-21,20991.005859375,22000.0,22100.0,21550.0,21700.0,20036300
2024-08-22,21324.955078125,22350.0,22650.0,22000.0,22000.0,20780600
2024-08-23,21372.66015625,22400.0,22500.0,22200.0,22350.0,11973100
2024-08-26,21468.07421875,22500.0,22650.0,22400.0,22500.0,16940600
2024-08-27,21611.1953125,22650.0,22700.0,22450.0,22500.0,15067700
2024-08-28,21945.14453125,23000.0,23150.0,22600.0,22700.0,19145000
2024-08-29,21945.14453125,23000.0,23250.0,23000.0,23000.0,16097600
2024-08-30,22279.091796875,23350.0,23350.0,23000.0,23000.0,13276300
2024-09-04,21945.14453125,23000.0,23250.0,22850.0,23050.0,13719600
2024-09-05,21754.31640625,22800.0,23050.0,22700.0,22900.0,11375000
2024-09-06,21754.31640625,22800.0,22950.0,22650.0,22800.0,12161700
2024-09-09,21611.1953125,22650.0,22850.0,22600.0,22700.0,12271500
2024-09-10,21229.541015625,22250.0,22750.0,22200.0,22700.0,14110600
2024-09-11,21086.419921875,22100.0,22250.0,21950.0,22150.0,11246200
2024-09-12,21277.248046875,22300.0,22400.0,22150.0,22300.0,9122600
2024-09-13,21181.833984375,22200.0,22350.0,22150.0,22300.0,10103800
2024-09-16,21181.833984375,22200.0,22700.0,22200.0,22200.0,11594300
2024-09-17,21706.609375,22750.0,22750.0,22150.0,22150.0,7238500
2024-09-18,21945.14453125,23000.0,23100.0,22700.0,22750.0,15057800
2024-09-19,22135.970703125,23200.0,23200.0,22900.0,23200.0,13432600
2024-09-20,22469.91796875,23550.0,23700.0,23300.0,23300.0,30615100
2024-09-23,22279.091796875,23350.0,23750.0,23350.0,23550.0,8232000
2024-09-24,22469.91796875,23550.0,23600.0,23300.0,23300.0,11039500
2024-09-25,22708.453125,23800.0,23950.0,23600.0,23750.0,23428400
2024-09-26,22994.693359375,24100.0,24400.0,23650.0,23800.0,26218200
2024-09-27,23090.107421875,24200.0,24350.0,24050.0,24200.0,16810100
2024-09-30,23090.107421875,24200.0,24350.0,23950.0,24150.0,21491800
2024-10-01,23519.46875,24650.0,24800.0,24150.0,24200.0,40736400
2024-10-02,23758.001953125,24900.0,25150.0,24350.0,24550.0,28212200
2024-10-03,23233.2265625,24350.0,25200.0,24350.0,24950.0,29754600
2024-10-04,22946.986328125,24050.0,24450.0,24050.0,24350.0,21424400
2024-10-07,23042.400390625,24150.0,24350.0,24000.0,24250.0,12843900
2024-10-08,23280.93359375,24400.0,24600.0,24200.0,24200.0,16248500
2024-10-09,23519.46875,24650.0,24750.0,24300.0,24400.0,21677200
2024-10-10,23424.056640625,24550.0,25000.0,24550.0,24900.0,18247800
2024-10-11,23328.642578125,24450.0,24600.0,24250.0,24550.0,13916200
2024-10-14,23233.2265625,24350.0,24600.0,24350.0,24550.0,11945500
2024-10-15,23137.8125,24250.0,24600.0,24150.0,24350.0,14126800
2024-10-16,23090.107421875,24200.0,24300.0,24100.0,24200.0,9019700
2024-10-17,23233.2265625,24350.0,24400.0,24100.0,24200.0,9422800
2024-10-18,23328.642578125,24450.0,24800.0,24400.0,24450.0,15418700
2024-10-21,23042.400390625,24150.0,24500.0,24100.0,24450.0,9745000
2024-10-22,23090.107421875,24200.0,24400.0,24000.0,24200.0,16879300
2024-10-23,23090.107421875,24200.0,24300.0,23750.0,24200.0,16761400
2024-10-24,22565.33203125,23650.0,24200.0,23550.0,24150.0,14256700
2024-10-25,22422.2109375,23500.0,23850.0,23400.0,23750.0,14325400
2024-10-28,22565.33203125,23650.0,23700.0,23450.0,23500.0,7020100
2024-10-29,22660.74609375,23750.0,23850.0,23700.0,23700.0,6285800
2024-10-30,22899.28125,24000.0,24000.0,23750.0,23800.0,11087000
2024-10-31,22803.8671875,23900.0,24100.0,23850.0,24000.0,8621600
2024-11-01,22613.037109375,23700.0,24000.0,23700.0,23850.0,14550800
2024-11-04,22374.505859375,23450.0,23750.0,23400.0,23750.0,13930100
2024-11-05,22374.505859375,23450.0,23650.0,23450.0,23500.0,9921800
2024-11-06,22803.8671875,23900.0,24050.0,23600.0,23600.0,15680200
2024-11-07,22756.16015625,23850.0,24150.0,23850.0,24150.0,8601500
2024-11-08,22517.625,23600.0,24000.0,23450.0,24000.0,13097100
2024-11-11,22135.970703125,23200.0,23700.0,23050.0,23700.0,15357300
2024-11-12,21992.849609375,23050.0,23400.0,22900.0,23400.0,12489700
2024-11-13,22088.263671875,23150.0,23150.0,22700.0,23000.0,13323900
2024-11-14,21754.31640625,22800.0,23050.0,22750.0,23000.0,7429400
2024-11-15,21420.369140625,22450.0,22800.0,22400.0,22800.0,14453100
2024-11-18,21420.369140625,22450.0,22700.0,22200.0,22400.0,12110400
2024-11-19,21372.66015625,22400.0,22550.0,22200.0,22550.0,6936100
2024-11-20,21802.021484375,22850.0,22850.0,22250.0,22300.0,10247500
2024-11-21,22135.970703125,23200.0,23200.0,22600.0,22800.0,11213000
2024-11-22,22422.2109375,23500.0,23550.0,23150.0,23200.0,14405800
2024-11-25,22422.2109375,23500.0,23600.0,23400.0,23500.0,7187600
2024-11-26,22469.91796875,23550.0,23700.0,23450.0,23500.0,6757500
2024-11-27,22422.2109375,23500.0,23600.0,23350.0,23500.0,6388200
2024-11-28,22517.625,23600.0,23700.0,23400.0,23650.0,8136900
2024-11-29,22517.625,23600.0,23600.0,23350.0,23500.0,8447400
2024-12-02,22565.33203125,23650.0,23700.0,23400.0,23700.0,6569300
2024-12-03,22565.33203125,23650.0,23750.0,23450.0,23650.0,8333300
2024-12-04,22374.505859375,23450.0,23600.0,23400.0,23450.0,8179300
2024-12-05,23090.107421875,24200.0,24200.0,23350.0,23450.0,14188900
2024-12-06,23042.400390625,24150.0,24250.0,23950.0,24200.0,10921300
2024-12-09,23042.400390625,24150.0,24300.0,23950.0,24100.0,7597400
2024-12-10,22946.986328125,24050.0,24200.0,24000.0,24050.0,7039400
2024-12-11,23042.400390625,24150.0,24300.0,24000.0,24050.0,10341200
2024-12-12,23137.8125,24250.0,24500.0,24150.0,24200.0,18543300
2024-12-13,23233.2265625,24350.0,24550.0,24100.0,24300.0,11020400
2024-12-16,23185.521484375,24300.0,24400.0,24100.0,24300.0,6356400
2024-12-17,23090.107421875,24200.0,24400.0,24150.0,24400.0,5387400
2024-12-18,23090.107421875,24200.0,24300.0,24100.0,24250.0,5786300
2024-12-19,22660.74609375,23750.0,24050.0,23750.0,24000.0,15028500
2024-12-20,22708.453125,23800.0,23950.0,23800.0,23850.0,4594100
2024-12-23,22803.8671875,23900.0,24050.0,23800.0,24000.0,3208600
2024-12-24,22899.28125,24000.0,24050.0,23800.0,24050.0,5175500
2024-12-25,23328.642578125,24450.0,24900.0,23950.0,24000.0,18370600
2024-12-26,23233.2265625,24350.0,24550.0,24300.0,24500.0,5475600
2024-12-27,23471.76171875,24600.0,24900.0,24450.0,24500.0,15395600
2024-12-30,23280.93359375,24400.0,24750.0,24350.0,24750.0,10145800
2024-12-31,23519.46875,24650.0,24650.0,24350.0,24350.0,9403700
2025-01-02,23233.2265625,24350.0,24700.0,24300.0,24650.0,7834500
2025-01-03,22517.625,23600.0,24350.0,23600.0,24350.0,17426900
2025-01-06,22517.625,23600.0,23850.0,23500.0,23600.0,8132700
2025-01-07,22565.33203125,23650.0,23900.0,23550.0,23900.0,7615500
2025-01-08,22851.572265625,23950.0,24300.0,23650.0,23800.0,11947100
2025-01-09,22851.572265625,23950.0,24050.0,23750.0,24050.0,4709000
2025-01-10,22326.796875,23400.0,24000.0,23400.0,24000.0,6232100
2025-01-13,22708.453125,23800.0,23800.0,23150.0,23200.0,7939900
2025-01-14,22517.625,23600.0,23750.0,23500.0,23550.0,4180100
2025-01-15,22613.037109375,23700.0,23900.0,23650.0,23800.0,6720200
2025-01-16,22613.037109375,23700.0,23900.0,23650.0,23800.0,6720200
2025-01-17,23280.93359375,24400.0,24400.0,23750.0,23850.0,10016400
2025-01-20,23280.93359375,24400.0,24500.0,24250.0,24400.0,5183100
2025-01-21,23090.107421875,24200.0,24500.0,24150.0,24400.0,8127000
2025-01-22,23090.107421875,24200.0,24450.0,24150.0,24450.0,7455200
2025-01-23,23471.76171875,24600.0,24850.0,24250.0,24350.0,21069200
2025-01-24,23614.8828125,24750.0,24850.0,24650.0,24800.0,10331500
2025-01-27,23614.8828125,24750.0,24750.0,24750.0,24750.0,0
2025-01-28,23614.8828125,24750.0,24750.0,24750.0,24750.0,0
2025-01-29,23614.8828125,24750.0,24750.0,24750.0,24750.0,0
2025-01-30,23614.8828125,24750.0,24750.0,24750.0,24750.0,0
2025-01-31,23614.8828125,24750.0,24750.0,24750.0,24750.0,0
2025-02-03,23137.8125,24250.0,24700.0,24250.0,24500.0,10885100
2025-02-04,23519.46875,24650.0,24700.0,24300.0,24350.0,12471500
2025-02-05,23567.17578125,24700.0,24900.0,24550.0,24850.0,9430900
2025-02-06,24044.244140625,25200.0,25500.0,24800.0,24900.0,37579600
2025-02-07,24569.01953125,25750.0,25800.0,25200.0,25450.0,26585000
2025-02-10,24569.01953125,25750.0,26250.0,25450.0,25750.0,22152900
2025-02-11,24712.138671875,25900.0,26150.0,25750.0,26100.0,15667000
2025-02-12,24521.3125,25700.0,26000.0,25700.0,26000.0,11524500
2025-02-13,24759.845703125,25950.0,26000.0,25550.0,25600.0,11953600
2025-02-14,24807.552734375,26000.0,26200.0,25900.0,26100.0,10239600
2025-02-17,24521.3125,25700.0,26100.0,25700.0,26000.0,10972700
2025-02-18,24664.43359375,25850.0,26100.0,25650.0,25700.0,10757000
2025-02-19,24902.966796875,26100.0,26150.0,25800.0,25950.0,12938100
2025-02-20,25332.328125,26550.0,26600.0,26050.0,26200.0,21179500
2025-02-21,25284.62109375,26500.0,26600.0,26400.0,26600.0,8800600
2025-02-24,25284.62109375,26500.0,26650.0,26300.0,26400.0,11762200
2025-02-25,25189.208984375,26400.0,26800.0,26350.0,26600.0,14496400
2025-02-26,25093.794921875,26300.0,26550.0,26300.0,26400.0,9946900
2025-02-27,25046.087890625,26250.0,26400.0,26000.0,26400.0,12505900
2025-02-28,24902.966796875,26100.0,26300.0,26050.0,26250.0,12220900
2025-03-03,24902.966796875,26100.0,26300.0,26050.0,26150.0,9359400
2025-03-04,26238.759765625,27500.0,27550.0,26000.0,26100.0,40196300
2025-03-05,26047.931640625,27300.0,27600.0,27300.0,27500.0,13269400
2025-03-06,26429.5859375,27700.0,27700.0,27350.0,27450.0,12570100
2025-03-07,26477.291015625,27750.0,27900.0,27450.0,27700.0,14922200
2025-03-10,26525.0,27800.0,28300.0,27700.0,27750.0,13907700
2025-03-11,26715.826171875,28000.0,28000.0,27450.0,27500.0,15313400
2025-03-12,26572.705078125,27850.0,28250.0,27800.0,28100.0,10861400
2025-03-13,26047.931640625,27300.0,27800.0,27250.0,27800.0,18991700
2025-03-14,26047.931640625,27300.0,27400.0,27100.0,27100.0,10662000
2025-03-17,26191.05078125,27450.0,27450.0,27150.0,27350.0,11002100
2025-03-18,26143.345703125,27400.0,27600.0,27300.0,27500.0,7945400
2025-03-19,26000.224609375,27250.0,27350.0,27150.0,27300.0,12083700
2025-03-20,26191.05078125,27450.0,27550.0,27100.0,27500.0,14430700
2025-03-21,26095.63671875,27350.0,27550.0,27300.0,27350.0,7447300
2025-03-24,26715.826171875,28000.0,28200.0,27200.0,27350.0,21083700
2025-03-25,26620.412109375,27900.0,28200.0,27850.0,28100.0,8130100
2025-03-26,26715.826171875,28000.0,28500.0,27800.0,27900.0,24089300
2025-03-27,26477.291015625,27750.0,28150.0,27750.0,28000.0,7518900
2025-03-28,26286.46484375,27550.0,27800.0,27450.0,27750.0,12353600
2025-03-31,26238.759765625,27500.0,27500.0,27200.0,27400.0,12983300
2025-04-01,26668.12109375,27950.0,28000.0,27400.0,27500.0,9054500
2025-04-02,26620.412109375,27900.0,28150.0,27850.0,28000.0,6668600
2025-04-03,24759.845703125,25950.0,27200.0,25950.0,26950.0,58893200
2025-04-04,24521.3125,25700.0,25750.0,24150.0,24150.0,56795800
2025-04-08,22851.572265625,23950.0,25000.0,23950.0,25000.0,33465800
2025-04-09,22517.625,23600.0,24900.0,22300.0,22300.0,40792200
2025-04-10,24091.951171875,25250.0,25250.0,25250.0,25250.0,1241800
2025-04-11,25380.03515625,26600.0,26600.0,25600.0,26500.0,47940500
2025-04-14,25332.328125,26550.0,26700.0,26100.0,26600.0,19905300
2025-04-15,24807.552734375,26000.0,26350.0,25800.0,26050.0,21183400
2025-04-16,24616.724609375,25800.0,26450.0,25750.0,26150.0,18147100
2025-04-17,24807.552734375,26000.0,26000.0,25550.0,25600.0,14259300
2025-04-18,24807.552734375,26000.0,26500.0,26000.0,26500.0,16887000
2025-04-21,24569.01953125,25750.0,26300.0,25600.0,26000.0,12192200
2025-04-22,23996.537109375,25150.0,25650.0,23950.0,25250.0,29523500
2025-04-23,24902.966796875,26100.0,26300.0,25150.0,25750.0,18232600
2025-04-24,24569.01953125,25750.0,26100.0,25700.0,26000.0,8915900
2025-04-25,24759.845703125,25950.0,26050.0,25400.0,25950.0,19491800
2025-04-28,24807.552734375,26000.0,26100.0,25800.0,26000.0,11163200
2025-04-29,25093.794921875,26300.0,26600.0,26000.0,26000.0,18134300
2025-04-30,25093.794921875,26300.0,26300.0,26300.0,26300.0,0
2025-05-01,25093.794921875,26300.0,26300.0,26300.0,26300.0,0
2025-05-02,25093.794921875,26300.0,26300.0,26300.0,26300.0,0
2025-05-05,25093.794921875,26300.0,26300.0,26300.0,26300.0,0
2025-05-06,25284.62109375,26500.0,26650.0,26150.0,26650.0,9048300
2025-05-07,25618.5703125,26850.0,27200.0,26400.0,26500.0,24407100
2025-05-08,25761.689453125,27000.0,27100.0,26600.0,26850.0,13694100
2025-05-09,26143.345703125,27400.0,27450.0,26850.0,27000.0,18382100
2025-05-12,26143.345703125,27400.0,27400.0,27400.0,27400.0,0
2025-05-13,28051.6171875,29400.0,29450.0,27600.0,27650.0,46701100
2025-05-14,28051.6171875,29400.0,29700.0,29150.0,29500.0,13206500
2025-05-15,28480.978515625,29850.0,30500.0,29300.0,29350.0,19728500
2025-05-16,28528.6875,29900.0,30200.0,29550.0,29900.0,17783500
2025-05-19,28147.03125,29500.0,29950.0,29100.0,29200.0,20464800
2025-05-20,28147.03125,29500.0,29950.0,29100.0,29200.0,20464800
2025-05-21,29530.529296875,30950.0,31100.0,29500.0,29500.0,38192300
2025-05-22,29482.82421875,30900.0,31400.0,30700.0,31000.0,19486900
2025-05-23,29101.16796875,30500.0,31200.0,30300.0,30650.0,28001500
2025-05-26,28958.048828125,30350.0,30350.0,29500.0,30150.0,20226200
2025-05-27,28958.048828125,30350.0,30350.0,29500.0,30150.0,20226200
2025-05-28,29196.58203125,30600.0,31250.0,30350.0,30600.0,23572600
2025-05-29,29101.16796875,30500.0,30800.0,30250.0,30700.0,18570300
2025-05-30,29387.41015625,30800.0,30800.0,30300.0,30500.0,14712100
2025-06-02,29435.115234375,30850.0,30950.0,30200.0,30400.0,13955600
2025-06-03,29435.115234375,30850.0,30950.0,30200.0,30400.0,13955600
2025-06-04,30150.71875,31600.0,31900.0,30900.0,30900.0,23860200
2025-06-05,29912.185546875,31350.0,31700.0,31200.0,31700.0,15682100
2025-06-06,29673.650390625,31100.0,31600.0,31050.0,31350.0,15787800
2025-06-09,28385.56640625,29750.0,30450.0,29750.0,30300.0,20750500
2025-06-10,28385.56640625,29750.0,30450.0,29750.0,30300.0,20750500
2025-06-11,28671.806640625,30050.0,30500.0,29850.0,29950.0,15103700
2025-06-12,28719.513671875,30100.0,30350.0,29950.0,30350.0,6090700
2025-06-13,29530.529296875,30950.0,31150.0,30250.0,30350.0,24550800
2025-06-16,30818.615234375,32300.0,32350.0,30950.0,31000.0,23148300
2025-06-17,30818.615234375,32300.0,32350.0,30950.0,31000.0,23148300
2025-06-18,30914.02734375,32400.0,32600.0,32050.0,32550.0,17962300
2025-06-19,31295.681640625,32800.0,33350.0,32200.0,32400.0,17756300
2025-06-20,32440.646484375,34000.0,34000.0,32800.0,32800.0,23284100
2025-06-23,32249.818359375,33800.0,34000.0,33400.0,33600.0,18895500
2025-06-24,32249.818359375,33800.0,34000.0,33400.0,33600.0,18895500
2025-06-25,32440.646484375,34000.0,34750.0,33700.0,34050.0,25166100
2025-06-26,32249.818359375,33800.0,34250.0,33800.0,34150.0,13115100
2025-06-27,32488.35546875,34050.0,34450.0,33800.0,34000.0,12610700
2025-06-30,32631.474609375,34200.0,34700.0,34000.0,34100.0,13910000
2025-07-01,32631.474609375,34200.0,34700.0,34000.0,34100.0,13910000
2025-07-02,32822.30078125,34400.0,34550.0,34050.0,34200.0,12545400
2025-07-03,33394.78125,35000.0,35100.0,34450.0,34500.0,16948700
2025-07-04,33251.66015625,34850.0,35300.0,34800.0,35150.0,22273300
2025-07-07,33681.0234375,35300.0,35450.0,35100.0,35200.0,12244900
2025-07-08,33681.0234375,35300.0,35450.0,35100.0,35200.0,12244900
2025-07-09,33681.0234375,35300.0,35550.0,35100.0,35300.0,12974100
2025-07-10,33299.37109375,34900.0,35600.0,34700.0,35450.0,31885200
2025-07-11,33203.95703125,34800.0,35000.0,34650.0,34900.0,14459300
2025-07-14,33490.19921875,35100.0,35100.0,34300.0,34950.0,18132100
2025-07-15,33490.19921875,35100.0,35100.0,34300.0,34950.0,18132100
2025-07-16,33203.95703125,34800.0,35750.0,34800.0,35150.0,18005600
2025-07-17,33633.31640625,35250.0,35450.0,34600.0,34800.0,15009100
2025-07-18,33537.90234375,35150.0,35600.0,35100.0,35400.0,16136500
2025-07-21,33824.1484375,35450.0,36500.0,35350.0,36300.0,23119500
2025-07-22,33824.1484375,35450.0,36500.0,35350.0,36300.0,23119500
2025-07-23,33728.73046875,35350.0,35450.0,34900.0,35150.0,26975100
2025-07-24,33394.78125,35000.0,35450.0,34900.0,35400.0,27862300
2025-07-25,33442.48828125,35050.0,35600.0,34950.0,35050.0,19279700
2025-07-28,33967.265625,35600.0,35850.0,35200.0,35250.0,30577800
2025-07-29,33967.265625,35600.0,35850.0,35200.0,35250.0,30577800
2025-07-30,32345.234375,33900.0,35750.0,33900.0,35750.0,45002200
2025-07-31,32917.71484375,34500.0,34600.0,33700.0,34150.0,30546900
2025-08-01,32440.646484375,34000.0,35000.0,33800.0,34600.0,26760600
2025-08-04,33728.73046875,35350.0,35350.0,34000.0,34100.0,23096800
2025-08-05,33728.73046875,35350.0,35350.0,34000.0,34100.0,23096800
2025-08-06,35303.05859375,37000.0,37800.0,35800.0,35800.0,92362100
2025-08-07,36448.01953125,38200.0,39000.0,37200.0,38000.0,30371700
2025-08-08,36638.84765625,38400.0,38900.0,37800.0,38500.0,30075200
2025-08-11,36018.66015625,37750.0,38450.0,37600.0,37950.0,24602200
2025-08-12,36018.66015625,37750.0,38450.0,37600.0,37950.0,24602200
2025-08-13,35970.953125,37700.0,38000.0,37200.0,37800.0,22622400
2025-08-14,35780.125,37500.0,38000.0,36900.0,37800.0,27538600
2025-08-15,36638.84765625,38400.0,39200.0,37750.0,37750.0,38004200
2025-08-18,36209.484375,37950.0,38650.0,37650.0,38200.0,21688500
2025-08-19,36209.484375,37950.0,38650.0,37650.0,38200.0,21688500
2025-08-20,37402.15625,39200.0,39450.0,38100.0,38250.0,37483600
2025-08-21,38642.53515625,40500.0,40900.0,38900.0,40450.0,52927800
2025-08-22,39644.37890625,41550.0,42500.0,41000.0,41300.0,37569600
2025-08-25,35827.83203125,37550.0,39650.0,37300.0,39550.0,39313700
2025-08-26,35827.83203125,37550.0,39650.0,37300.0,39550.0,39313700
2025-08-27,37545.27734375,39350.0,39400.0,36950.0,38000.0,29545200
2025-08-28,37163.625,38950.0,40700.0,38900.0,39500.0,25051600
2025-08-29,37783.8125,39600.0,39600.0,38800.0,39600.0,18621100
2025-09-01,37783.8125,39600.0,39600.0,39600.0,39600.0,0
2025-09-02,37783.8125,39600.0,39600.0,39600.0,39600.0,0
2025-09-03,37783.8125,39600.0,40100.0,39450.0,40050.0,13486800
2025-09-04,37783.8125,39600.0,40100.0,39450.0,40050.0,13486800
2025-09-05,37783.8125,39600.0,39950.0,39400.0,39600.0,16817900
2025-09-08,36257.19140625,38000.0,39600.0,38000.0,39500.0,31844700
2025-09-09,36257.19140625,38000.0,39600.0,38000.0,39500.0,31844700
2025-09-10,36734.26171875,38500.0,38650.0,37850.0,38550.0,27379900
2025-09-11,37211.33203125,39000.0,39800.0,38600.0,39250.0,25909000
2025-09-12,36925.08984375,38700.0,39000.0,37700.0,38900.0,20441400
2025-09-15,37211.33203125,39000.0,39000.0,38550.0,38550.0,16479300
2025-09-16,37211.33203125,39000.0,39000.0,38550.0,38550.0,16479300
2025-09-17,37545.27734375,39350.0,40100.0,39250.0,39650.0,30137900
2025-09-18,36925.08984375,38700.0,39450.0,38500.0,39350.0,15622100
2025-09-19,37020.50390625,38800.0,38800.0,38200.0,38700.0,13628900
2025-09-22,35780.125,37500.0,38400.0,37300.0,38300.0,21457800
2025-09-23,35780.125,37500.0,38400.0,37300.0,38300.0,21457800
2025-09-24,35780.125,37500.0,38000.0,37500.0,37550.0,8090400
2025-09-25,37020.50390625,38800.0,38800.0,37150.0,37500.0,14155200
2025-09-26,37115.9140625,38900.0,38950.0,38550.0,38800.0,11877200
2025-09-29,36972.79296875,38750.0,38800.0,38400.0,38600.0,10121500
2025-09-30,37952.20703125,38750.0,38800.0,38400.0,38600.0,10121500
2025-10-01,37070.734375,37850.0,38050.0,37500.0,38050.0,11108100
2025-10-02,37756.32421875,38550.0,38600.0,37800.0,37850.0,13225600
2025-10-03,38050.1484375,38850.0,39200.0,38400.0,38850.0,16259200
2025-10-06,38588.82421875,39400.0,39400.0,38500.0,38950.0,23149900
2025-10-07,38588.82421875,39400.0,39400.0,38500.0,38950.0,23149900
2025-10-08,38197.05859375,39000.0,40000.0,38950.0,40000.0,11813100
2025-10-09,37805.29296875,38600.0,39400.0,38450.0,39250.0,20604100
2025-10-10,38148.08984375,38950.0,39100.0,38550.0,38600.0,18770600
2025-10-13,40449.70703125,41300.0,41500.0,39250.0,39300.0,43313300
2025-10-14,40449.70703125,41300.0,41500.0,39250.0,39300.0,43313300
2025-10-15,39960.0,40800.0,42000.0,40550.0,41750.0,25929200
2025-10-16,39960.0,40800.0,41350.0,40550.0,41000.0,13321200
2025-10-17,40400.734375,41250.0,41250.0,40800.0,41200.0,20239100
2025-10-20,37070.734375,37850.0,40650.0,37850.0,40650.0,30048800
2025-10-21,37070.734375,37850.0,40650.0,37850.0,40650.0,30048800
2025-10-22,36874.85546875,37650.0,38450.0,36500.0,38100.0,28577600
2025-10-23,37217.6484375,38000.0,38150.0,36400.0,38100.0,15701400
2025-10-24,36483.08984375,37250.0,38050.0,36800.0,38050.0,15619200
2025-10-27,34328.3828125,35050.0,36500.0,35050.0,36300.0,15906600
2025-10-28,34328.3828125,35050.0,36500.0,35050.0,36300.0,15906600
2025-10-29,35258.82421875,36000.0,36400.0,34000.0,35050.0,26134800
2025-10-30,35650.58984375,36400.0,36900.0,35650.0,35900.0,13116300
2025-10-31,34965.0,35700.0,36600.0,35600.0,36500.0,10507900
2025-11-03,32908.234375,33600.0,35500.0,33600.0,35100.0,16737200
2025-11-04,34279.4140625,35000.0,35200.0,33450.0,33600.0,16062100
2025-11-05,34279.4140625,35000.0,35200.0,33450.0,33600.0,16062100
2025-11-06,32908.234375,33600.0,34500.0,33500.0,34150.0,13684100
2025-11-07,32320.587890625,33000.0,33950.0,33000.0,33600.0,16083600
2025-11-10,32712.353515625,33400.0,33600.0,32950.0,33300.0,8793300
2025-11-11,32957.20703125,33650.0,34000.0,33350.0,33450.0,11239700
2025-11-12,34279.4140625,35000.0,35000.0,33600.0,33700.0,12025800
2025-11-13,34377.3515625,35100.0,35500.0,34600.0,34650.0,12530800
2025-11-14,34377.3515625,35100.0,35350.0,34700.0,34800.0,5603100
2025-11-17,34426.32421875,35150.0,35250.0,34700.0,35100.0,9499500
2025-11-18,34622.20703125,35350.0,35350.0,34950.0,35200.0,8594800
2025-11-19,34083.53125,34800.0,35400.0,34750.0,35400.0,6830700
2025-11-20,33887.6484375,34600.0,35000.0,34600.0,34850.0,6941100
2025-11-21,33544.8515625,34250.0,34500.0,33500.0,34500.0,8560200
2025-11-24,33251.03125,33950.0,34400.0,33900.0,34300.0,8275900
2025-11-25,32761.32421875,33450.0,34000.0,33450.0,34000.0,9145600
2025-11-26,33153.08984375,33850.0,33900.0,33500.0,33600.0,7859900
2025-11-27,33055.1484375,33750.0,34200.0,33700.0,33950.0,8857300
2025-11-28,33055.1484375,33750.0,33900.0,33300.0,33750.0,8390800
2025-12-01,32516.470703125,33200.0,33700.0,33200.0,33700.0,7034700
2025-12-02,33495.8828125,34200.0,34300.0,33150.0,33200.0,14025300
2025-12-03,34181.47265625,34900.0,35000.0,34250.0,34250.0,16220500
2025-12-04,34181.47265625,34900.0,35000.0,34250.0,34250.0,16220500
2025-12-05,33985.58984375,34700.0,35500.0,34700.0,35500.0,7316700
2025-12-08,33495.8828125,34200.0,34800.0,34150.0,34650.0,6283600
2025-12-09,33104.1171875,33800.0,34200.0,33500.0,34200.0,10774500
2025-12-10,33006.17578125,33700.0,34150.0,33700.0,33750.0,5381400
2025-12-11,32712.353515625,33400.0,34000.0,33400.0,33750.0,6610500
2025-12-12,31341.177734375,32000.0,33600.0,32000.0,33450.0,19124300
2025-12-15,31341.177734375,32000.0,32300.0,31500.0,32000.0,10487300
2025-12-16,32320.587890625,33000.0,33100.0,30500.0,32000.0,14017600
2025-12-17,31928.82421875,32600.0,33150.0,32550.0,33000.0,6749600
2025-12-18,31928.82421875,32600.0,33150.0,32550.0,33000.0,6749600
2025-12-19,32908.234375,33600.0,33650.0,33100.0,33200.0,9184900
2025-12-22,34475.29296875,35200.0,35200.0,33750.0,33850.0,16562200
2025-12-23,34083.53125,34800.0,35350.0,34750.0,35300.0,12785000
2025-12-24,34230.44140625,34950.0,35200.0,34300.0,34700.0,10571000
2025-12-25,34230.44140625,34950.0,35200.0,34300.0,34700.0,10571000
2025-12-26,33202.05859375,33900.0,34350.0,33050.0,33500.0,12160300
2025-12-29,33348.97265625,34050.0,34450.0,33800.0,33950.0,6596700
2025-12-30,33642.79296875,34350.0,34400.0,33750.0,34200.0,7265300
2025-12-31,34181.47265625,34900.0,34900.0,34250.0,34800.0,9454000
2026-01-01,34181.47265625,34900.0,34900.0,34900.0,34900.0,0
2026-01-02,34181.47265625,34900.0,34900.0,34900.0,34900.0,0
2026-01-05,34230.44140625,34950.0,34950.0,33800.0,34650.0,8187500
2026-01-06,35258.82421875,36000.0,36000.0,34200.0,34950.0,25180300
2026-01-07,35650.58984375,36400.0,36500.0,35950.0,36250.0,13319400
2026-01-08,35258.82421875,36000.0,36650.0,35500.0,36500.0,21044200
2026-01-09,35895.44140625,36650.0,37150.0,36200.0,37050.0,28290500
2026-01-12,37217.6484375,38000.0,38000.0,36450.0,36700.0,23390400
2026-01-13,36581.03125,37350.0,38200.0,37150.0,38100.0,20065400
2026-01-14,35748.53125,36500.0,37300.0,36000.0,37200.0,24159300
2026-01-15,34867.05859375,35600.0,36600.0,35300.0,36000.0,27274000
2026-01-16,35062.94140625,35800.0,36350.0,35600.0,35650.0,9580800
2026-01-19,35552.6484375,36300.0,36450.0,35800.0,35900.0,9996300
2026-01-20,35209.85546875,35950.0,36600.0,35650.0,36350.0,15678200
2026-01-21,35062.94140625,35800.0,35900.0,35000.0,35800.0,11159500
2026-01-22,35258.82421875,36000.0,36250.0,35650.0,35850.0,8784900
2026-01-23,35748.53125,36500.0,36900.0,35950.0,36200.0,20704300
2026-01-26,34916.03125,35650.0,36700.0,35650.0,36700.0,9416700
2026-01-27,34230.44140625,34950.0,35800.0,34750.0,35500.0,12126400
2026-01-28,33789.70703125,34500.0,35300.0,34350.0,35000.0,11482000
2026-01-29,34181.47265625,34900.0,35000.0,34150.0,34650.0,8593000
2026-01-30,35160.8828125,35900.0,35900.0,34800.0,34850.0,11603200
2026-02-02,34279.4140625,35000.0,35750.0,34750.0,35300.0,9657500
2026-02-03,33985.58984375,34700.0,35600.0,34700.0,35600.0,14012600
2026-02-04,33838.67578125,34550.0,34900.0,34350.0,34700.0,11708700
2026-02-05,34132.5,34850.0,35100.0,34750.0,34950.0,10700200
2026-02-06,33887.6484375,34600.0,34600.0,34100.0,34500.0,12492400
2026-02-09,34034.55859375,34750.0,35000.0,34500.0,35000.0,7754700
2026-02-10,33887.6484375,34600.0,35000.0,34450.0,34800.0,9951100
2026-02-11,34573.234375,35300.0,35350.0,34600.0,34700.0,11045000
2026-02-12,34720.1484375,35450.0,35750.0,35200.0,35400.0,7542700
2026-02-13,34720.1484375,35450.0,35500.0,35200.0,35200.0,6059700
2026-02-16,34720.1484375,35450.0,35450.0,35450.0,35450.0,0
2026-02-17,34720.1484375,35450.0,35450.0,35450.0,35450.0,0
2026-02-18,34720.1484375,35450.0,35450.0,35450.0,35450.0,0
2026-02-19,34720.1484375,35450.0,35450.0,35450.0,35450.0,0
2026-02-20,34720.1484375,35450.0,35450.0,35450.0,35450.0,0
2026-02-23,35111.9140625,35850.0,35900.0,35450.0,35500.0,9141000
2026-02-24,35062.94140625,35800.0,35900.0,35750.0,35850.0,10872100
2026-02-25,35258.82421875,36000.0,36450.0,35700.0,35800.0,12384800
2026-02-26,35699.55859375,36450.0,36450.0,36000.0,36100.0,9305800
2026-02-27,35503.67578125,36250.0,36400.0,35850.0,36050.0,7958700
2026-03-02,33936.6171875,34650.0,35800.0,34650.0,35800.0,17516400
2026-03-03,33936.6171875,34650.0,35800.0,34650.0,35800.0,17516400
2026-03-04,31830.8828125,32500.0,33700.0,31800.0,33500.0,30866600
2026-03-05,31537.05859375,32200.0,33100.0,32200.0,33000.0,15754300
2026-03-06,30802.5,31450.0,32100.0,31350.0,32100.0,14743000
2026-03-09,28647.794921875,29250.0,29800.0,29250.0,29250.0,33386400
2026-03-10,29676.177734375,30300.0,30800.0,29750.0,30800.0,18772700
2026-03-11,30459.70703125,31100.0,31350.0,29950.0,30050.0,12998900
2026-03-12,29382.353515625,30000.0,31000.0,29900.0,30550.0,18068400
2026-03-13,29382.353515625,30000.0,30300.0,29650.0,30000.0,9833600
2026-03-16,29578.236328125,30200.0,30450.0,30000.0,30000.0,8138100
2026-03-17,29676.177734375,30300.0,30900.0,30100.0,30250.0,13156600
2026-03-18,29676.177734375,30300.0,30800.0,30150.0,30500.0,6834600
2026-03-19,29431.32421875,30050.0,30300.0,29900.0,30150.0,16386600
2026-03-20,29235.44140625,29850.0,30100.0,29850.0,30000.0,7919000
2026-03-23,28305.0,28900.0,29550.0,28900.0,29500.0,15397100
2026-03-24,29235.44140625,29850.0,29850.0,29150.0,29300.0,9251700
2026-03-25,30165.8828125,30800.0,30900.0,30050.0,30300.0,10014500
2026-03-26,29529.265625,30150.0,30700.0,30150.0,30700.0,7432100
2026-03-27,30018.970703125,30650.0,30700.0,30050.0,30150.0,7624800
2026-03-30,29872.05859375,30500.0,30500.0,29750.0,30050.0,6340300
2026-03-31,30067.94140625,30700.0,30750.0,30400.0,30500.0,8861500
2026-04-01,30165.8828125,30800.0,31350.0,30800.0,31350.0,8787500
2026-04-02,29725.1484375,30350.0,30550.0,30100.0,30500.0,7864700
2026-04-03,29137.5,29750.0,30500.0,29750.0,30400.0,8900100
2026-04-06,28451.912109375,29050.0,29700.0,29000.0,29700.0,12541800
2026-04-07,28109.1171875,28700.0,29300.0,28350.0,29250.0,15385300
2026-04-08,30067.94140625,30700.0,30700.0,29500.0,29750.0,18128900
2026-04-09,30263.82421875,30900.0,31600.0,30600.0,30950.0,20809500
2026-04-10,31586.029296875,32250.0,32650.0,31050.0,31050.0,30690500
2026-04-13,31243.236328125,31900.0,32150.0,31500.0,31500.0,10921700
2026-04-14,31390.1484375,32050.0,32550.0,31850.0,32400.0,9838400
2026-04-15,31194.265625,31850.0,32550.0,31850.0,32400.0,12297700
2026-04-16,31243.236328125,31900.0,32100.0,31800.0,31850.0,8572900
2026-04-17,31586.029296875,32250.0,32450.0,32000.0,32150.0,12197000
2026-04-20,31928.82421875,32600.0,32900.0,32350.0,32400.0,12615300
2026-04-21,32026.765625,32700.0,32850.0,32500.0,32650.0,10355500
2026-04-22,32320.587890625,33000.0,33500.0,32900.0,33100.0,15089100
2026-04-23,32614.412109375,33300.0,33700.0,32900.0,33000.0,12864900
2026-04-24,33544.8515625,34250.0,34300.0,33300.0,33400.0,24933500
2026-04-27,33544.8515625,34250.0,34250.0,34250.0,34250.0,0
2026-04-28,33887.6484375,34600.0,35000.0,34500.0,35000.0,16775400
2026-04-29,33153.08984375,33850.0,34600.0,33500.0,34500.0,16456400
2026-04-30,33153.08984375,33850.0,33850.0,33850.0,33850.0,0
2026-05-01,33153.08984375,33850.0,33850.0,33850.0,33850.0,0
2026-05-04,32859.265625,33550.0,33950.0,33300.0,33800.0,11611400
2026-05-05,32614.412109375,33300.0,33450.0,32700.0,33450.0,10590600
2026-05-06,33202.05859375,33900.0,33900.0,33200.0,33450.0,7863100
2026-05-07,33006.17578125,33700.0,34200.0,33700.0,34050.0,9746800
2026-05-08,33153.08984375,33850.0,33950.0,33550.0,33650.0,10525100
2026-05-11,33104.1171875,33800.0,33950.0,33750.0,33950.0,10445400
2026-05-12,33104.1171875,33800.0,33850.0,33650.0,33800.0,9674900
2026-05-13,32908.234375,33600.0,33900.0,33550.0,33900.0,11500800
2026-05-14,33300.0,34000.0,34000.0,33600.0,33600.0,10236700
2026-05-15,33348.97265625,34050.0,34800.0,33950.0,34350.0,22577300
2026-05-18,33300.0,34000.0,34200.0,33750.0,34000.0,12191600
2026-05-19,32600.0,32600.0,33600.0,32600.0,33500.0,15755800
2026-05-20,32450.0,32450.0,32450.0,31050.0,32200.0,19950800
2026-05-21,32250.0,32250.0,32600.0,32200.0,32500.0,9017000
2026-05-22,32200.0,32200.0,32400.0,31650.0,32400.0,7157000
2026-05-25,32550.0,32550.0,32800.0,32050.0,32050.0,6800800
2026-05-26,32900.0,32900.0,33000.0,32450.0,32500.0,5439700
2026-05-27,33650.0,33650.0,33700.0,32900.0,33100.0,16305800
2026-05-28,32600.0,32600.0,33600.0,32600.0,33600.0,8065900
2026-05-29,32750.0,32750.0,33050.0,32650.0,32650.0,6878700
2026-06-01,32350.0,32350.0,32950.0,32350.0,32850.0,5957400
2026-06-02,31900.0,31900.0,32400.0,31900.0,32350.0,8472100
2026-06-03,31550.0,31550.0,32000.0,31450.0,31900.0,11052800
2026-06-04,31450.0,31450.0,31900.0,31450.0,31650.0,6761500
2026-06-05,31700.0,31700.0,32000.0,31500.0,31500.0,5839000
2026-06-08,30850.0,30850.0,31600.0,30850.0,31500.0,9610500
2026-06-09,30900.0,30900.0,31200.0,30800.0,30900.0,9572400
2026-06-10,30950.0,30950.0,31250.0,30900.0,31050.0,4691800
2026-06-11,30850.0,30850.0,31050.0,30800.0,30950.0,6590700
2026-06-12,31250.0,31250.0,31450.0,31050.0,31300.0,10931200
2026-06-15,31700.0,31700.0,31950.0,31250.0,31700.0,10553500
2026-06-16,31750.0,31750.0,31900.0,31550.0,31800.0,7120000
2026-06-17,31450.0,31450.0,31800.0,31350.0,31750.0,16629400
2026-06-18,31200.0,31200.0,31500.0,31150.0,31450.0,8917000
2026-06-19,30950.0,30950.0,31300.0,30900.0,31250.0,10874100
2026-06-22,30900.0,30900.0,31150.0,30900.0,31150.0,5678600
2026-06-23,32050.0,32050.0,33050.0,31000.0,31000.0,28233400
2026-06-24,32500.0,32500.0,32950.0,32000.0,32500.0,17964000
2026-06-25,33400.0,33400.0,33500.0,32450.0,32700.0,20973800
2026-06-26,33400.0,33400.0,33450.0,32900.0,33400.0,10271000
2026-06-29,33800.0,33800.0,33900.0,33250.0,33300.0,14115800
2026-06-30,33500.0,33500.0,33850.0,33450.0,33850.0,9363600
2026-07-01,33500.0,33500.0,33850.0,33450.0,33850.0,9363600
2026-07-02,33850.0,33850.0,34600.0,33800.0,34350.0,12377100
2026-07-03,33600.0,33600.0,33950.0,33200.0,33950.0,15380400
2026-07-06,33750.0,33750.0,33950.0,33200.0,33600.0,10686300
2026-07-07,33850.0,33850.0,33850.0,33350.0,33750.0,7544400
2026-07-08,33750.0,33750.0,34200.0,33750.0,33850.0,12585200
2026-07-09,33150.0,33150.0,33650.0,33150.0,33550.0,11473700
2026-07-10,32400.0,32400.0,33200.0,32300.0,33150.0,16294000
2026-07-13,32350.0,32350.0,32350.0,31500.0,32250.0,19906700
2026-07-14,32200.0,32200.0,32300.0,31750.0,32150.0,11243700
2026-07-15,31500.0,31500.0,32200.0,31500.0,32050.0,8134600
2026-07-16,31900.0,31900.0,31900.0,30750.0,31300.0,14633400
2026-07-17,31450.0,31450.0,31900.0,31450.0,31900.0,7054000
2026-07-20,29950.0,29950.0,31400.0,29950.0,31400.0,14287800
2026-07-21,29800.0,29800.0,30200.0,29600.0,30000.0,10138100
2026-07-22,29000.0,29000.0,30300.0,29000.0,29900.0,19146900
2026-07-23,29250.0,29250.0,29950.0,28350.0,29050.0,16985100
2026-07-24,28600.0,28600.0,29200.0,28500.0,28900.0,10695100
2026-07-27,28250.0,28250.0,29050.0,28250.0,28700.0,10295400
2026-07-28,28500.0,28500.0,28600.0,27800.0,28150.0,10441600
2026-07-29,28400.0,28400.0,28550.0,28150.0,28150.0,8541800
2026-07-30,29300.0,29300.0,29750.0,28400.0,28600.0,19699200
