date,Adj Close,Close,High,Low,Open,Volume
2016-01-04,17813.31640625,28713.75,29348.30859375,28713.75,28951.7109375,230182
2016-01-05,17764.109375,28634.431640625,28951.7109375,28555.111328125,28713.75,294869
2016-01-06,17862.529296875,28793.0703125,28872.390625,28634.431640625,28634.431640625,132854
2016-01-07,16976.78125,27365.314453125,28555.111328125,27365.314453125,28555.111328125,957126
2016-01-08,17222.822265625,27761.9140625,27841.234375,27285.99609375,27444.634765625,418937
2016-01-11,17222.822265625,27761.9140625,27999.873046875,27603.2734375,27761.9140625,408687
2016-01-12,17075.203125,27523.955078125,27603.2734375,27048.03515625,27048.03515625,425152
2016-01-13,17222.822265625,27761.9140625,28317.15234375,27523.955078125,27523.955078125,596408
2016-01-14,16927.57421875,27285.99609375,27761.9140625,27206.67578125,27761.9140625,548917
2016-01-15,16878.36328125,27206.67578125,27682.59375,27206.67578125,27444.634765625,270096
2016-01-18,15697.373046875,25303.001953125,26889.396484375,25303.001953125,26096.19921875,1561023
2016-01-19,15697.373046875,25303.001953125,25778.919921875,25223.681640625,25382.3203125,648161
2016-01-20,15106.8740234375,24351.1640625,25303.001953125,24351.1640625,25303.001953125,1101528
2016-01-21,14762.4169921875,23795.92578125,24351.1640625,23637.287109375,23875.24609375,1272734
2016-01-22,15746.576171875,25382.3203125,25461.640625,23954.56640625,24113.205078125,1499323
2016-01-25,16829.158203125,27127.35546875,27127.35546875,26810.076171875,26810.076171875,950002
2016-01-26,17468.861328125,28158.51171875,28951.7109375,26175.51953125,26254.837890625,1336010
2016-01-27,17960.939453125,28951.7109375,29506.94921875,28713.75,28951.7109375,1219746
2016-01-28,18059.361328125,29110.349609375,29824.2265625,28793.0703125,29348.30859375,1272104
2016-01-29,19289.560546875,31093.34375,31093.34375,29427.62890625,29744.908203125,1624450
2016-02-01,18453.025390625,29744.908203125,31331.302734375,29744.908203125,31251.982421875,1419419
2016-02-02,17714.90234375,28555.111328125,29189.669921875,28158.51171875,28951.7109375,966606
2016-02-03,18797.482421875,30300.146484375,30300.146484375,27444.634765625,27682.59375,1096259
2016-02-04,18699.0625,30141.505859375,31014.0234375,29903.546875,31014.0234375,451022
2016-02-05,18699.0625,30141.505859375,30141.505859375,29744.908203125,30141.505859375,244554
2016-02-15,18797.482421875,30300.146484375,30538.10546875,29744.908203125,29824.2265625,1007453
2016-02-16,19683.22265625,31727.90234375,31727.90234375,30379.46484375,30696.744140625,1720857
2016-02-17,19387.978515625,31251.982421875,31648.58203125,30934.703125,31569.26171875,965194
2016-02-18,20519.759765625,33076.3359375,33314.296875,32045.1796875,32124.5,1799476
2016-02-19,20913.423828125,33710.89453125,34107.4921875,32362.458984375,32362.458984375,1537674
2016-02-22,21110.263671875,34028.17578125,34345.453125,33552.25390625,33552.25390625,871636
2016-02-23,21307.091796875,34345.453125,35693.890625,34266.1328125,34266.1328125,1866344
2016-02-24,21061.052734375,33948.85546875,34424.7734375,33314.296875,34186.8125,1903069
2016-02-25,20568.97265625,33155.65625,34742.05078125,33155.65625,34742.05078125,864942
2016-02-26,20913.423828125,33710.89453125,34028.17578125,33314.296875,33710.89453125,993182
2016-02-29,21011.83984375,33869.53515625,34345.453125,33790.21484375,33948.85546875,772632
2016-03-01,21454.71875,34583.4140625,35059.33203125,33869.53515625,34107.4921875,1146397
2016-03-02,21700.759765625,34980.01171875,35297.2890625,34742.05078125,34900.69140625,982226
2016-03-03,22242.046875,35852.52734375,36011.16796875,35455.9296875,35455.9296875,977247
2016-03-04,22783.33984375,36725.046875,36804.3671875,35535.25,35693.890625,1368322
2016-03-07,24308.779296875,39183.95703125,39263.27734375,37835.5234375,37994.16015625,2478071
2016-03-08,23718.28515625,38232.12109375,40849.671875,38073.48046875,39659.875,2187172
2016-03-09,23324.623046875,37597.5625,38311.44140625,37359.60546875,37359.60546875,1233324
2016-03-10,23767.494140625,38311.44140625,38866.6796875,37914.84375,38549.3984375,1130462
2016-03-11,23669.078125,38152.80078125,38390.76171875,37835.5234375,38311.44140625,1167918
2016-03-14,23718.28515625,38232.12109375,38628.71875,38152.80078125,38470.08203125,674737
2016-03-15,22881.748046875,36883.68359375,37835.5234375,36725.046875,37676.8828125,1807683
2016-03-16,23078.580078125,37200.96484375,37438.921875,36804.3671875,36963.00390625,768219
2016-03-17,24106.583984375,37200.96484375,37835.5234375,37200.96484375,37756.203125,1552677
2016-03-18,23746.779296875,36645.7265625,37756.203125,36645.7265625,37756.203125,932264
2016-03-21,23129.984375,35693.890625,36645.7265625,35693.890625,36487.0859375,845489
2016-03-22,23386.982421875,36090.48828125,36883.68359375,35376.609375,36249.12890625,1275646
2016-03-23,23849.578125,36804.3671875,36883.68359375,36011.16796875,36090.48828125,771850
2016-03-24,23181.37890625,35773.20703125,36487.0859375,35773.20703125,36328.4453125,1078646
2016-03-25,23232.779296875,35852.52734375,36011.16796875,35455.9296875,35614.5703125,945628
2016-03-28,23232.779296875,35852.52734375,36090.48828125,35693.890625,35931.84765625,345361
2016-03-29,22358.98046875,34504.09375,35614.5703125,34504.09375,35614.5703125,1039804
2016-03-30,22101.98046875,34107.4921875,34742.05078125,33948.85546875,34345.453125,765937
2016-03-31,21073.982421875,32521.099609375,33948.85546875,32521.099609375,33948.85546875,1027095
2016-04-01,21330.982421875,32917.69921875,33076.3359375,32441.779296875,32521.099609375,593572
2016-04-04,20765.578125,32045.1796875,32917.69921875,31886.541015625,31886.541015625,878810
2016-04-05,21073.982421875,32521.099609375,32521.099609375,31410.623046875,31727.90234375,1025683
2016-04-06,22101.98046875,34107.4921875,34107.4921875,33155.65625,33393.6171875,1064678
2016-04-07,22667.380859375,34980.01171875,35297.2890625,34583.4140625,34980.01171875,1287762
2016-04-08,22667.380859375,34980.01171875,36090.48828125,34662.73046875,36090.48828125,873741
2016-04-11,23129.984375,35693.890625,36249.12890625,35614.5703125,35852.52734375,1221171
2016-04-12,23386.982421875,36090.48828125,36169.80859375,35693.890625,35693.890625,1152941
2016-04-13,23746.779296875,36645.7265625,37280.28515625,36249.12890625,36725.046875,1605955
2016-04-14,23592.578125,36407.765625,36725.046875,36090.48828125,36090.48828125,901339
2016-04-15,23798.181640625,36725.046875,37121.64453125,36487.0859375,36487.0859375,1109710
2016-04-19,22770.18359375,35138.65234375,35773.20703125,34980.01171875,35693.890625,1945870
2016-04-20,23027.1796875,35535.25,35614.5703125,35217.96875,35535.25,1083046
2016-04-21,24466.37890625,37756.203125,37756.203125,36249.12890625,36249.12890625,1804002
2016-04-22,25442.98046875,39263.27734375,39263.27734375,37280.28515625,37280.28515625,2713914
2016-04-25,24826.18359375,38311.44140625,39342.59765625,38311.44140625,39342.59765625,872506
2016-04-26,25442.98046875,39263.27734375,39263.27734375,37835.5234375,38073.48046875,1060757
2016-04-27,25956.98046875,40056.4765625,41246.2734375,39659.875,40453.07421875,1404656
2016-04-28,26213.9765625,40453.07421875,41642.87109375,40056.4765625,40453.07421875,1590801
2016-04-29,26213.9765625,40453.07421875,41246.2734375,40056.4765625,40849.671875,735239
2016-05-04,25956.98046875,40056.4765625,40056.4765625,38708.0390625,38866.6796875,1633615
2016-05-05,25699.97265625,39659.875,40849.671875,39659.875,40056.4765625,675972
2016-05-06,25956.98046875,40056.4765625,41246.2734375,39501.23828125,39659.875,1029289
2016-05-09,26213.9765625,40453.07421875,40849.671875,39659.875,40849.671875,727183
2016-05-10,26213.9765625,40453.07421875,40453.07421875,39263.27734375,39659.875,1228155
2016-05-11,26727.978515625,41246.2734375,41246.2734375,40056.4765625,40453.07421875,794972
2016-05-12,26984.978515625,41642.87109375,42832.66796875,41246.2734375,41642.87109375,991455
2016-05-13,27755.9765625,42832.66796875,42832.66796875,41246.2734375,41642.87109375,983399
2016-05-16,28526.982421875,44022.46484375,44022.46484375,42436.06640625,42436.06640625,1031294
2016-05-17,30325.9765625,46798.65625,46798.65625,44815.66015625,45212.2578125,1974098
2016-05-18,29811.98046875,46005.45703125,47591.8515625,45608.859375,46798.65625,1422369
2016-05-19,29554.970703125,45608.859375,46005.45703125,44815.66015625,45212.2578125,982378
2016-05-20,29554.970703125,45608.859375,46402.0546875,45212.2578125,46402.0546875,845955
2016-05-23,29040.9765625,44815.66015625,45608.859375,44419.0625,45608.859375,615685
2016-05-24,29040.9765625,44815.66015625,45212.2578125,43625.86328125,44419.0625,592790
2016-05-25,29554.970703125,45608.859375,46005.45703125,45212.2578125,45608.859375,477926
2016-05-26,29297.974609375,45212.2578125,46005.45703125,44815.66015625,45608.859375,505800
2016-05-27,29040.9765625,44815.66015625,45212.2578125,44419.0625,44815.66015625,353140
2016-05-30,29297.974609375,45212.2578125,45608.859375,44419.0625,45212.2578125,505220
2016-05-31,30839.970703125,47591.8515625,47988.44921875,45212.2578125,45212.2578125,1225684
2016-06-01,30839.970703125,47591.8515625,47988.44921875,46798.65625,47591.8515625,513617
2016-06-02,31610.9765625,48781.6484375,48781.6484375,47195.25390625,47195.25390625,684886
2016-06-03,31096.970703125,47988.44921875,49574.84765625,47988.44921875,48781.6484375,425127
2016-06-06,31096.970703125,47988.44921875,48385.05078125,47195.25390625,47591.8515625,405497
2016-06-07,31610.9765625,48781.6484375,49178.24609375,47988.44921875,49178.24609375,214990
2016-06-08,31096.970703125,47988.44921875,49971.4453125,47988.44921875,49574.84765625,751162
2016-06-09,31867.96875,49178.24609375,49178.24609375,48385.05078125,48385.05078125,533473
2016-06-10,31096.970703125,47988.44921875,49178.24609375,47988.44921875,48385.05078125,700027
2016-06-13,30839.970703125,47591.8515625,47591.8515625,46402.0546875,46798.65625,947746
2016-06-14,30839.970703125,47591.8515625,48385.05078125,46798.65625,47591.8515625,644454
2016-06-15,31610.9765625,48781.6484375,49178.24609375,46798.65625,47195.25390625,712079
2016-06-16,30839.970703125,47591.8515625,48781.6484375,47591.8515625,48385.05078125,501930
2016-06-17,30582.96875,47195.25390625,47988.44921875,46798.65625,46798.65625,415016
2016-06-20,31610.9765625,48781.6484375,48781.6484375,47591.8515625,47988.44921875,406746
2016-06-21,31096.970703125,47988.44921875,49178.24609375,47988.44921875,48781.6484375,350076
2016-06-22,31096.970703125,47988.44921875,48781.6484375,47988.44921875,47988.44921875,163565
2016-06-23,31353.984375,48385.05078125,48385.05078125,47988.44921875,47988.44921875,171256
2016-06-24,30839.970703125,47591.8515625,48781.6484375,45212.2578125,48385.05078125,1250583
2016-06-27,31096.970703125,47988.44921875,48385.05078125,46005.45703125,46402.0546875,315041
2016-06-28,31096.970703125,47988.44921875,47988.44921875,46798.65625,46798.65625,155471
2016-06-29,31867.96875,49178.24609375,49178.24609375,47988.44921875,47988.44921875,570551
2016-06-30,32124.970703125,49574.84765625,51161.2421875,49574.84765625,49971.4453125,424370
2016-07-01,33666.9765625,51954.4375,52747.63671875,49971.4453125,49971.4453125,892829
2016-07-04,34180.97265625,52747.63671875,52747.63671875,51954.4375,52351.0390625,257602
2016-07-05,33666.9765625,51954.4375,53540.83203125,51557.83984375,52747.63671875,543055
2016-07-06,33152.98046875,51161.2421875,51954.4375,50764.640625,51557.83984375,581595
2016-07-07,34437.96484375,53144.234375,53144.234375,51161.2421875,51557.83984375,590256
2016-07-08,33923.96875,52351.0390625,53144.234375,51557.83984375,52351.0390625,963253
2016-07-11,32895.96875,50764.640625,52351.0390625,50368.04296875,51557.83984375,781759
2016-07-12,33152.98046875,51161.2421875,51557.83984375,50764.640625,50764.640625,651678
2016-07-13,33923.96875,52351.0390625,53144.234375,51557.83984375,51954.4375,865232
2016-07-14,33152.98046875,51161.2421875,52747.63671875,51161.2421875,51954.4375,533574
2016-07-15,32895.96875,50764.640625,51557.83984375,50764.640625,51557.83984375,389486
2016-07-18,33409.96875,51557.83984375,51557.83984375,50764.640625,51161.2421875,275593
2016-07-19,32895.96875,50764.640625,51557.83984375,49574.84765625,51161.2421875,642740
2016-07-20,32124.970703125,49574.84765625,50764.640625,49574.84765625,50368.04296875,467538
2016-07-21,32381.970703125,49971.4453125,51161.2421875,49574.84765625,49971.4453125,459696
2016-07-22,31610.9765625,48781.6484375,49178.24609375,47195.25390625,49178.24609375,664752
2016-07-25,31867.96875,49178.24609375,49971.4453125,47988.44921875,48781.6484375,325870
2016-07-26,30325.9765625,46798.65625,48781.6484375,46798.65625,48781.6484375,600972
2016-07-27,30325.9765625,46798.65625,46798.65625,46798.65625,46798.65625,0
2016-07-28,29811.98046875,46005.45703125,47591.8515625,45212.2578125,47591.8515625,547442
2016-07-29,30068.970703125,46402.0546875,46798.65625,44419.0625,44815.66015625,431607
2016-08-01,30839.970703125,47591.8515625,47988.44921875,46402.0546875,47591.8515625,198954
2016-08-02,30582.96875,47195.25390625,47195.25390625,46005.45703125,46005.45703125,637520
2016-08-03,30325.9765625,46798.65625,47195.25390625,46005.45703125,46402.0546875,429111
2016-08-04,30582.96875,47195.25390625,47988.44921875,47195.25390625,47591.8515625,358309
2016-08-05,30582.96875,47195.25390625,47988.44921875,47195.25390625,47195.25390625,305548
2016-08-08,31096.970703125,47988.44921875,47988.44921875,46798.65625,47195.25390625,294768
2016-08-09,31610.9765625,48781.6484375,49178.24609375,47988.44921875,47988.44921875,196130
2016-08-10,31867.96875,49178.24609375,49178.24609375,48385.05078125,48781.6484375,356329
2016-08-11,31867.96875,49178.24609375,49178.24609375,47988.44921875,48385.05078125,414058
2016-08-12,32381.970703125,49971.4453125,51954.4375,49971.4453125,50764.640625,612621
2016-08-15,32895.96875,50764.640625,51161.2421875,49971.4453125,49971.4453125,329426
2016-08-16,32638.97265625,50368.04296875,51557.83984375,49971.4453125,51161.2421875,502296
2016-08-17,32638.97265625,50368.04296875,50764.640625,49971.4453125,50368.04296875,525165
2016-08-18,31867.96875,49178.24609375,50368.04296875,48781.6484375,50368.04296875,498728
2016-08-19,33152.98046875,51161.2421875,51954.4375,49574.84765625,50368.04296875,840610
2016-08-22,33666.9765625,51954.4375,52747.63671875,51161.2421875,51161.2421875,583511
2016-08-23,32638.97265625,50368.04296875,51161.2421875,49971.4453125,51161.2421875,353694
2016-08-24,32638.97265625,50368.04296875,51161.2421875,50368.04296875,50368.04296875,267373
2016-08-25,31867.96875,49178.24609375,50368.04296875,48781.6484375,49971.4453125,421584
2016-08-26,32638.97265625,50368.04296875,50368.04296875,49178.24609375,49178.24609375,190507
2016-08-29,32381.970703125,49971.4453125,50764.640625,49971.4453125,49971.4453125,254224
2016-08-30,33152.98046875,51161.2421875,51161.2421875,49178.24609375,49178.24609375,413843
2016-08-31,32895.96875,50764.640625,51161.2421875,50368.04296875,50764.640625,455435
2016-09-01,32638.97265625,50368.04296875,51161.2421875,49971.4453125,50764.640625,305258
2016-09-05,32381.970703125,49971.4453125,50368.04296875,49574.84765625,49971.4453125,387343
2016-09-06,32895.96875,50764.640625,51161.2421875,49971.4453125,49971.4453125,378014
2016-09-07,32381.970703125,49971.4453125,50764.640625,49178.24609375,49971.4453125,430977
2016-09-08,33152.98046875,51161.2421875,51557.83984375,49971.4453125,49971.4453125,319037
2016-09-09,33152.98046875,51161.2421875,52747.63671875,51161.2421875,51557.83984375,492336
2016-09-12,32433.37890625,50050.765625,50368.04296875,49574.84765625,49971.4453125,251185
2016-09-13,32638.97265625,50368.04296875,50764.640625,49574.84765625,49574.84765625,200580
2016-09-14,32638.97265625,50368.04296875,50526.68359375,49892.125,50368.04296875,231783
2016-09-15,32381.970703125,49971.4453125,50368.04296875,49574.84765625,49574.84765625,379981
2016-09-16,32484.779296875,50130.0859375,50130.0859375,49812.8046875,49971.4453125,132312
2016-09-19,32895.96875,50764.640625,50764.640625,50130.0859375,50209.40234375,160149
2016-09-20,33923.96875,52351.0390625,52351.0390625,50368.04296875,50685.32421875,279199
2016-09-21,34746.37109375,53620.15234375,53699.47265625,52033.7578125,52351.0390625,504111
2016-09-22,34849.171875,53778.79296875,54730.62890625,53778.79296875,54571.9921875,303606
2016-09-23,35260.37109375,54413.3515625,54413.3515625,53461.515625,53699.47265625,205232
2016-09-26,35208.96484375,54334.03125,54334.03125,53223.5546875,53937.43359375,329930
2016-09-27,35620.17578125,54968.58984375,54968.58984375,54016.75390625,54334.03125,401892
2016-09-28,35979.9765625,55523.828125,55523.828125,54730.62890625,54730.62890625,579792
2016-09-29,37624.765625,58062.05859375,58855.2578125,57110.22265625,57110.22265625,575922
2016-09-30,36486.19140625,55920.42578125,58141.37890625,55920.42578125,58062.05859375,432691
2016-10-03,36744.953125,56317.0234375,56713.625,55920.42578125,56079.06640625,157627
2016-10-04,36796.70703125,56396.34375,57110.22265625,55523.828125,56317.0234375,199017
2016-10-05,37055.48828125,56792.9453125,57268.86328125,56396.34375,56396.34375,147252
2016-10-06,36486.19140625,55920.42578125,57268.86328125,55920.42578125,57110.22265625,108837
2016-10-07,36693.19921875,56237.70703125,56951.58203125,55920.42578125,56951.58203125,137884
2016-10-10,34933.58984375,53540.83203125,56237.70703125,53540.83203125,56237.70703125,161851
2016-10-11,37262.49609375,57110.22265625,57110.22265625,54175.390625,54968.58984375,367789
2016-10-12,36486.19140625,55920.42578125,57110.22265625,55523.828125,57110.22265625,185098
2016-10-13,36744.953125,56317.0234375,56317.0234375,54730.62890625,54730.62890625,122239
2016-10-14,36641.44921875,56158.38671875,56951.58203125,56158.38671875,56475.6640625,96646
2016-10-17,35968.66015625,55127.23046875,56158.38671875,54730.62890625,56158.38671875,150832
2016-10-18,35451.12109375,54334.03125,55365.1875,54096.0703125,55127.23046875,161712
2016-10-19,35761.640625,54809.94921875,55127.23046875,54413.3515625,54730.62890625,113830
2016-10-20,35709.88671875,54730.62890625,55365.1875,54730.62890625,55365.1875,182274
2016-10-21,35709.88671875,54730.62890625,54730.62890625,54016.75390625,54334.03125,234695
2016-10-24,35244.109375,54016.75390625,54651.30859375,54016.75390625,54016.75390625,141251
2016-10-25,35347.6171875,54175.390625,54334.03125,53223.5546875,53937.43359375,236170
2016-10-26,35037.1015625,53699.47265625,54175.390625,53699.47265625,53858.11328125,180976
2016-10-27,35088.84765625,53778.79296875,53937.43359375,53302.875,53699.47265625,161510
2016-10-28,35192.34765625,53937.43359375,54096.0703125,53540.83203125,53540.83203125,148714
2016-10-31,34157.2890625,52351.0390625,53937.43359375,52351.0390625,53937.43359375,375127
2016-11-01,34416.0546875,52747.63671875,52985.59375,51795.80078125,51954.4375,360124
2016-11-02,34105.53515625,52271.71875,52985.59375,52113.078125,52747.63671875,176551
2016-11-03,33795.015625,51795.80078125,52192.3984375,50447.36328125,52192.3984375,283573
2016-11-04,34002.0234375,52113.078125,52113.078125,51478.51953125,52113.078125,116364
2016-11-07,34830.08984375,53382.1953125,53382.1953125,51557.83984375,52113.078125,191730
2016-11-08,35037.1015625,53699.47265625,53778.79296875,53302.875,53778.79296875,198386
2016-11-09,34726.578125,53223.5546875,53699.47265625,50764.640625,52351.0390625,302030
2016-11-10,35192.34765625,53937.43359375,54334.03125,53223.5546875,53223.5546875,307817
2016-11-11,35244.109375,54016.75390625,54730.62890625,53937.43359375,53937.43359375,39952
2016-11-14,34674.8203125,53144.234375,53937.43359375,52985.59375,53937.43359375,113187
2016-11-15,34778.33203125,53302.875,53461.515625,52826.95703125,53144.234375,117007
2016-11-16,34830.08984375,53382.1953125,54175.390625,53223.5546875,53858.11328125,158258
2016-11-17,34778.33203125,53302.875,53540.83203125,53302.875,53540.83203125,92284
2016-11-18,34778.33203125,53302.875,53382.1953125,53144.234375,53144.234375,99496
2016-11-21,34830.08984375,53382.1953125,53461.515625,53302.875,53302.875,88389
2016-11-22,35554.62890625,54492.671875,55127.23046875,53937.43359375,53937.43359375,117637
2016-11-23,35502.87109375,54413.3515625,54889.26953125,54334.03125,54492.671875,75517
2016-11-24,35295.85546875,54096.0703125,54413.3515625,53937.43359375,54096.0703125,59392
2016-11-25,35192.34765625,53937.43359375,54096.0703125,53540.83203125,53937.43359375,159758
2016-11-28,35192.34765625,53937.43359375,54016.75390625,53540.83203125,53937.43359375,197037
2016-11-29,33380.98828125,51161.2421875,53937.43359375,51161.2421875,52906.27734375,208182
2016-11-30,33070.4609375,50685.32421875,51161.2421875,49971.4453125,51161.2421875,249206
2016-12-01,35347.6171875,54175.390625,54175.390625,53937.43359375,54175.390625,447757
2016-12-02,35140.60546875,53858.11328125,54968.58984375,53540.83203125,54730.62890625,158081
2016-12-05,34416.0546875,52747.63671875,53699.47265625,52351.0390625,53302.875,54715
2016-12-06,34623.0625,53064.9140625,53144.234375,50764.640625,53144.234375,178177
2016-12-07,33795.015625,51795.80078125,52906.27734375,51557.83984375,51795.80078125,63842
2016-12-08,33639.75390625,51557.83984375,51954.4375,50685.32421875,50764.640625,138326
2016-12-09,34157.2890625,52351.0390625,52351.0390625,50764.640625,51954.4375,223739
2016-12-12,34157.2890625,52351.0390625,54175.390625,52351.0390625,53064.9140625,215999
2016-12-13,33639.75390625,51557.83984375,53144.234375,51161.2421875,53144.234375,156228
2016-12-14,33639.75390625,51557.83984375,51954.4375,50843.9609375,50843.9609375,86472
2016-12-15,33329.23046875,51081.921875,51557.83984375,50685.32421875,51557.83984375,144554
2016-12-16,33225.72265625,50923.28125,51478.51953125,50368.04296875,51478.51953125,140608
2016-12-19,33587.9921875,51478.51953125,51954.4375,51161.2421875,51954.4375,112405
2016-12-20,32915.203125,50447.36328125,51557.83984375,50368.04296875,51478.51953125,162141
2016-12-21,33639.75390625,51557.83984375,51716.48046875,50843.9609375,51081.921875,187330
2016-12-22,34068.9609375,50368.04296875,50606.00390625,50130.0859375,50368.04296875,93948
2016-12-23,33264.18359375,49178.24609375,50447.36328125,49178.24609375,50447.36328125,115948
2016-12-26,32781.3203125,48464.37109375,49971.4453125,48464.37109375,49971.4453125,42322
2016-12-27,32191.15234375,47591.8515625,48702.328125,45132.94140625,48385.05078125,154173
2016-12-28,32137.49609375,47512.53125,47988.44921875,47274.57421875,47591.8515625,251122
2016-12-29,32030.189453125,47353.89453125,47671.171875,47353.89453125,47512.53125,199496
2016-12-30,32513.05859375,48067.76953125,48226.41015625,47353.89453125,47353.89453125,79702
2017-01-03,32244.802734375,47671.171875,48385.05078125,47512.53125,48385.05078125,150517
2017-01-04,32995.92578125,48781.6484375,49019.609375,47512.53125,47591.8515625,181619
2017-01-05,32995.92578125,48781.6484375,49019.609375,48385.05078125,49019.609375,38905
2017-01-06,32405.75,47909.1328125,48781.6484375,47909.1328125,48781.6484375,92562
2017-01-09,32459.40625,47988.44921875,48543.6875,47591.8515625,47909.1328125,265343
2017-01-10,32191.15234375,47591.8515625,48226.41015625,47433.2109375,48226.41015625,182993
2017-01-11,32405.75,47909.1328125,47988.44921875,47591.8515625,47591.8515625,66755
2017-01-12,32459.40625,47988.44921875,48305.73046875,47750.4921875,47988.44921875,45335
2017-01-13,31976.54296875,47274.57421875,48226.41015625,47274.57421875,47988.44921875,217108
2017-01-16,31118.111328125,46005.45703125,47274.57421875,45767.49609375,47274.57421875,368811
2017-01-17,30420.63671875,44974.30078125,46005.45703125,44894.98046875,45688.1796875,345828
2017-01-18,30796.203125,45529.5390625,45688.1796875,44974.30078125,44974.30078125,315974
2017-01-19,30796.203125,45529.5390625,45529.5390625,45212.2578125,45212.2578125,60854
2017-01-20,31171.76171875,46084.77734375,46164.09765625,45212.2578125,45529.5390625,111498
2017-01-23,31386.36328125,46402.0546875,46402.0546875,45212.2578125,46084.77734375,181329
2017-01-24,32191.15234375,47591.8515625,47909.1328125,46402.0546875,46798.65625,200151
2017-01-25,32244.802734375,47671.171875,47671.171875,47195.25390625,47591.8515625,239612
2017-01-26,32244.802734375,47671.171875,47671.171875,47671.171875,47671.171875,0
2017-02-03,31922.88671875,47195.25390625,47988.44921875,46957.29296875,47988.44921875,220159
2017-02-06,32191.15234375,47591.8515625,48385.05078125,46640.015625,47195.25390625,524245
2017-02-07,32191.15234375,47591.8515625,47988.44921875,47433.2109375,47591.8515625,290948
2017-02-08,31708.279296875,46877.97265625,47591.8515625,46877.97265625,47591.8515625,149206
2017-02-09,31118.111328125,46005.45703125,46402.0546875,45053.62109375,45212.2578125,3115692
2017-02-10,31654.62890625,46798.65625,47195.25390625,45926.13671875,46005.45703125,976238
2017-02-13,31708.279296875,46877.97265625,47115.93359375,46640.015625,46798.65625,815584
2017-02-14,31708.279296875,46877.97265625,47195.25390625,46402.0546875,46798.65625,1486338
2017-02-15,31708.279296875,46877.97265625,46957.29296875,46560.6953125,46957.29296875,1189325
2017-02-16,31815.58203125,47036.61328125,47591.8515625,46640.015625,46798.65625,1317250
2017-02-17,31600.9765625,46719.3359375,47274.57421875,46640.015625,47115.93359375,639689
2017-02-20,31654.62890625,46798.65625,46957.29296875,46243.41796875,46719.3359375,688012
2017-02-21,32030.189453125,47353.89453125,47909.1328125,46719.3359375,46798.65625,1972774
2017-02-22,33264.18359375,49178.24609375,49178.24609375,47829.8125,47829.8125,2549919
2017-02-23,33800.69921875,49971.4453125,50288.72265625,49257.56640625,49574.84765625,1741520
2017-02-24,33103.23046875,48940.2890625,50050.765625,48940.2890625,50050.765625,944997
2017-02-27,33210.5390625,49098.92578125,49098.92578125,48147.08984375,48623.0078125,1094519
2017-02-28,32352.109375,47829.8125,49416.20703125,47829.8125,49178.24609375,838530
2017-03-01,31600.9765625,46719.3359375,47909.1328125,46560.6953125,47909.1328125,1653282
2017-03-02,31118.111328125,46005.45703125,47195.25390625,46005.45703125,47115.93359375,1167867
2017-03-03,31440.01953125,46481.375,46719.3359375,45608.859375,46005.45703125,614777
2017-03-06,31225.412109375,46164.09765625,46798.65625,46164.09765625,46402.0546875,847531
2017-03-07,31225.412109375,46164.09765625,46243.41796875,45608.859375,46005.45703125,1234900
2017-03-08,31010.8046875,45846.81640625,46322.734375,45688.1796875,46322.734375,547883
2017-03-09,30474.287109375,45053.62109375,45529.5390625,45053.62109375,45529.5390625,1473327
2017-03-10,29937.771484375,44260.421875,44894.98046875,43943.14453125,44894.98046875,1659990
2017-03-13,29347.599609375,43387.90625,44101.78125,42753.34765625,43625.86328125,1095868
2017-03-14,29508.5546875,43625.86328125,44736.33984375,43387.90625,43387.90625,765370
2017-03-15,29508.5546875,43625.86328125,44181.1015625,43467.2265625,43625.86328125,863467
2017-03-16,29830.462890625,44101.78125,44419.0625,43863.82421875,44419.0625,713617
2017-03-17,29508.5546875,43625.86328125,44101.78125,43625.86328125,44022.46484375,708688
2017-03-20,29401.25390625,43467.2265625,43863.82421875,43467.2265625,43625.86328125,762193
2017-03-21,29186.638671875,43149.9453125,43863.82421875,43149.9453125,43625.86328125,634457
2017-03-22,28435.5078125,42039.46875,43149.9453125,42039.46875,42991.3046875,1582543
2017-03-23,28542.822265625,42198.109375,42991.3046875,42039.46875,42039.46875,1224386
2017-03-24,29240.29296875,43229.265625,43229.265625,42356.75,42356.75,650569
2017-03-27,28972.0390625,42832.66796875,43149.9453125,42594.70703125,43070.625,699712
2017-03-28,28757.427734375,42515.38671875,42832.66796875,42436.06640625,42832.66796875,403241
2017-03-29,28864.734375,42674.02734375,43308.5859375,42515.38671875,42911.98828125,696232
2017-03-30,29186.638671875,43149.9453125,43387.90625,42832.66796875,42832.66796875,456670
2017-03-31,29508.5546875,43625.86328125,43863.82421875,43308.5859375,43625.86328125,670766
2017-04-03,29347.599609375,43387.90625,43863.82421875,43229.265625,43467.2265625,539890
2017-04-04,29132.98828125,43070.625,43625.86328125,42832.66796875,43625.86328125,694997
2017-04-05,29401.25390625,43467.2265625,43705.18359375,43229.265625,43546.54296875,675380
2017-04-07,30688.896484375,45370.8984375,45370.8984375,43705.18359375,43863.82421875,1960949
2017-04-10,30906.1640625,45132.94140625,45608.859375,44974.30078125,45608.859375,612369
2017-04-11,30851.845703125,45053.62109375,45608.859375,44657.01953125,45212.2578125,905839
2017-04-12,30091.41796875,43943.14453125,45212.2578125,43943.14453125,45212.2578125,924549
2017-04-13,29711.197265625,43387.90625,44736.33984375,43070.625,44736.33984375,855726
2017-04-14,29276.662109375,42753.34765625,43625.86328125,42436.06640625,43546.54296875,716252
2017-04-17,29330.984375,42832.66796875,43705.18359375,42594.70703125,42991.3046875,584053
2017-04-18,29928.4609375,43705.18359375,43784.50390625,42832.66796875,42832.66796875,576855
2017-04-19,29874.146484375,43625.86328125,43943.14453125,43387.90625,43784.50390625,311939
2017-04-20,29330.984375,42832.66796875,43149.9453125,42832.66796875,43149.9453125,511511
2017-04-21,29113.71484375,42515.38671875,43149.9453125,42515.38671875,42753.34765625,323689
2017-04-24,29385.298828125,42911.98828125,43229.265625,42356.75,42515.38671875,455447
2017-04-25,29168.03125,42594.70703125,42991.3046875,42594.70703125,42832.66796875,139259
2017-04-26,29602.564453125,43229.265625,43229.265625,42515.38671875,42674.02734375,422265
2017-04-27,30308.681640625,44260.421875,44419.0625,43149.9453125,43229.265625,1271663
2017-04-28,30308.681640625,44260.421875,44260.421875,44260.421875,44260.421875,0
2017-05-03,29982.779296875,43784.50390625,44101.78125,43546.54296875,43625.86328125,820829
2017-05-04,29982.779296875,43784.50390625,43784.50390625,43467.2265625,43625.86328125,786500
2017-05-05,29656.87890625,43308.5859375,43546.54296875,43149.9453125,43229.265625,301148
2017-05-08,29874.146484375,43625.86328125,43863.82421875,43308.5859375,43308.5859375,507666
2017-05-09,30200.04296875,44101.78125,44181.1015625,43467.2265625,43546.54296875,707957
2017-05-10,29874.146484375,43625.86328125,44419.0625,43625.86328125,44339.7421875,373803
2017-05-11,29928.4609375,43705.18359375,44022.46484375,43546.54296875,44022.46484375,158661
2017-05-12,29602.564453125,43229.265625,43863.82421875,43149.9453125,43863.82421875,328278
2017-05-15,29385.298828125,42911.98828125,43229.265625,42832.66796875,43229.265625,454867
2017-05-16,29656.87890625,43308.5859375,43467.2265625,43229.265625,43467.2265625,250303
2017-05-17,29548.24609375,43149.9453125,43387.90625,42832.66796875,43387.90625,222643
2017-05-18,29711.197265625,43387.90625,43705.18359375,42991.3046875,43149.9453125,581797
2017-05-19,30362.99609375,44339.7421875,44736.33984375,43625.86328125,43625.86328125,1400042
2017-05-22,31557.95703125,46084.77734375,46322.734375,45132.94140625,45212.2578125,1993891
2017-05-23,31177.751953125,45529.5390625,46402.0546875,45529.5390625,46084.77734375,592109
2017-05-24,31014.794921875,45291.578125,45608.859375,44894.98046875,45529.5390625,595538
2017-05-25,31557.95703125,46084.77734375,46481.375,45529.5390625,46005.45703125,1185480
2017-05-26,30851.845703125,45053.62109375,45846.81640625,45053.62109375,45291.578125,750468
2017-05-29,31503.646484375,46005.45703125,46243.41796875,45053.62109375,45212.2578125,806709
2017-05-30,30743.2109375,44894.98046875,46084.77734375,44894.98046875,46005.45703125,515344
2017-05-31,30200.04296875,44101.78125,45212.2578125,44022.46484375,45212.2578125,493748
2017-06-01,30254.36328125,44181.1015625,44339.7421875,43863.82421875,44022.46484375,519845
2017-06-02,29656.87890625,43308.5859375,44260.421875,43229.265625,44260.421875,1191153
2017-06-05,29982.779296875,43784.50390625,43863.82421875,43149.9453125,43308.5859375,308901
2017-06-06,30091.41796875,43943.14453125,43943.14453125,43625.86328125,43784.50390625,395866
2017-06-07,30145.724609375,44022.46484375,44577.703125,43784.50390625,43784.50390625,795703
2017-06-08,30145.724609375,44022.46484375,44339.7421875,42911.98828125,42911.98828125,509431
2017-06-09,29819.826171875,43546.54296875,44022.46484375,43387.90625,44022.46484375,352144
2017-06-12,29982.779296875,43784.50390625,44260.421875,43467.2265625,43546.54296875,456884
2017-06-13,30525.943359375,44577.703125,44577.703125,43625.86328125,43784.50390625,560743
2017-06-14,31232.060546875,45608.859375,45767.49609375,44657.01953125,44657.01953125,1375281
2017-06-15,30906.1640625,45132.94140625,45529.5390625,44815.66015625,45212.2578125,576628
2017-06-16,31232.060546875,45608.859375,46005.45703125,45132.94140625,45132.94140625,773867
2017-06-19,31612.2734375,46164.09765625,46402.0546875,45846.81640625,46402.0546875,1362195
2017-06-20,31557.95703125,46084.77734375,46322.734375,45926.13671875,46084.77734375,897607
2017-06-21,31340.6953125,45767.49609375,46005.45703125,45212.2578125,45767.49609375,930562
2017-06-22,30960.484375,45212.2578125,45767.49609375,44974.30078125,45608.859375,865648
2017-06-23,30797.529296875,44974.30078125,45291.578125,44419.0625,45212.2578125,454098
2017-06-26,30960.484375,45212.2578125,45370.8984375,44974.30078125,45212.2578125,264436
2017-06-27,31177.751953125,45529.5390625,46243.41796875,45212.2578125,45370.8984375,728494
2017-06-28,31675.26171875,45450.21875,45608.859375,44894.98046875,45132.94140625,651540
2017-06-29,31675.26171875,45450.21875,45608.859375,45291.578125,45291.578125,692173
2017-06-30,32228.05859375,46243.41796875,46719.3359375,45608.859375,45688.1796875,1616860
2017-07-03,32946.69921875,47274.57421875,47353.89453125,46164.09765625,46164.09765625,1095174
2017-07-04,32615.0234375,46798.65625,47036.61328125,46005.45703125,46957.29296875,497593
2017-07-05,33223.09375,47671.171875,47750.4921875,46719.3359375,46957.29296875,2015147
2017-07-06,33554.7734375,48147.08984375,48226.41015625,47353.89453125,47671.171875,907314
2017-07-07,33554.7734375,48147.08984375,48305.73046875,47591.8515625,48147.08984375,919027
2017-07-10,33333.66015625,47829.8125,48226.41015625,47353.89453125,47988.44921875,1350634
2017-07-11,33223.09375,47671.171875,47988.44921875,47115.93359375,47750.4921875,577838
2017-07-12,34549.8046875,49574.84765625,49971.4453125,47750.4921875,47909.1328125,1870731
2017-07-13,34549.8046875,49574.84765625,49574.84765625,49574.84765625,49574.84765625,0
2017-07-14,35102.60546875,50368.04296875,51002.6015625,49971.4453125,50368.04296875,945754
2017-07-17,34328.6875,49257.56640625,50526.68359375,49019.609375,50526.68359375,911815
2017-07-18,33554.7734375,48147.08984375,49257.56640625,48067.76953125,48543.6875,642437
2017-07-19,34660.3671875,49733.484375,49892.125,48385.05078125,48385.05078125,866127
2017-07-20,34273.41015625,49178.24609375,49892.125,48147.08984375,49574.84765625,320084
2017-07-21,33167.8203125,47591.8515625,49971.4453125,47591.8515625,49971.4453125,583272
2017-07-24,32946.69921875,47274.57421875,47988.44921875,46005.45703125,46322.734375,973338
2017-07-25,33444.20703125,47988.44921875,48385.05078125,46640.015625,46640.015625,359153
2017-07-26,33886.453125,48623.0078125,49019.609375,48305.73046875,48781.6484375,419227
2017-07-27,33499.48828125,48067.76953125,48623.0078125,47671.171875,48147.08984375,441605
2017-07-28,33997.0078125,48781.6484375,48781.6484375,48067.76953125,48067.76953125,427308
2017-07-31,34605.0859375,49654.1640625,49971.4453125,48781.6484375,49098.92578125,647833
2017-08-01,35489.5625,50923.28125,50923.28125,49574.84765625,49654.1640625,1023301
2017-08-02,35268.44140625,50606.00390625,51240.5625,49812.8046875,50447.36328125,732453
2017-08-03,35268.44140625,50606.00390625,50923.28125,50130.0859375,50209.40234375,586764
2017-08-04,34826.19921875,49971.4453125,50606.00390625,49892.125,50606.00390625,727385
2017-08-07,35434.27734375,50843.9609375,51399.19921875,49654.1640625,49971.4453125,800859
2017-08-08,35655.40234375,51161.2421875,51557.83984375,50764.640625,51161.2421875,651212
2017-08-09,35047.3203125,50288.72265625,51161.2421875,49574.84765625,50843.9609375,578330
2017-08-10,34826.19921875,49971.4453125,50526.68359375,49574.84765625,50050.765625,343407
2017-08-11,33886.453125,48623.0078125,50368.04296875,48464.37109375,49733.484375,628910
2017-08-14,34162.8515625,49019.609375,49178.24609375,48385.05078125,48623.0078125,188906
2017-08-15,33610.046875,48226.41015625,49098.92578125,48147.08984375,49098.92578125,370916
2017-08-16,34439.25,49416.20703125,49416.20703125,47988.44921875,48305.73046875,236990
2017-08-17,33720.6171875,48385.05078125,49416.20703125,48385.05078125,48860.96875,213502
2017-08-18,33665.3359375,48305.73046875,48543.6875,47671.171875,47671.171875,195613
2017-08-21,33775.89453125,48464.37109375,48781.6484375,48305.73046875,48385.05078125,159859
2017-08-22,33554.7734375,48147.08984375,48623.0078125,48067.76953125,48464.37109375,319063
2017-08-23,33720.6171875,48385.05078125,48385.05078125,48067.76953125,48147.08984375,13237560
2017-08-24,33941.73046875,48702.328125,49098.92578125,48385.05078125,48385.05078125,30254758
2017-08-25,33941.73046875,48702.328125,49336.88671875,48623.0078125,48702.328125,239082
2017-08-28,34826.19921875,49971.4453125,50050.765625,48702.328125,48702.328125,734861
2017-08-29,34605.0859375,49654.1640625,49971.4453125,49257.56640625,49574.84765625,370096
2017-08-30,34605.0859375,49654.1640625,49971.4453125,49178.24609375,49733.484375,360389
2017-08-31,34605.0859375,49654.1640625,49892.125,49178.24609375,49654.1640625,279980
2017-09-01,35102.60546875,50368.04296875,50923.28125,49892.125,49892.125,952247
2017-09-04,35102.60546875,50368.04296875,50368.04296875,50368.04296875,50368.04296875,0
2017-09-05,35765.95703125,51319.87890625,51954.4375,50368.04296875,50526.68359375,762571
2017-09-06,35987.078125,51637.16015625,52113.078125,51319.87890625,51478.51953125,703153
2017-09-07,36705.71484375,52668.31640625,53620.15234375,51557.83984375,51637.16015625,1318271
2017-09-08,37203.23828125,53382.1953125,54016.75390625,52668.31640625,52668.31640625,1483022
2017-09-11,36484.58984375,52351.0390625,53382.1953125,51954.4375,53382.1953125,915320
2017-09-12,36484.58984375,52351.0390625,52509.67578125,51875.1171875,52033.7578125,695161
2017-09-13,36816.28125,52826.95703125,53144.234375,52351.0390625,52509.67578125,506721
2017-09-14,38142.984375,54730.62890625,56475.6640625,53144.234375,53144.234375,1179479
2017-09-15,38423.453125,54334.03125,54968.58984375,53937.43359375,54730.62890625,568483
2017-09-18,38367.359375,54254.7109375,54651.30859375,53858.11328125,54651.30859375,542613
2017-09-19,38030.8046875,53778.79296875,54413.3515625,53620.15234375,54334.03125,914854
2017-09-20,38030.8046875,53778.79296875,53778.79296875,52430.35546875,53144.234375,748426
2017-09-21,38142.984375,53937.43359375,53937.43359375,52906.27734375,53302.875,379325
2017-09-22,38423.453125,54334.03125,54651.30859375,53540.83203125,53540.83203125,511650
2017-09-25,38423.453125,54334.03125,54571.9921875,53937.43359375,54334.03125,158371
2017-09-26,38984.375,55127.23046875,55523.828125,54571.9921875,54571.9921875,798199
2017-09-27,39657.48828125,56079.06640625,56317.0234375,54809.94921875,55047.91015625,663592
2017-09-28,39657.48828125,56079.06640625,56713.625,55682.46875,55682.46875,627548
2017-09-29,38760.00390625,54809.94921875,56079.06640625,54809.94921875,55603.1484375,438995
2017-10-02,38984.375,55127.23046875,55682.46875,54809.94921875,54809.94921875,557452
2017-10-03,38591.7265625,54571.9921875,55206.546875,54254.7109375,55127.23046875,337683
2017-10-04,38984.375,55127.23046875,55127.23046875,54096.0703125,54571.9921875,555712
2017-10-05,38142.984375,53937.43359375,55285.8671875,53937.43359375,55127.23046875,1089489
2017-10-06,38030.8046875,53778.79296875,53937.43359375,53620.15234375,53937.43359375,664966
2017-10-09,37862.52734375,53540.83203125,54334.03125,53302.875,53620.15234375,473450
2017-10-10,37638.15234375,53223.5546875,53540.83203125,53064.9140625,53540.83203125,872682
2017-10-11,38255.1640625,54096.0703125,54334.03125,53699.47265625,53778.79296875,731406
2017-10-12,38647.8125,54651.30859375,54889.26953125,53937.43359375,54334.03125,906117
2017-10-13,39264.84375,55523.828125,55761.78515625,54334.03125,54334.03125,1584611
2017-10-16,38928.2890625,55047.91015625,56317.0234375,54889.26953125,55682.46875,693156
2017-10-17,38928.2890625,55047.91015625,55365.1875,54651.30859375,55127.23046875,391882
2017-10-18,38984.375,55127.23046875,56237.70703125,54730.62890625,55127.23046875,778860
2017-10-19,39433.1171875,55761.78515625,56079.06640625,55127.23046875,55127.23046875,800405
2017-10-20,39657.48828125,56079.06640625,56951.58203125,55523.828125,55523.828125,809583
2017-10-23,38199.08203125,54016.75390625,56317.0234375,54016.75390625,56158.38671875,789626
2017-10-24,39096.56640625,55285.8671875,55285.8671875,53540.83203125,53778.79296875,888568
2017-10-25,39152.66015625,55365.1875,55682.46875,54889.26953125,55206.546875,574131
2017-10-26,38479.54296875,54413.3515625,55444.5078125,54334.03125,55285.8671875,655158
2017-10-27,38872.19140625,54968.58984375,54968.58984375,53858.11328125,54413.3515625,344189
2017-10-30,40891.5234375,57824.1015625,58537.9765625,55682.46875,55682.46875,2733240
2017-10-31,40106.2265625,56713.625,58617.296875,56713.625,57824.1015625,1169267
2017-11-01,40947.6171875,57903.421875,58141.37890625,57110.22265625,57665.4609375,1057012
2017-11-02,40723.25,57586.140625,58537.9765625,56951.58203125,58141.37890625,927549
2017-11-03,41228.078125,58300.01953125,58300.01953125,57427.5,57586.140625,720942
2017-11-06,42069.4765625,59489.81640625,59886.4140625,58537.9765625,58696.6171875,629137
2017-11-07,41901.19140625,59251.85546875,60600.29296875,59251.85546875,60441.65234375,819392
2017-11-08,42966.953125,60758.9296875,61076.2109375,59410.49609375,59410.49609375,873981
2017-11-09,43079.1328125,60917.5703125,61076.2109375,60124.375,60283.01171875,687659
2017-11-10,43079.1328125,60917.5703125,61155.53125,60283.01171875,60917.5703125,659028
2017-11-13,44593.63671875,63059.203125,63059.203125,60520.97265625,60917.5703125,855776
2017-11-14,44874.1015625,63455.8046875,63931.72265625,62266.0078125,63376.484375,619328
2017-11-15,44705.82421875,63217.84375,63217.84375,62266.0078125,62662.60546875,567311
2017-11-16,44818.0078125,63376.484375,63535.12109375,62503.96484375,62821.24609375,661588
2017-11-17,44537.5390625,62979.8828125,63693.76171875,62424.64453125,63376.484375,784066
2017-11-20,45900.9375,64090.359375,64645.59765625,62503.96484375,62900.56640625,655612
2017-11-21,46014.55078125,64249.0,65835.3984375,63455.8046875,63852.40234375,941808
2017-11-22,46980.29296875,65597.4375,66549.2734375,64724.91796875,65042.19921875,667916
2017-11-23,45787.32421875,63931.72265625,66549.2734375,63614.44140625,66469.953125,844203
2017-11-24,45560.09375,63614.44140625,64249.0,63297.1640625,64249.0,800632
2017-11-27,46071.36328125,64328.3203125,65280.15625,63614.44140625,63852.40234375,876074
2017-11-28,45332.859375,63297.1640625,64645.59765625,63297.1640625,64407.640625,654754
2017-11-29,45332.859375,63297.1640625,63852.40234375,62424.64453125,63852.40234375,915723
2017-11-30,45276.05078125,63217.84375,65280.15625,62821.24609375,63138.5234375,831167
2017-12-01,46469.01953125,64883.55859375,65042.19921875,63931.72265625,64249.0,660692
2017-12-04,46241.78515625,64566.28125,65756.078125,64407.640625,65042.19921875,999486
2017-12-05,46980.29296875,65597.4375,67183.828125,64407.640625,64407.640625,1625597
2017-12-06,47321.140625,66073.3515625,66549.2734375,64883.55859375,65835.3984375,881508
2017-12-07,48286.8828125,67421.7890625,68135.671875,65914.71875,65914.71875,1118435
2017-12-08,48684.53515625,67977.03125,68611.5859375,66866.5546875,67818.390625,907819
2017-12-11,47264.33203125,65994.03125,68056.3515625,65835.3984375,67025.1953125,1045552
2017-12-12,49423.0390625,69008.1875,69008.1875,64804.23828125,66628.59375,1706334
2017-12-13,49195.8046875,68690.90625,70118.6640625,68532.265625,69404.78125,1225482
2017-12-14,48741.3515625,68056.3515625,68690.90625,67818.390625,68690.90625,1185896
2017-12-15,49423.0390625,69008.1875,69087.5078125,68056.3515625,68056.3515625,421521
2017-12-18,52547.484375,73370.7734375,73370.7734375,69801.3828125,69801.3828125,1183261
2017-12-19,51354.5234375,71705.0546875,73767.3671875,71705.0546875,72656.890625,978066
2017-12-20,52320.24609375,73053.4921875,75353.765625,71705.0546875,71705.0546875,1050999
2017-12-21,52490.6796875,73291.453125,75195.125,73053.4921875,73370.7734375,838542
2017-12-22,52888.34375,73846.6875,74401.9296875,72577.578125,73450.09375,451791
2017-12-25,53570.03515625,74798.53125,75036.484375,73767.3671875,73846.6875,395777
2017-12-26,55387.890625,77336.7578125,77336.7578125,75274.4453125,75671.046875,765673
2017-12-27,56126.3984375,78367.9140625,79319.75,77733.359375,79319.75,844304
2017-12-28,56069.5859375,78288.59375,78685.1953125,76702.203125,78367.9140625,685554
2017-12-29,55331.08203125,77257.4375,78605.875,77178.1171875,78605.875,910189
2018-01-01,55331.08203125,77257.4375,77257.4375,77257.4375,77257.4375,0
2018-01-02,54138.11328125,75591.7265625,77892.0,74560.5703125,77019.484375,1788079
2018-01-03,55331.08203125,77257.4375,77574.71875,75353.765625,75353.765625,952373
2018-01-04,57944.25,80906.1484375,80906.1484375,77733.359375,77733.359375,1231736
2018-01-05,57035.32421875,79637.03125,82095.9453125,79319.75,81382.0703125,1046195
2018-01-08,57035.32421875,79637.03125,80826.828125,78526.5546875,79319.75,920539
2018-01-09,57944.25,80906.1484375,82016.625,79637.03125,80906.1484375,981054
2018-01-10,58512.33984375,81699.34375,83285.7421875,81540.703125,82492.546875,1140371
2018-01-11,58625.95703125,81857.984375,82492.546875,80192.2734375,82095.9453125,879226
2018-01-12,57092.140625,79716.3515625,82175.265625,79319.75,81778.6640625,1323012
2018-01-15,58057.875,81064.7890625,81064.7890625,78209.2734375,79716.3515625,1220780
2018-01-16,58796.37109375,82095.9453125,82413.2265625,80747.5078125,81540.703125,1435178
2018-01-17,56751.29296875,79240.4375,82651.1796875,79240.4375,81699.34375,1282063
2018-01-18,56864.90625,79399.0703125,79399.0703125,76781.5234375,78526.5546875,1279945
2018-01-19,56240.0234375,78526.5546875,80112.953125,78526.5546875,79240.4375,913429
2018-01-22,56240.0234375,78526.5546875,78526.5546875,78526.5546875,78526.5546875,0
2018-01-23,56240.0234375,78526.5546875,78526.5546875,78526.5546875,78526.5546875,0
2018-01-24,56240.0234375,78526.5546875,78526.5546875,78526.5546875,78526.5546875,0
2018-01-25,64363.55859375,89869.28125,89869.28125,88044.9296875,89234.7265625,1457884
2018-01-26,66124.609375,92328.1953125,95183.703125,88838.125,94231.8671875,2802227
2018-01-29,65840.5703125,91931.59375,94311.1875,91217.71875,94311.1875,1172305
2018-01-30,66181.4296875,92407.515625,92645.46875,89234.7265625,90424.515625,1477009
2018-01-31,70782.890625,98832.4140625,98832.4140625,90424.515625,91217.71875,2882434
2018-02-01,69419.5,96928.7421875,98832.4140625,94390.5078125,98832.4140625,1491734
2018-02-02,68737.7890625,95976.8984375,98356.4921875,95183.703125,96928.7421875,707806
2018-02-05,63965.90625,89314.0390625,95025.0625,89314.0390625,93676.6328125,1364300
2018-02-06,59534.875,83127.1015625,86855.1328125,83127.1015625,83127.1015625,1329832
2018-02-07,62488.90625,87251.7265625,88679.484375,84634.1796875,85586.015625,892753
2018-02-08,59080.41796875,82492.546875,85586.015625,82492.546875,83285.7421875,862723
2018-02-09,54990.234375,76781.5234375,79319.75,76781.5234375,76781.5234375,1445680
2018-02-12,58796.37109375,82095.9453125,82095.9453125,75512.40625,75512.40625,1691558
2018-02-13,61352.75,85665.3359375,86458.53125,83523.703125,83523.703125,682326
2018-02-14,61352.75,85665.3359375,85665.3359375,85665.3359375,85665.3359375,0
2018-02-15,61352.75,85665.3359375,85665.3359375,85665.3359375,85665.3359375,0
2018-02-16,61352.75,85665.3359375,85665.3359375,85665.3359375,85665.3359375,0
2018-02-19,61352.75,85665.3359375,85665.3359375,85665.3359375,85665.3359375,0
2018-02-20,61352.75,85665.3359375,85665.3359375,85665.3359375,85665.3359375,0
2018-02-21,63625.06640625,88838.125,90265.8828125,86379.2109375,87251.7265625,697821
2018-02-22,60216.57421875,84078.9375,87489.6875,84078.9375,87251.7265625,763315
2018-02-23,63056.9765625,88044.9296875,88441.5234375,85030.7734375,86458.53125,943220
2018-02-26,64193.140625,89631.3203125,93597.3125,88441.5234375,88441.5234375,1065623
2018-02-27,64477.18359375,90027.921875,92010.9140625,89314.0390625,92010.9140625,767299
2018-02-28,64477.18359375,90027.921875,90027.921875,90027.921875,90027.921875,0
2018-03-01,65897.390625,92010.9140625,93121.390625,88838.125,89631.3203125,1103243
2018-03-02,66465.46875,92804.109375,93597.3125,90424.515625,90424.515625,1164161
2018-03-05,63625.06640625,88838.125,95421.6640625,88838.125,94390.5078125,1036337
2018-03-06,66465.46875,92804.109375,92962.75,89631.3203125,91217.71875,1016278
2018-03-07,65215.70703125,91059.078125,93438.671875,88441.5234375,92804.109375,905612
2018-03-08,65102.07421875,90900.4375,92724.7890625,89710.640625,89710.640625,380270
2018-03-09,63625.06640625,88838.125,91614.3125,88838.125,91059.078125,764765
2018-03-12,66011.0,92169.5546875,92645.46875,90424.515625,92010.9140625,636373
2018-03-13,65329.30859375,91217.71875,92169.5546875,90345.203125,92169.5546875,275202
2018-03-14,67147.1640625,93755.9453125,93993.90625,90900.4375,91217.71875,1028911
2018-03-15,68737.7890625,95976.8984375,95976.8984375,92010.9140625,92804.109375,728670
2018-03-16,72714.359375,101529.28125,101529.28125,95025.0625,95976.8984375,1553144
2018-03-19,72998.390625,101925.8828125,102719.078125,100339.4921875,100736.0859375,917047
2018-03-20,71578.1875,99942.890625,102322.484375,99942.890625,100339.4921875,781331
2018-03-21,72259.890625,100894.7265625,102798.3984375,100339.4921875,101529.28125,783474
2018-03-22,76009.21875,106129.828125,107002.3515625,102163.84375,102957.0390625,1132441
2018-03-23,74361.796875,103829.5546875,104702.078125,101925.8828125,102719.078125,910441
2018-03-26,73623.28125,102798.3984375,107716.2265625,102798.3984375,103115.6796875,1210833
2018-03-27,72032.65625,100577.4453125,105495.2734375,99784.25,104702.078125,1077398
2018-03-28,72146.28125,100736.0859375,101132.6875,99546.2890625,100656.765625,530662
2018-03-29,71862.2421875,100339.4921875,100894.7265625,99546.2890625,100736.0859375,320248
2018-03-30,74645.8359375,104226.15625,104464.1171875,100339.4921875,100736.0859375,764008
2018-04-02,77315.828125,107954.1875,108192.140625,104464.1171875,104702.078125,1023465
2018-04-03,75554.7734375,105495.2734375,107954.1875,105495.2734375,107954.1875,931180
2018-04-04,73850.515625,103115.6796875,107081.6640625,102322.484375,107002.3515625,1073301
2018-04-05,73793.703125,103036.359375,103908.875,100418.8046875,103115.6796875,1297306
2018-04-06,73736.8984375,102957.0390625,105415.953125,101925.8828125,103115.6796875,412545
2018-04-09,73736.8984375,102957.0390625,103908.875,101529.28125,101608.6015625,529313
2018-04-10,73566.4765625,102719.078125,104305.4765625,102719.078125,103115.6796875,749258
2018-04-11,71862.2421875,100339.4921875,105098.671875,100339.4921875,104305.4765625,1032567
2018-04-12,74134.5625,103512.28125,103512.28125,99942.890625,101529.28125,997910
2018-04-13,72714.359375,101529.28125,104702.078125,99942.890625,104702.078125,517096
2018-04-16,72316.703125,100974.046875,102719.078125,100101.53125,102719.078125,478997
2018-04-17,72714.359375,101529.28125,102005.203125,98356.4921875,100736.0859375,815496
2018-04-18,73452.8671875,102560.4453125,102877.71875,100815.40625,102481.125,1013946
2018-04-19,73452.8671875,102560.4453125,104860.7109375,101608.6015625,103750.234375,1452891
2018-04-20,76122.84375,106288.46875,106288.46875,101687.921875,101687.921875,1194217
2018-04-23,70839.6953125,98911.734375,107874.8671875,98911.734375,106050.5078125,1166166
2018-04-24,73168.828125,102163.84375,102719.078125,93597.3125,98911.734375,809684
2018-04-25,73168.828125,102163.84375,102163.84375,102163.84375,102163.84375,0
2018-04-26,68056.09375,95025.0625,102719.078125,95025.0625,102243.1640625,1355627
2018-04-27,63341.01953125,88441.5234375,94945.7421875,88441.5234375,92010.9140625,1201995
2018-04-30,63341.01953125,88441.5234375,88441.5234375,88441.5234375,88441.5234375,0
2018-05-01,63341.01953125,88441.5234375,88441.5234375,88441.5234375,88441.5234375,0
2018-05-02,58909.99609375,82254.5859375,85665.3359375,82254.5859375,83285.7421875,358271
2018-05-03,54819.8046875,76543.5625,79319.75,76543.5625,76543.5625,1906889
2018-05-04,55671.9375,77733.359375,80747.5078125,76622.8828125,77733.359375,865080
2018-05-07,58796.37109375,82095.9453125,82095.9453125,78288.59375,80112.953125,537533
2018-05-08,58512.33984375,81699.34375,84078.9375,80906.1484375,82095.9453125,1006684
2018-05-09,61068.70703125,85268.734375,87093.0859375,82095.9453125,82492.546875,1034798
2018-05-10,59648.5,83285.7421875,89234.7265625,83285.7421875,87331.046875,1109004
2018-05-11,63113.78515625,88124.25,88124.25,81302.75,83285.7421875,1022053
2018-05-14,67033.5625,93597.3125,93597.3125,88203.5625,88203.5625,778948
2018-05-15,67374.3984375,94073.2265625,96373.5,94073.2265625,94390.5078125,855839
2018-05-16,67999.2890625,94945.7421875,95342.34375,92010.9140625,92010.9140625,764929
2018-05-17,65897.390625,92010.9140625,96770.1015625,92010.9140625,95976.8984375,508889
2018-05-18,65329.30859375,91217.71875,92804.109375,86537.8515625,92010.9140625,984508
2018-05-21,61636.77734375,86061.9296875,93200.7109375,86061.9296875,93200.7109375,556998
2018-05-22,60159.77734375,83999.6171875,87648.328125,81064.7890625,85665.3359375,585264
2018-05-23,64363.55859375,89869.28125,89869.28125,83285.7421875,83682.34375,756507
2018-05-24,64306.765625,89789.9609375,91297.0390625,85744.65625,90027.921875,360162
2018-05-25,59818.921875,83523.703125,88044.9296875,83523.703125,87251.7265625,605120
2018-05-28,55671.9375,77733.359375,79319.75,77733.359375,77733.359375,604981
2018-05-29,54535.765625,76146.9609375,79240.4375,72339.6171875,72339.6171875,1564717
2018-05-30,50729.625,70832.5390625,76146.9609375,70832.5390625,76146.9609375,1483552
2018-05-31,51354.5234375,71705.0546875,73767.3671875,71705.0546875,72180.9765625,1360228
2018-06-01,52547.484375,73370.7734375,74005.328125,72577.578125,72974.171875,797783
2018-06-04,52433.8671875,73212.1328125,74243.2890625,72180.9765625,73688.0546875,1195250
2018-06-05,56069.5859375,78288.59375,78288.59375,72894.8515625,72974.171875,1733653
2018-06-06,58455.5234375,81620.0234375,81937.3046875,78526.5546875,80112.953125,769266
2018-06-07,56580.85546875,79002.4765625,81699.34375,76940.1640625,81699.34375,1538998
2018-06-08,55387.890625,77336.7578125,80112.953125,76146.9609375,78923.15625,1117376
2018-06-11,55217.4609375,77098.796875,79240.4375,75433.0859375,76146.9609375,542739
2018-06-12,52377.06640625,73132.8125,76781.5234375,72180.9765625,75829.6875,1229542
2018-06-13,54876.6171875,76622.8828125,76622.8828125,73767.3671875,73767.3671875,732995
2018-06-14,53399.609375,74560.5703125,77733.359375,74560.5703125,76940.1640625,556229
2018-06-15,54478.96484375,76067.640625,76067.640625,74560.5703125,74560.5703125,535541
2018-06-18,51127.2890625,71387.78125,75591.7265625,71387.78125,75353.765625,1013997
2018-06-19,49423.0390625,69008.1875,70991.1796875,66390.6328125,70197.984375,2191030
2018-06-20,52263.44140625,72974.171875,72974.171875,67818.390625,69801.3828125,743887
2018-06-21,50616.01171875,70673.8984375,72974.171875,70197.984375,72974.171875,534520
2018-06-22,51524.9453125,71943.015625,73053.4921875,69008.1875,69087.5078125,1202172
2018-06-25,51695.37109375,72180.9765625,74957.1640625,72180.9765625,74481.25,705322
2018-06-26,51127.2890625,71387.78125,71784.375,69801.3828125,69801.3828125,457149
2018-06-27,51240.90234375,71546.4140625,73370.7734375,71387.78125,72894.8515625,957516
2018-06-28,50718.0390625,69246.1484375,70991.1796875,69008.1875,70515.2578125,533435
2018-06-29,51415.19140625,70197.984375,70594.578125,68214.984375,69246.1484375,481418
2018-07-02,51357.09765625,70118.6640625,70832.5390625,66707.9140625,69008.1875,985416
2018-07-03,48219.89453125,65835.3984375,70197.984375,65835.3984375,70118.6640625,693736
2018-07-04,46186.52734375,63059.203125,67104.5078125,61790.08984375,66628.59375,1092678
2018-07-05,42991.23046875,58696.6171875,63852.40234375,58696.6171875,63059.203125,788252
2018-07-06,45954.14453125,62741.92578125,62741.92578125,55523.828125,57903.421875,938454
2018-07-09,46186.52734375,63059.203125,66469.953125,63059.203125,63059.203125,629250
2018-07-10,46477.0078125,63455.8046875,65835.3984375,63455.8046875,63852.40234375,696030
2018-07-11,45198.88671875,61710.76953125,63455.8046875,60362.33203125,61869.40625,776868
2018-07-12,45896.04296875,62662.60546875,63376.484375,60362.33203125,60679.61328125,298803
2018-07-13,47522.7421875,64883.55859375,65042.19921875,62662.60546875,62662.60546875,525354
2018-07-16,47174.16015625,64407.640625,65438.796875,63614.44140625,65042.19921875,276589
2018-07-17,45896.04296875,62662.60546875,63297.1640625,61869.40625,63138.5234375,653922
2018-07-18,48219.89453125,65835.3984375,65835.3984375,63059.203125,63455.8046875,878520
2018-07-19,48917.05078125,66787.234375,67501.109375,66073.3515625,66628.59375,574673
2018-07-20,48045.60546875,65597.4375,66628.59375,65121.51953125,66628.59375,687546
2018-07-23,49149.43359375,67104.5078125,68294.3046875,66231.9921875,66787.234375,843409
2018-07-24,49149.43359375,67104.5078125,67104.5078125,67104.5078125,67104.5078125,0
2018-07-25,48626.5703125,66390.6328125,68532.265625,66311.3125,67818.390625,502396
2018-07-26,48277.98828125,65914.71875,67342.46875,65359.4765625,66707.9140625,401009
2018-07-27,49265.625,67263.1484375,67818.390625,66152.671875,67025.1953125,414020
2018-07-30,50485.65234375,68928.8671875,68928.8671875,66628.59375,67659.75,625556
2018-07-31,51008.51953125,69642.7421875,70911.859375,68373.625,69404.78125,745161
2018-08-01,51531.38671875,70356.625,71625.734375,69087.5078125,69642.7421875,758499
2018-08-02,52867.6015625,72180.9765625,72577.578125,69880.703125,70832.5390625,804717
2018-08-03,54378.09375,74243.2890625,75671.046875,72577.578125,72577.578125,991606
2018-08-06,55830.5,76226.28125,76940.1640625,73767.3671875,74877.84375,1002436
2018-08-07,54610.48046875,74560.5703125,76543.5625,74322.609375,76543.5625,833474
2018-08-08,56934.33203125,77733.359375,77733.359375,75353.765625,75433.0859375,1124839
2018-08-09,57050.53125,77892.0,78129.9609375,76226.28125,77336.7578125,722695
2018-08-10,57341.00390625,78288.59375,78367.9140625,77098.796875,77892.0,721030
2018-08-13,59839.1484375,81699.34375,81699.34375,77257.4375,77733.359375,697014
2018-08-14,58793.41015625,80271.59375,82175.265625,79319.75,81699.34375,503102
2018-08-15,55191.4453125,75353.765625,80906.1484375,75353.765625,80271.59375,832327
2018-08-16,54900.95703125,74957.1640625,76067.640625,71387.78125,73767.3671875,1168082
2018-08-17,55888.6015625,76305.6015625,77019.484375,75671.046875,76940.1640625,309658
2018-08-20,57050.53125,77892.0,77971.3203125,75988.3203125,76305.6015625,431620
2018-08-21,56643.85546875,77336.7578125,77733.359375,76384.921875,77019.484375,616290
2018-08-22,58096.2421875,79319.75,79716.3515625,77812.6796875,78129.9609375,718080
2018-08-23,58328.63671875,79637.03125,81064.7890625,78605.875,80112.953125,419769
2018-08-24,58967.7109375,80509.546875,81223.4296875,79161.1171875,79161.1171875,649938
2018-08-27,59382.55078125,79478.390625,80271.59375,79319.75,80033.6328125,569063
2018-08-28,60567.8359375,81064.7890625,81302.75,79081.796875,80033.6328125,546169
2018-08-29,59797.3984375,80033.6328125,81382.0703125,79161.1171875,81064.7890625,467500
2018-08-30,62227.22265625,83285.7421875,83285.7421875,79319.75,80112.953125,912143
2018-08-31,61041.9453125,81699.34375,84237.578125,81699.34375,83285.7421875,482603
2018-09-03,61041.9453125,81699.34375,81699.34375,81699.34375,81699.34375,0
2018-09-04,61041.9453125,81699.34375,82492.546875,80668.1875,81699.34375,545891
2018-09-05,59323.2890625,79399.0703125,81699.34375,78129.9609375,80509.546875,640534
2018-09-06,59382.55078125,79478.390625,80509.546875,78526.5546875,79319.75,324080
2018-09-07,59501.0859375,79637.03125,80112.953125,78447.234375,78685.1953125,464197
2018-09-10,59738.14453125,79954.3125,81144.109375,79637.03125,79637.03125,248891
2018-09-11,61338.26171875,82095.9453125,82095.9453125,79319.75,79319.75,584142
2018-09-12,64597.78515625,86458.53125,87727.6484375,82492.546875,83285.7421875,1562624
2018-09-13,64005.14453125,85665.3359375,89234.7265625,84634.1796875,86617.171875,595526
2018-09-14,64005.14453125,85665.3359375,87013.7734375,84475.5390625,84951.453125,633524
2018-09-17,64597.78515625,86458.53125,87886.2890625,85030.7734375,85665.3359375,866505
2018-09-18,64953.3671875,86934.453125,87093.0859375,85030.7734375,85665.3359375,337910
2018-09-19,66434.96875,88917.4453125,89552.0,88044.9296875,88838.125,687281
2018-09-20,68746.2734375,92010.9140625,92328.1953125,89314.0390625,89631.3203125,710226
2018-09-21,68687.0078125,91931.59375,92645.46875,90662.4765625,91693.6328125,581960
2018-09-24,69813.0234375,93438.671875,93597.3125,91931.59375,91931.59375,428153
2018-09-25,69931.5625,93597.3125,95104.3828125,93597.3125,95104.3828125,519290
2018-09-26,69398.171875,92883.4296875,94231.8671875,92883.4296875,93597.3125,412974
2018-09-27,69457.4375,92962.75,93517.9921875,90979.7578125,93438.671875,487129
2018-09-28,68568.4765625,91772.953125,93597.3125,91772.953125,93597.3125,361322
2018-10-01,70879.7734375,94866.421875,95104.3828125,91852.2734375,91852.2734375,621900
2018-10-02,72005.7890625,96373.5,97959.8984375,94945.7421875,95025.0625,650165
2018-10-03,72716.9609375,97325.3359375,97563.296875,95818.265625,95897.5859375,302219
2018-10-04,73487.3984375,98356.4921875,99149.6953125,97563.296875,99149.6953125,287318
2018-10-05,71116.84375,95183.703125,98039.21875,95183.703125,96690.78125,508687
2018-10-08,69042.5859375,92407.515625,94231.8671875,92169.5546875,93200.7109375,438352
2018-10-09,70701.984375,94628.46875,95183.703125,93517.9921875,95183.703125,214234
2018-10-10,71709.4609375,95976.8984375,96056.21875,94628.46875,95183.703125,233598
2018-10-11,66731.2890625,89314.0390625,92645.46875,89314.0390625,89472.6796875,1190397
2018-10-12,71057.5625,95104.3828125,95104.3828125,85665.3359375,89314.0390625,766379
2018-10-15,68153.625,91217.71875,95183.703125,91217.71875,93597.3125,596850
2018-10-16,69220.375,92645.46875,93914.5859375,91138.3984375,91217.71875,399282
2018-10-17,69398.171875,92883.4296875,94787.109375,92645.46875,94390.5078125,620362
2018-10-18,67857.296875,90821.1171875,92407.515625,90821.1171875,92090.234375,305674
2018-10-19,66375.703125,88838.125,90265.8828125,87251.7265625,87251.7265625,825040
2018-10-22,66375.703125,88838.125,90900.4375,88838.125,89631.3203125,431141
2018-10-23,64834.84765625,86775.8125,88838.125,84158.2578125,88838.125,484734
2018-10-24,60330.76953125,80747.5078125,85903.296875,80747.5078125,84951.453125,1006218
2018-10-25,60330.76953125,80747.5078125,80906.1484375,75433.0859375,76940.1640625,716807
2018-10-26,60330.76953125,80747.5078125,82730.5,80747.5078125,82492.546875,597442
2018-10-29,57486.10546875,76940.1640625,80668.1875,75750.3671875,80588.8671875,607225
2018-10-30,58671.3828125,78526.5546875,78923.15625,76305.6015625,76622.8828125,663756
2018-10-31,61634.58984375,82492.546875,82492.546875,79319.75,79716.3515625,651363
2018-11-01,60152.984375,80509.546875,82016.625,80350.9140625,81699.34375,356090
2018-11-02,60864.1640625,81461.390625,81620.0234375,78923.15625,80350.9140625,838555
2018-11-05,60627.10546875,81144.109375,81302.75,79240.4375,80509.546875,580385
2018-11-06,60390.046875,80826.828125,82809.8203125,80588.8671875,82254.5859375,520715
2018-11-07,59145.4921875,79161.1171875,80906.1484375,78605.875,79954.3125,763063
2018-11-08,59323.2890625,79399.0703125,80906.1484375,79399.0703125,80906.1484375,289057
2018-11-09,56300.81640625,75353.765625,79002.4765625,75353.765625,79002.4765625,859256
2018-11-12,57249.0546875,76622.8828125,77257.4375,74163.96875,75353.765625,552321
2018-11-13,55648.91796875,74481.25,75195.125,73846.6875,74084.6484375,552586
2018-11-14,53456.1484375,71546.4140625,74163.96875,70594.578125,72974.171875,1018346
2018-11-15,53574.6796875,71705.0546875,73767.3671875,71467.1015625,72894.8515625,772354
2018-11-16,56300.81640625,75353.765625,75353.765625,72418.9375,73370.7734375,732112
2018-11-19,57130.515625,76464.2421875,76940.1640625,75353.765625,75353.765625,650594
2018-11-20,56952.7265625,76226.28125,76860.84375,75433.0859375,75988.3203125,647329
2018-11-21,55648.91796875,74481.25,74957.1640625,73926.0078125,74560.5703125,925809
2018-11-22,55234.0703125,73926.0078125,75671.046875,73767.3671875,74481.25,372920
2018-11-23,54819.21484375,73370.7734375,74243.2890625,73053.4921875,73767.3671875,368974
2018-11-26,53811.73046875,72022.3359375,72736.2109375,71546.4140625,71863.6953125,842904
2018-11-27,53693.20703125,71863.6953125,73291.453125,71625.734375,72815.53125,668156
2018-11-28,54226.58984375,72577.578125,73370.7734375,71784.375,71863.6953125,710113
2018-11-29,53396.890625,71467.1015625,73132.8125,70673.8984375,73132.8125,1145944
2018-11-30,53811.73046875,72022.3359375,72339.6171875,71149.8203125,71546.4140625,551640
2018-12-03,57486.10546875,76940.1640625,76940.1640625,73926.0078125,74560.5703125,1711414
2018-12-04,57189.78515625,76543.5625,77336.7578125,75750.3671875,76940.1640625,1072683
2018-12-05,56952.7265625,76226.28125,76543.5625,74957.1640625,75750.3671875,726414
2018-12-06,56360.08984375,75433.0859375,76860.84375,74719.2109375,75750.3671875,1047998
2018-12-07,57071.25390625,76384.921875,76781.5234375,75353.765625,75353.765625,1180197
2018-12-10,57900.94921875,77495.3984375,78526.5546875,76305.6015625,76543.5625,1282391
2018-12-11,56952.7265625,76226.28125,77178.1171875,76146.9609375,76940.1640625,773842
2018-12-12,56952.7265625,76226.28125,76226.28125,76226.28125,76226.28125,0
2018-12-13,57545.3671875,77019.484375,78050.640625,76781.5234375,76940.1640625,585654
2018-12-14,56774.92578125,75988.3203125,77733.359375,75750.3671875,77178.1171875,736487
2018-12-17,55115.54296875,73767.3671875,75988.3203125,73767.3671875,75988.3203125,1015976
2018-12-18,55411.8671875,74163.96875,74163.96875,72022.3359375,72180.9765625,1032340
2018-12-19,54522.8984375,72974.171875,74163.96875,71784.375,74163.96875,1012143
2018-12-20,55411.8671875,74163.96875,74163.96875,72656.890625,72656.890625,382300
2018-12-21,54345.11328125,72736.2109375,73291.453125,72180.9765625,72974.171875,263427
2018-12-24,52744.98046875,70594.578125,72418.9375,70594.578125,72260.296875,905676
2018-12-25,50848.53515625,68056.3515625,68611.5859375,66231.9921875,67025.1953125,956344
2018-12-26,49189.140625,65835.3984375,68532.265625,65359.4765625,68056.3515625,863303
2018-12-27,51263.37890625,68611.5859375,69563.421875,68056.3515625,69008.1875,700582
2018-12-28,51322.64453125,68690.90625,69087.5078125,67580.4296875,68611.5859375,442525
2018-12-31,51322.64453125,68690.90625,68690.90625,68690.90625,68690.90625,0
2019-01-01,51322.64453125,68690.90625,68690.90625,68690.90625,68690.90625,0
2019-01-02,51441.171875,68849.546875,68928.8671875,68294.3046875,68294.3046875,526375
2019-01-03,50196.625,67183.828125,69008.1875,66628.59375,68611.5859375,509936
2019-01-04,50078.1015625,67025.1953125,67818.390625,65359.4765625,66469.953125,424295
2019-01-07,51144.8515625,68452.9453125,69246.1484375,67818.390625,68611.5859375,322542
2019-01-08,52330.13671875,70039.34375,70356.625,68452.9453125,68452.9453125,756772
2019-01-09,53278.35546875,71308.4609375,71705.0546875,70594.578125,71149.8203125,649901
2019-01-10,54108.0625,72418.9375,73132.8125,71784.375,72101.65625,864324
2019-01-11,53930.2578125,72180.9765625,72736.2109375,71467.1015625,72498.2578125,426627
2019-01-14,53041.30078125,70991.1796875,72022.3359375,70594.578125,72022.3359375,466869
2019-01-15,53515.4140625,71625.734375,71784.375,70991.1796875,70991.1796875,464424
2019-01-16,53693.20703125,71863.6953125,72498.2578125,71625.734375,72498.2578125,250605
2019-01-17,52744.98046875,70594.578125,72180.9765625,70594.578125,72180.9765625,225265
2019-01-18,52744.98046875,70594.578125,71229.140625,70356.625,70991.1796875,286612
2019-01-21,53633.9453125,71784.375,72260.296875,70991.1796875,72022.3359375,324774
2019-01-22,53159.828125,71149.8203125,72101.65625,71149.8203125,72022.3359375,278581
2019-01-23,53337.625,71387.78125,71784.375,70673.8984375,71070.5,286952
2019-01-24,53219.09375,71229.140625,72418.9375,71229.140625,71467.1015625,418785
2019-01-25,53041.30078125,70991.1796875,71625.734375,70832.5390625,70911.859375,410087
2019-01-28,53041.30078125,70991.1796875,71546.4140625,70753.21875,71467.1015625,238755
2019-01-29,52093.0703125,69722.0625,70594.578125,69404.78125,70277.3046875,390684
2019-01-30,52152.33984375,69801.3828125,70594.578125,69801.3828125,69801.3828125,272555
2019-01-31,52033.80859375,69642.7421875,70911.859375,69642.7421875,70911.859375,412280
2019-02-01,52152.33984375,69801.3828125,70435.9375,69801.3828125,70039.34375,415230
2019-02-04,52152.33984375,69801.3828125,69801.3828125,69801.3828125,69801.3828125,0
2019-02-05,52152.33984375,69801.3828125,69801.3828125,69801.3828125,69801.3828125,0
2019-02-06,52152.33984375,69801.3828125,69801.3828125,69801.3828125,69801.3828125,0
2019-02-07,52152.33984375,69801.3828125,69801.3828125,69801.3828125,69801.3828125,0
2019-02-08,52152.33984375,69801.3828125,69801.3828125,69801.3828125,69801.3828125,0
2019-02-11,53633.9453125,71784.375,71784.375,69642.7421875,70435.9375,647077
2019-02-12,53930.2578125,72180.9765625,72974.171875,71387.78125,71546.4140625,786071
2019-02-13,55115.54296875,73767.3671875,74243.2890625,72656.890625,72815.53125,720728
2019-02-14,54819.21484375,73370.7734375,74322.609375,73212.1328125,73846.6875,599409
2019-02-15,55708.18359375,74560.5703125,74798.53125,73370.7734375,73608.734375,1155966
2019-02-18,55708.18359375,74560.5703125,74560.5703125,74560.5703125,74560.5703125,0
2019-02-19,56893.453125,76146.9609375,77654.0390625,75750.3671875,77098.796875,988404
2019-02-20,56893.453125,76146.9609375,76384.921875,75433.0859375,76146.9609375,672115
2019-02-21,57604.625,77098.796875,77336.7578125,75909.0078125,76146.9609375,1529492
2019-02-22,58849.17578125,78764.515625,79161.1171875,76226.28125,76622.8828125,1105159
2019-02-25,58789.90625,78685.1953125,80112.953125,78526.5546875,79716.3515625,740799
2019-02-26,58019.484375,77654.0390625,78447.234375,76940.1640625,78129.9609375,1159811
2019-02-27,58375.05859375,78129.9609375,78685.1953125,77495.3984375,77892.0,599585
2019-02-28,58197.27734375,77892.0,79954.3125,77733.359375,78526.5546875,1279265
2019-03-01,59264.01953125,79319.75,79319.75,78050.640625,78923.15625,693143
2019-03-04,61041.9453125,81699.34375,81699.34375,80271.59375,80271.59375,1341481
2019-03-05,61634.58984375,82492.546875,83285.7421875,80271.59375,80509.546875,1107681
2019-03-06,61634.58984375,82492.546875,82492.546875,80509.546875,81778.6640625,765862
2019-03-07,61041.9453125,81699.34375,83682.34375,81699.34375,82889.140625,802927
2019-03-08,61041.9453125,81699.34375,81699.34375,81699.34375,81699.34375,0
2019-03-11,59382.55078125,79478.390625,80192.2734375,78447.234375,80112.953125,627082
2019-03-12,60390.046875,80826.828125,80906.1484375,79478.390625,80906.1484375,665697
2019-03-13,60212.25,80588.8671875,82016.625,80112.953125,81699.34375,570765
2019-03-14,60627.10546875,81144.109375,81857.984375,80588.8671875,81302.75,940875
2019-03-15,61412.890625,80588.8671875,80985.46875,80112.953125,80906.1484375,787256
2019-03-18,62863.59375,82492.546875,82889.140625,80826.828125,80826.828125,1040043
2019-03-19,62561.35546875,82095.9453125,83285.7421875,81302.75,83206.421875,951326
2019-03-20,61775.56640625,81064.7890625,81699.34375,80192.2734375,81699.34375,747216
2019-03-21,59841.30078125,78526.5546875,82095.9453125,78526.5546875,82095.9453125,869505
2019-03-22,60385.3125,79240.4375,79637.03125,78288.59375,79240.4375,902335
2019-03-25,59357.7421875,77892.0,77892.0,75829.6875,76543.5625,1103823
2019-03-26,58692.83203125,77019.484375,78526.5546875,76305.6015625,78526.5546875,440142
2019-03-27,58753.26953125,77098.796875,78209.2734375,77019.484375,78209.2734375,468445
2019-03-28,59599.515625,78209.2734375,78209.2734375,76146.9609375,76146.9609375,429476
2019-03-29,59357.7421875,77892.0,78923.15625,77812.6796875,78447.234375,322378
2019-04-01,60868.875,79874.9921875,80112.953125,78129.9609375,78129.9609375,546849
2019-04-02,61050.21484375,80112.953125,81382.0703125,80112.953125,80985.46875,709987
2019-04-03,61352.4453125,80509.546875,80826.828125,79399.0703125,80192.2734375,568773
2019-04-04,61231.5546875,80350.9140625,81064.7890625,80271.59375,80826.828125,478632
2019-04-05,62742.69140625,82333.90625,82333.90625,80112.953125,80350.9140625,1065749
2019-04-08,64676.953125,84872.1328125,84872.1328125,83285.7421875,83285.7421875,1117237
2019-04-09,63468.04296875,83285.7421875,85665.3359375,82889.140625,85665.3359375,889690
2019-04-10,63588.94140625,83444.3828125,83840.9765625,82413.2265625,82889.140625,589840
2019-04-11,63468.04296875,83285.7421875,84237.578125,83285.7421875,84237.578125,354754
2019-04-12,64374.73828125,84475.5390625,85110.09375,82254.5859375,82889.140625,496156
2019-04-15,64374.73828125,84475.5390625,84475.5390625,84475.5390625,84475.5390625,0
2019-04-16,63649.390625,83523.703125,83920.296875,82492.546875,83285.7421875,381998
2019-04-17,64556.078125,84713.5,85586.015625,83603.0234375,83603.0234375,837420
2019-04-18,63830.72265625,83761.65625,84872.1328125,83523.703125,84475.5390625,334544
2019-04-19,64193.3984375,84237.578125,85348.0546875,83999.6171875,84872.1328125,279274
2019-04-22,65644.09375,86141.25,87251.7265625,84237.578125,84316.8984375,524030
2019-04-23,67820.140625,88996.765625,89552.0,86855.1328125,87251.7265625,937610
2019-04-24,67820.140625,88996.765625,91138.3984375,88838.125,88838.125,569164
2019-04-25,68303.7109375,89631.3203125,90265.8828125,88600.1640625,88996.765625,391428
2019-04-26,68182.8046875,89472.6796875,90027.921875,88838.125,88996.765625,195588
2019-04-29,68182.8046875,89472.6796875,89472.6796875,89472.6796875,89472.6796875,0
2019-04-30,68182.8046875,89472.6796875,89472.6796875,89472.6796875,89472.6796875,0
2019-05-01,68182.8046875,89472.6796875,89472.6796875,89472.6796875,89472.6796875,0
2019-05-02,68908.171875,90424.515625,90821.1171875,88758.8046875,88838.125,289146
2019-05-03,68001.484375,89234.7265625,90345.203125,88441.5234375,89076.0859375,262708
2019-05-06,65220.9765625,85586.015625,88441.5234375,84634.1796875,87251.7265625,490054
2019-05-07,65583.640625,86061.9296875,87093.0859375,85665.3359375,86299.890625,297239
2019-05-08,65885.875,86458.53125,86855.1328125,84078.9375,86061.9296875,490268
2019-05-09,64435.1875,84554.859375,86458.53125,84396.21875,86458.53125,402547
2019-05-10,65220.9765625,85586.015625,85982.609375,84554.859375,84554.859375,305585
2019-05-13,64435.1875,84554.859375,85665.3359375,84475.5390625,85665.3359375,336498
2019-05-14,65885.875,86458.53125,86458.53125,83920.296875,84475.5390625,393495
2019-05-15,66490.328125,87251.7265625,87886.2890625,86458.53125,86458.53125,389020
2019-05-16,66550.78125,87331.046875,88838.125,87331.046875,88838.125,235023
2019-05-17,66611.2265625,87410.3671875,88362.203125,87410.3671875,88044.9296875,367827
2019-05-20,68303.7109375,89631.3203125,89631.3203125,87410.3671875,87806.96875,499068
2019-05-21,67397.015625,88441.5234375,89789.9609375,88282.8828125,89631.3203125,499497
2019-05-22,66792.5703125,87648.328125,90027.921875,87648.328125,88441.5234375,322416
2019-05-23,65946.328125,86537.8515625,87648.328125,85268.734375,87251.7265625,591996
2019-05-24,64374.73828125,84475.5390625,86537.8515625,84475.5390625,84872.1328125,763555
2019-05-27,65100.0859375,85427.375,85744.65625,84475.5390625,84872.1328125,247302
2019-05-28,65220.9765625,85586.015625,86379.2109375,84872.1328125,86379.2109375,178807
2019-05-29,65704.5390625,86220.5703125,86379.2109375,85268.734375,85586.015625,320727
2019-05-30,65341.8671875,85744.65625,86537.8515625,85665.3359375,86220.5703125,133371
2019-05-31,63044.92578125,82730.5,85506.6953125,82730.5,84475.5390625,466995
2019-06-03,61291.9921875,80430.2265625,81699.34375,78526.5546875,81144.109375,737874
2019-06-04,61654.671875,80906.1484375,81699.34375,79319.75,80430.2265625,236385
2019-06-05,61654.671875,80906.1484375,82254.5859375,80906.1484375,82095.9453125,126576
2019-06-06,60324.86328125,79161.1171875,80112.953125,79161.1171875,80112.953125,432880
2019-06-07,62259.1328125,81699.34375,81699.34375,79161.1171875,80112.953125,697354
2019-06-10,62561.35546875,82095.9453125,82968.4609375,81699.34375,82492.546875,379842
2019-06-11,62863.59375,82492.546875,82571.8671875,80985.46875,82095.9453125,301765
2019-06-12,61352.4453125,80509.546875,82016.625,80509.546875,81778.6640625,280056
2019-06-13,61352.4453125,80509.546875,81302.75,79002.4765625,79240.4375,350379
2019-06-14,61654.671875,80906.1484375,81382.0703125,80509.546875,80509.546875,228820
2019-06-17,61594.234375,80826.828125,81461.390625,80192.2734375,80906.1484375,148550
2019-06-18,61352.4453125,80509.546875,80826.828125,80192.2734375,80509.546875,198374
2019-06-19,62682.25390625,82254.5859375,82254.5859375,81223.4296875,82175.265625,223828
2019-06-20,63347.16015625,83127.1015625,83444.3828125,81699.34375,82254.5859375,411019
2019-06-21,63770.28125,83682.34375,84158.2578125,83285.7421875,83682.34375,244932
2019-06-24,63165.81640625,82889.140625,83444.3828125,80112.953125,80112.953125,178379
2019-06-25,62561.35546875,82095.9453125,83285.7421875,81937.3046875,82095.9453125,284040
2019-06-26,63286.70703125,83047.78125,83523.703125,82413.2265625,82889.140625,189108
2019-06-27,59236.84375,77733.359375,83682.34375,77733.359375,83523.703125,276702
2019-06-28,58934.61328125,77336.7578125,82175.265625,77336.7578125,80906.1484375,1254845
2019-07-01,62682.25390625,82254.5859375,82254.5859375,80588.8671875,81699.34375,450367
2019-07-02,62803.14453125,82413.2265625,82492.546875,81540.703125,82413.2265625,251891
2019-07-03,62259.1328125,81699.34375,81857.984375,80985.46875,81699.34375,253190
2019-07-04,62380.02734375,81857.984375,82492.546875,81699.34375,81699.34375,169982
2019-07-05,62621.80859375,82175.265625,82333.90625,81857.984375,82333.90625,279602
2019-07-08,62259.1328125,81699.34375,82413.2265625,81064.7890625,82413.2265625,202017
2019-07-09,63105.37109375,82809.8203125,83206.421875,81382.0703125,81699.34375,283548
2019-07-10,63951.609375,83920.296875,83920.296875,83285.7421875,83285.7421875,513087
2019-07-11,64193.3984375,84237.578125,85189.4140625,84237.578125,84713.5,250101
2019-07-12,63951.609375,83920.296875,85110.09375,83603.0234375,85030.7734375,210250
2019-07-15,64072.5078125,84078.9375,84316.8984375,83285.7421875,83682.34375,190936
2019-07-16,64314.2890625,84396.21875,84475.5390625,83682.34375,84078.9375,292020
2019-07-17,65825.4296875,86379.2109375,86458.53125,83682.34375,83999.6171875,670854
2019-07-18,64797.8515625,85030.7734375,86379.2109375,84872.1328125,86379.2109375,248084
2019-07-19,64072.5078125,84078.9375,85268.734375,83920.296875,85268.734375,377371
2019-07-22,63770.28125,83682.34375,84951.453125,83365.0625,83365.0625,159481
2019-07-23,64737.40234375,84951.453125,85665.3359375,83682.34375,83682.34375,208296
2019-07-24,64495.62109375,84634.1796875,85823.9765625,84554.859375,85110.09375,167675
2019-07-25,64495.62109375,84634.1796875,84634.1796875,84634.1796875,84634.1796875,0
2019-07-26,64495.62109375,84634.1796875,84634.1796875,84634.1796875,84634.1796875,0
2019-07-29,64495.62109375,84634.1796875,84634.1796875,84634.1796875,84634.1796875,0
2019-07-30,64495.62109375,84634.1796875,84634.1796875,84634.1796875,84634.1796875,0
2019-07-31,65946.328125,86537.8515625,87648.328125,86141.25,86458.53125,159556
2019-08-01,65462.7578125,85903.296875,87172.40625,85506.6953125,87172.40625,296382
2019-08-02,64072.5078125,84078.9375,84951.453125,83285.7421875,84078.9375,549976
2019-08-05,62863.59375,82492.546875,84078.9375,82413.2265625,83761.65625,432817
2019-08-06,62863.59375,82492.546875,82492.546875,82492.546875,82492.546875,0
2019-08-07,60747.984375,79716.3515625,81699.34375,79240.4375,81620.0234375,273651
2019-08-08,61050.21484375,80112.953125,82095.9453125,78843.8359375,79399.0703125,500934
2019-08-09,61231.5546875,80350.9140625,81302.75,80192.2734375,80271.59375,215192
2019-08-12,61654.671875,80906.1484375,81699.34375,80906.1484375,81064.7890625,261397
2019-08-13,60445.75390625,79319.75,80747.5078125,79240.4375,80192.2734375,629893
2019-08-14,60989.76953125,80033.6328125,81302.75,79716.3515625,81302.75,206720
2019-08-15,60989.76953125,80033.6328125,80033.6328125,78288.59375,78526.5546875,335944
2019-08-16,60989.76953125,80033.6328125,80747.5078125,79795.671875,79954.3125,470500
2019-08-19,61533.7734375,80747.5078125,81302.75,80112.953125,80906.1484375,224282
2019-08-20,62259.1328125,81699.34375,81937.3046875,81144.109375,81302.75,397996
2019-08-21,63588.94140625,83444.3828125,83840.9765625,81857.984375,82095.9453125,624510
2019-08-22,63226.25390625,82968.4609375,83603.0234375,82492.546875,83603.0234375,359141
2019-08-23,62863.59375,82492.546875,83285.7421875,81620.0234375,83285.7421875,369718
2019-08-26,61352.4453125,80509.546875,81699.34375,80112.953125,81382.0703125,653090
2019-08-27,61594.234375,80826.828125,81540.703125,80509.546875,81540.703125,190053
2019-08-28,61836.01953125,81144.109375,81857.984375,80906.1484375,80906.1484375,134821
2019-08-29,62145.19140625,79716.3515625,80747.5078125,79716.3515625,80112.953125,258661
2019-08-30,62207.0234375,79795.671875,80588.8671875,79716.3515625,79716.3515625,222466
2019-09-02,62207.0234375,79795.671875,79795.671875,79795.671875,79795.671875,0
2019-09-03,61712.33984375,79161.1171875,79874.9921875,76940.1640625,79874.9921875,200467
2019-09-04,62083.35546875,79637.03125,79874.9921875,79161.1171875,79161.1171875,296458
2019-09-05,62145.19140625,79716.3515625,80906.1484375,79637.03125,80509.546875,138477
2019-09-06,62330.70703125,79954.3125,80509.546875,79637.03125,80509.546875,88956
2019-09-09,61897.84765625,79399.0703125,80112.953125,79399.0703125,79478.390625,126425
2019-09-10,61403.15625,78764.515625,80112.953125,78447.234375,79716.3515625,427232
2019-09-11,61032.140625,78288.59375,78923.15625,78129.9609375,78764.515625,215532
2019-09-12,61403.15625,78764.515625,79240.4375,78447.234375,78526.5546875,107262
2019-09-13,62454.37890625,80112.953125,80668.1875,78526.5546875,78526.5546875,328014
2019-09-16,63938.44921875,82016.625,82571.8671875,81540.703125,82492.546875,785214
2019-09-17,66102.703125,84792.8203125,84872.1328125,82095.9453125,82492.546875,1054882
2019-09-18,64309.453125,82492.546875,84078.9375,82254.5859375,84078.9375,871989
2019-09-19,64185.76953125,82333.90625,82333.90625,81620.0234375,81699.34375,335729
2019-09-20,63567.4140625,81540.703125,83047.78125,81382.0703125,82333.90625,348399
2019-09-23,64000.265625,82095.9453125,82968.4609375,81540.703125,81540.703125,324421
2019-09-24,64000.265625,82095.9453125,82968.4609375,81699.34375,82413.2265625,289423
2019-09-25,63320.07421875,81223.4296875,81699.34375,80668.1875,81699.34375,272845
2019-09-26,64309.453125,82492.546875,82730.5,80747.5078125,81223.4296875,432779
2019-09-27,64927.81640625,83285.7421875,83999.6171875,82809.8203125,82809.8203125,617122
2019-09-30,65731.6796875,84316.8984375,85268.734375,83285.7421875,83285.7421875,797241
2019-10-01,65669.84375,84237.578125,84475.5390625,83285.7421875,84237.578125,357855
2019-10-02,64000.265625,82095.9453125,84078.9375,81857.984375,84078.9375,568067
2019-10-03,63072.73046875,80906.1484375,81699.34375,80509.546875,81699.34375,644921
2019-10-04,62145.19140625,79716.3515625,81620.0234375,79716.3515625,80906.1484375,750935
2019-10-07,62268.8515625,79874.9921875,80509.546875,79716.3515625,80509.546875,282716
2019-10-08,61774.171875,79240.4375,80033.6328125,79002.4765625,79874.9921875,536600
2019-10-09,62021.5078125,79557.7109375,80112.953125,79081.796875,79240.4375,253467
2019-10-10,62516.20703125,80192.2734375,80271.59375,79557.7109375,79557.7109375,219201
2019-10-11,63258.2421875,81144.109375,81699.34375,80271.59375,80271.59375,268331
2019-10-14,63072.73046875,80906.1484375,81699.34375,80588.8671875,81620.0234375,274282
2019-10-15,62578.046875,80271.59375,80906.1484375,80112.953125,80906.1484375,244743
2019-10-16,62578.046875,80271.59375,80826.828125,80192.2734375,80271.59375,185338
2019-10-17,62454.37890625,80112.953125,80826.828125,79716.3515625,80350.9140625,312469
2019-10-18,62454.37890625,80112.953125,80747.5078125,80033.6328125,80747.5078125,211233
2019-10-21,62578.046875,80271.59375,80826.828125,79716.3515625,80112.953125,214549
2019-10-22,62701.70703125,80430.2265625,80668.1875,80271.59375,80271.59375,154286
2019-10-23,62578.046875,80271.59375,80588.8671875,80112.953125,80430.2265625,133182
2019-10-24,63320.07421875,81223.4296875,81302.75,80747.5078125,80906.1484375,190091
2019-10-25,63381.90234375,81302.75,81699.34375,80906.1484375,81699.34375,321193
2019-10-28,63629.24609375,81620.0234375,81857.984375,81302.75,81461.390625,274282
2019-10-29,63196.40625,81064.7890625,81699.34375,81064.7890625,81699.34375,160439
2019-10-30,63814.765625,81857.984375,81937.3046875,80668.1875,81144.109375,428165
2019-10-31,64000.265625,82095.9453125,82333.90625,81144.109375,82095.9453125,517815
2019-11-01,64618.62890625,82889.140625,83127.1015625,81223.4296875,81223.4296875,505876
2019-11-04,65236.9921875,83682.34375,84475.5390625,83365.0625,83365.0625,630196
2019-11-05,66164.53125,84872.1328125,85030.7734375,83682.34375,83761.65625,779200
2019-11-06,65422.49609375,83920.296875,84872.1328125,83682.34375,84872.1328125,441995
2019-11-07,65608.015625,84158.2578125,84396.21875,83365.0625,83682.34375,221861
2019-11-08,65360.65625,83840.9765625,84872.1328125,83761.65625,84872.1328125,282804
2019-11-11,64494.9609375,82730.5,84078.9375,82730.5,83840.9765625,352648
2019-11-12,64927.81640625,83285.7421875,83603.0234375,82492.546875,82571.8671875,223462
2019-11-13,64927.81640625,83285.7421875,83285.7421875,82571.8671875,83285.7421875,226551
2019-11-14,65855.359375,84475.5390625,85427.375,83206.421875,83285.7421875,813605
2019-11-15,66782.890625,85665.3359375,86061.9296875,84078.9375,84475.5390625,716303
2019-11-18,67092.0703125,86061.9296875,86458.53125,85903.296875,86061.9296875,637861
2019-11-19,66473.703125,85268.734375,85665.3359375,84792.8203125,85665.3359375,358019
2019-11-20,64927.81640625,83285.7421875,84951.453125,83285.7421875,84872.1328125,792841
2019-11-21,64371.29296875,82571.8671875,84078.9375,82492.546875,82492.546875,491932
2019-11-22,63752.9140625,81778.6640625,83603.0234375,80747.5078125,83444.3828125,516416
2019-11-25,63752.9140625,81778.6640625,82492.546875,81223.4296875,81461.390625,267045
2019-11-26,63072.73046875,80906.1484375,82333.90625,80906.1484375,82333.90625,318546
2019-11-27,63072.73046875,80906.1484375,81461.390625,80826.828125,81461.390625,265431
2019-11-28,62330.70703125,79954.3125,81382.0703125,79478.390625,80906.1484375,772909
2019-11-29,62145.19140625,79716.3515625,80430.2265625,79637.03125,80430.2265625,230875
2019-12-02,60599.2890625,77733.359375,80430.2265625,76543.5625,80112.953125,626855
2019-12-06,60599.2890625,77733.359375,78526.5546875,76940.1640625,77733.359375,112506
2019-12-09,61712.33984375,79161.1171875,79161.1171875,77733.359375,77733.359375,321521
2019-12-10,60537.4609375,77654.0390625,79240.4375,77178.1171875,79240.4375,304325
2019-12-11,60661.12890625,77812.6796875,78129.9609375,77178.1171875,77654.0390625,218356
2019-12-12,60537.4609375,77654.0390625,77971.3203125,77257.4375,77971.3203125,318445
2019-12-13,60599.2890625,77733.359375,78526.5546875,77733.359375,78526.5546875,266667
2019-12-16,60722.96484375,77892.0,78685.1953125,77654.0390625,77733.359375,213565
2019-12-17,60290.109375,77336.7578125,78367.9140625,77336.7578125,78209.2734375,226160
2019-12-18,59053.390625,75750.3671875,77574.71875,75750.3671875,77178.1171875,446004
2019-12-19,59238.89453125,75988.3203125,76781.5234375,75829.6875,76146.9609375,363503
2019-12-20,59362.55859375,76146.9609375,77019.484375,76146.9609375,77019.484375,243344
2019-12-23,59238.89453125,75988.3203125,76860.84375,75750.3671875,76543.5625,481670
2019-12-24,59548.078125,76384.921875,76464.2421875,75829.6875,75829.6875,253593
2019-12-25,59919.1015625,76860.84375,77257.4375,76384.921875,76702.203125,224004
2019-12-26,59486.2421875,76305.6015625,77178.1171875,76305.6015625,76940.1640625,171092
2019-12-27,59980.93359375,76940.1640625,77098.796875,76226.28125,76702.203125,189435
2019-12-30,59609.90625,76464.2421875,77178.1171875,76464.2421875,76940.1640625,283334
2019-12-31,57940.34765625,74322.609375,76781.5234375,74163.96875,76781.5234375,489361
2020-01-01,57940.34765625,74322.609375,74322.609375,74322.609375,74322.609375,0
2020-01-02,58496.8671875,75036.484375,75512.40625,74322.609375,74322.609375,178089
2020-01-03,58620.5390625,75195.125,76464.2421875,75036.484375,75036.484375,276072
2020-01-06,60475.6171875,77574.71875,77733.359375,76305.6015625,76702.203125,543483
2020-01-07,60042.76953125,77019.484375,77495.3984375,76384.921875,77495.3984375,180030
2020-01-08,59980.93359375,76940.1640625,78526.5546875,76940.1640625,78209.2734375,553783
2020-01-09,58867.8828125,75512.40625,76781.5234375,75195.125,76146.9609375,404665
2020-01-10,59300.734375,76067.640625,76146.9609375,75353.765625,75750.3671875,202748
2020-01-13,58929.71875,75591.7265625,76067.640625,75115.8046875,76067.640625,447795
2020-01-14,58682.37109375,75274.4453125,76146.9609375,75274.4453125,75512.40625,210351
2020-01-15,58125.8515625,74560.5703125,75353.765625,73846.6875,75353.765625,253909
2020-01-16,57692.99609375,74005.328125,74798.53125,73767.3671875,74560.5703125,640937
2020-01-17,57631.15625,73926.0078125,74719.2109375,73529.4140625,74005.328125,355220
2020-01-20,57754.828125,74084.6484375,74243.2890625,73688.0546875,73926.0078125,169163
2020-01-21,58682.37109375,75274.4453125,75274.4453125,74084.6484375,74084.6484375,228139
2020-01-22,58682.37109375,75274.4453125,75671.046875,74798.53125,75274.4453125,205232
2020-01-23,58682.37109375,75274.4453125,75274.4453125,75274.4453125,75274.4453125,0
2020-01-24,58682.37109375,75274.4453125,75274.4453125,75274.4453125,75274.4453125,0
2020-01-27,58682.37109375,75274.4453125,75274.4453125,75274.4453125,75274.4453125,0
2020-01-28,58682.37109375,75274.4453125,75274.4453125,75274.4453125,75274.4453125,0
2020-01-29,58682.37109375,75274.4453125,75274.4453125,75274.4453125,75274.4453125,0
2020-01-30,56889.125,72974.171875,74401.9296875,72180.9765625,72180.9765625,478997
2020-01-31,53488.14453125,68611.5859375,72736.2109375,68214.984375,72260.296875,695514
2020-02-03,51447.55859375,65994.03125,68135.671875,63931.72265625,67421.7890625,713542
2020-02-04,50705.52734375,65042.19921875,67421.7890625,65042.19921875,67342.46875,474535
2020-02-05,50458.18359375,64724.91796875,66628.59375,63931.72265625,65835.3984375,365898
2020-02-06,53117.1328125,68135.671875,68135.671875,64724.91796875,64724.91796875,320058
2020-02-07,53178.96875,68214.984375,69008.1875,67421.7890625,68135.671875,377497
2020-02-10,53673.65625,68849.546875,68928.8671875,66628.59375,67421.7890625,356102
2020-02-11,52931.625,67897.7109375,68849.546875,67739.0703125,68294.3046875,297151
2020-02-12,53178.96875,68214.984375,68690.90625,67897.7109375,68690.90625,221243
2020-02-13,54106.50390625,69404.78125,69880.703125,68056.3515625,68056.3515625,343218
2020-02-14,54724.87109375,70197.984375,70515.2578125,69008.1875,69404.78125,205333
2020-02-17,53982.83984375,69246.1484375,70832.5390625,69246.1484375,70197.984375,226980
2020-02-18,53178.96875,68214.984375,69325.4609375,68056.3515625,69008.1875,271811
2020-02-19,52746.12109375,67659.75,68294.3046875,67659.75,68214.984375,210275
2020-02-20,52746.12109375,67659.75,69801.3828125,67580.4296875,69801.3828125,249874
2020-02-21,52807.94921875,67739.0703125,68373.625,67739.0703125,68214.984375,216137
2020-02-24,51880.4140625,66549.2734375,67421.7890625,66231.9921875,67421.7890625,438919
2020-02-25,51323.890625,65835.3984375,66549.2734375,65438.796875,65438.796875,439852
2020-02-26,49406.97265625,63376.484375,65438.796875,63138.5234375,65438.796875,603141
2020-02-27,48850.44921875,62662.60546875,63376.484375,61948.7265625,63297.1640625,452711
2020-02-28,46871.69921875,60124.375,61790.08984375,59569.13671875,59569.13671875,566870
2020-03-02,48850.44921875,62662.60546875,63059.203125,59807.09375,59965.734375,322378
2020-03-03,49468.80859375,63455.8046875,65756.078125,63455.8046875,65756.078125,340974
2020-03-05,48293.91796875,61948.7265625,63455.8046875,61948.7265625,61948.7265625,331077
2020-03-06,47922.90625,61472.80859375,61948.7265625,61155.53125,61869.40625,262809
2020-03-09,44583.765625,57189.54296875,57189.54296875,57189.54296875,57189.54296875,285338
2020-03-10,42357.66796875,54334.03125,56237.70703125,53223.5546875,53223.5546875,1736452
2020-03-11,39451.375,50606.00390625,56396.34375,50606.00390625,55523.828125,1289502
2020-03-12,36730.5859375,47115.93359375,48305.73046875,47115.93359375,47115.93359375,1048982
2020-03-13,35246.52734375,45212.2578125,46402.0546875,43863.82421875,43863.82421875,1230311
2020-03-16,36668.75390625,47036.61328125,47750.4921875,44419.0625,45053.62109375,837622
2020-03-17,36977.93359375,47433.2109375,47512.53125,44577.703125,44577.703125,670110
2020-03-18,35864.88671875,46005.45703125,47591.8515625,45846.81640625,47591.8515625,1401000
2020-03-19,34195.3125,43863.82421875,44815.66015625,43546.54296875,44419.0625,1131849
2020-03-20,35803.05078125,45926.13671875,46084.77734375,44419.0625,45212.2578125,710453
2020-03-23,33329.609375,42753.34765625,44419.0625,42753.34765625,43784.50390625,983185
2020-03-24,34751.8359375,44577.703125,44736.33984375,43229.265625,44419.0625,969934
2020-03-25,37163.44140625,47671.171875,47671.171875,46164.09765625,47036.61328125,1354782
2020-03-26,36297.734375,46560.6953125,47909.1328125,46402.0546875,47591.8515625,711209
2020-03-27,35988.55859375,46164.09765625,46877.97265625,45291.578125,46560.6953125,610377
2020-03-30,33762.4609375,43308.5859375,43943.14453125,43229.265625,43546.54296875,701073
2020-03-31,33886.13671875,43467.2265625,45767.49609375,42832.66796875,45767.49609375,522618
2020-04-01,34690.00390625,44498.3828125,45688.1796875,43387.90625,43387.90625,728607
2020-04-02,34690.00390625,44498.3828125,44498.3828125,44498.3828125,44498.3828125,0
2020-04-03,36606.9140625,46957.29296875,47591.8515625,45608.859375,47591.8515625,1446499
2020-04-06,38956.6875,49971.4453125,49971.4453125,48385.05078125,49178.24609375,1907834
2020-04-07,38894.84765625,49892.125,50685.32421875,49019.609375,50685.32421875,1191418
2020-04-08,38771.17578125,49733.484375,49812.8046875,48226.41015625,48623.0078125,1096246
2020-04-09,41430.125,53144.234375,53144.234375,50050.765625,50288.72265625,1899627
2020-04-10,41491.96484375,53223.5546875,53540.83203125,51557.83984375,52351.0390625,1190447
2020-04-13,42048.48828125,53937.43359375,55127.23046875,53540.83203125,54096.0703125,1322243
2020-04-14,41430.125,53144.234375,53382.1953125,51875.1171875,53144.234375,1605287
2020-04-15,41182.78515625,52826.95703125,53382.1953125,51954.4375,52192.3984375,813466
2020-04-16,41677.46875,53461.515625,53937.43359375,52192.3984375,52826.95703125,904440
2020-04-17,41862.98046875,53699.47265625,54730.62890625,53540.83203125,53540.83203125,1023301
2020-04-20,42543.17578125,54571.9921875,54730.62890625,53223.5546875,53937.43359375,1547559
2020-04-21,39884.23046875,51161.2421875,53302.875,51161.2421875,52351.0390625,1963029
2020-04-22,39265.86328125,50368.04296875,51240.5625,48385.05078125,48385.05078125,958891
2020-04-23,40255.23828125,51637.16015625,52351.0390625,51399.19921875,51557.83984375,781974
2020-04-24,40255.23828125,51637.16015625,52351.0390625,51319.87890625,52192.3984375,735012
2020-04-27,39698.71875,50923.28125,52271.71875,50764.640625,51637.16015625,600745
2020-04-28,38833.01171875,49812.8046875,50764.640625,49495.52734375,49654.1640625,977827
2020-04-29,39204.03515625,50288.72265625,50923.28125,49971.4453125,49971.4453125,786512
2020-04-30,39204.03515625,50288.72265625,50288.72265625,50288.72265625,50288.72265625,0
2020-05-01,39204.03515625,50288.72265625,50288.72265625,50288.72265625,50288.72265625,0
2020-05-04,39451.375,50606.00390625,52033.7578125,50447.36328125,51557.83984375,517197
2020-05-05,40502.5859375,51954.4375,51954.4375,50764.640625,51557.83984375,823035
2020-05-06,42419.5078125,54413.3515625,54571.9921875,52906.27734375,52906.27734375,1942303
2020-05-07,42481.34375,54492.671875,55127.23046875,53699.47265625,54413.3515625,889702
2020-05-08,43037.859375,55206.546875,56158.38671875,54492.671875,54492.671875,2144081
2020-05-11,45140.2890625,57903.421875,57903.421875,55523.828125,55523.828125,1367692
2020-05-12,45263.9609375,58062.05859375,58696.6171875,56317.0234375,57824.1015625,1444432
2020-05-13,44769.265625,57427.5,58617.296875,57110.22265625,57903.421875,1249449
2020-05-14,44212.74609375,56713.625,57427.5,56475.6640625,56792.9453125,867375
2020-05-15,44212.74609375,56713.625,56713.625,56713.625,56713.625,0
2020-05-18,44212.74609375,56713.625,56713.625,56713.625,56713.625,0
2020-05-19,46624.3515625,59807.09375,59807.09375,58775.9375,59807.09375,1443095
2020-05-20,46624.3515625,59807.09375,59807.09375,59807.09375,59807.09375,0
2020-05-21,46377.01171875,59489.81640625,59965.734375,58696.6171875,59093.21484375,1201226
2020-05-22,45696.80859375,58617.296875,59410.49609375,58379.33984375,59410.49609375,1238909
2020-05-25,45573.140625,58458.66015625,58775.9375,58220.69921875,58617.296875,699686
2020-05-26,46315.171875,59410.49609375,59410.49609375,58537.9765625,59093.21484375,776565
2020-05-27,46377.01171875,59489.81640625,60520.97265625,59331.17578125,59886.4140625,1439086
2020-05-28,45696.80859375,58617.296875,59807.09375,58617.296875,59489.81640625,694921
2020-05-29,46005.9921875,59013.8984375,59093.21484375,58458.66015625,59093.21484375,469756
2020-06-01,46562.51171875,59727.7734375,60283.01171875,59172.53515625,59410.49609375,751464
2020-06-02,47242.71484375,60600.29296875,61710.76953125,59489.81640625,59727.7734375,1830905
2020-06-03,48232.0859375,61869.40625,62107.3671875,60838.25,61472.80859375,799246
2020-06-04,48232.0859375,61869.40625,63059.203125,61869.40625,61948.7265625,1069128
2020-06-05,47613.7265625,61076.2109375,61869.40625,60679.61328125,61076.2109375,1111110
2020-06-08,47613.7265625,61076.2109375,61076.2109375,61076.2109375,61076.2109375,0
2020-06-09,47613.7265625,61076.2109375,61076.2109375,61076.2109375,61076.2109375,0
2020-06-10,48232.0859375,61869.40625,62186.6875,61472.80859375,61869.40625,537571
2020-06-11,44892.9375,57586.140625,61948.7265625,57586.140625,61472.80859375,1577803
2020-06-12,46129.6640625,59172.53515625,59410.49609375,55603.1484375,55603.1484375,1107668
2020-06-15,44583.765625,57189.54296875,59807.09375,57189.54296875,59172.53515625,699535
2020-06-16,45202.1171875,57982.73828125,58300.01953125,57506.8203125,58300.01953125,572631
2020-06-17,45078.453125,57824.1015625,58617.296875,57586.140625,58300.01953125,416415
2020-06-18,44645.59375,57268.86328125,57903.421875,57110.22265625,57586.140625,400480
2020-06-19,44892.9375,57586.140625,58141.37890625,57586.140625,58062.05859375,382905
2020-06-22,45202.1171875,57982.73828125,58458.66015625,57903.421875,58062.05859375,287040
2020-06-23,45696.80859375,58617.296875,58934.578125,57903.421875,58062.05859375,440962
2020-06-24,44892.9375,57586.140625,58855.2578125,57110.22265625,58379.33984375,302724
2020-06-25,44769.265625,57427.5,57903.421875,56713.625,57110.22265625,422605
2020-06-26,44645.59375,57268.86328125,58062.05859375,57110.22265625,57506.8203125,407073
2020-06-29,43099.703125,55285.8671875,57110.22265625,55285.8671875,57110.22265625,720690
2020-06-30,42666.83984375,54730.62890625,56713.625,53937.43359375,55999.74609375,578859
2020-07-01,43903.5625,56317.0234375,56317.0234375,54730.62890625,55127.23046875,488440
2020-07-02,43594.38671875,55920.42578125,56713.625,55920.42578125,56634.3046875,265822
2020-07-03,43470.7109375,55761.78515625,56634.3046875,55761.78515625,56634.3046875,390873
2020-07-06,44769.265625,57427.5,57744.78125,56475.6640625,56951.58203125,611449
2020-07-07,44769.265625,57427.5,58934.578125,57427.5,57903.421875,1032542
2020-07-08,45078.453125,57824.1015625,58775.9375,57506.8203125,57903.421875,673274
2020-07-09,46500.6796875,59648.453125,60124.375,58458.66015625,58617.296875,1487536
2020-07-10,46500.6796875,59648.453125,59648.453125,59648.453125,59648.453125,0
2020-07-13,46315.171875,59410.49609375,59727.7734375,58934.578125,59489.81640625,746825
2020-07-14,46834.10546875,57268.86328125,58300.01953125,57030.90234375,57110.22265625,796762
2020-07-15,46834.10546875,57268.86328125,57268.86328125,57268.86328125,57268.86328125,0
2020-07-16,46834.10546875,57268.86328125,57824.1015625,57268.86328125,57665.4609375,673615
2020-07-17,46639.5078125,57030.90234375,57506.8203125,57030.90234375,57268.86328125,482099
2020-07-20,45990.83984375,56237.70703125,56951.58203125,56237.70703125,56475.6640625,620904
2020-07-21,46055.69921875,56317.0234375,56872.26171875,56158.38671875,56237.70703125,333384
2020-07-22,45536.765625,55682.46875,56713.625,55603.1484375,56713.625,433107
2020-07-23,46120.56640625,56396.34375,56792.9453125,55682.46875,55682.46875,793938
2020-07-24,44304.28515625,54175.390625,56713.625,53540.83203125,56396.34375,1479379
2020-07-27,41515.0,50764.640625,54730.62890625,50606.00390625,50923.28125,1663746
2020-07-28,43979.94921875,53778.79296875,53778.79296875,50764.640625,52351.0390625,861752
2020-07-29,41190.66015625,50368.04296875,52826.95703125,50209.40234375,51637.16015625,980247
2020-07-30,42488.0078125,51954.4375,53858.11328125,51161.2421875,53858.11328125,526602
2020-07-31,42488.0078125,51954.4375,51954.4375,50606.00390625,51161.2421875,396156
2020-08-03,43590.75,53302.875,53540.83203125,51716.48046875,51795.80078125,676023
2020-08-04,44174.55078125,54016.75390625,54334.03125,53699.47265625,54334.03125,488276
2020-08-05,44498.89453125,54413.3515625,54651.30859375,53778.79296875,54016.75390625,713630
2020-08-06,45082.69921875,55127.23046875,55365.1875,54254.7109375,54334.03125,807629
2020-08-07,45536.765625,55682.46875,56079.06640625,54889.26953125,55127.23046875,720841
2020-08-10,45731.3671875,55920.42578125,56396.34375,55682.46875,55761.78515625,591643
2020-08-11,45407.03125,55523.828125,56158.38671875,55285.8671875,55920.42578125,694492
2020-08-12,46185.4375,56475.6640625,56792.9453125,55523.828125,55920.42578125,1227096
2020-08-13,47093.57421875,57586.140625,57824.1015625,56713.625,56713.625,1199738
2020-08-14,46898.9765625,57348.18359375,57744.78125,56951.58203125,57110.22265625,1097746
2020-08-17,46704.375,57110.22265625,57427.5,56475.6640625,57110.22265625,581053
2020-08-18,46639.5078125,57030.90234375,57903.421875,56713.625,57903.421875,375417
2020-08-19,46769.2421875,57189.54296875,57348.18359375,56951.58203125,57110.22265625,283069
2020-08-20,46055.69921875,56317.0234375,57268.86328125,56317.0234375,57030.90234375,560188
2020-08-21,46704.375,57110.22265625,57189.54296875,56396.34375,56475.6640625,623678
2020-08-24,47353.046875,57903.421875,58300.01953125,57268.86328125,57268.86328125,805448
2020-08-25,47871.984375,58537.9765625,59093.21484375,58062.05859375,58062.05859375,910996
2020-08-26,47677.37890625,58300.01953125,59013.8984375,58300.01953125,58696.6171875,543635
2020-08-27,47353.046875,57903.421875,58220.69921875,57506.8203125,58220.69921875,631986
2020-08-28,48131.44921875,58855.2578125,59489.81640625,57982.73828125,58696.6171875,1275470
2020-08-31,48066.58984375,58775.9375,59489.81640625,58300.01953125,59013.8984375,693332
2020-09-01,48909.85546875,59807.09375,59886.4140625,58537.9765625,58775.9375,1064186
2020-09-02,48909.85546875,59807.09375,59807.09375,59807.09375,59807.09375,0
2020-09-03,49169.33203125,60124.375,60441.65234375,59727.7734375,60283.01171875,740357
2020-09-04,48390.921875,59172.53515625,59648.453125,58775.9375,58775.9375,1181710
2020-09-07,46704.375,57110.22265625,59013.8984375,57110.22265625,59013.8984375,1684485
2020-09-08,46704.375,57110.22265625,58141.37890625,57110.22265625,57110.22265625,837042
2020-09-09,46509.7734375,56872.26171875,57110.22265625,56237.70703125,56317.0234375,934155
2020-09-10,46704.375,57110.22265625,57824.1015625,57030.90234375,57506.8203125,782617
2020-09-11,46704.375,57110.22265625,57110.22265625,57110.22265625,57110.22265625,0
2020-09-14,46315.16796875,56634.3046875,57506.8203125,56634.3046875,57110.22265625,702763
2020-09-15,46898.9765625,57348.18359375,57348.18359375,56634.3046875,57268.86328125,917425
2020-09-16,46704.375,57110.22265625,57903.421875,57110.22265625,57427.5,445576
2020-09-17,46509.7734375,56872.26171875,57744.78125,56872.26171875,57506.8203125,501943
2020-09-18,47028.71484375,57506.8203125,57665.4609375,56792.9453125,57268.86328125,470525
2020-09-21,47223.3125,57744.78125,58379.33984375,57189.54296875,57824.1015625,1184723
2020-09-22,46639.5078125,57030.90234375,57824.1015625,57030.90234375,57506.8203125,1035794
2020-09-23,47158.4453125,57665.4609375,58300.01953125,57268.86328125,57506.8203125,1037686
2020-09-24,47677.37890625,58300.01953125,58537.9765625,57427.5,57665.4609375,1034622
2020-09-25,47417.90625,57982.73828125,58379.33984375,57586.140625,58300.01953125,579527
2020-09-28,46834.10546875,57268.86328125,58300.01953125,57268.86328125,57982.73828125,525808
2020-09-29,46380.0390625,56713.625,57903.421875,56713.625,57268.86328125,1353004
2020-09-30,46250.3046875,56554.984375,57110.22265625,56554.984375,56713.625,775910
2020-10-01,46963.83984375,57427.5,57427.5,56713.625,56713.625,318420
2020-10-02,46639.5078125,57030.90234375,57506.8203125,56396.34375,57427.5,772644
2020-10-05,47028.71484375,57506.8203125,57744.78125,56792.9453125,57030.90234375,888051
2020-10-06,47028.71484375,57506.8203125,58062.05859375,57427.5,57744.78125,962219
2020-10-07,48066.58984375,58775.9375,59727.7734375,57268.86328125,57506.8203125,2892432
2020-10-08,48390.921875,59172.53515625,59648.453125,58775.9375,59410.49609375,976478
2020-10-09,48196.3203125,58934.578125,59489.81640625,58775.9375,59489.81640625,553405
2020-10-12,48650.39453125,59489.81640625,60758.9296875,58696.6171875,58934.578125,2416812
2020-10-13,48650.39453125,59489.81640625,60045.0546875,59251.85546875,59569.13671875,752296
2020-10-14,48780.12109375,59648.453125,60441.65234375,59410.49609375,59886.4140625,1592881
2020-10-15,48650.39453125,59489.81640625,60996.890625,59489.81640625,60283.01171875,1736225
2020-10-16,48909.85546875,59807.09375,60283.01171875,59013.8984375,59489.81640625,1375596
2020-10-19,48001.71484375,58696.6171875,60283.01171875,58617.296875,59886.4140625,1508602
2020-10-20,47093.57421875,57586.140625,58696.6171875,57506.8203125,58300.01953125,1411186
2020-10-21,46898.9765625,57348.18359375,58220.69921875,57348.18359375,57903.421875,1197709
2020-10-22,47807.1171875,58458.66015625,58458.66015625,57030.90234375,57348.18359375,1003911
2020-10-23,47677.37890625,58300.01953125,58855.2578125,58220.69921875,58537.9765625,764979
2020-10-26,46704.375,57110.22265625,58696.6171875,57110.22265625,58379.33984375,819367
2020-10-27,46704.375,57110.22265625,57586.140625,57030.90234375,57427.5,823552
2020-10-28,46639.5078125,57030.90234375,57665.4609375,56872.26171875,57110.22265625,978495
2020-10-29,46055.69921875,56317.0234375,57268.86328125,56317.0234375,56872.26171875,982920
2020-10-30,45666.5,55841.10546875,57110.22265625,55523.828125,57110.22265625,991417
2020-11-02,45212.4296875,55285.8671875,56158.38671875,55047.91015625,55920.42578125,1168107
2020-11-03,45536.765625,55682.46875,56475.6640625,55444.5078125,55523.828125,1229681
2020-11-04,46639.5078125,57030.90234375,57506.8203125,56158.38671875,56237.70703125,727775
2020-11-05,46380.0390625,56713.625,57110.22265625,56554.984375,57110.22265625,544845
2020-11-06,45925.97265625,56158.38671875,56951.58203125,56079.06640625,56634.3046875,598022
2020-11-09,46315.16796875,56634.3046875,56951.58203125,56317.0234375,56317.0234375,904541
2020-11-10,46834.10546875,57268.86328125,58537.9765625,57268.86328125,58379.33984375,1602992
2020-11-11,47482.78125,58062.05859375,58537.9765625,57824.1015625,58141.37890625,2009802
2020-11-12,47612.51953125,58220.69921875,58696.6171875,57982.73828125,58300.01953125,690357
2020-11-13,47677.37890625,58300.01953125,58300.01953125,57665.4609375,57982.73828125,1130613
2020-11-16,47028.71484375,57506.8203125,58696.6171875,57506.8203125,58617.296875,1582896
2020-11-17,48974.72265625,59886.4140625,59886.4140625,57824.1015625,57903.421875,2764254
2020-11-18,51893.75,63455.8046875,63455.8046875,59569.13671875,59965.734375,4350416
2020-11-19,53255.9609375,65121.51953125,66866.5546875,63773.08203125,63773.08203125,2878677
2020-11-20,53061.359375,64883.55859375,65200.8359375,64169.6796875,64645.59765625,1522672
2020-11-23,54164.09765625,66231.9921875,66231.9921875,64407.640625,65121.51953125,2264353
2020-11-24,53515.4296875,65438.796875,66469.953125,64249.0,66231.9921875,2299868
2020-11-25,53645.1640625,65597.4375,66390.6328125,65597.4375,66311.3125,1800976
2020-11-26,54034.359375,66073.3515625,66152.671875,64804.23828125,65438.796875,1386186
2020-11-27,54164.09765625,66231.9921875,66231.9921875,65597.4375,66231.9921875,1195074
2020-11-30,54164.09765625,66231.9921875,68294.3046875,66231.9921875,66311.3125,1680123
2020-12-01,54164.09765625,66231.9921875,67183.828125,64883.55859375,65042.19921875,1680413
2020-12-02,54488.4375,66628.59375,67025.1953125,65597.4375,66231.9921875,1240182
2020-12-03,54812.7734375,67025.1953125,67342.46875,66231.9921875,66628.59375,1234055
2020-12-04,55461.4453125,67818.390625,68532.265625,67025.1953125,67421.7890625,1894698
2020-12-07,55980.37890625,68452.9453125,68532.265625,67501.109375,67977.03125,1752552
2020-12-08,55850.64453125,68294.3046875,68611.5859375,67818.390625,68611.5859375,1437901
2020-12-09,55850.64453125,68294.3046875,69484.1015625,67818.390625,68214.984375,1431156
2020-12-10,54747.91015625,66945.875,68532.265625,66945.875,68294.3046875,1369003
2020-12-11,55850.64453125,68294.3046875,68294.3046875,67183.828125,67897.7109375,1152953
2020-12-14,56434.44921875,69008.1875,69166.828125,68056.3515625,68294.3046875,1084320
2020-12-15,55396.578125,67739.0703125,68928.8671875,67580.4296875,68611.5859375,1381030
2020-12-16,55656.05078125,68056.3515625,68532.265625,67501.109375,68214.984375,975557
2020-12-17,54553.3046875,66707.9140625,67897.7109375,66707.9140625,67580.4296875,2324805
2020-12-18,55072.2421875,67342.46875,67501.109375,66707.9140625,66707.9140625,744619
2020-12-21,55980.37890625,68452.9453125,68532.265625,67104.5078125,67580.4296875,1634548
2020-12-22,55331.71484375,67659.75,68214.984375,67104.5078125,67818.390625,1146952
2020-12-23,54942.50390625,67183.828125,68056.3515625,67104.5078125,67501.109375,694908
2020-12-24,54423.5703125,66549.2734375,67739.0703125,65042.19921875,67421.7890625,1579833
2020-12-25,54618.17578125,66787.234375,67183.828125,65438.796875,66469.953125,778255
2020-12-28,56369.5859375,68928.8671875,70277.3046875,66866.5546875,67421.7890625,2996769
2020-12-29,56499.32421875,69087.5078125,69801.3828125,68214.984375,69008.1875,618786
2020-12-30,56369.5859375,68928.8671875,69404.78125,68849.546875,69087.5078125,848262
2020-12-31,56174.984375,68690.90625,69087.5078125,68373.625,69008.1875,1206950
2021-01-01,56174.984375,68690.90625,68690.90625,68690.90625,68690.90625,0
2021-01-04,57602.0546875,70435.9375,70911.859375,69087.5078125,69722.0625,171785
2021-01-05,58380.47265625,71387.78125,71546.4140625,68690.90625,69801.3828125,159191
2021-01-06,58639.94140625,71705.0546875,72894.8515625,71387.78125,72180.9765625,146483
2021-01-07,60131.8828125,73529.4140625,73608.734375,70753.21875,72180.9765625,182375
2021-01-08,60131.8828125,73529.4140625,74005.328125,72736.2109375,73529.4140625,117839
2021-01-11,60521.08203125,74005.328125,75115.8046875,73529.4140625,73767.3671875,93747
2021-01-12,60715.68359375,74243.2890625,74481.25,72974.171875,74005.328125,119654
2021-01-13,60326.484375,73767.3671875,75036.484375,73529.4140625,75036.484375,137620
2021-01-14,59742.67578125,73053.4921875,73767.3671875,72577.578125,73450.09375,97705
2021-01-15,59418.33984375,72656.890625,74005.328125,71784.375,73767.3671875,222769
2021-01-18,58769.671875,71863.6953125,72974.171875,71308.4609375,72974.171875,122541
2021-01-19,55137.10546875,67421.7890625,71863.6953125,66866.5546875,71863.6953125,146041
2021-01-20,56110.11328125,68611.5859375,68611.5859375,63614.44140625,68214.984375,128921
2021-01-21,56758.78515625,69404.78125,69722.0625,68611.5859375,69404.78125,121835
2021-01-22,56174.984375,68690.90625,69801.3828125,68532.265625,69404.78125,133913
2021-01-25,54942.50390625,67183.828125,68770.2265625,67104.5078125,68452.9453125,154488
2021-01-26,54034.359375,66073.3515625,67263.1484375,64249.0,67263.1484375,167562
2021-01-27,51245.078125,62662.60546875,66073.3515625,62662.60546875,66073.3515625,118621
2021-01-28,47677.37890625,58300.01953125,61869.40625,58300.01953125,58696.6171875,197920
2021-01-29,49493.66015625,60520.97265625,61869.40625,57506.8203125,58300.01953125,113792
2021-02-01,48780.12109375,59648.453125,61631.44921875,59093.21484375,60917.5703125,84506
2021-02-02,49623.3984375,60679.61328125,61076.2109375,59331.17578125,59648.453125,117763
2021-02-03,51893.75,63455.8046875,63455.8046875,61869.40625,62266.0078125,110249
2021-02-04,52542.421875,64249.0,64804.23828125,63297.1640625,64249.0,99697
2021-02-05,52672.15625,64407.640625,65835.3984375,64407.640625,65200.8359375,100731
2021-02-08,51245.078125,62662.60546875,65756.078125,61155.53125,65676.7578125,213704
2021-02-09,51245.078125,62662.60546875,62662.60546875,62662.60546875,62662.60546875,0
2021-02-10,51245.078125,62662.60546875,62662.60546875,62662.60546875,62662.60546875,0
2021-02-11,51245.078125,62662.60546875,62662.60546875,62662.60546875,62662.60546875,0
2021-02-12,51245.078125,62662.60546875,62662.60546875,62662.60546875,62662.60546875,0
2021-02-15,51245.078125,62662.60546875,62662.60546875,62662.60546875,62662.60546875,0
2021-02-16,51245.078125,62662.60546875,62662.60546875,62662.60546875,62662.60546875,0
2021-02-17,56369.5859375,68928.8671875,68928.8671875,66231.9921875,67421.7890625,242449
2021-02-18,58445.33984375,71467.1015625,71784.375,69246.1484375,70515.2578125,284884
2021-02-19,57666.9296875,70515.2578125,70991.1796875,69801.3828125,69801.3828125,143053
2021-02-22,57212.859375,69960.0234375,70753.21875,69087.5078125,69801.3828125,145802
2021-02-23,57991.26171875,70911.859375,71625.734375,70277.3046875,71387.78125,194932
2021-02-24,57991.26171875,70911.859375,70911.859375,70911.859375,70911.859375,0
2021-02-25,57861.53125,70753.21875,70911.859375,69960.0234375,70594.578125,172214
2021-02-26,57926.3984375,70832.5390625,70832.5390625,69166.828125,69166.828125,110048
2021-03-01,59612.9375,72894.8515625,72894.8515625,70911.859375,71625.734375,209418
2021-03-02,59029.13671875,72180.9765625,74163.96875,72180.9765625,72974.171875,174824
2021-03-03,59029.13671875,72180.9765625,72577.578125,71546.4140625,72180.9765625,87859
2021-03-04,58964.2734375,72101.65625,72974.171875,70594.578125,72339.6171875,167058
2021-03-05,60002.14453125,73370.7734375,74322.609375,71784.375,73132.8125,185224
2021-03-08,61623.8203125,75353.765625,76146.9609375,74322.609375,75353.765625,207892
2021-03-09,60780.55859375,74322.609375,75195.125,72180.9765625,75195.125,87758
2021-03-10,59677.80859375,72974.171875,73846.6875,72180.9765625,73846.6875,125517
2021-03-11,60131.8828125,73529.4140625,73767.3671875,72974.171875,73767.3671875,42511
2021-03-12,59094.0078125,72260.296875,73767.3671875,72101.65625,73767.3671875,50227
2021-03-15,59094.0078125,72260.296875,72974.171875,72260.296875,72577.578125,50201
2021-03-16,58575.0625,71625.734375,72577.578125,71149.8203125,72260.296875,112632
2021-03-17,60196.75,73608.734375,75353.765625,71070.5,71705.0546875,100693
2021-03-18,59548.078125,72815.53125,73767.3671875,72577.578125,73688.0546875,34846
2021-03-19,58964.2734375,72101.65625,72101.65625,71149.8203125,71784.375,121886
2021-03-22,58704.8046875,71784.375,72656.890625,71387.78125,72180.9765625,64410
2021-03-23,59548.078125,72815.53125,72974.171875,71308.4609375,71387.78125,71041
2021-03-24,58445.33984375,71467.1015625,71467.1015625,70435.9375,70594.578125,91906
2021-03-25,58575.0625,71625.734375,72815.53125,70594.578125,71467.1015625,80143
2021-03-26,57861.53125,70753.21875,70991.1796875,68214.984375,70832.5390625,47289
2021-03-29,58056.12890625,70991.1796875,71784.375,70594.578125,71387.78125,32513
2021-03-30,58121.00390625,71070.5,71387.78125,70594.578125,70991.1796875,74130
2021-03-31,58185.8671875,71149.8203125,71943.015625,70594.578125,70753.21875,79463
2021-04-01,58769.671875,71863.6953125,71863.6953125,71070.5,71229.140625,79690
2021-04-02,58575.0625,71625.734375,72736.2109375,71625.734375,72418.9375,119907
2021-04-05,57991.26171875,70911.859375,72339.6171875,70911.859375,71784.375,91213
2021-04-06,58185.8671875,71149.8203125,71229.140625,70594.578125,70832.5390625,85073
2021-04-07,57796.6640625,70673.8984375,72180.9765625,70594.578125,71308.4609375,151437
2021-04-08,57731.7890625,70594.578125,71387.78125,70515.2578125,71387.78125,86321
2021-04-09,57602.0546875,70435.9375,71308.4609375,70197.984375,70594.578125,47806
2021-04-12,57018.25390625,69722.0625,70673.8984375,68849.546875,70594.578125,241037
2021-04-13,55785.78125,68214.984375,69722.0625,67977.03125,69484.1015625,171281
2021-04-14,56110.11328125,68611.5859375,69642.7421875,67818.390625,68214.984375,93507
2021-04-15,55785.78125,68214.984375,70039.34375,67818.390625,69642.7421875,185502
2021-04-16,55785.78125,68214.984375,69008.1875,67818.390625,68214.984375,74420
2021-04-19,56564.1875,69166.828125,69166.828125,67897.7109375,68214.984375,72781
2021-04-20,57083.12890625,69801.3828125,70594.578125,69087.5078125,69404.78125,177824
2021-04-21,57083.12890625,69801.3828125,69801.3828125,69801.3828125,69801.3828125,0
2021-04-22,55656.05078125,68056.3515625,69801.3828125,68056.3515625,69801.3828125,138880
2021-04-23,55785.78125,68214.984375,68214.984375,66628.59375,67977.03125,107110
2021-04-26,52866.7578125,64645.59765625,67897.7109375,64645.59765625,67897.7109375,135161
2021-04-27,52866.7578125,64645.59765625,65042.19921875,63614.44140625,64645.59765625,99735
2021-04-28,53126.2265625,64962.87890625,65438.796875,64328.3203125,64645.59765625,79664
2021-04-29,54164.09765625,66231.9921875,66311.3125,65280.15625,65835.3984375,78719
2021-04-30,54164.09765625,66231.9921875,66231.9921875,66231.9921875,66231.9921875,0
2021-05-03,54164.09765625,66231.9921875,66231.9921875,66231.9921875,66231.9921875,0
2021-05-04,54034.359375,66073.3515625,66073.3515625,65042.19921875,65835.3984375,117322
2021-05-05,55461.4453125,67818.390625,68214.984375,66628.59375,67025.1953125,115961
2021-05-06,55072.2421875,67342.46875,68056.3515625,66945.875,68056.3515625,114889
2021-05-07,54488.4375,66628.59375,67342.46875,65042.19921875,66628.59375,108031
2021-05-10,55785.78125,68214.984375,68214.984375,65835.3984375,66231.9921875,96306
2021-05-11,55331.71484375,67659.75,68294.3046875,67421.7890625,67977.03125,93015
2021-05-12,56045.24609375,68532.265625,68532.265625,67501.109375,67818.390625,77685
2021-05-13,55526.31640625,67897.7109375,68690.90625,67818.390625,68532.265625,69238
2021-05-14,54553.3046875,66707.9140625,67897.7109375,66231.9921875,67501.109375,104110
2021-05-17,53515.4296875,65438.796875,67421.7890625,65200.8359375,67421.7890625,131026
2021-05-18,53191.09375,65042.19921875,65835.3984375,64486.9609375,65676.7578125,138187
2021-05-19,52931.62109375,64724.91796875,65835.3984375,64645.59765625,65042.19921875,37758
2021-05-20,52412.68359375,64090.359375,64883.55859375,63693.76171875,64883.55859375,90065
2021-05-21,52542.421875,64249.0,64883.55859375,63297.1640625,63455.8046875,75239
2021-05-24,53191.09375,65042.19921875,65438.796875,64486.9609375,64724.91796875,63615
2021-05-25,53774.8984375,65756.078125,65994.03125,65121.51953125,65438.796875,74975
2021-05-26,53126.2265625,64962.87890625,65597.4375,64962.87890625,65200.8359375,52244
2021-05-27,51958.6171875,63535.12109375,65042.19921875,63455.8046875,64804.23828125,86674
2021-05-28,53191.09375,65042.19921875,65359.4765625,63852.40234375,64328.3203125,82627
2021-05-31,53580.296875,65518.1171875,65597.4375,64090.359375,64962.87890625,107627
2021-06-01,54293.8359375,66390.6328125,67342.46875,66311.3125,67342.46875,127773
2021-06-02,56693.9140625,69325.4609375,69404.78125,66628.59375,66866.5546875,249811
2021-06-03,57277.7265625,70039.34375,70594.578125,69801.3828125,70594.578125,159241
2021-06-04,59288.609375,72498.2578125,72815.53125,67421.7890625,69642.7421875,271584
2021-06-07,58834.53515625,71943.015625,73053.4921875,68214.984375,72894.8515625,2039088
2021-06-08,58834.53515625,71943.015625,71943.015625,71943.015625,71943.015625,0
2021-06-09,56693.9140625,69325.4609375,70594.578125,68294.3046875,70118.6640625,1092539
2021-06-10,55850.64453125,68294.3046875,69166.828125,67818.390625,68611.5859375,1306231
2021-06-11,56434.44921875,69008.1875,69246.1484375,68373.625,69008.1875,492563
2021-06-14,58056.12890625,70991.1796875,71705.0546875,69801.3828125,70594.578125,2074136
2021-06-15,57537.203125,70356.625,71229.140625,70197.984375,70991.1796875,691630
2021-06-16,59612.9375,72894.8515625,73370.7734375,70991.1796875,71229.140625,2710674
2021-06-17,60910.28515625,74481.25,74957.1640625,71784.375,72101.65625,2098720
2021-06-18,60131.8828125,73529.4140625,74401.9296875,73370.7734375,74322.609375,949448
2021-06-21,60326.484375,73767.3671875,76146.9609375,73450.09375,73846.6875,1219620
2021-06-22,61558.95703125,75274.4453125,75512.40625,74163.96875,74957.1640625,1605022
2021-06-23,60910.28515625,74481.25,75512.40625,73608.734375,75195.125,1143725
2021-06-24,62142.76171875,75988.3203125,76702.203125,74481.25,74560.5703125,1711553
2021-06-25,63569.84375,77733.359375,77733.359375,75433.0859375,76146.9609375,1940500
2021-06-28,63569.8359375,75353.765625,76860.84375,70515.2578125,76781.5234375,1095187
2021-06-29,62231.52734375,73767.3671875,74957.1640625,73053.4921875,74560.5703125,996725
2021-06-30,62231.52734375,73767.3671875,74877.84375,72577.578125,73767.3671875,1060769
2021-07-01,63034.51953125,74719.2109375,74719.2109375,73370.7734375,74163.96875,1239918
2021-07-02,64640.5,76622.8828125,77336.7578125,75433.0859375,75512.40625,2329558
2021-07-05,64640.5,76622.8828125,76622.8828125,76622.8828125,76622.8828125,0
2021-07-06,64640.5,76622.8828125,76622.8828125,76622.8828125,76622.8828125,0
2021-07-07,64640.5,76622.8828125,76622.8828125,76622.8828125,76622.8828125,0
2021-07-08,64640.5,76622.8828125,76622.8828125,76622.8828125,76622.8828125,0
2021-07-09,61361.62890625,72736.2109375,75274.4453125,71625.734375,72736.2109375,1361577
2021-07-12,61361.62890625,72736.2109375,72736.2109375,72736.2109375,72736.2109375,0
2021-07-13,61227.80078125,72577.578125,73688.0546875,70673.8984375,72022.3359375,732856
2021-07-14,61227.80078125,72577.578125,72577.578125,72577.578125,72577.578125,0
2021-07-15,60558.640625,71784.375,72577.578125,71387.78125,71784.375,622795
2021-07-16,60558.640625,71784.375,71784.375,71784.375,71784.375,0
2021-07-19,58015.84765625,68770.2265625,70594.578125,68770.2265625,69404.78125,886538
2021-07-20,59554.8984375,70594.578125,71070.5,67421.7890625,68294.3046875,838504
2021-07-21,58484.25,69325.4609375,71387.78125,68849.546875,71387.78125,717601
2021-07-22,59822.56640625,70911.859375,71546.4140625,69325.4609375,70197.984375,614853
2021-07-23,58885.75,69801.3828125,71308.4609375,69801.3828125,70832.5390625,449320
2021-07-26,59086.49609375,70039.34375,71070.5,68770.2265625,69642.7421875,774712
2021-07-27,59554.8984375,70594.578125,71863.6953125,70197.984375,71387.78125,1106786
2021-07-28,59621.8203125,70673.8984375,71784.375,70594.578125,70594.578125,406203
2021-07-29,59889.48046875,70991.1796875,71387.78125,70515.2578125,71308.4609375,635781
2021-07-30,59956.40234375,71070.5,71943.015625,70991.1796875,71387.78125,668433
2021-08-02,62566.11328125,74163.96875,75115.8046875,71863.6953125,72180.9765625,197630467
2021-08-03,62231.52734375,73767.3671875,74243.2890625,72894.8515625,74163.96875,1228823
2021-08-04,62231.52734375,73767.3671875,73767.3671875,73767.3671875,73767.3671875,0
2021-08-05,62766.8515625,74401.9296875,74481.25,73370.7734375,74243.2890625,800052
2021-08-06,61830.0390625,73291.453125,75036.484375,73132.8125,74401.9296875,1650534
2021-08-09,62231.52734375,73767.3671875,74163.96875,72180.9765625,72974.171875,1330059
2021-08-10,62231.52734375,73767.3671875,73767.3671875,73767.3671875,73767.3671875,0
2021-08-11,63904.421875,75750.3671875,78447.234375,75512.40625,76940.1640625,1900913
2021-08-12,63235.2578125,74957.1640625,75750.3671875,74957.1640625,74957.1640625,916669
2021-08-13,62231.52734375,73767.3671875,74719.2109375,72656.890625,74639.890625,1653812
2021-08-16,63034.51953125,74719.2109375,75353.765625,72974.171875,73370.7734375,1399651
2021-08-17,63034.51953125,74719.2109375,74719.2109375,74719.2109375,74719.2109375,0
2021-08-18,61963.875,73450.09375,73767.3671875,73053.4921875,73291.453125,658474
2021-08-19,60826.3046875,72101.65625,73370.7734375,71149.8203125,73370.7734375,3010851
2021-08-20,58551.16796875,69404.78125,71784.375,69166.828125,71387.78125,3487529
2021-08-23,57413.609375,68056.3515625,70197.984375,68056.3515625,69404.78125,1460796
2021-08-24,57547.4375,68214.984375,69246.1484375,67421.7890625,69008.1875,1363846
2021-08-25,58417.34375,69246.1484375,69246.1484375,68214.984375,68294.3046875,702599
2021-08-26,57748.1796875,68452.9453125,69563.421875,68294.3046875,69563.421875,867123
2021-08-27,58216.58984375,69008.1875,69087.5078125,68214.984375,68452.9453125,1169317
2021-08-30,58551.16796875,69404.78125,70197.984375,69166.828125,70118.6640625,999877
2021-08-31,59822.56640625,70911.859375,70911.859375,69484.1015625,69801.3828125,1107920
2021-09-01,59287.23828125,70277.3046875,70911.859375,70277.3046875,70753.21875,675871
2021-09-02,59287.23828125,70277.3046875,70277.3046875,70277.3046875,70277.3046875,0
2021-09-03,59287.23828125,70277.3046875,70277.3046875,70277.3046875,70277.3046875,0
2021-09-06,60491.7265625,71705.0546875,71784.375,70753.21875,70991.1796875,1094431
2021-09-07,59354.1640625,70356.625,71863.6953125,70356.625,71784.375,907844
2021-09-08,59354.1640625,70356.625,70356.625,70356.625,70356.625,0
2021-09-09,59287.23828125,70277.3046875,70673.8984375,69880.703125,70118.6640625,560390
2021-09-10,59287.23828125,70277.3046875,70832.5390625,70197.984375,70197.984375,530889
2021-09-13,59287.23828125,70277.3046875,71229.140625,70277.3046875,71229.140625,773325
2021-09-14,59554.8984375,70594.578125,71467.1015625,70435.9375,71070.5,843547
2021-09-15,61227.80078125,72577.578125,73212.1328125,70197.984375,70991.1796875,1738911
2021-09-16,61963.875,73450.09375,73608.734375,72894.8515625,72974.171875,1237648
2021-09-17,61495.453125,72894.8515625,73608.734375,72736.2109375,73132.8125,1051440
2021-09-20,59421.06640625,70435.9375,72894.8515625,70435.9375,72894.8515625,1911629
2021-09-21,59421.06640625,70435.9375,70435.9375,70435.9375,70435.9375,0
2021-09-22,59421.06640625,70435.9375,70435.9375,70435.9375,70435.9375,0
2021-09-23,60625.5546875,71863.6953125,72974.171875,70435.9375,70753.21875,1379731
2021-09-24,60893.21484375,72180.9765625,73608.734375,72180.9765625,72577.578125,116616600
2021-09-27,60224.06640625,71387.78125,73370.7734375,71387.78125,73291.453125,1417427
2021-09-28,63636.7578125,75433.0859375,75750.3671875,71546.4140625,72180.9765625,5693159
2021-09-29,64774.32421875,76781.5234375,78050.640625,75591.7265625,75750.3671875,3474922
2021-09-30,64908.16015625,76940.1640625,77098.796875,75829.6875,76622.8828125,1569470
2021-10-01,69257.671875,82095.9453125,82254.5859375,76067.640625,76146.9609375,5466481
2021-10-04,69592.25,82492.546875,87806.96875,82492.546875,84078.9375,510175562
2021-10-05,72938.0234375,86458.53125,87172.40625,83682.34375,84872.1328125,2634904
2021-10-06,72938.0234375,86458.53125,86458.53125,86458.53125,86458.53125,0
2021-10-07,74276.34375,88044.9296875,89631.3203125,86855.1328125,88044.9296875,2843427
2021-10-08,74276.34375,88044.9296875,88044.9296875,88044.9296875,88044.9296875,0
2021-10-11,74276.34375,88044.9296875,88044.9296875,88044.9296875,88044.9296875,0
2021-10-12,74945.4921875,88838.125,90821.1171875,87727.6484375,88679.484375,2458025
2021-10-13,74276.34375,88044.9296875,89234.7265625,87251.7265625,89234.7265625,2255806
2021-10-14,74276.34375,88044.9296875,88044.9296875,88044.9296875,88044.9296875,0
2021-10-15,74945.4921875,88838.125,89631.3203125,88441.5234375,88838.125,1386287
2021-10-18,74945.4921875,88838.125,88838.125,88838.125,88838.125,0
2021-10-19,76618.3828125,90821.1171875,93200.7109375,90424.515625,92010.9140625,1343549
2021-10-20,76618.3828125,90821.1171875,91534.9921875,87648.328125,91534.9921875,2153940
2021-10-21,75079.328125,88996.765625,91534.9921875,88838.125,91217.71875,2068211
2021-10-22,75012.4140625,88917.4453125,90345.203125,87806.96875,89155.40625,1614730
2021-10-25,75012.4140625,88917.4453125,88917.4453125,88917.4453125,88917.4453125,0
2021-10-26,75012.4140625,88917.4453125,88917.4453125,88917.4453125,88917.4453125,0
2021-10-27,75012.4140625,88917.4453125,88917.4453125,88917.4453125,88917.4453125,0
2021-10-28,83644.5234375,99149.6953125,101846.5625,94628.46875,96373.5,2951723
2021-10-29,83309.9453125,98753.09375,101132.6875,96373.5,98356.4921875,1462183
2021-11-01,83309.9453125,98753.09375,98753.09375,98753.09375,98753.09375,0
2021-11-02,82239.3046875,97483.9765625,96452.8203125,95421.6640625,97483.9765625,1900409
2021-11-03,80298.75,95183.703125,97483.9765625,93993.90625,96452.8203125,2384273
2021-11-04,78358.1953125,92883.4296875,96770.1015625,92804.109375,93676.6328125,2093929
2021-11-05,81904.71875,97087.375,98039.21875,92248.875,93597.3125,1690373
2021-11-08,82306.21875,97563.296875,98277.171875,94549.1484375,98197.8515625,2077918
2021-11-09,79763.421875,94549.1484375,98356.4921875,94390.5078125,95818.265625,2100233
2021-11-10,80566.4140625,95500.984375,97325.3359375,94390.5078125,95263.0234375,1272822
2021-11-11,79629.59375,94390.5078125,96770.1015625,93121.390625,95183.703125,2390072
2021-11-12,79027.34375,93676.6328125,95897.5859375,92328.1953125,94549.1484375,1727438
2021-11-15,79562.671875,94311.1875,95104.3828125,90979.7578125,94390.5078125,2720003
2021-11-16,78090.53125,92566.15625,95342.34375,92248.875,93597.3125,1948568
2021-11-17,78558.9375,93121.390625,94152.546875,92645.46875,92804.109375,884016
2021-11-18,76149.984375,90265.8828125,92804.109375,90265.8828125,92010.9140625,1610569
2021-11-19,70930.5546875,84078.9375,90424.515625,83999.6171875,90265.8828125,3662895
2021-11-22,68320.859375,80985.46875,84316.8984375,80588.8671875,82492.546875,1811024
2021-11-23,69993.734375,82968.4609375,83682.34375,81302.75,81302.75,968737
2021-11-24,68923.09375,81699.34375,84792.8203125,81699.34375,84634.1796875,1163266
2021-11-25,69525.3359375,82413.2265625,83365.0625,81540.703125,82175.265625,829175
2021-11-26,68253.9375,80906.1484375,82492.546875,80588.8671875,82413.2265625,1583464
2021-11-29,66514.125,78843.8359375,80192.2734375,77416.078125,77416.078125,1628850
2021-11-30,65778.0625,77971.3203125,80668.1875,77971.3203125,79399.0703125,1753787
2021-12-01,65911.8828125,78129.9609375,78923.15625,77336.7578125,77416.078125,1846828
2021-12-02,65844.9765625,78050.640625,78923.15625,77733.359375,78050.640625,745211
2021-12-03,64640.5,76622.8828125,78605.875,76622.8828125,78605.875,1302575
2021-12-06,61562.37109375,72974.171875,76940.1640625,72180.9765625,76384.921875,1553585
2021-12-07,64573.578125,76543.5625,76543.5625,74163.96875,74957.1640625,1215334
2021-12-08,65711.1484375,77892.0,78764.515625,76781.5234375,77336.7578125,1384900
2021-12-09,66045.71875,78288.59375,79319.75,76940.1640625,77654.0390625,706381
2021-12-10,64640.5,76622.8828125,78050.640625,76305.6015625,78050.640625,854011
2021-12-13,65577.3125,77733.359375,78764.515625,77098.796875,77733.359375,908726
2021-12-14,65711.1484375,77892.0,78447.234375,76543.5625,77654.0390625,964450
2021-12-15,65376.56640625,77495.3984375,77892.0,76464.2421875,77416.078125,596824
2021-12-16,65978.796875,78209.2734375,79399.0703125,77019.484375,77733.359375,1206004
2021-12-17,66246.46875,78526.5546875,79319.75,77574.71875,78605.875,670450
2021-12-20,64707.40234375,76702.203125,77733.359375,76146.9609375,77733.359375,1085101
2021-12-21,62900.6875,74560.5703125,76860.84375,74560.5703125,76702.203125,1587876
2021-12-22,63703.67578125,75512.40625,76622.8828125,75036.484375,76067.640625,746346
2021-12-23,63703.67578125,75512.40625,77495.3984375,74957.1640625,76146.9609375,1919446
2021-12-24,64038.2578125,75909.0078125,76940.1640625,75591.7265625,76384.921875,882504
2021-12-27,64172.08203125,76067.640625,76781.5234375,75909.0078125,75909.0078125,414650
2021-12-28,65644.2265625,77812.6796875,78129.9609375,76940.1640625,76940.1640625,1370024
2021-12-29,64908.16015625,76940.1640625,78367.9140625,76781.5234375,78367.9140625,577535
2021-12-30,64908.16015625,76940.1640625,78050.640625,76940.1640625,77733.359375,731974
2021-12-31,64372.83203125,76305.6015625,77257.4375,76226.28125,77257.4375,850733
2022-01-03,64372.83203125,76305.6015625,76305.6015625,76305.6015625,76305.6015625,0
2022-01-04,68187.0234375,80826.828125,80826.828125,76860.84375,76860.84375,2181423
2022-01-05,70261.40625,83285.7421875,83603.0234375,81302.75,81461.390625,2625701
2022-01-06,69391.5,82254.5859375,83206.421875,81620.0234375,82492.546875,1044254
2022-01-07,71934.2890625,85268.734375,86696.4921875,81937.3046875,82889.140625,2241434
2022-01-10,68253.9375,80906.1484375,85268.734375,80906.1484375,85268.734375,1261476
2022-01-11,69123.8359375,81937.3046875,82889.140625,80906.1484375,81699.34375,819594
2022-01-12,72268.875,85665.3359375,86379.2109375,83285.7421875,83285.7421875,1860570
2022-01-13,70261.40625,83285.7421875,88044.9296875,83285.7421875,86537.8515625,974284
2022-01-14,70595.984375,83682.34375,84475.5390625,82095.9453125,82492.546875,680032
2022-01-17,69993.734375,82968.4609375,87013.7734375,77892.0,84634.1796875,1830061
2022-01-18,71599.7109375,84872.1328125,85665.3359375,82492.546875,82492.546875,1173982
2022-01-19,71599.7109375,84872.1328125,86379.2109375,83682.34375,85744.65625,837748
2022-01-20,72670.3671875,86141.25,86141.25,83682.34375,84872.1328125,904314
2022-01-21,71867.3828125,85189.4140625,86299.890625,83047.78125,85665.3359375,1341153
2022-01-24,71666.625,84951.453125,86458.53125,84713.5,84872.1328125,1297533
2022-01-25,73272.609375,86855.1328125,86855.1328125,82492.546875,84078.9375,1666797
2022-01-26,75079.328125,88996.765625,89631.3203125,86458.53125,87489.6875,1816193
2022-01-27,74811.671875,88679.484375,91138.3984375,87410.3671875,89234.7265625,1149146
2022-01-28,72938.0234375,86458.53125,89631.3203125,84475.5390625,88758.8046875,2088256
2022-01-31,72938.0234375,86458.53125,86458.53125,86458.53125,86458.53125,0
2022-02-01,72938.0234375,86458.53125,86458.53125,86458.53125,86458.53125,0
2022-02-02,72938.0234375,86458.53125,86458.53125,86458.53125,86458.53125,0
2022-02-03,72938.0234375,86458.53125,86458.53125,86458.53125,86458.53125,0
2022-02-04,72938.0234375,86458.53125,86458.53125,86458.53125,86458.53125,0
2022-02-07,76752.2265625,90979.7578125,92010.9140625,88917.4453125,90265.8828125,1167804
2022-02-08,76283.8125,90424.515625,91614.3125,89314.0390625,90821.1171875,804087
2022-02-09,73607.1796875,87251.7265625,90107.2421875,87251.7265625,89631.3203125,2305730
2022-02-10,74945.4921875,88838.125,89472.6796875,87251.7265625,88838.125,1083967
2022-02-11,74276.34375,88044.9296875,89472.6796875,88044.9296875,89234.7265625,608927
2022-02-14,77622.125,92010.9140625,93597.3125,89472.6796875,90107.2421875,2291862
2022-02-15,77622.125,92010.9140625,92010.9140625,92010.9140625,92010.9140625,0
2022-02-16,76618.3828125,90821.1171875,91931.59375,89631.3203125,90821.1171875,912004
2022-02-17,79428.8515625,94152.546875,94152.546875,90186.5625,90741.796875,1422218
2022-02-18,78291.2734375,92804.109375,94152.546875,91455.6796875,92407.515625,923351
2022-02-21,77488.296875,91852.2734375,92804.109375,91614.3125,92407.515625,419315
2022-02-22,77956.7109375,92407.515625,93993.90625,92010.9140625,93597.3125,909231
2022-02-23,78291.2734375,92804.109375,95580.3046875,92248.875,93280.03125,1628976
2022-02-24,79629.59375,94390.5078125,97166.6953125,93042.0703125,93597.3125,2382760
2022-02-25,78425.109375,92962.75,96928.7421875,92486.8359375,95263.0234375,1664528
2022-02-28,78960.4453125,93597.3125,94866.421875,92804.109375,94390.5078125,1185455
2022-03-01,78759.6875,93359.3515625,94390.5078125,92090.234375,94390.5078125,1308249
2022-03-02,79763.421875,94549.1484375,96135.5390625,93597.3125,95183.703125,1964453
2022-03-03,80767.15625,95738.9453125,96690.78125,94390.5078125,96690.78125,1725295
2022-03-04,78960.4453125,93597.3125,95183.703125,93597.3125,95183.703125,1961428
2022-03-07,83376.8671875,98832.4140625,99546.2890625,97166.6953125,99546.2890625,2854396
2022-03-08,80767.15625,95738.9453125,99784.25,95263.0234375,97246.015625,1798795
2022-03-09,81770.8984375,96928.7421875,99308.328125,95738.9453125,97404.65625,1635910
2022-03-10,79295.0078125,93993.90625,95025.0625,92645.46875,93597.3125,1214703
2022-03-11,75547.734375,89552.0,93597.3125,89076.0859375,93597.3125,2041736
2022-03-14,70930.5546875,84078.9375,88838.125,84078.9375,87251.7265625,1751518
2022-03-15,72268.875,85665.3359375,85665.3359375,80906.1484375,82492.546875,1219116
2022-03-16,73071.859375,86617.171875,87251.7265625,84078.9375,86061.9296875,777864
2022-03-17,70930.5546875,84078.9375,87093.0859375,84078.9375,85744.65625,938101
2022-03-18,72871.109375,86379.2109375,87093.0859375,85268.734375,85665.3359375,757692
2022-03-21,76283.8125,90424.515625,91217.71875,86379.2109375,86775.8125,1047406
2022-03-22,76952.96875,91217.71875,92407.515625,90027.921875,91217.71875,993951
2022-03-23,75146.25,89076.0859375,91376.359375,88917.4453125,90662.4765625,782276
2022-03-24,75146.25,89076.0859375,91217.71875,88758.8046875,91138.3984375,751389
2022-03-25,74075.59375,87806.96875,90424.515625,85665.3359375,90345.203125,485629
2022-03-28,73941.765625,87648.328125,89631.3203125,87489.6875,87886.2890625,450329
2022-03-29,74878.5859375,88758.8046875,89631.3203125,86379.2109375,87251.7265625,877082
2022-03-30,73674.1015625,87331.046875,88362.203125,86537.8515625,87965.609375,744455
2022-03-31,72469.625,85903.296875,88758.8046875,85823.9765625,87251.7265625,471761
2022-04-01,73406.4453125,87013.7734375,87965.609375,84872.1328125,85506.6953125,541857
2022-04-04,75213.15625,89155.40625,89552.0,87172.40625,87331.046875,769669
2022-04-05,76484.5546875,90662.4765625,91059.078125,88044.9296875,89393.359375,917552
2022-04-06,76083.0625,90186.5625,92407.515625,89789.9609375,90741.796875,1049675
2022-04-07,75480.8125,89472.6796875,91217.71875,88758.8046875,90186.5625,919064
2022-04-08,73741.015625,87410.3671875,90821.1171875,87410.3671875,90265.8828125,778242
2022-04-11,73741.015625,87410.3671875,87410.3671875,87410.3671875,87410.3671875,0
2022-04-12,72871.109375,86379.2109375,89234.7265625,84872.1328125,87806.96875,797909
2022-04-13,73674.1015625,87331.046875,87648.328125,85586.015625,86537.8515625,647505
2022-04-14,74677.8359375,88520.84375,89234.7265625,88282.8828125,88362.203125,582074
2022-04-15,77019.890625,91297.0390625,93597.3125,88838.125,89234.7265625,2252780
2022-04-18,77153.7109375,91455.6796875,93517.9921875,90583.15625,92645.46875,1069090
2022-04-19,76216.8984375,90345.203125,93200.7109375,90345.203125,93200.7109375,852751
2022-04-20,71332.0625,84554.859375,90107.2421875,84475.5390625,90107.2421875,1776606
2022-04-21,70261.40625,83285.7421875,85903.296875,81699.34375,82492.546875,1352122
2022-04-22,75146.25,89076.0859375,89076.0859375,79319.75,83365.0625,1691634
2022-04-25,69926.8203125,82889.140625,89076.0859375,82889.140625,86458.53125,862584
2022-04-26,72938.0234375,86458.53125,86458.53125,77812.6796875,80906.1484375,844304
2022-04-27,74276.34375,88044.9296875,88441.5234375,82492.546875,83285.7421875,995464
2022-04-28,72068.125,85427.375,87489.6875,85427.375,87489.6875,271559
2022-04-29,70930.5546875,84078.9375,85982.609375,83285.7421875,84872.1328125,691252
2022-05-02,70930.5546875,84078.9375,84078.9375,84078.9375,84078.9375,0
2022-05-03,70930.5546875,84078.9375,84078.9375,84078.9375,84078.9375,0
2022-05-04,72268.875,85665.3359375,87251.7265625,85030.7734375,85348.0546875,656961
2022-05-05,73205.6953125,86775.8125,88044.9296875,86379.2109375,88044.9296875,442764
2022-05-06,73473.3515625,87093.0859375,87172.40625,84475.5390625,84475.5390625,726552
2022-05-09,70194.484375,83206.421875,86458.53125,81699.34375,86458.53125,721005
2022-05-10,72268.875,85665.3359375,85744.65625,79319.75,79716.3515625,813416
2022-05-11,72871.109375,86379.2109375,86855.1328125,84078.9375,85110.09375,414146
2022-05-12,70662.8984375,83761.65625,85665.3359375,82175.265625,85665.3359375,1051314
2022-05-13,66915.6171875,79319.75,84475.5390625,79319.75,82730.5,1133891
2022-05-16,63569.8359375,75353.765625,82175.265625,75353.765625,81699.34375,1205122
2022-05-17,67517.8671875,80033.6328125,80033.6328125,74560.5703125,75353.765625,651414
2022-05-18,70261.40625,83285.7421875,84396.21875,79557.7109375,80112.953125,1147129
2022-05-19,70796.7265625,83920.296875,84475.5390625,78923.15625,78923.15625,1432934
2022-05-20,69926.8203125,82889.140625,84634.1796875,82175.265625,83682.34375,369264
2022-05-23,69257.671875,82095.9453125,83840.9765625,81540.703125,83682.34375,682175
2022-05-24,70796.7265625,83920.296875,84792.8203125,81382.0703125,82095.9453125,1059509
2022-05-25,72536.53125,85982.609375,85982.609375,83920.296875,84316.8984375,964324
2022-05-26,72001.2109375,85348.0546875,88203.5625,84078.9375,87251.7265625,712685
2022-05-27,73607.1796875,87251.7265625,88203.5625,86061.9296875,86061.9296875,510213
2022-05-30,73607.1796875,87251.7265625,89076.0859375,87093.0859375,88600.1640625,859811
2022-05-31,78759.6875,93359.3515625,93359.3515625,86855.1328125,87886.2890625,2972903
2022-06-01,80967.8984375,95976.8984375,98277.171875,92804.109375,94152.546875,2193904
2022-06-02,80967.8984375,95976.8984375,95976.8984375,95976.8984375,95976.8984375,0
2022-06-03,83109.203125,98515.1328125,99149.6953125,93597.3125,93597.3125,2980972
2022-06-06,86923.3984375,103036.359375,105098.671875,99546.2890625,99546.2890625,3336117
2022-06-07,86990.3125,103115.6796875,103908.875,98435.8125,103036.359375,2566699
2022-06-08,86254.234375,102243.1640625,104622.7578125,101767.2421875,103115.6796875,2147384
2022-06-09,85384.3359375,101212.0078125,103274.3203125,100894.7265625,102243.1640625,1631119
2022-06-10,79428.8515625,94152.546875,101212.0078125,94152.546875,100339.4921875,3096076
2022-06-13,78960.4453125,93597.3125,96849.421875,90821.1171875,91217.71875,2190122
2022-06-14,84313.6875,99942.890625,99942.890625,93676.6328125,95183.703125,1711679
2022-06-15,82975.375,98356.4921875,101608.6015625,95818.265625,98356.4921875,2803084
2022-06-16,85651.9921875,101529.28125,104622.7578125,97404.65625,99229.015625,2938486
2022-06-17,89666.9375,106288.46875,106288.46875,98753.09375,99149.6953125,1964201
2022-06-20,83443.7890625,98911.734375,104702.078125,98911.734375,103908.875,2165790
2022-06-21,79964.171875,94787.109375,100974.046875,92010.9140625,98356.4921875,2957018
2022-06-22,74410.1796875,88203.5625,95183.703125,88203.5625,93993.90625,2379482
2022-06-23,78157.4375,92645.46875,94311.1875,87251.7265625,87251.7265625,1404063
2022-06-24,76283.8125,90424.515625,93359.3515625,90265.8828125,92645.46875,1016140
2022-06-27,76551.46875,90741.796875,93359.3515625,90424.515625,91217.71875,1139186
2022-06-28,77622.125,92010.9140625,93280.03125,91534.9921875,92407.515625,1006432
2022-06-29,78291.2734375,92804.109375,93597.3125,90662.4765625,92010.9140625,1221259
2022-06-30,77287.5390625,91614.3125,94787.109375,91614.3125,92407.515625,1271057
2022-07-01,75614.65625,89631.3203125,91852.2734375,87251.7265625,91059.078125,1228571
2022-07-04,74652.28125,86141.25,89234.7265625,86061.9296875,88917.4453125,583461
2022-07-05,70802.8125,81699.34375,87886.2890625,80906.1484375,86458.53125,1895366
2022-07-06,65853.484375,75988.3203125,79240.4375,75988.3203125,79002.4765625,2129356
2022-07-07,64684.8984375,74639.890625,76543.5625,73450.09375,74639.890625,792236
2022-07-08,65716.0078125,75829.6875,77892.0,75353.765625,77336.7578125,872796
2022-07-11,65234.828125,75274.4453125,76860.84375,75274.4453125,75750.3671875,601489
2022-07-12,65234.828125,75274.4453125,75274.4453125,75274.4453125,75274.4453125,0
2022-07-13,66197.1875,76384.921875,76940.1640625,75671.046875,76940.1640625,1130109
2022-07-14,67915.703125,78367.9140625,78685.1953125,76940.1640625,76940.1640625,879604
2022-07-15,67022.078125,77336.7578125,78447.234375,76940.1640625,78367.9140625,651666
2022-07-18,67022.078125,77336.7578125,78129.9609375,76543.5625,77416.078125,715962
2022-07-19,70046.671875,80826.828125,80906.1484375,77971.3203125,78367.9140625,1177386
2022-07-20,70802.8125,81699.34375,82571.8671875,80906.1484375,82095.9453125,1127840
2022-07-21,71558.96875,82571.8671875,83285.7421875,80509.546875,81620.0234375,1087875
2022-07-22,74102.359375,85506.6953125,87172.40625,82492.546875,82492.546875,1371285
2022-07-25,71971.40625,83047.78125,86855.1328125,82809.8203125,85268.734375,685453
2022-07-26,71971.40625,83047.78125,85427.375,82492.546875,85427.375,609432
2022-07-27,71971.40625,83047.78125,83603.0234375,82095.9453125,82968.4609375,472265
2022-07-28,73071.2578125,84316.8984375,87013.7734375,83682.34375,84872.1328125,641580
2022-07-29,73896.140625,85268.734375,86855.1328125,84713.5,85665.3359375,668307
2022-08-01,74171.1015625,85586.015625,86855.1328125,84713.5,85268.734375,535679
2022-08-02,74377.328125,85823.9765625,85982.609375,83840.9765625,85268.734375,560768
2022-08-03,76989.4609375,88838.125,89631.3203125,85665.3359375,85903.296875,735756
2022-08-04,74927.25,86458.53125,88758.8046875,86061.9296875,88441.5234375,970502
2022-08-05,75270.953125,86855.1328125,87251.7265625,84475.5390625,85506.6953125,915408
2022-08-08,76302.0625,88044.9296875,88838.125,85665.3359375,86537.8515625,442008
2022-08-09,76989.4609375,88838.125,89234.7265625,87251.7265625,88282.8828125,464701
2022-08-10,76233.3203125,87965.609375,88996.765625,87331.046875,88044.9296875,491176
2022-08-11,77676.875,89631.3203125,90345.203125,88282.8828125,88838.125,1067703
2022-08-12,78639.234375,90741.796875,91931.59375,89631.3203125,89631.3203125,458649
2022-08-15,78364.28125,90424.515625,91376.359375,89393.359375,91217.71875,509709
2022-08-16,78020.578125,90027.921875,90424.515625,88838.125,89631.3203125,411246
2022-08-17,77264.4375,89155.40625,91138.3984375,88441.5234375,90424.515625,1108425
2022-08-18,78158.0625,90186.5625,93517.9921875,88758.8046875,89631.3203125,1244834
2022-08-19,79464.125,91693.6328125,93597.3125,90741.796875,91138.3984375,676754
2022-08-22,78982.9453125,91138.3984375,92804.109375,90979.7578125,91534.9921875,466718
2022-08-23,80426.5,92804.109375,93042.0703125,91614.3125,91614.3125,562911
2022-08-24,80632.71875,93042.0703125,94787.109375,92804.109375,93597.3125,451463
2022-08-25,80082.796875,92407.515625,94390.5078125,92407.515625,93517.9921875,535175
2022-08-26,79189.171875,91376.359375,92407.515625,91297.0390625,92407.515625,619643
2022-08-29,80770.203125,93200.7109375,93200.7109375,90583.15625,90583.15625,844430
2022-08-30,81732.5703125,94311.1875,95183.703125,92804.109375,93280.03125,914148
2022-08-31,80495.234375,92883.4296875,94390.5078125,92724.7890625,93438.671875,541227
2022-09-01,80495.234375,92883.4296875,92883.4296875,92883.4296875,92883.4296875,0
2022-09-02,80495.234375,92883.4296875,92883.4296875,92883.4296875,92883.4296875,0
2022-09-05,80014.0625,92328.1953125,93200.7109375,91772.953125,92248.875,410364
2022-09-06,80082.796875,92407.515625,93438.671875,92328.1953125,93200.7109375,311776
2022-09-07,76989.4609375,88838.125,92010.9140625,88838.125,92010.9140625,1066695
2022-09-08,76851.9921875,88679.484375,90027.921875,87727.6484375,89631.3203125,397378
2022-09-09,78364.28125,90424.515625,90424.515625,88520.84375,89552.0,419441
2022-09-12,78158.0625,90186.5625,91534.9921875,90027.921875,90424.515625,459280
2022-09-13,78501.7578125,90583.15625,91059.078125,89472.6796875,90107.2421875,310767
2022-09-14,77333.1640625,89234.7265625,90186.5625,88679.484375,89076.0859375,399774
2022-09-15,76851.9921875,88679.484375,90583.15625,88203.5625,90424.515625,714071
2022-09-16,76302.0625,88044.9296875,89631.3203125,87648.328125,88044.9296875,628847
2022-09-19,74239.84375,85665.3359375,89472.6796875,85665.3359375,88044.9296875,631872
2022-09-20,74995.9921875,86537.8515625,87251.7265625,85268.734375,87251.7265625,508574
2022-09-21,74927.25,86458.53125,87172.40625,85903.296875,86537.8515625,273198
2022-09-22,76302.0625,88044.9296875,88362.203125,86299.890625,86458.53125,292991
2022-09-23,77333.1640625,89234.7265625,90821.1171875,88044.9296875,88362.203125,456002
2022-09-26,78089.3125,90107.2421875,90583.15625,88044.9296875,88044.9296875,840522
2022-09-27,76645.765625,88441.5234375,90424.515625,88044.9296875,90424.515625,271306
2022-09-28,71490.21875,82492.546875,88996.765625,82492.546875,87251.7265625,835605
2022-09-29,72177.625,83285.7421875,85427.375,83285.7421875,84475.5390625,387797
2022-09-30,75614.65625,87251.7265625,88838.125,80430.2265625,80906.1484375,906583
2022-10-03,73552.4296875,84872.1328125,86458.53125,84316.8984375,86458.53125,463188
2022-10-04,72865.0390625,84078.9375,86458.53125,82095.9453125,84951.453125,328291
2022-10-05,73552.4296875,84872.1328125,86379.2109375,84158.2578125,84158.2578125,507187
2022-10-06,73483.703125,84792.8203125,86061.9296875,84792.8203125,85030.7734375,564550
2022-10-07,70115.40625,80906.1484375,84792.8203125,80906.1484375,84792.8203125,421080
2022-10-10,72865.0390625,84078.9375,86537.8515625,80906.1484375,80906.1484375,543370
2022-10-11,72933.765625,84158.2578125,86537.8515625,83285.7421875,84078.9375,640697
2022-10-12,73552.4296875,84872.1328125,85506.6953125,83365.0625,83365.0625,214070
2022-10-13,74239.84375,85665.3359375,85823.9765625,83365.0625,83999.6171875,686588
2022-10-14,75477.1640625,87093.0859375,87410.3671875,85665.3359375,85744.65625,488907
2022-10-17,76645.765625,88441.5234375,89789.9609375,85030.7734375,85586.015625,378468
2022-10-18,76302.0625,88044.9296875,89789.9609375,88044.9296875,89789.9609375,565432
2022-10-19,74995.9921875,86537.8515625,89631.3203125,85665.3359375,88124.25,533536
2022-10-20,76233.3203125,87965.609375,88044.9296875,85823.9765625,86458.53125,208270
2022-10-21,73689.921875,85030.7734375,89314.0390625,85030.7734375,87965.609375,590395
2022-10-24,73689.921875,85030.7734375,86379.2109375,84475.5390625,85030.7734375,634898
2022-10-25,73689.921875,85030.7734375,86458.53125,83761.65625,85030.7734375,463062
2022-10-26,74239.84375,85665.3359375,85823.9765625,84792.8203125,85030.7734375,229198
2022-10-27,75614.65625,87251.7265625,88203.5625,84951.453125,86379.2109375,590773
2022-10-28,74927.25,86458.53125,88044.9296875,86458.53125,87331.046875,244705
2022-10-31,76370.8046875,88124.25,88124.25,86061.9296875,86458.53125,197050
2022-11-01,75614.65625,87251.7265625,90027.921875,86617.171875,88362.203125,568962
2022-11-02,75614.65625,87251.7265625,90027.921875,86220.5703125,87727.6484375,736386
2022-11-03,76577.015625,88362.203125,88996.765625,87251.7265625,88679.484375,204614
2022-11-04,76302.0625,88044.9296875,88838.125,85744.65625,88362.203125,415533
2022-11-07,77608.1328125,89552.0,90027.921875,88441.5234375,88441.5234375,510465
2022-11-08,78639.234375,90741.796875,91217.71875,89552.0,90345.203125,481090
2022-11-09,80014.0625,92328.1953125,93200.7109375,90741.796875,90821.1171875,510339
2022-11-10,77951.84375,89948.6015625,92645.46875,87251.7265625,91297.0390625,348210
2022-11-11,78295.5390625,90345.203125,92407.515625,90107.2421875,90107.2421875,214448
2022-11-14,78226.796875,90265.8828125,92010.9140625,87886.2890625,90186.5625,441756
2022-11-15,76645.765625,88441.5234375,90821.1171875,86458.53125,90265.8828125,530763
2022-11-16,80426.5,92804.109375,92804.109375,83682.34375,83682.34375,396748
2022-11-17,82282.4921875,94945.7421875,95183.703125,91693.6328125,91693.6328125,557742
2022-11-18,78570.5,90662.4765625,94707.7890625,88838.125,94469.828125,502522
2022-11-21,76508.2734375,88282.8828125,90821.1171875,87648.328125,90662.4765625,217095
2022-11-22,75064.7265625,86617.171875,91138.3984375,86537.8515625,88124.25,395992
2022-11-23,74377.328125,85823.9765625,88600.1640625,85665.3359375,86934.453125,287065
2022-11-24,72727.546875,83920.296875,86458.53125,83285.7421875,86458.53125,598211
2022-11-25,72040.140625,83127.1015625,85268.734375,82492.546875,84872.1328125,502775
2022-11-28,77058.2109375,88917.4453125,88917.4453125,82492.546875,83127.1015625,466718
2022-11-29,76989.4609375,88838.125,90345.203125,86379.2109375,88838.125,510843
2022-11-30,75752.1328125,87410.3671875,88838.125,87251.7265625,88838.125,356657
2022-12-01,73208.734375,84475.5390625,88838.125,83285.7421875,88838.125,648514
2022-12-02,76439.546875,88203.5625,89631.3203125,84475.5390625,84475.5390625,721131
2022-12-05,77814.3515625,89789.9609375,90107.2421875,87806.96875,89631.3203125,631116
2022-12-06,75270.953125,86855.1328125,90027.921875,86458.53125,89631.3203125,623426
2022-12-07,73414.9609375,84713.5,88441.5234375,84713.5,86855.1328125,424736
2022-12-08,72865.0390625,84078.9375,87965.609375,84078.9375,85744.65625,587369
2022-12-09,72865.0390625,84078.9375,86061.9296875,84078.9375,85586.015625,472391
2022-12-12,72177.625,83285.7421875,85982.609375,83285.7421875,85665.3359375,441504
2022-12-13,72590.0625,83761.65625,85268.734375,83365.0625,84792.8203125,505422
2022-12-14,73896.140625,85268.734375,85665.3359375,84475.5390625,84554.859375,349849
2022-12-15,73071.2578125,84316.8984375,85665.3359375,83761.65625,84872.1328125,636411
2022-12-16,73139.9921875,84396.21875,85586.015625,83920.296875,84316.8984375,322870
2022-12-19,72315.109375,83444.3828125,84713.5,83444.3828125,84078.9375,566693
2022-12-20,72040.140625,83127.1015625,83682.34375,82175.265625,83285.7421875,275215
2022-12-21,71146.515625,82095.9453125,84078.9375,82095.9453125,84078.9375,250126
2022-12-22,69565.484375,80271.59375,83285.7421875,80271.59375,83285.7421875,320222
2022-12-23,69771.6953125,80509.546875,82333.90625,80509.546875,81302.75,329678
2022-12-26,70527.8515625,81382.0703125,82968.4609375,80985.46875,80985.46875,419063
2022-12-27,70871.5546875,81778.6640625,82492.546875,80747.5078125,82413.2265625,195033
2022-12-28,70802.8125,81699.34375,82492.546875,81064.7890625,82175.265625,279627
2022-12-29,70527.8515625,81382.0703125,82413.2265625,81382.0703125,82413.2265625,123046
2022-12-30,69771.6953125,80509.546875,81540.703125,80509.546875,81382.0703125,178391
2023-01-02,69771.6953125,80509.546875,80509.546875,80509.546875,80509.546875,0
2023-01-03,72177.625,83285.7421875,83285.7421875,80826.828125,80906.1484375,362835
2023-01-04,72177.625,83285.7421875,83682.34375,82492.546875,83682.34375,283662
2023-01-05,73277.484375,84554.859375,84634.1796875,82889.140625,83285.7421875,340520
2023-01-06,71971.40625,83047.78125,84792.8203125,82968.4609375,84475.5390625,174987
2023-01-09,71833.9140625,82889.140625,83761.65625,82492.546875,83523.703125,193520
2023-01-10,71902.6640625,82968.4609375,82968.4609375,81778.6640625,82889.140625,323122
2023-01-11,71627.6953125,82651.1796875,83603.0234375,82571.8671875,83206.421875,136283
2023-01-12,72177.625,83285.7421875,83444.3828125,82651.1796875,82651.1796875,298538
2023-01-13,71833.9140625,82889.140625,83682.34375,82809.8203125,82968.4609375,243445
2023-01-16,70802.8125,81699.34375,83127.1015625,81699.34375,83127.1015625,308750
2023-01-17,71627.6953125,82651.1796875,83047.78125,81302.75,81699.34375,365987
2023-01-18,71696.4375,82730.5,83840.9765625,82651.1796875,83206.421875,191377
2023-01-19,71833.9140625,82889.140625,83206.421875,82095.9453125,83047.78125,314927
2023-01-20,71833.9140625,82889.140625,82889.140625,82889.140625,82889.140625,0
2023-01-23,71833.9140625,82889.140625,82889.140625,82889.140625,82889.140625,0
2023-01-24,71833.9140625,82889.140625,82889.140625,82889.140625,82889.140625,0
2023-01-25,71833.9140625,82889.140625,82889.140625,82889.140625,82889.140625,0
2023-01-26,71833.9140625,82889.140625,82889.140625,82889.140625,82889.140625,0
2023-01-27,74377.328125,85823.9765625,87410.3671875,83365.0625,83365.0625,674989
2023-01-30,73277.484375,84554.859375,86537.8515625,84554.859375,86458.53125,337242
2023-01-31,73071.2578125,84316.8984375,85268.734375,83761.65625,84554.859375,357666
2023-02-01,73277.484375,84554.859375,87727.6484375,84078.9375,84792.8203125,923855
2023-02-02,73552.4296875,84872.1328125,85665.3359375,84396.21875,84872.1328125,370525
2023-02-03,72315.109375,83444.3828125,84872.1328125,83444.3828125,84713.5,326400
2023-02-06,72865.0390625,84078.9375,84872.1328125,82651.1796875,83444.3828125,305094
2023-02-07,73071.2578125,84316.8984375,85506.6953125,83285.7421875,84634.1796875,362330
2023-02-08,73758.6484375,85110.09375,85665.3359375,84237.578125,84316.8984375,344806
2023-02-09,74308.5859375,85744.65625,86299.890625,85110.09375,85586.015625,396622
2023-02-10,72933.765625,84158.2578125,85744.65625,84158.2578125,85744.65625,255169
2023-02-13,72796.2890625,83999.6171875,85506.6953125,83523.703125,84158.2578125,253909
2023-02-14,72590.0625,83761.65625,84872.1328125,83761.65625,84316.8984375,136409
2023-02-15,73621.1796875,84951.453125,85268.734375,83840.9765625,84078.9375,229072
2023-02-16,74171.1015625,85586.015625,86379.2109375,84396.21875,84396.21875,329173
2023-02-17,73689.921875,85030.7734375,85586.015625,84634.1796875,85268.734375,234872
2023-02-20,74927.25,86458.53125,86458.53125,85110.09375,85110.09375,252270
2023-02-21,74446.0703125,85903.296875,86855.1328125,85903.296875,86061.9296875,272567
2023-02-22,73552.4296875,84872.1328125,87251.7265625,84792.8203125,85268.734375,303455
2023-02-23,72727.546875,83920.296875,85348.0546875,83127.1015625,85348.0546875,220247
2023-02-24,73208.734375,84475.5390625,85268.734375,83285.7421875,84078.9375,160615
2023-02-27,71490.21875,82492.546875,84475.5390625,81699.34375,84475.5390625,309128
2023-02-28,71146.515625,82095.9453125,83603.0234375,82016.625,83285.7421875,92662
2023-03-01,72246.3671875,83365.0625,83999.6171875,81857.984375,81857.984375,142461
2023-03-02,72177.625,83285.7421875,83920.296875,82968.4609375,83285.7421875,145108
2023-03-03,71833.9140625,82889.140625,83999.6171875,81540.703125,83999.6171875,232476
2023-03-06,71284.0,82254.5859375,83682.34375,82175.265625,83285.7421875,115860
2023-03-07,71833.9140625,82889.140625,83682.34375,82413.2265625,83206.421875,256808
2023-03-08,72796.2890625,83999.6171875,83999.6171875,82254.5859375,82333.90625,186334
2023-03-09,73414.9609375,84713.5,85586.015625,83523.703125,83523.703125,240293
2023-03-10,73552.4296875,84872.1328125,85110.09375,83682.34375,84316.8984375,289209
2023-03-13,74308.5859375,85744.65625,86061.9296875,83999.6171875,84872.1328125,437469
2023-03-14,74033.625,85427.375,85665.3359375,83682.34375,84316.8984375,233233
2023-03-15,73552.4296875,84872.1328125,85665.3359375,84554.859375,85427.375,247479
2023-03-16,71902.6640625,82968.4609375,84872.1328125,82651.1796875,84872.1328125,350101
2023-03-17,71284.0,82254.5859375,84237.578125,82254.5859375,83523.703125,285679
2023-03-20,70802.8125,81699.34375,82968.4609375,81620.0234375,82492.546875,238906
2023-03-21,70940.2890625,81857.984375,82492.546875,81382.0703125,81857.984375,141200
2023-03-22,70734.0703125,81620.0234375,82492.546875,81461.390625,82492.546875,159228
2023-03-23,70459.1171875,81302.75,81699.34375,80906.1484375,81302.75,184947
2023-03-24,70390.3671875,81223.4296875,82175.265625,80985.46875,81382.0703125,316945
2023-03-27,70115.40625,80906.1484375,81778.6640625,80906.1484375,81302.75,128719
2023-03-28,71284.0,82254.5859375,82571.8671875,81223.4296875,81223.4296875,341402
2023-03-29,70665.328125,81540.703125,82254.5859375,81382.0703125,82254.5859375,125189
2023-03-30,70390.3671875,81223.4296875,82413.2265625,81223.4296875,81699.34375,175114
2023-03-31,70115.40625,80906.1484375,81857.984375,80747.5078125,81223.4296875,311271
2023-04-03,70459.1171875,81302.75,82333.90625,80906.1484375,82175.265625,406077
2023-04-04,70046.671875,80826.828125,82095.9453125,80747.5078125,82095.9453125,712180
2023-04-05,70046.671875,80826.828125,81620.0234375,80747.5078125,81620.0234375,274710
2023-04-06,69771.6953125,80509.546875,81461.390625,80430.2265625,81461.390625,387167
2023-04-07,69565.484375,80271.59375,80826.828125,80112.953125,80430.2265625,182804
2023-04-10,68396.8984375,78923.15625,80668.1875,78923.15625,80192.2734375,589890
2023-04-11,68671.8515625,79240.4375,79637.03125,78923.15625,78923.15625,302572
2023-04-12,68603.1171875,79161.1171875,80192.2734375,79002.4765625,79319.75,353127
2023-04-13,68740.59375,79319.75,80033.6328125,79081.796875,80033.6328125,228694
2023-04-14,67434.5234375,77812.6796875,79874.9921875,77812.6796875,79874.9921875,354514
2023-04-17,66815.859375,77098.796875,78209.2734375,77019.484375,77892.0,300555
2023-04-18,66540.890625,76781.5234375,77574.71875,76702.203125,77336.7578125,277610
2023-04-19,65716.0078125,75829.6875,77574.71875,75433.0859375,77336.7578125,421584
2023-04-20,65990.96875,76146.9609375,77336.7578125,75829.6875,76146.9609375,354136
2023-04-21,65578.53125,75671.046875,76781.5234375,75512.40625,76781.5234375,522946
2023-04-24,63997.49609375,73846.6875,75909.0078125,73846.6875,75750.3671875,710793
2023-04-25,63241.34765625,72974.171875,74560.5703125,72974.171875,74560.5703125,405573
2023-04-26,64203.71484375,74084.6484375,74719.2109375,72656.890625,72656.890625,424232
2023-04-27,63378.828125,73132.8125,74719.2109375,73132.8125,74243.2890625,376955
2023-04-28,63791.26953125,73608.734375,74005.328125,73212.1328125,74005.328125,203354
2023-05-01,63791.26953125,73608.734375,73608.734375,73608.734375,73608.734375,0
2023-05-02,63791.26953125,73608.734375,73608.734375,73608.734375,73608.734375,0
2023-05-03,63791.26953125,73608.734375,73608.734375,73608.734375,73608.734375,0
2023-05-04,63241.34765625,72974.171875,73608.734375,72656.890625,73053.4921875,257439
2023-05-05,63172.60546875,72894.8515625,73291.453125,72656.890625,72974.171875,211296
2023-05-08,63997.49609375,73846.6875,73846.6875,73132.8125,73132.8125,332073
2023-05-09,64684.8984375,74639.890625,75115.8046875,74163.96875,74163.96875,348715
2023-05-10,64066.234375,73926.0078125,75036.484375,73608.734375,75036.484375,312028
2023-05-11,63378.828125,73132.8125,74401.9296875,73132.8125,74163.96875,513491
2023-05-12,63585.05078125,73370.7734375,73608.734375,72974.171875,72974.171875,331947
2023-05-15,63378.828125,73132.8125,74481.25,73132.8125,73767.3671875,499623
2023-05-16,63516.3125,73291.453125,73926.0078125,73132.8125,73767.3671875,319088
2023-05-17,63172.60546875,72894.8515625,73767.3671875,72815.53125,73370.7734375,366869
2023-05-18,63928.75,73767.3671875,74163.96875,72815.53125,72974.171875,634016
2023-05-19,65234.828125,75274.4453125,75750.3671875,73846.6875,73926.0078125,1086236
2023-05-22,65097.33984375,75115.8046875,75829.6875,74560.5703125,75750.3671875,452724
2023-05-23,64066.234375,73926.0078125,75274.4453125,73846.6875,75274.4453125,548917
2023-05-24,64066.234375,73926.0078125,73926.0078125,73926.0078125,73926.0078125,0
2023-05-25,65097.33984375,75115.8046875,75195.125,73370.7734375,73767.3671875,770678
2023-05-26,64409.94140625,74322.609375,75671.046875,74163.96875,75671.046875,540596
2023-05-29,64478.6796875,74401.9296875,74877.84375,74163.96875,74560.5703125,524081
2023-05-30,63860.015625,73688.0546875,74560.5703125,73608.734375,74401.9296875,739412
2023-05-31,63791.26953125,73608.734375,73926.0078125,73608.734375,73608.734375,511095
2023-06-01,63241.34765625,72974.171875,74163.96875,72974.171875,74163.96875,691000
2023-06-02,63241.34765625,72974.171875,73608.734375,72974.171875,73212.1328125,724661
2023-06-05,64616.1640625,74560.5703125,74560.5703125,73450.09375,73450.09375,657591
2023-06-06,65372.3046875,75433.0859375,75988.3203125,74798.53125,74957.1640625,1056105
2023-06-07,64959.85546875,74957.1640625,75750.3671875,74401.9296875,75512.40625,890950
2023-06-08,64341.19921875,74243.2890625,75512.40625,74005.328125,75353.765625,796775
2023-06-09,64409.94140625,74322.609375,74639.890625,73926.0078125,74243.2890625,364095
2023-06-12,64547.41796875,74481.25,74877.84375,73688.0546875,74877.84375,618004
2023-06-13,64616.1640625,74560.5703125,74877.84375,74243.2890625,74798.53125,733865
2023-06-14,65028.6015625,75036.484375,75909.0078125,74639.890625,74639.890625,958273
2023-06-15,66403.4140625,76622.8828125,77574.71875,75115.8046875,75274.4453125,1637801
2023-06-16,65647.2734375,75750.3671875,77257.4375,75750.3671875,77098.796875,743572
2023-06-19,65441.046875,75512.40625,76860.84375,75512.40625,75909.0078125,804213
2023-06-20,66334.671875,76543.5625,76543.5625,75195.125,75512.40625,640697
2023-06-21,65853.484375,75988.3203125,76543.5625,75591.7265625,76543.5625,609558
2023-06-22,65853.484375,75988.3203125,75988.3203125,75988.3203125,75988.3203125,0
2023-06-23,65441.046875,75512.40625,76384.921875,75353.765625,76384.921875,792110
2023-06-26,65990.96875,76146.9609375,76384.921875,75433.0859375,75512.40625,1188102
2023-06-27,66197.1875,76384.921875,76940.1640625,76146.9609375,76702.203125,643723
2023-06-28,65578.53125,75671.046875,76860.84375,75671.046875,76860.84375,961299
2023-06-29,65028.6015625,75036.484375,75988.3203125,75036.484375,75750.3671875,895237
2023-06-30,63928.75,73767.3671875,75353.765625,73767.3671875,75036.484375,859054
2023-07-03,64616.1640625,74560.5703125,74957.1640625,74243.2890625,74401.9296875,480208
2023-07-04,65372.3046875,75433.0859375,75671.046875,74639.890625,74877.84375,628342
2023-07-05,64822.390625,74798.53125,75591.7265625,74798.53125,75591.7265625,517399
2023-07-06,65441.046875,75512.40625,76543.5625,75115.8046875,75353.765625,1732607
2023-07-07,65990.96875,76146.9609375,76622.8828125,75591.7265625,75909.0078125,847834
2023-07-10,67022.078125,77336.7578125,77416.078125,76464.2421875,76543.5625,1419444
2023-07-11,66815.859375,77098.796875,77733.359375,76940.1640625,77574.71875,907214
2023-07-12,66334.671875,76543.5625,77416.078125,76305.6015625,77416.078125,716719
2023-07-13,68259.40625,78764.515625,79002.4765625,76622.8828125,76940.1640625,1725043
2023-07-14,68053.1875,78526.5546875,79716.3515625,78129.9609375,78923.15625,876452
2023-07-17,68053.1875,78526.5546875,78685.1953125,77812.6796875,78605.875,648136
2023-07-18,68603.1171875,79161.1171875,79637.03125,78129.9609375,78526.5546875,935832
2023-07-19,67984.453125,78447.234375,79557.7109375,78447.234375,79557.7109375,663138
2023-07-20,67846.9609375,78288.59375,78685.1953125,77336.7578125,78288.59375,709281
2023-07-21,68328.15625,78843.8359375,78843.8359375,77812.6796875,78288.59375,671459
2023-07-24,67709.484375,78129.9609375,79240.4375,78050.640625,79081.796875,679654
2023-07-25,67915.703125,78367.9140625,79002.4765625,78129.9609375,78367.9140625,521055
2023-07-26,67503.265625,77892.0,78367.9140625,77892.0,78367.9140625,491932
2023-07-27,67503.265625,77892.0,78367.9140625,77812.6796875,78129.9609375,590269
2023-07-28,68396.8984375,78923.15625,79002.4765625,77733.359375,77733.359375,677384
2023-07-31,69840.4453125,80588.8671875,81382.0703125,79399.0703125,79399.0703125,1500130
2023-08-01,69221.78125,79874.9921875,81144.109375,79874.9921875,81144.109375,767652
2023-08-02,69015.5546875,79637.03125,80588.8671875,79240.4375,80112.953125,416667
2023-08-03,68465.6328125,79002.4765625,79716.3515625,79002.4765625,79637.03125,568584
2023-08-04,68946.8125,79557.7109375,80033.6328125,78843.8359375,79002.4765625,686840
2023-08-07,69359.2578125,80033.6328125,80350.9140625,79240.4375,80350.9140625,442764
2023-08-08,69565.484375,80271.59375,80430.2265625,79795.671875,80033.6328125,667803
2023-08-09,69428.0,80112.953125,80430.2265625,79795.671875,80430.2265625,468357
2023-08-10,70115.40625,80906.1484375,82254.5859375,80509.546875,80826.828125,973149
2023-08-11,69771.6953125,80509.546875,80906.1484375,79874.9921875,80747.5078125,433939
2023-08-14,69153.0390625,79795.671875,80826.828125,79716.3515625,80588.8671875,692513
2023-08-15,69015.5546875,79637.03125,79874.9921875,79399.0703125,79874.9921875,411499
2023-08-16,68878.0703125,79478.390625,80430.2265625,79319.75,79637.03125,508574
2023-08-17,68740.59375,79319.75,80112.953125,79002.4765625,79319.75,524963
2023-08-18,67090.8203125,77416.078125,79240.4375,77416.078125,79240.4375,1141203
2023-08-21,68121.921875,78605.875,78843.8359375,77812.6796875,78209.2734375,569467
2023-08-22,68946.8125,79557.7109375,80112.953125,78526.5546875,78923.15625,754288
2023-08-23,70046.671875,80826.828125,80985.46875,79557.7109375,79557.7109375,913139
2023-08-24,70390.3671875,81223.4296875,81302.75,80826.828125,81302.75,697682
2023-08-25,69702.96875,80430.2265625,81223.4296875,80112.953125,81223.4296875,680284
2023-08-28,70940.2890625,81857.984375,82333.90625,80747.5078125,81144.109375,866745
2023-08-29,71153.9765625,79240.4375,80112.953125,78843.8359375,80112.953125,684697
2023-08-30,70726.6171875,78764.515625,79319.75,78367.9140625,79319.75,537823
2023-08-31,70228.0390625,78209.2734375,78923.15625,78209.2734375,78764.515625,723275
2023-09-01,70228.0390625,78209.2734375,78209.2734375,78209.2734375,78209.2734375,0
2023-09-04,70228.0390625,78209.2734375,78209.2734375,78209.2734375,78209.2734375,0
2023-09-05,70940.296875,79002.4765625,79478.390625,78288.59375,79478.390625,530258
2023-09-06,72293.5703125,80509.546875,80747.5078125,79081.796875,79240.4375,690748
2023-09-07,73290.71875,81620.0234375,81857.984375,79795.671875,80430.2265625,1149650
2023-09-08,72792.1484375,81064.7890625,81937.3046875,81064.7890625,81620.0234375,692009
2023-09-11,72222.34375,80430.2265625,82095.9453125,80192.2734375,82095.9453125,468735
2023-09-12,73148.28125,81461.390625,82175.265625,80192.2734375,81064.7890625,742311
2023-09-13,75213.8046875,83761.65625,84316.8984375,81461.390625,81778.6640625,1634271
2023-09-14,75498.7109375,84078.9375,85586.015625,82889.140625,83761.65625,697052
2023-09-15,78062.8125,86934.453125,87013.7734375,84158.2578125,84872.1328125,999750
2023-09-18,77635.4609375,86458.53125,88758.8046875,85665.3359375,87172.40625,591908
2023-09-19,78347.7109375,87251.7265625,88044.9296875,85348.0546875,86458.53125,509456
2023-09-20,77635.4609375,86458.53125,87251.7265625,85982.609375,87251.7265625,540092
2023-09-21,75854.8359375,84475.5390625,86458.53125,84475.5390625,86141.25,975923
2023-09-22,77692.4375,86521.984375,86617.171875,84523.1328125,85570.1484375,767778
2023-09-25,76495.859375,85189.4140625,87569.0078125,84713.5,86521.984375,533389
2023-09-26,75897.5703125,84523.1328125,85855.703125,84523.1328125,85189.4140625,463944
2023-09-27,75983.0390625,84618.3125,85189.4140625,81857.984375,84713.5,599367
2023-09-28,78205.265625,87093.0859375,87093.0859375,84618.3125,85474.96875,970754
2023-09-29,77521.5,86331.6171875,87283.4609375,85189.4140625,87283.4609375,626682
2023-10-02,76324.921875,84999.046875,86141.25,84618.3125,86141.25,303728
2023-10-03,73760.8125,82143.5390625,84523.1328125,81857.984375,84523.1328125,573627
2023-10-04,73333.4609375,81667.6171875,82333.90625,81667.6171875,81857.984375,634142
2023-10-05,71965.9375,80144.6796875,81667.6171875,80144.6796875,81572.4375,619748
2023-10-06,71965.9375,80144.6796875,80144.6796875,79002.4765625,80049.4921875,368130
2023-10-09,74017.21875,82429.0859375,83095.375,81382.0703125,82333.90625,540848
2023-10-10,73846.28125,82238.71875,83952.03125,81286.8828125,83000.1875,1035996
2023-10-11,73504.40625,81857.984375,83285.7421875,81382.0703125,82809.8203125,692030
2023-10-12,73504.40625,81857.984375,82238.71875,80906.1484375,82238.71875,672278
2023-10-13,73333.4609375,81667.6171875,81857.984375,80335.046875,81001.3359375,453649
2023-10-16,74273.6328125,82714.640625,83666.4765625,82333.90625,82333.90625,918749
2023-10-17,72820.640625,81096.515625,82714.640625,81096.515625,82524.2734375,477392
2023-10-18,70940.296875,79002.4765625,81001.3359375,77574.71875,80906.1484375,832915
2023-10-19,70000.125,77955.453125,79478.390625,77955.453125,79002.4765625,671123
2023-10-20,71111.2421875,79192.84375,79192.84375,76146.9609375,78241.0078125,853822
2023-10-23,68889.0078125,76718.0625,79288.0234375,76527.6953125,79288.0234375,491050
2023-10-24,69401.8359375,77289.171875,77384.3515625,76146.9609375,77098.796875,366029
2023-10-25,68718.0625,76527.6953125,77479.5390625,76527.6953125,77098.796875,346067
2023-10-26,64530.0234375,71863.6953125,76146.9609375,71863.6953125,74052.921875,1127188
2023-10-27,66324.8984375,73862.5546875,74719.2109375,71958.8828125,72815.53125,396916
2023-10-30,65470.19921875,72910.71875,73957.7421875,72815.53125,73862.5546875,269583
2023-10-31,65470.19921875,72910.71875,73386.6328125,72339.6171875,72910.71875,373173
2023-11-01,65726.609375,73196.265625,73767.3671875,72625.1640625,73767.3671875,311607
2023-11-02,67692.421875,75385.4921875,75385.4921875,73196.265625,73577.0,467201
2023-11-03,67606.9609375,75290.3125,75861.4140625,74528.84375,75575.859375,478338
2023-11-06,67521.484375,75195.125,75290.3125,74243.2890625,75290.3125,436209
2023-11-07,67350.546875,75004.7578125,76527.6953125,74719.2109375,75195.125,325475
2023-11-08,68376.1875,76146.9609375,76146.9609375,74243.2890625,74719.2109375,529817
2023-11-09,68376.1875,76146.9609375,76527.6953125,75195.125,76146.9609375,659881
2023-11-10,67265.078125,74909.578125,76146.9609375,74719.2109375,75195.125,552300
2023-11-13,67521.484375,75195.125,75671.046875,74814.390625,75195.125,321798
2023-11-14,67606.9609375,75290.3125,75861.4140625,74719.2109375,75480.6796875,468042
2023-11-15,68461.6640625,76242.1484375,76813.25,75766.2265625,75766.2265625,865484
2023-11-16,68376.1875,76146.9609375,76146.9609375,75195.125,76051.78125,684991
2023-11-17,67265.078125,74909.578125,75861.4140625,74528.84375,75766.2265625,818207
2023-11-20,66923.1953125,74528.84375,75099.9453125,73862.5546875,73957.7421875,601573
2023-11-21,67521.484375,75195.125,75290.3125,74528.84375,75004.7578125,398492
2023-11-22,67521.484375,75195.125,75480.6796875,74624.0234375,75195.125,505968
2023-11-23,65812.0859375,73291.453125,75385.4921875,73291.453125,75290.3125,642441
2023-11-24,66239.4296875,73767.3671875,73862.5546875,72339.6171875,73386.6328125,656519
2023-11-27,65641.140625,73101.0859375,73957.7421875,72815.53125,73957.7421875,424547
2023-11-28,65812.0859375,73291.453125,73291.453125,72149.25,72815.53125,552930
2023-11-29,66495.84375,74052.921875,74243.2890625,72910.71875,73005.8984375,626262
2023-11-30,65384.7265625,72815.53125,74528.84375,72815.53125,74148.109375,489264
2023-12-01,66410.375,73957.7421875,74148.109375,72910.71875,73291.453125,517630
2023-12-04,67521.484375,75195.125,75290.3125,73957.7421875,74052.921875,823145
2023-12-05,67521.484375,75195.125,76051.78125,74909.578125,75195.125,694971
2023-12-06,68205.25,75956.59375,75956.59375,75099.9453125,75195.125,504393
2023-12-07,66581.3203125,74148.109375,75671.046875,73767.3671875,75575.859375,900049
2023-12-08,66324.8984375,73862.5546875,74909.578125,73767.3671875,74338.4765625,929255
2023-12-11,66923.1953125,74528.84375,74814.390625,74052.921875,74814.390625,729641
2023-12-12,66837.7265625,74433.65625,74624.0234375,74148.109375,74528.84375,494937
2023-12-13,65726.609375,73196.265625,74433.65625,73101.0859375,74433.65625,1176461
2023-12-14,65726.609375,73196.265625,73957.7421875,73005.8984375,73196.265625,423601
2023-12-15,64957.3828125,72339.6171875,73196.265625,72339.6171875,73196.265625,847413
2023-12-18,64530.0234375,71863.6953125,72434.796875,71863.6953125,72339.6171875,646434
2023-12-19,64102.6796875,71387.78125,71768.515625,70626.3125,71387.78125,931356
2023-12-20,64273.6171875,71578.1484375,71863.6953125,71197.4140625,71863.6953125,602729
2023-12-21,63846.26953125,71102.2265625,71482.9609375,70816.6796875,71387.78125,764626
2023-12-22,63846.26953125,71102.2265625,71578.1484375,70721.4921875,71292.59375,647799
2023-12-25,65384.7265625,72815.53125,73005.8984375,71102.2265625,71102.2265625,1109748
2023-12-26,65299.2578125,72720.3515625,73005.8984375,72054.0625,73005.8984375,793203
2023-12-27,65213.78515625,72625.1640625,73005.8984375,72434.796875,72720.3515625,742143
2023-12-28,64957.3828125,72339.6171875,72720.3515625,71958.8828125,72720.3515625,806020
2023-12-29,64530.0234375,71863.6953125,72625.1640625,71863.6953125,72529.984375,1087371
2024-01-01,64530.0234375,71863.6953125,71863.6953125,71863.6953125,71863.6953125,0
2024-01-02,64615.49609375,71958.8828125,72625.1640625,71863.6953125,72149.25,728486
2024-01-03,64957.3828125,72339.6171875,72339.6171875,71768.515625,71863.6953125,598106
2024-01-04,65555.671875,73005.8984375,73672.1875,72339.6171875,72339.6171875,1583989
2024-01-05,65983.0234375,73481.8203125,73672.1875,73291.453125,73291.453125,1131601
2024-01-08,65641.140625,73101.0859375,74052.921875,72815.53125,73577.0,1074658
2024-01-09,64871.91015625,72244.4296875,73291.453125,72244.4296875,73101.0859375,936609
2024-01-10,64530.0234375,71863.6953125,72720.3515625,71863.6953125,72529.984375,1079386
2024-01-11,64957.3828125,72339.6171875,72434.796875,71863.6953125,72054.0625,518996
2024-01-12,64188.14453125,71482.9609375,72434.796875,71387.78125,72434.796875,850880
2024-01-15,64700.96875,72054.0625,72244.4296875,71863.6953125,71863.6953125,463419
2024-01-16,64615.49609375,71958.8828125,72054.0625,71387.78125,71863.6953125,480229
2024-01-17,64273.6171875,71578.1484375,72339.6171875,71482.9609375,72339.6171875,873784
2024-01-18,64359.0859375,71673.328125,71958.8828125,71578.1484375,71578.1484375,434002
2024-01-19,65555.671875,73005.8984375,73005.8984375,71768.515625,71863.6953125,1055012
2024-01-22,65213.78515625,72625.1640625,73196.265625,72529.984375,73196.265625,507124
2024-01-23,65042.84765625,72434.796875,73005.8984375,72339.6171875,72720.3515625,801607
2024-01-24,64786.44140625,72149.25,72720.3515625,72054.0625,72434.796875,503867
2024-01-25,64786.44140625,72149.25,72149.25,72149.25,72149.25,0
2024-01-26,64273.6171875,71578.1484375,72815.53125,71578.1484375,72339.6171875,765887
2024-01-29,65470.19921875,72910.71875,73005.8984375,71673.328125,71673.328125,971384
2024-01-30,65299.2578125,72720.3515625,72910.71875,72434.796875,72434.796875,529817
2024-01-31,64444.55859375,71768.515625,72815.53125,71768.515625,72815.53125,625842
2024-02-01,64530.0234375,71863.6953125,72054.0625,71673.328125,71863.6953125,540743
2024-02-02,64530.0234375,71863.6953125,71863.6953125,71863.6953125,71863.6953125,0
2024-02-05,64273.6171875,71578.1484375,72149.25,71482.9609375,71578.1484375,671123
2024-02-06,64700.96875,72054.0625,72244.4296875,71768.515625,71863.6953125,837223
2024-02-07,64700.96875,72054.0625,72149.25,71863.6953125,72054.0625,498299
2024-02-08,64700.96875,72054.0625,72054.0625,72054.0625,72054.0625,0
2024-02-09,64700.96875,72054.0625,72054.0625,72054.0625,72054.0625,0
2024-02-12,64700.96875,72054.0625,72054.0625,72054.0625,72054.0625,0
2024-02-13,64700.96875,72054.0625,72054.0625,72054.0625,72054.0625,0
2024-02-14,64700.96875,72054.0625,72054.0625,72054.0625,72054.0625,0
2024-02-15,64700.96875,72054.0625,72339.6171875,72054.0625,72149.25,577514
2024-02-16,65470.19921875,72910.71875,73291.453125,72054.0625,72054.0625,1064783
2024-02-19,67777.8984375,75480.6796875,75671.046875,73291.453125,73386.6328125,2493073
2024-02-20,67179.6015625,74814.390625,75861.4140625,74433.65625,75671.046875,1058269
2024-02-21,66410.375,73957.7421875,74814.390625,73767.3671875,74814.390625,1168162
2024-02-22,66581.3203125,74148.109375,74909.578125,73767.3671875,74243.2890625,1090102
2024-02-23,65299.2578125,72720.3515625,74528.84375,72720.3515625,74338.4765625,2054028
2024-02-26,65128.3203125,72529.984375,73101.0859375,72149.25,72815.53125,1150196
2024-02-27,66324.8984375,73862.5546875,74052.921875,72529.984375,72815.53125,1212707
2024-02-28,66666.78125,74243.2890625,75385.4921875,73957.7421875,74243.2890625,1650072
2024-02-29,66153.9609375,73672.1875,74719.2109375,73481.8203125,74719.2109375,1319343
2024-03-01,66324.8984375,73862.5546875,74052.921875,73577.0,74052.921875,1041144
2024-03-04,66495.84375,74052.921875,74719.2109375,73957.7421875,74052.921875,1195267
2024-03-05,67521.484375,75195.125,75385.4921875,74052.921875,74243.2890625,2174321
2024-03-06,68461.6640625,76242.1484375,77669.90625,75575.859375,75575.859375,2404823
2024-03-07,68718.0625,76527.6953125,76813.25,75766.2265625,76337.328125,1310203
2024-03-08,67948.8359375,75671.046875,77669.90625,75671.046875,77098.796875,2212353
2024-03-11,66495.84375,74052.921875,75671.046875,74052.921875,75671.046875,1552786
2024-03-12,66581.3203125,74148.109375,74719.2109375,73957.7421875,74052.921875,1234034
2024-03-13,67521.484375,75195.125,75385.4921875,74243.2890625,74624.0234375,1293183
2024-03-14,69230.890625,77098.796875,77479.5390625,75575.859375,75861.4140625,4031152
2024-03-15,70342.0,78336.1875,78907.2890625,76813.25,77384.3515625,2520284
2024-03-18,68547.125,76337.328125,78907.2890625,76051.78125,78336.1875,2620406
2024-03-19,68119.7734375,75861.4140625,77098.796875,75861.4140625,77098.796875,998490
2024-03-20,69230.890625,77098.796875,77289.171875,75766.2265625,76146.9609375,1536292
2024-03-21,69230.890625,77098.796875,77955.453125,76622.8828125,77955.453125,986198
2024-03-22,68803.5390625,76622.8828125,77574.71875,76527.6953125,77098.796875,1297491
2024-03-25,68718.0625,76527.6953125,77479.5390625,76242.1484375,76622.8828125,1022128
2024-03-26,68974.4765625,76813.25,77003.6171875,76146.9609375,76622.8828125,626682
2024-03-27,68632.6015625,76432.515625,77765.0859375,76242.1484375,77289.171875,890173
2024-03-28,68632.6015625,76432.515625,76813.25,76051.78125,76527.6953125,814004
2024-03-29,68547.125,76337.328125,77289.171875,76337.328125,76718.0625,647589
2024-04-01,68889.0078125,76718.0625,76813.25,75956.59375,76337.328125,785533
2024-04-02,70512.9453125,78526.5546875,78621.7421875,76051.78125,76527.6953125,1830355
2024-04-03,69914.6484375,77860.2734375,79383.2109375,77860.2734375,78526.5546875,1850842
2024-04-04,69658.2421875,77574.71875,78431.375,77193.984375,78050.640625,789946
2024-04-05,69145.421875,77003.6171875,79192.84375,76527.6953125,77098.796875,1454345
2024-04-08,68205.25,75956.59375,77098.796875,75956.59375,77098.796875,709890
2024-04-09,68290.71875,76051.78125,76622.8828125,75671.046875,76146.9609375,655154
2024-04-10,67692.421875,75385.4921875,76622.8828125,75385.4921875,76051.78125,670177
2024-04-11,67350.546875,75004.7578125,75480.6796875,74814.390625,75099.9453125,678162
2024-04-12,68119.7734375,75861.4140625,75956.59375,75004.7578125,75195.125,378216
2024-04-15,64957.3828125,72339.6171875,76718.0625,70626.3125,76051.78125,1151982
2024-04-16,64957.3828125,72339.6171875,73196.265625,71387.78125,72529.984375,1172469
2024-04-17,64188.14453125,71482.9609375,72815.53125,71482.9609375,72529.984375,682995
2024-04-18,64188.14453125,71482.9609375,71482.9609375,71482.9609375,71482.9609375,0
2024-04-19,64102.6796875,71387.78125,72529.984375,71102.2265625,71482.9609375,928835
2024-04-22,64102.6796875,71387.78125,71958.8828125,71292.59375,71578.1484375,861492
2024-04-23,63418.91796875,70626.3125,71863.6953125,70435.9375,71863.6953125,498509
2024-04-24,63760.796875,71007.046875,71387.78125,70721.4921875,71387.78125,895426
2024-04-25,63247.97265625,70435.9375,71292.59375,70435.9375,71007.046875,828398
2024-04-26,62820.625,69960.0234375,70626.3125,69960.0234375,70340.7578125,813164
2024-04-29,62820.625,69960.0234375,69960.0234375,69960.0234375,69960.0234375,0
2024-04-30,62820.625,69960.0234375,69960.0234375,69960.0234375,69960.0234375,0
2024-05-01,62820.625,69960.0234375,69960.0234375,69960.0234375,69960.0234375,0
2024-05-02,63162.50390625,70340.7578125,70721.4921875,69484.1015625,69484.1015625,727015
2024-05-03,63418.91796875,70626.3125,71007.046875,70340.7578125,70531.125,540743
2024-05-06,63931.7421875,71197.4140625,71578.1484375,70911.859375,70911.859375,935349
2024-05-07,65213.78515625,72625.1640625,72625.1640625,71102.2265625,71768.515625,1572222
2024-05-08,66153.9609375,73672.1875,73862.5546875,71578.1484375,72720.3515625,1453084
2024-05-09,65042.84765625,72434.796875,73767.3671875,72434.796875,73767.3671875,811483
2024-05-10,64530.0234375,71863.6953125,73101.0859375,71292.59375,72625.1640625,683835
2024-05-13,64273.6171875,71578.1484375,72434.796875,71387.78125,72244.4296875,662613
2024-05-14,64273.6171875,71578.1484375,72244.4296875,71292.59375,71863.6953125,825036
2024-05-15,64530.0234375,71863.6953125,72149.25,71292.59375,71578.1484375,927994
2024-05-16,64871.91015625,72244.4296875,72815.53125,72244.4296875,72339.6171875,1173205
2024-05-17,64700.96875,72054.0625,72529.984375,71863.6953125,72529.984375,1013934
2024-05-20,64957.3828125,72339.6171875,73101.0859375,72339.6171875,72434.796875,1166796
2024-05-21,65555.671875,73005.8984375,73862.5546875,72339.6171875,72529.984375,1782658
2024-05-22,65470.19921875,72910.71875,73577.0,72815.53125,73577.0,874414
2024-05-23,68290.71875,76051.78125,76051.78125,72720.3515625,72910.71875,4191368
2024-05-24,67521.484375,75195.125,77574.71875,74052.921875,76622.8828125,2702983
2024-05-27,69230.890625,77098.796875,77384.3515625,74338.4765625,75195.125,2241875
2024-05-28,70000.125,77955.453125,78431.375,77098.796875,78050.640625,2345674
2024-05-29,70256.5390625,78241.0078125,80430.2265625,77193.984375,79002.4765625,3878710
2024-05-30,69316.359375,77193.984375,78336.1875,76242.1484375,77955.453125,2474583
2024-05-31,68461.6640625,76242.1484375,77765.0859375,76242.1484375,77574.71875,1501832
2024-06-03,68461.6640625,76242.1484375,76242.1484375,76242.1484375,76242.1484375,0
2024-06-04,69059.953125,76908.4296875,77955.453125,76432.515625,76527.6953125,1591974
2024-06-05,68889.0078125,76718.0625,78241.0078125,76718.0625,77003.6171875,1871328
2024-06-06,68632.6015625,76432.515625,77574.71875,76337.328125,77574.71875,1109643
2024-06-07,68632.6015625,76432.515625,77098.796875,76432.515625,76622.8828125,918224
2024-06-10,68632.6015625,76432.515625,77098.796875,76432.515625,76908.4296875,1172259
2024-06-11,68632.6015625,76432.515625,77669.90625,76432.515625,76813.25,2513770
2024-06-12,68718.0625,76527.6953125,77098.796875,76242.1484375,76622.8828125,1404337
2024-06-13,68547.125,76337.328125,77098.796875,76337.328125,77098.796875,1474622
2024-06-14,67521.484375,75195.125,76718.0625,75195.125,76337.328125,2392426
2024-06-17,66324.8984375,73862.5546875,75480.6796875,73862.5546875,75195.125,1314825
2024-06-18,66666.78125,74243.2890625,75195.125,74243.2890625,74243.2890625,985672
2024-06-19,66837.7265625,74433.65625,75004.7578125,74148.109375,74433.65625,1044401
2024-06-20,66666.78125,74243.2890625,75099.9453125,74243.2890625,74909.578125,873573
2024-06-21,66581.3203125,74148.109375,75195.125,74148.109375,74433.65625,1106596
2024-06-24,65384.7265625,72815.53125,74624.0234375,72720.3515625,74148.109375,1813965
2024-06-25,65213.78515625,72625.1640625,73481.8203125,72625.1640625,72910.71875,1069510
2024-06-26,65384.7265625,72815.53125,73196.265625,72434.796875,72815.53125,1191170
2024-06-27,65384.7265625,72815.53125,74052.921875,72815.53125,72910.71875,1061106
2024-06-28,65470.19921875,72910.71875,73481.8203125,72815.53125,72910.71875,693606
2024-07-01,66410.375,73957.7421875,73957.7421875,72910.71875,73005.8984375,832180
2024-07-02,66837.7265625,74433.65625,74528.84375,73862.5546875,74243.2890625,920745
2024-07-03,66837.7265625,74433.65625,74719.2109375,74243.2890625,74719.2109375,673119
2024-07-04,66837.7265625,74433.65625,75861.4140625,74433.65625,74624.0234375,1224684
2024-07-05,67179.6015625,74814.390625,75480.6796875,74624.0234375,74719.2109375,790156
2024-07-08,67265.078125,74909.578125,75290.3125,74719.2109375,74909.578125,833440
2024-07-09,67521.484375,75195.125,75195.125,74624.0234375,75195.125,1613091
2024-07-10,67094.1328125,74719.2109375,75861.4140625,74719.2109375,75385.4921875,1178142
2024-07-11,66837.7265625,74433.65625,75099.9453125,74433.65625,74814.390625,764836
2024-07-12,66666.78125,74243.2890625,76051.78125,73957.7421875,74909.578125,1295074
2024-07-15,66923.1953125,74528.84375,75575.859375,74528.84375,75195.125,1269755
2024-07-16,66923.1953125,74528.84375,75290.3125,74528.84375,75195.125,953734
2024-07-17,66666.78125,74243.2890625,75004.7578125,73386.6328125,75004.7578125,1652593
2024-07-18,66752.2578125,74338.4765625,74814.390625,74052.921875,74338.4765625,1189174
2024-07-19,66495.84375,74052.921875,74624.0234375,73957.7421875,74338.4765625,696862
2024-07-22,65812.0859375,73291.453125,74052.921875,72910.71875,74052.921875,1200625
2024-07-23,65641.140625,73101.0859375,73577.0,73101.0859375,73386.6328125,690034
2024-07-24,65812.0859375,73291.453125,73672.1875,72625.1640625,73005.8984375,1057113
2024-07-25,65641.140625,73101.0859375,73291.453125,72720.3515625,73196.265625,515424
2024-07-26,65983.0234375,73481.8203125,73481.8203125,72815.53125,72910.71875,573417
2024-07-29,65812.0859375,73291.453125,73767.3671875,73291.453125,73767.3671875,380527
2024-07-30,65983.0234375,73481.8203125,73481.8203125,73101.0859375,73291.453125,663558
2024-07-31,68290.71875,76051.78125,76622.8828125,73672.1875,73672.1875,3349943
2024-08-01,67436.0234375,75099.9453125,77193.984375,74909.578125,76242.1484375,1494898
2024-08-02,67436.0234375,75099.9453125,75099.9453125,74052.921875,74338.4765625,1466217
2024-08-05,65384.7265625,72815.53125,74719.2109375,72720.3515625,74243.2890625,2207625
2024-08-06,66068.484375,73577.0,74243.2890625,72815.53125,73101.0859375,933668
2024-08-07,67863.3671875,75575.859375,75671.046875,73862.5546875,73862.5546875,1924909
2024-08-08,69829.1796875,77765.0859375,78431.375,75099.9453125,75575.859375,4129908
2024-08-09,69743.7109375,77669.90625,78241.0078125,77003.6171875,78050.640625,1306841
2024-08-12,70512.9453125,78526.5546875,79288.0234375,77289.171875,77669.90625,1985108
2024-08-13,69658.2421875,77574.71875,78336.1875,77193.984375,78336.1875,1819534
2024-08-14,70085.6015625,78050.640625,79288.0234375,77860.2734375,77955.453125,2415119
2024-08-15,69401.8359375,77289.171875,78716.921875,77289.171875,78050.640625,1311148
2024-08-16,70598.4140625,78621.7421875,79097.65625,77098.796875,77669.90625,2430142
2024-08-19,72222.34375,80430.2265625,80620.6015625,78621.7421875,78716.921875,3173967
2024-08-20,72222.34375,80430.2265625,81953.171875,80430.2265625,81096.515625,3057246
2024-08-21,72649.703125,80906.1484375,81382.0703125,80335.046875,80430.2265625,2280642
2024-08-22,72222.34375,80430.2265625,81286.8828125,80239.859375,81191.703125,1365990
2024-08-23,72393.2890625,80620.6015625,81286.8828125,80525.4140625,80620.6015625,936504
2024-08-26,71965.9375,80144.6796875,81191.703125,79859.125,81096.515625,1277004
2024-08-27,71367.640625,79478.390625,80430.2265625,79002.4765625,80430.2265625,1886142
2024-08-28,71624.0546875,79763.9453125,80144.6796875,79288.0234375,79288.0234375,888282
2024-08-29,71282.1796875,79383.2109375,80049.4921875,79383.2109375,79763.9453125,953629
2024-08-30,71196.703125,79288.0234375,79954.3125,79288.0234375,79668.7578125,1006579
2024-09-02,71196.703125,79288.0234375,79288.0234375,79288.0234375,79288.0234375,0
2024-09-03,71196.703125,79288.0234375,79288.0234375,79288.0234375,79288.0234375,0
2024-09-04,71709.53125,79859.125,80335.046875,78907.2890625,79002.4765625,1447306
2024-09-05,71196.703125,79288.0234375,80715.78125,79288.0234375,80335.046875,945855
2024-09-06,71880.46875,80049.4921875,80430.2265625,79763.9453125,80430.2265625,922321
2024-09-09,72393.2890625,80620.6015625,81286.8828125,79668.7578125,79763.9453125,2067790
2024-09-10,71880.46875,80049.4921875,81096.515625,79478.390625,80525.4140625,2001918
2024-09-11,71453.1171875,79573.578125,79954.3125,79002.4765625,79954.3125,1565604
2024-09-12,71453.1171875,79573.578125,80144.6796875,79383.2109375,79763.9453125,1848005
2024-09-13,69890.8828125,72135.921875,73883.4921875,72038.8359375,73883.4921875,2155996
2024-09-16,68291.765625,70485.4375,71844.6640625,70485.4375,71844.6640625,1919096
2024-09-17,68385.828125,70582.5234375,71067.9609375,70194.171875,70485.4375,787023
2024-09-18,68762.09375,70970.875,71359.2265625,70776.6953125,71165.046875,800928
2024-09-19,69044.2890625,71262.1328125,71262.1328125,70776.6953125,71067.9609375,1010018
2024-09-20,68762.09375,70970.875,71650.484375,70873.7890625,71456.3125,1028455
2024-09-23,68668.03125,70873.7890625,71165.046875,70776.6953125,70970.875,568869
2024-09-24,69326.4921875,71553.3984375,71747.5703125,70873.7890625,70873.7890625,878693
2024-09-25,69420.5546875,71650.484375,71844.6640625,71359.2265625,71844.6640625,684950
2024-09-26,69608.6875,71844.6640625,72427.1875,71650.484375,71650.484375,1143094
2024-09-27,69138.359375,71359.2265625,72135.921875,71359.2265625,72038.8359375,552080
2024-09-30,68856.1640625,71067.9609375,71456.3125,70873.7890625,71359.2265625,666307
2024-10-01,68668.03125,70873.7890625,71553.3984375,70873.7890625,71165.046875,1063269
2024-10-02,68573.9609375,70776.6953125,71844.6640625,70776.6953125,71165.046875,1085311
2024-10-03,68197.703125,70388.3515625,71262.1328125,70388.3515625,71262.1328125,817099
2024-10-04,68950.2265625,71165.046875,71553.3984375,70388.3515625,70679.609375,893937
2024-10-07,68573.9609375,70776.6953125,71553.3984375,70485.4375,71359.2265625,598121
2024-10-08,68291.765625,70485.4375,71262.1328125,70485.4375,71262.1328125,657037
2024-10-09,68385.828125,70582.5234375,70776.6953125,70194.171875,70485.4375,563616
2024-10-10,68950.2265625,71165.046875,71456.3125,70388.3515625,71067.9609375,1077586
2024-10-11,68856.1640625,71067.9609375,71553.3984375,71067.9609375,71359.2265625,621605
2024-10-14,68573.9609375,70776.6953125,71456.3125,70582.5234375,71456.3125,541986
2024-10-15,68385.828125,70582.5234375,70873.7890625,70291.265625,70582.5234375,614189
2024-10-16,67727.375,69902.9140625,70582.5234375,69902.9140625,70485.4375,781152
2024-10-17,67257.046875,69417.4765625,70194.171875,69126.2109375,69902.9140625,761685
2024-10-18,67445.171875,69611.6484375,70194.171875,69514.5625,69514.5625,332175
2024-10-21,67445.171875,69611.6484375,69611.6484375,69223.3046875,69611.6484375,483791
2024-10-22,66974.84375,69126.2109375,69805.828125,69126.2109375,69611.6484375,561865
2024-10-23,66692.6484375,68834.953125,69126.2109375,68640.7734375,69126.2109375,687010
2024-10-24,66786.7109375,68932.0390625,69126.2109375,68834.953125,68834.953125,425802
2024-10-25,66692.6484375,68834.953125,69320.390625,68834.953125,68932.0390625,332175
2024-10-28,66504.515625,68640.7734375,68932.0390625,68640.7734375,68834.953125,320639
2024-10-29,66598.5859375,68737.8671875,69029.125,68640.7734375,68640.7734375,362560
2024-10-30,66410.4453125,68543.6875,69223.3046875,68543.6875,68834.953125,327952
2024-10-31,66316.3828125,68446.6015625,68932.0390625,68446.6015625,68932.0390625,638806
2024-11-01,66034.1796875,68155.3359375,68640.7734375,67961.1640625,68446.6015625,440119
2024-11-04,65751.9921875,67864.078125,68349.515625,67864.078125,68349.515625,475551
2024-11-05,65469.7890625,67572.8125,67961.1640625,67378.640625,67864.078125,558260
2024-11-06,65940.1171875,68058.25,69029.125,67864.078125,67961.1640625,516545
2024-11-07,65940.1171875,68058.25,68932.0390625,68058.25,68932.0390625,383984
2024-11-08,65846.0546875,67961.1640625,68737.8671875,67961.1640625,68155.3359375,441664
2024-11-11,65940.1171875,68058.25,68446.6015625,67961.1640625,68058.25,560526
2024-11-12,65657.921875,67766.9921875,68446.6015625,67766.9921875,68058.25,438265
2024-11-13,65375.7265625,67475.7265625,67961.1640625,66019.4140625,67961.1640625,852428
2024-11-14,64905.39453125,66990.2890625,68252.4296875,66990.2890625,67184.46875,560114
2024-11-15,64529.13671875,66601.9453125,67378.640625,66601.9453125,66893.203125,797220
2024-11-18,64905.39453125,66990.2890625,67087.375,66310.6796875,66601.9453125,964801
2024-11-19,63870.671875,65922.328125,67669.90625,65922.328125,67475.7265625,713893
2024-11-20,63588.48046875,65631.0703125,66407.765625,65533.98046875,65922.328125,733154
2024-11-21,64152.87109375,66213.59375,66601.9453125,65825.2421875,65825.2421875,1202937
2024-11-22,65093.53125,67184.46875,68543.6875,66601.9453125,66601.9453125,1045553
2024-11-25,65187.59765625,67281.5546875,68252.4296875,67281.5546875,67378.640625,928236
2024-11-26,65469.7890625,67572.8125,67864.078125,67378.640625,67378.640625,461646
2024-11-27,65187.59765625,67281.5546875,67766.9921875,66990.2890625,67766.9921875,430025
2024-11-28,65187.59765625,67281.5546875,67961.1640625,67281.5546875,67281.5546875,456187
2024-11-29,65469.7890625,67572.8125,67766.9921875,67184.46875,67281.5546875,291490
2024-12-02,65093.53125,67184.46875,67766.9921875,66990.2890625,67669.90625,416326
2024-12-03,64623.203125,66699.03125,67572.8125,66699.03125,67281.5546875,653329
2024-12-04,64529.13671875,66601.9453125,67184.46875,66504.8515625,66699.03125,317549
2024-12-05,64811.33203125,66893.203125,67766.9921875,66504.8515625,66699.03125,649827
2024-12-06,65093.53125,67184.46875,67864.078125,66990.2890625,67864.078125,443724
2024-12-09,65187.59765625,67281.5546875,67475.7265625,67184.46875,67475.7265625,407777
2024-12-10,64905.39453125,66990.2890625,67572.8125,66990.2890625,67378.640625,414575
2024-12-11,64623.203125,66699.03125,67184.46875,66601.9453125,66990.2890625,555170
2024-12-12,64435.06640625,66504.8515625,66990.2890625,66504.8515625,66796.1171875,531480
2024-12-13,64341.0,66407.765625,66601.9453125,66213.59375,66504.8515625,358440
2024-12-16,64058.80859375,66116.5078125,66601.9453125,66116.5078125,66504.8515625,360603
2024-12-17,63964.734375,66019.4140625,66504.8515625,66019.4140625,66116.5078125,425287
2024-12-18,64435.06640625,66504.8515625,66699.03125,66310.6796875,66407.765625,519223
2024-12-19,64435.06640625,66504.8515625,66601.9453125,66019.4140625,66213.59375,743042
2024-12-20,64529.13671875,66601.9453125,66796.1171875,66407.765625,66504.8515625,351951
2024-12-23,64435.06640625,66504.8515625,67087.375,66504.8515625,66796.1171875,580611
2024-12-24,64152.87109375,66213.59375,66699.03125,66213.59375,66601.9453125,525094
2024-12-25,64341.0,66407.765625,66893.203125,66310.6796875,66310.6796875,469989
2024-12-26,64435.06640625,66504.8515625,67572.8125,66504.8515625,66601.9453125,1027013
2024-12-27,64435.06640625,66504.8515625,66990.2890625,66504.8515625,66699.03125,556097
2024-12-30,64152.87109375,66213.59375,66796.1171875,66213.59375,66601.9453125,414472
2024-12-31,64058.80859375,66116.5078125,66699.03125,66116.5078125,66407.765625,793924
2025-01-01,64058.80859375,66116.5078125,66116.5078125,66116.5078125,66116.5078125,0
2025-01-02,64058.80859375,66116.5078125,66504.8515625,66019.4140625,66310.6796875,440634
2025-01-03,63964.734375,66019.4140625,66407.765625,66019.4140625,66116.5078125,474315
2025-01-06,63494.41015625,65533.98046875,66213.59375,65339.8046875,66019.4140625,693499
2025-01-07,63024.08203125,65048.54296875,65922.328125,64951.45703125,65631.0703125,703696
2025-01-08,63118.1484375,65145.6328125,65242.71875,64660.1953125,65048.54296875,537351
2025-01-09,63024.08203125,65048.54296875,65533.98046875,64854.3671875,65242.71875,380482
2025-01-10,62741.8828125,64757.28125,65533.98046875,64757.28125,65048.54296875,435278
2025-01-13,62459.6875,64466.01953125,65145.6328125,64271.84375,64757.28125,558672
2025-01-14,62930.015625,64951.45703125,65436.89453125,64563.10546875,64563.10546875,409219
2025-01-15,62835.94921875,64854.3671875,65436.89453125,64854.3671875,65242.71875,406850
2025-01-16,62835.94921875,64854.3671875,65436.89453125,64854.3671875,65242.71875,406850
2025-01-17,62835.94921875,64854.3671875,65242.71875,64660.1953125,65242.71875,331351
2025-01-20,63682.54296875,65728.15625,66213.59375,64854.3671875,65242.71875,681860
2025-01-21,63118.1484375,65145.6328125,66116.5078125,65145.6328125,66019.4140625,359779
2025-01-22,62835.94921875,64854.3671875,65533.98046875,64757.28125,65533.98046875,322699
2025-01-23,63024.08203125,65048.54296875,65242.71875,64757.28125,64854.3671875,326613
2025-01-24,63870.671875,65922.328125,65922.328125,64854.3671875,65048.54296875,445269
2025-01-27,63870.671875,65922.328125,65922.328125,65922.328125,65922.328125,0
2025-01-28,63870.671875,65922.328125,65922.328125,65922.328125,65922.328125,0
2025-01-29,63870.671875,65922.328125,65922.328125,65922.328125,65922.328125,0
2025-01-30,63870.671875,65922.328125,65922.328125,65922.328125,65922.328125,0
2025-01-31,63870.671875,65922.328125,65922.328125,65922.328125,65922.328125,0
2025-02-03,63118.1484375,65145.6328125,65825.2421875,64951.45703125,65825.2421875,477096
2025-02-04,63118.1484375,65145.6328125,65339.8046875,64951.45703125,64951.45703125,410352
2025-02-05,63776.609375,65825.2421875,66116.5078125,65436.89453125,65533.98046875,671972
2025-02-06,63588.48046875,65631.0703125,66213.59375,65533.98046875,66213.59375,555479
2025-02-07,63306.27734375,65339.8046875,66019.4140625,65339.8046875,65631.0703125,842746
2025-02-10,63306.27734375,65339.8046875,65631.0703125,64951.45703125,65242.71875,754887
2025-02-11,63024.08203125,65048.54296875,65922.328125,64563.10546875,65339.8046875,691439
2025-02-12,63118.1484375,65145.6328125,65533.98046875,65048.54296875,65048.54296875,354526
2025-02-13,62741.8828125,64757.28125,65145.6328125,64660.1953125,65145.6328125,670221
2025-02-14,63682.54296875,65728.15625,65922.328125,65048.54296875,65339.8046875,1181616
2025-02-17,63776.609375,65825.2421875,66407.765625,65533.98046875,65728.15625,785787
2025-02-18,63964.734375,66019.4140625,66310.6796875,65728.15625,66019.4140625,653432
2025-02-19,64623.203125,66699.03125,66990.2890625,65922.328125,66213.59375,1431494
2025-02-20,64717.265625,66796.1171875,67281.5546875,66504.8515625,67184.46875,619545
2025-02-21,64341.0,66407.765625,66796.1171875,66213.59375,66601.9453125,790525
2025-02-24,64529.13671875,66601.9453125,66796.1171875,65825.2421875,66213.59375,1097980
2025-02-25,64623.203125,66699.03125,67281.5546875,66310.6796875,66699.03125,833888
2025-02-26,64341.0,66407.765625,66893.203125,66407.765625,66699.03125,534879
2025-02-27,63964.734375,66019.4140625,66601.9453125,65922.328125,66407.765625,833888
2025-02-28,63964.734375,66019.4140625,66699.03125,66019.4140625,66116.5078125,811228
2025-03-03,64529.13671875,66601.9453125,66699.03125,66116.5078125,66116.5078125,667234
2025-03-04,64999.4609375,67087.375,67378.640625,66310.6796875,66601.9453125,1488556
2025-03-05,64341.0,66407.765625,67281.5546875,66407.765625,67184.46875,762715
2025-03-06,64246.9375,66310.6796875,66504.8515625,66116.5078125,66310.6796875,854694
2025-03-07,63776.609375,65825.2421875,66407.765625,65728.15625,66310.6796875,1440043
2025-03-10,63776.609375,65825.2421875,66213.59375,65242.71875,66116.5078125,1463527
2025-03-11,63400.34765625,65436.89453125,65728.15625,65048.54296875,65631.0703125,539308
2025-03-12,63870.671875,65922.328125,66310.6796875,65436.89453125,65825.2421875,784139
2025-03-13,64246.9375,66310.6796875,66796.1171875,65825.2421875,65922.328125,1120640
2025-03-14,63682.54296875,65728.15625,66310.6796875,65339.8046875,66213.59375,971084
2025-03-17,64152.87109375,66213.59375,66407.765625,65728.15625,65825.2421875,1150716
2025-03-18,64999.4609375,67087.375,67864.078125,66116.5078125,66601.9453125,2881116
2025-03-19,64717.265625,66796.1171875,67766.9921875,66601.9453125,67087.375,724811
2025-03-20,64529.13671875,66601.9453125,67087.375,66116.5078125,66699.03125,772500
2025-03-21,63682.54296875,65728.15625,66601.9453125,65728.15625,66504.8515625,1208602
2025-03-24,63212.21484375,65242.71875,66019.4140625,65048.54296875,66019.4140625,1230953
2025-03-25,63212.21484375,65242.71875,65631.0703125,65145.6328125,65533.98046875,790628
2025-03-26,63494.41015625,65533.98046875,66213.59375,65242.71875,65339.8046875,564749
2025-03-27,63212.21484375,65242.71875,66019.4140625,65145.6328125,65631.0703125,439295
2025-03-28,62835.94921875,64854.3671875,65436.89453125,64854.3671875,65436.89453125,794954
2025-03-31,62835.94921875,64854.3671875,64854.3671875,64077.66796875,64854.3671875,749737
2025-04-01,63494.41015625,65533.98046875,65825.2421875,64757.28125,64951.45703125,897027
2025-04-02,63118.1484375,65145.6328125,65631.0703125,65048.54296875,65242.71875,261929
2025-04-03,58791.12109375,60679.61328125,63495.14453125,60679.61328125,61650.484375,2074935
2025-04-04,55216.62109375,56990.29296875,59029.125,56504.85546875,56504.85546875,2827350
2025-04-07,55216.62109375,56990.29296875,56990.29296875,56990.29296875,56990.29296875,0
2025-04-08,51359.921875,53009.70703125,54660.1953125,53009.70703125,54368.93359375,2711475
2025-04-09,47785.421875,49320.38671875,54368.93359375,49320.38671875,49320.38671875,2851658
2025-04-10,51077.7265625,52718.4453125,52718.4453125,52718.4453125,52718.4453125,59225
2025-04-11,54652.2265625,56407.765625,56407.765625,54174.7578125,56407.765625,2324607
2025-04-14,55686.94921875,57475.7265625,58058.25390625,56893.203125,58058.25390625,1125378
2025-04-15,54746.29296875,56504.85546875,57572.81640625,56407.765625,57281.5546875,865921
2025-04-16,54652.2265625,56407.765625,57087.37890625,55436.89453125,56504.85546875,647664
2025-04-17,54652.2265625,56407.765625,56601.94140625,55339.8046875,55631.06640625,498417
2025-04-18,54934.421875,56699.02734375,57669.90234375,56601.94140625,56699.02734375,676298
2025-04-21,54652.2265625,56407.765625,56990.29296875,56116.50390625,56699.02734375,309000
2025-04-22,54087.83203125,55825.2421875,56407.765625,52718.4453125,55436.89453125,1143712
2025-04-23,54087.83203125,55825.2421875,56893.203125,55728.15625,56407.765625,719249
2025-04-24,54087.83203125,55825.2421875,56310.6796875,55631.06640625,55825.2421875,422506
2025-04-25,55028.48828125,56796.1171875,56796.1171875,55825.2421875,55922.33203125,941008
2025-04-28,54934.421875,56699.02734375,56796.1171875,56407.765625,56699.02734375,279439
2025-04-29,54840.35546875,56601.94140625,56699.02734375,56504.85546875,56699.02734375,319506
2025-04-30,54840.35546875,56601.94140625,56601.94140625,56601.94140625,56601.94140625,0
2025-05-01,54840.35546875,56601.94140625,56601.94140625,56601.94140625,56601.94140625,0
2025-05-02,54840.35546875,56601.94140625,56601.94140625,56601.94140625,56601.94140625,0
2025-05-05,55028.48828125,56796.1171875,56990.29296875,56116.50390625,56699.02734375,678255
2025-05-06,55028.48828125,56796.1171875,56990.29296875,56116.50390625,56699.02734375,678255
2025-05-07,56063.21484375,57864.078125,58058.25390625,56893.203125,57087.37890625,926897
2025-05-08,56909.8046875,58737.86328125,59708.73828125,57864.078125,57864.078125,910623
2025-05-09,57756.3984375,59611.65234375,59902.9140625,58932.0390625,59223.30078125,887654
2025-05-12,58602.98828125,60485.4375,60679.61328125,59223.30078125,59223.30078125,859329
2025-05-13,58602.98828125,60485.4375,60679.61328125,59223.30078125,59223.30078125,859329
2025-05-14,58320.79296875,60194.17578125,60776.69921875,60000.0,60679.61328125,686804
2025-05-15,58226.7265625,60097.0859375,60485.4375,59805.82421875,60194.17578125,675268
2025-05-16,58320.79296875,60194.17578125,60291.26171875,59611.65234375,60097.0859375,688864
2025-05-19,57097.9375,58932.0390625,59417.4765625,58932.0390625,59029.125,601829
2025-05-20,57097.9375,58932.0390625,59417.4765625,58932.0390625,59029.125,601829
2025-05-21,56909.8046875,58737.86328125,59029.125,58252.42578125,59029.125,623253
2025-05-22,56721.671875,58543.6875,59126.21484375,58446.6015625,58737.86328125,324553
2025-05-23,57380.1328125,59223.30078125,59708.73828125,58640.77734375,58640.77734375,783212
2025-05-26,59261.44921875,61165.046875,61650.484375,59708.73828125,61262.13671875,650754
2025-05-27,59261.44921875,61165.046875,61650.484375,59708.73828125,61262.13671875,650754
2025-05-28,59919.91015625,61844.66015625,62038.8359375,61067.9609375,61650.484375,801752
2025-05-29,60296.171875,62233.0078125,62815.53515625,62135.921875,62135.921875,1186148
2025-05-30,60202.10546875,62135.921875,62330.09765625,61844.66015625,62135.921875,693087
2025-06-02,61613.09765625,63592.234375,63689.3203125,62233.0078125,62815.53515625,745411
2025-06-03,61613.09765625,63592.234375,63689.3203125,62233.0078125,62815.53515625,745411
2025-06-04,61895.29296875,63883.49609375,63980.58203125,63398.05859375,63592.234375,765496
2025-06-05,60954.6328125,62912.62109375,63883.49609375,62815.53515625,63883.49609375,762406
2025-06-06,60013.9765625,61941.74609375,62912.62109375,61650.484375,62912.62109375,829665
2025-06-09,59543.6484375,61456.3125,61941.74609375,60970.875,61262.13671875,570311
2025-06-10,59543.6484375,61456.3125,61941.74609375,60970.875,61262.13671875,570311
2025-06-11,59167.3828125,61067.9609375,61747.57421875,60873.78515625,61456.3125,440325
2025-06-12,58885.1875,60776.69921875,61456.3125,60582.5234375,61165.046875,504391
2025-06-13,59073.3203125,60970.875,61650.484375,60776.69921875,61650.484375,494091
2025-06-16,64811.33203125,66893.203125,66893.203125,63786.40625,64077.66796875,3273546
2025-06-17,64811.33203125,66893.203125,66893.203125,63786.40625,64077.66796875,3273546
2025-06-18,65187.59765625,67281.5546875,67864.078125,66213.59375,67572.8125,2851349
2025-06-19,66692.6484375,68834.953125,69223.3046875,67184.46875,67961.1640625,2742375
2025-06-20,67539.234375,69708.734375,70194.171875,68058.25,68834.953125,2765241
2025-06-23,68291.765625,70485.4375,71456.3125,69514.5625,71456.3125,3026758
2025-06-24,68291.765625,70485.4375,71456.3125,69514.5625,71456.3125,3026758
2025-06-25,64999.4609375,67087.375,68349.515625,66116.5078125,66116.5078125,2709209
2025-06-26,63494.41015625,65533.98046875,66893.203125,65533.98046875,66796.1171875,1774896
2025-06-27,64435.06640625,66504.8515625,66504.8515625,65533.98046875,65728.15625,784345
2025-06-30,63776.609375,65825.2421875,66310.6796875,65339.8046875,66213.59375,693705
2025-07-01,63776.609375,65825.2421875,66310.6796875,65339.8046875,66213.59375,693705
2025-07-02,62459.6875,64466.01953125,65825.2421875,64466.01953125,65533.98046875,883122
2025-07-03,62459.6875,64466.01953125,65048.54296875,64271.84375,64466.01953125,580508
2025-07-04,62271.5546875,64271.84375,65533.98046875,64271.84375,64951.45703125,939978
2025-07-07,62553.75,64563.10546875,64757.28125,64466.01953125,64757.28125,516133
2025-07-08,62553.75,64563.10546875,64757.28125,64466.01953125,64757.28125,516133
2025-07-09,63682.54296875,65728.15625,65728.15625,64757.28125,65145.6328125,937506
2025-07-10,63964.734375,66019.4140625,66019.4140625,65631.0703125,65922.328125,980251
2025-07-11,64341.0,66407.765625,66893.203125,65631.0703125,66116.5078125,1170698
2025-07-14,64152.87109375,66213.59375,66601.9453125,65922.328125,66504.8515625,793203
2025-07-15,64152.87109375,66213.59375,66601.9453125,65922.328125,66504.8515625,793203
2025-07-16,63682.54296875,65728.15625,66504.8515625,65728.15625,66213.59375,825236
2025-07-17,63400.34765625,65436.89453125,65922.328125,65242.71875,65728.15625,540956
2025-07-18,63682.54296875,65728.15625,65922.328125,65048.54296875,65533.98046875,1434172
2025-07-21,63494.41015625,65533.98046875,66213.59375,65242.71875,66213.59375,747368
2025-07-22,63494.41015625,65533.98046875,66213.59375,65242.71875,66213.59375,747368
2025-07-23,63870.671875,65922.328125,65922.328125,65145.6328125,65728.15625,673208
2025-07-24,64905.39453125,66990.2890625,67281.5546875,65631.0703125,66116.5078125,1752751
2025-07-25,64999.4609375,67087.375,68155.3359375,66990.2890625,67087.375,1271844
2025-07-28,64811.33203125,66893.203125,67378.640625,66310.6796875,67087.375,1213031
2025-07-29,64811.33203125,66893.203125,67378.640625,66310.6796875,67087.375,1213031
2025-07-30,63964.734375,66019.4140625,68446.6015625,66019.4140625,66893.203125,2171652
2025-07-31,63870.671875,65922.328125,66699.03125,65242.71875,66699.03125,930605
2025-08-01,63682.54296875,65728.15625,67572.8125,65631.0703125,67572.8125,864891
2025-08-04,63964.734375,66019.4140625,66796.1171875,65533.98046875,65728.15625,2107689
2025-08-05,63964.734375,66019.4140625,66796.1171875,65533.98046875,65728.15625,2107689
2025-08-06,63776.609375,65825.2421875,67378.640625,65436.89453125,66407.765625,2081527
2025-08-07,65187.59765625,67281.5546875,67281.5546875,65825.2421875,65825.2421875,1338588
2025-08-08,64999.4609375,67087.375,67864.078125,66601.9453125,67864.078125,1006516
2025-08-11,66222.3203125,68349.515625,69126.2109375,68058.25,68252.4296875,1265767
2025-08-12,66222.3203125,68349.515625,69126.2109375,68058.25,68252.4296875,1265767
2025-08-13,66316.3828125,68446.6015625,69223.3046875,67961.1640625,68349.515625,1743378
2025-08-14,65846.0546875,67961.1640625,68834.953125,67281.5546875,68543.6875,1943919
2025-08-15,65563.859375,67669.90625,68252.4296875,67184.46875,68155.3359375,1261853
2025-08-18,65846.0546875,67961.1640625,69029.125,67572.8125,69029.125,1210353
2025-08-19,65846.0546875,67961.1640625,69029.125,67572.8125,69029.125,1210353
2025-08-20,65751.9921875,67864.078125,68737.8671875,67766.9921875,68252.4296875,1365780
2025-08-21,64246.9375,66310.6796875,68058.25,65533.98046875,67961.1640625,1735962
2025-08-22,65187.59765625,67281.5546875,67475.7265625,66019.4140625,66990.2890625,1092212
2025-08-25,64623.203125,66699.03125,67572.8125,66504.8515625,66893.203125,996010
2025-08-26,64623.203125,66699.03125,67572.8125,66504.8515625,66893.203125,996010
2025-08-27,65375.7265625,67475.7265625,67475.7265625,66699.03125,66796.1171875,801031
2025-08-28,68900.0,68900.0,69700.0,68700.0,69700.0,1390500
2025-08-29,64900.0,64900.0,65500.0,64700.0,65500.0,768200
2025-09-01,64900.0,64900.0,64900.0,64900.0,64900.0,0
2025-09-02,64900.0,64900.0,64900.0,64900.0,64900.0,0
2025-09-03,63800.0,63800.0,64400.0,63400.0,64200.0,894200
2025-09-04,63800.0,63800.0,64400.0,63400.0,64200.0,894200
2025-09-05,64200.0,64200.0,64200.0,63800.0,63900.0,719500
2025-09-08,62600.0,62600.0,64200.0,62600.0,63800.0,1293800
2025-09-09,62600.0,62600.0,64200.0,62600.0,63800.0,1293800
2025-09-10,62100.0,62100.0,63100.0,61600.0,63000.0,1258200
2025-09-11,61900.0,61900.0,62500.0,61700.0,62100.0,756900
2025-09-12,62000.0,62000.0,62600.0,61300.0,62400.0,810900
2025-09-15,63200.0,63200.0,63300.0,62600.0,62600.0,651000
2025-09-16,63200.0,63200.0,63300.0,62600.0,62600.0,651000
2025-09-17,62700.0,62700.0,63600.0,62700.0,63600.0,773700
2025-09-18,64000.0,64000.0,64300.0,62800.0,62800.0,1489100
2025-09-19,63000.0,63000.0,64100.0,62900.0,64000.0,731300
2025-09-22,61800.0,61800.0,62500.0,61200.0,62400.0,883600
2025-09-23,61800.0,61800.0,62500.0,61200.0,62400.0,883600
2025-09-24,61600.0,61600.0,62000.0,61200.0,61900.0,544500
2025-09-25,61600.0,61600.0,61700.0,61100.0,61600.0,558200
2025-09-26,61900.0,61900.0,62300.0,61800.0,62000.0,550000
2025-09-29,61500.0,61500.0,62000.0,61400.0,61600.0,381300
2025-09-30,61500.0,61500.0,62000.0,61400.0,61600.0,381300
2025-10-01,60400.0,60400.0,61700.0,60400.0,61500.0,647500
2025-10-02,60600.0,60600.0,60900.0,60500.0,60500.0,211700
2025-10-03,60300.0,60300.0,61000.0,60300.0,60700.0,454300
2025-10-06,60800.0,60800.0,61100.0,60200.0,61100.0,420400
2025-10-07,60800.0,60800.0,61100.0,60200.0,61100.0,420400
2025-10-08,60900.0,60900.0,61100.0,60600.0,61100.0,302600
2025-10-09,60900.0,60900.0,61600.0,60900.0,61200.0,379300
2025-10-10,60900.0,60900.0,61400.0,60600.0,60900.0,363100
2025-10-13,60600.0,60600.0,60900.0,60100.0,60100.0,516900
2025-10-14,60600.0,60600.0,60900.0,60100.0,60100.0,516900
2025-10-15,60000.0,60000.0,60900.0,60000.0,60900.0,568000
2025-10-16,59000.0,59000.0,60200.0,58800.0,60000.0,1271300
2025-10-17,58700.0,58700.0,59200.0,58500.0,58800.0,956300
2025-10-20,57000.0,57000.0,59500.0,57000.0,58600.0,604700
2025-10-21,57000.0,57000.0,59500.0,57000.0,58600.0,604700
2025-10-22,56000.0,56000.0,58800.0,56000.0,57300.0,837900
2025-10-23,59000.0,59000.0,59000.0,57200.0,57200.0,1023700
2025-10-24,59800.0,59800.0,60700.0,59500.0,60000.0,554800
2025-10-27,59300.0,59300.0,60200.0,59300.0,60200.0,512900
2025-10-28,59300.0,59300.0,60200.0,59300.0,60200.0,512900
2025-10-29,60000.0,60000.0,60200.0,59100.0,59300.0,660100
2025-10-30,60200.0,60200.0,61200.0,60000.0,60100.0,639500
2025-10-31,59700.0,59700.0,60800.0,59700.0,60200.0,460400
2025-11-03,61500.0,61500.0,62900.0,61500.0,62000.0,1095100
2025-11-04,60500.0,60500.0,62200.0,60100.0,62100.0,1008600
2025-11-05,60500.0,60500.0,62200.0,60100.0,62100.0,1008600
2025-11-06,62100.0,62100.0,63300.0,61700.0,63300.0,626000
2025-11-07,62900.0,62900.0,62900.0,61000.0,61800.0,1225100
2025-11-10,61200.0,61200.0,62800.0,61000.0,62800.0,738300
2025-11-11,61100.0,61100.0,62000.0,60900.0,61300.0,553500
2025-11-12,61900.0,61900.0,62000.0,60600.0,61500.0,648800
2025-11-13,62900.0,62900.0,63500.0,61400.0,61700.0,1158200
2025-11-14,62800.0,62800.0,63400.0,62500.0,62900.0,496800
2025-11-17,63000.0,63000.0,63800.0,62000.0,63200.0,689000
2025-11-18,62400.0,62400.0,63400.0,62100.0,63400.0,749600
2025-11-19,62200.0,62200.0,62800.0,62000.0,62500.0,380800
2025-11-20,62100.0,62100.0,62300.0,61700.0,62200.0,392000
2025-11-21,61900.0,61900.0,61900.0,61000.0,61600.0,467300
2025-11-24,61000.0,61000.0,62000.0,61000.0,61900.0,390000
2025-11-25,60800.0,60800.0,61400.0,60800.0,61000.0,405700
2025-11-26,62000.0,62000.0,62000.0,60700.0,60800.0,529300
2025-11-27,63000.0,63000.0,63100.0,61500.0,61900.0,1562200
2025-11-28,63400.0,63400.0,63800.0,62500.0,63000.0,1243100
2025-12-01,65400.0,65400.0,65800.0,63400.0,63400.0,2743800
2025-12-02,66100.0,66100.0,66100.0,64800.0,65400.0,1960300
2025-12-03,64500.0,64500.0,66200.0,64300.0,66200.0,1151400
2025-12-04,64500.0,64500.0,66200.0,64300.0,66200.0,1151400
2025-12-05,64000.0,64000.0,65200.0,64000.0,65200.0,735600
2025-12-08,65400.0,65400.0,65400.0,63600.0,64100.0,1050700
2025-12-09,64000.0,64000.0,65300.0,63600.0,65300.0,731000
2025-12-10,63500.0,63500.0,64100.0,63400.0,63900.0,443900
2025-12-11,62600.0,62600.0,63900.0,62500.0,63600.0,470100
2025-12-12,61300.0,61300.0,62900.0,61300.0,62600.0,598400
2025-12-15,62100.0,62100.0,62400.0,61000.0,61300.0,620600
2025-12-16,64300.0,64300.0,64300.0,62100.0,62500.0,870400
2025-12-17,62900.0,62900.0,64800.0,62900.0,64200.0,532900
2025-12-18,62900.0,62900.0,64800.0,62900.0,64200.0,532900
2025-12-19,64000.0,64000.0,64000.0,63000.0,63600.0,658000
2025-12-22,65300.0,65300.0,65300.0,64200.0,64300.0,1262800
2025-12-23,65300.0,65300.0,66300.0,64600.0,65300.0,1512400
2025-12-24,66100.0,66100.0,66100.0,64400.0,65400.0,1526800
2025-12-25,66100.0,66100.0,66100.0,64400.0,65400.0,1526800
2025-12-26,70500.0,70500.0,70900.0,68000.0,69000.0,2428400
2025-12-29,75100.0,75100.0,75400.0,70200.0,70600.0,5613700
2025-12-30,74900.0,74900.0,75700.0,73800.0,75100.0,1764400
2025-12-31,72400.0,72400.0,75800.0,72400.0,74500.0,1872800
2026-01-01,72400.0,72400.0,72400.0,72400.0,72400.0,0
2026-01-02,72400.0,72400.0,72400.0,72400.0,72400.0,0
2026-01-05,77400.0,77400.0,77400.0,72800.0,73100.0,5364200
2026-01-06,82800.0,82800.0,82800.0,77800.0,77800.0,4730300
2026-01-07,88500.0,88500.0,88500.0,85200.0,85200.0,4173200
2026-01-08,91600.0,91600.0,94600.0,90000.0,93500.0,6171100
2026-01-09,97100.0,97100.0,98000.0,89800.0,90600.0,4592600
2026-01-12,97000.0,97000.0,102500.0,94500.0,101000.0,5514400
2026-01-13,103700.0,103700.0,103700.0,96000.0,97000.0,4960100
2026-01-14,107000.0,107000.0,110900.0,100000.0,107000.0,4910800
2026-01-15,103000.0,103000.0,107100.0,102300.0,106900.0,3558000
2026-01-16,99800.0,99800.0,107200.0,99800.0,103200.0,4537900
2026-01-19,105800.0,105800.0,106200.0,98100.0,100000.0,4498200
2026-01-20,104500.0,104500.0,110800.0,104000.0,106000.0,3888800
2026-01-21,110000.0,110000.0,110000.0,101000.0,101200.0,4569400
2026-01-22,104800.0,104800.0,110500.0,104700.0,110500.0,4035100
2026-01-23,100800.0,100800.0,106300.0,99200.0,104800.0,3428600
2026-01-26,107800.0,107800.0,107800.0,100500.0,100500.0,6102800
2026-01-27,115300.0,115300.0,115300.0,109000.0,109800.0,5889900
2026-01-28,118000.0,118000.0,122800.0,115000.0,121000.0,7140900
2026-01-29,116800.0,116800.0,118500.0,111300.0,118500.0,3705700
2026-01-30,117000.0,117000.0,122000.0,115800.0,116800.0,3644900
2026-02-02,114500.0,114500.0,116800.0,110000.0,113900.0,5534800
2026-02-03,117000.0,117000.0,121900.0,113100.0,115800.0,3319000
2026-02-04,115800.0,115800.0,120000.0,114300.0,117000.0,2275800
2026-02-05,112000.0,112000.0,116800.0,112000.0,115800.0,2555300
2026-02-06,115000.0,115000.0,118800.0,109500.0,110000.0,3964600
2026-02-09,115700.0,115700.0,117800.0,114500.0,117000.0,901300
2026-02-10,107700.0,107700.0,119600.0,107700.0,115900.0,6158900
2026-02-11,102000.0,102000.0,107400.0,102000.0,105800.0,3230600
2026-02-12,101400.0,101400.0,106200.0,101000.0,106200.0,2700300
2026-02-13,101600.0,101600.0,103700.0,99700.0,101500.0,2039200
2026-02-16,101600.0,101600.0,101600.0,101600.0,101600.0,0
2026-02-17,101600.0,101600.0,101600.0,101600.0,101600.0,0
2026-02-18,101600.0,101600.0,101600.0,101600.0,101600.0,0
2026-02-19,101600.0,101600.0,101600.0,101600.0,101600.0,0
2026-02-20,101600.0,101600.0,101600.0,101600.0,101600.0,0
2026-02-23,108700.0,108700.0,108700.0,104900.0,104900.0,956400
2026-02-24,110500.0,110500.0,112400.0,107100.0,112000.0,4780400
2026-02-25,110000.0,110000.0,117500.0,108000.0,110500.0,3689100
2026-02-26,106000.0,106000.0,111000.0,105500.0,111000.0,3151900
2026-02-27,107900.0,107900.0,111900.0,105500.0,106000.0,2827100
2026-03-02,115400.0,115400.0,115400.0,112500.0,115300.0,3660300
2026-03-03,115400.0,115400.0,115400.0,112500.0,115300.0,3660300
2026-03-04,128700.0,128700.0,131500.0,121800.0,124000.0,4554900
2026-03-05,119700.0,119700.0,126900.0,119700.0,126000.0,5317800
2026-03-06,112100.0,112100.0,118600.0,112000.0,118600.0,4731500
2026-03-09,104300.0,104300.0,116300.0,104300.0,116000.0,5387400
2026-03-10,97000.0,97000.0,107500.0,97000.0,104000.0,3885500
2026-03-11,103000.0,103000.0,103000.0,93200.0,93300.0,4146800
2026-03-12,98700.0,98700.0,103000.0,98700.0,103000.0,1736400
2026-03-13,91800.0,91800.0,101300.0,91800.0,97900.0,4442600
2026-03-16,87900.0,87900.0,91100.0,85400.0,91000.0,5461400
2026-03-17,86400.0,86400.0,90400.0,86000.0,89000.0,1712800
2026-03-18,91700.0,91700.0,92400.0,86400.0,86400.0,2627100
2026-03-19,88100.0,88100.0,92400.0,87400.0,92300.0,2140100
2026-03-20,82000.0,82000.0,88800.0,82000.0,88100.0,3150400
2026-03-23,80500.0,80500.0,83600.0,78500.0,78500.0,2980000
2026-03-24,80700.0,80700.0,82700.0,78800.0,82000.0,1892400
2026-03-25,82500.0,82500.0,84700.0,81200.0,82000.0,2006800
2026-03-26,80300.0,80300.0,83000.0,79800.0,83000.0,1290400
2026-03-27,82100.0,82100.0,82600.0,79900.0,80400.0,2023700
2026-03-30,80800.0,80800.0,83200.0,80400.0,82100.0,2027000
2026-03-31,78300.0,78300.0,81600.0,78100.0,81600.0,2432200
2026-04-01,80000.0,80000.0,81300.0,79600.0,80000.0,1876800
2026-04-02,78700.0,78700.0,81100.0,78700.0,80000.0,1167900
2026-04-03,79700.0,79700.0,80900.0,79600.0,80000.0,1931200
2026-04-06,78500.0,78500.0,80300.0,78100.0,80200.0,1170800
2026-04-07,77300.0,77300.0,79400.0,75800.0,78500.0,1236400
2026-04-08,79900.0,79900.0,80400.0,78300.0,79000.0,1438600
2026-04-09,78400.0,78400.0,79900.0,78100.0,79900.0,1051600
2026-04-10,80700.0,80700.0,82400.0,78200.0,78600.0,2856700
2026-04-13,80700.0,80700.0,82200.0,80600.0,81200.0,948300
2026-04-14,79300.0,79300.0,81600.0,79100.0,81000.0,1205900
2026-04-15,79200.0,79200.0,80500.0,79100.0,79800.0,1038400
2026-04-16,78400.0,78400.0,80200.0,78100.0,79200.0,1169300
2026-04-17,80100.0,80100.0,80400.0,78100.0,78600.0,1249000
2026-04-20,79200.0,79200.0,81300.0,79000.0,80000.0,1205300
2026-04-21,78700.0,78700.0,80100.0,78500.0,79300.0,1356000
2026-04-22,78100.0,78100.0,79800.0,78100.0,79000.0,760600
2026-04-23,77400.0,77400.0,79500.0,75900.0,78100.0,1488800
2026-04-24,78300.0,78300.0,80000.0,77500.0,77600.0,1193000
2026-04-27,78300.0,78300.0,78300.0,78300.0,78300.0,0
2026-04-28,73500.0,73500.0,78200.0,73100.0,78000.0,1966400
2026-04-29,75200.0,75200.0,75400.0,73000.0,73500.0,1268600
2026-04-30,75200.0,75200.0,75200.0,75200.0,75200.0,0
2026-05-01,75200.0,75200.0,75200.0,75200.0,75200.0,0
2026-05-04,76500.0,76500.0,79900.0,76200.0,77000.0,1660000
2026-05-05,77700.0,77700.0,78300.0,76100.0,76700.0,1319800
2026-05-06,79200.0,79200.0,80500.0,77600.0,78000.0,2983000
2026-05-07,76000.0,76000.0,79000.0,76000.0,78400.0,2302900
2026-05-08,74700.0,74700.0,77300.0,74500.0,76900.0,1415100
2026-05-11,73600.0,73600.0,75500.0,73400.0,75100.0,1835100
2026-05-12,76500.0,76500.0,77100.0,73800.0,73900.0,1557500
2026-05-13,81800.0,81800.0,81800.0,75700.0,76500.0,6350300
2026-05-14,83600.0,83600.0,85800.0,83200.0,84500.0,4068100
2026-05-15,89400.0,89400.0,89400.0,82600.0,82800.0,4986200
2026-05-18,93000.0,93000.0,95500.0,90200.0,91700.0,4078700
2026-05-19,86500.0,86500.0,94200.0,86500.0,94100.0,5410100
2026-05-20,89700.0,89700.0,89700.0,81100.0,85600.0,4912400
2026-05-21,87300.0,87300.0,89500.0,86200.0,89500.0,1357100
2026-05-22,84900.0,84900.0,87800.0,84300.0,87100.0,1642900
2026-05-25,82000.0,82000.0,83500.0,81000.0,82300.0,2341800
2026-05-26,82500.0,82500.0,84300.0,82300.0,83500.0,976400
2026-05-27,81500.0,81500.0,83700.0,81500.0,82500.0,902800
2026-05-28,81700.0,81700.0,83800.0,79500.0,81500.0,2476900
2026-05-29,87400.0,87400.0,87400.0,80200.0,81100.0,3155800
2026-06-01,84200.0,84200.0,88200.0,84200.0,88000.0,1357900
2026-06-02,82200.0,82200.0,85500.0,81800.0,85100.0,1514300
2026-06-03,84500.0,84500.0,85500.0,82200.0,82200.0,1015900
2026-06-04,85200.0,85200.0,89200.0,85100.0,85800.0,1871600
2026-06-05,85000.0,85000.0,87800.0,83800.0,85200.0,1317900
2026-06-08,83900.0,83900.0,85700.0,83300.0,83600.0,1058600
2026-06-09,82400.0,82400.0,84500.0,81900.0,84500.0,906800
2026-06-10,82500.0,82500.0,83900.0,81900.0,82100.0,509100
2026-06-11,82500.0,82500.0,84500.0,82500.0,83300.0,530400
2026-06-12,85100.0,85100.0,87100.0,82000.0,82500.0,1976800
2026-06-15,82600.0,82600.0,84300.0,81800.0,83300.0,1531900
2026-06-16,81800.0,81800.0,83700.0,79700.0,82600.0,1617400
2026-06-17,80900.0,80900.0,82800.0,80000.0,81600.0,1031800
2026-06-18,81800.0,81800.0,82600.0,80000.0,80000.0,949100
2026-06-19,81200.0,81200.0,81800.0,80500.0,81700.0,478800
2026-06-22,81700.0,81700.0,82600.0,81100.0,81600.0,702900
2026-06-23,78900.0,78900.0,82100.0,78700.0,81400.0,2252100
2026-06-24,79300.0,79300.0,80500.0,76400.0,78200.0,2046800
2026-06-25,77500.0,77500.0,79300.0,77500.0,78500.0,868700
2026-06-26,77000.0,77000.0,78500.0,77000.0,77800.0,618600
2026-06-29,77700.0,77700.0,78700.0,77000.0,77200.0,606800
2026-06-30,77400.0,77400.0,78400.0,77100.0,77700.0,510400
2026-07-01,77400.0,77400.0,78400.0,77100.0,77700.0,510400
2026-07-02,77300.0,77300.0,78200.0,77300.0,78000.0,453500
2026-07-03,75300.0,75300.0,77700.0,75300.0,77400.0,1649400
2026-07-06,74000.0,74000.0,75500.0,73000.0,75500.0,1615900
2026-07-07,73800.0,73800.0,75400.0,73300.0,74100.0,648400
2026-07-08,74800.0,74800.0,75900.0,74700.0,74800.0,648000
2026-07-09,77000.0,77000.0,78500.0,75100.0,75100.0,1998200
2026-07-10,75200.0,75200.0,77200.0,75200.0,77000.0,512700
2026-07-13,75400.0,75400.0,77500.0,74500.0,76500.0,909400
2026-07-14,78500.0,78500.0,78800.0,76000.0,76500.0,2251800
2026-07-15,77600.0,77600.0,78800.0,77200.0,78800.0,946200
2026-07-16,77400.0,77400.0,78000.0,75700.0,77600.0,988000
2026-07-17,76200.0,76200.0,77400.0,76000.0,77400.0,569800
2026-07-20,73100.0,73100.0,77600.0,72000.0,76600.0,870100
2026-07-21,68000.0,68000.0,74300.0,68000.0,73100.0,4293300
2026-07-22,64400.0,64400.0,69000.0,64400.0,68000.0,2734100
2026-07-23,66800.0,66800.0,66800.0,64700.0,64700.0,1510800
2026-07-24,67200.0,67200.0,68800.0,67000.0,67000.0,1050700
2026-07-27,66900.0,66900.0,68500.0,66200.0,67000.0,850800
2026-07-28,67000.0,67000.0,67300.0,66100.0,66700.0,619600
2026-07-29,67900.0,67900.0,68500.0,66900.0,66900.0,993000
2026-07-30,68700.0,68700.0,69300.0,68000.0,69000.0,945900
