date,Adj Close,Close,High,Low,Open,Volume
2017-04-21,31846.927734375,48900.0,51800.0,46000.0,51800.0,4820970
2017-04-24,31521.30078125,48400.0,49500.0,48000.0,48900.0,1757390
2017-04-25,29404.681640625,45150.0,48400.0,45050.0,48100.0,2533550
2017-04-26,28720.853515625,44100.0,44500.0,43100.0,43100.0,1743790
2017-04-27,29893.130859375,45900.0,45900.0,44100.0,44100.0,825430
2017-04-28,29893.130859375,45900.0,45900.0,45900.0,45900.0,0
2017-05-03,30446.705078125,46750.0,46800.0,46000.0,46650.0,521490
2017-05-04,30935.15625,47500.0,47500.0,46700.0,46750.0,2947740
2017-05-05,30674.65625,47100.0,47500.0,47000.0,47100.0,1274310
2017-05-08,30935.15625,47500.0,47500.0,46600.0,47000.0,1414880
2017-05-09,30544.3984375,46900.0,47500.0,46900.0,47500.0,864620
2017-05-10,30674.65625,47100.0,47400.0,46900.0,46900.0,2706150
2017-05-11,31651.548828125,48600.0,49700.0,47100.0,47100.0,3351200
2017-05-12,31651.548828125,48600.0,48900.0,48400.0,48600.0,1272460
2017-05-15,31716.677734375,48700.0,49200.0,48000.0,48250.0,2429190
2017-05-16,33279.71484375,51100.0,52000.0,48700.0,49100.0,3627190
2017-05-17,33214.59375,51000.0,52000.0,50500.0,51000.0,1642560
2017-05-18,34517.12109375,53000.0,53000.0,50800.0,50800.0,3077950
2017-05-19,36926.80859375,56700.0,56700.0,53300.0,53800.0,4369030
2017-05-22,39466.74609375,60600.0,60600.0,59000.0,59800.0,3062670
2017-05-23,39466.74609375,60600.0,64500.0,60600.0,61000.0,2839240
2017-05-24,38424.71875,59000.0,60700.0,57500.0,60600.0,1789900
2017-05-25,38424.71875,59000.0,60100.0,58600.0,59000.0,684100
2017-05-26,37838.5859375,58100.0,58900.0,57600.0,58200.0,1237030
2017-05-29,39141.109375,60100.0,60500.0,58000.0,58000.0,967250
2017-05-30,39727.2578125,61000.0,62100.0,60100.0,60100.0,1067000
2017-05-31,39857.51171875,61200.0,61700.0,60400.0,61500.0,714650
2017-06-01,39857.51171875,61200.0,61800.0,61200.0,61200.0,522880
2017-06-02,38880.60546875,59700.0,61200.0,59700.0,60700.0,1244790
2017-06-05,39792.3828125,61100.0,61800.0,59200.0,59700.0,665100
2017-06-06,40052.88671875,61500.0,61500.0,60800.0,61100.0,554760
2017-06-07,39792.3828125,61100.0,61800.0,61000.0,61400.0,626820
2017-06-08,39792.3828125,61100.0,61300.0,60800.0,61100.0,325680
2017-06-09,40769.28125,62600.0,63400.0,61000.0,61000.0,1104760
2017-06-12,41029.7890625,63000.0,64500.0,62300.0,62600.0,830860
2017-06-13,41029.7890625,63000.0,63700.0,62700.0,63200.0,422580
2017-06-14,41029.7890625,63000.0,63000.0,61900.0,62800.0,848170
2017-06-15,40899.52734375,62800.0,63300.0,62100.0,62500.0,546160
2017-06-16,40639.0234375,62400.0,63000.0,62300.0,62400.0,369590
2017-06-19,41550.80078125,63800.0,63800.0,62300.0,62300.0,797760
2017-06-20,42592.82421875,65400.0,65400.0,63900.0,64000.0,1506260
2017-06-21,43569.73046875,66900.0,67000.0,64400.0,65500.0,980190
2017-06-22,45263.01953125,69500.0,69800.0,67500.0,67600.0,1121960
2017-06-23,46500.4296875,71400.0,72000.0,69600.0,69700.0,1825360
2017-06-26,46760.9375,71800.0,73300.0,71200.0,72000.0,1137940
2017-06-27,44807.1328125,68800.0,71600.0,68800.0,71300.0,1547410
2017-06-28,44676.8828125,68600.0,69700.0,67300.0,68400.0,1212630
2017-06-29,45263.01953125,69500.0,70200.0,67900.0,68800.0,980940
2017-06-30,44937.37890625,69000.0,70100.0,69000.0,69900.0,846590
2017-07-03,44872.26171875,68900.0,69600.0,68500.0,69000.0,1235890
2017-07-04,44090.73828125,67700.0,68600.0,67200.0,68500.0,983220
2017-07-05,44807.1328125,68800.0,69400.0,67300.0,67600.0,493040
2017-07-06,46239.921875,71000.0,71200.0,68000.0,68500.0,1697930
2017-07-07,45263.01953125,69500.0,71000.0,69400.0,70700.0,1345800
2017-07-10,44807.1328125,68800.0,69400.0,68200.0,68500.0,1149130
2017-07-11,44807.1328125,68800.0,68800.0,68000.0,68800.0,669300
2017-07-12,44807.1328125,68800.0,69800.0,68800.0,69800.0,905250
2017-07-13,44807.1328125,68800.0,68800.0,68800.0,68800.0,0
2017-07-14,45588.65234375,70000.0,71000.0,70000.0,70800.0,766980
2017-07-17,44742.00390625,68700.0,70400.0,68600.0,70000.0,613290
2017-07-18,44872.26171875,68900.0,69200.0,68200.0,68300.0,796070
2017-07-19,45132.7578125,69300.0,69900.0,68800.0,68800.0,998340
2017-07-20,44739.3359375,65500.0,66900.0,65300.0,66700.0,583230
2017-07-21,44739.3359375,65500.0,66000.0,65300.0,65500.0,615940
2017-07-24,43031.7265625,63000.0,65500.0,63000.0,64500.0,1064220
2017-07-25,44329.51171875,64900.0,65000.0,61000.0,62000.0,1548220
2017-07-26,44124.59765625,64600.0,65200.0,64300.0,65200.0,328670
2017-07-27,42895.11328125,62800.0,64100.0,62800.0,64100.0,883020
2017-07-28,43851.375,64200.0,64200.0,62100.0,62700.0,505210
2017-07-31,42895.11328125,62800.0,64000.0,62800.0,64000.0,291180
2017-08-01,43031.7265625,63000.0,63700.0,62200.0,62200.0,420960
2017-08-02,43168.33203125,63200.0,63500.0,62100.0,62800.0,347480
2017-08-03,43031.7265625,63000.0,63200.0,62700.0,63000.0,331860
2017-08-04,43441.546875,63600.0,63900.0,62700.0,62800.0,515090
2017-08-07,45627.28515625,66800.0,66800.0,63500.0,63600.0,1648590
2017-08-08,46105.421875,67500.0,69000.0,66800.0,66800.0,1347990
2017-08-09,44944.2421875,65800.0,68000.0,65500.0,67500.0,699190
2017-08-10,44534.4140625,65200.0,66000.0,64800.0,65000.0,283290
2017-08-11,44056.29296875,64500.0,65900.0,64200.0,65000.0,186140
2017-08-14,45080.85546875,66000.0,66200.0,64200.0,64500.0,264910
2017-08-15,45285.76171875,66300.0,66300.0,65500.0,66300.0,269720
2017-08-16,45149.16015625,66100.0,66700.0,65500.0,66300.0,578890
2017-08-17,44944.2421875,65800.0,66300.0,65800.0,66100.0,202030
2017-08-18,45149.16015625,66100.0,66400.0,65700.0,65800.0,287630
2017-08-21,45968.80859375,67300.0,67900.0,66800.0,67000.0,1445250
2017-08-22,45558.984375,66700.0,67800.0,66300.0,67700.0,211800
2017-08-23,45558.984375,66700.0,66800.0,66200.0,66300.0,10394000
2017-08-24,46173.7265625,67600.0,67800.0,66400.0,66600.0,86523000
2017-08-25,46105.421875,67500.0,68400.0,67300.0,67600.0,501000
2017-08-28,46651.8515625,68300.0,68500.0,67300.0,67500.0,939860
2017-08-29,46446.9453125,68000.0,68700.0,67800.0,68100.0,544800
2017-08-30,45763.89453125,67000.0,68000.0,67000.0,67700.0,357560
2017-08-31,45627.28515625,66800.0,67700.0,66600.0,67000.0,403980
2017-09-01,45627.28515625,66800.0,67100.0,66200.0,66800.0,237100
2017-09-04,45627.28515625,66800.0,66800.0,66800.0,66800.0,0
2017-09-05,45763.89453125,67000.0,67900.0,66900.0,67500.0,807400
2017-09-06,45763.89453125,67000.0,67300.0,66500.0,67000.0,525730
2017-09-07,45627.28515625,66800.0,67300.0,66800.0,67000.0,580970
2017-09-08,45695.58984375,66900.0,67900.0,66500.0,66800.0,743570
2017-09-11,45763.89453125,67000.0,67600.0,66900.0,67600.0,484390
2017-09-12,46105.421875,67500.0,67500.0,66900.0,66900.0,647000
2017-09-13,46925.07421875,68700.0,69200.0,67500.0,67700.0,2785080
2017-09-14,46720.15625,68400.0,69200.0,68400.0,68700.0,709380
2017-09-15,46651.8515625,68300.0,68400.0,67700.0,68300.0,3548190
2017-09-18,45354.07421875,66400.0,68000.0,66400.0,68000.0,1266740
2017-09-19,44534.4140625,65200.0,66600.0,61900.0,66200.0,1325010
2017-09-20,43714.765625,64000.0,65200.0,63700.0,65200.0,1065660
2017-09-21,43851.375,64200.0,65000.0,63400.0,63400.0,479010
2017-09-22,44124.59765625,64600.0,64800.0,64200.0,64200.0,340680
2017-09-25,44329.51171875,64900.0,65100.0,64400.0,64600.0,358140
2017-09-26,43987.98828125,64400.0,65300.0,64400.0,65000.0,648770
2017-09-27,44261.203125,64800.0,64800.0,64400.0,64500.0,252960
2017-09-28,43646.4609375,63900.0,64800.0,63800.0,64800.0,442750
2017-09-29,43100.02734375,63100.0,63900.0,62800.0,63900.0,611130
2017-10-02,42348.6796875,62000.0,63100.0,62000.0,62500.0,331260
2017-10-03,41119.20703125,60200.0,62700.0,59500.0,61900.0,459660
2017-10-04,41255.80859375,60400.0,60700.0,59600.0,60300.0,332820
2017-10-05,41938.8515625,61400.0,62400.0,60400.0,60400.0,254450
2017-10-06,42143.7734375,61700.0,62300.0,61300.0,61400.0,129560
2017-10-09,41802.2421875,61200.0,61500.0,60500.0,61500.0,174990
2017-10-10,42212.078125,61800.0,61800.0,60600.0,61000.0,213840
2017-10-11,42212.078125,61800.0,62000.0,61700.0,62000.0,226180
2017-10-12,41597.33203125,60900.0,61800.0,60700.0,61800.0,276780
2017-10-13,41597.33203125,60900.0,60900.0,60400.0,60600.0,360640
2017-10-16,41597.33203125,60900.0,61200.0,60300.0,60600.0,258220
2017-10-17,42348.6796875,62000.0,62000.0,60600.0,60600.0,398400
2017-10-18,42895.11328125,62800.0,63300.0,61600.0,62000.0,516960
2017-10-19,43236.640625,63300.0,63500.0,62500.0,62800.0,416860
2017-10-20,43236.640625,63300.0,64000.0,63000.0,63300.0,326490
2017-10-23,42621.90234375,62400.0,63000.0,62000.0,62800.0,228920
2017-10-24,42485.29296875,62200.0,62900.0,60800.0,62100.0,298110
2017-10-25,42485.29296875,62200.0,62300.0,60500.0,62200.0,101350
2017-10-26,42348.6796875,62000.0,62300.0,60800.0,62300.0,150610
2017-10-27,42758.5078125,62600.0,62600.0,61700.0,62000.0,265120
2017-10-30,42348.6796875,62000.0,63200.0,62000.0,63000.0,475770
2017-10-31,41802.2421875,61200.0,62000.0,61000.0,62000.0,205440
2017-11-01,41529.03515625,60800.0,61500.0,60000.0,61500.0,386030
2017-11-02,38796.8515625,56800.0,60800.0,56800.0,60100.0,708070
2017-11-03,39070.0703125,57200.0,58000.0,56700.0,56800.0,356150
2017-11-06,37430.76953125,54800.0,57300.0,53500.0,57100.0,590070
2017-11-07,38250.421875,56000.0,56900.0,53600.0,53600.0,417220
2017-11-08,38865.1640625,56900.0,56900.0,55900.0,55900.0,197170
2017-11-09,39753.1171875,58200.0,58400.0,56400.0,56900.0,399080
2017-11-10,39616.50390625,58000.0,58200.0,57100.0,58000.0,147190
2017-11-13,37840.6015625,55400.0,57500.0,54000.0,57500.0,580360
2017-11-14,37772.296875,55300.0,56000.0,54100.0,55000.0,462250
2017-11-15,38865.1640625,56900.0,57500.0,55600.0,55700.0,445550
2017-11-16,39070.0703125,57200.0,57500.0,56800.0,56900.0,260240
2017-11-17,37977.203125,55600.0,57000.0,55600.0,57000.0,486410
2017-11-20,39206.6875,57400.0,57600.0,56300.0,56300.0,578810
2017-11-21,41324.1171875,60500.0,61400.0,57800.0,57800.0,1242580
2017-11-22,42280.375,61900.0,62400.0,60000.0,60500.0,536080
2017-11-23,41324.1171875,60500.0,62000.0,60400.0,61900.0,569880
2017-11-24,41119.20703125,60200.0,60600.0,59100.0,60500.0,485810
2017-11-27,41665.63671875,61000.0,61700.0,59500.0,60000.0,599940
2017-11-28,41050.90234375,60100.0,61100.0,59800.0,61000.0,387960
2017-11-29,42212.078125,61800.0,62100.0,59600.0,60100.0,1305540
2017-11-30,42348.6796875,62000.0,62700.0,61900.0,62000.0,714320
2017-12-01,44534.4140625,65200.0,65200.0,62000.0,62000.0,1338940
2017-12-04,45217.4609375,66200.0,66400.0,64500.0,65200.0,750070
2017-12-05,45422.37890625,66500.0,67900.0,65500.0,66100.0,1170480
2017-12-06,45080.85546875,66000.0,67300.0,65000.0,66000.0,710670
2017-12-07,43987.98828125,64400.0,66500.0,63900.0,66000.0,661200
2017-12-08,45012.546875,65900.0,66900.0,63600.0,64700.0,533660
2017-12-11,43987.98828125,64400.0,65800.0,64400.0,64500.0,306410
2017-12-12,43783.06640625,64100.0,65400.0,61000.0,64300.0,778430
2017-12-13,42553.59765625,62300.0,65000.0,61900.0,65000.0,649540
2017-12-14,44261.203125,64800.0,64900.0,62000.0,62300.0,370260
2017-12-15,44397.81640625,65000.0,65000.0,64100.0,64800.0,340040
2017-12-18,45012.546875,65900.0,66300.0,65000.0,65000.0,428870
2017-12-19,45763.89453125,67000.0,67900.0,65300.0,65500.0,1286100
2017-12-20,47813.03125,70000.0,70900.0,67400.0,67500.0,2730440
2017-12-21,47608.109375,69700.0,71000.0,69200.0,69200.0,923560
2017-12-22,47129.984375,69000.0,69700.0,68200.0,69700.0,894560
2017-12-25,49110.8046875,71900.0,71900.0,68800.0,69200.0,1751990
2017-12-26,49998.7578125,73200.0,73500.0,71900.0,71900.0,1344510
2017-12-27,49998.7578125,73200.0,74300.0,72000.0,74000.0,1163520
2017-12-28,50545.20703125,74000.0,74500.0,72200.0,73000.0,1381580
2017-12-29,51228.2421875,75000.0,76500.0,73000.0,74000.0,1458000
2018-01-01,51228.2421875,75000.0,75000.0,75000.0,75000.0,0
2018-01-02,51228.2421875,75000.0,76500.0,73900.0,75200.0,1142760
2018-01-03,51364.85546875,75200.0,75800.0,74300.0,75000.0,1096830
2018-01-04,53687.1953125,78600.0,78600.0,75400.0,75400.0,1439440
2018-01-05,53960.41015625,79000.0,79400.0,77200.0,78300.0,1368060
2018-01-08,57375.6328125,84000.0,84300.0,78600.0,78600.0,1164450
2018-01-09,56760.890625,83100.0,85000.0,82500.0,84000.0,1278870
2018-01-10,58058.6796875,85000.0,86000.0,83000.0,83100.0,1428940
2018-01-11,60244.42578125,88200.0,88800.0,83700.0,84500.0,1057380
2018-01-12,59219.84765625,86700.0,91200.0,86000.0,88200.0,1928010
2018-01-15,61815.42578125,90500.0,91000.0,86000.0,86700.0,1470780
2018-01-16,62156.9296875,91000.0,92700.0,88900.0,90000.0,1556760
2018-01-17,62156.9296875,91000.0,91000.0,91000.0,91000.0,0
2018-01-18,59288.1640625,86800.0,87300.0,82000.0,85000.0,2552170
2018-01-19,62771.6796875,91900.0,91900.0,86800.0,87500.0,2791600
2018-01-22,62771.6796875,91900.0,91900.0,91900.0,91900.0,0
2018-01-23,62771.6796875,91900.0,91900.0,91900.0,91900.0,0
2018-01-24,62771.6796875,91900.0,91900.0,91900.0,91900.0,0
2018-01-25,63591.31640625,93100.0,95500.0,92800.0,94200.0,2924920
2018-01-26,63523.01171875,93000.0,94200.0,90000.0,93900.0,1662110
2018-01-29,62703.37890625,91800.0,93000.0,90600.0,93000.0,1706230
2018-01-30,61132.37109375,89500.0,90900.0,86800.0,90000.0,1593930
2018-01-31,60449.32421875,88500.0,93000.0,85100.0,88000.0,1946140
2018-02-01,60517.62890625,88600.0,90000.0,87800.0,88800.0,723200
2018-02-02,59971.203125,87800.0,88600.0,86400.0,87000.0,992010
2018-02-05,55804.6328125,81700.0,87400.0,81700.0,87400.0,1590460
2018-02-06,51911.29296875,76000.0,80000.0,76000.0,76000.0,1071710
2018-02-07,54575.1640625,79900.0,80200.0,77600.0,80100.0,1566120
2018-02-08,52662.63671875,77100.0,79200.0,77000.0,78500.0,459780
2018-02-09,49930.45703125,73100.0,74800.0,71800.0,73000.0,770290
2018-02-12,53209.07421875,77900.0,77900.0,73100.0,73100.0,750900
2018-02-13,53413.98046875,78200.0,79300.0,78000.0,79000.0,546150
2018-02-14,53413.98046875,78200.0,78200.0,78200.0,78200.0,0
2018-02-15,53413.98046875,78200.0,78200.0,78200.0,78200.0,0
2018-02-16,53413.98046875,78200.0,78200.0,78200.0,78200.0,0
2018-02-19,53413.98046875,78200.0,78200.0,78200.0,78200.0,0
2018-02-20,53413.98046875,78200.0,78200.0,78200.0,78200.0,0
2018-02-21,54438.546875,79700.0,80800.0,78700.0,80200.0,803170
2018-02-22,52935.84375,77500.0,79900.0,76000.0,79000.0,622310
2018-02-23,56624.2890625,82900.0,82900.0,78200.0,78400.0,2058340
2018-02-26,60449.32421875,88500.0,88700.0,85000.0,85000.0,2159560
2018-02-27,60039.4921875,87900.0,89500.0,86500.0,89500.0,845450
2018-02-28,60039.4921875,87900.0,87900.0,87900.0,87900.0,0
2018-03-01,59561.3671875,87200.0,89800.0,86100.0,88800.0,1258110
2018-03-02,59424.76171875,87000.0,87000.0,85300.0,86000.0,849060
2018-03-05,56760.890625,83100.0,88500.0,83100.0,87500.0,1014150
2018-03-06,59151.54296875,86600.0,87000.0,83000.0,84500.0,838820
2018-03-07,56897.515625,83300.0,86600.0,83000.0,86100.0,833790
2018-03-08,58058.6796875,85000.0,85200.0,82500.0,83300.0,676110
2018-03-09,57375.6328125,84000.0,86000.0,83800.0,85400.0,552480
2018-03-12,56282.76171875,82400.0,85300.0,82400.0,85300.0,507620
2018-03-13,55668.01953125,81500.0,83300.0,79700.0,82900.0,932770
2018-03-14,55463.1171875,81200.0,83000.0,81200.0,81700.0,511470
2018-03-15,55394.8046875,81100.0,82000.0,80300.0,81000.0,665400
2018-03-16,56692.5859375,83000.0,85100.0,81200.0,81200.0,2039440
2018-03-19,58946.625,86300.0,86500.0,84500.0,85000.0,1156350
2018-03-20,58400.203125,85500.0,87200.0,85500.0,86000.0,922890
2018-03-21,59356.44921875,86900.0,87700.0,85600.0,86200.0,1797680
2018-03-22,59356.44921875,86900.0,88800.0,86800.0,88000.0,1293360
2018-03-23,58126.984375,85100.0,86400.0,83900.0,85000.0,1182670
2018-03-26,56692.5859375,83000.0,86000.0,83000.0,85100.0,1121370
2018-03-27,56009.55078125,82000.0,84000.0,80300.0,83500.0,1269680
2018-03-28,56624.2890625,82900.0,83700.0,80600.0,81100.0,500520
2018-03-29,56214.453125,82300.0,83300.0,81600.0,82900.0,374820
2018-03-30,57170.72265625,83700.0,83900.0,81500.0,82900.0,501160
2018-04-02,57990.3671875,84900.0,85300.0,83300.0,83600.0,770760
2018-04-03,56692.5859375,83000.0,85400.0,82900.0,84500.0,778980
2018-04-04,56351.0625,82500.0,83500.0,81900.0,83000.0,937700
2018-04-05,55599.71875,81400.0,83000.0,81200.0,82500.0,532380
2018-04-06,56692.5859375,83000.0,83000.0,80800.0,82000.0,891780
2018-04-09,56965.8046875,83400.0,84500.0,82800.0,83000.0,761600
2018-04-10,56692.5859375,83000.0,83400.0,81300.0,82900.0,557070
2018-04-11,53960.41015625,79000.0,83900.0,79000.0,83100.0,1006130
2018-04-12,54643.4609375,80000.0,80000.0,77700.0,79000.0,950990
2018-04-13,52252.8046875,76500.0,80800.0,75000.0,80000.0,948810
2018-04-16,52389.41796875,76700.0,76900.0,75000.0,76500.0,557830
2018-04-17,50545.20703125,74000.0,76900.0,73400.0,76700.0,692890
2018-04-18,49042.50390625,71800.0,74700.0,70800.0,74000.0,1160450
2018-04-19,45627.28515625,66800.0,71800.0,66800.0,71800.0,1255730
2018-04-20,47403.19921875,69400.0,69400.0,66000.0,66800.0,733140
2018-04-23,44124.59765625,64600.0,71000.0,64600.0,70000.0,683680
2018-04-24,42348.6796875,62000.0,64000.0,60100.0,62600.0,1222150
2018-04-25,42348.6796875,62000.0,62000.0,62000.0,62000.0,0
2018-04-26,39411.59375,57700.0,62900.0,57700.0,62900.0,909200
2018-04-27,42143.7734375,61700.0,61700.0,57600.0,57700.0,1112190
2018-04-30,42143.7734375,61700.0,61700.0,61700.0,61700.0,0
2018-05-01,42143.7734375,61700.0,61700.0,61700.0,61700.0,0
2018-05-02,45080.85546875,66000.0,66000.0,63000.0,63500.0,837650
2018-05-03,45217.4609375,66200.0,68500.0,64000.0,66000.0,788130
2018-05-04,44671.03125,65400.0,66200.0,64500.0,66000.0,632690
2018-05-07,45422.37890625,66500.0,66900.0,64500.0,65000.0,492350
2018-05-08,46583.55078125,68200.0,68800.0,66100.0,66100.0,643400
2018-05-09,46242.02734375,67700.0,69200.0,66800.0,68800.0,615370
2018-05-10,43714.765625,64000.0,68000.0,64000.0,68000.0,552890
2018-05-11,43714.765625,64000.0,64900.0,62000.0,64000.0,672780
2018-05-14,45080.85546875,66000.0,66100.0,64100.0,65400.0,408200
2018-05-15,48222.85546875,70600.0,70600.0,66000.0,66000.0,1275590
2018-05-16,47129.984375,69000.0,71000.0,68500.0,71000.0,728550
2018-05-17,46446.9453125,68000.0,69300.0,68000.0,68600.0,852580
2018-05-18,47129.984375,69000.0,69000.0,65000.0,67200.0,825630
2018-05-21,45080.85546875,66000.0,69100.0,66000.0,69100.0,542820
2018-05-22,42348.6796875,62000.0,66000.0,61400.0,64500.0,955310
2018-05-23,43236.640625,63300.0,63300.0,60200.0,61000.0,614660
2018-05-24,43031.7265625,63000.0,64500.0,62000.0,63600.0,382870
2018-05-25,40641.07421875,59500.0,63500.0,59500.0,63000.0,618290
2018-05-28,38250.421875,56000.0,59000.0,56000.0,59000.0,976740
2018-05-29,40914.28515625,59900.0,59900.0,56400.0,57000.0,678390
2018-05-30,39958.03125,58500.0,60500.0,58500.0,59500.0,490400
2018-05-31,42348.6796875,62000.0,62500.0,58000.0,58000.0,849930
2018-06-01,42690.203125,62500.0,63000.0,60900.0,62900.0,686660
2018-06-04,42895.11328125,62800.0,63500.0,61600.0,62500.0,386910
2018-06-05,44807.63671875,65600.0,66500.0,62800.0,62800.0,765440
2018-06-06,45900.50390625,67200.0,67500.0,64800.0,66000.0,547500
2018-06-07,45695.58984375,66900.0,67400.0,66000.0,67000.0,637220
2018-06-08,46583.55078125,68200.0,68500.0,65800.0,66800.0,781580
2018-06-11,45285.76171875,66300.0,68400.0,66200.0,66500.0,584970
2018-06-12,44261.203125,64800.0,66000.0,62200.0,65000.0,927160
2018-06-13,45763.89453125,67000.0,67000.0,64500.0,64900.0,496570
2018-06-14,45558.984375,66700.0,68300.0,66700.0,67000.0,594110
2018-06-15,45968.80859375,67300.0,67300.0,65700.0,66400.0,476310
2018-06-18,44056.29296875,64500.0,67200.0,64500.0,66800.0,517670
2018-06-19,42690.203125,62500.0,64000.0,60000.0,63500.0,1282720
2018-06-20,43646.4609375,63900.0,63900.0,61500.0,62900.0,305680
2018-06-21,42758.5078125,62600.0,63800.0,62500.0,63800.0,259740
2018-06-22,43304.94140625,63400.0,63400.0,61900.0,62500.0,308340
2018-06-25,44165.30859375,61600.0,62800.0,61500.0,62800.0,383240
2018-06-26,43448.34375,60600.0,61100.0,60000.0,61100.0,221360
2018-06-27,42874.76171875,59800.0,62000.0,59800.0,61000.0,331450
2018-06-28,42301.18359375,59000.0,59800.0,58000.0,59500.0,410520
2018-06-29,41942.703125,58500.0,59900.0,58500.0,59000.0,149200
2018-07-02,41942.703125,58500.0,58700.0,55900.0,58400.0,488920
2018-07-03,39505.0078125,55100.0,58500.0,55000.0,58500.0,446650
2018-07-04,39863.48828125,55600.0,56500.0,54200.0,56200.0,319770
2018-07-05,37855.9765625,52800.0,56000.0,52800.0,56000.0,498150
2018-07-06,39003.12890625,54400.0,56100.0,51800.0,53000.0,683880
2018-07-09,39433.30859375,55000.0,56900.0,55000.0,55500.0,358880
2018-07-10,39433.30859375,55000.0,56500.0,55000.0,55000.0,301320
2018-07-11,38716.33984375,54000.0,54000.0,52100.0,52500.0,406410
2018-07-12,38357.8515625,53500.0,54700.0,52800.0,52800.0,139300
2018-07-13,38716.33984375,54000.0,54800.0,53800.0,54000.0,266960
2018-07-16,39003.12890625,54400.0,55000.0,53500.0,54000.0,227950
2018-07-17,38716.33984375,54000.0,54900.0,53000.0,53900.0,308540
2018-07-18,40867.25390625,57000.0,57000.0,54600.0,54800.0,771000
2018-07-19,41297.4296875,57600.0,58200.0,56800.0,57500.0,408530
2018-07-20,40221.97265625,56100.0,57400.0,56100.0,56600.0,480790
2018-07-23,41010.63671875,57200.0,58600.0,56000.0,56500.0,628000
2018-07-24,41010.63671875,57200.0,57200.0,57200.0,57200.0,0
2018-07-25,40795.55078125,56900.0,58000.0,56900.0,57400.0,436720
2018-07-26,40150.2734375,56000.0,56800.0,55700.0,56800.0,407460
2018-07-27,40652.15234375,56700.0,57300.0,56000.0,56000.0,287950
2018-07-30,41584.21875,58000.0,58000.0,57100.0,57400.0,668090
2018-07-31,43376.64453125,60500.0,61900.0,57700.0,58000.0,1559950
2018-08-01,43950.21875,61300.0,62600.0,60600.0,61000.0,747160
2018-08-02,44237.0078125,61700.0,61800.0,60700.0,61500.0,951560
2018-08-03,44882.2734375,62600.0,64000.0,62000.0,62000.0,1312750
2018-08-06,45814.328125,63900.0,64400.0,61800.0,62600.0,701070
2018-08-07,44882.2734375,62600.0,64000.0,62400.0,63900.0,763020
2018-08-08,45169.0625,63000.0,63800.0,62600.0,63200.0,560540
2018-08-09,45097.36328125,62900.0,64300.0,62000.0,63900.0,848730
2018-08-10,45814.328125,63900.0,63900.0,62100.0,62900.0,665110
2018-08-13,47678.45703125,66500.0,66500.0,63000.0,63900.0,1369790
2018-08-14,47033.18359375,65600.0,66200.0,65100.0,66100.0,628640
2018-08-15,45025.66796875,62800.0,65700.0,62700.0,65600.0,733050
2018-08-16,46316.21875,64600.0,65000.0,61000.0,61600.0,1441710
2018-08-17,46029.42578125,64200.0,65200.0,64000.0,64900.0,530720
2018-08-20,46961.48828125,65500.0,66500.0,64000.0,64000.0,1133600
2018-08-21,47176.578125,65800.0,66400.0,64800.0,65200.0,753180
2018-08-22,47033.18359375,65600.0,67000.0,65500.0,66500.0,681810
2018-08-23,47248.2734375,65900.0,66600.0,65400.0,66100.0,535200
2018-08-24,48753.9140625,68000.0,68300.0,65500.0,65500.0,2117990
2018-08-27,49327.48046875,68800.0,69300.0,68000.0,68000.0,893630
2018-08-28,49470.8828125,69000.0,69400.0,68100.0,68800.0,859970
2018-08-29,48252.02734375,67300.0,69000.0,67000.0,69000.0,1403870
2018-08-30,49327.48046875,68800.0,68800.0,66700.0,67500.0,971010
2018-08-31,48610.515625,67800.0,69700.0,67800.0,69000.0,465030
2018-09-03,48610.515625,67800.0,67800.0,67800.0,67800.0,0
2018-09-04,48323.73046875,67400.0,68800.0,67200.0,67800.0,735330
2018-09-05,48036.9375,67000.0,67900.0,66300.0,67100.0,1307880
2018-09-06,48108.63671875,67100.0,67600.0,66600.0,66800.0,924700
2018-09-07,48610.515625,67800.0,67900.0,66800.0,66900.0,592540
2018-09-10,49829.36328125,69500.0,70300.0,67800.0,67800.0,1877740
2018-09-11,50187.8515625,70000.0,70300.0,69200.0,69500.0,734210
2018-09-12,50904.81640625,71000.0,71900.0,70300.0,71000.0,1294740
2018-09-13,50044.45703125,69800.0,71900.0,69500.0,70800.0,1349440
2018-09-14,50618.02734375,70600.0,70700.0,68900.0,69400.0,1147060
2018-09-17,51048.20703125,71200.0,71900.0,69600.0,70000.0,871820
2018-09-18,51191.60546875,71400.0,71500.0,70100.0,70500.0,613920
2018-09-19,50689.72265625,70700.0,72300.0,70700.0,72000.0,887800
2018-09-20,51119.90625,71300.0,71400.0,70600.0,71100.0,701700
2018-09-21,50761.42578125,70800.0,71700.0,70500.0,71600.0,1786260
2018-09-24,52338.76171875,73000.0,73100.0,71000.0,71300.0,1223920
2018-09-25,52410.44921875,73100.0,73900.0,72900.0,73300.0,842810
2018-09-26,51621.7890625,72000.0,73100.0,72000.0,73100.0,1070320
2018-09-27,51693.48046875,72100.0,72500.0,71500.0,72000.0,786580
2018-09-28,50904.81640625,71000.0,72700.0,71000.0,72000.0,798310
2018-10-01,51334.99609375,71600.0,72600.0,70900.0,71000.0,905790
2018-10-02,50904.81640625,71000.0,72400.0,70500.0,72100.0,640350
2018-10-03,50689.72265625,70700.0,71100.0,70500.0,71000.0,461970
2018-10-04,51263.3046875,71500.0,71700.0,70700.0,71700.0,501260
2018-10-05,49470.8828125,69000.0,71400.0,69000.0,71000.0,761890
2018-10-08,47893.54296875,66800.0,69000.0,66500.0,68800.0,1448090
2018-10-09,48108.63671875,67100.0,67700.0,67000.0,67500.0,547390
2018-10-10,48036.9375,67000.0,67700.0,66800.0,67700.0,431240
2018-10-11,45097.36328125,62900.0,65000.0,62400.0,62500.0,1631410
2018-10-12,46029.42578125,64200.0,64400.0,62000.0,62000.0,808250
2018-10-15,44953.9765625,62700.0,64400.0,62000.0,64400.0,556180
2018-10-16,45455.85546875,63400.0,63800.0,62500.0,62700.0,392600
2018-10-17,45455.85546875,63400.0,64900.0,63100.0,64500.0,832180
2018-10-18,45169.0625,63000.0,63500.0,62100.0,63400.0,208850
2018-10-19,44452.09375,62000.0,62400.0,60800.0,62100.0,480870
2018-10-22,43304.94140625,60400.0,62800.0,60400.0,62000.0,458870
2018-10-23,41584.21875,58000.0,60500.0,56900.0,60500.0,753750
2018-10-24,40006.8828125,55800.0,58500.0,55800.0,57400.0,669070
2018-10-25,41082.33984375,57300.0,57300.0,53400.0,53400.0,1015970
2018-10-26,41369.12890625,57700.0,58900.0,57700.0,58900.0,746900
2018-10-29,40867.25390625,57000.0,57700.0,56400.0,57000.0,368560
2018-10-30,41010.63671875,57200.0,58400.0,55900.0,56000.0,521300
2018-10-31,42659.671875,59500.0,59700.0,57700.0,57700.0,758610
2018-11-01,41655.9140625,58100.0,60000.0,58000.0,59300.0,420040
2018-11-02,43089.85546875,60100.0,60800.0,58400.0,58500.0,653960
2018-11-05,43735.12109375,61000.0,61400.0,59100.0,59500.0,515190
2018-11-06,43233.24609375,60300.0,61700.0,60300.0,61500.0,542890
2018-11-07,42659.671875,59500.0,60500.0,58700.0,60300.0,681890
2018-11-08,42587.9765625,59400.0,60300.0,59400.0,60000.0,363900
2018-11-09,40867.25390625,57000.0,59600.0,57000.0,59500.0,630020
2018-11-12,41440.82421875,57800.0,57900.0,55700.0,56600.0,410770
2018-11-13,40508.76171875,56500.0,57300.0,56400.0,56500.0,333320
2018-11-14,39433.30859375,55000.0,57000.0,54800.0,56100.0,787180
2018-11-15,39433.30859375,55000.0,56100.0,54800.0,56000.0,481290
2018-11-16,40437.0625,56400.0,56800.0,55500.0,56000.0,412310
2018-11-19,42301.18359375,59000.0,59000.0,57100.0,57200.0,461690
2018-11-20,41942.703125,58500.0,59000.0,58000.0,58200.0,374070
2018-11-21,41584.21875,58000.0,58200.0,57000.0,57000.0,341850
2018-11-22,41584.21875,58000.0,58700.0,57700.0,58700.0,280490
2018-11-23,41727.609375,58200.0,59400.0,57600.0,58000.0,482860
2018-11-26,41655.9140625,58100.0,58100.0,57500.0,58100.0,188040
2018-11-27,41655.9140625,58100.0,58800.0,57600.0,58200.0,262840
2018-11-28,41799.30859375,58300.0,58400.0,57600.0,58000.0,214830
2018-11-29,41154.0390625,57400.0,58900.0,57400.0,58900.0,318590
2018-11-30,41584.21875,58000.0,58000.0,57200.0,57400.0,210900
2018-12-03,43735.12109375,61000.0,61200.0,58600.0,59200.0,992630
2018-12-04,43520.02734375,60700.0,61700.0,60300.0,61000.0,603600
2018-12-05,43591.73046875,60800.0,61900.0,59700.0,60200.0,853640
2018-12-06,43376.64453125,60500.0,61400.0,59900.0,61000.0,496010
2018-12-07,43806.8203125,61100.0,61300.0,60500.0,60500.0,379550
2018-12-10,44021.91015625,61400.0,61800.0,61000.0,61300.0,508290
2018-12-11,43663.4296875,60900.0,61500.0,60600.0,61300.0,279840
2018-12-12,43663.4296875,60900.0,60900.0,60900.0,60900.0,0
2018-12-13,43735.12109375,61000.0,61900.0,61000.0,61300.0,402150
2018-12-14,43018.15234375,60000.0,61600.0,59900.0,61000.0,643270
2018-12-17,40867.25390625,57000.0,59900.0,57000.0,59800.0,612200
2018-12-18,40723.8515625,56800.0,57500.0,56200.0,56900.0,766910
2018-12-19,40006.8828125,55800.0,56800.0,55500.0,56300.0,749450
2018-12-20,40078.5859375,55900.0,56500.0,55500.0,55500.0,303240
2018-12-21,40938.9453125,57100.0,57100.0,55000.0,55800.0,400060
2018-12-24,40580.4609375,56600.0,57100.0,56300.0,57000.0,241060
2018-12-25,39648.40234375,55300.0,56000.0,54700.0,56000.0,594180
2018-12-26,39576.703125,55200.0,56000.0,55200.0,55300.0,185570
2018-12-27,40293.67578125,56200.0,56800.0,56000.0,56800.0,254840
2018-12-28,40293.67578125,56200.0,56200.0,56200.0,56200.0,0
2018-12-31,40293.67578125,56200.0,56200.0,56200.0,56200.0,0
2019-01-01,40293.67578125,56200.0,56200.0,56200.0,56200.0,0
2019-01-02,39003.12890625,54400.0,55500.0,54000.0,54000.0,380020
2019-01-03,38429.5546875,53600.0,55000.0,52500.0,54400.0,450490
2019-01-04,39361.6171875,54900.0,55200.0,53000.0,53000.0,302070
2019-01-07,39576.703125,55200.0,55700.0,55100.0,55500.0,187920
2019-01-08,38788.0390625,54100.0,55500.0,53300.0,55500.0,352050
2019-01-09,38859.734375,54200.0,55200.0,54000.0,54900.0,343920
2019-01-10,39505.0078125,55100.0,55300.0,54400.0,54800.0,280830
2019-01-11,39648.40234375,55300.0,56000.0,55000.0,55400.0,337760
2019-01-14,39361.6171875,54900.0,55500.0,54100.0,55300.0,125040
2019-01-15,39648.40234375,55300.0,55800.0,54600.0,54900.0,230330
2019-01-16,39791.796875,55500.0,56300.0,55400.0,56000.0,252480
2019-01-17,39218.21484375,54700.0,55700.0,54700.0,55500.0,197100
2019-01-18,39003.12890625,54400.0,55200.0,54400.0,54700.0,188280
2019-01-21,39648.40234375,55300.0,55900.0,54300.0,55000.0,273200
2019-01-22,38357.8515625,53500.0,55000.0,53400.0,55000.0,729490
2019-01-23,38142.7578125,53200.0,53900.0,53000.0,53000.0,486420
2019-01-24,38142.7578125,53200.0,53800.0,53100.0,53200.0,653530
2019-01-25,38572.9453125,53800.0,53900.0,53200.0,53200.0,169160
2019-01-28,38357.8515625,53500.0,54200.0,53400.0,54000.0,516670
2019-01-29,38357.8515625,53500.0,53600.0,53100.0,53400.0,311730
2019-01-30,38214.46484375,53300.0,53700.0,53300.0,53500.0,452470
2019-01-31,38644.640625,53900.0,54600.0,53300.0,54000.0,911200
2019-02-01,38357.8515625,53500.0,54200.0,53500.0,53600.0,1199400
2019-02-04,38357.8515625,53500.0,53500.0,53500.0,53500.0,0
2019-02-05,38357.8515625,53500.0,53500.0,53500.0,53500.0,0
2019-02-06,38357.8515625,53500.0,53500.0,53500.0,53500.0,0
2019-02-07,38357.8515625,53500.0,53500.0,53500.0,53500.0,0
2019-02-08,38357.8515625,53500.0,53500.0,53500.0,53500.0,0
2019-02-11,39863.48828125,55600.0,55600.0,54200.0,54500.0,746520
2019-02-12,39935.19140625,55700.0,56300.0,55400.0,56000.0,957300
2019-02-13,40938.9453125,57100.0,57300.0,55700.0,55700.0,1941970
2019-02-14,40652.15234375,56700.0,57400.0,56600.0,57000.0,1004440
2019-02-15,40652.15234375,56700.0,57600.0,56500.0,56700.0,1351010
2019-02-18,40652.15234375,56700.0,56700.0,56700.0,56700.0,0
2019-02-19,41369.12890625,57700.0,59000.0,57500.0,58800.0,1293550
2019-02-20,40723.8515625,56800.0,57700.0,56600.0,57700.0,927820
2019-02-21,41799.30859375,58300.0,58400.0,56900.0,56900.0,1723040
2019-02-22,41942.703125,58500.0,59000.0,57800.0,57800.0,1129680
2019-02-25,42014.39453125,58600.0,59400.0,58600.0,59000.0,1366700
2019-02-26,40867.25390625,57000.0,58500.0,57000.0,58400.0,1456500
2019-02-27,40652.15234375,56700.0,57600.0,56400.0,57500.0,1784860
2019-02-28,40508.76171875,56500.0,57500.0,56300.0,57000.0,2532900
2019-03-01,42014.39453125,58600.0,58700.0,56500.0,56500.0,2076360
2019-03-04,43304.94140625,60400.0,60800.0,58600.0,58600.0,3433740
2019-03-05,42587.9765625,59400.0,60600.0,59100.0,59900.0,2693520
2019-03-06,44093.60546875,61500.0,61500.0,59400.0,59500.0,3156200
2019-03-07,43735.12109375,61000.0,62000.0,60900.0,61500.0,1802470
2019-03-08,43735.12109375,61000.0,61000.0,61000.0,61000.0,0
2019-03-11,43304.94140625,60400.0,60700.0,59800.0,60500.0,2131290
2019-03-12,44452.09375,62000.0,62000.0,60800.0,61200.0,2858810
2019-03-13,44308.69921875,61800.0,62800.0,61600.0,62000.0,2346380
2019-03-14,43878.51953125,61200.0,62500.0,61000.0,62500.0,1532650
2019-03-15,44738.8828125,62400.0,62600.0,60900.0,61200.0,2274270
2019-03-18,44810.58203125,62500.0,63300.0,61700.0,62400.0,1714570
2019-03-19,44523.79296875,62100.0,62800.0,61800.0,62500.0,1816150
2019-03-20,44237.0078125,61700.0,62000.0,60800.0,61700.0,1699650
2019-03-21,42659.671875,59500.0,62200.0,58000.0,62000.0,2115260
2019-03-22,42301.18359375,59000.0,59900.0,58900.0,59900.0,1606140
2019-03-25,41584.21875,58000.0,58500.0,57400.0,57900.0,1861980
2019-03-26,41369.12890625,57700.0,58900.0,57500.0,58900.0,1212450
2019-03-27,42157.79296875,58800.0,59000.0,58000.0,58900.0,621860
2019-03-28,42659.671875,59500.0,59700.0,58000.0,58400.0,836530
2019-03-29,42587.9765625,59400.0,60000.0,59300.0,59500.0,1256540
2019-04-01,43735.12109375,61000.0,61000.0,59700.0,59700.0,1200470
2019-04-02,43233.24609375,60300.0,61700.0,60200.0,61500.0,655270
2019-04-03,43591.73046875,60800.0,61100.0,60200.0,60300.0,829910
2019-04-04,43591.73046875,60800.0,61100.0,60600.0,60800.0,608720
2019-04-05,44021.91015625,61400.0,61500.0,60600.0,60800.0,773290
2019-04-08,44882.2734375,62600.0,62700.0,61500.0,62000.0,1412570
2019-04-09,44308.69921875,61800.0,63000.0,61800.0,63000.0,1635520
2019-04-10,43735.12109375,61000.0,61800.0,60700.0,61300.0,830410
2019-04-11,43591.73046875,60800.0,61300.0,60600.0,61300.0,607620
2019-04-12,43735.12109375,61000.0,61100.0,60300.0,60500.0,424050
2019-04-15,43735.12109375,61000.0,61000.0,61000.0,61000.0,0
2019-04-16,43735.12109375,61000.0,61200.0,60200.0,60200.0,775260
2019-04-17,43806.8203125,61100.0,62100.0,61100.0,61300.0,1350850
2019-04-18,43376.64453125,60500.0,61200.0,59800.0,61000.0,538860
2019-04-19,43520.02734375,60700.0,61000.0,60400.0,60600.0,457310
2019-04-22,43376.64453125,60500.0,61200.0,60200.0,60600.0,488510
2019-04-23,43950.21875,61300.0,61600.0,60500.0,60500.0,757150
2019-04-24,44308.69921875,61800.0,61900.0,61400.0,61400.0,790290
2019-04-25,44093.60546875,61500.0,61700.0,61200.0,61200.0,354690
2019-04-26,44667.1875,62300.0,62400.0,61300.0,61300.0,1410390
2019-04-29,44667.1875,62300.0,62300.0,62300.0,62300.0,0
2019-04-30,44667.1875,62300.0,62300.0,62300.0,62300.0,0
2019-05-01,44667.1875,62300.0,62300.0,62300.0,62300.0,0
2019-05-02,44810.58203125,62500.0,62800.0,62000.0,62800.0,443010
2019-05-03,44165.30859375,61600.0,62500.0,61600.0,62500.0,332640
2019-05-06,43735.12109375,61000.0,61300.0,60500.0,60800.0,1048040
2019-05-07,43878.51953125,61200.0,61700.0,61000.0,61300.0,417000
2019-05-08,43663.4296875,60900.0,61300.0,60500.0,61000.0,415580
2019-05-09,43448.34375,60600.0,61200.0,60500.0,60900.0,536070
2019-05-10,43950.21875,61300.0,61700.0,60700.0,61100.0,327390
2019-05-13,43591.73046875,60800.0,61500.0,60800.0,61500.0,257440
2019-05-14,44738.8828125,62400.0,62400.0,60800.0,60800.0,1070900
2019-05-15,46172.8203125,64400.0,65000.0,62700.0,62700.0,1828520
2019-05-16,46172.8203125,64400.0,65000.0,64000.0,64400.0,837330
2019-05-17,46459.60546875,64800.0,65500.0,64400.0,64800.0,768370
2019-05-20,47463.36328125,66200.0,66500.0,64500.0,64800.0,1066800
2019-05-21,47033.18359375,65600.0,66300.0,65200.0,66200.0,736610
2019-05-22,47535.05859375,66300.0,66500.0,65600.0,65900.0,988930
2019-05-23,48395.4296875,67500.0,67500.0,65200.0,66000.0,1139760
2019-05-24,47319.96875,66000.0,67000.0,65500.0,66500.0,1466210
2019-05-27,47319.96875,66000.0,66400.0,65700.0,66000.0,653220
2019-05-28,48323.73046875,67400.0,67400.0,65900.0,66400.0,760700
2019-05-29,47893.54296875,66800.0,67100.0,66500.0,67100.0,534840
2019-05-30,48341.1484375,64800.0,65200.0,64600.0,65000.0,701090
2019-05-31,47072.9375,63100.0,64600.0,62900.0,64500.0,1037660
2019-06-03,45730.125,61300.0,62500.0,60000.0,60000.0,1010070
2019-06-04,46401.53125,62200.0,62200.0,61300.0,62000.0,385590
2019-06-05,46252.3359375,62000.0,63000.0,61900.0,63000.0,289450
2019-06-06,46028.53125,61700.0,62300.0,60500.0,60500.0,347040
2019-06-07,46550.73828125,62400.0,62500.0,61100.0,62500.0,329820
2019-06-10,46550.73828125,62400.0,63100.0,62200.0,62400.0,277790
2019-06-11,46550.73828125,62400.0,62900.0,62100.0,62100.0,371780
2019-06-12,46103.12890625,61800.0,62400.0,61800.0,62400.0,276490
2019-06-13,45879.328125,61500.0,62000.0,61200.0,61300.0,188640
2019-06-14,45804.7265625,61400.0,62100.0,61400.0,61900.0,138480
2019-06-17,45730.125,61300.0,62000.0,61100.0,62000.0,204660
2019-06-18,45506.328125,61000.0,61500.0,60700.0,61100.0,210760
2019-06-19,45879.328125,61500.0,62000.0,61200.0,62000.0,207820
2019-06-20,47371.34375,63500.0,63900.0,61500.0,61900.0,839620
2019-06-21,46998.3359375,63000.0,64000.0,62700.0,63600.0,501900
2019-06-24,46625.33984375,62500.0,63000.0,62200.0,63000.0,489060
2019-06-25,46177.73046875,61900.0,62400.0,61700.0,62400.0,589610
2019-06-26,46849.140625,62800.0,62900.0,61900.0,61900.0,296970
2019-06-27,46177.73046875,61900.0,62900.0,61900.0,62600.0,217100
2019-06-28,44387.3203125,59500.0,62500.0,59500.0,62300.0,597200
2019-07-01,47222.14453125,63300.0,63300.0,61600.0,62000.0,784510
2019-07-02,47893.54296875,64200.0,64300.0,63300.0,63400.0,2425770
2019-07-03,47744.34765625,64000.0,64400.0,63800.0,64100.0,1463210
2019-07-04,47744.34765625,64000.0,64000.0,64000.0,64000.0,0
2019-07-05,47744.34765625,64000.0,64000.0,64000.0,64000.0,0
2019-07-08,47669.7421875,63900.0,64800.0,63800.0,64800.0,1660650
2019-07-09,47669.7421875,63900.0,63900.0,63900.0,63900.0,0
2019-07-10,47744.34765625,64000.0,64200.0,63800.0,63900.0,1606680
2019-07-11,48191.94140625,64600.0,64700.0,64100.0,64100.0,920080
2019-07-12,48117.34765625,64500.0,64800.0,64400.0,64800.0,3474210
2019-07-15,48191.94140625,64600.0,64900.0,64500.0,64800.0,446330
2019-07-16,47968.14453125,64300.0,64600.0,64100.0,64500.0,2151300
2019-07-17,47968.14453125,64300.0,64600.0,64100.0,64400.0,2686790
2019-07-18,47893.54296875,64200.0,64400.0,64100.0,64300.0,2228450
2019-07-19,47818.9453125,64100.0,64400.0,64100.0,64200.0,1465170
2019-07-22,47893.54296875,64200.0,64500.0,63800.0,64000.0,1367300
2019-07-23,47893.54296875,64200.0,64500.0,64100.0,64200.0,1450530
2019-07-24,49236.3515625,66000.0,66200.0,64500.0,64500.0,2628590
2019-07-25,49236.3515625,66000.0,66000.0,66000.0,66000.0,0
2019-07-26,49236.3515625,66000.0,66000.0,66000.0,66000.0,0
2019-07-29,49236.3515625,66000.0,66000.0,66000.0,66000.0,0
2019-07-30,49236.3515625,66000.0,66000.0,66000.0,66000.0,0
2019-07-31,48863.3515625,65500.0,65500.0,64600.0,64600.0,1004830
2019-08-01,48490.34765625,65000.0,65500.0,64800.0,65200.0,525830
2019-08-02,48490.34765625,65000.0,65300.0,63500.0,64100.0,960480
2019-08-05,47072.9375,63100.0,65000.0,63100.0,65000.0,1319140
2019-08-06,47072.9375,63100.0,63100.0,63100.0,63100.0,0
2019-08-07,46252.3359375,62000.0,62400.0,61200.0,61300.0,797090
2019-08-08,46401.53125,62200.0,62600.0,61400.0,61500.0,457730
2019-08-09,46401.53125,62200.0,62200.0,62200.0,62200.0,0
2019-08-12,46550.73828125,62400.0,62500.0,61800.0,62200.0,383980
2019-08-13,47147.546875,63200.0,63500.0,62000.0,62400.0,691380
2019-08-14,46550.73828125,62400.0,63600.0,62400.0,63300.0,267530
2019-08-15,45879.328125,61500.0,61900.0,61000.0,61100.0,462000
2019-08-16,45879.328125,61500.0,61500.0,61500.0,61500.0,0
2019-08-19,45879.328125,61500.0,61500.0,61500.0,61500.0,0
2019-08-20,45879.328125,61500.0,61500.0,61500.0,61500.0,0
2019-08-21,46699.9375,62600.0,63200.0,62400.0,62500.0,562620
2019-08-22,46699.9375,62600.0,62800.0,62500.0,62800.0,125060
2019-08-23,46252.3359375,62000.0,62900.0,61800.0,62900.0,192970
2019-08-26,45357.12890625,60800.0,61500.0,60500.0,61400.0,594700
2019-08-27,45655.5234375,61200.0,61300.0,60500.0,61000.0,569790
2019-08-28,45506.328125,61000.0,61600.0,60800.0,61600.0,279140
2019-08-29,45506.328125,61000.0,61200.0,60700.0,61200.0,401390
2019-08-30,45879.328125,61500.0,61800.0,61100.0,61200.0,266590
2019-09-02,45879.328125,61500.0,61500.0,61500.0,61500.0,0
2019-09-03,45282.5234375,60700.0,61600.0,60700.0,61400.0,191130
2019-09-04,45282.5234375,60700.0,60800.0,59900.0,60500.0,339310
2019-09-05,45506.328125,61000.0,61200.0,60700.0,60800.0,203850
2019-09-06,45207.92578125,60600.0,61200.0,60600.0,61200.0,121490
2019-09-09,46177.73046875,61900.0,62100.0,60500.0,60600.0,384500
2019-09-10,46252.3359375,62000.0,62900.0,61900.0,61900.0,512930
2019-09-11,45879.328125,61500.0,62300.0,60900.0,62100.0,151290
2019-09-12,45879.328125,61500.0,62000.0,61300.0,61900.0,124610
2019-09-13,46103.12890625,61800.0,62300.0,61000.0,61000.0,183100
2019-09-16,46699.9375,62600.0,63200.0,62300.0,63000.0,485880
2019-09-17,46625.33984375,62500.0,62800.0,62000.0,62700.0,143200
2019-09-18,45730.125,61300.0,62400.0,61200.0,62400.0,405970
2019-09-19,45580.93359375,61100.0,61500.0,60900.0,61300.0,216260
2019-09-20,45655.5234375,61200.0,61500.0,61100.0,61100.0,312880
2019-09-23,45953.93359375,61600.0,61800.0,61200.0,61200.0,283030
2019-09-24,45431.72265625,60900.0,61600.0,60900.0,61600.0,356990
2019-09-25,44909.5234375,60200.0,60900.0,60200.0,60900.0,426000
2019-09-26,45207.92578125,60600.0,60600.0,60000.0,60200.0,353370
2019-09-27,45133.32421875,60500.0,61200.0,60300.0,60400.0,338900
2019-09-30,45133.32421875,60500.0,60900.0,60300.0,60800.0,328980
2019-10-01,45207.92578125,60600.0,60900.0,60200.0,60500.0,259680
2019-10-02,44834.92578125,60100.0,60800.0,60100.0,60600.0,318030
2019-10-03,44760.328125,60000.0,60100.0,59100.0,60000.0,286780
2019-10-04,43268.3125,58000.0,59500.0,58000.0,59500.0,1596720
2019-10-07,43417.51171875,58200.0,58800.0,58000.0,58000.0,514690
2019-10-08,43492.109375,58300.0,58400.0,57900.0,58200.0,350280
2019-10-09,43119.109375,57800.0,58200.0,57700.0,58200.0,391020
2019-10-10,42447.70703125,56900.0,58200.0,56900.0,57700.0,559760
2019-10-11,43641.3203125,58500.0,58500.0,57000.0,57000.0,485200
2019-10-14,43715.91796875,58600.0,59200.0,58600.0,59000.0,242490
2019-10-15,43715.91796875,58600.0,58800.0,58500.0,58600.0,184230
2019-10-16,43342.9140625,58100.0,58700.0,58000.0,58600.0,267570
2019-10-17,42969.91015625,57600.0,58500.0,57400.0,58100.0,251210
2019-10-18,43193.71875,57900.0,58200.0,57700.0,58000.0,132570
2019-10-21,42895.30859375,57500.0,57900.0,57300.0,57300.0,127700
2019-10-22,42895.30859375,57500.0,57800.0,57300.0,57300.0,113800
2019-10-23,42671.50390625,57200.0,58000.0,57100.0,57600.0,158830
2019-10-24,42895.30859375,57500.0,57500.0,57200.0,57200.0,91820
2019-10-25,43119.109375,57800.0,57800.0,57500.0,57800.0,79760
2019-10-28,43268.3125,58000.0,58300.0,57600.0,57600.0,176010
2019-10-29,43492.109375,58300.0,58600.0,57800.0,57800.0,221780
2019-10-30,44238.1171875,59300.0,59800.0,58100.0,58200.0,440360
2019-10-31,44238.1171875,59300.0,59500.0,58900.0,59300.0,173690
2019-11-01,44312.72265625,59400.0,59500.0,58500.0,59000.0,217150
2019-11-04,44461.92578125,59600.0,60200.0,59500.0,59500.0,415000
2019-11-05,44536.51953125,59700.0,59900.0,59500.0,59700.0,185570
2019-11-06,44163.51953125,59200.0,59700.0,59200.0,59700.0,103730
2019-11-07,43939.71875,58900.0,59400.0,58800.0,59400.0,265630
2019-11-08,44014.31640625,59000.0,59200.0,58800.0,58800.0,207400
2019-11-11,44088.921875,59100.0,59400.0,58800.0,59000.0,152130
2019-11-12,44461.92578125,59600.0,60100.0,59000.0,59100.0,695520
2019-11-13,44461.92578125,59600.0,60100.0,59500.0,59800.0,470780
2019-11-14,44834.92578125,60100.0,60500.0,59600.0,59600.0,467570
2019-11-15,44685.71875,59900.0,60200.0,59900.0,60100.0,253570
2019-11-18,44163.51953125,59200.0,60700.0,59200.0,60700.0,205630
2019-11-19,44760.328125,60000.0,60000.0,59200.0,59600.0,219050
2019-11-20,44536.51953125,59700.0,60000.0,59500.0,59700.0,306300
2019-11-21,44536.51953125,59700.0,59900.0,59400.0,59700.0,130770
2019-11-22,43566.71484375,58400.0,59700.0,58200.0,59500.0,321550
2019-11-25,44014.31640625,59000.0,59100.0,58400.0,58400.0,271420
2019-11-26,44163.51953125,59200.0,59700.0,59100.0,59300.0,198130
2019-11-27,43715.91796875,58600.0,59400.0,58600.0,59300.0,147990
2019-11-28,43268.3125,58000.0,59100.0,57800.0,58800.0,133830
2019-11-29,42969.91015625,57600.0,58500.0,57400.0,58200.0,96980
2019-12-02,42298.50390625,56700.0,58100.0,56700.0,57800.0,136100
2019-12-06,42074.69921875,56400.0,56900.0,56300.0,56900.0,19860
2019-12-09,42000.10546875,56300.0,56900.0,56300.0,56400.0,81150
2019-12-10,41477.8984375,55600.0,56300.0,54300.0,56300.0,222890
2019-12-11,40806.4921875,54700.0,55800.0,54300.0,55800.0,208350
2019-12-12,41179.4921875,55200.0,55400.0,54800.0,54800.0,125260
2019-12-13,41328.69921875,55400.0,55700.0,55200.0,55300.0,127970
2019-12-16,41925.5,56200.0,56200.0,55500.0,55900.0,120880
2019-12-17,41477.8984375,55600.0,56300.0,55500.0,56200.0,67180
2019-12-18,41477.8984375,55600.0,55600.0,55300.0,55300.0,121920
2019-12-19,41328.69921875,55400.0,56100.0,55100.0,56000.0,60710
2019-12-20,42447.70703125,56900.0,56900.0,55400.0,55400.0,205110
2019-12-23,41850.90234375,56100.0,57300.0,56000.0,56900.0,155940
2019-12-24,41850.90234375,56100.0,56700.0,56100.0,56100.0,88060
2019-12-25,41850.90234375,56100.0,56900.0,55900.0,56900.0,113790
2019-12-26,41701.69921875,55900.0,56100.0,55800.0,55900.0,73400
2019-12-27,42074.69921875,56400.0,56600.0,55600.0,55800.0,68050
2019-12-30,41776.296875,56000.0,56700.0,55900.0,56700.0,102990
2019-12-31,41776.296875,56000.0,56400.0,55500.0,56400.0,75980
2020-01-01,41776.296875,56000.0,56000.0,56000.0,56000.0,0
2020-01-02,42149.30078125,56500.0,57100.0,55400.0,56100.0,380760
2020-01-03,42596.90625,57100.0,58100.0,56600.0,56600.0,586600
2020-01-06,42746.1015625,57300.0,58000.0,57100.0,58000.0,497990
2020-01-07,42149.30078125,56500.0,57500.0,56400.0,57500.0,290780
2020-01-08,41552.49609375,55700.0,57000.0,55600.0,57000.0,237220
2020-01-09,41925.5,56200.0,56300.0,55700.0,55700.0,128140
2020-01-10,41552.49609375,55700.0,56500.0,55700.0,56200.0,135340
2020-01-13,41701.69921875,55900.0,56200.0,55600.0,55700.0,166780
2020-01-14,41403.30078125,55500.0,55800.0,55200.0,55800.0,94530
2020-01-15,41328.69921875,55400.0,55500.0,54700.0,55500.0,176290
2020-01-16,41552.49609375,55700.0,56100.0,55200.0,55500.0,176180
2020-01-17,41925.5,56200.0,56800.0,56000.0,56000.0,128190
2020-01-20,41776.296875,56000.0,56400.0,55700.0,56200.0,265570
2020-01-21,42447.70703125,56900.0,57000.0,56300.0,56400.0,605240
2020-01-22,42746.1015625,57300.0,57700.0,56900.0,56900.0,392620
2020-01-23,42746.1015625,57300.0,57300.0,57300.0,57300.0,0
2020-01-24,42746.1015625,57300.0,57300.0,57300.0,57300.0,0
2020-01-27,42746.1015625,57300.0,57300.0,57300.0,57300.0,0
2020-01-28,42746.1015625,57300.0,57300.0,57300.0,57300.0,0
2020-01-29,42746.1015625,57300.0,57300.0,57300.0,57300.0,0
2020-01-30,41328.69921875,55400.0,56800.0,55400.0,56000.0,314560
2020-01-31,39538.28515625,53000.0,55700.0,53000.0,55700.0,672920
2020-02-03,38046.26953125,51000.0,51400.0,49300.0,49550.0,594560
2020-02-04,37822.4765625,50700.0,52000.0,50000.0,51800.0,578180
2020-02-05,38419.2734375,51500.0,52000.0,50800.0,50800.0,186410
2020-02-06,38792.27734375,52000.0,52300.0,51200.0,51500.0,547380
2020-02-07,38643.07421875,51800.0,52500.0,51700.0,52300.0,345610
2020-02-10,38493.8828125,51600.0,51800.0,50700.0,51300.0,357180
2020-02-11,39389.08203125,52800.0,52800.0,51500.0,51600.0,427820
2020-02-12,39463.68359375,52900.0,53100.0,52800.0,52800.0,637550
2020-02-13,39762.08984375,53300.0,53800.0,52800.0,52800.0,506100
2020-02-14,39762.08984375,53300.0,53700.0,53200.0,53300.0,612290
2020-02-17,39612.88671875,53100.0,53400.0,52700.0,53300.0,371440
2020-02-18,39389.08203125,52800.0,53000.0,52600.0,53000.0,254370
2020-02-19,39463.68359375,52900.0,53300.0,52800.0,52900.0,337410
2020-02-20,39687.48828125,53200.0,53500.0,53100.0,53300.0,292760
2020-02-21,39389.08203125,52800.0,53400.0,52800.0,53400.0,288010
2020-02-24,37747.875,50600.0,52000.0,50300.0,51500.0,441450
2020-02-25,37897.0703125,50800.0,51000.0,50100.0,50400.0,282590
2020-02-26,37374.87109375,50100.0,50700.0,50100.0,50700.0,290260
2020-02-27,38195.4765625,51200.0,51200.0,50100.0,50100.0,238530
2020-02-28,38493.8828125,51600.0,52100.0,50200.0,50200.0,290640
2020-03-02,37897.0703125,50800.0,51600.0,50800.0,51600.0,135280
2020-03-03,37524.0703125,50300.0,51500.0,50300.0,51000.0,241940
2020-03-05,37524.0703125,50300.0,50800.0,50300.0,50700.0,165440
2020-03-06,37076.47265625,49700.0,50200.0,49600.0,50200.0,167080
2020-03-09,34502.75,46250.0,48000.0,46250.0,46250.0,262470
2020-03-10,32675.037109375,43800.0,45000.0,43050.0,43050.0,518640
2020-03-11,30511.6171875,40900.0,44800.0,40750.0,44800.0,385470
2020-03-12,28385.50390625,38050.0,40000.0,38050.0,40000.0,465400
2020-03-13,26968.09375,36150.0,38000.0,35400.0,35400.0,845640
2020-03-16,27453.001953125,36800.0,38200.0,36300.0,36300.0,632180
2020-03-17,29355.30859375,39350.0,39350.0,36500.0,37000.0,535980
2020-03-18,31406.826171875,42100.0,42100.0,40000.0,40900.0,880510
2020-03-19,29914.814453125,40100.0,41800.0,40100.0,41700.0,510280
2020-03-20,30287.822265625,40600.0,41500.0,40100.0,41000.0,381290
2020-03-23,28199.00390625,37800.0,39600.0,37800.0,39100.0,585750
2020-03-24,27975.197265625,37500.0,37900.0,35400.0,37800.0,1147220
2020-03-25,29914.814453125,40100.0,40100.0,38500.0,38500.0,469810
2020-03-26,29429.9140625,39450.0,41000.0,39000.0,40000.0,418920
2020-03-27,29467.2109375,39500.0,39600.0,38100.0,39000.0,713230
2020-03-30,28131.36328125,35800.0,37450.0,35100.0,35100.0,728950
2020-03-31,28681.419921875,36500.0,37450.0,35500.0,36000.0,383160
2020-04-01,30567.32421875,38900.0,39000.0,36000.0,36500.0,595360
2020-04-02,30567.32421875,38900.0,38900.0,38900.0,38900.0,0
2020-04-03,31353.111328125,39900.0,40400.0,39300.0,40200.0,851510
2020-04-06,31510.2734375,40100.0,41050.0,39900.0,40800.0,1924660
2020-04-07,30528.03125,38850.0,39400.0,38100.0,39100.0,1194700
2020-04-08,30174.423828125,38400.0,38800.0,38000.0,38400.0,941540
2020-04-09,31431.693359375,40000.0,41000.0,39000.0,39000.0,1936030
2020-04-10,32021.03515625,40750.0,41500.0,39600.0,40100.0,1638300
2020-04-13,31706.716796875,40350.0,41400.0,40350.0,40900.0,1328310
2020-04-14,31117.37890625,39600.0,40350.0,39000.0,40350.0,1122090
2020-04-15,31353.111328125,39900.0,40450.0,39150.0,39600.0,1210150
2020-04-16,32217.484375,41000.0,41400.0,39850.0,40000.0,1953570
2020-04-17,32531.802734375,41400.0,41650.0,40950.0,41600.0,1594470
2020-04-20,34496.28125,43900.0,44100.0,41400.0,41400.0,2466850
2020-04-21,32099.6171875,40850.0,42900.0,40850.0,41500.0,2649020
2020-04-22,31981.748046875,40700.0,40800.0,38800.0,39000.0,1125610
2020-04-23,31981.748046875,40700.0,41600.0,40500.0,41600.0,1233190
2020-04-24,32492.51171875,41350.0,41500.0,40600.0,41000.0,1094050
2020-04-27,31588.845703125,40200.0,41350.0,40150.0,41350.0,1102230
2020-04-28,31195.95703125,39700.0,40500.0,39050.0,40200.0,1226410
2020-04-29,31195.95703125,39700.0,39700.0,39700.0,39700.0,0
2020-04-30,31195.95703125,39700.0,39700.0,39700.0,39700.0,0
2020-05-01,31195.95703125,39700.0,39700.0,39700.0,39700.0,0
2020-05-04,31510.2734375,40100.0,41350.0,40000.0,41350.0,883050
2020-05-05,31746.0078125,40400.0,40650.0,39500.0,39500.0,545090
2020-05-06,32963.98828125,41950.0,42300.0,40900.0,41200.0,1700870
2020-05-07,33042.5625,42050.0,42400.0,41600.0,42000.0,1269830
2020-05-08,34417.70703125,43800.0,44950.0,42200.0,42200.0,2375610
2020-05-11,34810.59765625,44300.0,44500.0,43650.0,44000.0,1344010
2020-05-12,35792.83984375,45550.0,46000.0,43400.0,44300.0,1799500
2020-05-13,35871.421875,45650.0,46500.0,44600.0,45550.0,1755200
2020-05-14,35832.125,45600.0,45800.0,44850.0,45600.0,995730
2020-05-15,35832.125,45600.0,45600.0,45600.0,45600.0,0
2020-05-18,35832.125,45600.0,45600.0,45600.0,45600.0,0
2020-05-19,37325.1328125,47500.0,47500.0,46300.0,47500.0,1378600
2020-05-20,37325.1328125,47500.0,47500.0,47500.0,47500.0,0
2020-05-21,36932.23828125,47000.0,47500.0,46500.0,47000.0,1019750
2020-05-22,36460.76171875,46400.0,46900.0,46200.0,46900.0,795930
2020-05-25,36421.47265625,46350.0,46800.0,45500.0,46400.0,625220
2020-05-26,36932.23828125,47000.0,47000.0,46400.0,47000.0,626270
2020-05-27,36853.66015625,46900.0,47650.0,46900.0,47000.0,958690
2020-05-28,36775.078125,46800.0,47000.0,46550.0,46900.0,458950
2020-05-29,36264.3125,46150.0,46850.0,46050.0,46800.0,806010
2020-06-01,36382.18359375,46300.0,46700.0,46150.0,46150.0,817190
2020-06-02,36460.76171875,46400.0,47100.0,46150.0,46800.0,1306180
2020-06-03,36696.49609375,46700.0,47000.0,46500.0,46900.0,508870
2020-06-04,37050.109375,47150.0,47400.0,46900.0,47000.0,868580
2020-06-05,36932.23828125,47000.0,47200.0,45400.0,47200.0,586880
2020-06-08,36932.23828125,47000.0,47000.0,47000.0,47000.0,0
2020-06-09,36932.23828125,47000.0,47000.0,47000.0,47000.0,0
2020-06-10,37482.29296875,47700.0,47700.0,46600.0,47600.0,690860
2020-06-11,34889.1796875,44400.0,48000.0,44400.0,48000.0,997810
2020-06-12,35517.81640625,45200.0,45200.0,42900.0,42900.0,1063220
2020-06-15,34574.859375,44000.0,45500.0,43800.0,45500.0,638070
2020-06-16,34810.59765625,44300.0,45200.0,44100.0,44100.0,1056690
2020-06-17,35949.99609375,45750.0,45850.0,44300.0,44300.0,2149680
2020-06-18,36696.49609375,46700.0,47200.0,45600.0,45600.0,1266690
2020-06-19,36146.44140625,46000.0,47200.0,45900.0,47200.0,1795970
2020-06-22,36146.44140625,46000.0,46300.0,45100.0,46000.0,1997120
2020-06-23,36342.890625,46250.0,46500.0,45100.0,45900.0,2106770
2020-06-24,36067.8671875,45900.0,46250.0,45400.0,46250.0,1882350
2020-06-25,36028.57421875,45850.0,45900.0,44800.0,45400.0,1579880
2020-06-26,35989.2890625,45800.0,46200.0,45300.0,46000.0,1794130
2020-06-29,34967.7578125,44500.0,45650.0,44250.0,45650.0,2141710
2020-06-30,34967.7578125,44500.0,45200.0,44000.0,44500.0,1473030
2020-07-01,35439.23046875,45100.0,45200.0,44000.0,44600.0,1510610
2020-07-02,35753.546875,45500.0,45600.0,44450.0,45400.0,1347150
2020-07-03,36107.15625,45950.0,46200.0,45200.0,45500.0,599290
2020-07-06,36460.76171875,46400.0,46500.0,45750.0,45950.0,810350
2020-07-07,36539.33984375,46500.0,46800.0,46000.0,46800.0,583010
2020-07-08,36539.33984375,46500.0,46500.0,46000.0,46500.0,467240
2020-07-09,36578.62890625,46550.0,46700.0,46200.0,46500.0,678930
2020-07-10,36578.62890625,46550.0,46550.0,46550.0,46550.0,0
2020-07-13,36460.76171875,46400.0,46500.0,46250.0,46300.0,580920
2020-07-14,36460.76171875,46400.0,46400.0,45750.0,46300.0,425960
2020-07-15,36460.76171875,46400.0,46400.0,46400.0,46400.0,0
2020-07-16,36814.3671875,46850.0,47300.0,46600.0,46600.0,878460
2020-07-17,37325.1328125,47500.0,48300.0,46800.0,46850.0,1335770
2020-07-20,36460.76171875,46400.0,47250.0,46350.0,47100.0,574960
2020-07-21,36067.8671875,45900.0,46500.0,45550.0,46450.0,439810
2020-07-22,35596.390625,45300.0,46400.0,45000.0,46400.0,720410
2020-07-23,36146.44140625,46000.0,46150.0,45050.0,45300.0,368860
2020-07-24,35674.96875,45400.0,46000.0,43950.0,45800.0,876920
2020-07-27,33199.73046875,42250.0,43900.0,42250.0,42500.0,1119400
2020-07-28,34260.54296875,43600.0,45000.0,42100.0,42300.0,552420
2020-07-29,32649.673828125,41550.0,43500.0,41050.0,43000.0,399820
2020-07-30,33160.43359375,42200.0,42500.0,41800.0,42000.0,173730
2020-07-31,33160.43359375,42200.0,42600.0,41000.0,41800.0,359580
2020-08-03,34378.4140625,43750.0,44150.0,42000.0,42000.0,528550
2020-08-04,34967.7578125,44500.0,44500.0,43100.0,43750.0,382000
2020-08-05,34928.47265625,44450.0,44800.0,44100.0,44200.0,234150
2020-08-06,35046.3359375,44600.0,44800.0,44050.0,44400.0,432920
2020-08-07,35046.3359375,44600.0,44700.0,44300.0,44600.0,221640
2020-08-10,35517.81640625,45200.0,45400.0,44600.0,44600.0,310330
2020-08-11,35910.70703125,45700.0,45750.0,45150.0,45200.0,549990
2020-08-12,36539.33984375,46500.0,46500.0,45700.0,45700.0,660600
2020-08-13,36617.91796875,46600.0,47000.0,46350.0,46500.0,380300
2020-08-14,36617.91796875,46600.0,46650.0,46150.0,46200.0,509440
2020-08-17,36303.60546875,46200.0,46500.0,45950.0,46250.0,225870
2020-08-18,36185.734375,46050.0,46250.0,45950.0,46250.0,88390
2020-08-19,36932.23828125,47000.0,47000.0,45900.0,46050.0,562910
2020-08-20,36421.47265625,46350.0,47150.0,46300.0,47000.0,429540
2020-08-21,36578.62890625,46550.0,46850.0,46350.0,46350.0,548520
2020-08-24,38110.9296875,48500.0,48600.0,46900.0,46900.0,1037310
2020-08-25,39603.93359375,50400.0,50500.0,49000.0,49000.0,1227490
2020-08-26,40389.73046875,51400.0,51500.0,50400.0,50400.0,1298440
2020-08-27,41489.83984375,52800.0,53000.0,51400.0,51400.0,3326890
2020-08-28,41096.94140625,52300.0,53000.0,52000.0,52800.0,3804130
2020-08-31,41254.1015625,52500.0,53100.0,52000.0,52100.0,3631670
2020-09-01,41568.41796875,52900.0,53000.0,52100.0,53000.0,2076920
2020-09-02,41568.41796875,52900.0,52900.0,52900.0,52900.0,0
2020-09-03,43401.08984375,52100.0,52600.0,51400.0,52300.0,2055830
2020-09-04,42984.5703125,51600.0,52100.0,50700.0,51000.0,2920060
2020-09-07,42568.0546875,51100.0,51900.0,50800.0,51500.0,2220460
2020-09-08,42651.359375,51200.0,51800.0,50800.0,51500.0,1444420
2020-09-09,42401.4453125,50900.0,51000.0,50500.0,50800.0,1610170
2020-09-10,41735.01953125,50100.0,51200.0,50000.0,51100.0,1510640
2020-09-11,41735.01953125,50100.0,50100.0,50100.0,50100.0,0
2020-09-14,41485.109375,49800.0,50000.0,49650.0,49900.0,1309320
2020-09-15,41235.203125,49500.0,49900.0,49000.0,49800.0,1658590
2020-09-16,42318.1484375,50800.0,50800.0,49700.0,49700.0,221840
2020-09-17,41651.71875,50000.0,51100.0,49850.0,51000.0,210810
2020-09-18,41984.9296875,50400.0,50600.0,50000.0,50000.0,518560
2020-09-21,42234.84375,50700.0,50900.0,50300.0,50900.0,473020
2020-09-22,41984.9296875,50400.0,50700.0,50200.0,50700.0,170700
2020-09-23,42984.5703125,51600.0,51700.0,50200.0,50400.0,583370
2020-09-24,43067.87890625,51700.0,51800.0,51000.0,51700.0,273970
2020-09-25,42984.5703125,51600.0,51700.0,50900.0,51500.0,178820
2020-09-28,42734.66015625,51300.0,51700.0,51000.0,51700.0,177110
2020-09-29,42151.5390625,50600.0,51600.0,50600.0,51200.0,244710
2020-09-30,41901.625,50300.0,50800.0,50000.0,50600.0,178430
2020-10-01,42318.1484375,50800.0,51000.0,50500.0,51000.0,145990
2020-10-02,42151.5390625,50600.0,50800.0,50200.0,50600.0,232550
2020-10-05,41818.32421875,50200.0,50700.0,50200.0,50600.0,256340
2020-10-06,41818.32421875,50200.0,50800.0,50100.0,50800.0,245460
2020-10-07,41568.41796875,49900.0,50300.0,49900.0,50000.0,485060
2020-10-08,41485.109375,49800.0,50200.0,49800.0,50000.0,137770
2020-10-09,41443.453125,49750.0,50200.0,49750.0,49800.0,218150
2020-10-12,41110.24609375,49350.0,50000.0,49250.0,49800.0,282010
2020-10-13,41110.24609375,49350.0,49900.0,49250.0,49300.0,167150
2020-10-14,41235.203125,49500.0,49500.0,49200.0,49350.0,678810
2020-10-15,41485.109375,49800.0,50600.0,49800.0,49900.0,460270
2020-10-16,41610.0703125,49950.0,50200.0,49600.0,49600.0,251320
2020-10-19,41110.24609375,49350.0,50000.0,49300.0,50000.0,678150
2020-10-20,40901.9921875,49100.0,49500.0,48650.0,49000.0,571730
2020-10-21,40735.37890625,48900.0,49500.0,48700.0,49100.0,287910
2020-10-22,41151.890625,49400.0,49400.0,48550.0,49000.0,179460
2020-10-23,41235.203125,49500.0,49700.0,49100.0,49700.0,238360
2020-10-26,41651.71875,50000.0,50000.0,49200.0,49500.0,266000
2020-10-27,41151.890625,49400.0,50000.0,49300.0,49500.0,163610
2020-10-28,39569.1328125,47500.0,49200.0,47500.0,48800.0,247080
2020-10-29,40152.25390625,48200.0,48500.0,47200.0,47300.0,211090
2020-10-30,40818.68359375,49000.0,49000.0,47100.0,48200.0,523960
2020-11-02,40277.2109375,48350.0,48700.0,48250.0,48500.0,122440
2020-11-03,40235.55859375,48300.0,48800.0,48300.0,48700.0,80450
2020-11-04,40652.078125,48800.0,49150.0,48400.0,48400.0,199140
2020-11-05,40568.7734375,48700.0,49150.0,48700.0,48900.0,255810
2020-11-06,40235.55859375,48300.0,48800.0,48000.0,48750.0,147850
2020-11-09,40402.1640625,48500.0,48700.0,48300.0,48300.0,266160
2020-11-10,40693.73046875,48850.0,49900.0,45150.0,49900.0,1107700
2020-11-11,40693.73046875,48850.0,49600.0,48350.0,49000.0,512860
2020-11-12,40485.46484375,48600.0,49100.0,48450.0,48850.0,356940
2020-11-13,40652.078125,48800.0,48800.0,48050.0,48300.0,459050
2020-11-16,40110.60546875,48150.0,49300.0,48150.0,49000.0,896740
2020-11-17,40318.8671875,48400.0,48600.0,48150.0,48400.0,468290
2020-11-18,40318.8671875,48400.0,48750.0,48350.0,48600.0,485750
2020-11-19,42234.84375,50700.0,51400.0,48600.0,48700.0,1877310
2020-11-20,42151.5390625,50600.0,51100.0,50600.0,50900.0,705480
2020-11-23,42234.84375,50700.0,51300.0,49900.0,50700.0,776920
2020-11-24,41818.32421875,50200.0,50900.0,49600.0,50800.0,886820
2020-11-25,41984.9296875,50400.0,51000.0,50200.0,51000.0,694950
2020-11-26,42817.96484375,51400.0,52200.0,50200.0,50300.0,1630020
2020-11-27,42734.66015625,51300.0,51900.0,50900.0,51400.0,627770
2020-11-30,42318.1484375,50800.0,51600.0,50800.0,51400.0,515420
2020-12-01,42151.5390625,50600.0,50800.0,49500.0,50000.0,907360
2020-12-02,42401.4453125,50900.0,51400.0,50000.0,50600.0,632830
2020-12-03,42151.5390625,50600.0,51300.0,50300.0,51300.0,688180
2020-12-04,42318.1484375,50800.0,51600.0,50600.0,50900.0,901290
2020-12-07,42734.66015625,51300.0,51400.0,51000.0,51400.0,534840
2020-12-08,42234.84375,50700.0,51400.0,50600.0,51300.0,768990
2020-12-09,43567.69921875,52300.0,53000.0,50700.0,50900.0,1540750
2020-12-10,42984.5703125,51600.0,53000.0,51600.0,52300.0,906890
2020-12-11,44150.8203125,53000.0,53000.0,51700.0,52500.0,1131390
2020-12-14,45400.37109375,54500.0,54500.0,53200.0,53300.0,1162870
2020-12-15,44900.55078125,53900.0,55000.0,53500.0,54000.0,1249090
2020-12-16,44733.94140625,53700.0,54000.0,53500.0,53800.0,651030
2020-12-17,43567.69921875,52300.0,53700.0,51800.0,53400.0,1365140
2020-12-18,44817.24609375,53800.0,53800.0,52300.0,52300.0,839990
2020-12-21,44983.85546875,54000.0,54100.0,53200.0,54000.0,838750
2020-12-22,44983.85546875,54000.0,54000.0,54000.0,54000.0,0
2020-12-23,44234.12109375,53100.0,54300.0,53100.0,53100.0,866960
2020-12-24,43900.91015625,52700.0,53800.0,49500.0,53400.0,833500
2020-12-25,44234.12109375,53100.0,53200.0,52000.0,52800.0,394190
2020-12-28,45650.28125,54800.0,55400.0,53100.0,53800.0,1758050
2020-12-29,45566.984375,54700.0,55700.0,54100.0,55000.0,1165010
2020-12-30,45733.5859375,54900.0,55500.0,54500.0,54900.0,456950
2020-12-31,45483.671875,54600.0,55000.0,54500.0,54600.0,566460
2021-01-01,45483.671875,54600.0,54600.0,54600.0,54600.0,0
2021-01-04,45733.5859375,54900.0,55900.0,54600.0,55000.0,133000
2021-01-05,45900.19140625,55100.0,55600.0,54600.0,55000.0,74680
2021-01-06,46066.796875,55300.0,56700.0,55200.0,55900.0,69180
2021-01-07,46316.7109375,55600.0,56300.0,55200.0,55500.0,75550
2021-01-08,46816.52734375,56200.0,57700.0,55800.0,56100.0,131480
2021-01-11,47732.8671875,57300.0,58500.0,56900.0,57900.0,114070
2021-01-12,47732.8671875,57300.0,57900.0,56800.0,57400.0,65630
2021-01-13,47482.95703125,57000.0,58000.0,56900.0,57900.0,79270
2021-01-14,46816.52734375,56200.0,57200.0,56000.0,56600.0,118770
2021-01-15,46649.921875,56000.0,56600.0,55300.0,56200.0,123600
2021-01-18,46733.22265625,56100.0,57200.0,55500.0,56000.0,124080
2021-01-19,44150.8203125,53000.0,56500.0,52500.0,56500.0,80590
2021-01-20,44400.73046875,53300.0,54000.0,52000.0,53200.0,136810
2021-01-21,45733.5859375,54900.0,55000.0,53500.0,54300.0,96130
2021-01-22,45233.765625,54300.0,55800.0,54300.0,55000.0,99080
2021-01-25,44900.55078125,53900.0,54800.0,53900.0,54800.0,90640
2021-01-26,43817.60546875,52600.0,54500.0,52100.0,53900.0,119890
2021-01-27,42234.84375,50700.0,52900.0,50600.0,52600.0,116870
2021-01-28,39319.22265625,47200.0,49800.0,47200.0,48700.0,159380
2021-01-29,40818.68359375,49000.0,50500.0,45500.0,45500.0,73490
2021-02-01,40402.1640625,48500.0,50000.0,48100.0,49000.0,69320
2021-02-02,41401.80859375,49700.0,50100.0,48200.0,48500.0,107860
2021-02-03,42068.23046875,50500.0,51200.0,49900.0,49900.0,70780
2021-02-04,42734.66015625,51300.0,51300.0,50300.0,51000.0,36470
2021-02-05,43484.390625,52200.0,52200.0,51300.0,51300.0,57040
2021-02-08,43317.78125,52000.0,54000.0,50100.0,52800.0,208870
2021-02-09,43317.78125,52000.0,52000.0,52000.0,52000.0,0
2021-02-10,43317.78125,52000.0,52000.0,52000.0,52000.0,0
2021-02-11,43317.78125,52000.0,52000.0,52000.0,52000.0,0
2021-02-12,43317.78125,52000.0,52000.0,52000.0,52000.0,0
2021-02-15,43317.78125,52000.0,52000.0,52000.0,52000.0,0
2021-02-16,43317.78125,52000.0,52000.0,52000.0,52000.0,0
2021-02-17,46400.01171875,55700.0,55800.0,53100.0,54300.0,127120
2021-02-18,46733.22265625,56100.0,56300.0,55500.0,55900.0,130460
2021-02-19,46816.52734375,56200.0,56300.0,55200.0,55600.0,146600
2021-02-22,47649.5625,57200.0,58000.0,56100.0,56200.0,213370
2021-02-23,47316.34765625,56800.0,57900.0,56300.0,57900.0,131400
2021-02-24,47316.34765625,56800.0,56800.0,56800.0,56800.0,0
2021-02-25,47316.34765625,56800.0,56800.0,56800.0,56800.0,0
2021-02-26,48482.59765625,58200.0,58200.0,57000.0,57000.0,131930
2021-03-01,49149.02734375,59000.0,59100.0,58200.0,58300.0,529200
2021-03-02,48815.8125,58600.0,59600.0,58500.0,59500.0,385800
2021-03-03,48732.5078125,58500.0,58700.0,58100.0,58600.0,428630
2021-03-04,48149.3828125,57800.0,58900.0,56000.0,58500.0,434850
2021-03-05,48315.9921875,58000.0,58500.0,57500.0,58100.0,489470
2021-03-08,48649.203125,58400.0,59200.0,57900.0,59200.0,385220
2021-03-09,47149.7421875,56600.0,58000.0,56500.0,58000.0,409720
2021-03-10,46483.3203125,55800.0,56600.0,55600.0,56500.0,429800
2021-03-11,46316.7109375,55600.0,57000.0,55300.0,56100.0,290550
2021-03-12,46316.7109375,55600.0,56500.0,55600.0,56200.0,212720
2021-03-15,47566.26171875,57100.0,58000.0,55200.0,55200.0,455160
2021-03-16,48149.3828125,57800.0,58000.0,56200.0,57000.0,496460
2021-03-17,48149.3828125,57800.0,57900.0,57200.0,57200.0,473960
2021-03-18,48066.078125,57700.0,57900.0,57500.0,57800.0,344290
2021-03-19,46899.8359375,56300.0,57000.0,55600.0,56700.0,449340
2021-03-22,46649.921875,56000.0,56800.0,56000.0,56300.0,96370
2021-03-23,47649.5625,57200.0,57600.0,55800.0,56000.0,175380
2021-03-24,46899.8359375,56300.0,56800.0,56000.0,56800.0,169490
2021-03-25,46816.52734375,56200.0,56500.0,55800.0,56100.0,88950
2021-03-26,46566.62109375,55900.0,56000.0,53000.0,55900.0,114820
2021-03-29,46316.7109375,55600.0,56600.0,55600.0,56500.0,66260
2021-03-30,46233.40625,55500.0,56100.0,55400.0,55600.0,96930
2021-03-31,45900.19140625,55100.0,56700.0,55100.0,55500.0,93590
2021-04-01,46899.8359375,56300.0,56400.0,55100.0,55100.0,67990
2021-04-02,47066.4375,56500.0,57000.0,56400.0,56600.0,104670
2021-04-05,46566.62109375,55900.0,57500.0,55600.0,57500.0,166240
2021-04-06,46483.3203125,55800.0,56000.0,55300.0,55400.0,110590
2021-04-07,46483.3203125,55800.0,55800.0,55300.0,55500.0,125690
2021-04-08,46566.62109375,55900.0,56300.0,55600.0,56000.0,74090
2021-04-09,46566.62109375,55900.0,56300.0,55700.0,55900.0,74970
2021-04-12,46566.62109375,55900.0,56000.0,55500.0,55500.0,161660
2021-04-13,45733.5859375,54900.0,56100.0,54900.0,56000.0,144360
2021-04-14,45983.49609375,55200.0,55500.0,54400.0,54900.0,84460
2021-04-15,45317.06640625,54400.0,56200.0,53800.0,55600.0,212270
2021-04-16,43984.21484375,52800.0,54600.0,52000.0,54600.0,147210
2021-04-19,43734.3046875,52500.0,53200.0,52500.0,52800.0,140870
2021-04-20,44067.515625,52900.0,54000.0,52500.0,53000.0,135990
2021-04-21,44067.515625,52900.0,52900.0,52900.0,52900.0,0
2021-04-22,42484.75,51000.0,52900.0,51000.0,52100.0,148570
2021-04-23,42484.75,51000.0,51400.0,50400.0,51000.0,218490
2021-04-26,41610.0703125,49950.0,52000.0,49650.0,52000.0,112780
2021-04-27,40485.46484375,48600.0,50000.0,48600.0,49950.0,205080
2021-04-28,41651.71875,50000.0,50200.0,48700.0,48800.0,139600
2021-04-29,41901.625,50300.0,50600.0,49600.0,50500.0,103710
2021-04-30,41901.625,50300.0,50300.0,50300.0,50300.0,0
2021-05-03,41901.625,50300.0,50300.0,50300.0,50300.0,0
2021-05-04,41360.15625,49650.0,50000.0,49000.0,50000.0,109820
2021-05-05,42401.4453125,50900.0,52200.0,50200.0,50500.0,145350
2021-05-06,42318.1484375,50800.0,51800.0,49500.0,49500.0,103520
2021-05-07,42234.84375,50700.0,50900.0,50100.0,50600.0,186180
2021-05-10,44400.73046875,53300.0,53500.0,50700.0,50800.0,293940
2021-05-11,44150.8203125,53000.0,53700.0,53000.0,53500.0,171190
2021-05-12,44400.73046875,53300.0,53600.0,52800.0,52800.0,219310
2021-05-13,44983.85546875,54000.0,54300.0,53200.0,53400.0,204010
2021-05-14,45650.28125,54800.0,54900.0,54000.0,54200.0,238060
2021-05-17,44983.85546875,54000.0,55600.0,53900.0,55500.0,231410
2021-05-18,44983.85546875,54000.0,54400.0,53500.0,54000.0,239970
2021-05-19,45150.4609375,54200.0,55300.0,54100.0,54500.0,280880
2021-05-20,45317.06640625,54400.0,54800.0,53500.0,54600.0,148090
2021-05-21,47816.171875,57400.0,57400.0,53800.0,54300.0,224840
2021-05-24,46899.8359375,56300.0,56600.0,55600.0,56600.0,311180
2021-05-25,46816.52734375,56200.0,56400.0,55600.0,56300.0,398770
2021-05-26,46066.796875,55300.0,56000.0,55100.0,56000.0,481720
2021-05-27,44900.55078125,53900.0,55200.0,53800.0,55000.0,422850
2021-05-28,45650.28125,54800.0,55000.0,53800.0,54500.0,414190
2021-05-31,45483.671875,54600.0,55000.0,54100.0,54200.0,435030
2021-06-01,45566.984375,54700.0,55600.0,54500.0,55000.0,206250
2021-06-02,45983.49609375,55200.0,56000.0,54700.0,55000.0,480730
2021-06-03,46150.1015625,55400.0,55900.0,55100.0,55900.0,436930
2021-06-04,47649.5625,57200.0,57500.0,54600.0,55400.0,591300
2021-06-07,47149.7421875,56600.0,58000.0,55000.0,57800.0,6463900
2021-06-08,47149.7421875,56600.0,56600.0,56600.0,56600.0,0
2021-06-09,44817.24609375,53800.0,54900.0,53100.0,54600.0,4049700
2021-06-10,43734.3046875,52500.0,53800.0,52200.0,53700.0,3102600
2021-06-11,44983.85546875,54000.0,54200.0,52600.0,53000.0,5131500
2021-06-14,45816.88671875,55000.0,55400.0,54100.0,54800.0,6387700
2021-06-15,45650.28125,54800.0,55500.0,54000.0,54900.0,7003300
2021-06-16,46649.921875,56000.0,56800.0,55100.0,55100.0,4148100
2021-06-17,47233.05078125,56700.0,57100.0,55000.0,55500.0,3096600
2021-06-18,47066.4375,56500.0,56900.0,56200.0,56500.0,2319300
2021-06-21,48815.8125,58600.0,59100.0,56900.0,57100.0,6573200
2021-06-22,48815.8125,58600.0,59500.0,58500.0,59300.0,3673900
2021-06-23,48050.40234375,56500.0,57700.0,56300.0,57500.0,2790000
2021-06-24,47625.18359375,56000.0,56900.0,55600.0,56200.0,2592500
2021-06-25,48050.40234375,56500.0,56900.0,55700.0,56000.0,1839500
2021-06-28,48560.6796875,57100.0,57500.0,56700.0,57500.0,2439700
2021-06-29,47795.2734375,56200.0,57000.0,55500.0,56600.0,2488400
2021-06-30,46604.64453125,54800.0,56400.0,54800.0,55900.0,2339900
2021-07-01,47199.9609375,55500.0,56000.0,54000.0,54900.0,2307300
2021-07-02,47114.91015625,55400.0,56300.0,55300.0,56200.0,1266800
2021-07-05,47114.91015625,55400.0,55400.0,55400.0,55400.0,0
2021-07-06,47114.91015625,55400.0,55400.0,55400.0,55400.0,0
2021-07-07,47114.91015625,55400.0,55400.0,55400.0,55400.0,0
2021-07-08,47114.91015625,55400.0,55400.0,55400.0,55400.0,0
2021-07-09,43202.84765625,50800.0,52900.0,49800.0,51800.0,2491500
2021-07-12,43202.84765625,50800.0,50800.0,50800.0,50800.0,0
2021-07-13,43372.93359375,51000.0,51200.0,49850.0,50000.0,1200100
2021-07-14,43372.93359375,51000.0,51000.0,51000.0,51000.0,0
2021-07-15,43287.88671875,50900.0,51400.0,50100.0,50200.0,1030800
2021-07-16,43287.88671875,50900.0,50900.0,50900.0,50900.0,0
2021-07-19,41672.03515625,49000.0,50100.0,48500.0,49500.0,1312400
2021-07-20,41969.6953125,49350.0,49400.0,47800.0,48800.0,1878300
2021-07-21,42522.48828125,50000.0,50500.0,49750.0,50000.0,1131300
2021-07-22,43287.88671875,50900.0,51200.0,50000.0,50000.0,784100
2021-07-23,42692.57421875,50200.0,50900.0,50100.0,50600.0,1002500
2021-07-26,42437.44140625,49900.0,50000.0,49300.0,49600.0,1069300
2021-07-27,42777.62109375,50300.0,50900.0,50000.0,50500.0,975000
2021-07-28,42947.70703125,50500.0,50800.0,50000.0,50200.0,464600
2021-07-29,43372.93359375,51000.0,51000.0,49950.0,50500.0,1719000
2021-07-30,43628.06640625,51300.0,51700.0,50800.0,51200.0,1306000
2021-08-02,43798.16015625,51500.0,52000.0,51100.0,51500.0,872300
2021-08-03,43543.02734375,51200.0,51600.0,50900.0,51500.0,1243400
2021-08-04,43543.02734375,51200.0,51200.0,51200.0,51200.0,0
2021-08-05,44563.5625,52400.0,52900.0,51900.0,52400.0,806900
2021-08-06,44988.7890625,52900.0,53300.0,52600.0,52800.0,1720900
2021-08-09,44988.7890625,52900.0,53100.0,52000.0,52600.0,1710100
2021-08-10,44988.7890625,52900.0,52900.0,52900.0,52900.0,0
2021-08-11,45414.015625,53400.0,54100.0,53400.0,53800.0,2800700
2021-08-12,45073.8359375,53000.0,53700.0,53000.0,53000.0,2153600
2021-08-13,44988.7890625,52900.0,53000.0,51900.0,52600.0,2831900
2021-08-16,44308.4296875,52100.0,52700.0,51000.0,52700.0,1051300
2021-08-17,44308.4296875,52100.0,52100.0,52100.0,52100.0,0
2021-08-18,43883.203125,51600.0,51900.0,51300.0,51600.0,1016100
2021-08-19,43798.16015625,51500.0,51800.0,51100.0,51600.0,1008500
2021-08-20,42182.30859375,49600.0,51700.0,49500.0,51700.0,1982900
2021-08-23,41246.8125,48500.0,49900.0,48500.0,49400.0,1795400
2021-08-24,41501.9453125,48800.0,49300.0,48500.0,49000.0,1279500
2021-08-25,42139.78515625,49550.0,49850.0,49000.0,49150.0,1156100
2021-08-26,41416.90234375,48700.0,50100.0,48700.0,49650.0,754100
2021-08-27,42097.26171875,49500.0,49500.0,48550.0,48550.0,797100
2021-08-30,42139.78515625,49550.0,50100.0,49400.0,49900.0,831900
2021-08-31,42267.3515625,49700.0,50000.0,49500.0,50000.0,1101500
2021-09-01,43202.84765625,50800.0,51100.0,49700.0,49800.0,1320900
2021-09-02,43202.84765625,50800.0,50800.0,50800.0,50800.0,0
2021-09-03,43202.84765625,50800.0,50800.0,50800.0,50800.0,0
2021-09-06,43457.98046875,51100.0,51900.0,50800.0,51200.0,1375400
2021-09-07,42862.6640625,50400.0,51400.0,50100.0,51100.0,1205400
2021-09-08,42862.6640625,50400.0,50400.0,50400.0,50400.0,0
2021-09-09,43032.75390625,50600.0,50800.0,49500.0,49500.0,746700
2021-09-10,42947.70703125,50500.0,51000.0,50500.0,50900.0,702400
2021-09-13,42777.62109375,50300.0,51100.0,50300.0,50800.0,1201200
2021-09-14,42607.53125,50100.0,50800.0,50100.0,50800.0,648500
2021-09-15,43287.88671875,50900.0,50900.0,50100.0,50100.0,847800
2021-09-16,43372.93359375,51000.0,51800.0,50800.0,51300.0,1014800
2021-09-17,43117.8046875,50700.0,51300.0,50700.0,51300.0,893600
2021-09-20,42522.48828125,50000.0,51300.0,50000.0,50700.0,1142300
2021-09-21,42522.48828125,50000.0,50000.0,50000.0,50000.0,0
2021-09-22,42522.48828125,50000.0,50000.0,50000.0,50000.0,0
2021-09-23,42692.57421875,50200.0,50900.0,50000.0,50500.0,919700
2021-09-24,42522.48828125,50000.0,50900.0,50000.0,50500.0,95100000
2021-09-27,42607.53125,50100.0,50900.0,50100.0,50600.0,1496700
2021-09-28,43457.98046875,51100.0,51600.0,50100.0,50200.0,2247200
2021-09-29,44223.37890625,52000.0,52500.0,51000.0,51400.0,2210600
2021-09-30,43883.203125,51600.0,52400.0,51500.0,52300.0,969100
2021-10-01,44138.34375,51900.0,52300.0,51200.0,51300.0,2380900
2021-10-04,45754.19140625,53800.0,54200.0,52800.0,53000.0,3392
2021-10-05,45839.23828125,53900.0,54500.0,53600.0,54500.0,1392800
2021-10-06,45839.23828125,53900.0,53900.0,53900.0,53900.0,0
2021-10-07,45924.28515625,54000.0,54500.0,52500.0,53500.0,2783100
2021-10-08,45924.28515625,54000.0,54000.0,54000.0,54000.0,0
2021-10-11,45924.28515625,54000.0,54000.0,54000.0,54000.0,0
2021-10-12,46774.73046875,55000.0,55400.0,54200.0,54900.0,2970900
2021-10-13,45754.19140625,53800.0,55100.0,53800.0,54700.0,1768800
2021-10-14,45754.19140625,53800.0,53800.0,53800.0,53800.0,0
2021-10-15,45584.10546875,53600.0,54300.0,53400.0,54300.0,1830000
2021-10-18,45584.10546875,53600.0,53600.0,53600.0,53600.0,0
2021-10-19,46604.64453125,54800.0,55100.0,54000.0,54300.0,1198600
2021-10-20,45839.23828125,53900.0,54900.0,53200.0,54900.0,1183600
2021-10-21,45499.05859375,53500.0,54400.0,53500.0,54400.0,1128500
2021-10-22,44988.7890625,52900.0,53900.0,52700.0,53500.0,1576000
2021-10-25,44988.7890625,52900.0,52900.0,52900.0,52900.0,0
2021-10-26,44988.7890625,52900.0,52900.0,52900.0,52900.0,0
2021-10-27,44988.7890625,52900.0,52900.0,52900.0,52900.0,0
2021-10-28,46604.64453125,54800.0,55300.0,54600.0,55100.0,1387500
2021-10-29,46009.33203125,54100.0,55100.0,54100.0,54800.0,2289600
2021-11-01,46009.33203125,54100.0,54100.0,54100.0,54100.0,0
2021-11-02,46604.64453125,54800.0,54300.0,53900.0,54000.0,1890500
2021-11-03,45073.8359375,53000.0,54700.0,53000.0,54500.0,1957500
2021-11-04,44818.69921875,52700.0,53500.0,52500.0,53000.0,1526500
2021-11-05,45839.23828125,53900.0,55000.0,52900.0,52900.0,2295000
2021-11-08,46519.6015625,54700.0,55500.0,54300.0,54500.0,2207100
2021-11-09,46349.5078125,54500.0,54800.0,54200.0,54600.0,1074200
2021-11-10,49581.21484375,58300.0,58300.0,54800.0,55200.0,7387900
2021-11-11,50856.89453125,59800.0,60500.0,58700.0,60100.0,5714300
2021-11-12,51026.984375,60000.0,60000.0,58500.0,59900.0,2450800
2021-11-15,51112.0234375,60100.0,61800.0,59200.0,60100.0,3128700
2021-11-16,50006.44140625,58800.0,60400.0,58800.0,59800.0,2612300
2021-11-17,52812.921875,62100.0,62100.0,58500.0,58600.0,4711400
2021-11-18,51877.4296875,61000.0,62400.0,60800.0,62200.0,2574800
2021-11-19,50516.7109375,59400.0,61800.0,56900.0,61800.0,5024900
2021-11-22,47540.14453125,55900.0,58900.0,55600.0,58300.0,3031200
2021-11-23,48475.6328125,57000.0,57000.0,55600.0,55900.0,2507800
2021-11-24,48475.6328125,57000.0,58300.0,56600.0,57700.0,2281600
2021-11-25,49326.08203125,58000.0,59000.0,57000.0,57300.0,2036100
2021-11-26,48305.54296875,56800.0,58500.0,56600.0,58000.0,2760500
2021-11-29,46689.6875,54900.0,55400.0,54000.0,55400.0,2717900
2021-11-30,46009.33203125,54100.0,56700.0,54100.0,55500.0,2727300
2021-12-01,46179.421875,54300.0,55100.0,54000.0,54000.0,1844900
2021-12-02,47199.9609375,55500.0,55900.0,54300.0,54300.0,1186100
2021-12-03,45328.96875,53300.0,55500.0,53300.0,55500.0,1645400
2021-12-06,43968.25,51700.0,53800.0,51100.0,53400.0,2038600
2021-12-07,45499.05859375,53500.0,53500.0,52100.0,52400.0,989900
2021-12-08,45754.19140625,53800.0,54800.0,53700.0,54000.0,1106400
2021-12-09,46009.33203125,54100.0,54400.0,53500.0,53500.0,1421300
2021-12-10,45328.96875,53300.0,53900.0,53000.0,53800.0,1440600
2021-12-13,45669.1484375,53700.0,54200.0,53300.0,53400.0,1316300
2021-12-14,46349.5078125,54500.0,54800.0,53500.0,53700.0,1045000
2021-12-15,46434.55078125,54600.0,55700.0,54000.0,54400.0,1358400
2021-12-16,46689.6875,54900.0,55100.0,54300.0,54800.0,1206700
2021-12-17,46179.421875,54300.0,55100.0,54300.0,54900.0,1023600
2021-12-20,45073.8359375,53000.0,54200.0,52600.0,54200.0,1492900
2021-12-21,45073.8359375,53000.0,53400.0,52600.0,53000.0,858300
2021-12-22,44903.74609375,52800.0,53800.0,52800.0,53300.0,884600
2021-12-23,44903.74609375,52800.0,53800.0,51800.0,53000.0,1667200
2021-12-24,45073.8359375,53000.0,53900.0,52900.0,53400.0,597000
2021-12-27,46009.33203125,54100.0,54100.0,53200.0,53300.0,972100
2021-12-28,45754.19140625,53800.0,54700.0,53700.0,54700.0,888300
2021-12-29,45924.28515625,54000.0,54200.0,53700.0,53900.0,668600
2021-12-30,45924.28515625,54000.0,54800.0,54000.0,54400.0,551000
2021-12-31,45839.23828125,53900.0,54600.0,53700.0,54100.0,872900
2022-01-03,45839.23828125,53900.0,53900.0,53900.0,53900.0,0
2022-01-04,47540.14453125,55900.0,56400.0,54000.0,54400.0,2734500
2022-01-05,47370.046875,55700.0,57100.0,55600.0,56000.0,1640600
2022-01-06,47199.9609375,55500.0,56700.0,55200.0,55700.0,1242900
2022-01-07,47880.3203125,56300.0,56700.0,55700.0,55900.0,1521100
2022-01-10,46774.73046875,55000.0,56900.0,55000.0,56700.0,1504200
2022-01-11,46009.33203125,54100.0,55300.0,54000.0,54900.0,1115000
2022-01-12,46604.64453125,54800.0,56000.0,53700.0,56000.0,1388500
2022-01-13,46094.37109375,54200.0,55500.0,54100.0,55000.0,1055200
2022-01-14,46774.73046875,55000.0,55000.0,53700.0,54000.0,884000
2022-01-17,45584.10546875,53600.0,56500.0,53500.0,56000.0,1814400
2022-01-18,45924.28515625,54000.0,54400.0,52900.0,53300.0,1129000
2022-01-19,46009.33203125,54100.0,54600.0,53700.0,54500.0,1004200
2022-01-20,46009.33203125,54100.0,54500.0,53500.0,54100.0,669600
2022-01-21,46604.64453125,54800.0,55200.0,53500.0,54100.0,1281700
2022-01-24,46179.421875,54300.0,55800.0,54300.0,54800.0,1088400
2022-01-25,46264.46484375,54400.0,54500.0,53600.0,54100.0,977300
2022-01-26,48475.6328125,57000.0,57200.0,54200.0,54800.0,4913800
2022-01-27,48475.6328125,57000.0,58000.0,57000.0,58000.0,1932200
2022-01-28,47710.2265625,56100.0,57500.0,55600.0,57000.0,1430900
2022-01-31,47710.2265625,56100.0,56100.0,56100.0,56100.0,0
2022-02-01,47710.2265625,56100.0,56100.0,56100.0,56100.0,0
2022-02-02,47710.2265625,56100.0,56100.0,56100.0,56100.0,0
2022-02-03,47710.2265625,56100.0,56100.0,56100.0,56100.0,0
2022-02-04,47710.2265625,56100.0,56100.0,56100.0,56100.0,0
2022-02-07,49921.3984375,58700.0,60000.0,56700.0,57200.0,3957700
2022-02-08,50006.44140625,58800.0,59300.0,58100.0,58100.0,1986900
2022-02-09,50516.7109375,59400.0,60900.0,58200.0,58800.0,2814400
2022-02-10,51452.203125,60500.0,60700.0,59400.0,59900.0,3213700
2022-02-11,50516.7109375,59400.0,60900.0,59300.0,60800.0,2724600
2022-02-14,51197.07421875,60200.0,61900.0,59800.0,60200.0,3147700
2022-02-15,51197.07421875,60200.0,60200.0,60200.0,60200.0,0
2022-02-16,50176.53125,59000.0,59100.0,57700.0,58300.0,1851300
2022-02-17,51026.984375,60000.0,60700.0,58200.0,58700.0,2257800
2022-02-18,50856.89453125,59800.0,60400.0,59300.0,59700.0,1749200
2022-02-21,50941.9375,59900.0,60700.0,59800.0,60600.0,2326000
2022-02-22,52727.8828125,62000.0,63500.0,60000.0,60600.0,5660600
2022-02-23,53153.109375,62500.0,64400.0,62400.0,62600.0,4311700
2022-02-24,53918.515625,63400.0,65900.0,62000.0,62600.0,5798300
2022-02-25,53068.05859375,62400.0,63700.0,61500.0,63100.0,3042900
2022-02-28,52983.01953125,62300.0,63500.0,62100.0,63000.0,2428900
2022-03-01,52132.5625,61300.0,62800.0,61000.0,62400.0,3577800
2022-03-02,52302.66015625,61500.0,64100.0,61500.0,63000.0,5368100
2022-03-03,53408.23828125,62800.0,63400.0,61400.0,62400.0,3080600
2022-03-04,51962.48046875,61100.0,62400.0,61100.0,62200.0,2848300
2022-03-07,53833.46484375,63300.0,64200.0,61800.0,62800.0,6674300
2022-03-08,52132.5625,61300.0,63000.0,61300.0,62500.0,2878000
2022-03-09,53578.3359375,63000.0,63900.0,61300.0,62000.0,3721600
2022-03-10,52132.5625,61300.0,62000.0,60900.0,62000.0,2906400
2022-03-11,49326.08203125,58000.0,61700.0,57500.0,61300.0,5639500
2022-03-14,47540.14453125,55900.0,58000.0,55800.0,57500.0,3858900
2022-03-15,47625.18359375,56000.0,56900.0,54500.0,55300.0,2592000
2022-03-16,47795.2734375,56200.0,56500.0,55400.0,56400.0,1634500
2022-03-17,47455.09375,55800.0,56400.0,55600.0,56400.0,1490400
2022-03-18,47540.14453125,55900.0,56800.0,55900.0,56400.0,1514600
2022-03-21,47625.18359375,56000.0,56800.0,55700.0,56000.0,1400300
2022-03-22,48305.54296875,56800.0,57400.0,56500.0,56600.0,1998000
2022-03-23,47625.18359375,56000.0,57000.0,56000.0,56800.0,1522600
2022-03-24,47625.18359375,56000.0,56700.0,55900.0,56700.0,1447000
2022-03-25,47625.18359375,56000.0,57000.0,55700.0,56000.0,1417700
2022-03-28,47625.18359375,56000.0,56800.0,55600.0,56000.0,1764000
2022-03-29,47965.3671875,56400.0,56600.0,55900.0,55900.0,1594000
2022-03-30,46774.73046875,55000.0,56300.0,55000.0,56200.0,2248900
2022-03-31,46944.828125,55200.0,55600.0,54400.0,55000.0,1938200
2022-04-01,46859.78125,55100.0,55600.0,54500.0,55000.0,1340600
2022-04-04,47795.2734375,56200.0,56400.0,55300.0,55400.0,1692600
2022-04-05,47710.2265625,56100.0,56900.0,56100.0,56400.0,926100
2022-04-06,47625.18359375,56000.0,56300.0,55600.0,55700.0,1262500
2022-04-07,48135.453125,56600.0,57400.0,55800.0,56000.0,3131500
2022-04-08,47795.2734375,56200.0,57300.0,56200.0,56600.0,1558900
2022-04-11,47795.2734375,56200.0,56200.0,56200.0,56200.0,0
2022-04-12,46434.55078125,54600.0,56200.0,54600.0,56200.0,1465200
2022-04-13,46519.6015625,54700.0,55000.0,53900.0,54800.0,1274500
2022-04-14,46519.6015625,54700.0,55400.0,54400.0,54900.0,1030400
2022-04-15,46519.6015625,54700.0,55700.0,54500.0,54800.0,1178200
2022-04-18,44988.7890625,52900.0,55500.0,52900.0,54700.0,1985100
2022-04-19,43372.93359375,51000.0,54000.0,51000.0,53200.0,1352700
2022-04-20,43628.06640625,51300.0,52300.0,50800.0,51000.0,1732500
2022-04-21,42777.62109375,50300.0,51700.0,50100.0,51400.0,2002500
2022-04-22,42607.53125,50100.0,51000.0,48800.0,50500.0,2090300
2022-04-25,39630.95703125,46600.0,50400.0,46600.0,50200.0,2303200
2022-04-26,40651.49609375,47800.0,47800.0,44600.0,45000.0,2044300
2022-04-27,41076.71875,48300.0,48300.0,46800.0,47800.0,593900
2022-04-28,40651.49609375,47800.0,48400.0,47500.0,48400.0,609700
2022-04-29,40821.58984375,48000.0,48500.0,47400.0,47700.0,871300
2022-05-02,40821.58984375,48000.0,48000.0,48000.0,48000.0,0
2022-05-03,40821.58984375,48000.0,48000.0,48000.0,48000.0,0
2022-05-04,41374.375,48650.0,49300.0,48000.0,48000.0,779900
2022-05-05,40481.40625,47600.0,49500.0,47350.0,49100.0,1542400
2022-05-06,38950.59375,45800.0,47000.0,45800.0,46500.0,1026300
2022-05-09,36229.15625,42600.0,45750.0,42600.0,45750.0,2497600
2022-05-10,36314.19921875,42700.0,43000.0,40300.0,40300.0,1181500
2022-05-11,35293.66015625,41500.0,43050.0,41400.0,43050.0,1273100
2022-05-12,32827.35546875,38600.0,42250.0,38600.0,41500.0,2073500
2022-05-13,31764.296875,37350.0,39000.0,37050.0,38600.0,2015800
2022-05-16,33252.58203125,39100.0,39950.0,38300.0,38300.0,1598100
2022-05-17,35548.796875,41800.0,41800.0,39100.0,39100.0,1495800
2022-05-18,35208.6171875,41400.0,42100.0,41150.0,42100.0,1216200
2022-05-19,34443.21484375,40500.0,41200.0,40200.0,40200.0,1367000
2022-05-20,34443.21484375,40500.0,41700.0,40450.0,40600.0,1106000
2022-05-23,34230.6015625,40250.0,41000.0,40050.0,41000.0,1090900
2022-05-24,34017.98828125,40000.0,40500.0,39100.0,40500.0,770900
2022-05-25,35208.6171875,41400.0,41500.0,40000.0,40600.0,1234100
2022-05-26,36186.63671875,42550.0,43300.0,41400.0,41650.0,1650500
2022-05-27,36229.15625,42600.0,42950.0,42500.0,42650.0,1051000
2022-05-30,36909.515625,43400.0,43600.0,42800.0,42900.0,1268600
2022-05-31,37419.7890625,44000.0,44900.0,42950.0,43300.0,2119400
2022-06-01,37845.01171875,44500.0,44850.0,43900.0,44000.0,1321500
2022-06-02,37845.01171875,44500.0,44500.0,44500.0,44500.0,0
2022-06-03,36994.5625,43500.0,44300.0,43200.0,43600.0,1338800
2022-06-06,38185.19140625,44900.0,45200.0,44200.0,44200.0,1695100
2022-06-07,39716.00390625,46700.0,46850.0,43800.0,44900.0,1631000
2022-06-08,39843.5703125,46850.0,47900.0,46800.0,47150.0,2041700
2022-06-09,39886.09375,46900.0,47150.0,46500.0,46800.0,814300
2022-06-10,38270.23828125,45000.0,46700.0,45000.0,46200.0,1655600
2022-06-13,35718.88671875,42000.0,44550.0,42000.0,43400.0,1678400
2022-06-14,36654.3828125,43100.0,43800.0,41950.0,42000.0,1377300
2022-06-15,34868.4375,41000.0,43750.0,41000.0,43500.0,930800
2022-06-16,35761.41015625,42050.0,42400.0,41800.0,42200.0,817400
2022-06-17,35633.83984375,41900.0,42000.0,40600.0,40600.0,1109100
2022-06-20,33380.15234375,39250.0,41600.0,39250.0,41600.0,1238300
2022-06-21,33167.5390625,39000.0,40500.0,38500.0,39250.0,533000
2022-06-22,33592.76171875,39500.0,40400.0,39100.0,40400.0,516600
2022-06-23,34613.3046875,40700.0,41100.0,39050.0,39500.0,394200
2022-06-24,34698.34765625,40800.0,41300.0,40500.0,40850.0,524800
2022-06-27,35293.66015625,41500.0,41500.0,40600.0,41000.0,556400
2022-06-28,35548.796875,41800.0,42300.0,41300.0,41600.0,561600
2022-06-29,34868.4375,41000.0,41800.0,40850.0,41300.0,437200
2022-06-30,34273.12109375,40300.0,41300.0,40100.0,40900.0,636800
2022-07-01,34528.2578125,40600.0,40700.0,39400.0,40000.0,539300
2022-07-04,34315.6484375,40350.0,41200.0,40300.0,41100.0,212300
2022-07-05,34145.5546875,40150.0,40850.0,40000.0,40800.0,313200
2022-07-06,32487.177734375,38200.0,40100.0,38200.0,39200.0,571200
2022-07-07,33167.5390625,39000.0,39800.0,38200.0,39800.0,419400
2022-07-08,33465.1953125,39350.0,39850.0,38800.0,39400.0,253600
2022-07-11,33592.76171875,39500.0,40100.0,39200.0,39450.0,317000
2022-07-12,33592.76171875,39500.0,39500.0,39500.0,39500.0,0
2022-07-13,33975.46484375,39950.0,40400.0,39750.0,40250.0,363900
2022-07-14,34103.03515625,40100.0,40400.0,39750.0,39900.0,218100
2022-07-15,33847.8984375,39800.0,40150.0,39750.0,40150.0,349400
2022-07-18,34230.6015625,40250.0,40600.0,40000.0,40400.0,402900
2022-07-19,35803.93359375,42100.0,42100.0,40400.0,40450.0,1069900
2022-07-20,36441.76953125,42850.0,43600.0,42200.0,43250.0,914800
2022-07-21,36016.546875,42350.0,42700.0,42000.0,42500.0,396100
2022-07-22,35548.796875,41800.0,42400.0,41800.0,42000.0,471800
2022-07-25,34953.48046875,41100.0,41800.0,40700.0,41800.0,470100
2022-07-26,34740.87109375,40850.0,41600.0,40800.0,41300.0,247700
2022-07-27,35123.5703125,41300.0,41400.0,40300.0,40850.0,350200
2022-07-28,35293.66015625,41500.0,42000.0,41350.0,41600.0,694400
2022-07-29,34953.48046875,41100.0,41550.0,41100.0,41550.0,443300
2022-08-01,35548.796875,41800.0,41800.0,40150.0,40500.0,1113400
2022-08-02,34868.4375,41000.0,41350.0,40950.0,41150.0,1275500
2022-08-03,34783.390625,40900.0,41450.0,40700.0,40850.0,1442600
2022-08-04,35803.93359375,42100.0,42300.0,41000.0,41250.0,1511100
2022-08-05,35421.23046875,41650.0,42300.0,41500.0,41600.0,1453000
2022-08-08,36101.58984375,42450.0,42550.0,41700.0,41700.0,1603600
2022-08-09,35803.93359375,42100.0,43250.0,42050.0,42800.0,1639000
2022-08-10,35676.3671875,41950.0,42100.0,41600.0,42050.0,1192600
2022-08-11,35591.3203125,41850.0,42500.0,41500.0,42500.0,1382000
2022-08-12,35676.3671875,41950.0,42400.0,41650.0,41650.0,690900
2022-08-15,35803.93359375,42100.0,42400.0,41750.0,42000.0,1526200
2022-08-16,36781.953125,43250.0,43250.0,41900.0,41900.0,2545400
2022-08-17,36271.6796875,42650.0,43500.0,42600.0,43500.0,1560700
2022-08-18,36059.0703125,42400.0,42750.0,42150.0,42600.0,1375600
2022-08-19,36314.19921875,42700.0,43400.0,42300.0,42400.0,1495800
2022-08-22,36016.546875,42350.0,43200.0,42250.0,42400.0,988200
2022-08-23,37419.7890625,44000.0,44100.0,42100.0,42250.0,3993800
2022-08-24,37249.6953125,43800.0,44400.0,43700.0,44200.0,1409200
2022-08-25,37334.7421875,43900.0,44400.0,43750.0,43900.0,946800
2022-08-26,36994.5625,43500.0,44200.0,43350.0,43900.0,1933400
2022-08-29,36484.29296875,42900.0,43150.0,41700.0,42650.0,2361900
2022-08-30,35931.49609375,42250.0,43500.0,42200.0,43200.0,1821500
2022-08-31,35888.9765625,42200.0,42450.0,42000.0,42000.0,1095000
2022-09-01,35888.9765625,42200.0,42200.0,42200.0,42200.0,0
2022-09-02,35888.9765625,42200.0,42200.0,42200.0,42200.0,0
2022-09-05,35633.83984375,41900.0,42600.0,41900.0,42100.0,1257000
2022-09-06,35293.66015625,41500.0,42300.0,41500.0,42300.0,1498300
2022-09-07,34017.98828125,40000.0,41450.0,40000.0,41450.0,2462800
2022-09-08,33847.8984375,39800.0,40400.0,39700.0,40200.0,1169900
2022-09-09,34188.07421875,40200.0,40200.0,39700.0,40000.0,650000
2022-09-12,34230.6015625,40250.0,41000.0,40250.0,40300.0,467200
2022-09-13,34103.03515625,40100.0,40500.0,40000.0,40400.0,538200
2022-09-14,33507.71875,39400.0,39800.0,39200.0,39400.0,1068200
2022-09-15,33422.671875,39300.0,39800.0,39300.0,39550.0,724000
2022-09-16,33295.109375,39150.0,39500.0,39000.0,39300.0,692900
2022-09-19,32317.087890625,38000.0,39450.0,37900.0,39150.0,1122400
2022-09-20,32317.087890625,38000.0,38300.0,37500.0,38250.0,1325700
2022-09-21,32232.046875,37900.0,38300.0,37700.0,37950.0,699500
2022-09-22,31934.388671875,37550.0,37950.0,37000.0,37600.0,1460000
2022-09-23,31636.73046875,37200.0,37650.0,37100.0,37550.0,1750100
2022-09-26,30701.236328125,36100.0,36900.0,35700.0,36800.0,1477500
2022-09-27,30105.91796875,35400.0,36450.0,35200.0,36150.0,1338700
2022-09-28,29680.697265625,34900.0,35400.0,34800.0,34850.0,718100
2022-09-29,29212.947265625,34350.0,35800.0,34350.0,35200.0,945300
2022-09-30,27979.794921875,32900.0,34050.0,32450.0,33700.0,2003200
2022-10-03,27512.046875,32350.0,34350.0,32350.0,32900.0,1340100
2022-10-04,27214.390625,32000.0,33300.0,32000.0,32700.0,1241000
2022-10-05,28064.841796875,33000.0,33300.0,32400.0,32400.0,987500
2022-10-06,27384.48046875,32200.0,33500.0,32200.0,33300.0,899200
2022-10-07,28091.177734375,31800.0,32700.0,31300.0,32200.0,1371800
2022-10-10,29592.908203125,33500.0,33800.0,31700.0,32000.0,1485100
2022-10-11,29151.22265625,33000.0,34300.0,33000.0,33650.0,1433300
2022-10-12,29946.25390625,33900.0,34250.0,32800.0,33300.0,1434300
2022-10-13,29769.58203125,33700.0,34000.0,33300.0,34000.0,513400
2022-10-14,29769.58203125,33700.0,34250.0,33550.0,34100.0,1056100
2022-10-17,29062.884765625,32900.0,33650.0,32700.0,33600.0,880400
2022-10-18,29372.064453125,33250.0,33700.0,33100.0,33100.0,626300
2022-10-19,29372.064453125,33250.0,33800.0,33050.0,33800.0,651300
2022-10-20,29592.908203125,33500.0,33950.0,33100.0,33600.0,932400
2022-10-21,27826.16796875,31500.0,33700.0,31500.0,33700.0,1845900
2022-10-24,25882.751953125,29300.0,32200.0,29300.0,31600.0,1452100
2022-10-25,24734.369140625,28000.0,29600.0,27300.0,29100.0,1631100
2022-10-26,24513.52734375,27750.0,28450.0,27600.0,27750.0,627300
2022-10-27,25706.076171875,29100.0,29200.0,27900.0,28000.0,668500
2022-10-28,25617.740234375,29000.0,29600.0,28700.0,29500.0,593800
2022-10-31,25176.0546875,28500.0,29000.0,27750.0,29000.0,855100
2022-11-01,25706.076171875,29100.0,29500.0,28950.0,29000.0,787900
2022-11-02,25882.751953125,29300.0,29700.0,29150.0,29200.0,579400
2022-11-03,25838.58203125,29250.0,29550.0,28900.0,28950.0,595500
2022-11-04,25441.064453125,28800.0,29250.0,28550.0,29250.0,1051200
2022-11-07,25485.234375,28850.0,29500.0,28500.0,29000.0,686300
2022-11-08,26015.255859375,29450.0,29500.0,28300.0,28700.0,757800
2022-11-09,25529.40234375,28900.0,29100.0,28400.0,28800.0,666500
2022-11-10,23851.0,27000.0,28900.0,27000.0,28500.0,1090300
2022-11-11,24027.673828125,27200.0,27700.0,26950.0,27400.0,528600
2022-11-14,23409.314453125,26500.0,27000.0,25500.0,26900.0,793600
2022-11-15,21775.078125,24650.0,26000.0,24650.0,25500.0,1349000
2022-11-16,22967.626953125,26000.0,26100.0,22950.0,22950.0,2378400
2022-11-17,22658.44921875,25650.0,26450.0,25600.0,26000.0,1225600
2022-11-18,22172.595703125,25100.0,26100.0,24150.0,25600.0,1124000
2022-11-21,22349.26953125,25300.0,25750.0,24650.0,24650.0,781900
2022-11-22,23144.302734375,26200.0,26700.0,25100.0,25300.0,1832900
2022-11-23,23541.8203125,26650.0,27500.0,26200.0,26200.0,1551400
2022-11-24,24292.68359375,27500.0,27650.0,26650.0,27100.0,1305800
2022-11-25,24955.2109375,28250.0,28250.0,27600.0,27600.0,1244800
2022-11-28,25926.919921875,29350.0,29350.0,28000.0,28000.0,1208300
2022-11-29,26147.763671875,29600.0,29900.0,28750.0,29600.0,1819100
2022-11-30,26059.42578125,29500.0,29750.0,29050.0,29600.0,966100
2022-12-01,27384.48046875,31000.0,31000.0,30000.0,30000.0,1604800
2022-12-02,27781.99609375,31450.0,31450.0,30000.0,30900.0,1048800
2022-12-05,28312.01953125,32050.0,32250.0,31550.0,31600.0,888100
2022-12-06,26677.783203125,30200.0,31900.0,30000.0,31900.0,1086600
2022-12-07,25794.4140625,29200.0,30200.0,29100.0,30200.0,727600
2022-12-08,26324.4375,29800.0,31000.0,29300.0,29300.0,1028900
2022-12-09,26854.458984375,30400.0,30450.0,29850.0,30450.0,643100
2022-12-12,27472.818359375,31100.0,31500.0,30400.0,30400.0,859500
2022-12-13,27737.828125,31400.0,31600.0,30600.0,30600.0,897600
2022-12-14,27693.658203125,31350.0,31700.0,30700.0,31500.0,472600
2022-12-15,27605.32421875,31250.0,31400.0,30900.0,31300.0,369400
2022-12-16,27384.48046875,31000.0,31200.0,30500.0,31000.0,1115600
2022-12-19,26854.458984375,30400.0,31050.0,30400.0,31000.0,490800
2022-12-20,25926.919921875,29350.0,30400.0,29350.0,30400.0,997800
2022-12-21,26059.42578125,29500.0,29950.0,29050.0,29400.0,606600
2022-12-22,27075.30078125,30650.0,31300.0,29400.0,29400.0,608700
2022-12-23,27296.14453125,30900.0,31000.0,30050.0,30700.0,465800
2022-12-26,26677.783203125,30200.0,31200.0,30200.0,31200.0,752600
2022-12-27,27031.1328125,30600.0,30800.0,29700.0,29700.0,422800
2022-12-28,27826.16796875,31500.0,31900.0,30650.0,30900.0,734700
2022-12-29,27693.658203125,31350.0,31950.0,31350.0,31900.0,748400
2022-12-30,28002.841796875,31700.0,31900.0,31450.0,31900.0,512600
2023-01-02,28002.841796875,31700.0,31700.0,31700.0,31700.0,0
2023-01-03,29107.0546875,32950.0,33000.0,31850.0,31850.0,744300
2023-01-04,31138.806640625,35250.0,35250.0,32650.0,32900.0,1544600
2023-01-05,31624.65625,35800.0,35800.0,34750.0,35200.0,970500
2023-01-06,31006.30078125,35100.0,35900.0,35100.0,35500.0,901900
2023-01-09,31359.6484375,35500.0,35700.0,34700.0,34700.0,544200
2023-01-10,32552.197265625,36850.0,37150.0,35100.0,35100.0,965800
2023-01-11,32905.54296875,37250.0,38300.0,36600.0,37000.0,1601300
2023-01-12,32773.0390625,37100.0,37300.0,36600.0,37250.0,605700
2023-01-13,32728.873046875,37050.0,37500.0,36500.0,37100.0,682200
2023-01-16,32508.029296875,36800.0,37200.0,36500.0,37050.0,424300
2023-01-17,32993.8828125,37350.0,37450.0,36650.0,36800.0,605000
2023-01-18,33568.0703125,38000.0,38100.0,37300.0,37300.0,629800
2023-01-19,33568.0703125,38000.0,38100.0,37600.0,37750.0,447700
2023-01-20,33568.0703125,38000.0,38000.0,38000.0,38000.0,0
2023-01-23,33568.0703125,38000.0,38000.0,38000.0,38000.0,0
2023-01-24,33568.0703125,38000.0,38000.0,38000.0,38000.0,0
2023-01-25,33568.0703125,38000.0,38000.0,38000.0,38000.0,0
2023-01-26,33568.0703125,38000.0,38000.0,38000.0,38000.0,0
2023-01-27,33656.41015625,38100.0,38700.0,38000.0,38400.0,477900
2023-01-30,32728.873046875,37050.0,38150.0,37050.0,38000.0,687000
2023-01-31,32508.029296875,36800.0,37400.0,36600.0,37400.0,741100
2023-02-01,32022.173828125,36250.0,37700.0,36000.0,37100.0,1294200
2023-02-02,31978.0078125,36200.0,36700.0,36100.0,36250.0,525300
2023-02-03,32949.71484375,37300.0,37300.0,36100.0,36500.0,800900
2023-02-06,34274.76953125,38800.0,38800.0,37000.0,37300.0,1442200
2023-02-07,34451.4453125,39000.0,40000.0,38850.0,39000.0,1467200
2023-02-08,32861.37890625,37200.0,39000.0,37200.0,39000.0,730100
2023-02-09,33479.73828125,37900.0,38500.0,37350.0,37600.0,454900
2023-02-10,33833.08203125,38300.0,38900.0,37300.0,38000.0,852700
2023-02-13,33479.73828125,37900.0,38200.0,37000.0,38150.0,463500
2023-02-14,33568.0703125,38000.0,38300.0,37200.0,38200.0,210000
2023-02-15,34230.60546875,38750.0,39000.0,37700.0,37950.0,680500
2023-02-16,34451.4453125,39000.0,39350.0,38750.0,38750.0,716200
2023-02-17,34098.09375,38600.0,39300.0,38600.0,39250.0,416200
2023-02-20,34804.7890625,39400.0,39400.0,38300.0,38300.0,696000
2023-02-21,35864.8359375,40600.0,41200.0,39500.0,40000.0,1820900
2023-02-22,33744.74609375,38200.0,40600.0,38200.0,40000.0,860900
2023-02-23,33877.25390625,38350.0,38700.0,37500.0,38400.0,1362200
2023-02-24,33303.0625,37700.0,38500.0,37550.0,38250.0,386600
2023-02-27,32728.873046875,37050.0,37500.0,36950.0,37300.0,726700
2023-02-28,32949.71484375,37300.0,37800.0,37150.0,37150.0,240700
2023-03-01,34142.26171875,38650.0,38900.0,37300.0,37500.0,495100
2023-03-02,34142.26171875,38650.0,39200.0,35950.0,38850.0,381900
2023-03-03,34274.76953125,38800.0,38950.0,38100.0,38900.0,372100
2023-03-06,34363.109375,38900.0,39300.0,38700.0,39200.0,600600
2023-03-07,34451.4453125,39000.0,39450.0,38950.0,39000.0,684200
2023-03-08,34363.109375,38900.0,39300.0,38600.0,38900.0,413500
2023-03-09,34451.4453125,39000.0,39800.0,38450.0,38950.0,663800
2023-03-10,33700.58203125,38150.0,39000.0,38000.0,39000.0,653500
2023-03-13,33612.2421875,38050.0,38300.0,37500.0,38000.0,651000
2023-03-14,32773.0390625,37100.0,38400.0,36950.0,38100.0,781700
2023-03-15,33258.890625,37650.0,37800.0,37000.0,37800.0,724600
2023-03-16,32110.51171875,36350.0,37350.0,36300.0,37350.0,1372800
2023-03-17,31271.30859375,35400.0,36900.0,34900.0,36500.0,5502500
2023-03-20,31271.30859375,35400.0,36350.0,35350.0,35500.0,1315900
2023-03-21,30652.94921875,34700.0,36100.0,34550.0,35500.0,1550500
2023-03-22,30652.94921875,34700.0,35250.0,34550.0,35250.0,1568000
2023-03-23,31668.826171875,35850.0,35850.0,34500.0,34550.0,2018400
2023-03-24,32110.51171875,36350.0,36650.0,35900.0,35900.0,1052000
2023-03-27,31536.318359375,35700.0,36400.0,35700.0,36350.0,913200
2023-03-28,31624.65625,35800.0,36250.0,35700.0,36100.0,577400
2023-03-29,31801.3359375,36000.0,36100.0,35700.0,35900.0,587900
2023-03-30,32596.365234375,36900.0,37200.0,36400.0,36500.0,1565200
2023-03-31,33082.21875,37450.0,38000.0,37350.0,37500.0,2458700
2023-04-03,33126.38671875,37500.0,38050.0,37000.0,38050.0,1452000
2023-04-04,33523.90625,37950.0,38000.0,37550.0,37950.0,1627200
2023-04-05,33612.2421875,38050.0,38150.0,37750.0,38000.0,965800
2023-04-06,32993.8828125,37350.0,38200.0,37350.0,38200.0,1259300
2023-04-07,33303.0625,37700.0,38100.0,37300.0,37350.0,1153500
2023-04-10,32949.71484375,37300.0,38000.0,37200.0,37900.0,1303600
2023-04-11,32640.53515625,36950.0,37550.0,36800.0,37300.0,793400
2023-04-12,32684.701171875,37000.0,37400.0,36800.0,37000.0,561800
2023-04-13,32861.37890625,37200.0,37550.0,37000.0,37200.0,580200
2023-04-14,32243.017578125,36500.0,37300.0,36500.0,37300.0,587900
2023-04-17,31889.669921875,36100.0,36500.0,36050.0,36300.0,607300
2023-04-18,32508.029296875,36800.0,36900.0,36200.0,36200.0,492800
2023-04-19,32154.68359375,36400.0,36950.0,36400.0,36950.0,324800
2023-04-20,32198.849609375,36450.0,36600.0,36350.0,36400.0,407800
2023-04-21,32463.859375,36750.0,36950.0,36400.0,36450.0,573800
2023-04-24,32463.859375,36750.0,36800.0,36550.0,36800.0,361000
2023-04-25,32154.68359375,36400.0,36800.0,36400.0,36750.0,338000
2023-04-26,32596.365234375,36900.0,36900.0,36400.0,36750.0,489200
2023-04-27,33082.21875,37450.0,37550.0,37000.0,37000.0,853000
2023-04-28,33082.21875,37450.0,37800.0,37300.0,37550.0,350100
2023-05-01,33082.21875,37450.0,37450.0,37450.0,37450.0,0
2023-05-02,33082.21875,37450.0,37450.0,37450.0,37450.0,0
2023-05-03,33082.21875,37450.0,37450.0,37450.0,37450.0,0
2023-05-04,33082.21875,37450.0,37700.0,37200.0,37650.0,662100
2023-05-05,33391.40234375,37800.0,38000.0,37500.0,37650.0,1143900
2023-05-08,33391.40234375,37800.0,38200.0,37800.0,37950.0,676600
2023-05-09,33568.0703125,38000.0,38150.0,37800.0,37900.0,659700
2023-05-10,33347.23046875,37750.0,38000.0,37500.0,37900.0,627000
2023-05-11,33347.23046875,37750.0,37900.0,37600.0,37750.0,589800
2023-05-12,33170.55859375,37550.0,37750.0,37400.0,37750.0,552000
2023-05-15,33391.40234375,37800.0,37950.0,37500.0,37650.0,695500
2023-05-16,33612.2421875,38050.0,38150.0,37750.0,37750.0,987100
2023-05-17,33126.38671875,37500.0,38100.0,37500.0,38000.0,597800
2023-05-18,33082.21875,37450.0,37600.0,37250.0,37500.0,445900
2023-05-19,33214.7265625,37600.0,37950.0,37450.0,37750.0,625000
2023-05-22,33347.23046875,37750.0,37950.0,37600.0,37600.0,499200
2023-05-23,33126.38671875,37500.0,38000.0,37450.0,37900.0,553200
2023-05-24,33126.38671875,37500.0,37500.0,37500.0,37500.0,0
2023-05-25,32993.8828125,37350.0,37600.0,37000.0,37200.0,375100
2023-05-26,33258.890625,37650.0,38200.0,37350.0,37350.0,737800
2023-05-29,33479.73828125,37900.0,38150.0,37700.0,37700.0,868600
2023-05-30,33479.73828125,37900.0,38200.0,37850.0,38200.0,507800
2023-05-31,33126.38671875,37500.0,37950.0,37450.0,37900.0,950100
2023-06-01,33082.21875,37450.0,37700.0,37450.0,37450.0,416900
2023-06-02,33788.9140625,38250.0,38500.0,37500.0,37550.0,1189000
2023-06-05,34539.77734375,39100.0,39450.0,38500.0,38800.0,1441700
2023-06-06,34363.109375,38900.0,39350.0,38750.0,39100.0,690200
2023-06-07,34363.109375,38900.0,39000.0,38350.0,39000.0,1272900
2023-06-08,33833.08203125,38300.0,39400.0,38300.0,39000.0,540900
2023-06-09,33568.0703125,38000.0,38300.0,37900.0,38200.0,591100
2023-06-12,33523.90625,37950.0,38200.0,37650.0,38000.0,569700
2023-06-13,33612.2421875,38050.0,38050.0,37700.0,37750.0,420000
2023-06-14,33612.2421875,38050.0,38400.0,38050.0,38300.0,436500
2023-06-15,33833.08203125,38300.0,38700.0,38000.0,38000.0,1436500
2023-06-16,32861.37890625,37200.0,38650.0,37200.0,38650.0,620800
2023-06-19,32861.37890625,37200.0,37800.0,37200.0,37600.0,750500
2023-06-20,32861.37890625,37200.0,37500.0,37000.0,37200.0,556100
2023-06-21,33126.38671875,37500.0,37500.0,37200.0,37350.0,454900
2023-06-22,33126.38671875,37500.0,37500.0,37500.0,37500.0,0
2023-06-23,33126.38671875,37500.0,37800.0,37300.0,37700.0,686500
2023-06-26,33170.55859375,37550.0,37700.0,37050.0,37500.0,830200
2023-06-27,33700.58203125,38150.0,38400.0,37700.0,37850.0,858700
2023-06-28,33656.41015625,38100.0,38450.0,37900.0,38450.0,409900
2023-06-29,33126.38671875,37500.0,38200.0,37500.0,38200.0,689000
2023-06-30,32993.8828125,37350.0,37900.0,37350.0,37600.0,444000
2023-07-03,33258.890625,37650.0,38100.0,37400.0,37550.0,379100
2023-07-04,35202.30859375,39850.0,39850.0,37850.0,37850.0,3702800
2023-07-05,35599.82421875,40300.0,40850.0,39850.0,40300.0,2214000
2023-07-06,35599.82421875,40300.0,41000.0,39850.0,40150.0,2371600
2023-07-07,35599.82421875,40300.0,40800.0,40100.0,40500.0,1478400
2023-07-10,36924.8828125,41800.0,41800.0,40500.0,40700.0,2415100
2023-07-11,36439.02734375,41250.0,42050.0,41250.0,42000.0,1676900
2023-07-12,36659.8671875,41500.0,41950.0,41100.0,41300.0,1187300
2023-07-13,36571.53125,41400.0,41800.0,41150.0,41600.0,1142700
2023-07-14,36129.84375,40900.0,41600.0,40550.0,41350.0,1705900
2023-07-17,36174.015625,40950.0,41550.0,40350.0,41050.0,2239700
2023-07-18,35820.6640625,40550.0,41300.0,40550.0,41250.0,1122100
2023-07-19,35423.15234375,40100.0,40850.0,40100.0,40800.0,1401500
2023-07-20,35069.8046875,39700.0,40300.0,39600.0,40050.0,2116600
2023-07-21,35776.49609375,40500.0,40700.0,39650.0,39700.0,1741000
2023-07-24,35599.82421875,40300.0,40900.0,40300.0,40600.0,1713100
2023-07-25,35599.82421875,40300.0,41250.0,40000.0,40500.0,1969500
2023-07-26,35776.49609375,40500.0,40700.0,40200.0,40300.0,1219100
2023-07-27,35246.4765625,39900.0,40700.0,39700.0,40500.0,2127700
2023-07-28,35378.984375,40050.0,40200.0,39800.0,40100.0,1595300
2023-07-31,36659.8671875,41500.0,41500.0,40300.0,40300.0,2751400
2023-08-01,36218.18359375,41000.0,42200.0,40850.0,42200.0,3004500
2023-08-02,36174.015625,40950.0,41350.0,40850.0,41350.0,1347500
2023-08-03,35423.15234375,40100.0,41100.0,40100.0,41000.0,2016300
2023-08-04,35599.82421875,40300.0,40600.0,40000.0,40600.0,1482200
2023-08-07,35776.49609375,40500.0,40700.0,40300.0,40600.0,1474800
2023-08-08,36129.84375,40900.0,41150.0,40650.0,40650.0,2949000
2023-08-09,35953.171875,40700.0,41200.0,40600.0,41200.0,1235700
2023-08-10,36041.51171875,40800.0,41900.0,40800.0,40900.0,2426300
2023-08-11,35909.00390625,40650.0,41200.0,40000.0,40950.0,1139900
2023-08-14,35820.6640625,40550.0,40800.0,40400.0,40750.0,1196600
2023-08-15,35643.99609375,40350.0,40650.0,40200.0,40650.0,1207800
2023-08-16,35555.65625,40250.0,40750.0,40050.0,40400.0,1006000
2023-08-17,35113.97265625,39750.0,40350.0,39750.0,40200.0,1615700
2023-08-18,32993.8828125,37350.0,39900.0,37350.0,39750.0,2701800
2023-08-21,33126.38671875,37500.0,37850.0,37150.0,37200.0,877800
2023-08-22,33303.0625,37700.0,38050.0,37000.0,38000.0,1252900
2023-08-23,33038.05078125,37400.0,38100.0,36900.0,38100.0,1209200
2023-08-24,33391.40234375,37800.0,37800.0,37400.0,37400.0,583800
2023-08-25,33170.55859375,37550.0,37900.0,37550.0,37800.0,933800
2023-08-28,33700.58203125,38150.0,38400.0,37500.0,37500.0,936300
2023-08-29,33612.2421875,38050.0,38300.0,38000.0,38250.0,798000
2023-08-30,33921.421875,38400.0,38950.0,38300.0,38300.0,803900
2023-08-31,34053.9296875,38550.0,38650.0,38400.0,38400.0,729500
2023-09-01,34053.9296875,38550.0,38550.0,38550.0,38550.0,0
2023-09-04,34053.9296875,38550.0,38550.0,38550.0,38550.0,0
2023-09-05,34583.94921875,39150.0,39450.0,39000.0,39200.0,1240400
2023-09-06,34716.45703125,39300.0,39600.0,39200.0,39600.0,743400
2023-09-07,34760.62109375,39350.0,39850.0,39250.0,39400.0,832100
2023-09-08,34804.7890625,39400.0,39700.0,39200.0,39300.0,972300
2023-09-11,35202.30859375,39850.0,40600.0,39500.0,39500.0,2041800
2023-09-12,35334.81640625,40000.0,40250.0,39700.0,40000.0,685400
2023-09-13,35599.82421875,40300.0,41150.0,40000.0,40300.0,2266800
2023-09-14,35334.81640625,40000.0,40700.0,40000.0,40600.0,1097300
2023-09-15,35467.31640625,40150.0,41300.0,40100.0,40450.0,1805700
2023-09-18,34981.46875,39600.0,40650.0,39050.0,40650.0,1405300
2023-09-19,35246.4765625,39900.0,40000.0,39300.0,39800.0,652800
2023-09-20,35688.1640625,40400.0,40600.0,39800.0,40000.0,1059800
2023-09-21,35778.0546875,39800.0,40200.0,39600.0,40000.0,972500
2023-09-22,35193.7421875,39150.0,39500.0,38000.0,39100.0,1040100
2023-09-25,33710.484375,37500.0,39200.0,37500.0,39150.0,1155700
2023-09-26,33350.90234375,37100.0,37950.0,37100.0,37500.0,1064900
2023-09-27,32856.48046875,36550.0,37300.0,36000.0,37000.0,1673300
2023-09-28,33935.21484375,37750.0,37750.0,36800.0,37050.0,1126200
2023-09-29,33710.484375,37500.0,37750.0,37150.0,37750.0,435400
2023-10-02,33710.484375,37500.0,37900.0,37250.0,37500.0,567900
2023-10-03,32362.064453125,36000.0,37200.0,36000.0,37100.0,1026000
2023-10-04,32586.796875,36250.0,36400.0,35150.0,35150.0,784600
2023-10-05,30923.74609375,34400.0,36300.0,34400.0,36300.0,1530500
2023-10-06,31463.11328125,35000.0,35500.0,34350.0,34900.0,2194100
2023-10-09,32092.373046875,35700.0,35900.0,35450.0,35800.0,1552600
2023-10-10,32362.064453125,36000.0,36250.0,35950.0,36000.0,1524500
2023-10-11,33171.109375,36900.0,37000.0,36100.0,36250.0,1352900
2023-10-12,32991.32421875,36700.0,37500.0,36550.0,37000.0,1061800
2023-10-13,32991.32421875,36700.0,36850.0,36500.0,36700.0,1299600
2023-10-16,33081.21484375,36800.0,37800.0,36800.0,37500.0,1011900
2023-10-17,32362.064453125,36000.0,36850.0,36000.0,36800.0,1005800
2023-10-18,31463.11328125,35000.0,36150.0,34450.0,36150.0,1299500
2023-10-19,31463.11328125,35000.0,35650.0,34900.0,35050.0,593100
2023-10-20,31822.69140625,35400.0,35450.0,34400.0,35150.0,610400
2023-10-23,31777.7421875,35350.0,35850.0,35000.0,35800.0,377000
2023-10-24,31912.5859375,35500.0,35650.0,35100.0,35350.0,303400
2023-10-25,31777.7421875,35350.0,35650.0,35250.0,35450.0,373900
2023-10-26,29575.328125,32900.0,35100.0,32900.0,34800.0,1802700
2023-10-27,29665.22265625,33000.0,33500.0,32200.0,33000.0,636400
2023-10-30,29530.37890625,32850.0,33300.0,32850.0,33000.0,267100
2023-10-31,28676.37890625,31900.0,33300.0,31500.0,33300.0,980300
2023-11-01,29035.958984375,32300.0,32500.0,31300.0,31550.0,633200
2023-11-02,30024.80078125,33400.0,33550.0,32600.0,32600.0,768400
2023-11-03,29755.1171875,33100.0,33500.0,33000.0,33450.0,571800
2023-11-06,29889.958984375,33250.0,33450.0,33100.0,33300.0,367100
2023-11-07,29800.064453125,33150.0,33950.0,33000.0,33250.0,482200
2023-11-08,30743.958984375,34200.0,34200.0,32950.0,33200.0,968500
2023-11-09,30519.220703125,33950.0,34500.0,33950.0,34300.0,843300
2023-11-10,29979.853515625,33350.0,34000.0,33350.0,33650.0,744800
2023-11-13,29979.853515625,33350.0,33600.0,33200.0,33500.0,603700
2023-11-14,30114.697265625,33500.0,33750.0,33300.0,33700.0,729200
2023-11-15,30564.16796875,34000.0,34350.0,33800.0,33950.0,1185900
2023-11-16,30968.693359375,34450.0,34650.0,34000.0,34200.0,790400
2023-11-17,30114.697265625,33500.0,34550.0,33500.0,34500.0,897400
2023-11-20,30114.697265625,33500.0,33850.0,33200.0,33200.0,958300
2023-11-21,30384.37890625,33800.0,33950.0,33500.0,33800.0,910900
2023-11-22,30609.115234375,34050.0,34300.0,33800.0,33850.0,838700
2023-11-23,30294.484375,33700.0,34200.0,33700.0,34100.0,874000
2023-11-24,30024.80078125,33400.0,33600.0,33000.0,33400.0,778400
2023-11-27,30204.587890625,33600.0,34050.0,33400.0,33400.0,630200
2023-11-28,30294.484375,33700.0,33700.0,33050.0,33400.0,663700
2023-11-29,32182.271484375,35800.0,35800.0,33850.0,33850.0,3135500
2023-11-30,31553.009765625,35100.0,36000.0,35100.0,35600.0,817300
2023-12-01,31642.904296875,35200.0,35800.0,34800.0,35100.0,923200
2023-12-04,31912.5859375,35500.0,35800.0,35200.0,35700.0,934700
2023-12-05,31957.53515625,35550.0,36250.0,35250.0,35250.0,884600
2023-12-06,32272.166015625,35900.0,35950.0,35350.0,35350.0,720700
2023-12-07,31597.958984375,35150.0,35800.0,34800.0,35800.0,955700
2023-12-08,32047.431640625,35650.0,35650.0,35100.0,35150.0,629600
2023-12-11,32047.431640625,35650.0,35900.0,35200.0,35900.0,371900
2023-12-12,31867.640625,35450.0,35700.0,35100.0,35650.0,547300
2023-12-13,31193.4296875,34700.0,35500.0,34700.0,35400.0,939000
2023-12-14,30878.80078125,34350.0,35000.0,34100.0,35000.0,441400
2023-12-15,30833.8515625,34300.0,34750.0,34300.0,34500.0,447800
2023-12-18,30474.2734375,33900.0,34500.0,33900.0,34300.0,351900
2023-12-19,30519.220703125,33950.0,34100.0,33550.0,34000.0,304900
2023-12-20,30923.74609375,34400.0,34500.0,33950.0,34000.0,266900
2023-12-21,30564.16796875,34000.0,34150.0,34000.0,34000.0,358300
2023-12-22,30384.37890625,33800.0,34300.0,33750.0,34100.0,635400
2023-12-25,31148.482421875,34650.0,34700.0,33850.0,33850.0,674200
2023-12-26,30968.693359375,34450.0,34800.0,34450.0,34600.0,782300
2023-12-27,30968.693359375,34450.0,34750.0,34350.0,34700.0,457000
2023-12-28,31013.642578125,34500.0,34700.0,34100.0,34400.0,962700
2023-12-29,31013.642578125,34500.0,34650.0,34400.0,34500.0,522800
2024-01-01,31013.642578125,34500.0,34500.0,34500.0,34500.0,0
2024-01-02,31058.58984375,34550.0,34650.0,34500.0,34600.0,634300
2024-01-03,31373.220703125,34900.0,34900.0,34400.0,34550.0,807400
2024-01-04,31553.009765625,35100.0,35300.0,34900.0,34900.0,1704200
2024-01-05,31642.904296875,35200.0,35400.0,35100.0,35250.0,1407800
2024-01-08,31732.80078125,35300.0,35550.0,35000.0,35200.0,1403800
2024-01-09,31148.482421875,34650.0,35400.0,34650.0,35400.0,498200
2024-01-10,31328.2734375,34850.0,34950.0,34600.0,34800.0,604900
2024-01-11,31867.640625,35450.0,35450.0,34850.0,34850.0,1122800
2024-01-12,31418.16796875,34950.0,35550.0,34750.0,35500.0,1008700
2024-01-15,31148.482421875,34650.0,35200.0,34650.0,35000.0,321600
2024-01-16,31238.37890625,34750.0,34800.0,34600.0,34600.0,311400
2024-01-17,31058.58984375,34550.0,35200.0,34550.0,34950.0,545400
2024-01-18,31013.642578125,34500.0,34800.0,34450.0,34800.0,338800
2024-01-19,31328.2734375,34850.0,34950.0,34700.0,34900.0,588500
2024-01-22,31238.37890625,34750.0,34950.0,34700.0,34900.0,314000
2024-01-23,31328.2734375,34850.0,35000.0,34700.0,34750.0,351200
2024-01-24,31148.482421875,34650.0,34950.0,34600.0,34850.0,348700
2024-01-25,31148.482421875,34650.0,34650.0,34650.0,34650.0,0
2024-01-26,31013.642578125,34500.0,34800.0,34500.0,34600.0,280500
2024-01-29,31193.4296875,34700.0,34800.0,34500.0,34500.0,384100
2024-01-30,31238.37890625,34750.0,34900.0,34650.0,34700.0,323700
2024-01-31,31103.53515625,34600.0,34800.0,34550.0,34750.0,540500
2024-02-01,31103.53515625,34600.0,34750.0,34500.0,34500.0,394100
2024-02-02,31103.53515625,34600.0,34600.0,34600.0,34600.0,0
2024-02-05,31058.58984375,34550.0,34800.0,34500.0,34600.0,589100
2024-02-06,31193.4296875,34700.0,34700.0,34550.0,34600.0,358600
2024-02-07,31238.37890625,34750.0,35000.0,34600.0,34700.0,523300
2024-02-08,31238.37890625,34750.0,34750.0,34750.0,34750.0,0
2024-02-09,31238.37890625,34750.0,34750.0,34750.0,34750.0,0
2024-02-15,31732.80078125,35300.0,35500.0,34900.0,34900.0,736600
2024-02-16,31732.80078125,35300.0,35350.0,35000.0,35300.0,516800
2024-02-19,32586.796875,36250.0,36600.0,35350.0,35350.0,1886200
2024-02-20,32451.953125,36100.0,36500.0,36000.0,36500.0,952300
2024-02-21,32137.322265625,35750.0,36150.0,35650.0,36000.0,889800
2024-02-22,32227.216796875,35850.0,36300.0,35650.0,35700.0,1340300
2024-02-23,31553.009765625,35100.0,35900.0,35100.0,35850.0,1447400
2024-02-26,31642.904296875,35200.0,35250.0,34900.0,34950.0,444000
2024-02-27,32047.431640625,35650.0,36500.0,35300.0,35300.0,1008500
2024-02-28,32541.84765625,36200.0,37000.0,35900.0,35900.0,2210300
2024-02-29,32227.216796875,35850.0,36400.0,35700.0,36300.0,838500
2024-03-01,32272.166015625,35900.0,36100.0,35700.0,36000.0,717600
2024-03-04,32317.115234375,35950.0,36450.0,35950.0,36450.0,932700
2024-03-05,32317.115234375,35950.0,36000.0,35650.0,35950.0,708000
2024-03-06,32586.796875,36250.0,36900.0,36050.0,36200.0,1720600
2024-03-07,33710.484375,37500.0,37500.0,36300.0,36500.0,2773600
2024-03-08,33081.21484375,36800.0,37900.0,36700.0,37500.0,1454800
2024-03-11,32317.115234375,35950.0,36750.0,35900.0,36700.0,1223900
2024-03-12,32676.69140625,36350.0,36550.0,35950.0,35950.0,880100
2024-03-13,33350.90234375,37100.0,37100.0,36500.0,36800.0,1172600
2024-03-14,33575.640625,37350.0,37950.0,37050.0,37250.0,2856400
2024-03-15,33845.3203125,37650.0,37800.0,37250.0,37500.0,1564900
2024-03-18,32811.53515625,36500.0,37800.0,35950.0,37650.0,2848400
2024-03-19,33665.53515625,37450.0,37700.0,36350.0,36600.0,1381800
2024-03-20,33665.53515625,37450.0,37800.0,37000.0,37700.0,1271600
2024-03-21,34564.4765625,38450.0,38700.0,37150.0,37500.0,3062200
2024-03-22,34159.953125,38000.0,38550.0,37800.0,38500.0,1528100
2024-03-25,33620.5859375,37400.0,38400.0,37200.0,38100.0,1720600
2024-03-26,34159.953125,38000.0,38000.0,37100.0,37400.0,928900
2024-03-27,34159.953125,38000.0,38500.0,37600.0,38050.0,1294100
2024-03-28,33755.42578125,37550.0,38150.0,37450.0,37900.0,1265700
2024-03-29,33530.69140625,37300.0,37800.0,37200.0,37700.0,1118900
2024-04-01,33665.53515625,37450.0,37800.0,37150.0,37250.0,682100
2024-04-02,34070.05859375,37900.0,37950.0,37000.0,37450.0,1467500
2024-04-03,33800.37109375,37600.0,38100.0,37500.0,38000.0,981900
2024-04-04,33395.8515625,37150.0,37600.0,37050.0,37600.0,962700
2024-04-05,33395.8515625,37150.0,38050.0,37000.0,37000.0,1295500
2024-04-08,33305.953125,37050.0,37450.0,37050.0,37250.0,540400
2024-04-09,33395.8515625,37150.0,37350.0,36850.0,37050.0,437400
2024-04-10,32901.4296875,36600.0,37300.0,36550.0,37300.0,863300
2024-04-11,32631.74609375,36300.0,36500.0,36100.0,36500.0,826600
2024-04-12,33126.1640625,36850.0,36950.0,36350.0,36500.0,445900
2024-04-15,32362.064453125,36000.0,37200.0,34800.0,36900.0,927300
2024-04-16,32317.115234375,35950.0,36300.0,35150.0,36000.0,786100
2024-04-17,31732.80078125,35300.0,36000.0,35200.0,36000.0,448800
2024-04-19,31148.482421875,34650.0,35300.0,34550.0,35050.0,518500
2024-04-22,31148.482421875,34650.0,35200.0,34550.0,35000.0,411300
2024-04-23,31463.11328125,35000.0,35300.0,34550.0,34800.0,420900
2024-04-24,31687.8515625,35250.0,35300.0,34950.0,35050.0,742400
2024-04-25,31553.009765625,35100.0,35250.0,34900.0,35250.0,219500
2024-04-26,32092.373046875,35700.0,35700.0,35000.0,35100.0,422300
2024-04-29,32092.373046875,35700.0,35700.0,35700.0,35700.0,0
2024-04-30,32092.373046875,35700.0,35700.0,35700.0,35700.0,0
2024-05-02,32182.271484375,35800.0,36050.0,35250.0,35700.0,420900
2024-05-03,32362.064453125,36000.0,36200.0,35850.0,36100.0,518700
2024-05-06,32991.32421875,36700.0,36800.0,36400.0,36800.0,550800
2024-05-07,34789.21484375,38700.0,38850.0,36800.0,36850.0,3665900
2024-05-08,35957.84765625,40000.0,40400.0,38100.0,38700.0,2984800
2024-05-09,36137.6328125,40200.0,40600.0,39250.0,40000.0,2131200
2024-05-10,36047.73828125,40100.0,40700.0,39700.0,40200.0,1932400
2024-05-13,35823.00390625,39850.0,40500.0,39800.0,40500.0,1603700
2024-05-14,35029.015625,37500.0,38700.0,37300.0,38600.0,1949200
2024-05-15,35682.890625,38200.0,38600.0,37500.0,37500.0,1256100
2024-05-16,35682.890625,38200.0,38850.0,38100.0,38550.0,1778200
2024-05-17,35449.359375,37950.0,38250.0,37400.0,38250.0,2725400
2024-05-20,35496.06640625,38000.0,38550.0,38000.0,38000.0,1630300
2024-05-21,35029.015625,37500.0,37950.0,37000.0,37700.0,2551900
2024-05-22,35215.83203125,37700.0,38200.0,37400.0,37600.0,1576100
2024-05-23,37644.51171875,40300.0,40300.0,37600.0,37800.0,5334400
2024-05-24,38298.38671875,41000.0,42400.0,40250.0,41200.0,5370300
2024-05-27,38578.6171875,41300.0,41850.0,40500.0,41200.0,3453400
2024-05-28,38812.1484375,41550.0,41900.0,41100.0,41800.0,3261100
2024-05-29,38765.44140625,41500.0,42800.0,41250.0,41800.0,4835600
2024-05-30,38625.32421875,41350.0,41450.0,40350.0,41000.0,3177800
2024-05-31,38298.38671875,41000.0,41300.0,40800.0,41300.0,1185700
2024-06-03,38298.38671875,41000.0,41000.0,41000.0,41000.0,0
2024-06-04,38952.26171875,41700.0,42150.0,41350.0,41500.0,2201000
2024-06-05,39092.37890625,41850.0,42500.0,41500.0,41700.0,2444700
2024-06-06,39139.0859375,41900.0,42350.0,40800.0,41750.0,2091400
2024-06-07,38765.44140625,41500.0,42100.0,41250.0,42000.0,1543700
2024-06-10,39185.7890625,41950.0,42200.0,41500.0,41550.0,1542900
2024-06-11,40353.421875,43200.0,43400.0,42100.0,42100.0,3782500
2024-06-12,40260.01171875,43100.0,43300.0,42500.0,43200.0,1529800
2024-06-13,39419.31640625,42200.0,43300.0,42150.0,43300.0,2330400
2024-06-14,37831.33203125,40500.0,42550.0,40500.0,42200.0,3495700
2024-06-17,37270.87109375,39900.0,40800.0,39900.0,40600.0,2124600
2024-06-18,38298.38671875,41000.0,41300.0,40300.0,40800.0,1477100
2024-06-19,38765.44140625,41500.0,41500.0,40550.0,41050.0,1026500
2024-06-20,38578.6171875,41300.0,42100.0,40600.0,41900.0,1285200
2024-06-21,39512.7265625,42300.0,42650.0,40800.0,41500.0,1971100
2024-06-24,38064.859375,40750.0,42800.0,40750.0,42600.0,2505400
2024-06-25,38298.38671875,41000.0,41400.0,40700.0,40750.0,854000
2024-06-26,39606.13671875,42400.0,42450.0,40750.0,41000.0,2056300
2024-06-27,38578.6171875,41300.0,42500.0,41300.0,42500.0,1067600
2024-06-28,38204.9765625,40900.0,41800.0,40600.0,41400.0,1455800
2024-07-01,38111.56640625,40800.0,41400.0,40250.0,41050.0,682200
2024-07-02,38625.32421875,41350.0,41350.0,40800.0,41350.0,660500
2024-07-03,39092.37890625,41850.0,42200.0,41200.0,41600.0,1461400
2024-07-04,41007.296875,43900.0,44300.0,41800.0,41900.0,6016400
2024-07-05,41054.00390625,43950.0,44400.0,43800.0,43900.0,2475000
2024-07-08,43435.9765625,46500.0,46600.0,44000.0,44000.0,5313900
2024-07-09,42968.921875,46000.0,46600.0,45800.0,46600.0,1997900
2024-07-10,43482.6796875,46550.0,47050.0,46000.0,46400.0,2762700
2024-07-11,43716.20703125,46800.0,46900.0,46100.0,46650.0,2440800
2024-07-12,43249.15625,46300.0,47200.0,46100.0,46900.0,1817400
2024-07-15,44837.13671875,48000.0,48000.0,46550.0,46700.0,2714500
2024-07-16,43996.44140625,47100.0,48400.0,47100.0,48400.0,2055700
2024-07-17,42034.8125,45000.0,47100.0,43850.0,47100.0,3843300
2024-07-18,44370.0859375,47500.0,47500.0,45000.0,45400.0,2699500
2024-07-19,43809.6171875,46900.0,47800.0,46100.0,47500.0,2054700
2024-07-22,43295.859375,46350.0,46800.0,45450.0,46800.0,2144800
2024-07-23,42501.8671875,45500.0,47200.0,45200.0,46400.0,2257300
2024-07-24,43435.9765625,46500.0,46500.0,44100.0,45050.0,3363700
2024-07-25,43295.859375,46350.0,46700.0,45450.0,46000.0,1152000
2024-07-26,44650.31640625,47800.0,48150.0,46350.0,46350.0,3342100
2024-07-29,44650.31640625,47800.0,48700.0,47300.0,48700.0,1352000
2024-07-30,43996.44140625,47100.0,48300.0,46550.0,47500.0,1699000
2024-07-31,42875.51171875,45900.0,47800.0,45800.0,47100.0,3183900
2024-08-01,42315.05078125,45300.0,46600.0,45300.0,46100.0,2571700
2024-08-02,44370.0859375,47500.0,47500.0,44800.0,45050.0,2541300
2024-08-05,42501.8671875,45500.0,46850.0,45100.0,46400.0,2337800
2024-08-06,43903.03125,47000.0,47300.0,45550.0,46400.0,2129500
2024-08-07,44650.31640625,47800.0,47950.0,46250.0,47200.0,1943600
2024-08-08,44416.78515625,47550.0,48200.0,47000.0,47750.0,2286700
2024-08-09,44837.13671875,48000.0,48000.0,47000.0,48000.0,1397300
2024-08-12,45631.12890625,48850.0,49800.0,48700.0,48700.0,4056100
2024-08-13,45631.12890625,48850.0,49800.0,48750.0,48950.0,2214600
2024-08-14,45958.06640625,49200.0,50500.0,48750.0,49000.0,3083900
2024-08-15,45771.24609375,49000.0,49500.0,48800.0,49200.0,1244300
2024-08-16,47265.8125,50600.0,51700.0,49050.0,49100.0,4586000
2024-08-19,47078.99609375,50400.0,51400.0,50400.0,50600.0,1223100
2024-08-20,46191.58984375,49450.0,51300.0,49450.0,50300.0,2518500
2024-08-21,45584.421875,48800.0,50000.0,48500.0,49500.0,3224800
2024-08-22,45771.24609375,49000.0,49650.0,48900.0,49100.0,1065800
2024-08-23,45771.24609375,49000.0,49400.0,48600.0,48600.0,1218900
2024-08-26,45350.89453125,48550.0,49400.0,48550.0,49150.0,1459100
2024-08-27,45864.65234375,49100.0,49350.0,48500.0,48550.0,1207800
2024-08-28,46144.8828125,49400.0,49750.0,49200.0,49350.0,1087500
2024-08-29,45584.421875,48800.0,49600.0,48750.0,49600.0,722300
2024-08-30,45397.6015625,48600.0,49000.0,48550.0,48800.0,892800
2024-09-04,43903.03125,47000.0,48300.0,46900.0,48300.0,2544400
2024-09-05,43015.625,46050.0,47400.0,45550.0,47000.0,2977800
2024-09-06,43856.32421875,46950.0,47000.0,45650.0,45650.0,1277800
2024-09-09,43389.26953125,46450.0,47100.0,46200.0,46200.0,791500
2024-09-10,43342.56640625,46400.0,46950.0,46100.0,46900.0,1015000
2024-09-11,42782.1015625,45800.0,46500.0,45750.0,46500.0,836300
2024-09-12,42408.45703125,45400.0,46300.0,45400.0,46250.0,1269800
2024-09-13,42782.1015625,45800.0,45950.0,45000.0,45400.0,726100
2024-09-16,42034.8125,45000.0,46450.0,45000.0,46450.0,813500
2024-09-17,42034.8125,45000.0,45400.0,44200.0,45000.0,1125600
2024-09-18,42034.8125,45000.0,45600.0,44750.0,45350.0,895400
2024-09-19,42361.75,45350.0,45350.0,44550.0,45050.0,1416300
2024-09-20,42968.921875,46000.0,46350.0,45350.0,45400.0,1269300
2024-09-23,42268.34375,45250.0,46000.0,45100.0,46000.0,964800
2024-09-24,42221.63671875,45200.0,45600.0,45000.0,45300.0,1181700
2024-09-25,42408.45703125,45400.0,45800.0,45250.0,45500.0,1308800
2024-09-26,42595.28125,45600.0,46000.0,45300.0,45600.0,1671300
2024-09-27,41988.109375,44950.0,45750.0,44900.0,45700.0,1565100
2024-09-30,41567.76171875,44500.0,45050.0,44500.0,45050.0,1095700
2024-10-01,41567.76171875,44500.0,44950.0,44400.0,44400.0,1075700
2024-10-02,41988.109375,44950.0,45200.0,44600.0,44800.0,957100
2024-10-03,41474.3515625,44400.0,44900.0,44250.0,44700.0,1303600
2024-10-04,42128.2265625,45100.0,45500.0,44450.0,44500.0,2562100
2024-10-07,41988.109375,44950.0,45400.0,44750.0,45400.0,795900
2024-10-08,41707.875,44650.0,45450.0,44650.0,45100.0,1700400
2024-10-09,41474.3515625,44400.0,44750.0,44350.0,44600.0,1817600
2024-10-10,41567.76171875,44500.0,45200.0,44350.0,44600.0,748900
2024-10-11,41754.58203125,44700.0,45150.0,44600.0,44900.0,713300
2024-10-14,41521.05859375,44450.0,44700.0,44400.0,44700.0,712800
2024-10-15,40026.484375,42850.0,44450.0,42500.0,44350.0,3909500
2024-10-16,39092.37890625,41850.0,42850.0,41600.0,42850.0,2453100
2024-10-17,39466.0234375,42250.0,42300.0,41750.0,42000.0,1199000
2024-10-18,39559.4296875,42350.0,43000.0,42300.0,42400.0,797800
2024-10-21,38858.8515625,41600.0,42200.0,41500.0,42200.0,1344200
2024-10-22,39045.671875,41800.0,42200.0,41350.0,41600.0,1350000
2024-10-23,39512.7265625,42300.0,42450.0,41900.0,41950.0,746200
2024-10-24,38998.96875,41750.0,42350.0,41750.0,42300.0,738000
2024-10-25,38812.1484375,41550.0,41850.0,41450.0,41800.0,475900
2024-10-28,39232.4921875,42000.0,42000.0,40750.0,41550.0,770900
2024-10-29,39139.0859375,41900.0,41950.0,41500.0,41500.0,532900
2024-10-30,38672.03125,41400.0,42000.0,41350.0,42000.0,581000
2024-10-31,38391.796875,41100.0,41400.0,41000.0,41400.0,560300
2024-11-01,37924.7421875,40600.0,41100.0,40600.0,41100.0,815900
2024-11-04,37270.87109375,39900.0,40700.0,39900.0,40550.0,1077200
2024-11-05,37410.98828125,40050.0,40350.0,39700.0,39700.0,477600
2024-11-06,37504.39453125,40150.0,40500.0,40150.0,40500.0,554900
2024-11-07,37644.51171875,40300.0,40650.0,40250.0,40300.0,564800
2024-11-08,37410.98828125,40050.0,40550.0,40000.0,40550.0,608500
2024-11-11,36663.69921875,39250.0,40200.0,39100.0,40000.0,1218300
2024-11-12,36803.8125,39400.0,39550.0,39100.0,39200.0,730700
2024-11-13,36336.76171875,38900.0,39450.0,38600.0,39400.0,965100
2024-11-14,36383.46875,38950.0,39750.0,38700.0,38850.0,867400
2024-11-15,35869.70703125,38400.0,39250.0,38400.0,39250.0,736000
2024-11-18,35215.83203125,37700.0,38850.0,37350.0,38350.0,964100
2024-11-19,35776.296875,38300.0,38800.0,38000.0,38000.0,636100
2024-11-20,36056.53125,38600.0,38800.0,38000.0,38050.0,443300
2024-11-21,36476.87890625,39050.0,39300.0,38350.0,38650.0,416500
2024-11-22,36570.2890625,39150.0,39350.0,38900.0,39350.0,309800
2024-11-25,36803.8125,39400.0,39450.0,39000.0,39300.0,368000
2024-11-26,36663.69921875,39250.0,39450.0,38800.0,39150.0,524700
2024-11-27,36523.58203125,39100.0,39400.0,39050.0,39250.0,259900
2024-11-28,37364.28125,40000.0,40550.0,39100.0,39250.0,1179100
2024-11-29,37364.28125,40000.0,40500.0,40000.0,40300.0,462600
2024-12-02,37130.75390625,39750.0,40150.0,39450.0,40000.0,601800
2024-12-03,37364.28125,40000.0,40600.0,39450.0,39650.0,762700
2024-12-04,37644.51171875,40300.0,40900.0,40050.0,40050.0,651300
2024-12-05,37924.7421875,40600.0,40700.0,40000.0,40300.0,716100
2024-12-06,37784.62890625,40450.0,40750.0,40100.0,40600.0,787600
2024-12-09,37504.39453125,40150.0,40450.0,40000.0,40450.0,573300
2024-12-10,37644.51171875,40300.0,40450.0,40100.0,40150.0,284700
2024-12-11,37270.87109375,39900.0,40300.0,39850.0,40200.0,546600
2024-12-12,36803.8125,39400.0,40150.0,39400.0,39850.0,842600
2024-12-13,36149.94140625,38700.0,39400.0,38700.0,39400.0,1285500
2024-12-16,36149.94140625,38700.0,39000.0,38650.0,39000.0,647300
2024-12-17,36336.76171875,38900.0,38900.0,38650.0,38650.0,438400
2024-12-18,36710.40625,39300.0,39750.0,38700.0,38700.0,791700
2024-12-19,36803.8125,39400.0,40000.0,38700.0,38900.0,776300
2024-12-20,36430.17578125,39000.0,39750.0,38650.0,39600.0,592000
2024-12-23,36196.64453125,38750.0,39400.0,38750.0,39100.0,526800
2024-12-24,35916.4140625,38450.0,38850.0,38250.0,38850.0,603500
2024-12-25,36056.53125,38600.0,38900.0,38450.0,38450.0,740200
2024-12-26,35916.4140625,38450.0,39100.0,38450.0,38800.0,756200
2024-12-27,35963.12109375,38500.0,38700.0,38250.0,38600.0,1059900
2024-12-30,35682.890625,38200.0,38700.0,38200.0,38550.0,613600
2024-12-31,35029.015625,37500.0,38400.0,37500.0,38250.0,710600
2025-01-02,35636.18359375,38150.0,38400.0,37950.0,37950.0,546600
2025-01-03,35916.4140625,38450.0,38600.0,38100.0,38550.0,786900
2025-01-06,35823.00390625,38350.0,38750.0,38150.0,38450.0,671000
2025-01-07,35402.65625,37900.0,38650.0,37900.0,38650.0,859500
2025-01-08,35776.296875,38300.0,38300.0,37300.0,37950.0,914900
2025-01-09,36430.17578125,39000.0,39300.0,38300.0,38500.0,1723700
2025-01-10,35589.4765625,38100.0,39050.0,38000.0,38850.0,715700
2025-01-13,36336.76171875,38900.0,38900.0,38350.0,38550.0,988600
2025-01-14,37130.75390625,39750.0,40100.0,39050.0,39050.0,1717100
2025-01-15,37364.28125,40000.0,40250.0,39600.0,39900.0,1316400
2025-01-16,37364.28125,40000.0,40250.0,39600.0,39900.0,1316400
2025-01-17,37364.28125,40000.0,40000.0,39600.0,39950.0,771900
2025-01-20,37224.1640625,39850.0,40000.0,39750.0,40000.0,402200
2025-01-21,37224.1640625,39850.0,40350.0,39400.0,39950.0,873000
2025-01-22,36570.2890625,39150.0,39900.0,39150.0,39900.0,873000
2025-01-23,36990.63671875,39600.0,39700.0,38950.0,39200.0,505800
2025-01-24,36897.2265625,39500.0,39550.0,39100.0,39100.0,570100
2025-01-27,36897.2265625,39500.0,39500.0,39500.0,39500.0,0
2025-01-28,36897.2265625,39500.0,39500.0,39500.0,39500.0,0
2025-01-29,36897.2265625,39500.0,39500.0,39500.0,39500.0,0
2025-01-30,36897.2265625,39500.0,39500.0,39500.0,39500.0,0
2025-01-31,36897.2265625,39500.0,39500.0,39500.0,39500.0,0
2025-02-03,36710.40625,39300.0,39400.0,38850.0,39200.0,540700
2025-02-04,37364.28125,40000.0,40200.0,39400.0,39400.0,946300
2025-02-05,37270.87109375,39900.0,40200.0,39700.0,40150.0,623200
2025-02-06,37270.87109375,39900.0,40000.0,39600.0,40000.0,601300
2025-02-07,37224.1640625,39850.0,39900.0,39700.0,39900.0,734700
2025-02-10,37737.92578125,40400.0,40750.0,39600.0,39800.0,2002500
2025-02-11,38485.2109375,41200.0,41300.0,40400.0,40500.0,2096000
2025-02-12,38625.32421875,41350.0,41450.0,41100.0,41200.0,1136400
2025-02-13,39232.4921875,42000.0,42200.0,40950.0,41350.0,2400000
2025-02-14,39559.4296875,42350.0,42750.0,42000.0,42400.0,2154600
2025-02-17,39279.19921875,42050.0,43100.0,41900.0,42400.0,2503600
2025-02-18,39792.9609375,42600.0,42750.0,41900.0,42000.0,1697200
2025-02-19,40353.421875,43200.0,43300.0,42800.0,43000.0,2234800
2025-02-20,40260.01171875,43100.0,43350.0,42900.0,43350.0,1277000
2025-02-21,40353.421875,43200.0,43500.0,42700.0,42800.0,1857100
2025-02-24,40166.6015625,43000.0,43150.0,42650.0,43100.0,1506700
2025-02-25,40446.83203125,43300.0,43600.0,43000.0,43000.0,1837800
2025-02-26,40400.12890625,43250.0,43450.0,43000.0,43300.0,1081700
2025-02-27,40119.8984375,42950.0,43400.0,42850.0,43200.0,1384900
2025-02-28,40680.359375,43550.0,43700.0,42950.0,42950.0,1736700
2025-03-03,41287.52734375,44200.0,44300.0,43250.0,43400.0,2398400
2025-03-04,41567.76171875,44500.0,44550.0,43700.0,44200.0,2099000
2025-03-05,40867.18359375,43750.0,44500.0,43750.0,44500.0,1231500
2025-03-06,40773.76953125,43650.0,43800.0,42700.0,43700.0,2031600
2025-03-07,40026.484375,42850.0,43600.0,42550.0,43600.0,3052600
2025-03-10,40166.6015625,43000.0,43000.0,42200.0,43000.0,2077400
2025-03-11,40446.83203125,43300.0,43300.0,42400.0,42600.0,1582300
2025-03-12,40073.19140625,42900.0,43250.0,42600.0,43250.0,1183400
2025-03-13,38952.26171875,41700.0,42850.0,41700.0,42850.0,2540000
2025-03-14,38672.03125,41400.0,41800.0,41000.0,41600.0,1679700
2025-03-17,38718.734375,41450.0,41700.0,40850.0,41400.0,1372100
2025-03-18,38952.26171875,41700.0,41950.0,41450.0,41600.0,1315700
2025-03-19,38765.44140625,41500.0,41800.0,41100.0,41800.0,676100
2025-03-20,38578.6171875,41300.0,41600.0,40950.0,41400.0,859000
2025-03-21,38578.6171875,41300.0,41400.0,40950.0,41300.0,1180400
2025-03-24,38531.9140625,41250.0,41450.0,40900.0,41300.0,617200
2025-03-25,38251.6796875,40950.0,41500.0,40900.0,41500.0,1756600
2025-03-26,38438.50390625,41150.0,41500.0,41000.0,41100.0,792100
2025-03-27,38251.6796875,40950.0,41300.0,40800.0,41150.0,792100
2025-03-28,37177.45703125,39800.0,40950.0,39800.0,40800.0,1649600
2025-03-31,36943.93359375,39550.0,39650.0,39050.0,39600.0,1019000
2025-04-01,37644.51171875,40300.0,40300.0,39700.0,39850.0,565000
2025-04-02,37551.1015625,40200.0,40400.0,40000.0,40400.0,349700
2025-04-03,34935.6015625,37400.0,39200.0,37400.0,38200.0,2805800
2025-04-04,33347.6171875,35700.0,35700.0,34800.0,34800.0,4400600
2025-04-08,31059.05859375,33250.0,34900.0,33250.0,33450.0,1900200
2025-04-09,28910.61328125,30950.0,33100.0,30950.0,30950.0,2654100
2025-04-10,30918.94140625,33100.0,33100.0,33100.0,33100.0,41400
2025-04-11,33020.6796875,35350.0,35400.0,33450.0,35400.0,3676400
2025-04-14,32553.630859375,34850.0,35350.0,34400.0,35300.0,1580500
2025-04-15,31385.994140625,33600.0,34750.0,33600.0,34500.0,1652500
2025-04-16,30825.53125,33000.0,34100.0,33000.0,33600.0,1204700
2025-04-17,31619.521484375,33850.0,33900.0,32750.0,32950.0,801800
2025-04-18,31759.638671875,34000.0,34450.0,34000.0,34250.0,607000
2025-04-21,31572.81640625,33800.0,34250.0,33500.0,34000.0,417900
2025-04-22,30918.94140625,33100.0,33800.0,31450.0,33800.0,1192700
2025-04-23,31245.87890625,33450.0,33800.0,33150.0,33700.0,794900
2025-04-24,31432.701171875,33650.0,34250.0,33600.0,33600.0,934400
2025-04-25,31993.1640625,34250.0,34450.0,33650.0,33700.0,1458100
2025-04-28,31572.81640625,33800.0,34250.0,33650.0,34250.0,607800
2025-04-29,31666.2265625,33900.0,34000.0,33800.0,33800.0,356900
2025-04-30,31666.2265625,33900.0,33900.0,33900.0,33900.0,0
2025-05-01,31666.2265625,33900.0,33900.0,33900.0,33900.0,0
2025-05-02,31666.2265625,33900.0,33900.0,33900.0,33900.0,0
2025-05-05,31666.2265625,33900.0,33900.0,33900.0,33900.0,0
2025-05-06,31432.701171875,33650.0,33750.0,33200.0,33750.0,657900
2025-05-07,31666.2265625,33900.0,34600.0,33700.0,33900.0,1536800
2025-05-08,31292.5859375,33500.0,33800.0,33000.0,33000.0,2037600
2025-05-09,33347.6171875,35700.0,35800.0,33200.0,33200.0,4048300
2025-05-12,33347.6171875,35700.0,35700.0,35700.0,35700.0,0
2025-05-13,33160.796875,35500.0,35700.0,35150.0,35150.0,1724800
2025-05-14,33207.50390625,35550.0,36000.0,35550.0,36000.0,1535800
2025-05-15,33347.6171875,35700.0,36250.0,35600.0,35700.0,2599300
2025-05-16,33207.50390625,35550.0,35950.0,35400.0,35700.0,1228900
2025-05-19,32787.15625,35100.0,35750.0,35050.0,35700.0,1050100
2025-05-20,32787.15625,35100.0,35750.0,35050.0,35700.0,1050100
2025-05-21,32506.923828125,34800.0,35150.0,34750.0,35100.0,847600
2025-05-22,32973.98046875,35300.0,35600.0,34850.0,34950.0,907400
2025-05-23,32506.923828125,34800.0,35300.0,34650.0,35300.0,813800
2025-05-26,32413.51171875,34700.0,34800.0,33350.0,34250.0,1114500
2025-05-27,32413.51171875,34700.0,34800.0,33350.0,34250.0,1114500
2025-05-28,32460.21875,34750.0,35150.0,34650.0,34850.0,1033800
2025-05-29,33160.796875,35500.0,36100.0,35050.0,35050.0,1771500
2025-05-30,32600.3359375,34900.0,35550.0,34800.0,35550.0,1258000
2025-06-02,33254.2109375,35600.0,35600.0,34700.0,34900.0,1837700
2025-06-03,33254.2109375,35600.0,35600.0,34700.0,34900.0,1837700
2025-06-04,33300.91796875,35650.0,35850.0,35600.0,35750.0,1206000
2025-06-05,33674.55859375,36050.0,36750.0,35750.0,35800.0,2128200
2025-06-06,33721.26171875,36100.0,36500.0,35950.0,36450.0,1411300
2025-06-09,34561.9609375,37000.0,37450.0,36550.0,37450.0,1998700
2025-06-10,35720.4609375,37000.0,37450.0,36550.0,37450.0,1998700
2025-06-11,34272.3359375,35500.0,35800.0,35300.0,35800.0,651600
2025-06-12,33741.35546875,34950.0,35500.0,34950.0,35500.0,897800
2025-06-13,34030.98046875,35250.0,35700.0,35200.0,35450.0,600800
2025-06-16,38906.33984375,40300.0,40300.0,38650.0,40000.0,5736900
2025-06-17,38906.33984375,40300.0,40300.0,38650.0,40000.0,5736900
2025-06-18,37699.56640625,39050.0,40350.0,38950.0,40350.0,2712900
2025-06-19,37651.296875,39000.0,40200.0,39000.0,40000.0,2508200
2025-06-20,38182.27734375,39550.0,39900.0,38250.0,39150.0,2533800
2025-06-23,38809.796875,40200.0,41850.0,40000.0,41850.0,3038400
2025-06-24,38809.796875,40200.0,41850.0,40000.0,41850.0,3038400
2025-06-25,36734.1484375,38050.0,38900.0,37800.0,37800.0,2964800
2025-06-26,36010.0859375,37300.0,38400.0,37100.0,38000.0,1860000
2025-06-27,35768.73046875,37050.0,37700.0,36850.0,37300.0,1507600
2025-06-30,35961.81640625,37250.0,37500.0,37000.0,37300.0,930200
2025-07-01,35961.81640625,37250.0,37500.0,37000.0,37300.0,930200
2025-07-02,35623.91796875,36900.0,37250.0,36900.0,37250.0,1078100
2025-07-03,35672.19140625,36950.0,37100.0,36850.0,36900.0,678300
2025-07-04,35720.4609375,37000.0,37400.0,37000.0,37200.0,781500
2025-07-07,35817.00390625,37100.0,37300.0,37000.0,37250.0,984200
2025-07-08,35817.00390625,37100.0,37300.0,37000.0,37250.0,984200
2025-07-09,36010.0859375,37300.0,37350.0,37100.0,37100.0,1229900
2025-07-10,36154.8984375,37450.0,37850.0,37350.0,37500.0,1348500
2025-07-11,36589.3359375,37900.0,38350.0,37450.0,37500.0,1682800
2025-07-14,36203.16796875,37500.0,37900.0,37300.0,37900.0,1239200
2025-07-15,36203.16796875,37500.0,37900.0,37300.0,37900.0,1239200
2025-07-16,36010.0859375,37300.0,37700.0,37300.0,37500.0,1511400
2025-07-17,35961.81640625,37250.0,37500.0,37050.0,37300.0,1734200
2025-07-18,35817.00390625,37100.0,37350.0,37050.0,37250.0,1791300
2025-07-21,35817.00390625,37100.0,37600.0,37100.0,37550.0,1174400
2025-07-22,35817.00390625,37100.0,37600.0,37100.0,37550.0,1174400
2025-07-23,35865.2734375,37150.0,37150.0,36900.0,37100.0,1523400
2025-07-24,35961.81640625,37250.0,37500.0,37000.0,37250.0,2046600
2025-07-25,36782.421875,38100.0,38200.0,37300.0,37350.0,4400700
2025-07-28,36541.06640625,37850.0,38200.0,37700.0,38150.0,3965000
2025-07-29,36541.06640625,37850.0,38200.0,37700.0,38150.0,3965000
2025-07-30,35237.75390625,36500.0,38500.0,36500.0,37900.0,7470400
2025-07-31,35044.66796875,36300.0,37000.0,36200.0,37000.0,3099700
2025-08-01,34996.3984375,36250.0,37100.0,36150.0,36600.0,2104500
2025-08-04,35334.29296875,36600.0,36850.0,36000.0,36300.0,2611700
2025-08-05,35334.29296875,36600.0,36850.0,36000.0,36300.0,2611700
2025-08-06,35334.29296875,36600.0,37100.0,36200.0,36900.0,3923500
2025-08-07,36154.8984375,37450.0,37600.0,36700.0,36800.0,2980400
2025-08-08,35817.00390625,37100.0,37550.0,37000.0,37500.0,2324500
2025-08-11,36637.609375,37950.0,38500.0,37650.0,38250.0,2344600
2025-08-12,36637.609375,37950.0,38500.0,37650.0,38250.0,2344600
2025-08-13,37168.5859375,38500.0,38850.0,37650.0,38000.0,4940600
2025-08-14,36685.87890625,38000.0,38950.0,37500.0,38650.0,3546500
2025-08-15,36589.3359375,37900.0,38400.0,37550.0,38400.0,2328900
2025-08-18,37458.21484375,38800.0,39350.0,38450.0,39200.0,3223300
2025-08-19,37458.21484375,38800.0,39350.0,38450.0,39200.0,3223300
2025-08-20,37023.7734375,38350.0,39300.0,38350.0,38800.0,4029200
2025-08-21,35720.4609375,37000.0,38350.0,36650.0,38300.0,4907300
2025-08-22,35623.91796875,36900.0,37400.0,36700.0,37000.0,2486700
2025-08-25,34610.23046875,35850.0,36500.0,35750.0,36100.0,2063900
2025-08-26,34610.23046875,35850.0,36500.0,35750.0,36100.0,2063900
2025-08-27,35092.9375,36350.0,36400.0,35900.0,36000.0,1245400
2025-08-28,35141.2109375,36400.0,36850.0,36150.0,36350.0,1392400
2025-08-29,34899.85546875,36150.0,36800.0,36100.0,36450.0,1883600
2025-09-01,34899.85546875,36150.0,36150.0,36150.0,36150.0,0
2025-09-02,34899.85546875,36150.0,36150.0,36150.0,36150.0,0
2025-09-03,35286.0234375,36550.0,36950.0,36300.0,36400.0,1410600
2025-09-04,35286.0234375,36550.0,36950.0,36300.0,36400.0,1410600
2025-09-05,35382.56640625,36650.0,37000.0,36500.0,36600.0,1443500
2025-09-08,34272.3359375,35500.0,36600.0,35500.0,36500.0,3117400
2025-09-09,34272.3359375,35500.0,36600.0,35500.0,36500.0,3117400
2025-09-10,34224.0625,35450.0,35700.0,35150.0,35550.0,1657600
2025-09-11,34175.79296875,35400.0,35850.0,35250.0,35600.0,951800
2025-09-12,34127.51953125,35350.0,35700.0,34850.0,35600.0,2030600
2025-09-15,34513.6875,35750.0,36050.0,35600.0,36000.0,1254400
2025-09-16,34513.6875,35750.0,36050.0,35600.0,36000.0,1254400
2025-09-17,34706.7734375,35950.0,36300.0,35800.0,36000.0,2344000
2025-09-18,34851.5859375,36100.0,36650.0,36000.0,36150.0,1910400
2025-09-19,34368.875,35600.0,36150.0,35550.0,36100.0,1609700
2025-09-22,33644.8125,34850.0,35550.0,34850.0,35400.0,1866700
2025-09-23,33644.8125,34850.0,35550.0,34850.0,35400.0,1866700
2025-09-24,33548.26953125,34750.0,35200.0,34750.0,35000.0,1169300
2025-09-25,33789.625,35000.0,35050.0,34600.0,34800.0,1194300
2025-09-26,33837.89453125,35050.0,35300.0,35050.0,35150.0,1032600
2025-09-29,33548.26953125,34750.0,35300.0,34650.0,35200.0,1020300
2025-09-30,33548.26953125,34750.0,35300.0,34650.0,35200.0,1020300
2025-10-01,33017.2890625,34200.0,34800.0,34000.0,34750.0,1610600
2025-10-02,32969.01953125,34150.0,34450.0,34150.0,34200.0,696000
2025-10-03,32824.20703125,34000.0,34350.0,34000.0,34150.0,1039500
2025-10-06,32969.01953125,34150.0,34150.0,33700.0,34000.0,921500
2025-10-07,32969.01953125,34150.0,34150.0,33700.0,34000.0,921500
2025-10-08,32727.666015625,33900.0,34350.0,33900.0,34300.0,891600
2025-10-09,32775.9375,33950.0,34400.0,33900.0,34300.0,1039400
2025-10-10,32920.75,34100.0,34400.0,33850.0,34000.0,1216800
2025-10-13,32872.4765625,34050.0,34050.0,33550.0,33700.0,1238600
2025-10-14,32872.4765625,34050.0,34050.0,33550.0,33700.0,1238600
2025-10-15,32438.041015625,33600.0,34300.0,33500.0,34050.0,1916500
2025-10-16,32534.58203125,33700.0,33900.0,33550.0,33600.0,1660100
2025-10-17,32534.58203125,33700.0,33900.0,33400.0,33700.0,1735700
2025-10-20,31569.1640625,32700.0,33500.0,32500.0,33500.0,2222300
2025-10-21,31569.1640625,32700.0,33500.0,32500.0,33500.0,2222300
2025-10-22,32196.685546875,33350.0,33500.0,32800.0,32800.0,1522900
2025-10-23,33065.5625,34250.0,34500.0,33400.0,33500.0,2047700
2025-10-24,33065.5625,34250.0,34950.0,34250.0,34600.0,1270200
2025-10-27,32969.01953125,34150.0,34800.0,34150.0,34800.0,776900
2025-10-28,32969.01953125,34150.0,34800.0,34150.0,34800.0,776900
2025-10-29,32872.4765625,34050.0,34300.0,33850.0,34150.0,641700
2025-10-30,33306.91796875,34500.0,34500.0,34000.0,34100.0,1345200
2025-10-31,33355.1875,34550.0,34800.0,34400.0,34600.0,793900
2025-11-03,33113.83203125,34300.0,35000.0,34300.0,35000.0,1161500
2025-11-04,33017.2890625,34200.0,34500.0,33750.0,34200.0,1942900
2025-11-05,33017.2890625,34200.0,34500.0,33750.0,34200.0,1942900
2025-11-06,33548.26953125,34750.0,35400.0,34700.0,35300.0,2001900
2025-11-07,32824.20703125,34000.0,35000.0,34000.0,34800.0,2556500
2025-11-10,32727.666015625,33900.0,34400.0,33900.0,34150.0,1622400
2025-11-11,32582.853515625,33750.0,34100.0,33700.0,33950.0,1320500
2025-11-12,32872.4765625,34050.0,34050.0,33750.0,34000.0,1081700
2025-11-13,33306.91796875,34500.0,35050.0,34000.0,34050.0,2597000
2025-11-14,33306.91796875,34500.0,34850.0,34400.0,34550.0,1409500
2025-11-17,33500.0,34700.0,34700.0,34400.0,34550.0,1654200
2025-11-18,33355.1875,34550.0,35100.0,34550.0,34650.0,2769100
2025-11-19,33500.0,34700.0,34850.0,34400.0,34550.0,1997700
2025-11-20,33210.375,34400.0,34850.0,34300.0,34750.0,1406200
2025-11-21,32775.9375,33950.0,34350.0,33800.0,34250.0,2146100
2025-11-24,32679.39453125,33850.0,34100.0,33750.0,33900.0,806300
2025-11-25,32341.498046875,33500.0,33950.0,33450.0,33850.0,1547200
2025-11-26,32679.39453125,33850.0,34050.0,33550.0,33550.0,592900
2025-11-27,32824.20703125,34000.0,34100.0,33700.0,33850.0,684000
2025-11-28,32727.666015625,33900.0,34050.0,33700.0,34000.0,913400
2025-12-01,33258.64453125,34450.0,34500.0,33900.0,33900.0,1418900
2025-12-02,33644.8125,34850.0,34900.0,34200.0,34400.0,1938700
2025-12-03,33403.45703125,34600.0,35350.0,34550.0,35200.0,1597900
2025-12-04,33403.45703125,34600.0,35350.0,34550.0,35200.0,1597900
2025-12-05,33210.375,34400.0,34950.0,34300.0,34950.0,1113500
2025-12-08,34803.3125,36050.0,36300.0,34400.0,34450.0,3941600
2025-12-09,33789.625,35000.0,35800.0,34900.0,35800.0,1603100
2025-12-10,33403.45703125,34600.0,35100.0,34500.0,35100.0,1073800
2025-12-11,33210.375,34400.0,34800.0,34350.0,34700.0,898200
2025-12-12,32534.58203125,33700.0,34450.0,33500.0,34400.0,1618800
2025-12-15,32727.666015625,33900.0,33900.0,33600.0,33850.0,629200
2025-12-16,33210.375,34400.0,34550.0,33300.0,34000.0,1592700
2025-12-17,33451.73046875,34650.0,35600.0,34300.0,34300.0,3253800
2025-12-18,33451.73046875,34650.0,35600.0,34300.0,34300.0,3253800
2025-12-19,33644.8125,34850.0,35200.0,34650.0,34800.0,1086500
2025-12-22,34079.25,35300.0,35300.0,34900.0,34900.0,1460400
2025-12-23,34368.875,35600.0,36100.0,34900.0,35450.0,3530800
2025-12-24,33934.4375,35150.0,35650.0,35150.0,35550.0,1058800
2025-12-25,33934.4375,35150.0,35650.0,35150.0,35550.0,1058800
2025-12-26,34320.60546875,35550.0,35550.0,34700.0,35050.0,1963300
2025-12-29,35237.75390625,36500.0,37000.0,35600.0,35700.0,5305400
2025-12-30,34513.6875,35750.0,36600.0,35700.0,36600.0,1525900
2025-12-31,34079.25,35300.0,36300.0,35300.0,35950.0,1541000
2026-01-01,34079.25,35300.0,35300.0,35300.0,35300.0,0
2026-01-02,34079.25,35300.0,35300.0,35300.0,35300.0,0
2026-01-05,35044.66796875,36300.0,37000.0,35350.0,35900.0,6072100
2026-01-06,37409.94140625,38750.0,38800.0,36300.0,36350.0,13251500
2026-01-07,40016.5703125,41450.0,41450.0,38850.0,39400.0,15146400
2026-01-08,40064.83984375,41500.0,44000.0,40000.0,44000.0,12736300
2026-01-09,41512.96875,43000.0,44000.0,41500.0,41700.0,8135100
2026-01-12,40933.71875,42400.0,45550.0,41550.0,44000.0,9725000
2026-01-13,43781.69921875,45350.0,45350.0,42300.0,42400.0,9964700
2026-01-14,46822.765625,48500.0,48500.0,47000.0,47600.0,15641100
2026-01-15,50008.64453125,51800.0,51800.0,47000.0,48100.0,15407000
2026-01-16,50201.73046875,52000.0,55400.0,50000.0,52000.0,14325800
2026-01-19,53677.234375,55600.0,55600.0,51500.0,52800.0,11820900
2026-01-20,56959.65234375,59000.0,59400.0,57500.0,58400.0,11931600
2026-01-21,57056.1953125,59100.0,60600.0,55400.0,57800.0,12501000
2026-01-22,54546.109375,56500.0,61200.0,56300.0,60000.0,9461200
2026-01-23,52711.81640625,54600.0,57300.0,53000.0,56400.0,12328300
2026-01-26,55028.81640625,57000.0,58400.0,54200.0,54300.0,14211800
2026-01-27,58793.94921875,60900.0,60900.0,56500.0,58000.0,13432600
2026-01-28,56863.11328125,58900.0,64800.0,57200.0,63200.0,15553600
2026-01-29,55704.609375,57700.0,58800.0,56400.0,58200.0,10120500
2026-01-30,56863.11328125,58900.0,59500.0,57700.0,58400.0,6913800
2026-02-02,58793.94921875,60900.0,60900.0,56800.0,57300.0,10121500
2026-02-03,57925.0703125,60000.0,62700.0,59500.0,60500.0,8365200
2026-02-04,57925.0703125,60000.0,61300.0,58700.0,60000.0,5519900
2026-02-05,55414.984375,57400.0,60700.0,57400.0,60000.0,7237200
2026-02-06,55028.81640625,57000.0,59600.0,54300.0,56500.0,10233300
2026-02-09,55318.4453125,57300.0,58200.0,56500.0,57500.0,2437900
2026-02-10,51456.7734375,53300.0,58400.0,53300.0,57600.0,11387800
2026-02-11,49912.1015625,51700.0,53600.0,50500.0,52000.0,7516800
2026-02-12,49912.1015625,51700.0,53300.0,51600.0,52600.0,2640700
2026-02-13,50201.73046875,52000.0,52700.0,50700.0,51600.0,3678600
2026-02-16,50201.73046875,52000.0,52000.0,52000.0,52000.0,0
2026-02-17,50201.73046875,52000.0,52000.0,52000.0,52000.0,0
2026-02-18,50201.73046875,52000.0,52000.0,52000.0,52000.0,0
2026-02-19,50201.73046875,52000.0,52000.0,52000.0,52000.0,0
2026-02-20,50201.73046875,52000.0,52000.0,52000.0,52000.0,0
2026-02-23,53677.234375,55600.0,55600.0,53300.0,54500.0,2808000
2026-02-24,55704.609375,57700.0,58500.0,56700.0,57500.0,9898400
2026-02-25,55994.234375,58000.0,59800.0,57000.0,57700.0,9033300
2026-02-26,55511.52734375,57500.0,58600.0,56000.0,58500.0,4712800
2026-02-27,55801.15234375,57800.0,61200.0,57500.0,58300.0,6852500
2026-03-02,59662.82421875,61800.0,61800.0,60000.0,61300.0,10141600
2026-03-03,59662.82421875,61800.0,61800.0,60000.0,61300.0,10141600
2026-03-04,67096.5390625,69500.0,70400.0,66000.0,68000.0,11579000
2026-03-05,62462.53515625,64700.0,69500.0,64700.0,69400.0,10215500
2026-03-06,59855.90625,62000.0,67000.0,60800.0,63600.0,11602800
2026-03-09,55704.609375,57700.0,65900.0,57700.0,65900.0,13231700
2026-03-10,51842.9375,53700.0,58100.0,53700.0,55000.0,8193700
2026-03-11,53291.06640625,55200.0,55200.0,51400.0,51600.0,8718600
2026-03-12,50201.73046875,52000.0,55200.0,52000.0,55000.0,7032400
2026-03-13,46726.22265625,48400.0,54400.0,48400.0,52000.0,11908400
2026-03-16,45085.015625,46700.0,48100.0,45050.0,48000.0,10155600
2026-03-17,44071.32421875,45650.0,48100.0,45350.0,47900.0,3705400
2026-03-18,46774.49609375,48450.0,48800.0,45200.0,45200.0,6619900
2026-03-19,44409.22265625,46000.0,48100.0,45600.0,48100.0,3988500
2026-03-20,41319.8828125,42800.0,46600.0,42800.0,46600.0,7430100
2026-03-23,39582.1328125,41000.0,42950.0,40050.0,41100.0,6716900
2026-03-24,38423.6328125,39800.0,42100.0,38500.0,42000.0,8805600
2026-03-25,39871.7578125,41300.0,42300.0,40400.0,40400.0,4323200
2026-03-26,38520.171875,39900.0,41300.0,39700.0,41300.0,4222400
2026-03-27,40788.90625,42250.0,42400.0,40000.0,40200.0,6104900
2026-03-30,39968.30078125,41400.0,43000.0,41400.0,42000.0,5415300
2026-03-31,39002.8828125,40400.0,41900.0,40350.0,41900.0,4149100
2026-04-01,39292.5078125,40700.0,41850.0,40500.0,41100.0,4263100
2026-04-02,39002.8828125,40400.0,41450.0,40050.0,41000.0,2560600
2026-04-03,38809.796875,40200.0,41350.0,40200.0,40900.0,2933800
2026-04-06,37554.75390625,38900.0,40200.0,38900.0,40200.0,3124000
2026-04-07,37265.12890625,38600.0,39550.0,38550.0,38950.0,1984000
2026-04-08,39099.421875,40500.0,40750.0,38950.0,39500.0,3490600
2026-04-09,38134.00390625,39500.0,40500.0,39500.0,40500.0,2983000
2026-04-10,39726.9453125,41150.0,42000.0,39550.0,39950.0,5697200
2026-04-13,39292.5078125,40700.0,41950.0,40500.0,41900.0,3019000
2026-04-14,38761.52734375,40150.0,41200.0,40100.0,41200.0,2218200
2026-04-15,38423.6328125,39800.0,40700.0,39650.0,40150.0,2864800
2026-04-16,37747.83984375,39100.0,40100.0,38900.0,40100.0,3333400
2026-04-17,38568.4453125,39950.0,40450.0,38950.0,39400.0,2901300
2026-04-20,38085.734375,39450.0,40300.0,39300.0,40100.0,1765400
2026-04-21,37989.19140625,39350.0,40000.0,39300.0,39450.0,1986400
2026-04-22,37651.296875,39000.0,39600.0,39000.0,39600.0,1910900
2026-04-23,37940.921875,39300.0,39700.0,38000.0,39100.0,3786500
2026-04-24,38327.08984375,39700.0,41350.0,39550.0,39650.0,6401800
2026-04-27,38327.08984375,39700.0,39700.0,39700.0,39700.0,0
2026-04-28,35672.19140625,36950.0,39200.0,36950.0,38200.0,6503400
2026-04-29,35865.2734375,37150.0,37450.0,36250.0,37000.0,3564100
2026-04-30,35865.2734375,37150.0,37150.0,37150.0,37150.0,0
2026-05-01,35865.2734375,37150.0,37150.0,37150.0,37150.0,0
2026-05-04,37361.671875,38700.0,39750.0,38100.0,38500.0,4403600
2026-05-05,37892.65234375,39250.0,39700.0,37800.0,38650.0,3878000
2026-05-06,37651.296875,39000.0,39600.0,38650.0,39250.0,3098200
2026-05-07,36396.25390625,37700.0,38900.0,37700.0,38900.0,4485600
2026-05-08,36299.7109375,37600.0,38350.0,37500.0,38100.0,1959300
2026-05-11,35527.37890625,36800.0,38000.0,36600.0,38000.0,5094400
2026-05-12,36492.796875,37800.0,37900.0,37000.0,37200.0,1738800
2026-05-13,38954.609375,40350.0,40400.0,37500.0,37800.0,10796000
2026-05-14,38471.90234375,39850.0,41750.0,39750.0,40500.0,5371100
2026-05-15,40740.6328125,42200.0,42350.0,39400.0,39400.0,9229000
2026-05-18,43588.6171875,45150.0,45150.0,42500.0,42600.0,11418400
2026-05-19,40547.55078125,42000.0,47000.0,42000.0,46000.0,14765500
2026-05-20,42333.57421875,43850.0,43900.0,39200.0,41950.0,9839000
2026-05-21,41464.6953125,42950.0,43900.0,42250.0,43900.0,3499000
2026-05-22,40499.28125,41950.0,43500.0,41650.0,43350.0,4139200
2026-05-25,38327.08984375,39700.0,41300.0,39600.0,41000.0,5757500
2026-05-26,38616.71484375,40000.0,40850.0,39900.0,40100.0,2008600
2026-05-27,38085.734375,39450.0,40650.0,39450.0,40100.0,2735300
2026-05-28,38085.734375,39450.0,40500.0,38550.0,39350.0,3792300
2026-05-29,39582.1328125,41000.0,41500.0,38850.0,39450.0,4645500
2026-06-01,38375.359375,39750.0,41500.0,39750.0,41000.0,2158900
2026-06-02,37506.484375,38850.0,40400.0,38850.0,40150.0,3073400
2026-06-03,37796.109375,39150.0,39850.0,38850.0,38850.0,1384800
2026-06-04,40402.73828125,41850.0,41850.0,40350.0,40450.0,6418000
2026-06-05,40547.55078125,42000.0,44000.0,41150.0,42300.0,5041000
2026-06-08,40257.92578125,41700.0,42800.0,41500.0,41600.0,3844100
2026-06-09,39099.421875,40500.0,41800.0,40200.0,41800.0,2504400
2026-06-10,38664.984375,40050.0,40950.0,39850.0,40900.0,2594400
2026-06-11,38471.90234375,39850.0,40950.0,39850.0,40600.0,1687000
2026-06-12,38664.984375,40050.0,41000.0,39650.0,39850.0,2261400
2026-06-15,37168.5859375,38500.0,39450.0,38400.0,39400.0,4536400
2026-06-16,37265.12890625,38600.0,39000.0,38300.0,38750.0,1880400
2026-06-17,37313.3984375,38650.0,39400.0,38250.0,38600.0,1724200
2026-06-18,37651.296875,39000.0,39250.0,38600.0,38700.0,1549000
2026-06-19,37313.3984375,38650.0,39150.0,38600.0,39100.0,1532600
2026-06-22,37313.3984375,38650.0,39300.0,38650.0,38800.0,1872100
2026-06-23,36396.25390625,37700.0,38900.0,37450.0,38900.0,4318200
2026-06-24,36492.796875,37800.0,38200.0,36850.0,37750.0,1914700
2026-06-25,35961.81640625,37250.0,37800.0,37000.0,37750.0,907100
2026-06-26,35527.37890625,36800.0,37550.0,36800.0,37400.0,1716200
2026-06-29,35961.81640625,37250.0,37750.0,36850.0,36900.0,1256200
2026-06-30,35672.19140625,36950.0,37600.0,36900.0,37300.0,1153800
2026-07-01,35672.19140625,36950.0,37600.0,36900.0,37300.0,1153800
2026-07-02,35913.54296875,37200.0,37450.0,37100.0,37450.0,803400
2026-07-03,35286.0234375,36550.0,37450.0,36550.0,37450.0,2066900
2026-07-06,33886.16796875,35100.0,36900.0,34150.0,36600.0,3251400
2026-07-07,33693.08203125,34900.0,35600.0,34550.0,35250.0,2616200
2026-07-08,34030.98046875,35250.0,35950.0,35050.0,35500.0,2210100
2026-07-09,34755.04296875,36000.0,36800.0,35700.0,35800.0,2889900
2026-07-10,34755.04296875,36000.0,36950.0,36000.0,36600.0,2471800
2026-07-13,34320.60546875,35550.0,36550.0,35000.0,36500.0,1660600
2026-07-14,35527.37890625,36800.0,37350.0,35550.0,36150.0,3602800
2026-07-15,34803.3125,36050.0,36950.0,36050.0,36950.0,1498800
2026-07-16,34658.5,35900.0,36550.0,34500.0,36100.0,2072000
2026-07-17,33982.70703125,35200.0,36000.0,35100.0,35900.0,1001700
2026-07-20,33113.83203125,34300.0,35850.0,34300.0,35550.0,1701400
2026-07-21,31520.892578125,32650.0,34300.0,31900.0,33400.0,3064500
2026-07-22,31617.435546875,32750.0,33650.0,32550.0,32650.0,1759600
2026-07-23,32244.95703125,33400.0,33600.0,32700.0,33000.0,1465900
2026-07-24,32631.123046875,33800.0,34450.0,33750.0,33800.0,1713700
2026-07-27,31665.705078125,32800.0,33750.0,32800.0,33750.0,1329000
2026-07-28,31569.1640625,32700.0,33200.0,31900.0,31900.0,1710200
2026-07-29,31810.517578125,32950.0,33200.0,32800.0,32950.0,984000
2026-07-30,32679.39453125,33850.0,34000.0,33150.0,33150.0,1455300
