date,Adj Close,Close,High,Low,Open,Volume
2018-05-17,29048.953125,34000.0,34000.0,34000.0,34000.0,58500
2018-05-18,29048.953125,34000.0,34000.0,34000.0,34000.0,0
2018-05-21,29048.953125,34000.0,34000.0,34000.0,34000.0,0
2018-05-22,31073.177734375,36369.23046875,36369.23046875,36369.23046875,36369.23046875,65
2018-05-23,28996.376953125,33938.4609375,35230.76953125,33846.15234375,35230.76953125,15728635
2018-05-24,30100.5,35230.76953125,35323.078125,33876.921875,34092.30859375,6296030
2018-05-25,30889.158203125,36153.84765625,36892.30859375,35230.76953125,35323.078125,5686590
2018-05-28,30757.71484375,36000.0,36307.69140625,34153.84765625,34153.84765625,9570405
2018-05-29,30494.83203125,35692.30859375,36061.5390625,34800.0,36000.0,2874040
2018-05-30,30757.71484375,36000.0,36000.0,34769.23046875,35692.30859375,7956845
2018-05-31,30258.23046875,35415.3828125,36153.84765625,35415.3828125,36000.0,3830742
2018-06-01,30626.271484375,35846.15234375,36153.84765625,35230.76953125,35415.3828125,2648327
2018-06-04,30994.3125,36276.921875,36276.921875,35538.4609375,35692.30859375,5728547
2018-06-05,31020.603515625,36307.69140625,36615.3828125,36000.0,36276.921875,3997142
2018-06-06,31546.375,36923.078125,37200.0,36000.0,36153.84765625,2314747
2018-06-07,31546.375,36923.078125,37538.4609375,34338.4609375,37538.4609375,3793432
2018-06-08,31546.375,36923.078125,37200.0,36153.84765625,36923.078125,1504555
2018-06-11,31546.375,36923.078125,37169.23046875,36615.3828125,37169.23046875,1383817
2018-06-12,31020.603515625,36307.69140625,36923.078125,36000.0,36923.078125,2653007
2018-06-13,31020.603515625,36307.69140625,36430.76953125,36184.6171875,36307.69140625,941167
2018-06-14,30757.71484375,36000.0,36461.5390625,35784.6171875,36307.69140625,2028747
2018-06-15,30626.271484375,35846.15234375,36215.3828125,35846.15234375,36215.3828125,692737
2018-06-18,30626.271484375,35846.15234375,36307.69140625,35692.30859375,35846.15234375,2035410
2018-06-19,30231.943359375,35384.6171875,35846.15234375,35292.30859375,35846.15234375,2504872
2018-06-20,30231.943359375,35384.6171875,35692.30859375,32953.84765625,32953.84765625,1995435
2018-06-21,30231.943359375,35384.6171875,35415.3828125,35076.921875,35384.6171875,381160
2018-06-22,30021.630859375,35138.4609375,35384.6171875,35076.921875,35384.6171875,270497
2018-06-25,30363.384765625,35538.4609375,35661.5390625,35138.4609375,35138.4609375,696345
2018-06-26,30231.943359375,35384.6171875,35538.4609375,35107.69140625,35538.4609375,365430
2018-06-27,28917.5078125,33846.15234375,35107.69140625,33846.15234375,34615.3828125,993655
2018-06-28,28917.5078125,33846.15234375,34769.23046875,33230.76953125,33846.15234375,604240
2018-06-29,29548.439453125,34584.6171875,34769.23046875,33384.6171875,34769.23046875,1045622
2018-07-02,29259.259765625,34246.15234375,34615.3828125,33846.15234375,34615.3828125,1482617
2018-07-03,27235.0390625,31876.923828125,34246.15234375,31876.923828125,34246.15234375,537647
2018-07-04,29127.8203125,34092.30859375,34092.30859375,31415.384765625,31415.384765625,4414052
2018-07-05,29969.056640625,35076.921875,35384.6171875,34092.30859375,34092.30859375,3928047
2018-07-06,29574.724609375,34615.3828125,35046.15234375,34307.69140625,34307.69140625,1615380
2018-07-09,29653.58984375,34707.69140625,34892.30859375,34615.3828125,34615.3828125,436767
2018-07-10,29180.396484375,34153.84765625,34707.69140625,33384.6171875,34676.921875,969085
2018-07-11,28838.642578125,33753.84765625,34153.84765625,33230.76953125,33846.15234375,280702
2018-07-12,28917.5078125,33846.15234375,34092.30859375,33230.76953125,33753.84765625,368777
2018-07-13,28733.490234375,33630.76953125,34153.84765625,33015.3828125,33015.3828125,186615
2018-07-16,27865.962890625,32615.384765625,34000.0,32615.384765625,34000.0,304687
2018-07-17,27865.962890625,32615.384765625,34153.84765625,32615.384765625,33538.4609375,1334255
2018-07-18,28234.001953125,33046.15234375,33846.15234375,32923.078125,33846.15234375,376772
2018-07-19,27997.40625,32769.23046875,33230.76953125,32769.23046875,33230.76953125,1169285
2018-07-20,28102.5625,32892.30859375,33230.76953125,32646.154296875,32923.078125,1175557
2018-07-23,28339.158203125,33169.23046875,33692.30859375,31692.30859375,31692.30859375,456527
2018-07-24,28339.158203125,33169.23046875,33169.23046875,33169.23046875,33169.23046875,0
2018-07-25,27997.40625,32769.23046875,32923.078125,32430.76953125,32923.078125,402675
2018-07-26,27865.962890625,32615.384765625,33169.23046875,32615.384765625,32769.23046875,669402
2018-07-27,27839.67578125,32584.615234375,32769.23046875,32307.69140625,32615.384765625,218952
2018-07-30,29048.953125,34000.0,34000.0,32307.69140625,32615.384765625,1054755
2018-07-31,28996.376953125,33938.4609375,34461.5390625,33476.921875,34461.5390625,553962
2018-08-01,28549.466796875,33415.3828125,33969.23046875,33384.6171875,33938.4609375,1042177
2018-08-02,28602.044921875,33476.921875,33815.3828125,33415.3828125,33815.3828125,861932
2018-08-03,28654.623046875,33538.4609375,33753.84765625,33384.6171875,33600.0,1294150
2018-08-06,28654.623046875,33538.4609375,33569.23046875,33476.921875,33538.4609375,594360
2018-08-07,28260.291015625,33076.921875,33538.4609375,32923.078125,33538.4609375,521625
2018-08-08,28391.73828125,33230.76953125,33476.921875,33076.921875,33076.921875,436507
2018-08-09,28575.75390625,33446.15234375,33538.4609375,33230.76953125,33230.76953125,928427
2018-08-10,28102.5625,32892.30859375,33538.4609375,32615.384765625,33538.4609375,391527
2018-08-13,28260.291015625,33076.921875,33353.84765625,32892.30859375,33353.84765625,3537365
2018-08-14,28339.158203125,33169.23046875,33230.76953125,32923.078125,32923.078125,1321482
2018-08-15,28339.158203125,33169.23046875,33200.0,32953.84765625,33169.23046875,1417975
2018-08-16,28339.158203125,33169.23046875,33200.0,32953.84765625,33169.23046875,2360215
2018-08-17,28602.044921875,33476.921875,35076.921875,33476.921875,35076.921875,3658102
2018-08-20,28602.044921875,33476.921875,34276.921875,33476.921875,34276.921875,1871610
2018-08-21,28891.21875,33815.3828125,34000.0,33476.921875,33476.921875,2409160
2018-08-22,28891.21875,33815.3828125,34092.30859375,33723.078125,33815.3828125,1351285
2018-08-23,29416.9921875,34430.76953125,34492.30859375,33846.15234375,33846.15234375,4458285
2018-08-24,29311.837890625,34307.69140625,34738.4609375,34184.6171875,34523.078125,4356560
2018-08-27,29311.837890625,34307.69140625,34430.76953125,34246.15234375,34430.76953125,2969427
2018-08-28,29180.396484375,34153.84765625,34307.69140625,34000.0,34307.69140625,2655835
2018-08-29,28470.6015625,33323.078125,34153.84765625,33323.078125,34153.84765625,986667
2018-08-30,28234.001953125,33046.15234375,33230.76953125,32769.23046875,33230.76953125,1331005
2018-08-31,27340.19140625,32000.0,34215.3828125,32000.0,33046.15234375,9839830
2018-09-03,27340.19140625,32000.0,32000.0,32000.0,32000.0,0
2018-09-04,27576.7890625,32276.923828125,33138.4609375,32061.5390625,32892.30859375,732972
2018-09-05,27865.962890625,32615.384765625,32615.384765625,32338.4609375,32553.845703125,1035320
2018-09-06,27603.076171875,32307.69140625,32615.384765625,32184.615234375,32615.384765625,933530
2018-09-07,27550.5,32246.154296875,32307.69140625,32000.0,32000.0,1492042
2018-09-10,27497.921875,32184.615234375,32461.5390625,32184.615234375,32461.5390625,1732087
2018-09-11,27261.32421875,31907.69140625,32307.69140625,31907.69140625,32000.0,1572252
2018-09-12,27340.19140625,32000.0,32246.154296875,31938.4609375,32246.154296875,1968330
2018-09-13,27629.36328125,32338.4609375,32492.30859375,32000.0,32000.0,2719957
2018-09-14,27734.521484375,32461.5390625,32615.384765625,32400.0,32553.845703125,1923317
2018-09-17,27734.521484375,32461.5390625,32830.76953125,32430.76953125,32461.5390625,4183530
2018-09-18,27497.921875,32184.615234375,32461.5390625,32000.0,32461.5390625,674537
2018-09-19,27497.921875,32184.615234375,32430.76953125,31692.30859375,32430.76953125,839020
2018-09-20,27603.076171875,32307.69140625,32307.69140625,31969.23046875,32307.69140625,1094925
2018-09-21,26682.974609375,31230.76953125,32338.4609375,31230.76953125,32184.615234375,26333190
2018-09-24,27051.015625,31661.5390625,31692.30859375,31230.76953125,31230.76953125,2062710
2018-09-25,26919.572265625,31507.69140625,31815.384765625,31261.5390625,31692.30859375,1534422
2018-09-26,26788.12890625,31353.845703125,31538.4609375,31353.845703125,31384.615234375,1539135
2018-09-27,27340.19140625,32000.0,32153.845703125,31692.30859375,31692.30859375,1709467
2018-09-28,27865.962890625,32615.384765625,32615.384765625,32184.615234375,32461.5390625,2751872
2018-10-01,27103.59375,31723.076171875,32953.84765625,31723.076171875,32769.23046875,1701635
2018-10-02,27340.19140625,32000.0,32307.69140625,31938.4609375,32092.30859375,1737255
2018-10-03,26814.416015625,31384.615234375,32276.923828125,31353.845703125,32276.923828125,1520902
2018-10-04,26972.150390625,31569.23046875,32000.0,31569.23046875,32000.0,1078382
2018-10-05,26840.70703125,31415.384765625,32000.0,31415.384765625,32000.0,990307
2018-10-08,26288.64453125,30769.23046875,31923.076171875,30769.23046875,31730.76953125,691080
2018-10-09,26288.64453125,30769.23046875,31615.384765625,30769.23046875,31230.76953125,694408
2018-10-10,26321.505859375,30807.69140625,31346.154296875,30769.23046875,31346.154296875,984152
2018-10-11,25138.515625,29423.076171875,30846.154296875,28884.615234375,29615.384765625,1915524
2018-10-12,25302.8203125,29615.384765625,30384.615234375,29230.76953125,29423.076171875,1734096
2018-10-15,24021.25,28115.384765625,29615.384765625,28076.923828125,29615.384765625,1313364
2018-10-16,24514.162109375,28692.30859375,28884.615234375,28115.384765625,28115.384765625,909506
2018-10-17,25105.654296875,29384.615234375,29615.384765625,28846.154296875,29346.154296875,780026
2018-10-18,24842.76953125,29076.923828125,29538.4609375,29038.4609375,29384.615234375,380172
2018-10-19,24579.8828125,28769.23046875,29269.23046875,28461.5390625,28692.30859375,734786
2018-10-22,24547.021484375,28730.76953125,29038.4609375,28730.76953125,28769.23046875,656838
2018-10-23,24349.857421875,28500.0,28653.845703125,28230.76953125,28384.615234375,355576
2018-10-24,23824.083984375,27884.615234375,28538.4609375,27884.615234375,28269.23046875,607958
2018-10-25,22509.650390625,26346.154296875,27000.0,26153.845703125,26346.154296875,1246544
2018-10-26,21359.525390625,25000.0,26538.4609375,24538.4609375,26346.154296875,2610972
2018-10-29,20307.9765625,23769.23046875,24461.5390625,23461.5390625,24038.4609375,879008
2018-10-30,20406.560546875,23884.615234375,24230.76953125,23076.923828125,23115.384765625,1492998
2018-10-31,21819.576171875,25538.4609375,25538.4609375,23961.5390625,23961.5390625,2857556
2018-11-01,22673.955078125,26538.4609375,26923.076171875,25038.4609375,25038.4609375,2264782
2018-11-02,23659.78125,27692.30859375,28384.615234375,26923.076171875,26923.076171875,3042026
2018-11-05,23659.78125,27692.30859375,28384.615234375,27307.69140625,28076.923828125,1971918
2018-11-06,23659.78125,27692.30859375,28076.923828125,27307.69140625,28076.923828125,985400
2018-11-07,23889.806640625,27961.5390625,27961.5390625,27230.76953125,27846.154296875,776646
2018-11-08,24547.021484375,28730.76953125,28730.76953125,28076.923828125,28230.76953125,1252628
2018-11-09,24974.212890625,29230.76953125,29461.5390625,28461.5390625,28653.845703125,1352962
2018-11-12,24974.212890625,29230.76953125,29307.69140625,28884.615234375,29000.0,713596
2018-11-13,24908.490234375,29153.845703125,29230.76953125,28115.384765625,28115.384765625,706654
2018-11-14,24908.490234375,29153.845703125,29230.76953125,28846.154296875,29153.845703125,738530
2018-11-15,24809.908203125,29038.4609375,29153.845703125,28653.845703125,28769.23046875,784966
2018-11-16,23396.89453125,27384.615234375,28807.69140625,27115.384765625,28653.845703125,2050854
2018-11-19,23955.525390625,28038.4609375,28038.4609375,26884.615234375,27500.0,841594
2018-11-20,24645.603515625,28846.154296875,29038.4609375,27730.76953125,27730.76953125,1301950
2018-11-21,24908.490234375,29153.845703125,29153.845703125,28153.845703125,28846.154296875,1174030
2018-11-22,25302.8203125,29615.384765625,30000.0,28846.154296875,29038.4609375,1310946
2018-11-23,25007.072265625,29269.23046875,29923.076171875,29269.23046875,29615.384765625,233064
2018-11-26,25302.8203125,29615.384765625,29730.76953125,29038.4609375,29230.76953125,784030
2018-11-27,25730.01171875,30115.384765625,30230.76953125,29769.23046875,29807.69140625,1038492
2018-11-28,25730.01171875,30115.384765625,30153.845703125,29807.69140625,30000.0,442520
2018-11-29,25861.455078125,30269.23046875,30346.154296875,30153.845703125,30192.30859375,1232244
2018-11-30,25565.705078125,29923.076171875,30346.154296875,29230.76953125,30269.23046875,1544296
2018-12-03,25532.845703125,29884.615234375,30269.23046875,29884.615234375,30192.30859375,505778
2018-12-04,26945.859375,31538.4609375,31923.076171875,30000.0,30000.0,1820728
2018-12-05,26518.669921875,31038.4609375,31730.76953125,30769.23046875,30769.23046875,1000142
2018-12-06,26748.693359375,31307.69140625,31500.0,30961.5390625,31153.845703125,665964
2018-12-07,26288.64453125,30769.23046875,31307.69140625,30769.23046875,31307.69140625,651612
2018-12-10,26288.64453125,30769.23046875,30769.23046875,30384.615234375,30692.30859375,897624
2018-12-11,26387.2265625,30884.615234375,31307.69140625,30730.76953125,31307.69140625,368290
2018-12-12,26387.2265625,30884.615234375,30884.615234375,30884.615234375,30884.615234375,0
2018-12-13,26387.2265625,30884.615234375,31269.23046875,30807.69140625,30807.69140625,422422
2018-12-14,26222.92578125,30692.30859375,30884.615234375,30576.923828125,30884.615234375,252278
2018-12-17,25467.123046875,29807.69140625,30730.76953125,29423.076171875,30692.30859375,1198964
2018-12-18,25467.123046875,29807.69140625,30000.0,29038.4609375,29230.76953125,841516
2018-12-19,25467.123046875,29807.69140625,30000.0,29500.0,30000.0,565812
2018-12-20,25434.26171875,29769.23046875,29846.154296875,29538.4609375,29538.4609375,478634
2018-12-21,24284.134765625,28423.076171875,29538.4609375,28423.076171875,29538.4609375,3820102
2018-12-24,24448.439453125,28615.384765625,29230.76953125,28576.923828125,28846.154296875,447668
2018-12-25,24152.69140625,28269.23046875,28461.5390625,27807.69140625,28076.923828125,603902
2018-12-26,23659.78125,27692.30859375,28269.23046875,27461.5390625,28115.384765625,1424644
2018-12-27,24086.97265625,28192.30859375,28423.076171875,28038.4609375,28423.076171875,792194
2018-12-28,24086.97265625,28192.30859375,28192.30859375,28192.30859375,28192.30859375,0
2018-12-31,24086.97265625,28192.30859375,28192.30859375,28192.30859375,28192.30859375,0
2019-01-01,24086.97265625,28192.30859375,28192.30859375,28192.30859375,28192.30859375,0
2019-01-02,24152.69140625,28269.23046875,28346.154296875,27961.5390625,28346.154296875,869492
2019-01-03,24054.109375,28153.845703125,28153.845703125,27500.0,27730.76953125,1235546
2019-01-04,24316.99609375,28461.5390625,28653.845703125,27269.23046875,27692.30859375,721864
2019-01-07,24382.716796875,28538.4609375,28692.30859375,28192.30859375,28692.30859375,483678
2019-01-08,24382.716796875,28538.4609375,28538.4609375,28115.384765625,28461.5390625,534196
2019-01-09,24382.716796875,28538.4609375,28653.845703125,28461.5390625,28653.845703125,241072
2019-01-10,24514.162109375,28692.30859375,28692.30859375,28269.23046875,28653.845703125,282230
2019-01-11,25171.376953125,29461.5390625,29461.5390625,28730.76953125,28807.69140625,627874
2019-01-14,25401.40234375,29730.76953125,30000.0,29461.5390625,30000.0,504192
2019-01-15,26255.78515625,30730.76953125,30730.76953125,29615.384765625,29615.384765625,773526
2019-01-16,26387.2265625,30884.615234375,31538.4609375,30423.076171875,30730.76953125,851214
2019-01-17,26222.92578125,30692.30859375,31230.76953125,30692.30859375,31115.384765625,557258
2019-01-18,26452.94921875,30961.5390625,31192.30859375,30384.615234375,30923.076171875,752310
2019-01-21,26452.94921875,30961.5390625,31153.845703125,30769.23046875,31153.845703125,1069926
2019-01-22,26157.201171875,30615.384765625,31153.845703125,30615.384765625,31000.0,742872
2019-01-23,26157.201171875,30615.384765625,30769.23046875,30384.615234375,30730.76953125,557986
2019-01-24,25894.314453125,30307.69140625,30615.384765625,30000.0,30615.384765625,459550
2019-01-25,25631.427734375,30000.0,30269.23046875,29807.69140625,30192.30859375,588276
2019-01-28,26485.810546875,31000.0,31000.0,29923.076171875,30769.23046875,739830
2019-01-29,26781.556640625,31346.154296875,31346.154296875,30961.5390625,31346.154296875,869050
2019-01-30,26945.859375,31538.4609375,31538.4609375,30923.076171875,30923.076171875,642044
2019-01-31,26288.64453125,30769.23046875,31538.4609375,30615.384765625,31538.4609375,2009826
2019-02-01,26288.64453125,30769.23046875,30769.23046875,30615.384765625,30769.23046875,2533804
2019-02-04,26288.64453125,30769.23046875,30769.23046875,30769.23046875,30769.23046875,0
2019-02-05,26288.64453125,30769.23046875,30769.23046875,30769.23046875,30769.23046875,0
2019-02-06,26288.64453125,30769.23046875,30769.23046875,30769.23046875,30769.23046875,0
2019-02-07,26288.64453125,30769.23046875,30769.23046875,30769.23046875,30769.23046875,0
2019-02-08,26288.64453125,30769.23046875,30769.23046875,30769.23046875,30769.23046875,0
2019-02-11,26255.78515625,30730.76953125,31153.845703125,30615.384765625,31153.845703125,918086
2019-02-12,26288.64453125,30769.23046875,30923.076171875,30576.923828125,30923.076171875,1381146
2019-02-13,26288.64453125,30769.23046875,31076.923828125,30500.0,30807.69140625,1316926
2019-02-14,26913.0,31500.0,31769.23046875,30807.69140625,30923.076171875,2526446
2019-02-15,26682.974609375,31230.76953125,31538.4609375,31192.30859375,31538.4609375,1097850
2019-02-18,26682.974609375,31230.76953125,31230.76953125,31230.76953125,31230.76953125,0
2019-02-19,28588.900390625,33461.5390625,33730.76953125,31730.76953125,31730.76953125,3235180
2019-02-20,29706.16796875,34769.23046875,34923.078125,33461.5390625,33461.5390625,2120508
2019-02-21,31776.3984375,37192.30859375,37192.30859375,34307.69140625,34807.69140625,3145662
2019-02-22,30593.41015625,35807.69140625,37115.3828125,35653.84765625,36538.4609375,2472470
2019-02-25,30231.943359375,35384.6171875,36576.921875,35115.3828125,36346.15234375,2178904
2019-02-26,30231.943359375,35384.6171875,35769.23046875,34615.3828125,35384.6171875,2868736
2019-02-27,30461.96875,35653.84765625,35884.6171875,35192.30859375,35769.23046875,2330276
2019-02-28,28753.20703125,33653.84765625,35500.0,33653.84765625,35423.078125,3302494
2019-03-01,29903.333984375,35000.0,35153.84765625,33653.84765625,34038.4609375,2096484
2019-03-04,30626.271484375,35846.15234375,35961.5390625,34461.5390625,35384.6171875,2367612
2019-03-05,29903.333984375,35000.0,35730.76953125,34807.69140625,35461.5390625,2996890
2019-03-06,30166.220703125,35307.69140625,35346.15234375,34923.078125,35000.0,1540266
2019-03-07,30231.943359375,35384.6171875,36653.84765625,35346.15234375,35384.6171875,3398122
2019-03-08,30067.638671875,35192.30859375,35730.76953125,35153.84765625,35384.6171875,1819610
2019-03-11,29574.724609375,34615.3828125,35500.0,34615.3828125,35000.0,1387724
2019-03-12,30330.525390625,35500.0,35615.3828125,34961.5390625,35076.921875,2247882
2019-03-13,30889.158203125,36153.84765625,36923.078125,35576.921875,35615.3828125,4302610
2019-03-14,30889.158203125,36153.84765625,36384.6171875,35692.30859375,36269.23046875,1841294
2019-03-15,30659.1328125,35884.6171875,36153.84765625,35576.921875,36153.84765625,6491576
2019-03-18,30987.740234375,36269.23046875,36500.0,36153.84765625,36153.84765625,2746614
2019-03-19,30889.158203125,36153.84765625,36615.3828125,35961.5390625,36538.4609375,2862340
2019-03-20,30297.6640625,35461.5390625,35923.078125,35000.0,35807.69140625,2761070
2019-03-21,28983.234375,33923.078125,35769.23046875,33923.078125,35769.23046875,2625818
2019-03-22,29936.1953125,35038.4609375,35076.921875,33846.15234375,34230.76953125,2488408
2019-03-25,29246.1171875,34230.76953125,34423.078125,33653.84765625,34423.078125,2061982
2019-03-26,29541.86328125,34576.921875,34884.6171875,34423.078125,34615.3828125,1606748
2019-03-27,29607.5859375,34653.84765625,35000.0,34576.921875,35000.0,1013012
2019-03-28,30593.41015625,35807.69140625,35884.6171875,34615.3828125,34730.76953125,2325804
2019-03-29,30067.638671875,35192.30859375,36269.23046875,35192.30859375,36153.84765625,2740556
2019-04-01,30363.384765625,35538.4609375,36076.921875,35307.69140625,35538.4609375,869648
2019-04-02,30297.6640625,35461.5390625,36038.4609375,35384.6171875,35923.078125,935194
2019-04-03,30231.943359375,35384.6171875,35461.5390625,35038.4609375,35461.5390625,731510
2019-04-04,30231.943359375,35384.6171875,35692.30859375,35115.3828125,35653.84765625,1272830
2019-04-05,30429.107421875,35615.3828125,35846.15234375,35423.078125,35576.921875,1181076
2019-04-08,31086.32421875,36384.6171875,36384.6171875,35653.84765625,35769.23046875,1709032
2019-04-09,30823.435546875,36076.921875,36923.078125,35769.23046875,36538.4609375,2530346
2019-04-10,30396.24609375,35576.921875,36076.921875,35500.0,36076.921875,853840
2019-04-11,30724.857421875,35961.5390625,36076.921875,35461.5390625,35692.30859375,606736
2019-04-12,30659.1328125,35884.6171875,36000.0,35384.6171875,35923.078125,778934
2019-04-15,30659.1328125,35884.6171875,35884.6171875,35884.6171875,35884.6171875,0
2019-04-16,29903.333984375,35000.0,35346.15234375,33769.23046875,34615.3828125,2375854
2019-04-17,29509.00390625,34538.4609375,35346.15234375,34500.0,35000.0,1979510
2019-04-18,29246.1171875,34230.76953125,34807.69140625,33884.6171875,34576.921875,1585168
2019-04-19,29246.1171875,34230.76953125,34769.23046875,34230.76953125,34230.76953125,673296
2019-04-22,29574.724609375,34615.3828125,34615.3828125,34076.921875,34500.0,550212
2019-04-23,29246.1171875,34230.76953125,34615.3828125,34192.30859375,34500.0,1286766
2019-04-24,29476.142578125,34500.0,34692.30859375,34500.0,34500.0,1636492
2019-04-25,29640.447265625,34692.30859375,34692.30859375,34384.6171875,34423.078125,1768208
2019-04-26,30231.943359375,35384.6171875,35384.6171875,34576.921875,34692.30859375,2782910
2019-04-29,30231.943359375,35384.6171875,35384.6171875,35384.6171875,35384.6171875,0
2019-04-30,30231.943359375,35384.6171875,35384.6171875,35384.6171875,35384.6171875,0
2019-05-01,30231.943359375,35384.6171875,35384.6171875,35384.6171875,35384.6171875,0
2019-05-02,30034.78125,35153.84765625,35500.0,34961.5390625,35384.6171875,1176526
2019-05-03,29706.16796875,34769.23046875,35307.69140625,34769.23046875,35307.69140625,1614990
2019-05-06,29246.1171875,34230.76953125,34615.3828125,34076.921875,34615.3828125,1358630
2019-05-07,28884.6484375,33807.69140625,34538.4609375,33730.76953125,34538.4609375,1498354
2019-05-08,28128.8515625,32923.078125,33576.921875,32846.15234375,33461.5390625,2325024
2019-05-09,27767.380859375,32500.0,32923.078125,32153.845703125,32692.30859375,2556632
2019-05-10,27603.076171875,32307.69140625,33076.921875,32230.76953125,32923.078125,2548676
2019-05-13,27931.6875,32692.30859375,32769.23046875,32230.76953125,32230.76953125,1798342
2019-05-14,27931.6875,32692.30859375,33076.921875,32307.69140625,32307.69140625,3438552
2019-05-15,28260.291015625,33076.921875,33269.23046875,32769.23046875,32769.23046875,2949180
2019-05-16,28588.900390625,33461.5390625,33500.0,32961.5390625,33076.921875,2478658
2019-05-17,28490.31640625,33346.15234375,33461.5390625,33192.30859375,33461.5390625,2058654
2019-05-20,28523.181640625,33384.6171875,33384.6171875,33000.0,33269.23046875,1659684
2019-05-21,28490.31640625,33346.15234375,33884.6171875,33346.15234375,33807.69140625,2747420
2019-05-22,28424.59765625,33269.23046875,33807.69140625,33153.84765625,33153.84765625,1826526
2019-05-23,28424.59765625,33269.23046875,33307.69140625,33115.3828125,33307.69140625,980668
2019-05-24,27767.380859375,32500.0,33346.15234375,32500.0,33346.15234375,2222662
2019-05-27,27734.521484375,32461.5390625,32653.845703125,32461.5390625,32500.0,1267656
2019-05-28,27438.7734375,32115.384765625,32538.4609375,32115.384765625,32461.5390625,3735160
2019-05-29,27471.634765625,32153.845703125,32384.615234375,32076.923828125,32307.69140625,2395926
2019-05-30,27143.0234375,31769.23046875,32230.76953125,31730.76953125,32153.845703125,2418754
2019-05-31,26945.859375,31538.4609375,32000.0,31153.845703125,32000.0,1874418
2019-06-03,26485.810546875,31000.0,31538.4609375,30615.384765625,31538.4609375,1370772
2019-06-04,26485.810546875,31000.0,31153.845703125,30346.154296875,30961.5390625,1450514
2019-06-05,26485.810546875,31000.0,31346.154296875,30884.615234375,31230.76953125,1176838
2019-06-06,26387.2265625,30884.615234375,31076.923828125,30346.154296875,30961.5390625,1514994
2019-06-07,27011.58203125,31615.384765625,31923.076171875,30730.76953125,30961.5390625,1488188
2019-06-10,26945.859375,31538.4609375,31923.076171875,31307.69140625,31923.076171875,1550536
2019-06-11,26913.0,31500.0,31538.4609375,31269.23046875,31538.4609375,975962
2019-06-12,26288.64453125,30769.23046875,31346.154296875,30576.923828125,31346.154296875,2324218
2019-06-13,26288.64453125,30769.23046875,30769.23046875,29461.5390625,30576.923828125,5258708
2019-06-14,26255.78515625,30730.76953125,30730.76953125,30230.76953125,30307.69140625,1255332
2019-06-17,25631.427734375,30000.0,30730.76953125,29846.154296875,30730.76953125,1191632
2019-06-18,25631.427734375,30000.0,30000.0,29346.154296875,29923.076171875,4265612
2019-06-19,25664.287109375,30038.4609375,30115.384765625,29923.076171875,30000.0,1896882
2019-06-20,25762.873046875,30153.845703125,30346.154296875,30000.0,30153.845703125,4059250
2019-06-21,25795.734375,30192.30859375,30500.0,30192.30859375,30230.76953125,9729720
2019-06-24,26124.341796875,30576.923828125,30923.076171875,30230.76953125,30230.76953125,3775902
2019-06-25,26124.341796875,30576.923828125,30807.69140625,30576.923828125,30692.30859375,2252874
2019-06-26,25960.0390625,30384.615234375,30615.384765625,30269.23046875,30500.0,3052946
2019-06-27,25467.123046875,29807.69140625,30384.615234375,29807.69140625,30384.615234375,2119286
2019-06-28,26058.619140625,30500.0,30576.923828125,29423.076171875,29461.5390625,2414620
2019-07-01,26617.251953125,31153.845703125,31153.845703125,30500.0,30576.923828125,2835482
2019-07-02,26650.11328125,31192.30859375,31230.76953125,30769.23046875,31153.845703125,2827838
2019-07-03,26945.859375,31538.4609375,31538.4609375,30807.69140625,31000.0,3945916
2019-07-04,26945.859375,31538.4609375,31538.4609375,31538.4609375,31538.4609375,0
2019-07-05,26945.859375,31538.4609375,31538.4609375,31538.4609375,31538.4609375,0
2019-07-08,26945.859375,31538.4609375,31538.4609375,31538.4609375,31538.4609375,0
2019-07-09,26945.859375,31538.4609375,31538.4609375,31538.4609375,31538.4609375,0
2019-07-10,26945.859375,31538.4609375,31538.4609375,31538.4609375,31538.4609375,0
2019-07-11,26945.859375,31538.4609375,31538.4609375,31538.4609375,31538.4609375,0
2019-07-12,26945.859375,31538.4609375,31538.4609375,31538.4609375,31538.4609375,0
2019-07-15,26945.859375,31538.4609375,31538.4609375,31538.4609375,31538.4609375,0
2019-07-16,26945.859375,31538.4609375,31538.4609375,31538.4609375,31538.4609375,0
2019-07-17,27603.076171875,32307.69140625,32884.6171875,32269.23046875,32269.23046875,2122978
2019-07-18,27603.076171875,32307.69140625,32307.69140625,31923.076171875,31923.076171875,1335022
2019-07-19,27767.380859375,32500.0,32807.69140625,32076.923828125,32307.69140625,2673086
2019-07-22,27800.2421875,32538.4609375,32538.4609375,32230.76953125,32500.0,1226472
2019-07-23,28194.572265625,33000.0,33076.921875,32423.076171875,32538.4609375,2148146
2019-07-24,28194.572265625,33000.0,33346.15234375,32769.23046875,33076.921875,1411774
2019-07-25,28194.572265625,33000.0,33000.0,33000.0,33000.0,0
2019-07-26,28194.572265625,33000.0,33000.0,33000.0,33000.0,0
2019-07-29,28194.572265625,33000.0,33000.0,33000.0,33000.0,0
2019-07-30,28194.572265625,33000.0,33000.0,33000.0,33000.0,0
2019-07-31,28983.234375,33923.078125,34307.69140625,32692.30859375,32692.30859375,2578472
2019-08-01,29739.029296875,34807.69140625,34923.078125,33846.15234375,34230.76953125,2375386
2019-08-02,29640.447265625,34692.30859375,34692.30859375,33884.6171875,34076.921875,1631188
2019-08-05,27997.40625,32769.23046875,34615.3828125,32769.23046875,34230.76953125,2346812
2019-08-06,27997.40625,32769.23046875,32769.23046875,32769.23046875,32769.23046875,0
2019-08-07,27603.076171875,32307.69140625,32807.69140625,32038.4609375,32692.30859375,1883752
2019-08-08,28444.634765625,32500.0,32884.6171875,31807.69140625,32307.69140625,1445704
2019-08-09,28444.634765625,32500.0,32500.0,32500.0,32500.0,0
2019-08-12,28343.6484375,32384.615234375,32423.076171875,32038.4609375,32076.923828125,595764
2019-08-13,27906.0390625,31884.615234375,32307.69140625,31576.923828125,32307.69140625,1880424
2019-08-14,27939.69921875,31923.076171875,32461.5390625,31923.076171875,32115.384765625,1267032
2019-08-15,28276.322265625,32307.69140625,32307.69140625,31153.845703125,31538.4609375,959062
2019-08-16,28276.322265625,32307.69140625,32307.69140625,32307.69140625,32307.69140625,0
2019-08-19,28276.322265625,32307.69140625,32307.69140625,32307.69140625,32307.69140625,0
2019-08-20,28276.322265625,32307.69140625,32307.69140625,32307.69140625,32307.69140625,0
2019-08-21,29387.177734375,33576.921875,33846.15234375,33230.76953125,33307.69140625,1425034
2019-08-22,29589.15234375,33807.69140625,33807.69140625,33384.6171875,33653.84765625,988858
2019-08-23,29286.19140625,33461.5390625,33846.15234375,33461.5390625,33846.15234375,1514708
2019-08-26,28915.90625,33038.4609375,33153.84765625,32692.30859375,32692.30859375,975754
2019-08-27,29151.54296875,33307.69140625,33807.69140625,33038.4609375,33038.4609375,2265250
2019-08-28,29218.869140625,33384.6171875,33653.84765625,33076.921875,33076.921875,773266
2019-08-29,29218.869140625,33384.6171875,33461.5390625,32807.69140625,33384.6171875,895882
2019-08-30,29218.869140625,33384.6171875,33384.6171875,33384.6171875,33384.6171875,0
2019-09-02,29218.869140625,33384.6171875,33384.6171875,33384.6171875,33384.6171875,0
2019-09-03,29488.166015625,33692.30859375,33807.69140625,33538.4609375,33769.23046875,632892
2019-09-04,29959.439453125,34230.76953125,34307.69140625,33538.4609375,33730.76953125,2243098
2019-09-05,29959.439453125,34230.76953125,34461.5390625,34076.921875,34230.76953125,1117376
2019-09-06,29892.115234375,34153.84765625,34230.76953125,33846.15234375,34230.76953125,633750
2019-09-09,29757.46484375,34000.0,34153.84765625,33807.69140625,34153.84765625,875992
2019-09-10,29622.8125,33846.15234375,34038.4609375,33576.921875,34000.0,825890
2019-09-11,29050.556640625,33192.30859375,33769.23046875,33000.0,33653.84765625,1429402
2019-09-12,29252.53125,33423.078125,33615.3828125,33192.30859375,33615.3828125,753558
2019-09-13,29622.8125,33846.15234375,33846.15234375,33115.3828125,33615.3828125,940628
2019-09-16,29791.126953125,34038.4609375,34192.30859375,33500.0,33500.0,1464996
2019-09-17,30397.046875,34730.76953125,34807.69140625,34000.0,34038.4609375,2396706
2019-09-18,30430.70703125,34769.23046875,34807.69140625,34576.921875,34730.76953125,1136694
2019-09-19,30397.046875,34730.76953125,34769.23046875,33961.5390625,34769.23046875,1315782
2019-09-20,30161.4140625,34461.5390625,34769.23046875,34423.078125,34769.23046875,2683954
2019-09-23,30127.75,34423.078125,34576.921875,34153.84765625,34461.5390625,694902
2019-09-24,30127.75,34423.078125,34538.4609375,34192.30859375,34423.078125,745056
2019-09-25,30127.75,34423.078125,34576.921875,34115.3828125,34269.23046875,590642
2019-09-26,29858.44921875,34115.3828125,34576.921875,33653.84765625,34423.078125,1388036
2019-09-27,30060.423828125,34346.15234375,34538.4609375,33961.5390625,34115.3828125,1000870
2019-09-30,30060.423828125,34346.15234375,34615.3828125,34192.30859375,34615.3828125,1276912
2019-10-01,30026.759765625,34307.69140625,34423.078125,34115.3828125,34423.078125,603018
2019-10-02,29959.439453125,34230.76953125,34346.15234375,34038.4609375,34307.69140625,1201434
2019-10-03,30060.423828125,34346.15234375,34346.15234375,33846.15234375,34038.4609375,850564
2019-10-04,30026.759765625,34307.69140625,34423.078125,34000.0,34423.078125,1114178
2019-10-07,29959.439453125,34230.76953125,34230.76953125,33923.078125,34230.76953125,1251692
2019-10-08,29824.78515625,34076.921875,34230.76953125,33884.6171875,34230.76953125,819026
2019-10-09,29791.126953125,34038.4609375,34153.84765625,33884.6171875,34076.921875,762372
2019-10-10,29791.126953125,34038.4609375,34076.921875,33692.30859375,34076.921875,933764
2019-10-11,29757.46484375,34000.0,34076.921875,33846.15234375,34076.921875,1170000
2019-10-14,29589.15234375,33807.69140625,34000.0,33653.84765625,34000.0,742690
2019-10-15,29084.21875,33230.76953125,33769.23046875,33000.0,33653.84765625,1672138
2019-10-16,29084.21875,33230.76953125,33230.76953125,32807.69140625,33230.76953125,1638598
2019-10-17,29117.880859375,33269.23046875,33846.15234375,32807.69140625,33192.30859375,1789788
2019-10-18,29286.19140625,33461.5390625,33576.921875,33153.84765625,33269.23046875,852124
2019-10-21,29117.880859375,33269.23046875,33461.5390625,32923.078125,33461.5390625,1260038
2019-10-22,28949.568359375,33076.921875,33384.6171875,33038.4609375,33269.23046875,911638
2019-10-23,28915.90625,33038.4609375,33076.921875,32692.30859375,33076.921875,1392430
2019-10-24,28983.23046875,33115.3828125,33115.3828125,32769.23046875,32961.5390625,1413256
2019-10-25,28949.568359375,33076.921875,33153.84765625,32846.15234375,33076.921875,1770964
2019-10-28,28949.568359375,33076.921875,33346.15234375,32884.6171875,33076.921875,1894048
2019-10-29,29488.166015625,33692.30859375,33846.15234375,33423.078125,33461.5390625,2638922
2019-10-30,29892.115234375,34153.84765625,34269.23046875,33730.76953125,33846.15234375,1917864
2019-10-31,29959.439453125,34230.76953125,34538.4609375,34115.3828125,34153.84765625,2622256
2019-11-01,32046.49609375,36615.3828125,36615.3828125,34307.69140625,34384.6171875,6744478
2019-11-04,32315.80078125,36923.078125,37500.0,36423.078125,36807.69140625,2923726
2019-11-05,32955.38671875,37653.84765625,37884.6171875,36846.15234375,36923.078125,4776096
2019-11-06,33460.31640625,38230.76953125,38846.15234375,37461.5390625,37461.5390625,4355806
2019-11-07,33493.9765625,38269.23046875,39346.15234375,38115.3828125,38115.3828125,5412290
2019-11-08,33157.35546875,37884.6171875,38423.078125,37692.30859375,38269.23046875,3206762
2019-11-11,33224.68359375,37961.5390625,38346.15234375,37653.84765625,37846.15234375,1989416
2019-11-12,32921.71875,37615.3828125,38230.76953125,37500.0,38076.921875,3590158
2019-11-13,32686.080078125,37346.15234375,37769.23046875,37153.84765625,37615.3828125,3394768
2019-11-14,32450.4453125,37076.921875,38192.30859375,37000.0,37807.69140625,3849664
2019-11-15,32416.78515625,37038.4609375,37461.5390625,37000.0,37384.6171875,2648074
2019-11-18,32416.78515625,37038.4609375,37230.76953125,36807.69140625,37115.3828125,3038958
2019-11-19,32484.107421875,37115.3828125,37846.15234375,36884.6171875,37115.3828125,5994612
2019-11-20,32383.123046875,37000.0,37384.6171875,36615.3828125,37384.6171875,5228444
2019-11-21,32080.162109375,36653.84765625,37076.921875,36576.921875,37000.0,8327332
2019-11-22,31474.2421875,35961.5390625,36884.6171875,34730.76953125,36884.6171875,9859018
2019-11-25,31373.25390625,35846.15234375,36115.3828125,35269.23046875,35576.921875,5982132
2019-11-26,31406.919921875,35884.6171875,36192.30859375,35884.6171875,36153.84765625,8540428
2019-11-27,31305.927734375,35769.23046875,35961.5390625,35692.30859375,35961.5390625,5551286
2019-11-28,30834.65625,35230.76953125,35769.23046875,35192.30859375,35769.23046875,6756646
2019-11-29,30935.642578125,35346.15234375,35384.6171875,34923.078125,35230.76953125,7382206
2019-12-02,30935.642578125,35346.15234375,35769.23046875,35153.84765625,35576.921875,11459812
2019-12-06,30969.30859375,35384.6171875,35461.5390625,35230.76953125,35384.6171875,6565208
2019-12-09,30969.30859375,35384.6171875,35769.23046875,35192.30859375,35384.6171875,1626196
2019-12-10,30800.99609375,35192.30859375,35500.0,33846.15234375,35500.0,4026230
2019-12-11,30666.34765625,35038.4609375,35192.30859375,34384.6171875,35115.3828125,1678716
2019-12-12,30700.0078125,35076.921875,35076.921875,34615.3828125,35038.4609375,2300948
2019-12-13,29993.099609375,34269.23046875,35153.84765625,34269.23046875,35076.921875,1089946
2019-12-16,28983.23046875,33115.3828125,34038.4609375,32923.078125,33692.30859375,3738228
2019-12-17,28781.26171875,32884.6171875,33461.5390625,32538.4609375,33115.3828125,2235064
2019-12-18,28242.662109375,32269.23046875,32884.6171875,31923.076171875,32576.923828125,3483584
2019-12-19,28242.662109375,32269.23046875,32692.30859375,31730.76953125,32230.76953125,2723500
2019-12-20,28343.6484375,32384.615234375,32923.078125,32307.69140625,32307.69140625,3965494
2019-12-23,28208.998046875,32230.76953125,32692.30859375,32153.845703125,32692.30859375,1478672
2019-12-24,28175.337890625,32192.30859375,32230.76953125,31461.5390625,32038.4609375,2180984
2019-12-25,28175.337890625,32192.30859375,32384.615234375,31846.154296875,32192.30859375,940732
2019-12-26,28343.6484375,32384.615234375,32653.845703125,32000.0,32192.30859375,1109082
2019-12-27,28444.634765625,32500.0,32653.845703125,32076.923828125,32384.615234375,1351168
2019-12-30,28781.26171875,32884.6171875,33307.69140625,32461.5390625,32461.5390625,2330952
2019-12-31,28545.62109375,32615.384765625,33000.0,32500.0,32884.6171875,1119716
2020-01-01,28545.62109375,32615.384765625,32615.384765625,32615.384765625,32615.384765625,0
2020-01-02,28579.28515625,32653.845703125,32884.6171875,32500.0,32500.0,620360
2020-01-03,28680.271484375,32769.23046875,32846.15234375,32538.4609375,32653.845703125,1025622
2020-01-06,28074.349609375,32076.923828125,32692.30859375,31846.154296875,32538.4609375,2665702
2020-01-07,28208.998046875,32230.76953125,32615.384765625,31923.076171875,31923.076171875,1534936
2020-01-08,27771.390625,31730.76953125,32115.384765625,31153.845703125,31923.076171875,1439594
2020-01-09,28040.6875,32038.4609375,32192.30859375,31884.615234375,32076.923828125,1095250
2020-01-10,28444.634765625,32500.0,32653.845703125,31807.69140625,32038.4609375,1819428
2020-01-13,29050.556640625,33192.30859375,33384.6171875,32500.0,32615.384765625,2293616
2020-01-14,29050.556640625,33192.30859375,33384.6171875,33115.3828125,33153.84765625,940160
2020-01-15,29050.556640625,33192.30859375,33269.23046875,33000.0,33269.23046875,1093690
2020-01-16,28983.23046875,33115.3828125,33230.76953125,33038.4609375,33230.76953125,1148836
2020-01-17,28949.568359375,33076.921875,33807.69140625,33076.921875,33153.84765625,1435694
2020-01-20,28949.568359375,33076.921875,33230.76953125,32961.5390625,33076.921875,1850758
2020-01-21,29454.505859375,33653.84765625,33653.84765625,33076.921875,33076.921875,1699568
2020-01-22,30094.087890625,34384.6171875,34423.078125,33576.921875,33615.3828125,1749982
2020-01-23,30094.087890625,34384.6171875,34384.6171875,34384.6171875,34384.6171875,0
2020-01-24,30094.087890625,34384.6171875,34384.6171875,34384.6171875,34384.6171875,0
2020-01-27,30094.087890625,34384.6171875,34384.6171875,34384.6171875,34384.6171875,0
2020-01-28,30094.087890625,34384.6171875,34384.6171875,34384.6171875,34384.6171875,0
2020-01-29,30094.087890625,34384.6171875,34384.6171875,34384.6171875,34384.6171875,0
2020-01-30,29420.837890625,33615.3828125,33769.23046875,33000.0,33538.4609375,3676400
2020-01-31,29454.505859375,33653.84765625,34038.4609375,33500.0,33653.84765625,3339362
2020-02-03,28680.271484375,32769.23046875,33038.4609375,31538.4609375,32000.0,1963806
2020-02-04,28848.58203125,32961.5390625,33269.23046875,32692.30859375,32769.23046875,2157454
2020-02-05,28949.568359375,33076.921875,33384.6171875,32846.15234375,33384.6171875,6266962
2020-02-06,29218.869140625,33384.6171875,33461.5390625,33076.921875,33192.30859375,1259492
2020-02-07,29286.19140625,33461.5390625,33769.23046875,33384.6171875,33423.078125,1527786
2020-02-10,29016.89453125,33153.84765625,33346.15234375,33000.0,33115.3828125,971360
2020-02-11,29016.89453125,33153.84765625,33230.76953125,32884.6171875,33076.921875,1565434
2020-02-12,29117.880859375,33269.23046875,33346.15234375,33153.84765625,33346.15234375,1027832
2020-02-13,28949.568359375,33076.921875,33230.76953125,32884.6171875,33153.84765625,1094730
2020-02-14,29488.166015625,33692.30859375,34076.921875,32884.6171875,32884.6171875,1251952
2020-02-17,29185.205078125,33346.15234375,33846.15234375,33269.23046875,33846.15234375,427960
2020-02-18,28949.568359375,33076.921875,33461.5390625,32923.078125,33307.69140625,842062
2020-02-19,28949.568359375,33076.921875,33269.23046875,32769.23046875,32923.078125,1336686
2020-02-20,29252.53125,33423.078125,33576.921875,33038.4609375,33269.23046875,705588
2020-02-21,28983.23046875,33115.3828125,33423.078125,33076.921875,33269.23046875,478842
2020-02-24,28276.322265625,32307.69140625,32730.76953125,32038.4609375,32038.4609375,1610388
2020-02-25,27973.36328125,31961.5390625,32230.76953125,31153.845703125,31653.845703125,1066780
2020-02-26,27232.79296875,31115.384765625,31923.076171875,30884.615234375,31923.076171875,1694888
2020-02-27,27199.130859375,31076.923828125,31153.845703125,30384.615234375,30730.76953125,3328650
2020-02-28,27064.48046875,30923.076171875,30923.076171875,30192.30859375,30192.30859375,2237976
2020-03-02,27098.142578125,30961.5390625,31000.0,30384.615234375,30423.076171875,1164748
2020-03-03,27098.142578125,30961.5390625,31192.30859375,30846.154296875,30961.5390625,1930552
2020-03-05,27266.455078125,31153.845703125,31346.154296875,30807.69140625,30807.69140625,938886
2020-03-06,27232.79296875,31115.384765625,31115.384765625,30384.615234375,30769.23046875,883324
2020-03-09,25347.705078125,28961.5390625,30230.76953125,28961.5390625,30230.76953125,2530294
2020-03-10,25751.650390625,29423.076171875,29423.076171875,27307.69140625,27307.69140625,2730286
2020-03-11,25751.650390625,29423.076171875,29538.4609375,27384.615234375,29423.076171875,2425540
2020-03-12,24236.849609375,27692.30859375,29038.4609375,27384.615234375,29038.4609375,3018912
2020-03-13,24236.849609375,27692.30859375,27692.30859375,25769.23046875,25769.23046875,3476668
2020-03-16,24169.5234375,27615.384765625,27615.384765625,25961.5390625,27307.69140625,2518906
2020-03-17,23529.939453125,26884.615234375,27461.5390625,25961.5390625,25961.5390625,2848196
2020-03-18,23395.291015625,26730.76953125,27038.4609375,25961.5390625,26807.69140625,4440150
2020-03-19,23058.66796875,26346.154296875,26653.845703125,25000.0,25884.615234375,3853642
2020-03-20,21476.5390625,24538.4609375,26346.154296875,24538.4609375,26346.154296875,3514030
2020-03-23,19995.400390625,22846.154296875,23846.154296875,22846.154296875,23076.923828125,515320
2020-03-24,18615.24609375,21269.23046875,22461.5390625,21269.23046875,21307.69140625,5294926
2020-03-25,19894.4140625,22730.76953125,22730.76953125,20769.23046875,21923.076171875,4763954
2020-03-26,20533.99609375,23461.5390625,24230.76953125,22000.0,22730.76953125,5254132
2020-03-27,20197.373046875,23076.923828125,23615.384765625,22500.0,23076.923828125,1848002
2020-03-30,18783.55859375,21461.5390625,21923.076171875,21461.5390625,21461.5390625,2417532
2020-03-31,18514.259765625,21153.845703125,22269.23046875,20000.0,21461.5390625,1718626
2020-04-01,18446.935546875,21076.923828125,22038.4609375,20461.5390625,20461.5390625,1440140
2020-04-02,18446.935546875,21076.923828125,21076.923828125,21076.923828125,21076.923828125,0
2020-04-03,19423.142578125,22192.30859375,22192.30859375,21230.76953125,21615.384765625,2445222
2020-04-06,20769.634765625,23730.76953125,23730.76953125,22538.4609375,23076.923828125,1388452
2020-04-07,22217.11328125,25384.615234375,25384.615234375,23884.615234375,25192.30859375,2346942
2020-04-08,23563.603515625,26923.076171875,26923.076171875,24615.384765625,24807.69140625,2472392
2020-04-09,23226.978515625,26538.4609375,27269.23046875,26461.5390625,26923.076171875,2221622
2020-04-10,22587.396484375,25807.69140625,26615.384765625,25769.23046875,26346.154296875,1334606
2020-04-13,22654.720703125,25884.615234375,26730.76953125,25807.69140625,26153.845703125,1168622
2020-04-14,22890.357421875,26153.845703125,26500.0,25576.923828125,26153.845703125,1670474
2020-04-15,22823.033203125,26076.923828125,26538.4609375,25961.5390625,26307.69140625,1387412
2020-04-16,22722.046875,25961.5390625,26230.76953125,25692.30859375,26000.0,1744444
2020-04-17,23058.66796875,26346.154296875,26615.384765625,25961.5390625,25961.5390625,1908582
2020-04-20,23058.66796875,26346.154296875,26692.30859375,26153.845703125,26692.30859375,1332162
2020-04-21,22890.357421875,26153.845703125,26269.23046875,25423.076171875,26153.845703125,3155334
2020-04-22,22015.138671875,25153.845703125,26153.845703125,25076.923828125,25076.923828125,3389334
2020-04-23,22419.083984375,25615.384765625,25923.076171875,25230.76953125,25769.23046875,2841878
2020-04-24,21880.48828125,25000.0,25692.30859375,24730.76953125,25615.384765625,5584462
2020-04-27,21712.17578125,24807.69140625,25730.76953125,24615.384765625,25192.30859375,3212378
2020-04-28,21745.83984375,24846.154296875,26346.154296875,24807.69140625,25769.23046875,9440860
2020-04-29,21745.83984375,24846.154296875,24846.154296875,24846.154296875,24846.154296875,0
2020-04-30,21745.83984375,24846.154296875,24846.154296875,24846.154296875,24846.154296875,0
2020-05-01,21745.83984375,24846.154296875,24846.154296875,24846.154296875,24846.154296875,0
2020-05-04,21846.826171875,24961.5390625,24961.5390625,24461.5390625,24461.5390625,4100304
2020-05-05,21409.216796875,24461.5390625,25192.30859375,24384.615234375,24884.615234375,6232512
2020-05-06,22553.734375,25769.23046875,25961.5390625,24384.615234375,24461.5390625,11145238
2020-05-07,22755.70703125,26000.0,26153.845703125,25461.5390625,25961.5390625,3833570
2020-05-08,23866.5625,27269.23046875,27807.69140625,26076.923828125,26153.845703125,9453080
2020-05-11,24741.783203125,28269.23046875,28423.076171875,27230.76953125,27307.69140625,7260864
2020-05-12,24741.783203125,28269.23046875,28423.076171875,27692.30859375,28192.30859375,4599660
2020-05-13,24034.875,27461.5390625,28076.923828125,27269.23046875,27923.076171875,8770606
2020-05-14,23765.578125,27153.845703125,27461.5390625,27076.923828125,27269.23046875,5897502
2020-05-15,23765.578125,27153.845703125,27153.845703125,27153.845703125,27153.845703125,0
2020-05-18,23765.578125,27153.845703125,27153.845703125,27153.845703125,27153.845703125,0
2020-05-19,25145.73046875,28730.76953125,28730.76953125,27807.69140625,28076.923828125,9590646
2020-05-20,25145.73046875,28730.76953125,28730.76953125,28730.76953125,28730.76953125,0
2020-05-21,26256.5859375,30000.0,30192.30859375,29538.4609375,29807.69140625,5892718
2020-05-22,25751.650390625,29423.076171875,29769.23046875,29076.923828125,29615.384765625,5601596
2020-05-25,25852.638671875,29538.4609375,30192.30859375,28769.23046875,29384.615234375,12127570
2020-05-26,26222.92578125,29961.5390625,29961.5390625,29384.615234375,29807.69140625,7791056
2020-05-27,25145.73046875,28730.76953125,29846.154296875,28692.30859375,29423.076171875,9799582
2020-05-28,25246.71875,28846.154296875,29230.76953125,28615.384765625,28807.69140625,11302902
2020-05-29,25785.314453125,29461.5390625,29653.845703125,29038.4609375,29076.923828125,10249512
2020-06-01,26626.87109375,30423.076171875,30576.923828125,29730.76953125,29769.23046875,8460582
2020-06-02,26189.259765625,29923.076171875,30461.5390625,29884.615234375,30423.076171875,6853392
2020-06-03,26222.92578125,29961.5390625,30115.384765625,29769.23046875,30000.0,6904222
2020-06-04,26088.2734375,29807.69140625,30269.23046875,29615.384765625,30000.0,8132280
2020-06-05,26088.2734375,29807.69140625,29807.69140625,29807.69140625,29807.69140625,0
2020-06-08,26088.2734375,29807.69140625,29807.69140625,29807.69140625,29807.69140625,0
2020-06-09,26088.2734375,29807.69140625,29807.69140625,29807.69140625,29807.69140625,0
2020-06-10,26088.2734375,29807.69140625,29923.076171875,29576.923828125,29846.154296875,8369348
2020-06-11,25751.650390625,29423.076171875,30230.76953125,29423.076171875,29807.69140625,14858480
2020-06-12,25246.71875,28846.154296875,29076.923828125,28269.23046875,28269.23046875,8195694
2020-06-15,23563.603515625,26923.076171875,29115.384765625,26923.076171875,29076.923828125,8727628
2020-06-16,25213.0546875,28807.69140625,28807.69140625,27730.76953125,28000.0,8000434
2020-06-17,25583.33984375,29230.76953125,29846.154296875,28846.154296875,29346.154296875,5649904
2020-06-18,25751.650390625,29423.076171875,29500.0,29000.0,29076.923828125,4254640
2020-06-19,25751.650390625,29423.076171875,29692.30859375,29269.23046875,29269.23046875,4388982
2020-06-22,26357.572265625,30115.384765625,30153.845703125,29576.923828125,29730.76953125,7274228
2020-06-23,26155.59765625,29884.615234375,30269.23046875,29269.23046875,30269.23046875,5580328
2020-06-24,25482.353515625,29115.384765625,30230.76953125,29038.4609375,29884.615234375,5211804
2020-06-25,25415.02734375,29038.4609375,29192.30859375,28576.923828125,28769.23046875,3228394
2020-06-26,25448.693359375,29076.923828125,29461.5390625,28846.154296875,29230.76953125,1960322
2020-06-29,24910.095703125,28461.5390625,28846.154296875,28153.845703125,28846.154296875,2779374
2020-06-30,25415.02734375,29038.4609375,29615.384765625,28576.923828125,28846.154296875,5986812
2020-07-01,25886.302734375,29576.923828125,29615.384765625,28961.5390625,28961.5390625,2434770
2020-07-02,25886.302734375,29576.923828125,29769.23046875,29384.615234375,29615.384765625,2322840
2020-07-03,26189.259765625,29923.076171875,29923.076171875,29576.923828125,29615.384765625,3593902
2020-07-06,27199.130859375,31076.923828125,31346.154296875,29769.23046875,30115.384765625,11258728
2020-07-07,27199.130859375,31076.923828125,31500.0,30961.5390625,31153.845703125,3676582
2020-07-08,27064.48046875,30923.076171875,31153.845703125,30692.30859375,30884.615234375,2080936
2020-07-09,27199.130859375,31076.923828125,31423.076171875,30884.615234375,31076.923828125,3173898
2020-07-10,27199.130859375,31076.923828125,31076.923828125,31076.923828125,31076.923828125,0
2020-07-13,26626.87109375,30423.076171875,30807.69140625,30423.076171875,30807.69140625,2570880
2020-07-14,27098.142578125,30961.5390625,31153.845703125,30192.30859375,30307.69140625,3800030
2020-07-15,27098.142578125,30961.5390625,30961.5390625,30961.5390625,30961.5390625,0
2020-07-16,27434.765625,31346.154296875,31346.154296875,30884.615234375,31192.30859375,2398110
2020-07-17,27098.142578125,30961.5390625,31346.154296875,30923.076171875,31346.154296875,2172872
2020-07-20,26660.53515625,30461.5390625,31192.30859375,30384.615234375,30961.5390625,3539250
2020-07-21,26525.8828125,30307.69140625,30576.923828125,29807.69140625,30500.0,5480904
2020-07-22,26088.2734375,29807.69140625,30576.923828125,29615.384765625,30307.69140625,4438590
2020-07-23,26525.8828125,30307.69140625,30307.69140625,29807.69140625,29807.69140625,2295488
2020-07-24,25583.33984375,29230.76953125,30307.69140625,28653.845703125,30000.0,6888414
2020-07-27,23866.5625,27269.23046875,28653.845703125,27269.23046875,27692.30859375,6922214
2020-07-28,25516.015625,29153.845703125,29153.845703125,27384.615234375,27384.615234375,6660680
2020-07-29,24910.095703125,28461.5390625,28961.5390625,27923.076171875,28961.5390625,4703400
2020-07-30,25785.314453125,29461.5390625,29692.30859375,28461.5390625,28461.5390625,4256512
2020-07-31,26155.59765625,29884.615234375,29961.5390625,28692.30859375,28692.30859375,6286098
2020-08-03,26424.8984375,30192.30859375,30307.69140625,29538.4609375,29615.384765625,3854110
2020-08-04,26593.208984375,30384.615234375,30576.923828125,29923.076171875,30576.923828125,3595176
2020-08-05,26795.18359375,30615.384765625,30653.845703125,29923.076171875,30384.615234375,3389568
2020-08-06,26795.18359375,30615.384765625,30730.76953125,30230.76953125,30384.615234375,2787772
2020-08-07,26795.18359375,30615.384765625,30769.23046875,30230.76953125,30653.845703125,3117686
2020-08-10,26795.18359375,30615.384765625,30769.23046875,30346.154296875,30692.30859375,4390802
2020-08-11,26727.857421875,30538.4609375,30730.76953125,30230.76953125,30730.76953125,2353364
2020-08-12,26727.857421875,30538.4609375,30615.384765625,30153.845703125,30615.384765625,3893032
2020-08-13,26727.857421875,30538.4609375,30653.845703125,30269.23046875,30576.923828125,5265234
2020-08-14,26828.845703125,30653.845703125,31115.384765625,30346.154296875,30346.154296875,3093350
2020-08-17,26828.845703125,30653.845703125,30730.76953125,30153.845703125,30384.615234375,2878330
2020-08-18,26795.18359375,30615.384765625,30653.845703125,30230.76953125,30653.845703125,3707548
2020-08-19,26929.83203125,30769.23046875,31115.384765625,30346.154296875,30576.923828125,3003676
2020-08-20,26929.83203125,30769.23046875,31615.384765625,30692.30859375,30769.23046875,6313918
2020-08-21,26761.51953125,30576.923828125,30807.69140625,30576.923828125,30769.23046875,2793258
2020-08-24,26929.83203125,30769.23046875,31000.0,30653.845703125,30769.23046875,3835624
2020-08-25,26795.18359375,30615.384765625,30961.5390625,30615.384765625,30769.23046875,4959084
2020-08-26,26761.51953125,30576.923828125,30884.615234375,30500.0,30615.384765625,5849168
2020-08-27,26424.8984375,30192.30859375,30576.923828125,30076.923828125,30538.4609375,6128200
2020-08-28,26458.560546875,30230.76953125,30423.076171875,30115.384765625,30384.615234375,4531384
2020-08-31,26424.8984375,30192.30859375,30461.5390625,30076.923828125,30192.30859375,4374188
2020-09-01,26492.22265625,30269.23046875,30346.154296875,29807.69140625,30115.384765625,4070612
2020-09-02,26492.22265625,30269.23046875,30269.23046875,30269.23046875,30269.23046875,0
2020-09-03,26795.18359375,30615.384765625,31000.0,30269.23046875,30423.076171875,7575334
2020-09-04,26929.83203125,30769.23046875,30884.615234375,30307.69140625,30461.5390625,5644626
2020-09-07,26626.87109375,30423.076171875,31230.76953125,30384.615234375,30884.615234375,5234450
2020-09-08,26424.8984375,30192.30859375,30615.384765625,30076.923828125,30461.5390625,4721912
2020-09-09,26458.560546875,30230.76953125,30230.76953125,29807.69140625,30000.0,5087888
2020-09-10,26290.248046875,30038.4609375,31000.0,29923.076171875,30384.615234375,10997974
2020-09-11,26155.59765625,29884.615234375,30076.923828125,29807.69140625,30038.4609375,6096818
2020-09-14,26088.2734375,29807.69140625,30115.384765625,29807.69140625,29884.615234375,4744142
2020-09-15,25852.638671875,29538.4609375,29961.5390625,29423.076171875,29961.5390625,12265838
2020-09-16,25852.638671875,29538.4609375,29538.4609375,29538.4609375,29538.4609375,0
2020-09-17,25818.9765625,29500.0,29769.23046875,29461.5390625,29692.30859375,4705558
2020-09-18,25886.302734375,29576.923828125,29692.30859375,29500.0,29615.384765625,4657016
2020-09-21,25953.625,29653.845703125,29846.154296875,29653.845703125,29653.845703125,4361630
2020-09-22,25852.638671875,29538.4609375,29692.30859375,29423.076171875,29653.845703125,4192500
2020-09-23,26088.2734375,29807.69140625,29961.5390625,29576.923828125,29615.384765625,3637244
2020-09-24,25953.625,29653.845703125,30153.845703125,29653.845703125,29807.69140625,4431050
2020-09-25,25953.625,29653.845703125,29961.5390625,29615.384765625,29653.845703125,2391740
2020-09-28,25785.314453125,29461.5390625,29923.076171875,29461.5390625,29730.76953125,5240768
2020-09-29,25347.705078125,28961.5390625,29576.923828125,28884.615234375,29500.0,9807616
2020-09-30,25415.02734375,29038.4609375,29384.615234375,28884.615234375,28961.5390625,4360590
2020-10-01,25953.625,29653.845703125,29692.30859375,29269.23046875,29346.154296875,3534726
2020-10-02,25549.6796875,29192.30859375,29769.23046875,28846.154296875,29615.384765625,4500132
2020-10-05,25583.33984375,29230.76953125,29576.923828125,29192.30859375,29230.76953125,2810184
2020-10-06,25617.001953125,29269.23046875,29538.4609375,29230.76953125,29230.76953125,3914326
2020-10-07,25852.638671875,29538.4609375,29769.23046875,29269.23046875,29269.23046875,6749756
2020-10-08,25785.314453125,29461.5390625,29692.30859375,29346.154296875,29615.384765625,2712918
2020-10-09,25919.962890625,29615.384765625,29769.23046875,29423.076171875,29461.5390625,3787108
2020-10-12,26088.2734375,29807.69140625,30461.5390625,29615.384765625,29692.30859375,11089780
2020-10-13,26290.248046875,30038.4609375,30230.76953125,29846.154296875,29961.5390625,3208036
2020-10-14,26424.8984375,30192.30859375,30346.154296875,30038.4609375,30153.845703125,5280262
2020-10-15,26088.2734375,29807.69140625,30423.076171875,29807.69140625,30269.23046875,6993558
2020-10-16,25919.962890625,29615.384765625,29961.5390625,29576.923828125,29961.5390625,4709926
2020-10-19,25617.001953125,29269.23046875,29615.384765625,29230.76953125,29538.4609375,6415370
2020-10-20,25650.6640625,29307.69140625,29461.5390625,29153.845703125,29269.23046875,5869838
2020-10-21,25717.990234375,29384.615234375,29884.615234375,29307.69140625,29384.615234375,4842838
2020-10-22,26088.2734375,29807.69140625,29807.69140625,29307.69140625,29423.076171875,4138862
2020-10-23,26761.51953125,30576.923828125,30730.76953125,29923.076171875,30000.0,15160314
2020-10-26,26424.8984375,30192.30859375,31192.30859375,30192.30859375,30961.5390625,9539270
2020-10-27,26121.9375,29846.154296875,30461.5390625,29846.154296875,30384.615234375,6298448
2020-10-28,25448.693359375,29076.923828125,29884.615234375,29076.923828125,29692.30859375,8163974
2020-10-29,25650.6640625,29307.69140625,29500.0,29000.0,29038.4609375,5429658
2020-10-30,25583.33984375,29230.76953125,29615.384765625,28807.69140625,29615.384765625,7835880
2020-11-02,25549.6796875,29192.30859375,29346.154296875,29000.0,29230.76953125,3023514
2020-11-03,25516.015625,29153.845703125,29307.69140625,29038.4609375,29307.69140625,5375032
2020-11-04,25549.6796875,29192.30859375,29423.076171875,29115.384765625,29230.76953125,4747002
2020-11-05,25482.353515625,29115.384765625,29576.923828125,29115.384765625,29230.76953125,4626882
2020-11-06,25482.353515625,29115.384765625,29230.76953125,29076.923828125,29115.384765625,4407754
2020-11-09,26256.5859375,30000.0,30000.0,29230.76953125,29230.76953125,9741862
2020-11-10,26054.61328125,29769.23046875,30384.615234375,29769.23046875,30269.23046875,9432150
2020-11-11,25785.314453125,29461.5390625,30038.4609375,29461.5390625,29961.5390625,7066202
2020-11-12,25987.287109375,29692.30859375,29807.69140625,29461.5390625,29461.5390625,3807180
2020-11-13,26357.572265625,30115.384765625,30192.30859375,29692.30859375,29692.30859375,6305676
2020-11-16,25785.314453125,29461.5390625,30461.5390625,29230.76953125,30230.76953125,10649886
2020-11-17,26357.572265625,30115.384765625,30115.384765625,29500.0,29615.384765625,5850468
2020-11-18,26020.951171875,29730.76953125,30076.923828125,29730.76953125,30076.923828125,5221034
2020-11-19,26088.2734375,29807.69140625,30076.923828125,29692.30859375,29807.69140625,6373588
2020-11-20,26424.8984375,30192.30859375,30307.69140625,29846.154296875,30000.0,7001332
2020-11-23,27131.8046875,31000.0,31115.384765625,30500.0,30538.4609375,13278486
2020-11-24,28208.998046875,32230.76953125,32230.76953125,31000.0,31153.845703125,14193140
2020-11-25,28108.013671875,32115.384765625,32961.5390625,32076.923828125,32307.69140625,9214400
2020-11-26,27838.712890625,31807.69140625,32000.0,31576.923828125,31884.615234375,6015360
2020-11-27,27939.69921875,31923.076171875,32115.384765625,31576.923828125,31807.69140625,5263024
2020-11-30,27805.052734375,31769.23046875,32423.076171875,31615.384765625,32115.384765625,9186762
2020-12-01,28040.6875,32038.4609375,32038.4609375,31346.154296875,31346.154296875,6753916
2020-12-02,28680.271484375,32769.23046875,33000.0,32000.0,32000.0,12229204
2020-12-03,28579.28515625,32653.845703125,32923.078125,32500.0,32923.078125,4350476
2020-12-04,28579.28515625,32653.845703125,32769.23046875,32346.154296875,32692.30859375,5696470
2020-12-07,28511.958984375,32576.923828125,32730.76953125,32230.76953125,32500.0,3846414
2020-12-08,28410.97265625,32461.5390625,32961.5390625,32423.076171875,32653.845703125,3984578
2020-12-09,28612.947265625,32692.30859375,32807.69140625,32384.615234375,32500.0,5555420
2020-12-10,28141.673828125,32153.845703125,32961.5390625,32153.845703125,32846.15234375,6256016
2020-12-11,28612.947265625,32692.30859375,32692.30859375,32076.923828125,32153.845703125,6256068
2020-12-14,29286.19140625,33461.5390625,33461.5390625,32692.30859375,32846.15234375,7732842
2020-12-15,28949.568359375,33076.921875,33884.6171875,32692.30859375,33269.23046875,10530234
2020-12-16,29016.89453125,33153.84765625,33307.69140625,32884.6171875,33076.921875,4712422
2020-12-17,28511.958984375,32576.923828125,33076.921875,32500.0,33076.921875,12662832
2020-12-18,28713.931640625,32807.69140625,33076.921875,32538.4609375,32576.923828125,7901114
2020-12-21,29319.853515625,33500.0,33576.921875,32923.078125,32923.078125,8637850
2020-12-22,29252.53125,33423.078125,33807.69140625,33230.76953125,33538.4609375,5624138
2020-12-23,29420.837890625,33615.3828125,34230.76953125,33384.6171875,33615.3828125,8374080
2020-12-24,29050.556640625,33192.30859375,33884.6171875,32500.0,33846.15234375,6987318
2020-12-25,29488.166015625,33692.30859375,33692.30859375,32923.078125,33153.84765625,4120844
2020-12-28,29521.828125,33730.76953125,34076.921875,33346.15234375,34038.4609375,4954742
2020-12-29,30397.046875,34730.76953125,34807.69140625,33500.0,33730.76953125,8973016
2020-12-30,30363.388671875,34692.30859375,35384.6171875,34615.3828125,34846.15234375,5271968
2020-12-31,30127.75,34423.078125,35153.84765625,34423.078125,35076.921875,3309306
2021-01-01,30127.75,34423.078125,34423.078125,34423.078125,34423.078125,0
2021-01-04,30969.30859375,35384.6171875,35730.76953125,34576.921875,35000.0,800150
2021-01-05,32181.146484375,36769.23046875,36923.078125,35192.30859375,35307.69140625,741832
2021-01-06,31911.853515625,36461.5390625,37153.84765625,36230.76953125,37153.84765625,737932
2021-01-07,31911.853515625,36461.5390625,36576.921875,35923.078125,36461.5390625,760864
2021-01-08,32450.4453125,37076.921875,37230.76953125,36653.84765625,36730.76953125,568672
2021-01-11,34705.8203125,39653.84765625,39653.84765625,37538.4609375,37692.30859375,1173302
2021-01-12,34806.8046875,39769.23046875,40346.15234375,39653.84765625,40307.69140625,744276
2021-01-13,33965.25,38807.69140625,40038.4609375,38307.69140625,40000.0,772850
2021-01-14,33527.64453125,38307.69140625,38923.078125,37923.078125,38807.69140625,851448
2021-01-15,34200.88671875,39076.921875,39076.921875,38230.76953125,38730.76953125,540306
2021-01-18,33998.91015625,38846.15234375,39538.4609375,38307.69140625,39230.76953125,595712
2021-01-19,32585.095703125,37230.76953125,38730.76953125,36153.84765625,38461.5390625,923650
2021-01-20,32820.734375,37500.0,39615.3828125,36346.15234375,37307.69140625,898898
2021-01-21,33325.66796875,38076.921875,38230.76953125,37615.3828125,37692.30859375,784758
2021-01-22,33426.65625,38192.30859375,38846.15234375,38038.4609375,38230.76953125,588328
2021-01-25,33493.9765625,38269.23046875,38500.0,37923.078125,38269.23046875,556920
2021-01-26,32989.04296875,37692.30859375,38346.15234375,36538.4609375,38307.69140625,547482
2021-01-27,31608.888671875,36115.3828125,37769.23046875,35192.30859375,36923.078125,861120
2021-01-28,29420.837890625,33615.3828125,34500.0,33615.3828125,33653.84765625,831376
2021-01-29,31474.2421875,35961.5390625,35961.5390625,32307.69140625,32307.69140625,1422044
2021-02-01,29723.802734375,33961.5390625,36538.4609375,33961.5390625,36000.0,684892
2021-02-02,31777.203125,36307.69140625,36307.69140625,33846.15234375,34230.76953125,716794
2021-02-03,32719.75,37384.6171875,38038.4609375,36346.15234375,36346.15234375,875134
2021-02-04,33123.6953125,37846.15234375,38038.4609375,36615.3828125,37384.6171875,649714
2021-02-05,33426.65625,38192.30859375,38307.69140625,37807.69140625,38038.4609375,583908
2021-02-08,31878.185546875,36423.078125,38230.76953125,35576.921875,38192.30859375,1248806
2021-02-09,32585.095703125,37230.76953125,37423.078125,36115.3828125,36884.6171875,693836
2021-02-10,32585.095703125,37230.76953125,37230.76953125,37230.76953125,37230.76953125,0
2021-02-11,32585.095703125,37230.76953125,37230.76953125,37230.76953125,37230.76953125,0
2021-02-12,32585.095703125,37230.76953125,37230.76953125,37230.76953125,37230.76953125,0
2021-02-15,32585.095703125,37230.76953125,37230.76953125,37230.76953125,37230.76953125,0
2021-02-16,32585.095703125,37230.76953125,37230.76953125,37230.76953125,37230.76953125,0
2021-02-17,33998.91015625,38846.15234375,38923.078125,37307.69140625,37692.30859375,962442
2021-02-18,34739.484375,39692.30859375,39692.30859375,38461.5390625,38846.15234375,1169844
2021-02-19,34705.8203125,39653.84765625,39769.23046875,38961.5390625,39230.76953125,497068
2021-02-22,35614.703125,40692.30859375,40846.15234375,39846.15234375,39846.15234375,1141530
2021-02-23,35446.390625,40500.0,40923.078125,40000.0,40692.30859375,530166
2021-02-24,35446.390625,40500.0,40500.0,40500.0,40500.0,0
2021-02-25,35446.390625,40500.0,40500.0,40500.0,40500.0,0
2021-02-26,34200.88671875,39076.921875,39538.4609375,38615.3828125,38961.5390625,620256
2021-03-01,34672.16015625,39615.3828125,39769.23046875,39192.30859375,39230.76953125,598520
2021-03-02,34604.83203125,39538.4609375,40192.30859375,39115.3828125,40000.0,639600
2021-03-03,34167.22265625,39038.4609375,39423.078125,38961.5390625,39423.078125,558584
2021-03-04,33662.2890625,38461.5390625,39230.76953125,37692.30859375,39192.30859375,705718
2021-03-05,33123.6953125,37846.15234375,38269.23046875,37692.30859375,37846.15234375,744978
2021-03-08,32719.75,37384.6171875,38384.6171875,37230.76953125,38346.15234375,792090
2021-03-09,33056.3671875,37769.23046875,38192.30859375,36615.3828125,37307.69140625,571038
2021-03-10,33628.6328125,38423.078125,38576.921875,37692.30859375,38269.23046875,625742
2021-03-11,33662.2890625,38461.5390625,39000.0,38038.4609375,38846.15234375,448994
2021-03-12,33628.6328125,38423.078125,38923.078125,38192.30859375,38461.5390625,450684
2021-03-15,33594.96484375,38384.6171875,38461.5390625,37884.6171875,38423.078125,594984
2021-03-16,33493.9765625,38269.23046875,38384.6171875,37730.76953125,38307.69140625,342550
2021-03-17,33426.65625,38192.30859375,38346.15234375,37730.76953125,38000.0,521924
2021-03-18,33561.30078125,38346.15234375,38423.078125,37692.30859375,38269.23046875,357448
2021-03-19,32921.71875,37615.3828125,38192.30859375,37615.3828125,38076.921875,714272
2021-03-22,33426.65625,38192.30859375,38269.23046875,37692.30859375,37961.5390625,409942
2021-03-23,33224.68359375,37961.5390625,38153.84765625,37692.30859375,37923.078125,343174
2021-03-24,32719.75,37384.6171875,37692.30859375,36923.078125,37538.4609375,546858
2021-03-25,32551.435546875,37192.30859375,37576.921875,36538.4609375,37384.6171875,625040
2021-03-26,32214.8125,36807.69140625,37192.30859375,36192.30859375,37115.3828125,589108
2021-03-29,32383.123046875,37000.0,37115.3828125,36576.921875,36923.078125,375960
2021-03-30,32416.78515625,37038.4609375,37653.84765625,36884.6171875,37000.0,754338
2021-03-31,32753.408203125,37423.078125,37846.15234375,37115.3828125,37115.3828125,493350
2021-04-01,33325.66796875,38076.921875,38269.23046875,37346.15234375,37500.0,670462
2021-04-02,33897.92578125,38730.76953125,39153.84765625,38346.15234375,38461.5390625,572832
2021-04-05,34234.54296875,39115.3828125,40384.6171875,38846.15234375,40384.6171875,689832
2021-04-06,34234.54296875,39115.3828125,39615.3828125,38961.5390625,39115.3828125,546676
2021-04-07,33830.6015625,38653.84765625,39000.0,38269.23046875,38730.76953125,646178
2021-04-08,33561.30078125,38346.15234375,38653.84765625,38346.15234375,38653.84765625,412074
2021-04-09,33292.00390625,38038.4609375,38153.84765625,37692.30859375,38153.84765625,548886
2021-04-12,34268.21484375,39153.84765625,39230.76953125,38192.30859375,38269.23046875,850174
2021-04-13,34503.84765625,39423.078125,40384.6171875,39153.84765625,39576.921875,1044368
2021-04-14,33830.6015625,38653.84765625,38653.84765625,37653.84765625,37884.6171875,2123940
2021-04-15,34066.23828125,38923.078125,40192.30859375,38730.76953125,39153.84765625,2072798
2021-04-16,33998.91015625,38846.15234375,40192.30859375,37692.30859375,38923.078125,1714206
2021-04-19,35177.09375,40192.30859375,40192.30859375,38961.5390625,39615.3828125,2367274
2021-04-20,36557.24609375,41769.23046875,43000.0,41000.0,41269.23046875,3969160
2021-04-21,36557.24609375,41769.23046875,41769.23046875,41769.23046875,41769.23046875,0
2021-04-22,34705.8203125,39653.84765625,43230.76953125,39653.84765625,41923.078125,1728454
2021-04-23,35345.40625,40384.6171875,40384.6171875,39230.76953125,39846.15234375,2294032
2021-04-26,33527.64453125,38307.69140625,40384.6171875,38307.69140625,40384.6171875,2335476
2021-04-27,33662.2890625,38461.5390625,38884.6171875,37769.23046875,38307.69140625,1034748
2021-04-28,33965.25,38807.69140625,39576.921875,38461.5390625,38461.5390625,1496794
2021-04-29,33426.65625,38192.30859375,39038.4609375,38076.921875,39000.0,1397318
2021-04-30,33426.65625,38192.30859375,38192.30859375,38192.30859375,38192.30859375,0
2021-05-03,33426.65625,38192.30859375,38192.30859375,38192.30859375,38192.30859375,0
2021-05-04,33392.9921875,38153.84765625,38269.23046875,36961.5390625,37692.30859375,1141010
2021-05-05,33527.64453125,38307.69140625,38923.078125,38153.84765625,38153.84765625,741156
2021-05-06,33224.68359375,37961.5390625,38846.15234375,37961.5390625,38307.69140625,726336
2021-05-07,32686.080078125,37346.15234375,38269.23046875,37307.69140625,37884.6171875,1329692
2021-05-10,33359.328125,38115.3828125,38384.6171875,36961.5390625,36961.5390625,1022762
2021-05-11,32989.04296875,37692.30859375,38423.078125,37692.30859375,38423.078125,817076
2021-05-12,32888.0546875,37576.921875,37807.69140625,37230.76953125,37500.0,912678
2021-05-13,32652.419921875,37307.69140625,37807.69140625,37269.23046875,37384.6171875,665756
2021-05-14,32719.75,37384.6171875,37884.6171875,37269.23046875,37307.69140625,777530
2021-05-17,33931.5859375,38769.23046875,39807.69140625,38192.30859375,38269.23046875,1537380
2021-05-18,33292.00390625,38038.4609375,39230.76953125,38038.4609375,39076.921875,898482
2021-05-19,33796.9375,38615.3828125,38730.76953125,37884.6171875,38076.921875,746460
2021-05-20,34335.53515625,39230.76953125,39230.76953125,38153.84765625,38615.3828125,1020006
2021-05-21,34975.12109375,39961.5390625,40076.921875,38653.84765625,39038.4609375,1579708
2021-05-24,34975.12109375,39961.5390625,39961.5390625,39961.5390625,39961.5390625,0
2021-05-25,35210.75390625,40230.76953125,40730.76953125,40076.921875,40461.5390625,744926
2021-05-26,35581.04296875,40653.84765625,41230.76953125,39923.078125,40230.76953125,1216566
2021-05-27,35143.4296875,40153.84765625,41346.15234375,37961.5390625,40769.23046875,1177982
2021-05-28,35210.75390625,40230.76953125,40576.921875,39692.30859375,40384.6171875,841802
2021-05-31,34537.5078125,39461.5390625,40192.30859375,38884.6171875,40192.30859375,1319734
2021-06-01,35008.78125,40000.0,40653.84765625,38961.5390625,39230.76953125,1005966
2021-06-02,35143.4296875,40153.84765625,40576.921875,39615.3828125,39807.69140625,692666
2021-06-03,35480.0546875,40538.4609375,40769.23046875,40230.76953125,40230.76953125,1311674
2021-06-04,35177.09375,40192.30859375,41269.23046875,39923.078125,41153.84765625,945152
2021-06-07,35682.02734375,40769.23046875,41076.921875,40192.30859375,40192.30859375,11048440
2021-06-08,35682.02734375,40769.23046875,40769.23046875,40769.23046875,40769.23046875,0
2021-06-09,35715.6875,40807.69140625,41076.921875,40192.30859375,40769.23046875,8638760
2021-06-10,35042.44140625,40038.4609375,41153.84765625,40000.0,40576.921875,8760440
2021-06-11,35682.02734375,40769.23046875,40923.078125,39923.078125,40000.0,10099180
2021-06-14,36994.85546875,42269.23046875,42653.84765625,41192.30859375,41192.30859375,19584760
2021-06-15,37903.734375,43307.69140625,43500.0,42730.76953125,43076.921875,14025700
2021-06-16,37028.51953125,42307.69140625,43461.5390625,41961.5390625,43076.921875,10455120
2021-06-17,36691.89453125,41923.078125,42307.69140625,41576.921875,41730.76953125,10052380
2021-06-18,37870.078125,43269.23046875,44615.3828125,41846.15234375,42307.69140625,12453480
2021-06-21,37701.76171875,43076.921875,43461.5390625,42692.30859375,43038.4609375,8712080
2021-06-22,37533.45703125,42884.6171875,43192.30859375,42884.6171875,43038.4609375,6494280
2021-06-23,37466.12890625,42807.69140625,43076.921875,41884.6171875,43076.921875,10074480
2021-06-24,37735.42578125,43115.3828125,44230.76953125,42307.69140625,42653.84765625,10235940
2021-06-25,37735.42578125,43115.3828125,43653.84765625,42923.078125,43423.078125,7400380
2021-06-28,38879.9453125,44423.078125,44423.078125,43230.76953125,43461.5390625,18607160
2021-06-29,39923.47265625,45615.3828125,45923.078125,44538.4609375,44615.3828125,15359760
2021-06-30,39721.50390625,45384.6171875,46307.69140625,45115.3828125,45769.23046875,13352040
2021-07-01,39452.19921875,45076.921875,45576.921875,44923.078125,45038.4609375,9620520
2021-07-02,39721.50390625,45384.6171875,45846.15234375,44807.69140625,45076.921875,8196240
2021-07-05,39721.50390625,45384.6171875,45384.6171875,45384.6171875,45384.6171875,0
2021-07-06,39721.50390625,45384.6171875,45384.6171875,45384.6171875,45384.6171875,0
2021-07-07,39721.50390625,45384.6171875,45384.6171875,45384.6171875,45384.6171875,0
2021-07-08,39721.50390625,45384.6171875,45384.6171875,45384.6171875,45384.6171875,0
2021-07-09,37870.078125,43269.23046875,44576.921875,42884.6171875,43730.76953125,10145460
2021-07-12,37870.078125,43269.23046875,43269.23046875,43269.23046875,43269.23046875,0
2021-07-13,36860.20703125,42115.3828125,42269.23046875,40769.23046875,42269.23046875,6662500
2021-07-14,36860.20703125,42115.3828125,42115.3828125,42115.3828125,42115.3828125,0
2021-07-15,37129.5078125,42423.078125,42538.4609375,41730.76953125,41730.76953125,11845080
2021-07-16,37129.5078125,42423.078125,42423.078125,42423.078125,42423.078125,0
2021-07-19,35109.765625,40115.3828125,41423.078125,39730.76953125,41115.3828125,8293480
2021-07-20,35884.0,41000.0,41000.0,39615.3828125,40615.3828125,10518560
2021-07-21,36355.26953125,41538.4609375,41846.15234375,41000.0,41346.15234375,7909200
2021-07-22,37365.14453125,42692.30859375,42692.30859375,41153.84765625,41538.4609375,8846500
2021-07-23,36220.62890625,41384.6171875,42884.6171875,41384.6171875,42307.69140625,6851520
2021-07-26,36893.87109375,42153.84765625,42538.4609375,41230.76953125,41346.15234375,7159100
2021-07-27,36287.94921875,41461.5390625,42615.3828125,41384.6171875,42576.921875,13890500
2021-07-28,35850.33984375,40961.5390625,41423.078125,40615.3828125,41192.30859375,12764700
2021-07-29,36321.61328125,41500.0,42038.4609375,40961.5390625,41923.078125,10281960
2021-07-30,36456.26171875,41653.84765625,41846.15234375,41153.84765625,41538.4609375,12302160
2021-08-02,36388.93359375,41576.921875,41692.30859375,41192.30859375,41538.4609375,12500020
2021-08-03,37331.48046875,42653.84765625,43153.84765625,41461.5390625,41461.5390625,25873380
2021-08-04,37331.48046875,42653.84765625,42653.84765625,42653.84765625,42653.84765625,0
2021-08-05,37600.77734375,42961.5390625,42961.5390625,42269.23046875,42461.5390625,13671320
2021-08-06,38341.34765625,43807.69140625,44038.4609375,43000.0,43076.921875,29188900
2021-08-09,39519.53125,45153.84765625,45153.84765625,43653.84765625,43807.69140625,16455400
2021-08-10,39519.53125,45153.84765625,45153.84765625,45153.84765625,45153.84765625,0
2021-08-11,39048.25,44615.3828125,45269.23046875,44384.6171875,45000.0,21451560
2021-08-12,39384.8828125,45000.0,45115.3828125,44307.69140625,44538.4609375,13595140
2021-08-13,40394.74609375,46153.84765625,46423.078125,45076.921875,45384.6171875,26414960
2021-08-16,39048.25,44615.3828125,46884.6171875,44076.921875,46884.6171875,48585420
2021-08-17,39048.25,44615.3828125,44615.3828125,44615.3828125,44615.3828125,0
2021-08-18,37028.51953125,42307.69140625,43653.84765625,41500.0,42307.69140625,61142640
2021-08-19,37365.14453125,42692.30859375,42846.15234375,41923.078125,42307.69140625,47198320
2021-08-20,36388.93359375,41576.921875,42692.30859375,41461.5390625,42692.30859375,53301820
2021-08-23,36085.97265625,41230.76953125,41923.078125,41230.76953125,41346.15234375,41484300
2021-08-24,36119.63671875,41269.23046875,41576.921875,40961.5390625,41346.15234375,53797640
2021-08-25,36018.65234375,41153.84765625,41500.0,41076.921875,41346.15234375,42078660
2021-08-26,35884.0,41000.0,41307.69140625,40384.6171875,41153.84765625,34274240
2021-08-27,35984.984375,41115.3828125,41115.3828125,40384.6171875,40769.23046875,25880140
2021-08-30,35984.984375,41115.3828125,41423.078125,41000.0,41192.30859375,22835020
2021-08-31,35816.6796875,40923.078125,41192.30859375,40846.15234375,41153.84765625,27474200
2021-09-01,36018.65234375,41153.84765625,42000.0,41000.0,41692.30859375,57140720
2021-09-02,36018.65234375,41153.84765625,41153.84765625,41153.84765625,41153.84765625,0
2021-09-03,36018.65234375,41153.84765625,41153.84765625,41153.84765625,41153.84765625,0
2021-09-06,36489.921875,41692.30859375,41884.6171875,41076.921875,41500.0,34001500
2021-09-07,36893.87109375,42153.84765625,42692.30859375,41730.76953125,41923.078125,30157140
2021-09-08,36893.87109375,42153.84765625,42153.84765625,42153.84765625,42153.84765625,0
2021-09-09,36254.28515625,41423.078125,41884.6171875,41192.30859375,41346.15234375,25805000
2021-09-10,36186.95703125,41346.15234375,41884.6171875,41346.15234375,41538.4609375,39502060
2021-09-13,36018.65234375,41153.84765625,41576.921875,41076.921875,41538.4609375,25536160
2021-09-14,36018.65234375,41153.84765625,41692.30859375,41038.4609375,41153.84765625,28512120
2021-09-15,37195.984375,40950.0,41750.0,40350.0,41150.0,18574800
2021-09-16,36378.48828125,40050.0,41250.0,40000.0,41000.0,15850200
2021-09-17,36878.06640625,40600.0,40750.0,39800.0,40050.0,13747200
2021-09-20,36287.65625,39950.0,40550.0,39950.0,40400.0,10913800
2021-09-21,36287.65625,39950.0,39950.0,39950.0,39950.0,0
2021-09-22,36287.65625,39950.0,39950.0,39950.0,39950.0,0
2021-09-23,36015.15625,39650.0,39750.0,39000.0,39050.0,9374600
2021-09-24,36151.40625,39800.0,40150.0,39650.0,39650.0,915460000
2021-09-27,35515.57421875,39100.0,39800.0,39100.0,39800.0,10303400
2021-09-28,35651.82421875,39250.0,39700.0,38700.0,38750.0,10597000
2021-09-29,35515.57421875,39100.0,39450.0,38850.0,39250.0,5984200
2021-09-30,35560.9921875,39150.0,39700.0,39100.0,39250.0,6302200
2021-10-01,34970.58203125,38500.0,39150.0,38500.0,39150.0,8230800
2021-10-04,35424.7421875,39000.0,39100.0,38100.0,38500.0,820920000
2021-10-05,36060.5703125,39700.0,39800.0,38750.0,38900.0,9146200
2021-10-06,36060.5703125,39700.0,39700.0,39700.0,39700.0,0
2021-10-07,36333.0703125,40000.0,40400.0,39850.0,40300.0,5112400
2021-10-08,36287.65625,39950.0,40400.0,39850.0,39900.0,6932400
2021-10-11,36287.65625,39950.0,39950.0,39950.0,39950.0,0
2021-10-12,36741.81640625,40450.0,40800.0,40200.0,40500.0,16193800
2021-10-13,36333.0703125,40000.0,40500.0,39950.0,40500.0,10519400
2021-10-14,36333.0703125,40000.0,40000.0,40000.0,40000.0,0
2021-10-15,35742.66015625,39350.0,39750.0,39050.0,39450.0,10538200
2021-10-18,35742.66015625,39350.0,39350.0,39350.0,39350.0,0
2021-10-19,36060.5703125,39700.0,39900.0,39250.0,39450.0,11136800
2021-10-20,35788.07421875,39400.0,39800.0,39100.0,39800.0,11015400
2021-10-21,35379.328125,38950.0,39450.0,38950.0,39400.0,11723800
2021-10-22,35424.7421875,39000.0,39450.0,39000.0,39100.0,8306200
2021-10-25,35424.7421875,39000.0,39000.0,39000.0,39000.0,0
2021-10-26,35742.66015625,39350.0,39650.0,39250.0,39450.0,5880200
2021-10-27,36787.234375,40500.0,40600.0,39450.0,39450.0,17561400
2021-10-28,36787.234375,40500.0,40750.0,40250.0,40650.0,10620000
2021-10-29,38830.96875,42750.0,42750.0,40600.0,40600.0,31156000
2021-11-01,38830.96875,42750.0,42750.0,42750.0,42750.0,0
2021-11-02,38694.71875,42600.0,42500.0,42150.0,42200.0,11568000
2021-11-03,37650.14453125,41450.0,42750.0,41300.0,42550.0,2246100000
2021-11-04,37559.3125,41350.0,41750.0,40900.0,41250.0,16482200
2021-11-05,37241.39453125,41000.0,41400.0,40800.0,41100.0,16488200
2021-11-08,37423.0625,41200.0,41500.0,40750.0,41250.0,16406400
2021-11-09,37695.5625,41500.0,42250.0,41000.0,41250.0,16278400
2021-11-10,37513.89453125,41300.0,41750.0,41300.0,41700.0,8309600
2021-11-11,37014.31640625,40750.0,41400.0,40700.0,41350.0,18862600
2021-11-12,37241.39453125,41000.0,41000.0,40400.0,40800.0,10634800
2021-11-15,38149.72265625,42000.0,42200.0,41050.0,41250.0,19346400
2021-11-16,37695.5625,41500.0,42150.0,41350.0,42000.0,12228400
2021-11-17,37922.640625,41750.0,42000.0,41400.0,41500.0,10519200
2021-11-18,37604.73046875,41400.0,41950.0,41200.0,41750.0,12633400
2021-11-19,36560.15234375,40250.0,41550.0,40000.0,41450.0,15035200
2021-11-22,36787.234375,40500.0,40750.0,39850.0,40600.0,12653400
2021-11-23,37468.48046875,41250.0,41250.0,40350.0,40500.0,7167400
2021-11-24,38013.4765625,41850.0,41850.0,40900.0,41350.0,14644800
2021-11-25,38104.30859375,41950.0,42500.0,41750.0,42150.0,17222000
2021-11-26,37831.8125,41650.0,42450.0,41600.0,41950.0,17152200
2021-11-29,38513.0546875,42400.0,42400.0,40800.0,40800.0,22531400
2021-11-30,38422.22265625,42300.0,42750.0,41500.0,42750.0,17003200
2021-12-01,37650.14453125,41450.0,42250.0,41400.0,42100.0,13575000
2021-12-02,37377.64453125,41150.0,41700.0,41150.0,41600.0,9626400
2021-12-03,36423.90625,40100.0,41550.0,40100.0,41300.0,11398800
2021-12-06,36196.8203125,39850.0,40550.0,39700.0,40450.0,13283600
2021-12-07,37059.734375,40800.0,40900.0,40100.0,40300.0,9045400
2021-12-08,36787.234375,40500.0,40900.0,40450.0,40850.0,7620200
2021-12-09,37059.734375,40800.0,40900.0,40300.0,40550.0,5532800
2021-12-10,36741.81640625,40450.0,40800.0,40300.0,40650.0,8654200
2021-12-13,37286.8125,41050.0,41750.0,40450.0,40500.0,13006000
2021-12-14,37286.8125,41050.0,41500.0,40950.0,41250.0,6164200
2021-12-15,37513.89453125,41300.0,41450.0,40800.0,41100.0,7179600
2021-12-16,37377.64453125,41150.0,41400.0,40850.0,41400.0,6581000
2021-12-17,38376.80859375,42250.0,43000.0,41200.0,41200.0,50371600
2021-12-20,37922.640625,41750.0,42600.0,41650.0,42600.0,9305200
2021-12-21,39058.0546875,43000.0,43400.0,41750.0,41750.0,32032600
2021-12-22,38921.8046875,42850.0,43750.0,42600.0,43400.0,17857600
2021-12-23,37468.48046875,41250.0,43050.0,41250.0,42950.0,17794600
2021-12-24,37650.14453125,41450.0,41650.0,41100.0,41350.0,13626400
2021-12-27,37604.73046875,41400.0,41750.0,40750.0,41550.0,9999400
2021-12-28,37604.73046875,41400.0,42100.0,41300.0,41500.0,8938200
2021-12-29,37105.1484375,40850.0,41750.0,40850.0,41450.0,10458600
2021-12-30,37059.734375,40800.0,41200.0,40800.0,41200.0,11691000
2021-12-31,37241.39453125,41000.0,41150.0,40800.0,41000.0,9267800
2022-01-03,37241.39453125,41000.0,41000.0,41000.0,41000.0,0
2022-01-04,38649.3046875,42550.0,42700.0,41250.0,41350.0,20380200
2022-01-05,38149.72265625,42000.0,42950.0,42000.0,42550.0,14746200
2022-01-06,38740.13671875,42650.0,43000.0,42000.0,42000.0,21103400
2022-01-07,38785.5546875,42700.0,43200.0,42150.0,42750.0,16481600
2022-01-10,38785.5546875,42700.0,43700.0,42300.0,42750.0,19830000
2022-01-11,37968.05859375,41800.0,42850.0,41500.0,42750.0,12271200
2022-01-12,37968.05859375,41800.0,42200.0,40700.0,41500.0,13067600
2022-01-13,37332.23046875,41100.0,42150.0,41000.0,42000.0,13367000
2022-01-14,37332.23046875,41100.0,41400.0,40800.0,41000.0,7179400
2022-01-17,35924.32421875,39550.0,41250.0,39550.0,41150.0,16621000
2022-01-18,34970.58203125,38500.0,40000.0,38050.0,39600.0,16147800
2022-01-19,35243.078125,38800.0,39150.0,38500.0,38500.0,6688800
2022-01-20,35697.2421875,39300.0,39800.0,38700.0,38800.0,7255400
2022-01-21,36060.5703125,39700.0,39750.0,38850.0,39700.0,10080200
2022-01-24,34607.25,38100.0,39500.0,38100.0,39350.0,11210600
2022-01-25,36787.234375,40500.0,40500.0,37850.0,38250.0,11524000
2022-01-26,36878.06640625,40600.0,40600.0,40000.0,40500.0,7845200
2022-01-27,36787.234375,40500.0,40900.0,39850.0,40600.0,8893600
2022-01-28,36469.3203125,40150.0,40600.0,40100.0,40200.0,7800200
2022-01-31,36469.3203125,40150.0,40150.0,40150.0,40150.0,0
2022-02-01,36469.3203125,40150.0,40150.0,40150.0,40150.0,0
2022-02-02,36469.3203125,40150.0,40150.0,40150.0,40150.0,0
2022-02-03,36469.3203125,40150.0,40150.0,40150.0,40150.0,0
2022-02-04,36469.3203125,40150.0,40150.0,40150.0,40150.0,0
2022-02-07,37332.23046875,41100.0,41500.0,40600.0,40800.0,9736200
2022-02-08,36878.06640625,40600.0,41250.0,40500.0,41250.0,6203800
2022-02-09,37014.31640625,40750.0,42000.0,40600.0,40600.0,9412600
2022-02-10,36378.48828125,40050.0,40900.0,39800.0,40900.0,11745600
2022-02-11,36196.8203125,39850.0,40250.0,39750.0,40000.0,6961600
2022-02-14,35470.16015625,39050.0,39750.0,39050.0,39500.0,10187000
2022-02-15,35470.16015625,39050.0,39050.0,39050.0,39050.0,0
2022-02-16,36333.0703125,40000.0,40250.0,39850.0,40150.0,4668800
2022-02-17,36696.3984375,40400.0,40400.0,39850.0,40000.0,5606400
2022-02-18,36196.8203125,39850.0,40150.0,39800.0,40000.0,6746600
2022-02-21,36333.0703125,40000.0,40250.0,39850.0,40000.0,6233600
2022-02-22,36015.15625,39650.0,39750.0,39200.0,39650.0,10293400
2022-02-23,36060.5703125,39700.0,40150.0,39650.0,39900.0,5700000
2022-02-24,35697.2421875,39300.0,39750.0,38550.0,39650.0,10568600
2022-02-25,35560.9921875,39150.0,39650.0,39150.0,39500.0,5386600
2022-02-28,35197.6640625,38750.0,39300.0,38750.0,39150.0,5674600
2022-03-01,35424.7421875,39000.0,39100.0,38750.0,38750.0,4918400
2022-03-02,35197.6640625,38750.0,39000.0,38500.0,38850.0,6795600
2022-03-03,35424.7421875,39000.0,39250.0,38600.0,38950.0,7884800
2022-03-04,35379.328125,38950.0,39250.0,38600.0,39000.0,8204000
2022-03-07,34607.25,38100.0,38600.0,37900.0,38600.0,15268600
2022-03-08,33880.58984375,37300.0,38250.0,37300.0,37950.0,12065600
2022-03-09,33608.08984375,37000.0,37500.0,36900.0,37500.0,14790800
2022-03-10,34153.08984375,37600.0,37950.0,37250.0,37400.0,7551400
2022-03-11,34062.25390625,37500.0,37600.0,37000.0,37600.0,7220400
2022-03-14,33835.171875,37250.0,37350.0,36700.0,37300.0,6874400
2022-03-15,33835.171875,37250.0,37400.0,36850.0,37400.0,8326400
2022-03-16,33698.921875,37100.0,37250.0,36850.0,37150.0,8094400
2022-03-17,33608.08984375,37000.0,37900.0,36950.0,37000.0,5739200
2022-03-18,33880.58984375,37300.0,38150.0,37100.0,37350.0,14821600
2022-03-21,35197.6640625,38750.0,38750.0,37600.0,37650.0,8908000
2022-03-22,35424.7421875,39000.0,39250.0,38400.0,38800.0,8260800
2022-03-23,35061.4140625,38600.0,39050.0,38550.0,39000.0,7235400
2022-03-24,34380.16796875,37850.0,38500.0,37800.0,38500.0,9055400
2022-03-25,34471.0,37950.0,38150.0,37750.0,37900.0,5427400
2022-03-28,34016.83984375,37450.0,37850.0,37200.0,37650.0,7424800
2022-03-29,34743.5,38250.0,38300.0,37400.0,37450.0,5891800
2022-03-30,34425.5859375,37900.0,38150.0,37350.0,37900.0,8176800
2022-03-31,34425.5859375,37900.0,38000.0,37550.0,37800.0,6788600
2022-04-01,34607.25,38100.0,38250.0,37550.0,37750.0,8190000
2022-04-04,34652.66796875,38150.0,38500.0,38050.0,38500.0,6255400
2022-04-05,34698.0859375,38200.0,38750.0,38000.0,38150.0,7571800
2022-04-06,34652.66796875,38150.0,38150.0,37550.0,38000.0,7759800
2022-04-07,34062.25390625,37500.0,38050.0,37350.0,38000.0,9203600
2022-04-08,34107.671875,37550.0,38000.0,37250.0,37550.0,8943800
2022-04-11,34107.671875,37550.0,37550.0,37550.0,37550.0,0
2022-04-12,33153.92578125,36500.0,37550.0,36500.0,37450.0,8712400
2022-04-13,33199.34375,36550.0,36700.0,36100.0,36600.0,7650400
2022-04-14,32836.015625,36150.0,36750.0,36000.0,36650.0,7358200
2022-04-15,32291.01953125,35550.0,36200.0,35350.0,36150.0,8081600
2022-04-18,31700.603515625,34900.0,35400.0,34050.0,35050.0,11337400
2022-04-19,31291.857421875,34450.0,35250.0,34200.0,34600.0,5464400
2022-04-20,30338.11328125,33400.0,34300.0,32850.0,34250.0,11962000
2022-04-21,29066.45703125,32000.0,33500.0,32000.0,33250.0,13073400
2022-04-22,29384.37109375,32350.0,32900.0,31950.0,32350.0,12374400
2022-04-25,28612.29296875,31500.0,32550.0,30100.0,32500.0,13714800
2022-04-26,29520.619140625,32500.0,32500.0,29600.0,30650.0,12647800
2022-04-27,29520.619140625,32500.0,32500.0,31350.0,32150.0,9546600
2022-04-28,29293.5390625,32250.0,32450.0,31300.0,32450.0,12580800
2022-04-29,29520.619140625,32500.0,32500.0,31500.0,31550.0,13639200
2022-05-02,29520.619140625,32500.0,32500.0,32500.0,32500.0,0
2022-05-03,29520.619140625,32500.0,32500.0,32500.0,32500.0,0
2022-05-04,29293.5390625,32250.0,32600.0,31750.0,32500.0,5023400
2022-05-05,31246.439453125,34400.0,34400.0,32200.0,32300.0,15036800
2022-05-06,31201.0234375,34350.0,34400.0,33350.0,33500.0,11121400
2022-05-09,30883.111328125,34000.0,34250.0,33200.0,33950.0,11316800
2022-05-10,31746.01953125,34950.0,34950.0,32500.0,33450.0,8705400
2022-05-11,32018.51953125,35250.0,35600.0,34300.0,34500.0,6145600
2022-05-12,31291.857421875,34450.0,34950.0,33500.0,34600.0,8234600
2022-05-13,30883.111328125,34000.0,34450.0,32250.0,34450.0,13848600
2022-05-16,29883.951171875,32900.0,34050.0,32250.0,34000.0,10592800
2022-05-17,30383.529296875,33450.0,33450.0,31650.0,32600.0,9661400
2022-05-18,30383.529296875,33450.0,33450.0,32650.0,33450.0,8532600
2022-05-19,30428.947265625,33500.0,33850.0,32500.0,32500.0,6632000
2022-05-20,30338.11328125,33400.0,33700.0,33000.0,33550.0,4611600
2022-05-23,30292.69921875,33350.0,33700.0,32650.0,33350.0,5802600
2022-05-24,30383.529296875,33450.0,33450.0,32850.0,32900.0,4484000
2022-05-25,30837.6953125,33950.0,33950.0,33150.0,33400.0,6154200
2022-05-26,31201.0234375,34350.0,34800.0,33950.0,33950.0,6097200
2022-05-27,31655.189453125,34850.0,34850.0,34250.0,34500.0,4903800
2022-05-30,32018.51953125,35250.0,35250.0,34400.0,35000.0,5187800
2022-05-31,33511.11328125,34800.0,34950.0,34250.0,34350.0,7385800
2022-06-01,33848.1484375,35150.0,35150.0,34500.0,34800.0,7409200
2022-06-02,33848.1484375,35150.0,35150.0,35150.0,35150.0,0
2022-06-03,33414.81640625,34700.0,34700.0,34000.0,34300.0,5505200
2022-06-06,33366.66796875,34650.0,34750.0,34100.0,34700.0,6663200
2022-06-07,32981.48046875,34250.0,34500.0,33900.0,34500.0,7137800
2022-06-08,32981.48046875,34250.0,34600.0,34000.0,34250.0,4170600
2022-06-09,32885.1875,34150.0,34350.0,33750.0,34350.0,7088200
2022-06-10,32885.1875,34150.0,34150.0,33600.0,33600.0,4904400
2022-06-13,31777.779296875,33000.0,33500.0,32600.0,33250.0,6747600
2022-06-14,31777.779296875,33000.0,33000.0,32350.0,32800.0,6030600
2022-06-15,31729.630859375,32950.0,33150.0,32350.0,33000.0,7016000
2022-06-16,31777.779296875,33000.0,33350.0,32800.0,32950.0,4875600
2022-06-17,31777.779296875,33000.0,33000.0,31900.0,32400.0,6213800
2022-06-20,31296.296875,32500.0,33000.0,32350.0,32950.0,5403400
2022-06-21,31296.296875,32500.0,32500.0,31900.0,32350.0,4730200
2022-06-22,31200.0,32400.0,32500.0,31750.0,32250.0,6921800
2022-06-23,30429.630859375,31600.0,32100.0,31500.0,31950.0,11068400
2022-06-24,30429.630859375,31600.0,31900.0,31550.0,31650.0,4513000
2022-06-27,30574.07421875,31750.0,32450.0,31600.0,31600.0,5332200
2022-06-28,30718.51953125,31900.0,32050.0,31750.0,31750.0,2911800
2022-06-29,30477.779296875,31650.0,32000.0,31550.0,31800.0,3143400
2022-06-30,29900.0,31050.0,31900.0,31050.0,31650.0,4960400
2022-07-01,29562.962890625,30700.0,31750.0,30700.0,31100.0,5948000
2022-07-04,29370.37109375,30500.0,31000.0,30500.0,31000.0,4512400
2022-07-05,29129.630859375,30250.0,30750.0,30200.0,30550.0,6267600
2022-07-06,28455.556640625,29550.0,30250.0,29200.0,30100.0,13445600
2022-07-07,29370.37109375,30500.0,30500.0,29150.0,29500.0,4197600
2022-07-08,29370.37109375,30500.0,30650.0,29750.0,30650.0,3587800
2022-07-11,29129.630859375,30250.0,30250.0,29200.0,29550.0,9766400
2022-07-12,29129.630859375,30250.0,30250.0,30250.0,30250.0,0
2022-07-13,28937.037109375,30050.0,30250.0,29500.0,30000.0,4669200
2022-07-14,28937.037109375,30050.0,30150.0,29600.0,30050.0,3812600
2022-07-15,28888.888671875,30000.0,30100.0,29700.0,29750.0,4603800
2022-07-18,28407.408203125,29500.0,30000.0,29500.0,30000.0,4046800
2022-07-19,28311.111328125,29400.0,29550.0,29300.0,29300.0,3729600
2022-07-20,28744.4453125,29850.0,29850.0,29250.0,29500.0,3820000
2022-07-21,28359.259765625,29450.0,29850.0,29450.0,29800.0,4141400
2022-07-22,28262.962890625,29350.0,29500.0,29250.0,29450.0,3061000
2022-07-25,28359.259765625,29450.0,29550.0,29250.0,29250.0,2459000
2022-07-26,28262.962890625,29350.0,29650.0,29250.0,29500.0,1474200
2022-07-27,28214.81640625,29300.0,29400.0,29250.0,29250.0,1005600
2022-07-28,28311.111328125,29400.0,29550.0,29250.0,29500.0,3828600
2022-07-29,28840.7421875,29950.0,30250.0,29400.0,29450.0,6471000
2022-08-01,28888.888671875,30000.0,30000.0,29500.0,29900.0,3407600
2022-08-02,30092.59375,31250.0,31400.0,29700.0,29900.0,8640400
2022-08-03,29803.705078125,30950.0,31350.0,30700.0,31000.0,4011600
2022-08-04,30333.333984375,31500.0,31550.0,31000.0,31000.0,10437800
2022-08-05,29755.556640625,30900.0,31350.0,30800.0,31350.0,4580800
2022-08-08,29611.111328125,30750.0,30950.0,30750.0,30750.0,4467200
2022-08-09,29322.22265625,30450.0,30950.0,30450.0,30850.0,4469400
2022-08-10,29514.81640625,30650.0,31150.0,30400.0,30500.0,3189200
2022-08-11,29562.962890625,30700.0,30950.0,30500.0,30950.0,4473400
2022-08-12,29466.66796875,30600.0,30750.0,30550.0,30700.0,2846800
2022-08-15,29611.111328125,30750.0,31150.0,30650.0,30750.0,4379000
2022-08-16,29514.81640625,30650.0,30900.0,30550.0,30750.0,2214600
2022-08-17,29514.81640625,30650.0,30900.0,30650.0,30750.0,5011600
2022-08-18,29418.51953125,30550.0,30900.0,30550.0,30650.0,6700400
2022-08-19,28937.037109375,30050.0,30550.0,29750.0,30500.0,5561400
2022-08-22,28600.0,29700.0,30200.0,29550.0,29950.0,4233800
2022-08-23,28648.1484375,29750.0,29850.0,29550.0,29600.0,2706600
2022-08-24,28744.4453125,29850.0,29900.0,29650.0,29800.0,2099800
2022-08-25,29370.37109375,30500.0,30600.0,29900.0,29950.0,4051600
2022-08-26,29033.333984375,30150.0,30700.0,30100.0,30500.0,1702400
2022-08-29,28744.4453125,29850.0,29900.0,29450.0,29800.0,4071200
2022-08-30,28840.7421875,29950.0,30200.0,29750.0,29850.0,3541000
2022-08-31,29370.37109375,30500.0,30700.0,29850.0,29950.0,5674600
2022-09-01,29370.37109375,30500.0,30500.0,30500.0,30500.0,0
2022-09-02,29370.37109375,30500.0,30500.0,30500.0,30500.0,0
2022-09-05,29370.37109375,30500.0,30900.0,30500.0,30600.0,3059000
2022-09-06,29418.51953125,30550.0,30750.0,30500.0,30600.0,2570400
2022-09-07,28648.1484375,29750.0,30550.0,29750.0,30500.0,3694200
2022-09-08,28696.296875,29800.0,29900.0,29650.0,29800.0,3284000
2022-09-09,28840.7421875,29950.0,30100.0,29750.0,29900.0,2886200
2022-09-12,29562.962890625,30700.0,30900.0,30050.0,30050.0,7737000
2022-09-13,29225.92578125,30350.0,30750.0,30350.0,30750.0,4504200
2022-09-14,28888.888671875,30000.0,30150.0,29850.0,29900.0,3569000
2022-09-15,29129.630859375,30250.0,30250.0,29900.0,30000.0,3821800
2022-09-16,28696.296875,29800.0,30550.0,29800.0,30000.0,4737600
2022-09-19,28118.51953125,29200.0,29900.0,29200.0,29800.0,3889800
2022-09-20,28359.259765625,29450.0,29650.0,29300.0,29300.0,3078800
2022-09-21,28070.37109375,29150.0,29450.0,29000.0,29450.0,3465400
2022-09-22,27781.482421875,28850.0,29000.0,28300.0,28900.0,4741400
2022-09-23,27540.7421875,28600.0,28850.0,28500.0,28750.0,1261800
2022-09-26,26914.81640625,27950.0,28500.0,27600.0,28250.0,5469200
2022-09-27,26048.1484375,27050.0,27950.0,27050.0,27950.0,2479000
2022-09-28,24651.8515625,25600.0,27000.0,25500.0,26800.0,5248800
2022-09-29,24459.259765625,25400.0,26250.0,25350.0,26050.0,3934800
2022-09-30,24411.111328125,25350.0,26000.0,24000.0,25000.0,8798000
2022-10-03,24266.66796875,25200.0,25400.0,23600.0,25350.0,8433200
2022-10-04,24362.962890625,25300.0,25350.0,24150.0,25350.0,5963200
2022-10-05,25903.705078125,26900.0,26900.0,25450.0,25500.0,7852600
2022-10-06,25807.408203125,26800.0,27050.0,26350.0,26800.0,5431000
2022-10-07,25903.705078125,26900.0,26900.0,25350.0,26800.0,8107600
2022-10-10,25951.8515625,26950.0,26950.0,25900.0,26500.0,4325000
2022-10-11,24940.7421875,25900.0,26300.0,25400.0,26300.0,8161400
2022-10-12,25277.779296875,26250.0,26450.0,25250.0,25900.0,4117200
2022-10-13,25422.22265625,26400.0,26400.0,25500.0,26250.0,4257600
2022-10-14,24988.888671875,25950.0,26550.0,25650.0,26500.0,3393200
2022-10-17,23833.333984375,24750.0,25750.0,24750.0,25750.0,5869400
2022-10-18,24314.814453125,25250.0,25250.0,24175.0,25000.0,5105800
2022-10-19,24074.07421875,25000.0,25250.0,24525.0,25200.0,2480400
2022-10-20,24074.07421875,25000.0,25000.0,24450.0,24750.0,5495800
2022-10-21,23087.037109375,23975.0,24975.0,23250.0,24975.0,10767800
2022-10-24,21474.07421875,22300.0,23975.0,22300.0,23975.0,3668000
2022-10-25,21474.07421875,22300.0,22350.0,20750.0,22300.0,12587200
2022-10-26,20944.4453125,21750.0,22300.0,20875.0,22300.0,7400600
2022-10-27,21185.185546875,22000.0,22300.0,21450.0,21700.0,9738200
2022-10-28,21618.51953125,22450.0,23150.0,22050.0,22250.0,6152400
2022-10-31,21666.66796875,22500.0,23400.0,22050.0,22750.0,5047800
2022-11-01,21666.66796875,22500.0,23100.0,22500.0,22900.0,5245600
2022-11-02,21618.51953125,22450.0,22750.0,22350.0,22500.0,4526200
2022-11-03,21666.66796875,22500.0,22675.0,22175.0,22275.0,4199600
2022-11-04,21425.92578125,22250.0,22400.0,21250.0,22400.0,8676800
2022-11-07,21137.037109375,21950.0,22000.0,21100.0,22000.0,6041000
2022-11-08,21088.888671875,21900.0,21900.0,20625.0,21550.0,11042200
2022-11-09,21450.0,22275.0,22500.0,21900.0,21900.0,9866800
2022-11-10,21161.111328125,21975.0,22050.0,21150.0,22050.0,8040800
2022-11-11,21257.408203125,22075.0,22275.0,21875.0,21975.0,8168200
2022-11-14,21185.185546875,22000.0,22450.0,21175.0,21900.0,5330000
2022-11-15,20896.296875,21700.0,21925.0,21225.0,21275.0,6186400
2022-11-16,21618.51953125,22450.0,22500.0,20750.0,21500.0,6741800
2022-11-17,23087.037109375,23975.0,23975.0,22475.0,22500.0,8607200
2022-11-18,23111.111328125,24000.0,24400.0,23300.0,23975.0,7283400
2022-11-21,22605.556640625,23475.0,24000.0,22875.0,24000.0,5425400
2022-11-22,21811.111328125,22650.0,24250.0,22650.0,22900.0,3703600
2022-11-23,21377.77734375,22200.0,23000.0,22150.0,22500.0,2222600
2022-11-24,21666.66796875,22500.0,22750.0,22100.0,22175.0,2365200
2022-11-25,22629.630859375,23500.0,23525.0,22900.0,23000.0,6689000
2022-11-28,24170.37109375,25100.0,25100.0,23700.0,23750.0,15630000
2022-11-29,25566.66796875,26550.0,26550.0,25200.0,25800.0,14863600
2022-11-30,26240.7421875,27250.0,27250.0,26000.0,26800.0,12383800
2022-12-01,25759.259765625,26750.0,28100.0,26750.0,27550.0,11736600
2022-12-02,27540.7421875,28600.0,28600.0,26500.0,26750.0,12728800
2022-12-05,28070.37109375,29150.0,29150.0,28400.0,28750.0,9194600
2022-12-06,26481.482421875,27500.0,29150.0,27150.0,29150.0,8523200
2022-12-07,26722.22265625,27750.0,28350.0,27100.0,27100.0,7202000
2022-12-08,26674.07421875,27700.0,28500.0,27250.0,28500.0,8284000
2022-12-09,26048.1484375,27050.0,27800.0,26850.0,27700.0,6658200
2022-12-12,24314.814453125,25250.0,27100.0,25250.0,27100.0,7734600
2022-12-13,25518.51953125,26500.0,26500.0,24975.0,25250.0,8501200
2022-12-14,25518.51953125,26500.0,26850.0,25700.0,26850.0,6437400
2022-12-15,24411.111328125,25350.0,26550.0,25350.0,26500.0,5898800
2022-12-16,23737.037109375,24650.0,25600.0,24650.0,25150.0,6981800
2022-12-19,23207.408203125,24100.0,25100.0,24100.0,24700.0,4280400
2022-12-20,23207.408203125,24100.0,24300.0,23150.0,24100.0,6580600
2022-12-21,23351.8515625,24250.0,24400.0,23300.0,24400.0,3761800
2022-12-22,23592.59375,24500.0,24825.0,24275.0,24275.0,4341800
2022-12-23,23977.779296875,24900.0,25000.0,24100.0,24700.0,2696200
2022-12-26,22629.630859375,23500.0,24800.0,23500.0,24750.0,4279200
2022-12-27,22870.37109375,23750.0,25100.0,22575.0,23150.0,5745000
2022-12-28,22966.66796875,23850.0,24250.0,23250.0,23850.0,2971000
2022-12-29,23014.814453125,23900.0,24250.0,23700.0,23800.0,2516200
2022-12-30,23111.111328125,24000.0,24500.0,23775.0,24500.0,2394200
2023-01-02,23111.111328125,24000.0,24000.0,24000.0,24000.0,0
2023-01-03,23785.185546875,24700.0,24700.0,23500.0,24000.0,3244600
2023-01-04,23592.59375,24500.0,24950.0,24500.0,24950.0,2352800
2023-01-05,23929.630859375,24850.0,25000.0,24500.0,24500.0,3903400
2023-01-06,24025.92578125,24950.0,25150.0,24750.0,24875.0,2343600
2023-01-09,24170.37109375,25100.0,25250.0,24850.0,25100.0,2392800
2023-01-10,23953.705078125,24875.0,25200.0,24875.0,25050.0,1788200
2023-01-11,24459.259765625,25400.0,25450.0,24900.0,25150.0,2372200
2023-01-12,24796.296875,25750.0,25850.0,25500.0,25550.0,2477400
2023-01-13,25037.037109375,26000.0,26000.0,25550.0,25850.0,2094000
2023-01-16,24700.0,25650.0,26150.0,25650.0,26000.0,2237800
2023-01-17,25037.037109375,26000.0,26000.0,24775.0,25650.0,2907200
2023-01-18,25277.779296875,26250.0,26450.0,25450.0,26000.0,2528600
2023-01-19,25133.333984375,26100.0,26700.0,25750.0,26200.0,4471400
2023-01-20,25133.333984375,26100.0,26100.0,26100.0,26100.0,0
2023-01-23,25133.333984375,26100.0,26100.0,26100.0,26100.0,0
2023-01-24,25133.333984375,26100.0,26100.0,26100.0,26100.0,0
2023-01-25,25133.333984375,26100.0,26100.0,26100.0,26100.0,0
2023-01-26,25133.333984375,26100.0,26100.0,26100.0,26100.0,0
2023-01-27,25662.962890625,26650.0,26950.0,25950.0,26200.0,2565400
2023-01-30,24796.296875,25750.0,26750.0,25750.0,26650.0,2699000
2023-01-31,24507.408203125,25450.0,25900.0,25200.0,25750.0,2624000
2023-02-01,23111.111328125,24000.0,25450.0,24000.0,25350.0,7296600
2023-02-02,23062.962890625,23950.0,24600.0,23850.0,24250.0,4312200
2023-02-03,23159.259765625,24050.0,24250.0,23750.0,24000.0,2492400
2023-02-06,23087.037109375,23975.0,24000.0,23550.0,23950.0,3386000
2023-02-07,22533.333984375,23400.0,24000.0,23025.0,24000.0,5084200
2023-02-08,22437.037109375,23300.0,23350.0,22225.0,23350.0,9489400
2023-02-09,21811.111328125,22650.0,23350.0,22650.0,22825.0,6242200
2023-02-10,21859.259765625,22700.0,22875.0,22500.0,22500.0,3204400
2023-02-13,21377.77734375,22200.0,22500.0,21700.0,22400.0,4935200
2023-02-14,20583.333984375,21375.0,22100.0,21100.0,22000.0,7750000
2023-02-15,20462.962890625,21250.0,21350.0,20800.0,21350.0,8576600
2023-02-16,20462.962890625,21250.0,21375.0,21000.0,21375.0,4732000
2023-02-17,20848.1484375,21650.0,21800.0,21250.0,21350.0,4129000
2023-02-20,21762.962890625,22600.0,23150.0,21700.0,21750.0,8354000
2023-02-21,21762.962890625,22600.0,23075.0,22550.0,22750.0,3142400
2023-02-22,20511.111328125,21300.0,22400.0,21300.0,22300.0,7424600
2023-02-23,20222.22265625,21000.0,21425.0,20300.0,21300.0,9176000
2023-02-24,19740.740234375,20500.0,21000.0,20450.0,20850.0,6027000
2023-02-27,19692.59375,20450.0,20450.0,19700.0,20000.0,10651800
2023-02-28,19981.482421875,20750.0,20975.0,20200.0,20500.0,3263800
2023-03-01,19837.037109375,20600.0,20650.0,19900.0,20525.0,6650200
2023-03-02,19788.888671875,20550.0,20750.0,20225.0,20500.0,3894800
2023-03-03,19716.66796875,20475.0,20600.0,20275.0,20500.0,2774400
2023-03-06,20270.37109375,21050.0,21600.0,20750.0,20875.0,5992200
2023-03-07,20366.66796875,21150.0,21500.0,21050.0,21350.0,3341200
2023-03-08,20390.740234375,21175.0,21175.0,20650.0,20650.0,3905800
2023-03-09,20414.814453125,21200.0,21500.0,21125.0,21175.0,3560200
2023-03-10,20631.482421875,21425.0,21500.0,21000.0,21200.0,5073200
2023-03-13,21546.296875,22375.0,22400.0,21375.0,21400.0,6450200
2023-03-14,21546.296875,22375.0,22675.0,22050.0,22100.0,5676400
2023-03-15,22148.1484375,23000.0,23300.0,22475.0,22625.0,4138800
2023-03-16,21425.92578125,22250.0,22900.0,22125.0,22900.0,4078000
2023-03-17,20872.22265625,21675.0,22600.0,21675.0,22300.0,9885200
2023-03-20,20487.037109375,21275.0,22050.0,21275.0,22050.0,4334800
2023-03-21,21859.259765625,22700.0,22750.0,21500.0,21500.0,5076600
2023-03-22,22942.59375,23825.0,24000.0,22800.0,22800.0,8789800
2023-03-23,23111.111328125,24000.0,24000.0,23425.0,23700.0,4542400
2023-03-24,23592.59375,24500.0,24925.0,24000.0,24000.0,5218600
2023-03-27,23303.705078125,24200.0,24750.0,24200.0,24500.0,3738600
2023-03-28,23111.111328125,24000.0,24750.0,23500.0,24225.0,5100000
2023-03-29,23111.111328125,24000.0,24025.0,23550.0,24025.0,2502200
2023-03-30,23857.408203125,24775.0,24975.0,24050.0,24400.0,3350200
2023-03-31,24796.296875,25750.0,25750.0,24800.0,24800.0,5437800
2023-04-03,25325.92578125,26300.0,26850.0,26000.0,26100.0,5684400
2023-04-04,24555.556640625,25500.0,26500.0,25500.0,26500.0,3031200
2023-04-05,25133.333984375,26100.0,26150.0,25300.0,25500.0,4377800
2023-04-06,24651.8515625,25600.0,26100.0,25600.0,26000.0,2068400
2023-04-07,24411.111328125,25350.0,25750.0,25150.0,25600.0,1559600
2023-04-10,23977.779296875,24900.0,25750.0,24900.0,25700.0,2652200
2023-04-11,24796.296875,25750.0,25850.0,24650.0,24650.0,4155000
2023-04-12,24844.4453125,25800.0,26050.0,25500.0,25950.0,4063000
2023-04-13,24314.814453125,25250.0,25850.0,25150.0,25800.0,2681000
2023-04-14,24074.07421875,25000.0,25750.0,24850.0,25350.0,2636800
2023-04-17,24218.51953125,25150.0,25450.0,25000.0,25050.0,2056000
2023-04-18,24459.259765625,25400.0,25650.0,25250.0,25450.0,3523200
2023-04-19,24266.66796875,25200.0,25600.0,25000.0,25400.0,1946200
2023-04-20,24411.111328125,25350.0,25350.0,24925.0,25250.0,967200
2023-04-21,24218.51953125,25150.0,25350.0,24950.0,25250.0,1469400
2023-04-24,24314.814453125,25250.0,26000.0,25100.0,25400.0,2689600
2023-04-25,24170.37109375,25100.0,25600.0,24925.0,25600.0,4278000
2023-04-26,23111.111328125,24000.0,24950.0,24000.0,24950.0,4553400
2023-04-27,22870.37109375,23750.0,24350.0,23425.0,24000.0,5296000
2023-04-28,23833.333984375,24750.0,24750.0,23700.0,23850.0,2289800
2023-05-01,23833.333984375,24750.0,24750.0,24750.0,24750.0,0
2023-05-02,23833.333984375,24750.0,24750.0,24750.0,24750.0,0
2023-05-03,23833.333984375,24750.0,24750.0,24750.0,24750.0,0
2023-05-04,23833.333984375,24750.0,24750.0,24100.0,24750.0,2628800
2023-05-05,23592.59375,24500.0,24750.0,24300.0,24575.0,1586400
2023-05-08,23785.185546875,24700.0,24775.0,24300.0,24425.0,2115000
2023-05-09,23737.037109375,24650.0,24750.0,24375.0,24525.0,2540200
2023-05-10,23761.111328125,24675.0,24700.0,24450.0,24650.0,1037600
2023-05-11,23664.814453125,24575.0,24750.0,24475.0,24750.0,1047800
2023-05-12,24651.8515625,25600.0,25600.0,24450.0,24550.0,2879400
2023-05-15,24892.59375,25850.0,26250.0,25750.0,26000.0,3399000
2023-05-16,25133.333984375,26100.0,26100.0,25750.0,25850.0,2991600
2023-05-17,25711.111328125,26700.0,26950.0,26100.0,26100.0,6219600
2023-05-18,26481.482421875,27500.0,27900.0,26750.0,26950.0,7058800
2023-05-19,26048.1484375,27050.0,27750.0,26750.0,27750.0,3688200
2023-05-22,26048.1484375,27050.0,27500.0,26750.0,27500.0,3300800
2023-05-23,25855.556640625,26850.0,27250.0,26500.0,27250.0,2314600
2023-05-24,25855.556640625,26850.0,26850.0,26850.0,26850.0,0
2023-05-25,26481.482421875,27500.0,27800.0,27000.0,27350.0,3215400
2023-05-26,26481.482421875,27500.0,28200.0,27300.0,27500.0,3582800
2023-05-29,26722.22265625,27750.0,28150.0,27500.0,27500.0,3212400
2023-05-30,26433.333984375,27450.0,28000.0,27300.0,28000.0,2780000
2023-05-31,25759.259765625,26750.0,27500.0,26750.0,27500.0,3076200
2023-06-01,25518.51953125,26500.0,27000.0,26500.0,26750.0,1827400
2023-06-02,25711.111328125,26700.0,26950.0,26500.0,26750.0,2712800
2023-06-05,25855.556640625,26850.0,27550.0,26650.0,27000.0,2861400
2023-06-06,26481.482421875,27500.0,27500.0,26950.0,27200.0,2723000
2023-06-07,26625.92578125,27650.0,27850.0,27250.0,27650.0,3714600
2023-06-08,26674.07421875,27700.0,28000.0,27550.0,27650.0,4650800
2023-06-09,26722.22265625,27750.0,27900.0,27400.0,27500.0,2102200
2023-06-12,26674.07421875,27700.0,27750.0,27200.0,27750.0,2301200
2023-06-13,27300.0,28350.0,28350.0,27550.0,27600.0,4740800
2023-06-14,27444.4453125,28500.0,29100.0,28350.0,28400.0,4910600
2023-06-15,27203.705078125,28250.0,28950.0,27900.0,28500.0,4906400
2023-06-16,26962.962890625,28000.0,28450.0,27500.0,28200.0,4904000
2023-06-19,26481.482421875,27500.0,28050.0,27400.0,28050.0,3057000
2023-06-20,26529.630859375,27550.0,27850.0,27250.0,27500.0,1968600
2023-06-21,26288.888671875,27300.0,27650.0,27150.0,27500.0,4735400
2023-06-22,26288.888671875,27300.0,27300.0,27300.0,27300.0,0
2023-06-23,26962.962890625,28000.0,28000.0,27550.0,27600.0,4319800
2023-06-26,26722.22265625,27750.0,27900.0,27400.0,27800.0,2844200
2023-06-27,26914.81640625,27950.0,27950.0,27700.0,27750.0,1983800
2023-06-28,26674.07421875,27700.0,28100.0,27500.0,28050.0,2777800
2023-06-29,26481.482421875,27500.0,27700.0,27450.0,27700.0,2495400
2023-06-30,26481.482421875,27500.0,27750.0,27150.0,27400.0,2916000
2023-07-03,26914.81640625,27950.0,27950.0,27500.0,27500.0,2087000
2023-07-04,27203.705078125,28250.0,28400.0,27750.0,27950.0,2900200
2023-07-05,27011.111328125,28050.0,28250.0,27650.0,28250.0,3245400
2023-07-06,26240.7421875,27250.0,27950.0,27250.0,27650.0,2810800
2023-07-07,26000.0,27000.0,27450.0,27000.0,27250.0,2441000
2023-07-10,25903.705078125,26900.0,27200.0,26800.0,27050.0,4300600
2023-07-11,25951.8515625,26950.0,26950.0,26800.0,26800.0,5230800
2023-07-12,26529.630859375,27550.0,27650.0,26950.0,26950.0,4370800
2023-07-13,27107.408203125,28150.0,28150.0,27650.0,27700.0,6020000
2023-07-14,27155.556640625,28200.0,28300.0,27900.0,28250.0,4108400
2023-07-17,28407.408203125,29500.0,29500.0,28250.0,28350.0,8535400
2023-07-18,28311.111328125,29400.0,29700.0,29000.0,29250.0,5817800
2023-07-19,28166.66796875,29250.0,29500.0,29100.0,29400.0,4432000
2023-07-20,27781.482421875,28850.0,29250.0,28650.0,29250.0,7176800
2023-07-21,28407.408203125,29500.0,29500.0,28650.0,28750.0,7207600
2023-07-24,28455.556640625,29550.0,29750.0,29050.0,29750.0,4097600
2023-07-25,28214.81640625,29300.0,29600.0,29100.0,29400.0,7238600
2023-07-26,28407.408203125,29500.0,29500.0,29150.0,29150.0,6150400
2023-07-27,27685.185546875,28750.0,29550.0,28750.0,29500.0,5448000
2023-07-28,28359.259765625,29450.0,29450.0,28700.0,28850.0,5734400
2023-07-31,30333.333984375,31500.0,31500.0,30500.0,31100.0,11012200
2023-08-01,30237.037109375,31400.0,33100.0,31400.0,31950.0,13107000
2023-08-02,29803.705078125,30950.0,31450.0,30950.0,31300.0,6877800
2023-08-03,28937.037109375,30050.0,31100.0,30050.0,31000.0,5888800
2023-08-04,30333.333984375,31500.0,31900.0,30300.0,30450.0,9430000
2023-08-07,30285.185546875,31450.0,31850.0,30800.0,31850.0,6791000
2023-08-08,30237.037109375,31400.0,31900.0,31250.0,31450.0,10600800
2023-08-09,29177.779296875,30300.0,31350.0,30300.0,31150.0,11182000
2023-08-10,29177.779296875,30300.0,30800.0,30300.0,30350.0,9486200
2023-08-11,29322.22265625,30450.0,31250.0,29900.0,31150.0,9585400
2023-08-14,29466.66796875,30600.0,30900.0,30400.0,30450.0,12432600
2023-08-15,29707.408203125,30850.0,31250.0,30450.0,30600.0,11374400
2023-08-16,30285.185546875,31450.0,32050.0,31150.0,31500.0,12733800
2023-08-17,29370.37109375,30500.0,31300.0,30500.0,31050.0,10874200
2023-08-18,27348.1484375,28400.0,30400.0,28400.0,30400.0,19124200
2023-08-21,26962.962890625,28000.0,28600.0,27850.0,28400.0,10458400
2023-08-22,26722.22265625,27750.0,28400.0,27250.0,28400.0,9134200
2023-08-23,26240.7421875,27250.0,28450.0,27200.0,28450.0,13369000
2023-08-24,26674.07421875,27700.0,28050.0,27200.0,27450.0,9295400
2023-08-25,26048.1484375,27050.0,27750.0,27000.0,27750.0,10258200
2023-08-28,26337.037109375,27350.0,27650.0,27100.0,27250.0,10446800
2023-08-29,26288.888671875,27300.0,27900.0,27200.0,27500.0,10610800
2023-08-30,26288.888671875,27300.0,27550.0,27050.0,27300.0,10066800
2023-08-31,26337.037109375,27350.0,27950.0,27350.0,27400.0,12840800
2023-09-01,26337.037109375,27350.0,27350.0,27350.0,27350.0,0
2023-09-04,26337.037109375,27350.0,27350.0,27350.0,27350.0,0
2023-09-05,26625.92578125,27650.0,27750.0,27200.0,27600.0,18120400
2023-09-06,26914.81640625,27950.0,28500.0,27700.0,27750.0,19543200
2023-09-07,26529.630859375,27550.0,28300.0,27450.0,28250.0,17451200
2023-09-08,26000.0,27000.0,27750.0,27000.0,27500.0,20857200
2023-09-11,25277.779296875,26250.0,27450.0,26250.0,27300.0,16947200
2023-09-12,25759.259765625,26750.0,26750.0,26000.0,26400.0,14836800
2023-09-13,25085.185546875,26050.0,26900.0,26050.0,26900.0,23901800
2023-09-14,23592.59375,24500.0,26150.0,24500.0,26050.0,23281800
2023-09-15,24314.814453125,25250.0,25250.0,24700.0,24800.0,21030800
2023-09-18,23568.51953125,24475.0,25250.0,24350.0,25050.0,10201400
2023-09-19,23761.111328125,24675.0,25350.0,24500.0,25000.0,15047400
2023-09-20,24411.111328125,25350.0,25450.0,24750.0,24850.0,9032200
2023-09-21,24170.37109375,25100.0,25700.0,25000.0,25500.0,10375200
2023-09-22,23111.111328125,24000.0,24725.0,23925.0,24700.0,15924600
2023-09-25,22629.630859375,23500.0,24375.0,23000.0,24000.0,10636000
2023-09-26,21666.66796875,22500.0,23900.0,22500.0,23500.0,8144600
2023-09-27,21714.814453125,22550.0,22900.0,21925.0,22500.0,13002600
2023-09-28,21425.92578125,22250.0,22750.0,22025.0,22550.0,6828800
2023-09-29,21907.408203125,22750.0,23750.0,22500.0,22500.0,14578600
2023-10-02,22027.77734375,22875.0,23100.0,22600.0,22800.0,3640000
2023-10-03,21209.259765625,22025.0,22625.0,22025.0,22500.0,9320600
2023-10-04,21474.07421875,22300.0,22700.0,21625.0,21625.0,6938600
2023-10-05,21450.0,22275.0,22625.0,22125.0,22350.0,5403000
2023-10-06,22172.22265625,23025.0,23075.0,22275.0,22425.0,6863600
2023-10-09,22629.630859375,23500.0,23750.0,23025.0,23050.0,7722600
2023-10-10,23111.111328125,24000.0,24000.0,23450.0,23575.0,9668800
2023-10-11,22822.22265625,23700.0,23900.0,23425.0,23850.0,5838200
2023-10-12,22894.4453125,23775.0,24000.0,23675.0,23800.0,4901000
2023-10-13,22581.482421875,23450.0,23600.0,23250.0,23525.0,5154000
2023-10-16,21931.482421875,22775.0,23500.0,22775.0,23450.0,6542800
2023-10-17,21425.92578125,22250.0,22950.0,22250.0,22800.0,4797000
2023-10-18,20848.1484375,21650.0,22900.0,21500.0,22300.0,7712400
2023-10-19,20462.962890625,21250.0,21725.0,21250.0,21725.0,7467000
2023-10-20,21425.92578125,22250.0,22400.0,20850.0,21250.0,6380800
2023-10-23,21425.92578125,22250.0,22650.0,22000.0,22250.0,11370800
2023-10-24,21474.07421875,22300.0,22500.0,22000.0,22450.0,6363400
2023-10-25,21618.51953125,22450.0,22975.0,22375.0,22700.0,7839800
2023-10-26,20125.92578125,20900.0,20900.0,20900.0,20900.0,12171800
2023-10-27,18874.07421875,19600.0,20750.0,19450.0,20000.0,36347600
2023-10-30,18874.07421875,19600.0,20000.0,18875.0,19500.0,13515200
2023-10-31,18777.77734375,19500.0,19850.0,19000.0,19600.0,15423400
2023-11-01,18512.962890625,19225.0,19500.0,18375.0,19450.0,19500000
2023-11-02,19235.185546875,19975.0,20000.0,18850.0,19225.0,18278800
2023-11-03,19500.0,20250.0,20275.0,19975.0,20225.0,16539000
2023-11-06,19740.740234375,20500.0,20700.0,20300.0,20325.0,12675000
2023-11-07,19259.259765625,20000.0,20475.0,20000.0,20450.0,8881000
2023-11-08,19740.740234375,20500.0,20750.0,19600.0,19975.0,15407800
2023-11-09,20655.556640625,21450.0,21525.0,20725.0,20800.0,30919600
2023-11-10,20366.66796875,21150.0,21600.0,21150.0,21250.0,13040400
2023-11-13,19909.259765625,20675.0,21300.0,20650.0,21300.0,14450200
2023-11-14,19740.740234375,20500.0,20950.0,20375.0,20925.0,14994800
2023-11-15,19957.408203125,20725.0,21300.0,20675.0,20900.0,17170800
2023-11-16,19812.962890625,20575.0,20825.0,20400.0,20700.0,10789600
2023-11-17,18753.705078125,19475.0,20875.0,19250.0,20650.0,32627200
2023-11-20,18753.705078125,19475.0,19750.0,19150.0,19250.0,9795200
2023-11-21,18825.92578125,19550.0,19875.0,19450.0,19875.0,9578200
2023-11-22,18777.77734375,19500.0,19800.0,19425.0,19700.0,9615200
2023-11-23,18777.77734375,19500.0,19975.0,19500.0,19675.0,15319200
2023-11-24,18825.92578125,19550.0,19600.0,19025.0,19500.0,14765800
2023-11-27,19162.962890625,19900.0,20000.0,19550.0,19550.0,11421200
2023-11-28,19620.37109375,20375.0,20375.0,19825.0,19900.0,14768800
2023-11-29,19837.037109375,20600.0,20650.0,20375.0,20525.0,8418600
2023-11-30,19885.185546875,20650.0,20675.0,20300.0,20600.0,15483400
2023-12-01,19692.59375,20450.0,20700.0,20200.0,20650.0,13941600
2023-12-04,19885.185546875,20650.0,20750.0,20425.0,20475.0,16273400
2023-12-05,19500.0,20250.0,20750.0,20250.0,20750.0,16601200
2023-12-06,19475.92578125,20225.0,20275.0,19825.0,20250.0,21696000
2023-12-07,19114.814453125,19850.0,20275.0,19700.0,20225.0,22686000
2023-12-08,19090.740234375,19825.0,20050.0,19725.0,19850.0,19787400
2023-12-11,19740.740234375,20500.0,20650.0,20050.0,20075.0,17398000
2023-12-12,19764.814453125,20525.0,20650.0,20375.0,20500.0,12338200
2023-12-13,19620.37109375,20375.0,20825.0,20325.0,20600.0,19880000
2023-12-14,19403.705078125,20150.0,20625.0,20125.0,20550.0,9408600
2023-12-15,19211.111328125,19950.0,20275.0,19925.0,20225.0,13599800
2023-12-18,19211.111328125,19950.0,20100.0,19925.0,20100.0,7126800
2023-12-19,19018.51953125,19750.0,19975.0,19650.0,19950.0,10455000
2023-12-20,19235.185546875,19975.0,19975.0,19750.0,19925.0,4713200
2023-12-21,19355.556640625,20100.0,20225.0,19825.0,19850.0,7113000
2023-12-22,19403.705078125,20150.0,20200.0,20000.0,20100.0,6578800
2023-12-25,19837.037109375,20600.0,20625.0,20150.0,20150.0,11915400
2023-12-26,20174.07421875,20950.0,21100.0,20650.0,20750.0,20789400
2023-12-27,20174.07421875,20950.0,21075.0,20925.0,21000.0,12068400
2023-12-28,21040.7421875,21850.0,21900.0,21025.0,21050.0,26259800
2023-12-29,20800.0,21600.0,22050.0,21600.0,22025.0,10649000
2024-01-01,20800.0,21600.0,21600.0,21600.0,21600.0,0
2024-01-02,20703.705078125,21500.0,21875.0,21275.0,21650.0,15177000
2024-01-03,20896.296875,21700.0,21700.0,21275.0,21300.0,12225200
2024-01-04,20920.37109375,21725.0,21850.0,21625.0,21775.0,17556000
2024-01-05,20751.8515625,21550.0,21775.0,21525.0,21725.0,9017400
2024-01-08,20872.22265625,21675.0,21925.0,21450.0,21600.0,12427800
2024-01-09,20703.705078125,21500.0,21650.0,21325.0,21575.0,12754200
2024-01-10,20559.259765625,21350.0,21500.0,21050.0,21500.0,13578800
2024-01-11,20222.22265625,21000.0,21525.0,21000.0,21250.0,13938000
2024-01-12,19885.185546875,20650.0,20950.0,20450.0,20900.0,16654200
2024-01-15,20029.630859375,20800.0,20925.0,20700.0,20900.0,6299000
2024-01-16,20535.185546875,21325.0,21325.0,20725.0,20800.0,7548800
2024-01-17,20174.07421875,20950.0,21425.0,20950.0,21325.0,12687000
2024-01-18,20800.0,21600.0,21750.0,21025.0,21125.0,17877600
2024-01-19,20727.77734375,21525.0,21800.0,21500.0,21675.0,11062800
2024-01-22,20703.705078125,21500.0,21725.0,21400.0,21675.0,9418200
2024-01-23,20390.740234375,21175.0,21600.0,21150.0,21525.0,10511600
2024-01-24,20462.962890625,21250.0,21475.0,21150.0,21175.0,5482400
2024-01-25,20462.962890625,21250.0,21250.0,21250.0,21250.0,0
2024-01-26,20222.22265625,21000.0,21250.0,21000.0,21100.0,8703000
2024-01-29,20125.92578125,20900.0,21150.0,20900.0,21150.0,6332400
2024-01-30,20222.22265625,21000.0,21150.0,20850.0,20900.0,5816600
2024-01-31,19981.482421875,20750.0,21125.0,20750.0,21025.0,12614200
2024-02-01,19837.037109375,20600.0,20750.0,20550.0,20675.0,14214400
2024-02-02,19837.037109375,20600.0,20600.0,20600.0,20600.0,0
2024-02-05,19861.111328125,20625.0,20800.0,20550.0,20700.0,6723000
2024-02-06,19740.740234375,20500.0,20725.0,20500.0,20700.0,11070600
2024-02-07,20125.92578125,20900.0,20925.0,20500.0,20525.0,7537800
2024-02-08,20125.92578125,20900.0,20900.0,20900.0,20900.0,0
2024-02-09,20125.92578125,20900.0,20900.0,20900.0,20900.0,0
2024-02-12,20125.92578125,20900.0,20900.0,20900.0,20900.0,0
2024-02-13,20125.92578125,20900.0,20900.0,20900.0,20900.0,0
2024-02-14,20125.92578125,20900.0,20900.0,20900.0,20900.0,0
2024-02-15,20198.1484375,20975.0,21100.0,20900.0,21075.0,8634200
2024-02-16,20559.259765625,21350.0,21400.0,20975.0,21075.0,12048800
2024-02-19,21931.482421875,22775.0,22825.0,21450.0,21500.0,40312800
2024-02-20,22220.37109375,23075.0,23350.0,22925.0,23000.0,25851200
2024-02-21,21666.66796875,22500.0,23050.0,22400.0,23050.0,17891400
2024-02-22,21570.37109375,22400.0,22725.0,22400.0,22550.0,13619400
2024-02-23,20848.1484375,21650.0,22550.0,21625.0,22500.0,23506400
2024-02-26,20872.22265625,21675.0,21925.0,21550.0,21725.0,14000000
2024-02-27,21281.482421875,22100.0,22100.0,21650.0,21875.0,14317400
2024-02-28,21377.77734375,22200.0,22450.0,22000.0,22225.0,12566400
2024-02-29,20896.296875,21700.0,22350.0,21700.0,22275.0,22082600
2024-03-01,21161.111328125,21975.0,22100.0,21650.0,21850.0,13747800
2024-03-04,21161.111328125,21975.0,22300.0,21900.0,22025.0,14072600
2024-03-05,21016.66796875,21825.0,22125.0,21650.0,21975.0,15380400
2024-03-06,20751.8515625,21550.0,22275.0,21525.0,21825.0,22645600
2024-03-07,20800.0,21600.0,21650.0,21425.0,21650.0,14629400
2024-03-08,20487.037109375,21275.0,21800.0,21275.0,21750.0,19052600
2024-03-11,20487.037109375,21275.0,21500.0,21250.0,21300.0,12112400
2024-03-12,20559.259765625,21350.0,21450.0,21175.0,21275.0,9512400
2024-03-13,20679.630859375,21475.0,21500.0,21250.0,21400.0,14665800
2024-03-14,20655.556640625,21450.0,21900.0,21400.0,21700.0,25212400
2024-03-15,20414.814453125,21200.0,21575.0,21200.0,21450.0,19770400
2024-03-18,20270.37109375,21050.0,21575.0,20650.0,21325.0,29571000
2024-03-19,20655.556640625,21450.0,21525.0,20925.0,21175.0,18928600
2024-03-20,20462.962890625,21250.0,21500.0,21100.0,21500.0,10873800
2024-03-21,20655.556640625,21450.0,21525.0,21275.0,21425.0,21956600
2024-03-22,20607.408203125,21400.0,21750.0,21300.0,21600.0,19993600
2024-03-25,20487.037109375,21275.0,21675.0,21200.0,21500.0,20619000
2024-03-26,20583.333984375,21375.0,21450.0,21225.0,21350.0,8527400
2024-03-27,20462.962890625,21250.0,21450.0,21250.0,21450.0,15103800
2024-03-28,20848.1484375,21650.0,22025.0,21300.0,21400.0,37127000
2024-03-29,20631.482421875,21425.0,21850.0,21425.0,21700.0,15373800
2024-04-01,20655.556640625,21450.0,21575.0,21325.0,21450.0,15035800
2024-04-02,20775.92578125,21575.0,21575.0,21100.0,21350.0,27516200
2024-04-03,20751.8515625,21550.0,21875.0,21450.0,21575.0,23674800
2024-04-04,20703.705078125,21500.0,21600.0,21375.0,21400.0,19333400
2024-04-05,20679.630859375,21475.0,21550.0,21200.0,21350.0,26928800
2024-04-08,20703.705078125,21500.0,21550.0,21200.0,21525.0,33475400
2024-04-09,20800.0,21600.0,21600.0,21450.0,21550.0,21887600
2024-04-10,21281.482421875,22100.0,22325.0,21725.0,21775.0,48644400
2024-04-11,21257.408203125,22075.0,22125.0,21875.0,22125.0,29130600
2024-04-12,21425.92578125,22250.0,22400.0,22150.0,22250.0,33645600
2024-04-15,20414.814453125,21200.0,22250.0,21100.0,22250.0,40833000
2024-04-16,20559.259765625,21350.0,21400.0,20375.0,21200.0,33695600
2024-04-17,20125.92578125,20900.0,21525.0,20775.0,21500.0,21724200
2024-04-18,20125.92578125,20900.0,20900.0,20900.0,20900.0,0
2024-04-19,19981.482421875,20750.0,20750.0,20150.0,20475.0,25053600
2024-04-22,19957.408203125,20725.0,20900.0,20325.0,20750.0,18346600
2024-04-23,19355.556640625,20100.0,20700.0,20100.0,20500.0,17246400
2024-04-24,19548.1484375,20300.0,20450.0,20125.0,20175.0,10083000
2024-04-25,19596.296875,20350.0,20425.0,20200.0,20425.0,5978200
2024-04-26,19644.4453125,20400.0,20525.0,20150.0,20200.0,9408800
2024-04-29,19644.4453125,20400.0,20400.0,20400.0,20400.0,0
2024-04-30,19644.4453125,20400.0,20400.0,20400.0,20400.0,0
2024-05-01,19644.4453125,20400.0,20400.0,20400.0,20400.0,0
2024-05-02,19812.962890625,20575.0,20625.0,20175.0,20400.0,9140000
2024-05-03,19788.888671875,20550.0,20700.0,20425.0,20650.0,8783200
2024-05-06,19812.962890625,20575.0,20600.0,20425.0,20575.0,9889200
2024-05-07,19764.814453125,20525.0,20625.0,20450.0,20625.0,8553800
2024-05-08,19692.59375,20450.0,20500.0,20250.0,20500.0,13251400
2024-05-09,19716.66796875,20475.0,20875.0,20425.0,20500.0,14599400
2024-05-10,19427.77734375,20175.0,20550.0,20175.0,20500.0,14553000
2024-05-13,19307.408203125,20050.0,20275.0,19850.0,20225.0,18187800
2024-05-14,19331.482421875,20075.0,20625.0,20075.0,20550.0,13732000
2024-05-15,19379.630859375,20125.0,20200.0,20025.0,20100.0,13189600
2024-05-16,19379.630859375,20125.0,20200.0,20075.0,20150.0,16519400
2024-05-17,19668.51953125,20425.0,20600.0,20100.0,20175.0,26615800
2024-05-20,19475.92578125,20225.0,20625.0,20225.0,20525.0,19074200
2024-05-21,19355.556640625,20100.0,20375.0,20025.0,20250.0,19280400
2024-05-22,19427.77734375,20175.0,20825.0,20100.0,20100.0,23855600
2024-05-23,19524.07421875,20275.0,20275.0,20050.0,20225.0,12775400
2024-05-24,19162.962890625,19900.0,20275.0,19875.0,20200.0,25824400
2024-05-27,19162.962890625,19900.0,20025.0,19875.0,19925.0,9241800
2024-05-28,19235.185546875,19975.0,20025.0,19875.0,19925.0,11111400
2024-05-29,18994.4453125,19725.0,20050.0,19725.0,20000.0,16060800
2024-05-30,18777.77734375,19500.0,19750.0,19500.0,19725.0,12847400
2024-05-31,18705.556640625,19425.0,19825.0,19425.0,19600.0,11703400
2024-06-03,18705.556640625,19425.0,19425.0,19425.0,19425.0,0
2024-06-04,18970.37109375,19700.0,20100.0,19700.0,19700.0,15910600
2024-06-05,18922.22265625,19650.0,19950.0,19650.0,19775.0,12432600
2024-06-06,18801.8515625,19525.0,19800.0,19500.0,19700.0,10218000
2024-06-07,18777.77734375,19500.0,19650.0,19500.0,19650.0,9039000
2024-06-10,18729.630859375,19450.0,19600.0,19425.0,19575.0,12640000
2024-06-11,18368.51953125,19075.0,19475.0,19075.0,19450.0,28796200
2024-06-12,18537.037109375,19250.0,19425.0,18850.0,19075.0,24753200
2024-06-13,18416.66796875,19125.0,19350.0,19050.0,19275.0,11979200
2024-06-14,18392.59375,19100.0,19425.0,19025.0,19200.0,17179400
2024-06-17,18440.740234375,19150.0,19250.0,18950.0,19125.0,17189200
2024-06-18,18440.740234375,19150.0,19250.0,19100.0,19250.0,13177000
2024-06-19,18296.296875,19000.0,19175.0,18875.0,19150.0,15993600
2024-06-20,18296.296875,19000.0,19000.0,18775.0,18950.0,15175000
2024-06-21,18175.92578125,18875.0,18900.0,18725.0,18875.0,26062200
2024-06-24,18031.482421875,18725.0,19100.0,18550.0,18875.0,15342000
2024-06-25,18200.0,18900.0,19025.0,18600.0,18650.0,12700200
2024-06-26,18055.556640625,18750.0,19075.0,18750.0,18900.0,9073000
2024-06-27,18103.705078125,18800.0,18925.0,18675.0,18750.0,6908400
2024-06-28,18127.77734375,18825.0,18875.0,18650.0,18800.0,11930400
2024-07-01,18151.8515625,18850.0,18850.0,18550.0,18825.0,9031200
2024-07-02,18368.51953125,19075.0,19175.0,18775.0,18875.0,10845400
2024-07-03,18344.4453125,19050.0,19100.0,18850.0,19025.0,10465600
2024-07-04,18512.962890625,19225.0,19250.0,18900.0,19050.0,14928800
2024-07-05,18512.962890625,19225.0,19250.0,18975.0,19150.0,13143400
2024-07-08,18296.296875,19000.0,19200.0,18900.0,19075.0,15842800
2024-07-09,18440.740234375,19150.0,19150.0,18900.0,19000.0,16389800
2024-07-10,18416.66796875,19125.0,19200.0,18975.0,19175.0,10900000
2024-07-11,18512.962890625,19225.0,19350.0,19050.0,19125.0,17605200
2024-07-12,18537.037109375,19250.0,19425.0,19150.0,19250.0,10272200
2024-07-15,18296.296875,19000.0,19250.0,18900.0,19250.0,9773400
2024-07-16,18248.1484375,18950.0,19025.0,18825.0,18900.0,9531400
2024-07-17,17959.259765625,18650.0,18950.0,18400.0,18950.0,14063200
2024-07-18,18031.482421875,18725.0,18725.0,18350.0,18625.0,12568800
2024-07-19,18224.07421875,18925.0,19100.0,18775.0,18850.0,12361600
2024-07-22,18248.1484375,18950.0,19000.0,18650.0,19000.0,10271400
2024-07-23,18224.07421875,18925.0,18975.0,18675.0,18825.0,9718400
2024-07-24,18224.07421875,18925.0,18925.0,18700.0,18800.0,8860000
2024-07-25,18200.0,18900.0,19150.0,18775.0,18800.0,12449000
2024-07-26,18175.92578125,18875.0,18950.0,18750.0,18900.0,7816600
2024-07-29,17862.962890625,18550.0,18950.0,18550.0,18875.0,8712000
2024-07-30,17670.37109375,18350.0,18600.0,18350.0,18550.0,9368800
2024-07-31,17670.37109375,18350.0,18525.0,18325.0,18425.0,7436400
2024-08-01,17550.0,18225.0,18500.0,18000.0,18375.0,12381800
2024-08-02,17333.333984375,18000.0,18150.0,17300.0,18025.0,17228000
2024-08-05,16611.111328125,17250.0,17850.0,17000.0,17600.0,19913000
2024-08-06,16755.556640625,17400.0,17400.0,17000.0,17400.0,11706800
2024-08-07,17911.111328125,18600.0,18600.0,18300.0,18475.0,73465400
2024-08-08,18103.705078125,18800.0,19050.0,18475.0,18750.0,17666600
2024-08-09,17911.111328125,18600.0,18900.0,18400.0,18900.0,17383200
2024-08-12,17574.07421875,18250.0,18575.0,18175.0,18575.0,16706000
2024-08-13,17501.8515625,18175.0,18325.0,17925.0,18175.0,14291800
2024-08-14,17911.111328125,18600.0,18700.0,18000.0,18175.0,20238400
2024-08-15,18224.07421875,18925.0,19150.0,18575.0,18750.0,35557400
2024-08-16,18488.888671875,19200.0,19350.0,19000.0,19100.0,29592200
2024-08-19,18585.185546875,19300.0,19400.0,19100.0,19300.0,21559400
2024-08-20,18970.37109375,19700.0,19900.0,19250.0,19300.0,35104600
2024-08-21,19138.888671875,19875.0,19875.0,19450.0,19625.0,27323000
2024-08-22,19162.962890625,19900.0,20075.0,19750.0,19875.0,18449000
2024-08-23,19138.888671875,19875.0,20000.0,19675.0,19800.0,18681200
2024-08-26,19500.0,20250.0,20375.0,19925.0,19925.0,31250200
2024-08-27,19933.333984375,20700.0,21150.0,20175.0,20250.0,36438600
2024-08-28,19692.59375,20450.0,20900.0,20300.0,20850.0,22398400
2024-08-29,19981.482421875,20750.0,20750.0,20350.0,20425.0,18608400
2024-08-30,19981.482421875,20750.0,20825.0,20550.0,20750.0,22641200
2024-09-02,19981.482421875,20750.0,20750.0,20750.0,20750.0,0
2024-09-03,19981.482421875,20750.0,20750.0,20750.0,20750.0,0
2024-09-04,20462.962890625,21250.0,21250.0,20500.0,20500.0,27620400
2024-09-05,21064.814453125,21875.0,22225.0,21350.0,21350.0,44292200
2024-09-06,21137.037109375,21950.0,22000.0,21625.0,22000.0,20460800
2024-09-09,20703.705078125,21500.0,21825.0,21500.0,21825.0,20601800
2024-09-10,20607.408203125,21400.0,21775.0,21075.0,21575.0,25861200
2024-09-11,20703.705078125,21500.0,21575.0,20875.0,21275.0,26798000
2024-09-12,20751.8515625,21550.0,21750.0,21550.0,21700.0,11326800
2024-09-13,20703.705078125,21500.0,21700.0,21350.0,21525.0,10810000
2024-09-16,20101.8515625,20875.0,21450.0,20875.0,21425.0,16722200
2024-09-17,21185.185546875,22000.0,22000.0,20850.0,20875.0,31572600
2024-09-18,21137.037109375,21950.0,22575.0,21950.0,22050.0,24970600
2024-09-19,21257.408203125,22075.0,22200.0,21875.0,21950.0,19806200
2024-09-20,21064.814453125,21875.0,22450.0,21850.0,22100.0,50636800
2024-09-23,21016.66796875,21825.0,22050.0,21575.0,21900.0,14752000
2024-09-24,21305.556640625,22125.0,22125.0,21725.0,21825.0,13916600
2024-09-25,21257.408203125,22075.0,22200.0,21900.0,22200.0,21345800
2024-09-26,21377.77734375,22200.0,22300.0,22050.0,22100.0,24518800
2024-09-27,20896.296875,21700.0,22300.0,21500.0,22250.0,32726800
2024-09-30,20607.408203125,21400.0,21750.0,21275.0,21750.0,18258200
2024-10-01,20920.37109375,21725.0,22050.0,21450.0,21450.0,22441000
2024-10-02,20896.296875,21700.0,21725.0,21425.0,21525.0,15940200
2024-10-03,20029.630859375,20800.0,21625.0,20800.0,21500.0,53774400
2024-10-04,19981.482421875,20750.0,20975.0,20575.0,20775.0,13528600
2024-10-07,19837.037109375,20600.0,20900.0,20450.0,20825.0,14448200
2024-10-08,20029.630859375,20800.0,20800.0,20350.0,20725.0,17162800
2024-10-09,20462.962890625,21250.0,21275.0,20800.0,20825.0,13485800
2024-10-10,20294.4453125,21075.0,21450.0,21075.0,21350.0,10892600
2024-10-11,20992.59375,21800.0,21900.0,21150.0,21225.0,31242000
2024-10-14,21835.185546875,22675.0,23200.0,22550.0,22750.0,41474200
2024-10-15,21498.1484375,22325.0,22750.0,22300.0,22750.0,18439000
2024-10-16,21666.66796875,22500.0,22600.0,22225.0,22250.0,13642600
2024-10-17,21714.814453125,22550.0,22750.0,22400.0,22550.0,13354200
2024-10-18,21787.037109375,22625.0,23000.0,22575.0,22850.0,17921600
2024-10-21,23014.814453125,23900.0,23900.0,22750.0,22750.0,42325800
2024-10-22,23231.482421875,24125.0,24275.0,23700.0,24075.0,25342600
2024-10-23,22629.630859375,23500.0,24175.0,23250.0,24125.0,66698800
2024-10-24,21112.962890625,21925.0,23375.0,21925.0,23300.0,67219800
2024-10-25,21112.962890625,21925.0,22325.0,21750.0,22275.0,49105400
2024-10-28,20559.259765625,21350.0,22125.0,21250.0,21850.0,39087000
2024-10-29,20583.333984375,21375.0,21525.0,21275.0,21475.0,34721600
2024-10-30,19812.962890625,20575.0,21500.0,20425.0,21500.0,63640600
2024-10-31,19981.482421875,20750.0,20775.0,20225.0,20575.0,47479800
2024-11-01,19981.482421875,20750.0,21100.0,20650.0,20750.0,33904400
2024-11-04,19981.482421875,20750.0,20750.0,20275.0,20750.0,39676000
2024-11-05,19981.482421875,20750.0,20900.0,20625.0,20750.0,28280600
2024-11-06,20005.556640625,20775.0,20850.0,20650.0,20750.0,30129200
2024-11-07,19933.333984375,20700.0,20850.0,20650.0,20850.0,31991400
2024-11-08,19259.259765625,20000.0,20675.0,20000.0,20650.0,45034000
2024-11-11,19548.1484375,20300.0,20425.0,19625.0,20000.0,30624200
2024-11-12,19403.705078125,20150.0,20675.0,20150.0,20300.0,32435000
2024-11-13,19403.705078125,20150.0,20350.0,20075.0,20150.0,28133200
2024-11-14,19427.77734375,20175.0,20550.0,20150.0,20175.0,33894400
2024-11-15,19379.630859375,20125.0,20300.0,20000.0,20175.0,34048600
2024-11-18,19644.4453125,20400.0,20400.0,19800.0,20150.0,46065800
2024-11-19,20318.51953125,21100.0,21125.0,20450.0,20450.0,52939400
2024-11-20,20848.1484375,21650.0,21700.0,20875.0,21100.0,56834800
2024-11-21,20848.1484375,21650.0,21850.0,21425.0,21625.0,68809800
2024-11-22,20029.630859375,20800.0,21375.0,20800.0,21325.0,18183200
2024-11-25,20559.259765625,21350.0,21475.0,20725.0,20750.0,8802400
2024-11-26,20414.814453125,21200.0,21650.0,21200.0,21350.0,8579000
2024-11-27,20174.07421875,20950.0,21425.0,20950.0,21100.0,7300800
2024-11-28,19788.888671875,20550.0,21175.0,20550.0,21125.0,13028400
2024-11-29,19644.4453125,20400.0,20650.0,20375.0,20650.0,11048800
2024-12-02,19620.37109375,20375.0,20575.0,20375.0,20550.0,7562400
2024-12-03,19692.59375,20450.0,20650.0,20250.0,20400.0,10374400
2024-12-04,19307.408203125,20050.0,20425.0,20050.0,20350.0,10334800
2024-12-05,19933.333984375,20700.0,20900.0,20100.0,20250.0,9705600
2024-12-06,19981.482421875,20750.0,21000.0,20600.0,20800.0,9740000
2024-12-09,19957.408203125,20725.0,20950.0,20700.0,20750.0,7238200
2024-12-10,19716.66796875,20475.0,20825.0,20475.0,20725.0,9158600
2024-12-11,19668.51953125,20425.0,20675.0,20400.0,20475.0,8041200
2024-12-12,19620.37109375,20375.0,20575.0,20375.0,20450.0,5969600
2024-12-13,19572.22265625,20325.0,20400.0,20250.0,20350.0,6253800
2024-12-16,19716.66796875,20475.0,20575.0,20275.0,20325.0,5336000
2024-12-17,19885.185546875,20650.0,20700.0,20400.0,20500.0,7417200
2024-12-18,19692.59375,20450.0,20800.0,20450.0,20650.0,4863800
2024-12-19,19355.556640625,20100.0,20375.0,20100.0,20300.0,11449600
2024-12-20,19427.77734375,20175.0,20225.0,20100.0,20200.0,6950600
2024-12-23,19548.1484375,20300.0,20425.0,20200.0,20400.0,3984800
2024-12-24,19427.77734375,20175.0,20300.0,20050.0,20250.0,6429800
2024-12-25,19548.1484375,20300.0,20375.0,20175.0,20250.0,7119400
2024-12-26,19572.22265625,20325.0,20650.0,20325.0,20375.0,7381800
2024-12-27,19427.77734375,20175.0,20525.0,20175.0,20400.0,5694400
2024-12-30,19403.705078125,20150.0,20300.0,20150.0,20225.0,5032600
2024-12-31,19259.259765625,20000.0,20250.0,20000.0,20250.0,8383800
2025-01-01,19259.259765625,20000.0,20000.0,20000.0,20000.0,0
2025-01-02,19259.259765625,20000.0,20100.0,19975.0,20050.0,6019800
2025-01-03,19259.259765625,20000.0,20025.0,19875.0,20025.0,8538200
2025-01-06,19259.259765625,20000.0,20000.0,19875.0,20000.0,6642600
2025-01-07,19259.259765625,20000.0,20025.0,19925.0,19925.0,5699400
2025-01-08,19259.259765625,20000.0,20025.0,19850.0,20000.0,4877400
2025-01-09,19451.8515625,20200.0,20525.0,20000.0,20000.0,8422800
2025-01-10,19259.259765625,20000.0,20350.0,19950.0,20200.0,4640000
2025-01-13,19259.259765625,20000.0,20000.0,19350.0,19900.0,7957800
2025-01-14,19259.259765625,20000.0,20000.0,19700.0,19850.0,10815200
2025-01-15,19259.259765625,20000.0,20050.0,19900.0,20000.0,5414400
2025-01-16,19259.259765625,20000.0,20050.0,19900.0,20000.0,5414400
2025-01-17,19307.408203125,20050.0,20050.0,19925.0,20050.0,8306200
2025-01-20,19259.259765625,20000.0,20100.0,19950.0,20000.0,5993800
2025-01-21,19259.259765625,20000.0,20075.0,19900.0,20000.0,8989200
2025-01-22,19018.51953125,19750.0,20000.0,19750.0,20000.0,7281000
2025-01-23,19018.51953125,19750.0,19975.0,19625.0,19775.0,9265600
2025-01-24,19018.51953125,19750.0,19900.0,19700.0,19750.0,9677000
2025-01-27,19018.51953125,19750.0,19750.0,19750.0,19750.0,0
2025-01-28,19018.51953125,19750.0,19750.0,19750.0,19750.0,0
2025-01-29,19018.51953125,19750.0,19750.0,19750.0,19750.0,0
2025-01-30,19018.51953125,19750.0,19750.0,19750.0,19750.0,0
2025-01-31,19018.51953125,19750.0,19750.0,19750.0,19750.0,0
2025-02-03,18777.77734375,19500.0,19775.0,19425.0,19775.0,9477600
2025-02-04,18657.408203125,19375.0,19575.0,19275.0,19475.0,12444800
2025-02-05,18705.556640625,19425.0,19725.0,19425.0,19500.0,5438400
2025-02-06,18681.482421875,19400.0,19600.0,19400.0,19500.0,5635200
2025-02-07,18657.408203125,19375.0,19525.0,19375.0,19425.0,6027600
2025-02-10,18200.0,18900.0,19375.0,18900.0,19350.0,11701800
2025-02-11,18175.92578125,18875.0,18950.0,18800.0,18925.0,11797600
2025-02-12,18296.296875,19000.0,19150.0,18900.0,18900.0,7617400
2025-02-13,18657.408203125,19375.0,19450.0,18950.0,18950.0,9845400
2025-02-14,18681.482421875,19400.0,19525.0,19375.0,19475.0,8491200
2025-02-17,18681.482421875,19400.0,19575.0,19350.0,19400.0,8077400
2025-02-18,18729.630859375,19450.0,19600.0,19425.0,19450.0,6174200
2025-02-19,18825.92578125,19550.0,19575.0,19400.0,19575.0,5865400
2025-02-20,19524.07421875,20275.0,20400.0,19575.0,19600.0,22213400
2025-02-21,19403.705078125,20150.0,20350.0,20125.0,20350.0,7786600
2025-02-24,19379.630859375,20125.0,20150.0,19975.0,20050.0,9543800
2025-02-25,19620.37109375,20375.0,20625.0,20150.0,20150.0,11133200
2025-02-26,19596.296875,20350.0,20450.0,20250.0,20400.0,8374400
2025-02-27,19764.814453125,20525.0,20575.0,20300.0,20375.0,12720000
2025-02-28,19837.037109375,20600.0,20800.0,20425.0,20525.0,16789000
2025-03-03,20487.037109375,21275.0,21275.0,20600.0,20650.0,18935800
2025-03-04,20246.296875,21025.0,21575.0,21025.0,21275.0,22529600
2025-03-05,20559.259765625,21350.0,21500.0,21025.0,21025.0,21364400
2025-03-06,20992.59375,21800.0,21800.0,21425.0,21425.0,23905600
2025-03-07,21642.59375,22475.0,22875.0,21650.0,21800.0,35646600
2025-03-10,21811.111328125,22650.0,22900.0,22350.0,22500.0,24132800
2025-03-11,21907.408203125,22750.0,22775.0,22100.0,22300.0,24206800
2025-03-12,22605.556640625,23475.0,23650.0,22700.0,22700.0,31282400
2025-03-13,23014.814453125,23900.0,24775.0,23275.0,23500.0,44539800
2025-03-14,23062.962890625,23950.0,24450.0,23850.0,23850.0,33723400
2025-03-17,23014.814453125,23900.0,24000.0,23400.0,23975.0,22035600
2025-03-18,22774.07421875,23650.0,24375.0,23400.0,23800.0,24479000
2025-03-19,22798.1484375,23675.0,23950.0,23125.0,23400.0,26885000
2025-03-20,22798.1484375,23675.0,24100.0,23475.0,23675.0,26916800
2025-03-21,23231.482421875,24125.0,24200.0,23550.0,23550.0,27391400
2025-03-24,24700.0,25650.0,25700.0,24175.0,24225.0,31104200
2025-03-25,24796.296875,25750.0,26250.0,25550.0,25950.0,25837600
2025-03-26,24796.296875,25750.0,26100.0,25100.0,25900.0,19222000
2025-03-27,24651.8515625,25600.0,25850.0,25250.0,25750.0,15808600
2025-03-28,24651.8515625,25600.0,25950.0,25350.0,25550.0,16332000
2025-03-31,24700.0,25650.0,25800.0,25500.0,25600.0,18748400
2025-04-01,25518.51953125,26500.0,26750.0,25750.0,25900.0,23702000
2025-04-02,25518.51953125,26500.0,26800.0,26300.0,26600.0,21315200
2025-04-03,23737.037109375,24650.0,25800.0,24650.0,25150.0,47043800
2025-04-04,24218.51953125,25150.0,25300.0,23050.0,23050.0,43190800
2025-04-07,24218.51953125,25150.0,25150.0,25150.0,25150.0,0
2025-04-08,22629.630859375,23500.0,24750.0,23400.0,24350.0,42876200
2025-04-09,23351.8515625,24250.0,24400.0,22800.0,22800.0,30307200
2025-04-10,24940.7421875,25900.0,25900.0,25900.0,25900.0,1504200
2025-04-11,25759.259765625,26750.0,26850.0,25500.0,25900.0,29115600
2025-04-14,27540.7421875,28600.0,28600.0,26850.0,27000.0,33654600
2025-04-15,27685.185546875,28750.0,30250.0,28600.0,28950.0,31925200
2025-04-16,27203.705078125,28250.0,28950.0,27500.0,28500.0,21690000
2025-04-17,27348.1484375,28400.0,28400.0,27400.0,28000.0,12676200
2025-04-18,26481.482421875,27500.0,28500.0,26650.0,28400.0,27061200
2025-04-21,26481.482421875,27500.0,27700.0,26700.0,27050.0,15442800
2025-04-22,27685.185546875,28750.0,29000.0,26200.0,27500.0,21465200
2025-04-23,28166.66796875,29250.0,29250.0,28500.0,29100.0,21295800
2025-04-24,29466.66796875,30600.0,30900.0,28800.0,29250.0,25325200
2025-04-25,29996.296875,31150.0,31250.0,30050.0,30500.0,22762400
2025-04-28,28166.66796875,29250.0,31050.0,29250.0,31050.0,14787600
2025-04-29,28118.51953125,29200.0,29400.0,28500.0,29250.0,9475600
2025-04-30,28118.51953125,29200.0,29200.0,29200.0,29200.0,0
2025-05-01,28118.51953125,29200.0,29200.0,29200.0,29200.0,0
2025-05-02,28118.51953125,29200.0,29200.0,29200.0,29200.0,0
2025-05-05,29322.22265625,30450.0,30700.0,29250.0,29250.0,12141400
2025-05-06,29322.22265625,30450.0,30700.0,29250.0,29250.0,12141400
2025-05-07,29322.22265625,30450.0,30850.0,30250.0,30500.0,9911800
2025-05-08,29851.8515625,31000.0,31200.0,30050.0,30050.0,10147200
2025-05-09,29948.1484375,31100.0,31700.0,30750.0,31000.0,17658400
2025-05-12,29996.296875,31150.0,31400.0,30900.0,31100.0,11486600
2025-05-13,29996.296875,31150.0,31400.0,30900.0,31100.0,11486600
2025-05-14,29851.8515625,31000.0,31250.0,30450.0,30900.0,13613400
2025-05-15,29081.482421875,30200.0,31000.0,30200.0,30850.0,13111200
2025-05-16,27925.92578125,29000.0,30150.0,28550.0,30100.0,35927400
2025-05-19,28311.111328125,29400.0,30300.0,29050.0,29050.0,10539200
2025-05-20,28311.111328125,29400.0,30300.0,29050.0,29050.0,10539200
2025-05-21,30285.185546875,31450.0,31450.0,29800.0,29800.0,43823800
2025-05-22,32403.705078125,33650.0,33650.0,32650.0,33650.0,29946600
2025-05-23,32788.890625,34050.0,35500.0,33400.0,33450.0,20468800
2025-05-26,35388.890625,36750.0,36750.0,32850.0,34500.0,23780600
2025-05-27,35388.890625,36750.0,36750.0,32850.0,34500.0,23780600
2025-05-28,35774.07421875,37150.0,37350.0,35600.0,37300.0,15443200
2025-05-29,36448.1484375,37850.0,38050.0,36400.0,37000.0,17801200
2025-05-30,37025.92578125,38450.0,38450.0,37050.0,37850.0,15895800
2025-06-02,37074.07421875,38500.0,38950.0,37250.0,38800.0,9646800
2025-06-03,37074.07421875,38500.0,38950.0,37250.0,38800.0,9646800
2025-06-04,37362.96484375,38800.0,38800.0,38050.0,38250.0,9544600
2025-06-05,37122.22265625,38550.0,38800.0,38050.0,38800.0,13062600
2025-06-06,36977.77734375,38400.0,38500.0,37800.0,38050.0,10599000
2025-06-09,34040.7421875,35350.0,37950.0,35350.0,37700.0,11779600
2025-06-10,34040.7421875,35350.0,37950.0,35350.0,37700.0,11779600
2025-06-11,34955.5546875,36300.0,36450.0,34250.0,34250.0,18919000
2025-06-12,34714.81640625,36050.0,36300.0,35450.0,36000.0,5383200
2025-06-13,33703.703125,35000.0,36200.0,34300.0,36050.0,9935000
2025-06-16,32451.853515625,33700.0,34100.0,33200.0,33250.0,9746600
2025-06-17,32451.853515625,33700.0,34100.0,33200.0,33250.0,9746600
2025-06-18,33511.11328125,34800.0,35550.0,33500.0,33950.0,8107000
2025-06-19,34377.77734375,35700.0,35700.0,34600.0,35000.0,7714800
2025-06-20,34522.22265625,35850.0,36750.0,35500.0,36000.0,10769400
2025-06-23,35629.62890625,37000.0,37250.0,34550.0,35050.0,10737800
2025-06-24,35629.62890625,37000.0,37250.0,34550.0,35050.0,10737800
2025-06-25,37218.51953125,38650.0,38650.0,37050.0,37750.0,15668600
2025-06-26,37507.41015625,38950.0,39450.0,38150.0,38450.0,9649400
2025-06-27,36592.59375,38000.0,38900.0,37850.0,38650.0,9356400
2025-06-30,36929.62890625,38350.0,38500.0,38000.0,38500.0,7527400
2025-07-01,36929.62890625,38350.0,38500.0,38000.0,38500.0,7527400
2025-07-02,36737.0390625,38150.0,38350.0,37400.0,38200.0,7715800
2025-07-03,36592.59375,38000.0,38050.0,37350.0,37650.0,8756600
2025-07-04,36737.0390625,38150.0,38400.0,37600.0,37600.0,6436600
2025-07-07,37025.92578125,38450.0,38450.0,37650.0,37850.0,7012600
2025-07-08,37025.92578125,38450.0,38450.0,37650.0,37850.0,7012600
2025-07-09,38133.3359375,39600.0,39750.0,38400.0,38450.0,8582800
2025-07-10,39385.1875,40900.0,41000.0,39650.0,39650.0,8206600
2025-07-11,41407.41015625,43000.0,43250.0,40850.0,41000.0,14203800
2025-07-14,42755.5546875,44400.0,45500.0,43050.0,44900.0,11523600
2025-07-15,42755.5546875,44400.0,45500.0,43050.0,44900.0,11523600
2025-07-16,42081.484375,43700.0,44400.0,43500.0,44400.0,8314400
2025-07-17,42370.37109375,44000.0,44750.0,43350.0,43650.0,8377000
2025-07-18,45307.41015625,47050.0,47050.0,44150.0,44150.0,17662800
2025-07-21,44296.296875,46000.0,48200.0,45550.0,48050.0,11317400
2025-07-22,44296.296875,46000.0,48200.0,45550.0,48050.0,11317400
2025-07-23,45981.484375,47750.0,47800.0,45000.0,45600.0,8207400
2025-07-24,44392.59375,46100.0,47850.0,46100.0,47850.0,8637000
2025-07-25,44296.296875,46000.0,46250.0,43950.0,46150.0,16054000
2025-07-28,46029.62890625,47800.0,48000.0,46000.0,46850.0,14439600
2025-07-29,46029.62890625,47800.0,48000.0,46000.0,46850.0,14439600
2025-07-30,44344.4453125,46050.0,47350.0,46050.0,47250.0,7985000
2025-07-31,44055.5546875,45750.0,46250.0,44500.0,46050.0,10396000
2025-08-01,43333.3359375,45000.0,45750.0,44100.0,44850.0,15623000
2025-08-04,44392.59375,46100.0,46900.0,44250.0,44900.0,9409800
2025-08-05,44392.59375,46100.0,46900.0,44250.0,44900.0,9409800
2025-08-06,46222.22265625,48000.0,49250.0,46000.0,46500.0,20231800
2025-08-07,46944.4453125,48750.0,48800.0,46600.0,48000.0,11009200
2025-08-08,45740.7421875,47500.0,48850.0,47200.0,48800.0,10073000
2025-08-11,45018.51953125,46750.0,47500.0,46550.0,47400.0,8960400
2025-08-12,45018.51953125,46750.0,47500.0,46550.0,47400.0,8960400
2025-08-13,44777.77734375,46500.0,46700.0,45950.0,46550.0,10308200
2025-08-14,44777.77734375,46500.0,46550.0,45500.0,46500.0,10749200
2025-08-15,45211.11328125,46950.0,47750.0,46150.0,46550.0,11083400
2025-08-18,45211.11328125,46950.0,47050.0,46000.0,47050.0,9002600
2025-08-19,45211.11328125,46950.0,47050.0,46000.0,47050.0,9002600
2025-08-20,45211.11328125,46950.0,47250.0,46100.0,46800.0,8317000
2025-08-21,47666.66796875,49500.0,49500.0,46350.0,47000.0,18181200
2025-08-22,48051.8515625,49900.0,49950.0,48500.0,48500.0,9757200
2025-08-25,47377.77734375,49200.0,50950.0,48250.0,49000.0,10127800
2025-08-26,47377.77734375,49200.0,50950.0,48250.0,49000.0,10127800
2025-08-27,50651.8515625,52600.0,52600.0,48500.0,49200.0,12826000
2025-08-28,50362.96484375,52300.0,53450.0,51050.0,52650.0,6047400
2025-08-29,50362.96484375,52300.0,53000.0,50900.0,52300.0,6585600
2025-09-01,50362.96484375,52300.0,52300.0,52300.0,52300.0,0
2025-09-02,50362.96484375,52300.0,52300.0,52300.0,52300.0,0
2025-09-03,49448.1484375,51350.0,51850.0,50500.0,51550.0,6430400
2025-09-04,49448.1484375,51350.0,51850.0,50500.0,51550.0,6430400
2025-09-05,49255.55859375,51150.0,51250.0,49600.0,51000.0,11008200
2025-09-08,48148.1484375,50000.0,50500.0,49400.0,49500.0,6454000
2025-09-09,48148.1484375,50000.0,50500.0,49400.0,49500.0,6454000
2025-09-10,48822.22265625,50700.0,50700.0,49400.0,50000.0,5703000
2025-09-11,49014.81640625,50900.0,51200.0,49850.0,50750.0,7795800
2025-09-12,50988.890625,52950.0,53000.0,50050.0,50450.0,8092000
2025-09-15,50314.81640625,52250.0,52350.0,51250.0,52000.0,5885200
2025-09-16,50314.81640625,52250.0,52350.0,51250.0,52000.0,5885200
2025-09-17,49448.1484375,51350.0,52350.0,51350.0,52350.0,4016400
2025-09-18,49544.4453125,51450.0,52200.0,50600.0,51000.0,6844000
2025-09-19,49833.3359375,51750.0,54100.0,51250.0,52050.0,11439800
2025-09-22,47907.41015625,49750.0,51600.0,47300.0,50900.0,21592200
2025-09-23,47907.41015625,49750.0,51600.0,47300.0,50900.0,21592200
2025-09-24,47522.22265625,49350.0,49550.0,48250.0,49100.0,6465000
2025-09-25,47185.1875,49000.0,49200.0,47650.0,48900.0,9445000
2025-09-26,47907.41015625,49750.0,49950.0,48050.0,48500.0,9430800
2025-09-29,49062.96484375,50950.0,52650.0,48800.0,49450.0,12929400
2025-09-30,49062.96484375,50950.0,52650.0,48800.0,49450.0,12929400
2025-10-01,49592.59375,51500.0,52900.0,51050.0,51250.0,9757000
2025-10-02,48725.92578125,50600.0,52250.0,50400.0,51500.0,7007000
2025-10-03,47474.07421875,49300.0,51000.0,49300.0,50600.0,11642200
2025-10-06,49448.1484375,51350.0,51950.0,50250.0,51950.0,11945600
2025-10-07,49448.1484375,51350.0,51950.0,50250.0,51950.0,11945600
2025-10-08,49640.7421875,51550.0,52300.0,51100.0,51500.0,12857200
2025-10-09,51759.26171875,53750.0,53750.0,50600.0,51750.0,17978600
2025-10-10,55370.37109375,57500.0,57500.0,54050.0,54150.0,25784400
2025-10-13,59800.0,62100.0,63000.0,61050.0,61500.0,24624400
2025-10-14,59800.0,62100.0,63000.0,61050.0,61500.0,24624400
2025-10-15,61148.1484375,63500.0,65750.0,62250.0,62250.0,27320400
2025-10-16,59703.703125,62000.0,63800.0,61300.0,63750.0,14118600
2025-10-17,58740.7421875,61000.0,61900.0,60200.0,61900.0,18951800
2025-10-20,52000.0,54000.0,57500.0,54000.0,57000.0,23269600
2025-10-21,52000.0,54000.0,57500.0,54000.0,57000.0,23269600
2025-10-22,53396.296875,55450.0,57500.0,53450.0,54500.0,16476600
2025-10-23,54407.41015625,56500.0,56500.0,52000.0,56000.0,15403200
2025-10-24,55370.37109375,57500.0,58550.0,55600.0,56500.0,12767800
2025-10-27,51277.77734375,53250.0,58000.0,53250.0,57500.0,14328600
2025-10-28,51277.77734375,53250.0,58000.0,53250.0,57500.0,14328600
2025-10-29,51518.51953125,53500.0,53500.0,49550.0,52100.0,27122400
2025-10-30,49977.77734375,51900.0,53550.0,51350.0,53550.0,7363400
2025-10-31,50074.07421875,52000.0,52500.0,50400.0,51900.0,7382600
2025-11-03,47425.92578125,49250.0,50700.0,48900.0,49800.0,10166200
2025-11-04,48244.4453125,50100.0,51000.0,49200.0,49200.0,9128200
2025-11-05,48244.4453125,50100.0,51000.0,49200.0,49200.0,9128200
2025-11-06,47618.51953125,49450.0,50750.0,48800.0,49800.0,9180600
2025-11-07,44296.296875,46000.0,49000.0,46000.0,48750.0,19582400
2025-11-10,41840.7421875,43450.0,46000.0,43450.0,45100.0,12698400
2025-11-11,43333.3359375,45000.0,45700.0,43450.0,43450.0,16931200
2025-11-12,45259.26171875,47000.0,47500.0,45050.0,45050.0,9441000
2025-11-13,44922.22265625,46650.0,47450.0,45800.0,47250.0,8584000
2025-11-14,45211.11328125,46950.0,46950.0,45250.0,46500.0,6560800
2025-11-17,45740.7421875,47500.0,48150.0,47000.0,47000.0,8192000
2025-11-18,46703.703125,48500.0,48500.0,47000.0,47850.0,7332000
2025-11-19,46655.5546875,48450.0,48450.0,47650.0,48450.0,7482400
2025-11-20,47088.890625,48900.0,49200.0,48000.0,48350.0,6700600
2025-11-21,47811.11328125,49650.0,49650.0,48050.0,48050.0,7894800
2025-11-24,49448.1484375,51350.0,52000.0,49350.0,49650.0,12124600
2025-11-25,49400.0,51300.0,52000.0,50600.0,51700.0,8915600
2025-11-26,49159.26171875,51050.0,51450.0,50050.0,51400.0,8750400
2025-11-27,49351.8515625,51250.0,51800.0,50650.0,51250.0,6280400
2025-11-28,49544.4453125,51450.0,51650.0,50650.0,51000.0,6869400
2025-12-01,50892.59375,52850.0,53650.0,51500.0,52000.0,11759200
2025-12-02,51422.22265625,53400.0,53400.0,51800.0,52950.0,9067400
2025-12-03,51422.22265625,53400.0,53500.0,52400.0,53450.0,8954400
2025-12-04,50651.8515625,52600.0,53100.0,52100.0,53100.0,9169600
2025-12-05,51518.51953125,53500.0,54250.0,52400.0,52500.0,10287000
2025-12-08,52962.96484375,55000.0,55000.0,53000.0,53500.0,9206000
2025-12-09,51759.26171875,53750.0,55700.0,52350.0,55400.0,15199200
2025-12-10,49833.3359375,51750.0,53500.0,50100.0,53500.0,15816800
2025-12-11,48677.77734375,50550.0,51650.0,50550.0,50900.0,6234400
2025-12-12,45307.41015625,47050.0,50500.0,47050.0,50500.0,13277400
2025-12-15,44537.0390625,46250.0,48000.0,45550.0,47400.0,10826400
2025-12-16,45740.7421875,47500.0,47850.0,45250.0,45650.0,11345400
2025-12-17,45692.59375,47450.0,47650.0,46350.0,47450.0,6613000
2025-12-18,45692.59375,47450.0,47650.0,46350.0,47450.0,6613000
2025-12-19,48870.37109375,50750.0,50750.0,47550.0,47650.0,10697400
2025-12-22,51711.11328125,53700.0,53700.0,51100.0,52000.0,9558200
2025-12-23,55322.22265625,57450.0,57450.0,53800.0,54250.0,15563400
2025-12-24,59125.92578125,61400.0,61450.0,57250.0,58650.0,19899200
2025-12-25,59125.92578125,61400.0,61450.0,57250.0,58650.0,19899200
2025-12-26,52962.96484375,55000.0,55500.0,53150.0,53150.0,33102400
2025-12-29,56670.37109375,58850.0,58850.0,55500.0,55950.0,14648600
2025-12-30,56574.07421875,58750.0,60300.0,56500.0,60000.0,13338000
2025-12-31,59703.703125,62000.0,62850.0,57900.0,58750.0,13661000
2026-01-01,59703.703125,62000.0,62000.0,62000.0,62000.0,0
2026-01-02,59703.703125,62000.0,62000.0,62000.0,62000.0,0
2026-01-05,63844.4453125,66300.0,66300.0,62600.0,63400.0,20272400
2026-01-06,68274.078125,70900.0,70900.0,68250.0,69250.0,16919800
2026-01-07,71981.484375,74750.0,75450.0,70500.0,75000.0,19023000
2026-01-08,66974.078125,69550.0,75450.0,69550.0,75150.0,30468800
2026-01-09,67407.40625,70000.0,71400.0,66300.0,69300.0,19578600
2026-01-12,62688.890625,65100.0,69500.0,65100.0,69500.0,18287200
2026-01-13,64518.51953125,67000.0,67450.0,62850.0,62850.0,18297000
2026-01-14,60811.11328125,63150.0,67450.0,62350.0,67450.0,22770600
2026-01-15,57777.77734375,60000.0,62000.0,58750.0,62000.0,38511400
2026-01-16,59751.8515625,62050.0,63400.0,60550.0,60550.0,11548800
2026-01-19,60185.1875,62500.0,63450.0,60250.0,63450.0,10569400
2026-01-20,59222.22265625,61500.0,62250.0,59850.0,62050.0,14012800
2026-01-21,59174.07421875,61450.0,63000.0,60150.0,60500.0,18643200
2026-01-22,58018.51953125,60250.0,61450.0,59250.0,60050.0,15942200
2026-01-23,58981.484375,61250.0,63750.0,60550.0,61050.0,14545200
2026-01-26,57248.1484375,59450.0,62050.0,58050.0,62000.0,8318000
2026-01-27,53251.8515625,55300.0,59000.0,55300.0,58750.0,20324000
2026-01-28,50218.51953125,52150.0,54500.0,51450.0,54050.0,31017400
2026-01-29,51518.51953125,53500.0,53700.0,52050.0,52250.0,12737600
2026-01-30,51037.0390625,53000.0,53700.0,52000.0,53500.0,9428400
2026-02-02,47474.07421875,49300.0,53650.0,49300.0,53550.0,18289000
2026-02-03,46848.1484375,48650.0,51000.0,47750.0,48050.0,18697600
2026-02-04,43959.26171875,45650.0,49000.0,45400.0,48750.0,27165600
2026-02-05,46992.59375,48800.0,48800.0,45600.0,45600.0,18858400
2026-02-06,46944.4453125,48750.0,50900.0,47550.0,48800.0,16984400
2026-02-09,45740.7421875,47500.0,48950.0,46550.0,48950.0,8926400
2026-02-10,48774.07421875,50650.0,50800.0,47000.0,47300.0,17313600
2026-02-11,49592.59375,51500.0,52250.0,51200.0,51250.0,12406400
2026-02-12,52481.484375,54500.0,54650.0,51050.0,51800.0,13169800
2026-02-13,52481.484375,54500.0,54900.0,52650.0,54850.0,12489400
2026-02-16,52481.484375,54500.0,54500.0,54500.0,54500.0,0
2026-02-17,52481.484375,54500.0,54500.0,54500.0,54500.0,0
2026-02-18,52481.484375,54500.0,54500.0,54500.0,54500.0,0
2026-02-19,52481.484375,54500.0,54500.0,54500.0,54500.0,0
2026-02-20,52481.484375,54500.0,54500.0,54500.0,54500.0,0
2026-02-23,53300.0,55350.0,55700.0,54000.0,54550.0,7358800
2026-02-24,53444.4453125,55500.0,55500.0,53550.0,55250.0,9447600
2026-02-25,51518.51953125,53500.0,55300.0,53200.0,55300.0,11095600
2026-02-26,51807.41015625,53800.0,56450.0,52800.0,53000.0,12315200
2026-02-27,52000.0,54000.0,54750.0,52300.0,54000.0,9830000
2026-03-02,48388.890625,50250.0,52550.0,50250.0,51250.0,13156000
2026-03-03,48388.890625,50250.0,52550.0,50250.0,51250.0,13156000
2026-03-04,45018.51953125,46750.0,47450.0,43500.0,45700.0,25445400
2026-03-05,45740.7421875,47500.0,49500.0,46650.0,47700.0,17957400
2026-03-06,45740.7421875,47500.0,48250.0,46500.0,47500.0,13958400
2026-03-09,42562.96484375,44200.0,45550.0,44200.0,44250.0,34465800
2026-03-10,43237.0390625,44900.0,46450.0,44150.0,45150.0,11331200
2026-03-11,46174.07421875,47950.0,47950.0,44600.0,44600.0,13468600
2026-03-12,46174.07421875,47950.0,47950.0,46750.0,46850.0,8274800
2026-03-13,47185.1875,49000.0,49000.0,46950.0,47250.0,7978200
2026-03-16,48148.1484375,50000.0,51200.0,48450.0,49000.0,9894600
2026-03-17,49111.11328125,51000.0,52200.0,50400.0,50950.0,8718000
2026-03-18,49111.11328125,51000.0,52750.0,50750.0,51100.0,9022600
2026-03-19,49255.55859375,51150.0,51750.0,50250.0,50950.0,9193200
2026-03-20,48148.1484375,50000.0,51000.0,48500.0,51000.0,12284400
2026-03-23,47185.1875,49000.0,49500.0,46500.0,49500.0,13191400
2026-03-24,47666.66796875,49500.0,49800.0,48250.0,49700.0,5399000
2026-03-25,50170.37109375,52100.0,52100.0,49600.0,50450.0,8654800
2026-03-26,48677.77734375,50550.0,52150.0,50550.0,52150.0,5485200
2026-03-27,49592.59375,51500.0,51750.0,50100.0,51000.0,5095000
2026-03-30,49592.59375,51500.0,51800.0,50100.0,50400.0,5164400
2026-03-31,49592.59375,51500.0,51900.0,51000.0,51200.0,2974800
2026-04-01,53059.26171875,55100.0,55100.0,55100.0,55100.0,4063000
2026-04-02,56766.66796875,58950.0,58950.0,58050.0,58950.0,32640600
2026-04-03,57392.59375,59600.0,62500.0,58900.0,60400.0,12046000
2026-04-06,56333.3359375,58500.0,60350.0,58000.0,59000.0,6417800
2026-04-07,55370.37109375,57500.0,59000.0,56750.0,58500.0,6321400
2026-04-08,59222.22265625,61500.0,61500.0,58800.0,58950.0,11068000
2026-04-09,58740.7421875,61000.0,63750.0,60950.0,61750.0,10410400
2026-04-10,58307.41015625,60550.0,62000.0,60300.0,62000.0,5001800
2026-04-13,59174.07421875,61450.0,62100.0,59100.0,59550.0,7358800
2026-04-14,62062.96484375,64450.0,64450.0,61450.0,62550.0,11151000
2026-04-15,65962.9609375,68500.0,68950.0,64650.0,65150.0,13172600
2026-04-16,68900.0,71550.0,73000.0,68500.0,68500.0,16481000
2026-04-17,65337.0390625,67850.0,73250.0,67750.0,72300.0,18709600
2026-04-20,69862.9609375,72550.0,72550.0,65750.0,68300.0,13683600
2026-04-21,70200.0,72900.0,77500.0,72900.0,74500.0,10508600
2026-04-22,72366.671875,75150.0,77400.0,70650.0,71800.0,17306200
2026-04-23,71740.7421875,74500.0,76350.0,73100.0,76000.0,11400200
2026-04-24,67985.1875,70600.0,74300.0,70600.0,74050.0,12095800
2026-04-27,67985.1875,70600.0,70600.0,70600.0,70600.0,0
2026-04-28,72703.703125,75500.0,75500.0,70000.0,70350.0,18696000
2026-04-29,70296.296875,73000.0,77950.0,73000.0,77400.0,13981200
2026-04-30,70296.296875,73000.0,73000.0,73000.0,73000.0,0
2026-05-01,70296.296875,73000.0,73000.0,73000.0,73000.0,0
2026-05-04,68370.375,71000.0,74500.0,70850.0,74250.0,11067600
2026-05-05,72800.0,75600.0,75950.0,70900.0,71000.0,13430600
2026-05-06,72703.703125,75500.0,77500.0,73600.0,76500.0,11190400
2026-05-07,77759.2578125,80750.0,80750.0,75550.0,76300.0,17304200
2026-05-08,78962.9609375,82000.0,82000.0,78300.0,81000.0,14084800
2026-05-11,77518.5234375,80500.0,86650.0,80500.0,83000.0,16751600
2026-05-12,77133.3359375,80100.0,81500.0,78300.0,79500.0,12934200
2026-05-13,73425.9296875,76250.0,81250.0,74500.0,81050.0,22826800
2026-05-14,75592.59375,78500.0,78500.0,74350.0,76450.0,11085000
2026-05-15,76074.078125,79000.0,79400.0,76850.0,78500.0,9672800
2026-05-18,74148.1484375,77000.0,80100.0,76500.0,78800.0,10506400
2026-05-19,75592.59375,78500.0,79800.0,76050.0,77000.0,9476400
2026-05-20,76988.890625,79950.0,81450.0,77250.0,78000.0,13640200
2026-05-21,76940.7421875,79900.0,81550.0,78500.0,80650.0,9008800
2026-05-22,74051.8515625,76900.0,79300.0,75250.0,79300.0,13930000
2026-05-25,76411.109375,79350.0,79950.0,76550.0,77500.0,7386800
2026-05-26,74051.8515625,76900.0,79100.0,76900.0,78950.0,6448000
2026-05-27,70970.375,73700.0,77350.0,73700.0,76900.0,14743200
2026-05-28,75929.6328125,78850.0,78850.0,72600.0,73000.0,17837000
2026-05-29,75111.109375,78000.0,80800.0,77900.0,79900.0,11217200
2026-06-01,73185.1875,76000.0,79000.0,75150.0,78500.0,9277600
2026-06-02,72607.40625,75400.0,77300.0,75400.0,76000.0,8011400
2026-06-03,71451.8515625,74200.0,75500.0,71100.0,75100.0,12620600
2026-06-04,72222.2265625,75000.0,75400.0,73150.0,74700.0,6554600
2026-06-05,73185.1875,76000.0,76800.0,74500.0,74500.0,7425400
2026-06-08,70633.3359375,73350.0,75250.0,72600.0,74500.0,8452600
2026-06-09,70296.296875,73000.0,73850.0,71950.0,73600.0,4443000
2026-06-10,70681.484375,73400.0,73750.0,72150.0,73100.0,3138800
2026-06-11,69574.078125,72250.0,73350.0,72000.0,72800.0,3416800
2026-06-12,66781.484375,69350.0,73600.0,69350.0,73250.0,8684000
2026-06-15,65529.6328125,68050.0,71100.0,64500.0,70000.0,16281800
2026-06-16,65722.2265625,68250.0,68750.0,67100.0,68500.0,5457200
2026-06-17,65000.0,67500.0,68100.0,65250.0,65600.0,14673600
2026-06-18,69525.9296875,72200.0,72200.0,72200.0,72200.0,4781000
2026-06-19,69959.2578125,72650.0,74900.0,72650.0,74750.0,20235200
2026-06-22,74822.2265625,77700.0,77700.0,72700.0,73550.0,10946800
2026-06-23,75111.109375,78000.0,81000.0,77700.0,78950.0,13084200
2026-06-24,76844.4453125,79800.0,80250.0,77000.0,78000.0,10849200
2026-06-25,75351.8515625,78250.0,80050.0,77300.0,80000.0,9158400
2026-06-26,78000.0,81000.0,81950.0,78250.0,78750.0,20896600
2026-06-29,75150.0,75150.0,79050.0,75050.0,79000.0,12014400
2026-06-30,75900.0,75900.0,75900.0,73450.0,75150.0,6225400
2026-07-01,75900.0,75900.0,75900.0,73450.0,75150.0,6225400
2026-07-02,75200.0,75200.0,75750.0,74100.0,74100.0,4449200
2026-07-03,75800.0,75800.0,77700.0,75300.0,75500.0,8102800
2026-07-06,77050.0,77050.0,79350.0,76050.0,79350.0,14312400
2026-07-07,75050.0,75050.0,77000.0,75050.0,77000.0,7757000
2026-07-08,75000.0,75000.0,75950.0,74250.0,75000.0,5596600
2026-07-09,74350.0,74350.0,75500.0,74050.0,74900.0,3808600
2026-07-10,73500.0,73500.0,75150.0,73350.0,74050.0,6313800
2026-07-13,71500.0,71500.0,73500.0,69600.0,73500.0,12151600
2026-07-14,70400.0,70400.0,71450.0,69250.0,71450.0,8772400
2026-07-15,68000.0,68000.0,70400.0,68000.0,70400.0,9080400
2026-07-16,71400.0,71400.0,71400.0,66750.0,66750.0,9342200
2026-07-17,70250.0,70250.0,72400.0,70250.0,71400.0,4293200
2026-07-20,68450.0,68450.0,71000.0,68150.0,69600.0,5985600
2026-07-21,68200.0,68200.0,69150.0,67650.0,68400.0,5339400
2026-07-22,63450.0,63450.0,68200.0,63450.0,68100.0,16470600
2026-07-23,66000.0,66000.0,66750.0,63300.0,63350.0,9146000
2026-07-24,65000.0,65000.0,65950.0,64250.0,64750.0,5766400
2026-07-27,65500.0,65500.0,66950.0,64500.0,65300.0,7415000
2026-07-28,65950.0,65950.0,66150.0,64450.0,65000.0,5348800
2026-07-29,70000.0,70000.0,70550.0,65950.0,66250.0,13141200
2026-07-30,73950.0,73950.0,73950.0,70050.0,71200.0,11767200
