date,Adj Close,Close,High,Low,Open,Volume
2017-11-06,30160.46484375,33102.0390625,33102.0390625,33102.0390625,33102.0390625,980
2017-11-07,30160.46484375,33102.0390625,33102.0390625,33102.0390625,33102.0390625,0
2017-11-08,30160.46484375,33102.0390625,33102.0390625,33102.0390625,33102.0390625,0
2017-11-09,30160.46484375,33102.0390625,33102.0390625,33102.0390625,33102.0390625,0
2017-11-10,32243.05859375,35387.75390625,35387.75390625,35387.75390625,35387.75390625,38011
2017-11-13,34474.4140625,37836.734375,37836.734375,37836.734375,37836.734375,162165
2017-11-14,34957.87890625,38367.34765625,40448.98046875,37836.734375,40448.98046875,18944465
2017-11-15,33098.41796875,36326.53125,38367.34765625,35755.1015625,37836.734375,8024068
2017-11-16,32726.521484375,35918.3671875,36326.53125,34897.9609375,36326.53125,6764437
2017-11-17,33172.79296875,36408.1640625,37142.85546875,35346.9375,35918.3671875,13159415
2017-11-20,35478.52734375,38938.77734375,38938.77734375,36734.6953125,37224.48828125,3891420
2017-11-21,37933.015625,41632.65234375,41632.65234375,40000.0,40734.6953125,9876844
2017-11-22,38379.28515625,42122.44921875,44081.6328125,41142.85546875,42040.81640625,9133195
2017-11-23,38676.80078125,42448.98046875,43102.0390625,41224.48828125,42122.44921875,2837761
2017-11-24,37635.5,41306.12109375,42530.61328125,41224.48828125,42040.81640625,2921404
2017-11-27,38007.39453125,41714.28515625,42448.98046875,40000.0,41306.12109375,4227524
2017-11-28,37040.4765625,40653.0625,42367.34765625,40408.1640625,42367.34765625,3444577
2017-11-29,36742.9609375,40326.53125,40979.59375,39877.55078125,40408.1640625,1954977
2017-11-30,36445.4453125,40000.0,40000.0,39061.22265625,40000.0,3964051
2017-12-01,36817.33984375,40408.1640625,40734.6953125,39591.8359375,40163.265625,1607371
2017-12-04,36817.33984375,40408.1640625,40816.328125,39877.55078125,40734.6953125,1940412
2017-12-05,35701.66015625,39183.671875,40816.328125,39102.0390625,40816.328125,2425536
2017-12-06,35032.2578125,38448.98046875,39591.8359375,38122.44921875,39183.671875,2246833
2017-12-07,34214.09375,37551.01953125,39102.0390625,37551.01953125,38938.77734375,1307503
2017-12-08,34957.87890625,38367.34765625,38897.9609375,36244.8984375,37551.01953125,1909517
2017-12-11,33470.3125,36734.6953125,37959.18359375,36734.6953125,36734.6953125,1155530
2017-12-12,34214.09375,37551.01953125,37632.65234375,35183.671875,36897.9609375,1957819
2017-12-13,34102.51953125,37428.5703125,37632.65234375,37061.22265625,37551.01953125,1081944
2017-12-14,33619.06640625,36897.9609375,37387.75390625,36653.0625,37306.12109375,1745269
2017-12-15,34139.7109375,37469.38671875,37877.55078125,36816.328125,36816.328125,2157519
2017-12-18,34437.23046875,37795.91796875,38285.71484375,37469.38671875,38040.81640625,2957542
2017-12-19,34437.23046875,37795.91796875,38326.53125,37061.22265625,38081.6328125,1590013
2017-12-20,34065.3359375,37387.75390625,37714.28515625,37224.48828125,37306.12109375,1751995
2017-12-21,35850.41796875,39346.9375,39428.5703125,37387.75390625,37551.01953125,3548396
2017-12-22,35552.90234375,39020.40625,39877.55078125,39020.40625,39346.9375,1179540
2017-12-25,34957.87890625,38367.34765625,39183.671875,38367.34765625,39020.40625,1079886
2017-12-26,35701.66015625,39183.671875,39551.01953125,38204.08203125,38530.61328125,1905659
2017-12-27,35292.578125,38734.6953125,39346.9375,38653.0625,39020.40625,1351812
2017-12-28,34883.5,38285.71484375,38938.77734375,38285.71484375,38938.77734375,1151928
2017-12-29,35069.44140625,38489.796875,38979.59375,37714.28515625,38204.08203125,3461556
2018-01-01,35069.44140625,38489.796875,38489.796875,38489.796875,38489.796875,0
2018-01-02,35218.203125,38653.0625,38938.77734375,38448.98046875,38448.98046875,730443
2018-01-03,35255.390625,38693.87890625,39551.01953125,38693.87890625,38775.51171875,2037897
2018-01-04,35106.6328125,38530.61328125,39183.671875,38285.71484375,39061.22265625,1145828
2018-01-05,34957.87890625,38367.34765625,38775.51171875,38326.53125,38530.61328125,2039037
2018-01-08,34511.60546875,37877.55078125,38489.796875,37714.28515625,38367.34765625,2092385
2018-01-09,34957.87890625,38367.34765625,38612.24609375,37877.55078125,37959.18359375,2382723
2018-01-10,37040.4765625,40653.0625,40979.59375,38367.34765625,38367.34765625,3698066
2018-01-11,38602.421875,42367.34765625,42612.24609375,40000.0,40571.4296875,3278271
2018-01-12,40908.15625,44897.9609375,45306.12109375,42530.61328125,42612.24609375,5620189
2018-01-15,40610.640625,44571.4296875,45387.75390625,43836.734375,44897.9609375,3520846
2018-01-16,40089.9921875,44000.0,44816.328125,43918.3671875,44816.328125,2989441
2018-01-17,40089.9921875,44000.0,44000.0,44000.0,44000.0,0
2018-01-18,42767.6171875,46938.77734375,48000.0,44489.796875,44571.4296875,3674203
2018-01-19,45370.859375,49795.91796875,50204.08203125,47755.1015625,47918.3671875,4197291
2018-01-22,45370.859375,49795.91796875,49795.91796875,49795.91796875,49795.91796875,0
2018-01-23,45370.859375,49795.91796875,49795.91796875,49795.91796875,49795.91796875,0
2018-01-24,45370.859375,49795.91796875,49795.91796875,49795.91796875,49795.91796875,0
2018-01-25,41651.9375,45714.28515625,50122.44921875,45714.28515625,48163.265625,8704470
2018-01-26,40908.15625,44897.9609375,47755.1015625,44897.9609375,46530.61328125,5658765
2018-01-29,40908.15625,44897.9609375,47265.3046875,44816.328125,46448.98046875,5378864
2018-01-30,41056.91015625,45061.22265625,45959.18359375,44489.796875,44897.9609375,3614987
2018-01-31,41205.6640625,45224.48828125,47918.3671875,45224.48828125,45632.65234375,7658173
2018-02-01,40908.15625,44897.9609375,45306.12109375,43265.3046875,45306.12109375,4793241
2018-02-02,40982.53125,44979.59375,44979.59375,44408.1640625,44816.328125,1685465
2018-02-05,38156.1484375,41877.55078125,44489.796875,41877.55078125,44081.6328125,3849966
2018-02-06,35515.71484375,38979.59375,41632.65234375,38979.59375,38979.59375,11112269
2018-02-07,37933.015625,41632.65234375,41632.65234375,40081.6328125,41142.85546875,3935716
2018-02-08,36445.4453125,40000.0,42040.81640625,40000.0,40816.328125,1301097
2018-02-09,35515.71484375,38979.59375,38979.59375,37224.48828125,37387.75390625,3939342
2018-02-12,35515.71484375,38979.59375,39551.01953125,37142.85546875,39102.0390625,4711129
2018-02-13,35738.84765625,39224.48828125,39346.9375,38938.77734375,39102.0390625,4049690
2018-02-14,35738.84765625,39224.48828125,39224.48828125,39224.48828125,39224.48828125,0
2018-02-15,35738.84765625,39224.48828125,39224.48828125,39224.48828125,39224.48828125,0
2018-02-16,35738.84765625,39224.48828125,39224.48828125,39224.48828125,39224.48828125,0
2018-02-19,35738.84765625,39224.48828125,39224.48828125,39224.48828125,39224.48828125,0
2018-02-20,35738.84765625,39224.48828125,39224.48828125,39224.48828125,39224.48828125,0
2018-02-21,36817.33984375,40408.1640625,40816.328125,39755.1015625,40816.328125,3586824
2018-02-22,37114.85546875,40734.6953125,40734.6953125,40000.0,40000.0,4380146
2018-02-23,38379.28515625,42122.44921875,42122.44921875,40653.0625,40816.328125,4201835
2018-02-26,40908.15625,44897.9609375,45061.22265625,43020.40625,44081.6328125,6587572
2018-02-27,40833.77734375,44816.328125,46367.34765625,43918.3671875,45061.22265625,3794339
2018-02-28,40015.609375,43918.3671875,45632.65234375,43918.3671875,44081.6328125,6775867
2018-03-01,41205.6640625,45224.48828125,45306.12109375,44081.6328125,44489.796875,3915247
2018-03-02,41056.91015625,45061.22265625,45306.12109375,44408.1640625,44408.1640625,3729279
2018-03-05,38230.53125,41959.18359375,46040.81640625,41959.18359375,45632.65234375,5740999
2018-03-06,40833.77734375,44816.328125,44816.328125,42530.61328125,43183.671875,4715980
2018-03-07,40610.640625,44571.4296875,45795.91796875,44081.6328125,45306.12109375,3488506
2018-03-08,41428.80078125,45469.38671875,45714.28515625,44489.796875,44897.9609375,3168940
2018-03-09,41428.80078125,45469.38671875,46530.61328125,44897.9609375,45877.55078125,4757936
2018-03-12,41503.18359375,45551.01953125,47020.40625,45551.01953125,46938.77734375,7104877
2018-03-13,41503.18359375,45551.01953125,45714.28515625,44816.328125,45714.28515625,6955770
2018-03-14,39792.4765625,43673.46875,45877.55078125,43510.203125,45632.65234375,5714992
2018-03-15,39420.5859375,43265.3046875,44489.796875,42040.81640625,43428.5703125,7675286
2018-03-16,38825.55859375,42612.24609375,44163.265625,42612.24609375,43265.3046875,19160702
2018-03-19,39420.5859375,43265.3046875,43755.1015625,42612.24609375,42612.24609375,2138837
2018-03-20,39271.82421875,43102.0390625,43510.203125,42857.14453125,43265.3046875,1520016
2018-03-21,38304.90625,42040.81640625,43183.671875,41387.75390625,43102.0390625,3887598
2018-03-22,38528.04296875,42285.71484375,42857.14453125,42040.81640625,42040.81640625,1729871
2018-03-23,37114.85546875,40734.6953125,41469.38671875,40163.265625,40979.59375,3088482
2018-03-26,36147.93359375,39673.46875,40816.328125,39591.8359375,40408.1640625,2939412
2018-03-27,37412.36328125,41061.22265625,41551.01953125,40408.1640625,40816.328125,1991139
2018-03-28,37784.2578125,41469.38671875,42040.81640625,41061.22265625,41387.75390625,870852
2018-03-29,37933.015625,41632.65234375,41959.18359375,40489.796875,41959.18359375,1898541
2018-03-30,38081.7734375,41795.91796875,41959.18359375,41061.22265625,41469.38671875,2061197
2018-04-02,37114.85546875,40734.6953125,41959.18359375,40693.87890625,41795.91796875,2458342
2018-04-03,37114.85546875,40734.6953125,41142.85546875,39918.3671875,40816.328125,2545672
2018-04-04,36817.33984375,40408.1640625,41061.22265625,40244.8984375,40816.328125,1387386
2018-04-05,36594.203125,40163.265625,40816.328125,40163.265625,40408.1640625,1317071
2018-04-06,39048.69140625,42857.14453125,42938.77734375,40000.0,40000.0,4585089
2018-04-09,39792.4765625,43673.46875,44326.53125,43346.9375,43673.46875,4804131
2018-04-10,39420.5859375,43265.3046875,44081.6328125,42938.77734375,43673.46875,3495794
2018-04-11,37933.015625,41632.65234375,43265.3046875,41632.65234375,43265.3046875,3020421
2018-04-12,38528.04296875,42285.71484375,42857.14453125,41387.75390625,41632.65234375,2757340
2018-04-13,37784.2578125,41469.38671875,42775.51171875,41469.38671875,42693.87890625,966647
2018-04-16,37709.87890625,41387.75390625,41795.91796875,40734.6953125,40979.59375,815825
2018-04-17,37189.23046875,40816.328125,41632.65234375,40775.51171875,41387.75390625,1511000
2018-04-18,35701.66015625,39183.671875,41224.48828125,39183.671875,40979.59375,2517460
2018-04-19,34809.12109375,38204.08203125,39918.3671875,38204.08203125,39346.9375,3027661
2018-04-20,35701.66015625,39183.671875,39183.671875,37959.18359375,38204.08203125,1757434
2018-04-23,33842.19921875,37142.85546875,39673.46875,36734.6953125,39591.8359375,2034774
2018-04-24,35701.66015625,39183.671875,39428.5703125,36489.796875,36571.4296875,2423197
2018-04-25,35701.66015625,39183.671875,39183.671875,39183.671875,39183.671875,0
2018-04-26,33842.19921875,37142.85546875,39224.48828125,36653.0625,39224.48828125,3135314
2018-04-27,34437.23046875,37795.91796875,38204.08203125,37061.22265625,37714.28515625,1921277
2018-04-30,34437.23046875,37795.91796875,37795.91796875,37795.91796875,37795.91796875,0
2018-05-01,34437.23046875,37795.91796875,37795.91796875,37795.91796875,37795.91796875,0
2018-05-02,34437.23046875,37795.91796875,38367.34765625,36571.4296875,38285.71484375,6545995
2018-05-03,34437.23046875,37795.91796875,38775.51171875,36571.4296875,37795.91796875,9061325
2018-05-04,34771.9296875,38163.265625,38530.61328125,37224.48828125,37959.18359375,2270513
2018-05-07,34809.12109375,38204.08203125,38326.53125,38040.81640625,38326.53125,2180206
2018-05-08,34065.3359375,37387.75390625,38285.71484375,37387.75390625,38204.08203125,1217123
2018-05-09,33544.6875,36816.328125,37551.01953125,36816.328125,37551.01953125,981359
2018-05-10,33544.6875,36816.328125,36897.9609375,36163.265625,36816.328125,1877373
2018-05-11,33990.95703125,37306.12109375,37469.38671875,36326.53125,36326.53125,1051429
2018-05-14,36333.87890625,39877.55078125,39877.55078125,37387.75390625,37632.65234375,2913184
2018-05-15,35627.28125,39102.0390625,40081.6328125,39020.40625,40000.0,2673770
2018-05-16,34214.09375,37551.01953125,39102.0390625,37551.01953125,39102.0390625,1761439
2018-05-17,34214.09375,37551.01953125,38367.34765625,37387.75390625,37551.01953125,2111397
2018-05-18,34734.7421875,38122.44921875,38285.71484375,37142.85546875,38285.71484375,2132124
2018-05-21,33172.79296875,36408.1640625,38367.34765625,36408.1640625,38122.44921875,2653999
2018-05-22,31982.736328125,35102.0390625,36734.6953125,34612.24609375,36163.265625,3498526
2018-05-23,32354.630859375,35510.203125,35510.203125,33877.55078125,35102.0390625,2454936
2018-05-24,32429.0078125,35591.8359375,36326.53125,35428.5703125,35836.734375,2746780
2018-05-25,30420.7890625,33387.75390625,35836.734375,33102.0390625,35755.1015625,3518359
2018-05-28,29974.521484375,32897.9609375,32897.9609375,31102.041015625,32163.265625,5770779
2018-05-29,31982.736328125,35102.0390625,35183.671875,32000.0,32000.0,1979673
2018-05-30,31238.955078125,34285.71484375,35102.0390625,33959.18359375,34938.77734375,1363890
2018-05-31,31982.736328125,35102.0390625,35428.5703125,33714.28515625,33714.28515625,1999151
2018-06-01,33805.0078125,37102.0390625,37102.0390625,35224.48828125,35673.46875,3268410
2018-06-04,33916.57421875,37224.48828125,37387.75390625,36489.796875,37142.85546875,1594484
2018-06-05,33693.4453125,36979.59375,37755.1015625,36816.328125,37224.48828125,943262
2018-06-06,33693.4453125,36979.59375,37387.75390625,36612.24609375,37224.48828125,1056158
2018-06-07,33470.3125,36734.6953125,37959.18359375,36734.6953125,37142.85546875,1932547
2018-06-08,33098.41796875,36326.53125,36897.9609375,36081.6328125,36653.0625,1261174
2018-06-11,33544.6875,36816.328125,37551.01953125,36326.53125,36326.53125,2083075
2018-06-12,33098.41796875,36326.53125,36857.14453125,35918.3671875,36408.1640625,2248475
2018-06-13,33470.3125,36734.6953125,36734.6953125,36081.6328125,36326.53125,862351
2018-06-14,33098.41796875,36326.53125,37061.22265625,36326.53125,37061.22265625,807250
2018-06-15,33470.3125,36734.6953125,36734.6953125,35836.734375,35918.3671875,4836434
2018-06-18,31238.955078125,34285.71484375,36653.0625,34285.71484375,36408.1640625,800917
2018-06-19,29677.005859375,32571.427734375,34285.71484375,32285.71484375,33469.38671875,2806952
2018-06-20,30197.654296875,33142.85546875,33469.38671875,32571.427734375,33469.38671875,1523998
2018-06-21,28635.708984375,31428.572265625,33142.85546875,31428.572265625,33142.85546875,1916843
2018-06-22,29751.3828125,32653.060546875,32653.060546875,31020.408203125,31020.408203125,2485623
2018-06-25,30346.41015625,33306.12109375,34285.71484375,33306.12109375,34285.71484375,889105
2018-06-26,30272.033203125,33224.48828125,33224.48828125,32408.1640625,32653.060546875,1020572
2018-06-27,29528.25,32408.1640625,33224.48828125,32408.1640625,33224.48828125,546117
2018-06-28,28338.193359375,31102.041015625,32244.8984375,31102.041015625,32163.265625,918897
2018-06-29,28858.84375,31673.46875,31877.55078125,30857.142578125,31428.572265625,2428660
2018-07-02,28784.462890625,31591.8359375,31836.734375,30530.611328125,31836.734375,1413833
2018-07-03,28486.953125,31265.306640625,31591.8359375,30285.71484375,31224.490234375,1650699
2018-07-04,28710.0859375,31510.203125,31673.46875,30204.08203125,30938.775390625,1137192
2018-07-05,28003.490234375,30734.693359375,31428.572265625,29632.65234375,31020.408203125,784931
2018-07-06,27148.138671875,29795.91796875,30857.142578125,29428.572265625,29714.28515625,1272517
2018-07-09,27445.65234375,30122.44921875,30979.591796875,29795.91796875,29795.91796875,816511
2018-07-10,26999.380859375,29632.65234375,30571.427734375,29632.65234375,30122.44921875,700945
2018-07-11,26553.111328125,29142.857421875,29551.01953125,28571.427734375,29265.306640625,1227940
2018-07-12,27148.138671875,29795.91796875,30040.81640625,29142.857421875,29142.857421875,1066509
2018-07-13,27148.138671875,29795.91796875,29959.18359375,29673.46875,29795.91796875,753056
2018-07-16,28115.05859375,30857.142578125,31102.041015625,29755.1015625,30204.08203125,1426831
2018-07-17,30048.900390625,32979.59375,32979.59375,30775.509765625,31102.041015625,1852543
2018-07-18,31982.736328125,35102.0390625,35142.85546875,33469.38671875,33469.38671875,3242881
2018-07-19,31982.736328125,35102.0390625,35102.0390625,33632.65234375,35020.40625,2343792
2018-07-20,31238.955078125,34285.71484375,34693.87890625,33632.65234375,34285.71484375,3636804
2018-07-23,31127.388671875,34163.265625,34938.77734375,33469.38671875,33877.55078125,1009191
2018-07-24,31127.388671875,34163.265625,34163.265625,34163.265625,34163.265625,0
2018-07-25,30495.169921875,33469.38671875,34040.81640625,33469.38671875,34000.0,1106677
2018-07-26,29825.763671875,32734.693359375,33469.38671875,32530.611328125,33469.38671875,2225947
2018-07-27,29156.357421875,32000.0,33306.12109375,32000.0,33142.85546875,1046431
2018-07-30,29602.62890625,32489.796875,32734.693359375,32244.8984375,32653.060546875,967468
2018-07-31,30197.654296875,33142.85546875,34122.44921875,32408.1640625,32489.796875,2226388
2018-08-01,30272.033203125,33224.48828125,33469.38671875,33061.22265625,33142.85546875,1052042
2018-08-02,29788.57421875,32693.876953125,33428.5703125,32612.244140625,33428.5703125,903682
2018-08-03,30867.0625,33877.55078125,34612.24609375,32857.14453125,33142.85546875,2906814
2018-08-06,31238.955078125,34285.71484375,35020.40625,33959.18359375,34040.81640625,2276723
2018-08-07,31238.955078125,34285.71484375,34693.87890625,34122.44921875,34204.08203125,1265425
2018-08-08,31350.521484375,34408.1640625,34816.328125,34081.6328125,34285.71484375,1669515
2018-08-09,30495.169921875,33469.38671875,34653.0625,33346.9375,34408.1640625,1695632
2018-08-10,29900.14453125,32816.328125,33632.65234375,32612.244140625,33346.9375,1718025
2018-08-13,29900.14453125,32816.328125,33020.40625,32244.8984375,32653.060546875,1353453
2018-08-14,30048.900390625,32979.59375,33306.12109375,32775.51171875,33061.22265625,1592377
2018-08-15,29602.62890625,32489.796875,33142.85546875,32489.796875,33061.22265625,1060507
2018-08-16,29751.3828125,32653.060546875,32693.876953125,32285.71484375,32285.71484375,1648972
2018-08-17,29639.81640625,32530.611328125,33020.40625,32489.796875,32653.060546875,774383
2018-08-20,29379.4921875,32244.8984375,32653.060546875,32244.8984375,32448.98046875,928586
2018-08-21,29379.4921875,32244.8984375,32408.1640625,32040.81640625,32244.8984375,1265192
2018-08-22,29714.1953125,32612.244140625,32857.14453125,32489.796875,32653.060546875,1082851
2018-08-23,30197.654296875,33142.85546875,33632.65234375,32571.427734375,32653.060546875,1682108
2018-08-24,30272.033203125,33224.48828125,33795.91796875,33142.85546875,33346.9375,1864793
2018-08-27,30123.275390625,33061.22265625,33469.38671875,32979.59375,33428.5703125,1249536
2018-08-28,29788.57421875,32693.876953125,33061.22265625,32653.060546875,32816.328125,1639601
2018-08-29,29453.87109375,32326.53125,32653.060546875,32244.8984375,32653.060546875,2041891
2018-08-30,29714.1953125,32612.244140625,32612.244140625,32244.8984375,32244.8984375,1156314
2018-08-31,29267.923828125,32122.44921875,32571.427734375,32122.44921875,32571.427734375,1881024
2018-09-03,29267.923828125,32122.44921875,32122.44921875,32122.44921875,32122.44921875,0
2018-09-04,28189.4375,30938.775390625,32204.08203125,30938.775390625,32040.81640625,2600736
2018-09-05,27371.2734375,30040.81640625,31020.408203125,30040.81640625,30857.142578125,2291815
2018-09-06,27185.328125,29836.734375,30448.98046875,29836.734375,30204.08203125,1495210
2018-09-07,28003.490234375,30734.693359375,30775.509765625,29836.734375,29836.734375,1967913
2018-09-10,28077.869140625,30816.326171875,30897.958984375,30204.08203125,30775.509765625,1339096
2018-09-11,28486.953125,31265.306640625,31428.572265625,30734.693359375,30857.142578125,1646167
2018-09-12,28189.4375,30938.775390625,31510.203125,30816.326171875,31265.306640625,1318149
2018-09-13,28040.6796875,30775.509765625,31102.041015625,30612.244140625,30938.775390625,741345
2018-09-14,28152.248046875,30897.958984375,31020.408203125,30530.611328125,30775.509765625,955965
2018-09-17,27668.7890625,30367.34765625,30897.958984375,30326.53125,30857.142578125,1029098
2018-09-18,27520.03125,30204.08203125,30285.71484375,30040.81640625,30285.71484375,1434205
2018-09-19,27520.03125,30204.08203125,31020.408203125,29877.55078125,30204.08203125,2523095
2018-09-20,27929.111328125,30653.060546875,30693.876953125,30204.08203125,30204.08203125,1027309
2018-09-21,28152.248046875,30897.958984375,31265.306640625,30775.509765625,30775.509765625,8310008
2018-09-24,29379.4921875,32244.8984375,32244.8984375,31102.041015625,31183.673828125,2656682
2018-09-25,29639.81640625,32530.611328125,32612.244140625,31836.734375,32163.265625,2655101
2018-09-26,30309.22265625,33265.3046875,33673.46875,32244.8984375,32489.796875,4185702
2018-09-27,30495.169921875,33469.38671875,34040.81640625,33265.3046875,33306.12109375,4427358
2018-09-28,31164.578125,34204.08203125,34204.08203125,33183.671875,33469.38671875,5308378
2018-10-01,30309.22265625,33265.3046875,34612.24609375,33265.3046875,33714.28515625,4051516
2018-10-02,30123.275390625,33061.22265625,33632.65234375,33061.22265625,33469.38671875,1967264
2018-10-03,30867.0625,33877.55078125,34204.08203125,33061.22265625,33061.22265625,1526019
2018-10-04,31015.818359375,34040.81640625,34163.265625,33795.91796875,33877.55078125,1115546
2018-10-05,30495.169921875,33469.38671875,34040.81640625,33306.12109375,33795.91796875,2269324
2018-10-08,29230.736328125,32081.6328125,33224.48828125,32081.6328125,33061.22265625,2323641
2018-10-09,29230.736328125,32081.6328125,32571.427734375,32081.6328125,32244.8984375,1328708
2018-10-10,29751.3828125,32653.060546875,32653.060546875,32000.0,32244.8984375,1473307
2018-10-11,27817.544921875,30530.611328125,31836.734375,30448.98046875,31836.734375,3591418
2018-10-12,28301.005859375,31061.224609375,31306.123046875,29877.55078125,30367.34765625,2439318
2018-10-15,27371.2734375,30040.81640625,31102.041015625,30040.81640625,31061.224609375,1593627
2018-10-16,27668.7890625,30367.34765625,30448.98046875,30040.81640625,30367.34765625,1135121
2018-10-17,27966.30078125,30693.876953125,31020.408203125,30612.244140625,31020.408203125,849660
2018-10-18,27631.599609375,30326.53125,30897.958984375,30204.08203125,30693.876953125,1035443
2018-10-19,27557.220703125,30244.8984375,30285.71484375,29877.55078125,30000.0,2236543
2018-10-22,27891.923828125,30612.244140625,31265.306640625,30612.244140625,30693.876953125,2068216
2018-10-23,27520.03125,30204.08203125,30612.244140625,29387.755859375,30367.34765625,1776017
2018-10-24,26925.001953125,29551.01953125,30448.98046875,29551.01953125,29877.55078125,1264445
2018-10-25,26478.732421875,29061.224609375,29551.01953125,27918.3671875,27918.3671875,1910228
2018-10-26,26032.4609375,28571.427734375,29673.46875,28571.427734375,29632.65234375,1792701
2018-10-29,26181.21875,28734.693359375,30571.427734375,28408.1640625,28571.427734375,1286066
2018-10-30,25660.5703125,28163.265625,29183.673828125,28163.265625,28734.693359375,1861899
2018-10-31,27151.857421875,29800.0,29800.0,28800.0,29000.0,3496330
2018-11-01,26650.732421875,29250.0,30050.0,29250.0,29950.0,1140990
2018-11-02,27015.1875,29650.0,30050.0,29300.0,29300.0,1679450
2018-11-05,27971.880859375,30700.0,30900.0,29300.0,29500.0,1589870
2018-11-06,27698.5390625,30400.0,31000.0,30300.0,31000.0,923790
2018-11-07,27698.5390625,30400.0,30600.0,30050.0,30500.0,914420
2018-11-08,28245.220703125,31000.0,31400.0,30600.0,30600.0,1763770
2018-11-09,28108.55078125,30850.0,31200.0,30700.0,31000.0,1613770
2018-11-12,28154.107421875,30900.0,30900.0,30000.0,30600.0,589610
2018-11-13,27516.3125,30200.0,30600.0,30150.0,30300.0,878980
2018-11-14,27379.642578125,30050.0,30500.0,30000.0,30000.0,949010
2018-11-15,27698.5390625,30400.0,30400.0,29950.0,30000.0,748760
2018-11-16,27334.0859375,30000.0,30500.0,29900.0,30350.0,946970
2018-11-19,27470.755859375,30150.0,30400.0,29950.0,30000.0,707980
2018-11-20,27926.32421875,30650.0,30650.0,30050.0,30100.0,1445630
2018-11-21,28791.90234375,31600.0,31650.0,30150.0,30150.0,1678690
2018-11-22,28518.5625,31300.0,31950.0,31300.0,31850.0,763390
2018-11-23,28062.9921875,30800.0,31500.0,30800.0,31450.0,883420
2018-11-26,28199.6640625,30950.0,31200.0,30600.0,30900.0,718840
2018-11-27,28062.9921875,30800.0,31400.0,30800.0,31100.0,1060950
2018-11-28,28245.220703125,31000.0,31000.0,30700.0,30800.0,636790
2018-11-29,28427.447265625,31200.0,31800.0,31100.0,31100.0,1953160
2018-11-30,27971.880859375,30700.0,31600.0,30700.0,31200.0,1809290
2018-12-03,28564.119140625,31350.0,31550.0,30700.0,30700.0,2013330
2018-12-04,29794.15234375,32700.0,33200.0,31700.0,31800.0,3729070
2018-12-05,30021.9375,32950.0,33150.0,32250.0,32450.0,2079660
2018-12-06,30067.4921875,33000.0,33100.0,32500.0,32900.0,1892180
2018-12-07,30067.4921875,33000.0,33200.0,32700.0,32800.0,1466260
2018-12-10,29156.357421875,32000.0,32800.0,31900.0,32800.0,2467410
2018-12-11,29566.3671875,32450.0,32450.0,31900.0,31900.0,1487680
2018-12-12,29566.3671875,32450.0,32450.0,32450.0,32450.0,0
2018-12-13,29794.15234375,32700.0,32950.0,32700.0,32900.0,1262550
2018-12-14,29338.583984375,32200.0,32700.0,32200.0,32700.0,1014790
2018-12-17,29156.357421875,32000.0,32300.0,31800.0,31900.0,1643870
2018-12-18,28791.90234375,31600.0,31900.0,31000.0,31200.0,1241410
2018-12-19,28336.333984375,31100.0,31700.0,31100.0,31500.0,735120
2018-12-20,27425.197265625,30100.0,31200.0,30100.0,30800.0,1171150
2018-12-21,26696.291015625,29300.0,30100.0,29300.0,30100.0,2017450
2018-12-24,27015.1875,29650.0,29700.0,29150.0,29150.0,561130
2018-12-25,27151.857421875,29800.0,29950.0,28900.0,29000.0,1121900
2018-12-26,26605.17578125,29200.0,29900.0,29200.0,29500.0,1015230
2018-12-27,26605.17578125,29200.0,29900.0,29100.0,29900.0,2017410
2018-12-28,26605.17578125,29200.0,29200.0,29200.0,29200.0,0
2018-12-31,26605.17578125,29200.0,29200.0,29200.0,29200.0,0
2019-01-01,26605.17578125,29200.0,29200.0,29200.0,29200.0,0
2019-01-02,26240.720703125,28800.0,29400.0,28400.0,28450.0,2061280
2019-01-03,25238.470703125,27700.0,28950.0,27500.0,28950.0,1247100
2019-01-04,25056.244140625,27500.0,27800.0,26700.0,27500.0,982790
2019-01-07,25420.69921875,27900.0,28500.0,27850.0,28000.0,905730
2019-01-08,25147.357421875,27600.0,27900.0,27500.0,27900.0,687890
2019-01-09,26468.50390625,29050.0,29150.0,27600.0,27600.0,2139870
2019-01-10,26832.9609375,29450.0,29500.0,29000.0,29100.0,1055420
2019-01-11,27242.970703125,29900.0,30000.0,29450.0,29450.0,1834420
2019-01-14,27652.982421875,30350.0,30350.0,29800.0,30000.0,1377450
2019-01-15,28245.220703125,31000.0,31000.0,30200.0,30350.0,1723800
2019-01-16,28655.232421875,31450.0,31450.0,30700.0,31000.0,1559790
2019-01-17,27425.197265625,30100.0,31400.0,30100.0,31400.0,1081730
2019-01-18,26650.732421875,29250.0,30600.0,29250.0,30000.0,664540
2019-01-21,26696.291015625,29300.0,29700.0,29000.0,29350.0,470290
2019-01-22,26377.392578125,28950.0,29500.0,28900.0,29300.0,644870
2019-01-23,26514.0625,29100.0,29200.0,28450.0,28800.0,574730
2019-01-24,26605.17578125,29200.0,29700.0,28750.0,28750.0,806970
2019-01-25,26605.17578125,29200.0,29400.0,29100.0,29150.0,476020
2019-01-28,26650.732421875,29250.0,29400.0,29200.0,29200.0,795190
2019-01-29,26787.40234375,29400.0,29450.0,29100.0,29450.0,1013990
2019-01-30,26696.291015625,29300.0,29450.0,29150.0,29450.0,666640
2019-01-31,26605.17578125,29200.0,29500.0,28950.0,29500.0,1650390
2019-02-01,26422.947265625,29000.0,29300.0,27550.0,29200.0,1869640
2019-02-04,26422.947265625,29000.0,29000.0,29000.0,29000.0,0
2019-02-05,26422.947265625,29000.0,29000.0,29000.0,29000.0,0
2019-02-06,26422.947265625,29000.0,29000.0,29000.0,29000.0,0
2019-02-07,26422.947265625,29000.0,29000.0,29000.0,29000.0,0
2019-02-08,26422.947265625,29000.0,29000.0,29000.0,29000.0,0
2019-02-11,26787.40234375,29400.0,29450.0,29150.0,29400.0,844700
2019-02-12,27060.7421875,29700.0,30500.0,29300.0,29700.0,2751810
2019-02-13,27698.5390625,30400.0,30500.0,29750.0,29800.0,1989390
2019-02-14,28700.7890625,31500.0,31500.0,30450.0,30700.0,2560640
2019-02-15,28199.6640625,30950.0,31500.0,30850.0,31150.0,1853120
2019-02-18,28199.6640625,30950.0,30950.0,30950.0,30950.0,0
2019-02-19,28791.90234375,31600.0,32300.0,31350.0,31650.0,3160210
2019-02-20,28791.90234375,31600.0,31600.0,31600.0,31600.0,0
2019-02-21,30978.62890625,34000.0,34000.0,31950.0,32000.0,3820470
2019-02-22,31889.767578125,35000.0,35950.0,34000.0,34300.0,4170500
2019-02-25,30887.513671875,33900.0,35800.0,33200.0,35600.0,3408000
2019-02-26,31434.1953125,34500.0,34800.0,33300.0,33800.0,2184700
2019-02-27,31434.1953125,34500.0,35200.0,34450.0,34900.0,1418370
2019-02-28,30067.4921875,33000.0,34400.0,33000.0,34050.0,4831010
2019-03-01,30978.62890625,34000.0,34000.0,33200.0,33450.0,1236900
2019-03-04,31297.525390625,34350.0,34700.0,34000.0,34000.0,1639580
2019-03-05,31160.85546875,34200.0,34600.0,33900.0,34000.0,2071350
2019-03-06,31434.1953125,34500.0,34500.0,33800.0,34200.0,1289640
2019-03-07,31889.767578125,35000.0,35450.0,34400.0,34400.0,2793560
2019-03-08,31616.42578125,34700.0,35200.0,34500.0,34550.0,1264280
2019-03-11,32345.33203125,35500.0,35500.0,34250.0,34500.0,2248780
2019-03-12,33438.69921875,36700.0,36800.0,35600.0,35600.0,3752290
2019-03-13,34440.94921875,37800.0,37900.0,36800.0,36850.0,4918140
2019-03-14,34623.171875,38000.0,39950.0,37700.0,37800.0,4400440
2019-03-15,34167.60546875,37500.0,38000.0,37050.0,37900.0,2999450
2019-03-18,34623.171875,38000.0,38500.0,37600.0,38000.0,1512670
2019-03-19,34349.83203125,37700.0,38150.0,37000.0,38000.0,1903060
2019-03-20,32937.57421875,36150.0,37200.0,35700.0,37100.0,4855120
2019-03-21,31434.1953125,34500.0,36650.0,34500.0,36150.0,3612740
2019-03-22,31889.767578125,35000.0,35500.0,34800.0,35300.0,2962930
2019-03-25,30386.390625,33350.0,34300.0,32550.0,34000.0,5659310
2019-03-26,29976.37890625,32900.0,33900.0,31950.0,33900.0,3098380
2019-03-27,30933.0703125,33950.0,34400.0,32700.0,33200.0,2343980
2019-03-28,30796.40234375,33800.0,34250.0,33500.0,33650.0,1706660
2019-03-29,31525.310546875,34600.0,35250.0,33800.0,34050.0,4544300
2019-04-01,32892.015625,36100.0,36150.0,34700.0,34800.0,3530060
2019-04-02,32800.90234375,36000.0,37200.0,35900.0,36400.0,3250020
2019-04-03,32345.33203125,35500.0,35900.0,35150.0,35700.0,2601580
2019-04-04,32345.33203125,35500.0,36150.0,35300.0,35500.0,1858440
2019-04-05,32618.671875,35800.0,36250.0,35650.0,35850.0,1466970
2019-04-08,32618.671875,35800.0,36200.0,35400.0,35800.0,1168690
2019-04-09,31525.310546875,34600.0,36250.0,34400.0,36200.0,3127600
2019-04-10,31889.767578125,35000.0,35200.0,34150.0,34500.0,2632930
2019-04-11,31707.537109375,34800.0,35350.0,34650.0,35300.0,650930
2019-04-12,31844.20703125,34950.0,35050.0,34300.0,34300.0,1032540
2019-04-15,31844.20703125,34950.0,34950.0,34950.0,34950.0,0
2019-04-16,30978.62890625,34000.0,34300.0,33400.0,34000.0,2634720
2019-04-17,30614.17578125,33600.0,34250.0,33500.0,34000.0,1854430
2019-04-18,30887.513671875,33900.0,34350.0,33400.0,33600.0,1830550
2019-04-19,30887.513671875,33900.0,34350.0,33850.0,34150.0,683530
2019-04-22,30841.958984375,33850.0,34000.0,33600.0,33600.0,966920
2019-04-23,31616.42578125,34700.0,35150.0,33800.0,33850.0,2128550
2019-04-24,32254.22265625,35400.0,35400.0,34900.0,35000.0,1576360
2019-04-25,32026.4375,35150.0,35600.0,34900.0,35600.0,1580250
2019-04-26,32800.90234375,36000.0,36000.0,35000.0,35000.0,3071980
2019-04-29,32800.90234375,36000.0,36000.0,36000.0,36000.0,0
2019-04-30,32800.90234375,36000.0,36000.0,36000.0,36000.0,0
2019-05-01,32800.90234375,36000.0,36000.0,36000.0,36000.0,0
2019-05-02,33210.91015625,36450.0,36500.0,35900.0,36500.0,2626910
2019-05-03,32892.015625,36100.0,36900.0,35900.0,36450.0,5455180
2019-05-06,32071.990234375,35200.0,35800.0,35000.0,35100.0,1798750
2019-05-07,31980.876953125,35100.0,35800.0,35000.0,35400.0,1143530
2019-05-08,31980.876953125,35100.0,35250.0,34600.0,34700.0,1476590
2019-05-09,31980.876953125,35100.0,35400.0,34900.0,35200.0,913060
2019-05-10,32208.66015625,35350.0,35700.0,34800.0,35300.0,1571780
2019-05-13,32800.90234375,36000.0,36200.0,35250.0,35250.0,1843190
2019-05-14,32800.90234375,36000.0,36300.0,35700.0,35700.0,1447500
2019-05-15,33347.58203125,36600.0,36900.0,36150.0,36300.0,2555920
2019-05-16,34332.53125,36600.0,37300.0,36600.0,36700.0,4834930
2019-05-17,34767.125,36000.0,36550.0,36000.0,36000.0,3878080
2019-05-20,34911.98828125,36150.0,36500.0,35600.0,36000.0,1340870
2019-05-21,34767.125,36000.0,36300.0,35900.0,36300.0,1863050
2019-05-22,34573.97265625,35800.0,36350.0,35750.0,36200.0,1126920
2019-05-23,34042.80859375,35250.0,35850.0,35200.0,35500.0,1688590
2019-05-24,33801.37109375,35000.0,35700.0,34800.0,35250.0,2774230
2019-05-27,34042.80859375,35250.0,35250.0,34850.0,34850.0,1049230
2019-05-28,33415.0703125,34600.0,35350.0,34500.0,35300.0,1920160
2019-05-29,33608.21875,34800.0,35100.0,34200.0,34400.0,2330360
2019-05-30,33801.37109375,35000.0,35300.0,34500.0,34950.0,1094030
2019-05-31,33608.21875,34800.0,35100.0,34500.0,35000.0,2071330
2019-06-03,32642.466796875,33800.0,34650.0,33800.0,34250.0,1803890
2019-06-04,33125.34375,34300.0,34400.0,33800.0,34000.0,970280
2019-06-05,33173.62890625,34350.0,34650.0,34150.0,34500.0,676220
2019-06-06,33270.20703125,34450.0,34550.0,33900.0,34350.0,896230
2019-06-07,33559.93359375,34750.0,34800.0,34300.0,34600.0,844720
2019-06-10,33849.65625,35050.0,35200.0,34800.0,34800.0,1738860
2019-06-11,33994.51953125,35200.0,35650.0,35050.0,35150.0,1331330
2019-06-12,33753.08203125,34950.0,35300.0,34950.0,35150.0,900490
2019-06-13,33511.64453125,34700.0,34900.0,34600.0,34700.0,598250
2019-06-14,33704.79296875,34900.0,34900.0,34600.0,34600.0,593520
2019-06-17,32835.6171875,34000.0,34900.0,34000.0,34900.0,1079830
2019-06-18,32352.740234375,33500.0,34100.0,33350.0,34000.0,1493030
2019-06-19,32835.6171875,34000.0,34000.0,33700.0,33900.0,655520
2019-06-20,33704.79296875,34900.0,34900.0,34000.0,34000.0,914550
2019-06-21,33125.34375,34300.0,34900.0,34300.0,34900.0,1961640
2019-06-24,33318.4921875,34500.0,35000.0,34400.0,34500.0,861360
2019-06-25,33125.34375,34300.0,34700.0,34250.0,34500.0,863690
2019-06-26,33173.62890625,34350.0,34400.0,34150.0,34200.0,918020
2019-06-27,32594.177734375,33750.0,34350.0,33750.0,34350.0,1111580
2019-06-28,32642.466796875,33800.0,34000.0,33500.0,33750.0,1226980
2019-07-01,33077.0546875,34250.0,34400.0,34100.0,34150.0,872830
2019-07-02,33415.0703125,34600.0,34700.0,34100.0,34100.0,1522440
2019-07-03,33125.34375,34300.0,34400.0,34100.0,34400.0,759170
2019-07-04,33125.34375,34300.0,34300.0,34300.0,34300.0,0
2019-07-05,33125.34375,34300.0,34300.0,34300.0,34300.0,0
2019-07-08,33125.34375,34300.0,34300.0,34300.0,34300.0,0
2019-07-09,33125.34375,34300.0,34300.0,34300.0,34300.0,0
2019-07-10,33125.34375,34300.0,34300.0,34300.0,34300.0,0
2019-07-11,33125.34375,34300.0,34300.0,34300.0,34300.0,0
2019-07-12,33125.34375,34300.0,34300.0,34300.0,34300.0,0
2019-07-15,33125.34375,34300.0,34300.0,34300.0,34300.0,0
2019-07-16,33125.34375,34300.0,34300.0,34300.0,34300.0,0
2019-07-17,35732.87890625,37000.0,37400.0,36750.0,36750.0,1389990
2019-07-18,35346.57421875,36600.0,37050.0,36500.0,36700.0,1658240
2019-07-19,36119.1796875,37400.0,37400.0,36800.0,36800.0,2259580
2019-07-22,35443.15234375,36700.0,37650.0,36600.0,37400.0,1403230
2019-07-23,36022.6015625,37300.0,37400.0,36500.0,36500.0,1387220
2019-07-24,36070.890625,37350.0,37650.0,36950.0,37600.0,1677900
2019-07-25,36070.890625,37350.0,37350.0,37350.0,37350.0,0
2019-07-26,36070.890625,37350.0,37350.0,37350.0,37350.0,0
2019-07-29,36070.890625,37350.0,37350.0,37350.0,37350.0,0
2019-07-30,36070.890625,37350.0,37350.0,37350.0,37350.0,0
2019-07-31,35684.58984375,36950.0,37200.0,35350.0,35700.0,2277030
2019-08-01,35732.87890625,37000.0,37200.0,36800.0,37000.0,940850
2019-08-02,35008.5625,36250.0,36850.0,36250.0,36400.0,826290
2019-08-05,33801.37109375,35000.0,36300.0,35000.0,36250.0,2629870
2019-08-06,33801.37109375,35000.0,35000.0,35000.0,35000.0,0
2019-08-07,33511.64453125,34700.0,35300.0,34400.0,35100.0,1539740
2019-08-08,34284.24609375,35500.0,35800.0,34700.0,34700.0,1611220
2019-08-09,34284.24609375,35500.0,35500.0,35500.0,35500.0,0
2019-08-12,34235.9609375,35450.0,35600.0,35250.0,35400.0,899890
2019-08-13,33704.79296875,34900.0,35450.0,34850.0,35450.0,1698060
2019-08-14,33511.64453125,34700.0,35500.0,34700.0,35300.0,1313810
2019-08-15,34187.671875,35400.0,35400.0,34250.0,34250.0,1272570
2019-08-16,34187.671875,35400.0,35400.0,35400.0,35400.0,0
2019-08-19,34187.671875,35400.0,35400.0,35400.0,35400.0,0
2019-08-20,34187.671875,35400.0,35400.0,35400.0,35400.0,0
2019-08-21,34670.546875,35900.0,36300.0,35500.0,35500.0,2251310
2019-08-22,34525.68359375,35750.0,36250.0,35750.0,36200.0,1195690
2019-08-23,33849.65625,35050.0,35800.0,34900.0,35750.0,2330730
2019-08-26,33704.79296875,34900.0,35050.0,34550.0,34700.0,1280630
2019-08-27,33318.4921875,34500.0,35200.0,34500.0,35000.0,1289980
2019-08-28,33511.64453125,34700.0,34950.0,34550.0,34550.0,783780
2019-08-29,33173.62890625,34350.0,34700.0,34100.0,34700.0,1254640
2019-08-30,33173.62890625,34350.0,34350.0,34350.0,34350.0,0
2019-09-02,33173.62890625,34350.0,34350.0,34350.0,34350.0,0
2019-09-03,33173.62890625,34350.0,34350.0,34350.0,34350.0,0
2019-09-04,32835.6171875,34000.0,34300.0,33850.0,34250.0,1354920
2019-09-05,32932.19140625,34100.0,34450.0,33900.0,34000.0,995180
2019-09-06,32932.19140625,34100.0,34450.0,33950.0,34100.0,1372420
2019-09-09,32835.6171875,34000.0,34300.0,34000.0,34300.0,473980
2019-09-10,32545.890625,33700.0,34150.0,33700.0,34000.0,1524460
2019-09-11,32787.328125,33950.0,33950.0,33550.0,33700.0,965520
2019-09-12,32787.328125,33950.0,34300.0,33900.0,34200.0,917120
2019-09-13,32787.328125,33950.0,34200.0,33750.0,34100.0,1552420
2019-09-16,32835.6171875,34000.0,34300.0,33950.0,34250.0,1692510
2019-09-17,33028.765625,34200.0,34700.0,34000.0,34000.0,3170730
2019-09-18,32787.328125,33950.0,34600.0,33950.0,34200.0,2398990
2019-09-19,32932.19140625,34100.0,34200.0,33950.0,34000.0,1320480
2019-09-20,32787.328125,33950.0,34400.0,33950.0,34200.0,3228690
2019-09-23,32545.890625,33700.0,34200.0,33650.0,34200.0,2513680
2019-09-24,32642.466796875,33800.0,34150.0,33600.0,33800.0,1430510
2019-09-25,32352.740234375,33500.0,34000.0,33500.0,33800.0,1712360
2019-09-26,31628.42578125,32750.0,33650.0,32750.0,33600.0,4767290
2019-09-27,32111.30078125,33250.0,33300.0,32500.0,32800.0,5894250
2019-09-30,31966.439453125,33100.0,33550.0,33050.0,33250.0,2156270
2019-10-01,31580.13671875,32700.0,33150.0,32550.0,33150.0,3408490
2019-10-02,30904.109375,32000.0,32550.0,32000.0,32500.0,3438710
2019-10-03,30904.109375,32000.0,32000.0,31250.0,31500.0,3700140
2019-10-04,30807.53515625,31900.0,32450.0,31850.0,32100.0,3287400
2019-10-07,30421.232421875,31500.0,32200.0,31500.0,32000.0,2033630
2019-10-08,30179.794921875,31250.0,31700.0,31200.0,31700.0,2322130
2019-10-09,30904.109375,32000.0,32000.0,31200.0,31300.0,3326980
2019-10-10,31290.412109375,32400.0,32500.0,32100.0,32100.0,3104270
2019-10-11,31242.123046875,32350.0,32900.0,32350.0,32500.0,5124380
2019-10-14,30614.384765625,31700.0,32350.0,31550.0,32300.0,3171090
2019-10-15,30759.24609375,31850.0,32150.0,31700.0,31700.0,2352870
2019-10-16,30759.24609375,31850.0,32100.0,31800.0,31850.0,1852420
2019-10-17,30759.24609375,31850.0,31900.0,31550.0,31800.0,2083310
2019-10-18,30807.53515625,31900.0,32050.0,31850.0,31850.0,2102750
2019-10-21,30807.53515625,31900.0,32400.0,31900.0,31900.0,2854740
2019-10-22,30807.53515625,31900.0,32150.0,31900.0,32000.0,1498800
2019-10-23,31145.548828125,32250.0,32300.0,31900.0,31900.0,1900330
2019-10-24,31580.13671875,32700.0,32700.0,32300.0,32400.0,2453760
2019-10-25,31435.2734375,32550.0,32800.0,32400.0,32800.0,1701750
2019-10-28,31338.69921875,32450.0,32650.0,32200.0,32600.0,1598210
2019-10-29,31483.5625,32600.0,32800.0,32450.0,32450.0,2276050
2019-10-30,32111.30078125,33250.0,33350.0,32650.0,32700.0,3535150
2019-10-31,32063.013671875,33200.0,33450.0,33000.0,33300.0,3552630
2019-11-01,33849.65625,35050.0,35300.0,33200.0,33200.0,9671220
2019-11-04,33704.79296875,34900.0,35400.0,34600.0,35000.0,3544600
2019-11-05,34380.82421875,35600.0,35800.0,34950.0,35000.0,4236650
2019-11-06,33946.234375,35150.0,35850.0,35150.0,35300.0,3878200
2019-11-07,33994.51953125,35200.0,35750.0,35000.0,35250.0,3738230
2019-11-08,33463.35546875,34650.0,35500.0,34650.0,35500.0,4070760
2019-11-11,33511.64453125,34700.0,35200.0,34600.0,34800.0,2275720
2019-11-12,33511.64453125,34700.0,35000.0,34650.0,34900.0,3146930
2019-11-13,33511.64453125,34700.0,34950.0,34450.0,34700.0,5588650
2019-11-14,33801.37109375,35000.0,35150.0,34750.0,34900.0,6503100
2019-11-15,33994.51953125,35200.0,35450.0,34950.0,35200.0,6260710
2019-11-18,33994.51953125,35200.0,35300.0,34900.0,35300.0,5992350
2019-11-19,34091.09765625,35300.0,35550.0,35150.0,35200.0,6523420
2019-11-20,33946.234375,35150.0,35350.0,34700.0,35300.0,6273980
2019-11-21,33801.37109375,35000.0,35150.0,34800.0,35100.0,4127820
2019-11-22,33608.21875,34800.0,35150.0,33400.0,35150.0,7310170
2019-11-25,32642.466796875,33800.0,34700.0,33500.0,34500.0,3422460
2019-11-26,32932.19140625,34100.0,34450.0,33800.0,33800.0,4996070
2019-11-27,32787.328125,33950.0,34200.0,33900.0,34000.0,3646360
2019-11-28,32352.740234375,33500.0,34000.0,33400.0,33950.0,3992930
2019-11-29,33270.20703125,34450.0,34450.0,33400.0,33600.0,5477090
2019-12-02,32835.6171875,34000.0,34450.0,34000.0,34300.0,3357460
2019-12-06,33415.0703125,34600.0,34650.0,34200.0,34500.0,4736230
2019-12-09,33994.51953125,35200.0,35200.0,34600.0,34700.0,7699110
2019-12-10,33704.79296875,34900.0,35350.0,34800.0,35100.0,4703310
2019-12-11,33801.37109375,35000.0,35100.0,34650.0,34900.0,5032820
2019-12-12,33559.93359375,34750.0,35150.0,34750.0,35000.0,2639590
2019-12-13,32401.02734375,33550.0,35000.0,33550.0,35000.0,2168220
2019-12-16,32739.041015625,33900.0,34400.0,33400.0,33550.0,1612070
2019-12-17,31773.287109375,32900.0,34000.0,32900.0,33900.0,1271430
2019-12-18,30855.822265625,31950.0,33050.0,31800.0,32900.0,3833930
2019-12-19,31290.412109375,32400.0,32600.0,31850.0,31950.0,1770250
2019-12-20,31821.576171875,32950.0,33200.0,32400.0,32700.0,1315280
2019-12-23,31773.287109375,32900.0,33000.0,32600.0,33000.0,1520710
2019-12-24,31773.287109375,32900.0,33000.0,32500.0,32800.0,1443630
2019-12-25,31676.712890625,32800.0,32900.0,32700.0,32700.0,428030
2019-12-26,32159.58984375,33300.0,33400.0,32750.0,32750.0,872120
2019-12-27,32256.1640625,33400.0,33550.0,32900.0,33000.0,957140
2019-12-30,33318.4921875,34500.0,34500.0,33100.0,33600.0,1120550
2019-12-31,32835.6171875,34000.0,34400.0,33950.0,34000.0,413340
2020-01-01,32835.6171875,34000.0,34000.0,34000.0,34000.0,0
2020-01-02,33173.62890625,34350.0,34450.0,33800.0,33800.0,581190
2020-01-03,33415.0703125,34600.0,34650.0,34100.0,34300.0,1272890
2020-01-06,32497.603515625,33650.0,34500.0,33500.0,34500.0,682790
2020-01-07,32787.328125,33950.0,33950.0,33600.0,33650.0,356780
2020-01-08,31580.13671875,32700.0,33500.0,32600.0,33400.0,919210
2020-01-09,32835.6171875,34000.0,34000.0,33300.0,33350.0,1054800
2020-01-10,32787.328125,33950.0,34100.0,33550.0,34000.0,543040
2020-01-13,32594.177734375,33750.0,34000.0,33600.0,34000.0,417280
2020-01-14,32594.177734375,33750.0,34000.0,33750.0,33850.0,562730
2020-01-15,32063.013671875,33200.0,33800.0,33200.0,33800.0,549700
2020-01-16,31676.712890625,32800.0,33700.0,32750.0,33700.0,979630
2020-01-17,31483.5625,32600.0,33150.0,32500.0,33150.0,872560
2020-01-20,30904.109375,32000.0,32450.0,31850.0,32400.0,1070940
2020-01-21,31483.5625,32600.0,32700.0,32000.0,32000.0,908080
2020-01-22,31483.5625,32600.0,32800.0,32300.0,32500.0,932500
2020-01-23,31483.5625,32600.0,32600.0,32600.0,32600.0,0
2020-01-24,31483.5625,32600.0,32600.0,32600.0,32600.0,0
2020-01-27,31483.5625,32600.0,32600.0,32600.0,32600.0,0
2020-01-28,31483.5625,32600.0,32600.0,32600.0,32600.0,0
2020-01-29,31483.5625,32600.0,32600.0,32600.0,32600.0,0
2020-01-30,29890.068359375,30950.0,32100.0,30700.0,32000.0,2002220
2020-01-31,29020.890625,30050.0,31300.0,30050.0,30950.0,2322570
2020-02-03,29165.75390625,30200.0,30300.0,27950.0,28000.0,1977600
2020-02-04,28248.287109375,29250.0,30150.0,28700.0,29700.0,2239180
2020-02-05,27958.5625,28950.0,30200.0,28800.0,30200.0,2036300
2020-02-06,29890.068359375,30950.0,30950.0,28800.0,28800.0,3660600
2020-02-07,30904.109375,32000.0,32250.0,30800.0,31050.0,2423940
2020-02-10,30034.931640625,31100.0,31500.0,31000.0,31500.0,611640
2020-02-11,30324.658203125,31400.0,31650.0,30500.0,31000.0,2573890
2020-02-12,30179.794921875,31250.0,31850.0,31250.0,31850.0,982950
2020-02-13,30372.9453125,31450.0,31450.0,31000.0,31000.0,862410
2020-02-14,30662.671875,31750.0,32200.0,31300.0,31450.0,1388080
2020-02-17,30324.658203125,31400.0,31800.0,31200.0,31800.0,562430
2020-02-18,29503.767578125,30550.0,31500.0,30500.0,31300.0,1019810
2020-02-19,29117.466796875,30150.0,30550.0,29800.0,30500.0,1562980
2020-02-20,29841.78125,30900.0,30900.0,30300.0,30550.0,1626950
2020-02-21,29648.630859375,30700.0,30900.0,30700.0,30700.0,697440
2020-02-24,28344.86328125,29350.0,30400.0,29100.0,29100.0,1391850
2020-02-25,28200.0,29200.0,29450.0,28800.0,29000.0,1014900
2020-02-26,28006.849609375,29000.0,29500.0,28750.0,29000.0,1028780
2020-02-27,28006.849609375,29000.0,29100.0,28750.0,28850.0,1254940
2020-02-28,27523.97265625,28500.0,28800.0,28050.0,28500.0,1824830
2020-03-02,27572.259765625,28550.0,28950.0,28200.0,28500.0,929150
2020-03-03,27475.685546875,28450.0,29050.0,28450.0,29050.0,1767430
2020-03-05,27620.548828125,28600.0,29000.0,28600.0,28650.0,859920
2020-03-06,27523.97265625,28500.0,28700.0,28200.0,28700.0,805500
2020-03-09,25640.75390625,26550.0,27500.0,26550.0,26750.0,2164550
2020-03-10,25495.890625,26400.0,26950.0,25150.0,25300.0,3031510
2020-03-11,25109.58984375,26000.0,26400.0,24600.0,26400.0,4211430
2020-03-12,23371.232421875,24200.0,24950.0,24200.0,24200.0,2976280
2020-03-13,23371.232421875,24200.0,24300.0,22550.0,22550.0,4742820
2020-03-16,22888.35546875,23700.0,24500.0,22550.0,24500.0,1752440
2020-03-17,21343.150390625,22100.0,22700.0,22050.0,22500.0,2066890
2020-03-18,21343.150390625,22100.0,22300.0,21250.0,22000.0,1935850
2020-03-19,21150.0,21900.0,22000.0,20700.0,21000.0,2175340
2020-03-20,19701.369140625,20400.0,21900.0,20400.0,21900.0,2758320
2020-03-23,18349.314453125,19000.0,19450.0,19000.0,19200.0,401880
2020-03-24,17093.8359375,17700.0,18000.0,17700.0,17700.0,6890560
2020-03-25,18252.740234375,18900.0,18900.0,16900.0,18300.0,4747820
2020-03-26,19315.068359375,20000.0,20200.0,18000.0,18500.0,4553180
2020-03-27,19701.369140625,20400.0,20400.0,18600.0,19400.0,5480540
2020-03-30,18349.314453125,19000.0,19250.0,19000.0,19000.0,2275750
2020-03-31,18494.177734375,19150.0,20300.0,18550.0,18700.0,3565970
2020-04-01,18590.75390625,19250.0,19700.0,18100.0,19000.0,930870
2020-04-02,18590.75390625,19250.0,19250.0,19250.0,19250.0,0
2020-04-03,18832.19140625,19500.0,19700.0,18900.0,19400.0,2522290
2020-04-06,20135.958984375,20850.0,20850.0,19850.0,19950.0,4515950
2020-04-07,21536.30078125,22300.0,22300.0,21100.0,21500.0,3715760
2020-04-08,21729.453125,22500.0,22500.0,21300.0,21900.0,3361700
2020-04-09,22888.35546875,23700.0,24050.0,22300.0,22300.0,4761190
2020-04-10,22984.931640625,23800.0,24000.0,23000.0,23700.0,2027970
2020-04-13,24578.42578125,25450.0,25450.0,23700.0,23700.0,2382640
2020-04-14,25302.740234375,26200.0,27200.0,24800.0,25450.0,3054710
2020-04-15,25206.1640625,26100.0,26700.0,25650.0,26300.0,2686900
2020-04-16,25592.466796875,26500.0,26500.0,25350.0,25650.0,2924260
2020-04-17,25592.466796875,26500.0,27200.0,26200.0,26500.0,4348970
2020-04-20,25302.740234375,26200.0,26500.0,25800.0,26500.0,2326300
2020-04-21,23564.384765625,24400.0,25900.0,24400.0,25800.0,2804830
2020-04-22,22743.494140625,23550.0,25000.0,22800.0,22800.0,5280770
2020-04-23,23274.658203125,24100.0,24650.0,23600.0,24400.0,3095130
2020-04-24,23178.08203125,24000.0,24400.0,23500.0,24400.0,1639110
2020-04-27,22695.205078125,23500.0,24200.0,23450.0,24200.0,3418720
2020-04-28,21970.890625,22750.0,23750.0,22300.0,23500.0,3988030
2020-04-29,21970.890625,22750.0,22750.0,22750.0,22750.0,0
2020-04-30,21970.890625,22750.0,22750.0,22750.0,22750.0,0
2020-05-01,21970.890625,22750.0,22750.0,22750.0,22750.0,0
2020-05-04,22646.91796875,23450.0,23750.0,22800.0,22800.0,1757720
2020-05-05,22743.494140625,23550.0,23850.0,23500.0,23500.0,2480820
2020-05-06,24143.8359375,25000.0,25000.0,23550.0,23800.0,5201410
2020-05-07,23950.685546875,24800.0,25200.0,24650.0,25100.0,2518450
2020-05-08,24433.5625,25300.0,25900.0,25000.0,25000.0,4038610
2020-05-11,24578.42578125,25450.0,25650.0,24800.0,25600.0,3515430
2020-05-12,24385.2734375,25250.0,25400.0,24950.0,25000.0,3654270
2020-05-13,23660.958984375,24500.0,25100.0,24500.0,25000.0,4037060
2020-05-14,23226.37109375,24050.0,24350.0,23900.0,24200.0,3952220
2020-05-15,23226.37109375,24050.0,24050.0,24050.0,24050.0,0
2020-05-18,23226.37109375,24050.0,24050.0,24050.0,24050.0,0
2020-05-19,24916.439453125,25800.0,25800.0,24600.0,25000.0,8313560
2020-05-20,24916.439453125,25800.0,25800.0,25800.0,25800.0,0
2020-05-21,25399.314453125,26300.0,27250.0,26000.0,26600.0,5046470
2020-05-22,24916.439453125,25800.0,26100.0,25500.0,26000.0,5938130
2020-05-25,25302.740234375,26200.0,26650.0,25300.0,25700.0,3774990
2020-05-26,25882.19140625,26800.0,26800.0,26250.0,26600.0,3969390
2020-05-27,24626.712890625,25500.0,26650.0,25500.0,26600.0,7074630
2020-05-28,25978.767578125,26900.0,27000.0,25500.0,25550.0,6481940
2020-05-29,26558.21875,27500.0,28200.0,26550.0,26900.0,7822570
2020-06-01,26847.9453125,27800.0,28050.0,27650.0,28000.0,3992550
2020-06-02,26654.794921875,27600.0,28000.0,27300.0,27550.0,2909480
2020-06-03,27137.671875,28100.0,28100.0,27100.0,27400.0,3342330
2020-06-04,27427.3984375,28400.0,28850.0,28300.0,28300.0,2839030
2020-06-05,27427.3984375,28400.0,28400.0,28400.0,28400.0,0
2020-06-08,27427.3984375,28400.0,28400.0,28400.0,28400.0,0
2020-06-09,27427.3984375,28400.0,28400.0,28400.0,28400.0,0
2020-06-10,26992.80859375,27950.0,28000.0,27200.0,27600.0,2119900
2020-06-11,25206.1640625,26100.0,27950.0,26100.0,27900.0,4725660
2020-06-12,25013.013671875,25900.0,25900.0,25000.0,25300.0,2529890
2020-06-15,24143.8359375,25000.0,26400.0,25000.0,26000.0,2056490
2020-06-16,25833.904296875,26750.0,26750.0,25300.0,25500.0,3097330
2020-06-17,26558.21875,27500.0,27850.0,27100.0,27350.0,3148000
2020-06-18,26606.5078125,27550.0,27650.0,26350.0,27500.0,1681240
2020-06-19,26847.9453125,27800.0,27800.0,26700.0,27500.0,3677760
2020-06-22,26654.794921875,27600.0,28000.0,27400.0,27800.0,1559410
2020-06-23,26268.494140625,27200.0,27600.0,27100.0,27600.0,1019600
2020-06-24,25930.48046875,26850.0,27700.0,26850.0,27300.0,1391660
2020-06-25,25592.466796875,26500.0,26800.0,26300.0,26500.0,2133290
2020-06-26,25302.740234375,26200.0,26750.0,26000.0,26600.0,1867820
2020-06-29,24530.13671875,25400.0,26200.0,25000.0,26200.0,2156880
2020-06-30,23950.685546875,24800.0,26150.0,24800.0,25650.0,1700630
2020-07-01,25544.177734375,26450.0,26500.0,24800.0,24800.0,1469010
2020-07-02,25302.740234375,26200.0,26400.0,25850.0,26400.0,951820
2020-07-03,25592.466796875,26500.0,26650.0,26200.0,26200.0,2328550
2020-07-06,26171.91796875,27100.0,27200.0,26450.0,26500.0,3101080
2020-07-07,26509.931640625,27450.0,27800.0,27050.0,27200.0,4346450
2020-07-08,26509.931640625,27450.0,27500.0,27050.0,27300.0,939580
2020-07-09,26606.5078125,27550.0,27750.0,27250.0,27550.0,1903220
2020-07-10,26606.5078125,27550.0,27550.0,27550.0,27550.0,0
2020-07-13,25592.466796875,26500.0,27350.0,26500.0,27050.0,2291640
2020-07-14,25495.890625,26400.0,26700.0,26050.0,26400.0,1938730
2020-07-15,25495.890625,26400.0,26400.0,26400.0,26400.0,0
2020-07-16,26365.068359375,27300.0,27300.0,26750.0,26950.0,1270920
2020-07-17,25930.48046875,26850.0,27200.0,26850.0,27000.0,720820
2020-07-20,25302.740234375,26200.0,26850.0,26200.0,26700.0,1258900
2020-07-21,25399.314453125,26300.0,26550.0,26150.0,26250.0,1725630
2020-07-22,26027.0546875,26950.0,27250.0,26600.0,26600.0,2251420
2020-07-23,27330.822265625,28300.0,28300.0,27000.0,27000.0,7249850
2020-07-24,26992.80859375,27950.0,28150.0,27000.0,27900.0,4730110
2020-07-27,25882.19140625,26800.0,27500.0,26100.0,26100.0,3211440
2020-07-28,26268.494140625,27200.0,27300.0,25900.0,27000.0,4480940
2020-07-29,24675.0,25550.0,26400.0,25300.0,26400.0,2635930
2020-07-30,25061.30078125,25950.0,26150.0,25700.0,25850.0,1069550
2020-07-31,24240.412109375,25100.0,26050.0,25100.0,25300.0,2333650
2020-08-03,24771.576171875,25650.0,25900.0,25150.0,25150.0,1872110
2020-08-04,25399.314453125,26300.0,26350.0,25900.0,26200.0,1602220
2020-08-05,25447.603515625,26350.0,26700.0,25900.0,26050.0,2154970
2020-08-06,25447.603515625,26350.0,26750.0,26100.0,26200.0,2096050
2020-08-07,25495.890625,26400.0,26550.0,26100.0,26400.0,1257020
2020-08-10,25737.328125,26650.0,26950.0,26500.0,26500.0,1680830
2020-08-11,25399.314453125,26300.0,26800.0,26300.0,26700.0,1512750
2020-08-12,25495.890625,26400.0,26550.0,26150.0,26500.0,1764760
2020-08-13,25930.48046875,26850.0,27000.0,26300.0,26400.0,2594130
2020-08-14,25930.48046875,26850.0,27300.0,26650.0,26850.0,3089240
2020-08-17,25592.466796875,26500.0,26800.0,26250.0,26650.0,1724700
2020-08-18,25206.1640625,26100.0,26700.0,26100.0,26400.0,1947050
2020-08-19,25447.603515625,26350.0,26600.0,26200.0,26200.0,1699080
2020-08-20,25447.603515625,26350.0,26800.0,26200.0,26350.0,2174600
2020-08-21,25592.466796875,26500.0,26650.0,26300.0,26450.0,1798160
2020-08-24,25978.767578125,26900.0,27300.0,26650.0,26700.0,5011510
2020-08-25,26027.0546875,26950.0,27200.0,26900.0,27000.0,2680420
2020-08-26,26268.494140625,27200.0,27350.0,26850.0,26950.0,2204070
2020-08-27,26268.494140625,27200.0,27650.0,27100.0,27200.0,2077020
2020-08-28,26268.494140625,27200.0,27400.0,27100.0,27200.0,2457850
2020-08-31,26075.34375,27000.0,27650.0,26700.0,27600.0,4262760
2020-09-01,26316.78125,27250.0,27300.0,26800.0,27000.0,1944470
2020-09-02,26316.78125,27250.0,27250.0,27250.0,27250.0,0
2020-09-03,27137.671875,28100.0,28500.0,27350.0,27600.0,5266810
2020-09-04,27523.97265625,28500.0,28700.0,27700.0,27700.0,6098320
2020-09-07,26751.37109375,27700.0,28600.0,27700.0,28600.0,3909430
2020-09-08,27330.822265625,28300.0,28400.0,27550.0,27700.0,3048220
2020-09-09,27427.3984375,28400.0,28450.0,27900.0,27900.0,2278700
2020-09-10,27427.3984375,28400.0,28750.0,28300.0,28500.0,1690620
2020-09-11,27427.3984375,28400.0,28450.0,28150.0,28400.0,1804860
2020-09-14,27620.548828125,28600.0,28600.0,28350.0,28500.0,2698460
2020-09-15,27910.2734375,28900.0,29100.0,28450.0,28700.0,3075490
2020-09-16,27910.2734375,28900.0,28900.0,28900.0,28900.0,0
2020-09-17,27330.822265625,28300.0,28900.0,28200.0,28700.0,2612410
2020-09-18,27523.97265625,28500.0,28500.0,28200.0,28250.0,4092340
2020-09-21,27958.5625,28950.0,29150.0,28600.0,28850.0,3737470
2020-09-22,27717.123046875,28700.0,28900.0,28600.0,28600.0,1850880
2020-09-23,28103.42578125,29100.0,29150.0,28700.0,28700.0,3321440
2020-09-24,27620.548828125,28600.0,29150.0,28500.0,29100.0,1520670
2020-09-25,27427.3984375,28400.0,28650.0,28100.0,28600.0,1575590
2020-09-28,26847.9453125,27800.0,28450.0,27550.0,28400.0,5930960
2020-09-29,26509.931640625,27450.0,28100.0,27400.0,27900.0,2615690
2020-09-30,26654.794921875,27600.0,27950.0,27250.0,27450.0,1592150
2020-10-01,26751.37109375,27700.0,27900.0,27600.0,27800.0,2154130
2020-10-02,26365.068359375,27300.0,27950.0,26500.0,27800.0,2548820
2020-10-05,26461.64453125,27400.0,27800.0,27350.0,27400.0,2015400
2020-10-06,26558.21875,27500.0,27600.0,27400.0,27400.0,2135800
2020-10-07,26847.9453125,27800.0,27950.0,27500.0,27500.0,3198050
2020-10-08,26703.08203125,27650.0,28000.0,27550.0,28000.0,1434220
2020-10-09,26703.08203125,27650.0,27750.0,26500.0,27650.0,2199660
2020-10-12,26171.91796875,27100.0,28000.0,27100.0,27800.0,3884690
2020-10-13,26268.494140625,27200.0,27400.0,27150.0,27300.0,3015800
2020-10-14,26413.357421875,27350.0,27450.0,27200.0,27200.0,2100870
2020-10-15,26654.794921875,27600.0,27700.0,27350.0,27500.0,4181580
2020-10-16,26558.21875,27500.0,27900.0,27450.0,27800.0,3583650
2020-10-19,26413.357421875,27350.0,27500.0,27200.0,27500.0,1906100
2020-10-20,26509.931640625,27450.0,27600.0,27250.0,27350.0,1879310
2020-10-21,26944.521484375,27900.0,28250.0,27450.0,27450.0,8229920
2020-10-22,27137.671875,28100.0,28100.0,27550.0,27800.0,3669560
2020-10-23,27379.109375,28350.0,28350.0,28100.0,28300.0,12351650
2020-10-26,26799.658203125,27750.0,29000.0,27750.0,29000.0,6877050
2020-10-27,26075.34375,27000.0,27900.0,27000.0,27700.0,3868780
2020-10-28,24626.712890625,25500.0,26950.0,25500.0,26800.0,10448220
2020-10-29,24723.287109375,25600.0,25900.0,25050.0,25500.0,6800730
2020-10-30,24433.5625,25300.0,26000.0,25050.0,26000.0,4960340
2020-11-02,24626.712890625,25500.0,25600.0,25300.0,25450.0,2991300
2020-11-03,24675.0,25550.0,25800.0,25500.0,25700.0,3819800
2020-11-04,25061.30078125,25950.0,26300.0,25650.0,25650.0,6336210
2020-11-05,25206.1640625,26100.0,26500.0,25950.0,26100.0,3486910
2020-11-06,24723.287109375,25600.0,26150.0,25550.0,26100.0,4216020
2020-11-09,25206.1640625,26100.0,26200.0,25600.0,25950.0,3348800
2020-11-10,25785.6171875,26700.0,27050.0,26400.0,26600.0,11450730
2020-11-11,25592.466796875,26500.0,26850.0,26500.0,26700.0,6068410
2020-11-12,26268.494140625,27200.0,27200.0,26500.0,26500.0,4053560
2020-11-13,26268.494140625,27200.0,27300.0,27050.0,27050.0,3342520
2020-11-16,25930.48046875,26850.0,27450.0,26700.0,27400.0,7499050
2020-11-17,26268.494140625,27200.0,27200.0,26850.0,27000.0,3123270
2020-11-18,26558.21875,27500.0,27500.0,27100.0,27200.0,4157080
2020-11-19,26944.521484375,27900.0,27900.0,27400.0,27500.0,5850430
2020-11-20,26703.08203125,27650.0,28050.0,27550.0,27900.0,4545570
2020-11-23,26751.37109375,27700.0,27850.0,27500.0,27650.0,3107690
2020-11-24,26992.80859375,27950.0,28100.0,27700.0,27750.0,5644640
2020-11-25,27282.53515625,28250.0,28650.0,28100.0,28200.0,7359970
2020-11-26,26944.521484375,27900.0,28100.0,27700.0,28000.0,3159210
2020-11-27,26799.658203125,27750.0,28000.0,27550.0,27900.0,5764680
2020-11-30,27234.24609375,28200.0,28400.0,27400.0,27950.0,7187400
2020-12-01,27282.53515625,28250.0,28300.0,27600.0,27800.0,5323260
2020-12-02,27523.97265625,28500.0,28650.0,28100.0,28200.0,8746400
2020-12-03,27427.3984375,28400.0,28700.0,28400.0,28650.0,4665780
2020-12-04,27041.095703125,28000.0,28400.0,28000.0,28400.0,3862410
2020-12-07,27330.822265625,28300.0,28300.0,27850.0,28100.0,3617660
2020-12-08,27234.24609375,28200.0,28500.0,28050.0,28500.0,3897220
2020-12-09,27427.3984375,28400.0,28500.0,28000.0,28250.0,6858420
2020-12-10,27234.24609375,28200.0,28850.0,28150.0,28600.0,8047670
2020-12-11,27620.548828125,28600.0,28600.0,28100.0,28200.0,4662730
2020-12-14,28972.603515625,30000.0,30000.0,29050.0,29100.0,17930230
2020-12-15,29069.177734375,30100.0,30850.0,29800.0,30200.0,13985630
2020-12-16,29455.48046875,30500.0,30500.0,29850.0,30100.0,7472860
2020-12-17,28731.1640625,29750.0,30400.0,29300.0,30050.0,10318500
2020-12-18,29117.466796875,30150.0,30350.0,29650.0,29750.0,11949250
2020-12-21,29358.904296875,30400.0,30650.0,29950.0,30350.0,9988310
2020-12-22,29262.330078125,30300.0,30350.0,30050.0,30300.0,6311760
2020-12-23,29552.0546875,30600.0,31350.0,30100.0,30350.0,11225570
2020-12-24,28924.314453125,29950.0,30800.0,28600.0,30650.0,8896890
2020-12-25,29407.19140625,30450.0,30600.0,29550.0,29900.0,5682560
2020-12-28,29407.19140625,30450.0,30850.0,30050.0,30700.0,8216210
2020-12-29,30566.095703125,31650.0,31800.0,30250.0,30450.0,11628180
2020-12-30,30276.37109375,31350.0,32050.0,31100.0,31700.0,5264090
2020-12-31,30324.658203125,31400.0,31500.0,31200.0,31500.0,4650930
2021-01-01,30324.658203125,31400.0,31400.0,31400.0,31400.0,0
2021-01-04,30566.095703125,31650.0,32450.0,31400.0,31500.0,929970
2021-01-05,32159.58984375,33300.0,33500.0,31500.0,31650.0,1196850
2021-01-06,32063.013671875,33200.0,33900.0,33050.0,33850.0,970670
2021-01-07,32739.041015625,33900.0,33900.0,33000.0,33200.0,894220
2021-01-08,34284.24609375,35500.0,36250.0,34300.0,34300.0,1112240
2021-01-11,35877.73828125,37150.0,37300.0,35400.0,35500.0,882050
2021-01-12,35443.15234375,36700.0,37300.0,36200.0,37300.0,863310
2021-01-13,34960.2734375,36200.0,37150.0,35000.0,36700.0,754050
2021-01-14,35346.57421875,36600.0,37000.0,35300.0,36200.0,759940
2021-01-15,35443.15234375,36700.0,37000.0,36400.0,36700.0,336660
2021-01-18,36070.890625,37350.0,37950.0,36900.0,37000.0,515190
2021-01-19,36022.6015625,37300.0,37300.0,34750.0,37050.0,731680
2021-01-20,35539.7265625,36800.0,37350.0,35000.0,36900.0,687310
2021-01-21,35346.57421875,36600.0,37000.0,35900.0,36800.0,698910
2021-01-22,35636.30078125,36900.0,37750.0,36350.0,36600.0,725680
2021-01-25,36505.48046875,37800.0,38300.0,36600.0,36900.0,655980
2021-01-26,35732.87890625,37000.0,37900.0,35800.0,37800.0,365550
2021-01-27,33270.20703125,34450.0,36500.0,34450.0,36000.0,640190
2021-01-28,30952.3984375,32050.0,32200.0,32050.0,32050.0,318100
2021-01-29,30952.3984375,32050.0,33600.0,29850.0,29850.0,1357920
2021-02-01,28972.603515625,30000.0,32050.0,30000.0,32000.0,749880
2021-02-02,30855.822265625,31950.0,32000.0,28700.0,29800.0,854660
2021-02-03,31966.439453125,33100.0,33850.0,31950.0,32100.0,547280
2021-02-04,31483.5625,32600.0,33800.0,32500.0,33100.0,411030
2021-02-05,31580.13671875,32700.0,33000.0,32450.0,32600.0,374670
2021-02-08,29841.78125,30900.0,32700.0,30450.0,32700.0,1011030
2021-02-09,30469.521484375,31550.0,32000.0,30100.0,31200.0,641730
2021-02-10,30469.521484375,31550.0,31550.0,31550.0,31550.0,0
2021-02-11,30469.521484375,31550.0,31550.0,31550.0,31550.0,0
2021-02-12,30469.521484375,31550.0,31550.0,31550.0,31550.0,0
2021-02-15,30469.521484375,31550.0,31550.0,31550.0,31550.0,0
2021-02-16,30469.521484375,31550.0,31550.0,31550.0,31550.0,0
2021-02-17,32594.177734375,33750.0,33750.0,31650.0,31900.0,509710
2021-02-18,33656.5078125,34850.0,34850.0,33000.0,33900.0,707650
2021-02-19,33318.4921875,34500.0,35100.0,34100.0,34400.0,459920
2021-02-22,32980.48046875,34150.0,34900.0,34000.0,34500.0,403870
2021-02-23,33221.91796875,34400.0,34600.0,34100.0,34200.0,478370
2021-02-24,33221.91796875,34400.0,34400.0,34400.0,34400.0,0
2021-02-25,33221.91796875,34400.0,34400.0,34400.0,34400.0,0
2021-02-26,32063.013671875,33200.0,33600.0,33000.0,33200.0,516830
2021-03-01,33077.0546875,34250.0,34400.0,33400.0,33700.0,538360
2021-03-02,33511.64453125,34700.0,35200.0,34300.0,35000.0,629200
2021-03-03,34284.24609375,35500.0,36000.0,34100.0,34600.0,691630
2021-03-04,33366.78125,34550.0,35900.0,34000.0,35900.0,377460
2021-03-05,33366.78125,34550.0,34950.0,33100.0,34200.0,488680
2021-03-08,33270.20703125,34450.0,35200.0,34200.0,35000.0,450140
2021-03-09,32932.19140625,34100.0,34500.0,33600.0,34100.0,325800
2021-03-10,32980.48046875,34150.0,34500.0,34000.0,34100.0,310900
2021-03-11,33173.62890625,34350.0,34700.0,34250.0,34500.0,268350
2021-03-12,33463.35546875,34650.0,34800.0,34350.0,34350.0,371300
2021-03-15,33270.20703125,34450.0,34650.0,34300.0,34350.0,303470
2021-03-16,33608.21875,34800.0,35150.0,34500.0,34600.0,586050
2021-03-17,33656.5078125,34850.0,35400.0,34800.0,34900.0,555850
2021-03-18,33801.37109375,35000.0,35400.0,34800.0,35300.0,315420
2021-03-19,32835.6171875,34000.0,35450.0,34000.0,34900.0,978650
2021-03-22,33415.0703125,34600.0,35000.0,34500.0,34700.0,409100
2021-03-23,32980.48046875,34150.0,34600.0,34000.0,34600.0,429000
2021-03-24,32256.1640625,33400.0,34000.0,33000.0,33600.0,571740
2021-03-25,31725.0,32850.0,33700.0,32700.0,33400.0,529170
2021-03-26,31097.259765625,32200.0,32750.0,31200.0,32500.0,671820
2021-03-29,31918.150390625,33050.0,33250.0,32200.0,32500.0,446050
2021-03-30,31483.5625,32600.0,33150.0,32500.0,33050.0,526280
2021-03-31,31580.13671875,32700.0,33000.0,32600.0,32600.0,452060
2021-04-01,32690.75390625,33850.0,33900.0,32700.0,32700.0,548660
2021-04-02,32690.75390625,33850.0,34500.0,33750.0,34200.0,419210
2021-04-05,33318.4921875,34500.0,35500.0,34000.0,35500.0,689110
2021-04-06,33801.37109375,35000.0,35450.0,34400.0,34500.0,854800
2021-04-07,34187.671875,35400.0,35500.0,34800.0,35100.0,677960
2021-04-08,34091.09765625,35300.0,35700.0,35100.0,35700.0,597110
2021-04-09,33801.37109375,35000.0,35400.0,35000.0,35200.0,532980
2021-04-12,34091.09765625,35300.0,35400.0,34900.0,35000.0,545210
2021-04-13,34091.09765625,35300.0,36800.0,35300.0,35800.0,1169780
2021-04-14,33801.37109375,35000.0,35250.0,34650.0,35100.0,580330
2021-04-15,32835.6171875,34000.0,35300.0,34000.0,35300.0,601680
2021-04-16,32787.328125,33950.0,34450.0,32800.0,33800.0,677200
2021-04-19,32787.328125,33950.0,34200.0,33000.0,33800.0,412240
2021-04-20,33415.0703125,34600.0,36100.0,34150.0,34200.0,1359580
2021-04-21,33415.0703125,34600.0,34600.0,34600.0,34600.0,0
2021-04-22,31097.259765625,32200.0,35200.0,32200.0,34600.0,797860
2021-04-23,31676.712890625,32800.0,33000.0,32200.0,32500.0,877240
2021-04-26,30083.21875,31150.0,33000.0,31150.0,33000.0,1131830
2021-04-27,29552.0546875,30600.0,31350.0,30550.0,31150.0,682520
2021-04-28,30421.232421875,31500.0,31750.0,30800.0,31000.0,755620
2021-04-29,30904.109375,32000.0,32450.0,31550.0,31900.0,584720
2021-04-30,30904.109375,32000.0,32000.0,32000.0,32000.0,0
2021-05-03,30904.109375,32000.0,32000.0,32000.0,32000.0,0
2021-05-04,30228.08203125,31300.0,31650.0,30500.0,31500.0,719350
2021-05-05,30517.80859375,31600.0,32000.0,31300.0,31300.0,986290
2021-05-06,30131.5078125,31200.0,32350.0,31200.0,31950.0,508470
2021-05-07,29938.357421875,31000.0,31600.0,30800.0,31300.0,567800
2021-05-10,30662.671875,31750.0,31950.0,30400.0,30500.0,865840
2021-05-11,29938.357421875,31000.0,31900.0,31000.0,31900.0,511470
2021-05-12,30131.5078125,31200.0,31500.0,30800.0,31000.0,375280
2021-05-13,29841.78125,30900.0,31300.0,30900.0,31200.0,478260
2021-05-14,29600.34375,30650.0,31200.0,30650.0,31100.0,471660
2021-05-17,29648.630859375,30700.0,31700.0,30700.0,30700.0,559590
2021-05-18,28972.603515625,30000.0,31100.0,30000.0,30800.0,623690
2021-05-19,28344.86328125,29350.0,30400.0,29000.0,30000.0,1202800
2021-05-20,28489.7265625,29500.0,29550.0,28800.0,29500.0,752600
2021-05-21,29310.6171875,30350.0,30500.0,29000.0,29500.0,657960
2021-05-24,29310.6171875,30350.0,30350.0,30350.0,30350.0,0
2021-05-25,30131.5078125,31200.0,31450.0,30600.0,30950.0,714090
2021-05-26,30179.794921875,31250.0,31450.0,30700.0,31000.0,526120
2021-05-27,29696.91796875,30750.0,31250.0,30450.0,31200.0,499520
2021-05-28,29503.767578125,30550.0,30700.0,30000.0,30700.0,645640
2021-05-31,28393.150390625,29400.0,30100.0,29300.0,30000.0,805050
2021-06-01,29648.630859375,30700.0,30900.0,29100.0,29200.0,603260
2021-06-02,29069.177734375,30100.0,30800.0,30000.0,30800.0,444380
2021-06-03,29455.48046875,30500.0,30700.0,29700.0,30100.0,818430
2021-06-04,31097.259765625,32200.0,32500.0,30400.0,30500.0,1424170
2021-06-07,32207.876953125,33350.0,33700.0,32600.0,32600.0,9584700
2021-06-08,32207.876953125,33350.0,33350.0,33350.0,33350.0,0
2021-06-09,30614.384765625,31700.0,32000.0,30900.0,31600.0,7480400
2021-06-10,29745.205078125,30800.0,31900.0,30800.0,31500.0,5139200
2021-06-11,30421.232421875,31500.0,31800.0,31000.0,31100.0,4273200
2021-06-14,30855.822265625,31950.0,32500.0,31500.0,31600.0,6417700
2021-06-15,31725.0,32850.0,32900.0,31950.0,31950.0,5436900
2021-06-16,31676.712890625,32800.0,33400.0,32500.0,32850.0,5055400
2021-06-17,31725.0,32850.0,33150.0,32100.0,32500.0,5670600
2021-06-18,31386.986328125,32500.0,33250.0,32050.0,33250.0,4117900
2021-06-21,30710.958984375,31800.0,32400.0,31700.0,32050.0,4194500
2021-06-22,30421.232421875,31500.0,32300.0,31500.0,32000.0,3411300
2021-06-23,30421.232421875,31500.0,32250.0,31400.0,31450.0,3755900
2021-06-24,30904.109375,32000.0,32000.0,31450.0,31500.0,3112800
2021-06-25,30517.80859375,31600.0,32200.0,31600.0,32100.0,3583400
2021-06-28,30710.958984375,31800.0,31950.0,31500.0,31950.0,2856800
2021-06-29,30614.384765625,31700.0,31950.0,31600.0,31950.0,2417000
2021-06-30,30662.671875,31750.0,32800.0,31750.0,31850.0,6521500
2021-07-01,30710.958984375,31800.0,32200.0,31650.0,32000.0,3093100
2021-07-02,30614.384765625,31700.0,31900.0,31700.0,31850.0,2781500
2021-07-05,30614.384765625,31700.0,31700.0,31700.0,31700.0,0
2021-07-06,30614.384765625,31700.0,31700.0,31700.0,31700.0,0
2021-07-07,30614.384765625,31700.0,31700.0,31700.0,31700.0,0
2021-07-08,30614.384765625,31700.0,31700.0,31700.0,31700.0,0
2021-07-09,27041.095703125,28000.0,29550.0,28000.0,29450.0,5021600
2021-07-12,27041.095703125,28000.0,28000.0,28000.0,28000.0,0
2021-07-13,26896.232421875,27850.0,27850.0,27100.0,27100.0,2816200
2021-07-14,26896.232421875,27850.0,27850.0,27850.0,27850.0,0
2021-07-15,27041.095703125,28000.0,28250.0,27650.0,28100.0,3686300
2021-07-16,27041.095703125,28000.0,28000.0,28000.0,28000.0,0
2021-07-19,25882.19140625,26800.0,27400.0,25850.0,27000.0,5381900
2021-07-20,25785.6171875,26700.0,26900.0,25100.0,26200.0,6793100
2021-07-21,26461.64453125,27400.0,27750.0,26000.0,26600.0,5563500
2021-07-22,27234.24609375,28200.0,28250.0,26750.0,27000.0,4408400
2021-07-23,26075.34375,27000.0,28000.0,27000.0,27800.0,4945800
2021-07-26,25833.904296875,26750.0,27200.0,26400.0,26500.0,3122400
2021-07-27,26703.08203125,27650.0,27950.0,27300.0,27500.0,6060400
2021-07-28,26268.494140625,27200.0,27600.0,27150.0,27600.0,2228600
2021-07-29,26413.357421875,27350.0,27900.0,27100.0,27300.0,4172300
2021-07-30,26703.08203125,27650.0,27700.0,27300.0,27500.0,5044600
2021-08-02,26558.21875,27500.0,27800.0,27300.0,27400.0,321010000
2021-08-03,27330.822265625,28300.0,28450.0,27350.0,27400.0,8860000
2021-08-04,27330.822265625,28300.0,28300.0,28300.0,28300.0,0
2021-08-05,26992.80859375,27950.0,28050.0,27750.0,27900.0,4302900
2021-08-06,26992.80859375,27950.0,28450.0,27750.0,28000.0,6698200
2021-08-09,27620.548828125,28600.0,28750.0,27950.0,28000.0,6773500
2021-08-10,27620.548828125,28600.0,28600.0,28600.0,28600.0,0
2021-08-11,27041.095703125,28000.0,28500.0,28000.0,28400.0,5805700
2021-08-12,27041.095703125,28000.0,28400.0,27900.0,27950.0,5302100
2021-08-13,27041.095703125,28000.0,28250.0,27800.0,28000.0,4774700
2021-08-16,27523.97265625,28500.0,28900.0,28100.0,28100.0,5965500
2021-08-17,27523.97265625,28500.0,28500.0,28500.0,28500.0,0
2021-08-18,26847.9453125,27800.0,28150.0,27800.0,28000.0,4640800
2021-08-19,26992.80859375,27950.0,28100.0,27550.0,27800.0,3943600
2021-08-20,26123.630859375,27050.0,27900.0,26700.0,27900.0,6750800
2021-08-23,25157.876953125,26050.0,26850.0,26050.0,26700.0,5284200
2021-08-24,25254.453125,26150.0,26350.0,25900.0,25950.0,4238300
2021-08-25,25399.314453125,26300.0,26600.0,26050.0,26150.0,2545700
2021-08-26,25544.177734375,26450.0,26850.0,26350.0,26600.0,2511500
2021-08-27,25882.19140625,26800.0,26800.0,26300.0,26450.0,2874100
2021-08-30,26268.494140625,27200.0,27250.0,26700.0,26900.0,2372200
2021-08-31,26365.068359375,27300.0,27300.0,26850.0,27200.0,2447900
2021-09-01,26944.521484375,27900.0,27900.0,27000.0,27100.0,3582100
2021-09-02,26944.521484375,27900.0,27900.0,27900.0,27900.0,0
2021-09-03,26944.521484375,27900.0,27900.0,27900.0,27900.0,0
2021-09-06,27137.671875,28100.0,28200.0,28000.0,28000.0,2869700
2021-09-07,26268.494140625,27200.0,28100.0,27200.0,28000.0,3358200
2021-09-08,26268.494140625,27200.0,27200.0,27200.0,27200.0,0
2021-09-09,26509.931640625,27450.0,27950.0,27050.0,27100.0,3537300
2021-09-10,27041.095703125,28000.0,28350.0,27600.0,27600.0,5818900
2021-09-13,26944.521484375,27900.0,28300.0,27850.0,28100.0,4681800
2021-09-14,27330.822265625,28300.0,28800.0,28200.0,28500.0,6595600
2021-09-15,27572.259765625,28550.0,28650.0,28000.0,28000.0,4857400
2021-09-16,28972.603515625,30000.0,30300.0,28700.0,28800.0,14831000
2021-09-17,28200.0,29200.0,30450.0,29200.0,30200.0,11870000
2021-09-20,28296.576171875,29300.0,30150.0,29200.0,29600.0,6019900
2021-09-21,27427.3984375,28400.0,29150.0,27350.0,28500.0,8415800
2021-09-22,27427.3984375,28400.0,28400.0,28400.0,28400.0,0
2021-09-23,27910.2734375,28900.0,28900.0,28300.0,28600.0,3152500
2021-09-24,27523.97265625,28500.0,28950.0,28500.0,28900.0,302600000
2021-09-27,27282.53515625,28250.0,28750.0,28100.0,28500.0,3657800
2021-09-28,27523.97265625,28500.0,28600.0,27900.0,28200.0,3401100
2021-09-29,27330.822265625,28300.0,28550.0,28000.0,28500.0,2420400
2021-09-30,28103.42578125,29100.0,29100.0,28350.0,28350.0,5663200
2021-10-01,27234.24609375,28200.0,29100.0,28200.0,29100.0,5257400
2021-10-04,27282.53515625,28250.0,28600.0,28050.0,28250.0,350350000
2021-10-05,27475.685546875,28450.0,28600.0,28250.0,28250.0,3380200
2021-10-06,27475.685546875,28450.0,28450.0,28450.0,28450.0,0
2021-10-07,28296.576171875,29300.0,29550.0,29150.0,29400.0,4081600
2021-10-08,28151.712890625,29150.0,29450.0,29150.0,29350.0,3211900
2021-10-11,28151.712890625,29150.0,29150.0,29150.0,29150.0,0
2021-10-12,29745.205078125,30800.0,31000.0,30400.0,30600.0,7706200
2021-10-13,29358.904296875,30400.0,30900.0,30350.0,30800.0,4774400
2021-10-14,29358.904296875,30400.0,30400.0,30400.0,30400.0,0
2021-10-15,29455.48046875,30500.0,30850.0,30400.0,30700.0,2438000
2021-10-18,29455.48046875,30500.0,30500.0,30500.0,30500.0,0
2021-10-19,29262.330078125,30300.0,30800.0,30300.0,30800.0,3672000
2021-10-20,29890.068359375,30950.0,31100.0,30200.0,30300.0,6908600
2021-10-21,29552.0546875,30600.0,31050.0,30600.0,30850.0,5049000
2021-10-22,29600.34375,30650.0,31000.0,30550.0,30600.0,6222800
2021-10-25,29600.34375,30650.0,30650.0,30650.0,30650.0,0
2021-10-26,29552.0546875,30600.0,30600.0,29400.0,30300.0,7925500
2021-10-27,30131.5078125,31200.0,31200.0,30500.0,30600.0,10007500
2021-10-28,29938.357421875,31000.0,31500.0,30800.0,31500.0,7355600
2021-10-29,30131.5078125,31200.0,31200.0,30700.0,31000.0,10513500
2021-11-01,30131.5078125,31200.0,31200.0,31200.0,31200.0,0
2021-11-02,30131.5078125,31200.0,30850.0,30700.0,31200.0,8209600
2021-11-03,30614.384765625,31700.0,32500.0,30800.0,31050.0,13730900
2021-11-04,30469.521484375,31550.0,31950.0,31200.0,31750.0,6827500
2021-11-05,30131.5078125,31200.0,31900.0,31050.0,31900.0,5909000
2021-11-08,29793.494140625,30850.0,31200.0,30750.0,31000.0,8782700
2021-11-09,29358.904296875,30400.0,30850.0,30350.0,30800.0,9569900
2021-11-10,29841.78125,30900.0,31050.0,30400.0,30400.0,7357000
2021-11-11,29262.330078125,30300.0,31000.0,30300.0,30950.0,7440400
2021-11-12,29069.177734375,30100.0,30400.0,30000.0,30400.0,6538800
2021-11-15,29165.75390625,30200.0,30550.0,30100.0,30300.0,7837800
2021-11-16,29020.890625,30050.0,30600.0,30000.0,30300.0,5663300
2021-11-17,29407.19140625,30450.0,30500.0,30050.0,30100.0,6727900
2021-11-18,30034.931640625,31100.0,31200.0,30350.0,30450.0,12995600
2021-11-19,29455.48046875,30500.0,31400.0,30000.0,31100.0,10339200
2021-11-22,28876.02734375,29900.0,30600.0,29900.0,30500.0,5636600
2021-11-23,29117.466796875,30150.0,30500.0,29350.0,29650.0,7276000
2021-11-24,30034.931640625,31100.0,31400.0,30100.0,30200.0,10222300
2021-11-25,29793.494140625,30850.0,31700.0,30800.0,31500.0,11957400
2021-11-26,29358.904296875,30400.0,31400.0,30300.0,30800.0,12697200
2021-11-29,29117.466796875,30150.0,30700.0,29800.0,29800.0,9488000
2021-11-30,28779.453125,29800.0,30400.0,29600.0,30350.0,9891400
2021-12-01,28682.876953125,29700.0,30400.0,29600.0,29850.0,7203300
2021-12-02,28634.58984375,29650.0,29900.0,29650.0,29700.0,3984100
2021-12-03,27137.671875,28100.0,29900.0,28100.0,29700.0,10289600
2021-12-06,27041.095703125,28000.0,28650.0,27900.0,28100.0,8876400
2021-12-07,28924.314453125,29950.0,29950.0,28150.0,28150.0,8994800
2021-12-08,29069.177734375,30100.0,30600.0,29900.0,29950.0,9301000
2021-12-09,29407.19140625,30450.0,30500.0,29700.0,30000.0,9697000
2021-12-10,29310.6171875,30350.0,30550.0,30100.0,30200.0,6830900
2021-12-13,29407.19140625,30450.0,30550.0,30200.0,30400.0,7975300
2021-12-14,29165.75390625,30200.0,30450.0,30100.0,30350.0,5586400
2021-12-15,29358.904296875,30400.0,30400.0,30050.0,30250.0,4180000
2021-12-16,29069.177734375,30100.0,30550.0,30100.0,30500.0,4561100
2021-12-17,29745.205078125,30800.0,31550.0,30100.0,30150.0,14701000
2021-12-20,29986.64453125,31050.0,31400.0,30800.0,30800.0,7941600
2021-12-21,30324.658203125,31400.0,31850.0,30800.0,31050.0,10867100
2021-12-22,30421.232421875,31500.0,31900.0,31000.0,31500.0,8606500
2021-12-23,29938.357421875,31000.0,31800.0,30900.0,31750.0,8710200
2021-12-24,30179.794921875,31250.0,31500.0,30800.0,31000.0,6393100
2021-12-27,30228.08203125,31300.0,31500.0,30900.0,31500.0,4668000
2021-12-28,29745.205078125,30800.0,31350.0,30650.0,31300.0,5740600
2021-12-29,29503.767578125,30550.0,31450.0,30450.0,30800.0,5010000
2021-12-30,29455.48046875,30500.0,31150.0,30400.0,30500.0,4061200
2021-12-31,29069.177734375,30100.0,31050.0,30100.0,30550.0,6177200
2022-01-03,29069.177734375,30100.0,30100.0,30100.0,30100.0,0
2022-01-04,30083.21875,31150.0,31500.0,30300.0,30300.0,8227900
2022-01-05,32159.58984375,33300.0,33300.0,31250.0,31250.0,10789700
2022-01-06,34380.82421875,35600.0,35600.0,34100.0,34500.0,24897800
2022-01-07,33559.93359375,34750.0,37000.0,34750.0,35950.0,16447000
2022-01-10,33801.37109375,35000.0,36500.0,34650.0,34650.0,11058000
2022-01-11,33028.765625,34200.0,35600.0,33950.0,34800.0,13557200
2022-01-12,34767.125,36000.0,36050.0,32200.0,33950.0,17913300
2022-01-13,32642.466796875,33800.0,36250.0,33800.0,36100.0,10549600
2022-01-14,33221.91796875,34400.0,34650.0,33000.0,33000.0,5549300
2022-01-17,30904.109375,32000.0,34700.0,32000.0,34200.0,10933900
2022-01-18,31290.412109375,32400.0,33200.0,31500.0,31600.0,9207200
2022-01-19,32111.30078125,33250.0,33300.0,32500.0,32600.0,4998000
2022-01-20,32449.31640625,33600.0,34300.0,32700.0,32900.0,5387000
2022-01-21,31966.439453125,33100.0,34000.0,33100.0,33650.0,4567900
2022-01-24,29938.357421875,31000.0,33100.0,31000.0,33100.0,6704400
2022-01-25,32014.7265625,33150.0,33150.0,31000.0,31850.0,6177100
2022-01-26,32739.041015625,33900.0,35250.0,33150.0,33600.0,8966300
2022-01-27,33028.765625,34200.0,34950.0,33600.0,33800.0,6133600
2022-01-28,33753.08203125,34950.0,35800.0,34100.0,34100.0,9720700
2022-01-31,33753.08203125,34950.0,34950.0,34950.0,34950.0,0
2022-02-01,33753.08203125,34950.0,34950.0,34950.0,34950.0,0
2022-02-02,33753.08203125,34950.0,34950.0,34950.0,34950.0,0
2022-02-03,33753.08203125,34950.0,34950.0,34950.0,34950.0,0
2022-02-04,33753.08203125,34950.0,34950.0,34950.0,34950.0,0
2022-02-07,34284.24609375,35500.0,36850.0,35100.0,35800.0,12205700
2022-02-08,34284.24609375,35500.0,35950.0,35000.0,35500.0,5480400
2022-02-09,34670.546875,35900.0,35900.0,35400.0,35500.0,5340100
2022-02-10,34767.125,36000.0,36700.0,35300.0,36000.0,11025800
2022-02-11,33415.0703125,34600.0,35950.0,34600.0,35950.0,7741700
2022-02-14,31869.86328125,33000.0,34250.0,33000.0,33600.0,9234200
2022-02-15,31869.86328125,33000.0,33000.0,33000.0,33000.0,0
2022-02-16,33125.34375,34300.0,34450.0,33750.0,34200.0,4748300
2022-02-17,33270.20703125,34450.0,34750.0,34000.0,34300.0,3764700
2022-02-18,32449.31640625,33600.0,34350.0,33500.0,34000.0,6182000
2022-02-21,32932.19140625,34100.0,34200.0,33450.0,33550.0,5509700
2022-02-22,33318.4921875,34500.0,34800.0,33500.0,33900.0,7445200
2022-02-23,33704.79296875,34900.0,35450.0,34600.0,34950.0,6769800
2022-02-24,32835.6171875,34000.0,34900.0,33150.0,34650.0,12182800
2022-02-25,32835.6171875,34000.0,34500.0,34000.0,34400.0,4080500
2022-02-28,32352.740234375,33500.0,34200.0,33500.0,34000.0,5203100
2022-03-01,32352.740234375,33500.0,33900.0,33300.0,33500.0,4021300
2022-03-02,31676.712890625,32800.0,33500.0,32600.0,33400.0,7563900
2022-03-03,31580.13671875,32700.0,33100.0,32500.0,33000.0,6796000
2022-03-04,32594.177734375,33750.0,34000.0,32350.0,32650.0,12248000
2022-03-07,31773.287109375,32900.0,33300.0,32800.0,33300.0,10892800
2022-03-08,31386.986328125,32500.0,33000.0,32500.0,32750.0,4935000
2022-03-09,30517.80859375,31600.0,32600.0,31600.0,32500.0,6560500
2022-03-10,30904.109375,32000.0,32600.0,32000.0,32100.0,14045300
2022-03-11,30759.24609375,31850.0,32500.0,31500.0,31700.0,3607800
2022-03-14,30904.109375,32000.0,32450.0,31000.0,31650.0,5191300
2022-03-15,30662.671875,31750.0,32250.0,31650.0,32000.0,3266700
2022-03-16,30662.671875,31750.0,32150.0,31750.0,32000.0,3471300
2022-03-17,31145.548828125,32250.0,32250.0,31950.0,32000.0,2487300
2022-03-18,31869.86328125,33000.0,33350.0,32150.0,32450.0,6805500
2022-03-21,32063.013671875,33200.0,33300.0,32800.0,33000.0,3556300
2022-03-22,32063.013671875,33200.0,33350.0,32950.0,33000.0,4008800
2022-03-23,31725.0,32850.0,33500.0,32850.0,33100.0,3724800
2022-03-24,31676.712890625,32800.0,33100.0,32750.0,32850.0,3310600
2022-03-25,31580.13671875,32700.0,32950.0,32600.0,32800.0,2087800
2022-03-28,30904.109375,32000.0,32900.0,32000.0,32500.0,3672900
2022-03-29,31435.2734375,32550.0,32750.0,32150.0,32400.0,2705000
2022-03-30,31386.986328125,32500.0,33150.0,32400.0,32550.0,3398500
2022-03-31,32304.453125,33450.0,33750.0,32700.0,32850.0,5659000
2022-04-01,32883.90625,34050.0,34050.0,33050.0,33400.0,6486100
2022-04-04,32883.90625,34050.0,34650.0,34050.0,34600.0,4018900
2022-04-05,32497.603515625,33650.0,34200.0,33500.0,33800.0,3095300
2022-04-06,32449.31640625,33600.0,34150.0,33400.0,33650.0,5411400
2022-04-07,31531.849609375,32650.0,33800.0,32650.0,33650.0,4387100
2022-04-08,31097.259765625,32200.0,33000.0,32200.0,32550.0,3245800
2022-04-11,31097.259765625,32200.0,32200.0,32200.0,32200.0,0
2022-04-12,30034.931640625,31100.0,32450.0,31100.0,32200.0,4993200
2022-04-13,30759.24609375,31850.0,31900.0,31200.0,31250.0,2713700
2022-04-14,30759.24609375,31850.0,32100.0,31750.0,32000.0,2223100
2022-04-15,30421.232421875,31500.0,32400.0,31500.0,31850.0,3170900
2022-04-18,30276.37109375,31350.0,32000.0,31250.0,31450.0,3516800
2022-04-19,29793.494140625,30850.0,31850.0,30850.0,31250.0,3404000
2022-04-20,29600.34375,30650.0,31050.0,30450.0,30850.0,3604800
2022-04-21,29455.48046875,30500.0,30750.0,28550.0,30650.0,5572100
2022-04-22,29841.78125,30900.0,31200.0,30500.0,30750.0,3238200
2022-04-25,28055.13671875,29050.0,31350.0,28750.0,31350.0,5632400
2022-04-26,29986.64453125,31050.0,31050.0,28400.0,29100.0,6142800
2022-04-27,29455.48046875,30500.0,31000.0,29600.0,31000.0,4010600
2022-04-28,28827.740234375,29850.0,30550.0,29850.0,30500.0,3488600
2022-04-29,29841.78125,30900.0,30900.0,29850.0,30000.0,4185700
2022-05-02,29841.78125,30900.0,30900.0,30900.0,30900.0,0
2022-05-03,29841.78125,30900.0,30900.0,30900.0,30900.0,0
2022-05-04,28924.314453125,29950.0,30750.0,29800.0,30750.0,2433100
2022-05-05,29262.330078125,30300.0,30400.0,29600.0,30100.0,2500200
2022-05-06,28586.30078125,29600.0,30500.0,29600.0,29600.0,7483500
2022-05-09,27234.24609375,28200.0,29900.0,27900.0,29800.0,7497200
2022-05-10,27137.671875,28100.0,28350.0,27800.0,27900.0,4226400
2022-05-11,27910.2734375,28900.0,29700.0,28200.0,28500.0,4343100
2022-05-12,25978.767578125,26900.0,28900.0,26900.0,28500.0,3703900
2022-05-13,24433.5625,25300.0,27300.0,25100.0,26750.0,6901900
2022-05-16,25351.02734375,26250.0,26800.0,25500.0,25500.0,4649600
2022-05-17,26461.64453125,27400.0,27500.0,25800.0,26000.0,4233100
2022-05-18,26461.64453125,27400.0,27650.0,26750.0,27500.0,6037800
2022-05-19,26461.64453125,27400.0,27900.0,26500.0,26500.0,2294100
2022-05-20,26413.357421875,27350.0,27700.0,26850.0,27400.0,2127600
2022-05-23,26413.357421875,27350.0,27850.0,26400.0,27100.0,2267400
2022-05-24,27137.671875,28100.0,28100.0,26600.0,27350.0,2611100
2022-05-25,28441.439453125,29450.0,29450.0,27650.0,28050.0,4121200
2022-05-26,28586.30078125,29600.0,29750.0,28950.0,29400.0,1976300
2022-05-27,28779.453125,29800.0,29800.0,29000.0,29200.0,2959400
2022-05-30,28924.314453125,29950.0,29950.0,29200.0,29800.0,2849200
2022-05-31,29117.466796875,30150.0,30300.0,29400.0,29850.0,2498300
2022-06-01,29020.890625,30050.0,30150.0,29550.0,29900.0,2301500
2022-06-02,29020.890625,30050.0,30050.0,30050.0,30050.0,0
2022-06-03,28924.314453125,29950.0,29950.0,29300.0,29500.0,1491300
2022-06-06,28924.314453125,29950.0,30000.0,29500.0,29950.0,1387000
2022-06-07,28876.02734375,29900.0,29900.0,29150.0,29650.0,1839000
2022-06-08,29358.904296875,30400.0,30500.0,29700.0,29700.0,2170300
2022-06-09,29841.78125,30900.0,30900.0,30000.0,30400.0,1442400
2022-06-10,29455.48046875,30500.0,30600.0,29950.0,30600.0,1936600
2022-06-13,28006.849609375,29000.0,29400.0,28400.0,29100.0,3179400
2022-06-14,28151.712890625,29150.0,29150.0,27150.0,27150.0,2289700
2022-06-15,27910.2734375,28900.0,29150.0,28300.0,29150.0,2498100
2022-06-16,28200.0,29200.0,30500.0,28650.0,28900.0,3090500
2022-06-17,28344.86328125,29350.0,29850.0,28500.0,28800.0,2350300
2022-06-20,27717.123046875,28700.0,29300.0,28100.0,29300.0,2183100
2022-06-21,27041.095703125,28000.0,28350.0,27600.0,27600.0,2572900
2022-06-22,27523.97265625,28500.0,28900.0,28100.0,28500.0,1221700
2022-06-23,27089.384765625,28050.0,28450.0,28000.0,28050.0,801400
2022-06-24,26606.5078125,27550.0,28400.0,27550.0,28100.0,974300
2022-06-27,27765.412109375,28750.0,28800.0,27650.0,27700.0,1271000
2022-06-28,27861.986328125,28850.0,29450.0,28400.0,28400.0,1367000
2022-06-29,27475.685546875,28450.0,29150.0,28400.0,28700.0,1095400
2022-06-30,27572.259765625,28550.0,28850.0,28000.0,28500.0,1605000
2022-07-01,27668.8359375,28650.0,28650.0,27900.0,28550.0,1806800
2022-07-04,27523.97265625,28500.0,28950.0,28350.0,28950.0,969000
2022-07-05,26992.80859375,27950.0,28800.0,27950.0,28500.0,1079500
2022-07-06,25109.58984375,26000.0,28000.0,26000.0,27600.0,3210800
2022-07-07,26075.34375,27000.0,27000.0,26200.0,26200.0,2402600
2022-07-08,26075.34375,27000.0,27250.0,26600.0,27000.0,1037500
2022-07-11,25109.58984375,26000.0,26500.0,25150.0,26000.0,3468900
2022-07-12,25109.58984375,26000.0,26000.0,26000.0,26000.0,0
2022-07-13,25351.02734375,26250.0,26600.0,25800.0,26200.0,806000
2022-07-14,25157.876953125,26050.0,26500.0,25900.0,26500.0,1161000
2022-07-15,25302.740234375,26200.0,26300.0,25650.0,26000.0,1215800
2022-07-18,25157.876953125,26050.0,26450.0,26000.0,26300.0,508500
2022-07-19,25109.58984375,26000.0,26050.0,25750.0,25800.0,937900
2022-07-20,25157.876953125,26050.0,26250.0,26000.0,26100.0,1423900
2022-07-21,25399.314453125,26300.0,26450.0,26000.0,26100.0,2005900
2022-07-22,25109.58984375,26000.0,26700.0,26000.0,26350.0,1146000
2022-07-25,25399.314453125,26300.0,26300.0,25850.0,26050.0,1173900
2022-07-26,25157.876953125,26050.0,26400.0,26000.0,26100.0,550700
2022-07-27,25399.314453125,26300.0,26300.0,26000.0,26200.0,676600
2022-07-28,27137.671875,28100.0,28100.0,26350.0,26400.0,4379900
2022-07-29,27041.095703125,28000.0,28550.0,27600.0,28400.0,2024600
2022-08-01,28006.849609375,29000.0,29000.0,27800.0,28000.0,2238700
2022-08-02,28006.849609375,29000.0,29000.0,28350.0,28700.0,2183100
2022-08-03,28055.13671875,29050.0,29050.0,28300.0,28500.0,1940500
2022-08-04,28006.849609375,29000.0,29500.0,28650.0,28900.0,1213600
2022-08-05,27958.5625,28950.0,29100.0,28500.0,28500.0,1298600
2022-08-08,27717.123046875,28700.0,28950.0,28700.0,28700.0,933200
2022-08-09,27572.259765625,28550.0,28900.0,28550.0,28800.0,771900
2022-08-10,27427.3984375,28400.0,28900.0,28400.0,28500.0,824100
2022-08-11,27910.2734375,28900.0,29550.0,28500.0,28650.0,2321200
2022-08-12,28344.86328125,29350.0,29450.0,28550.0,28550.0,979100
2022-08-15,28538.013671875,29550.0,29700.0,29350.0,29400.0,1207700
2022-08-16,28296.576171875,29300.0,29550.0,29100.0,29400.0,1098200
2022-08-17,28489.7265625,29500.0,29650.0,29250.0,29300.0,1633100
2022-08-18,28586.30078125,29600.0,29750.0,29150.0,29500.0,2271900
2022-08-19,28296.576171875,29300.0,29600.0,28650.0,29100.0,2504000
2022-08-22,28055.13671875,29050.0,29300.0,28450.0,29150.0,1382200
2022-08-23,27861.986328125,28850.0,29000.0,28350.0,28500.0,1847800
2022-08-24,27620.548828125,28600.0,28900.0,28550.0,28900.0,1569100
2022-08-25,28200.0,29200.0,29200.0,28500.0,28500.0,1130400
2022-08-26,27861.986328125,28850.0,29350.0,28850.0,29200.0,954300
2022-08-29,27427.3984375,28400.0,28600.0,27850.0,28100.0,1941200
2022-08-30,27427.3984375,28400.0,28800.0,28300.0,28400.0,885800
2022-08-31,26751.37109375,27700.0,28400.0,27700.0,28100.0,2062000
2022-09-01,26751.37109375,27700.0,27700.0,27700.0,27700.0,0
2022-09-02,26751.37109375,27700.0,27700.0,27700.0,27700.0,0
2022-09-05,26606.5078125,27550.0,28000.0,27550.0,27750.0,1465000
2022-09-06,27089.384765625,28050.0,28050.0,27450.0,27600.0,1803100
2022-09-07,26703.08203125,27650.0,28250.0,27600.0,27900.0,1875900
2022-09-08,26461.64453125,27400.0,27950.0,27400.0,27650.0,1027300
2022-09-09,26558.21875,27500.0,27800.0,27200.0,27800.0,1270000
2022-09-12,27765.412109375,28750.0,28800.0,27650.0,27650.0,1871600
2022-09-13,27379.109375,28350.0,29200.0,28350.0,28850.0,1872600
2022-09-14,27523.97265625,28500.0,28700.0,27950.0,28350.0,1332600
2022-09-15,27861.986328125,28850.0,29000.0,28300.0,28600.0,1092600
2022-09-16,28827.740234375,29850.0,29850.0,28200.0,28850.0,2870500
2022-09-19,28103.42578125,29100.0,29350.0,28800.0,29250.0,1602700
2022-09-20,28055.13671875,29050.0,29150.0,28600.0,29100.0,1480700
2022-09-21,27620.548828125,28600.0,28850.0,28300.0,28650.0,494100
2022-09-22,27668.8359375,28650.0,28650.0,27750.0,28150.0,778800
2022-09-23,27523.97265625,28500.0,28650.0,28250.0,28250.0,515200
2022-09-26,25737.328125,26650.0,28200.0,26650.0,27900.0,1764700
2022-09-27,25737.328125,26650.0,27400.0,26600.0,27150.0,1271100
2022-09-28,25930.48046875,26850.0,27100.0,26500.0,26500.0,1118100
2022-09-29,26268.494140625,27200.0,27800.0,26950.0,27200.0,1584800
2022-09-30,27041.095703125,28000.0,28000.0,26900.0,26900.0,1800300
2022-10-03,25206.1640625,26100.0,27900.0,26100.0,27550.0,1364000
2022-10-04,25785.6171875,26700.0,27000.0,25400.0,26250.0,1744700
2022-10-05,26075.34375,27000.0,27900.0,26550.0,26750.0,922900
2022-10-06,25592.466796875,26500.0,27500.0,26500.0,27050.0,1262900
2022-10-07,25109.58984375,26000.0,27150.0,24900.0,26200.0,2464400
2022-10-10,24530.13671875,25400.0,27200.0,25000.0,25300.0,1759700
2022-10-11,22840.068359375,23650.0,25600.0,23650.0,25300.0,2576300
2022-10-12,23371.232421875,24200.0,24850.0,22000.0,22300.0,2281600
2022-10-13,24723.287109375,25600.0,25600.0,23800.0,24200.0,1584500
2022-10-14,24336.986328125,25200.0,26000.0,25050.0,26000.0,670600
2022-10-17,24047.259765625,24900.0,24900.0,23900.0,24300.0,1037800
2022-10-18,24916.439453125,25800.0,25800.0,24800.0,25300.0,855200
2022-10-19,24336.986328125,25200.0,25850.0,24950.0,25600.0,661800
2022-10-20,24240.412109375,25100.0,25350.0,24600.0,25000.0,1365000
2022-10-21,23178.08203125,24000.0,25000.0,24000.0,24900.0,720600
2022-10-24,21584.58984375,22350.0,24650.0,22350.0,24650.0,1778100
2022-10-25,22212.328125,23000.0,23650.0,21400.0,21600.0,1369200
2022-10-26,21439.7265625,22200.0,23200.0,22200.0,23050.0,667200
2022-10-27,22936.64453125,23750.0,23750.0,22500.0,22900.0,1960900
2022-10-28,22888.35546875,23700.0,24800.0,23550.0,24000.0,1603500
2022-10-31,23757.53515625,24600.0,24600.0,23000.0,24200.0,1343000
2022-11-01,25351.02734375,26250.0,26300.0,24550.0,24550.0,2023900
2022-11-02,24916.439453125,25800.0,26300.0,25100.0,26050.0,1209300
2022-11-03,25109.58984375,26000.0,26000.0,25150.0,25150.0,524600
2022-11-04,25109.58984375,26000.0,26050.0,24550.0,25500.0,1786100
2022-11-07,24626.712890625,25500.0,26450.0,25250.0,26000.0,1575200
2022-11-08,24385.2734375,25250.0,25750.0,24800.0,25500.0,1798400
2022-11-09,24530.13671875,25400.0,26150.0,24800.0,25300.0,1916000
2022-11-10,23950.685546875,24800.0,25600.0,24550.0,25350.0,1447000
2022-11-11,24433.5625,25300.0,25400.0,24700.0,25100.0,1940400
2022-11-14,24481.849609375,25350.0,25350.0,24100.0,24500.0,1701700
2022-11-15,24095.548828125,24950.0,25400.0,24500.0,25350.0,1663100
2022-11-16,25640.75390625,26550.0,26650.0,23300.0,23850.0,2283400
2022-11-17,27427.3984375,28400.0,28400.0,26000.0,26550.0,3241400
2022-11-18,26654.794921875,27600.0,28300.0,27300.0,28000.0,1936700
2022-11-21,25399.314453125,26300.0,27500.0,26100.0,27500.0,1750000
2022-11-22,25254.453125,26150.0,28000.0,26050.0,26100.0,1870400
2022-11-23,25254.453125,26150.0,26850.0,25900.0,26050.0,661300
2022-11-24,26171.91796875,27100.0,27550.0,26000.0,26000.0,1209600
2022-11-25,26461.64453125,27400.0,27700.0,27100.0,27600.0,900300
2022-11-28,28296.576171875,29300.0,29300.0,27550.0,27950.0,4231400
2022-11-29,29455.48046875,30500.0,30500.0,28900.0,29300.0,3972000
2022-11-30,29503.767578125,30550.0,31000.0,29800.0,31000.0,2894300
2022-12-01,28972.603515625,30000.0,30800.0,29550.0,30050.0,2812500
2022-12-02,30469.521484375,31550.0,31550.0,29000.0,29100.0,2864300
2022-12-05,30469.521484375,31550.0,31650.0,31000.0,31650.0,2356100
2022-12-06,28344.86328125,29350.0,30950.0,29350.0,30500.0,2883400
2022-12-07,28489.7265625,29500.0,30200.0,28600.0,29500.0,2217500
2022-12-08,27765.412109375,28750.0,30100.0,28500.0,29500.0,2497400
2022-12-09,27910.2734375,28900.0,29500.0,28050.0,28850.0,3690300
2022-12-12,26123.630859375,27050.0,29950.0,27050.0,29200.0,3231300
2022-12-13,27041.095703125,28000.0,28000.0,27050.0,27400.0,2178600
2022-12-14,26992.80859375,27950.0,28100.0,27200.0,28050.0,2533600
2022-12-15,26944.521484375,27900.0,28050.0,27500.0,27950.0,2131800
2022-12-16,25302.740234375,26200.0,27900.0,26200.0,27600.0,9287700
2022-12-19,26365.068359375,27300.0,27800.0,26250.0,27000.0,2643000
2022-12-20,24868.150390625,25750.0,27350.0,25650.0,26750.0,3321300
2022-12-21,25109.58984375,26000.0,26700.0,25600.0,26150.0,3216500
2022-12-22,25109.58984375,26000.0,26450.0,25600.0,26100.0,2054700
2022-12-23,24916.439453125,25800.0,26150.0,25550.0,26150.0,1835700
2022-12-26,23709.24609375,24550.0,26050.0,24550.0,26050.0,2460400
2022-12-27,24916.439453125,25800.0,26250.0,24750.0,25000.0,1897200
2022-12-28,25978.767578125,26900.0,27100.0,25600.0,25750.0,1813400
2022-12-29,25592.466796875,26500.0,27150.0,26500.0,26800.0,1545900
2022-12-30,25399.314453125,26300.0,27200.0,26150.0,26150.0,1792900
2023-01-02,25399.314453125,26300.0,26300.0,26300.0,26300.0,0
2023-01-03,27137.671875,28100.0,28100.0,26350.0,27000.0,3875900
2023-01-04,27620.548828125,28600.0,28750.0,28100.0,28550.0,2624200
2023-01-05,28200.0,29200.0,29200.0,28000.0,28400.0,4076200
2023-01-06,28248.287109375,29250.0,29600.0,28350.0,29200.0,1696300
2023-01-09,28393.150390625,29400.0,29600.0,29000.0,29250.0,1193700
2023-01-10,28393.150390625,29400.0,29400.0,28450.0,29400.0,914500
2023-01-11,27523.97265625,28500.0,29500.0,28500.0,29450.0,989900
2023-01-12,27717.123046875,28700.0,28900.0,28000.0,28900.0,1037700
2023-01-13,27620.548828125,28600.0,29000.0,28250.0,28700.0,770200
2023-01-16,27523.97265625,28500.0,28800.0,27950.0,28350.0,1010000
2023-01-17,28827.740234375,29850.0,29850.0,27950.0,28700.0,2138800
2023-01-18,28296.576171875,29300.0,29800.0,29000.0,29800.0,1473600
2023-01-19,28634.58984375,29650.0,30300.0,29000.0,29000.0,3043500
2023-01-20,28634.58984375,29650.0,29650.0,29650.0,29650.0,0
2023-01-23,28634.58984375,29650.0,29650.0,29650.0,29650.0,0
2023-01-24,28634.58984375,29650.0,29650.0,29650.0,29650.0,0
2023-01-25,28634.58984375,29650.0,29650.0,29650.0,29650.0,0
2023-01-26,28634.58984375,29650.0,29650.0,29650.0,29650.0,0
2023-01-27,29262.330078125,30300.0,30500.0,29700.0,29700.0,1974800
2023-01-30,28779.453125,29800.0,30200.0,29300.0,30200.0,1610100
2023-01-31,28682.876953125,29700.0,30150.0,29250.0,29750.0,1095200
2023-02-01,27041.095703125,28000.0,29700.0,28000.0,29700.0,1893600
2023-02-02,27861.986328125,28850.0,28950.0,28050.0,28050.0,1699200
2023-02-03,28200.0,29200.0,29200.0,28600.0,28850.0,1095800
2023-02-06,28489.7265625,29500.0,29500.0,28300.0,28500.0,940200
2023-02-07,27572.259765625,28550.0,29500.0,28550.0,29400.0,1347600
2023-02-08,27523.97265625,28500.0,28950.0,28450.0,28550.0,1375500
2023-02-09,27234.24609375,28200.0,28950.0,28150.0,28300.0,1205500
2023-02-10,27234.24609375,28200.0,28400.0,27800.0,28200.0,726000
2023-02-13,27523.97265625,28500.0,28500.0,27550.0,28000.0,1031800
2023-02-14,27041.095703125,28000.0,28500.0,27400.0,28500.0,1441900
2023-02-15,27379.109375,28350.0,28400.0,27600.0,27800.0,969600
2023-02-16,27427.3984375,28400.0,28450.0,27700.0,28350.0,978700
2023-02-17,27427.3984375,28400.0,28650.0,28000.0,28300.0,1280800
2023-02-20,28344.86328125,29350.0,29350.0,28150.0,28300.0,3128000
2023-02-21,28586.30078125,29600.0,29800.0,29150.0,29350.0,1309700
2023-02-22,27137.671875,28100.0,29350.0,28100.0,29300.0,1360100
2023-02-23,25592.466796875,26500.0,28400.0,26500.0,28300.0,4737800
2023-02-24,25592.466796875,26500.0,26900.0,26300.0,26700.0,2243300
2023-02-27,24868.150390625,25750.0,26600.0,25550.0,26150.0,1513400
2023-02-28,25785.6171875,26700.0,27550.0,26100.0,26200.0,2998000
2023-03-01,25882.19140625,26800.0,27450.0,26200.0,26700.0,2068500
2023-03-02,25302.740234375,26200.0,27000.0,26200.0,26950.0,1980400
2023-03-03,25109.58984375,26000.0,26500.0,25700.0,26300.0,2078400
2023-03-06,25254.453125,26150.0,27100.0,26150.0,26450.0,2736300
2023-03-07,25689.041015625,26600.0,27000.0,26400.0,26700.0,2211500
2023-03-08,26316.78125,27250.0,27250.0,26400.0,26400.0,2194700
2023-03-09,26075.34375,27000.0,27450.0,26950.0,27250.0,5053200
2023-03-10,27041.095703125,28000.0,28050.0,26900.0,26900.0,2302400
2023-03-13,28103.42578125,29100.0,29400.0,27850.0,27950.0,4124400
2023-03-14,27813.69921875,28800.0,29050.0,28250.0,28800.0,2116400
2023-03-15,27523.97265625,28500.0,29400.0,28200.0,28800.0,3577700
2023-03-16,27958.5625,28950.0,29050.0,28450.0,28450.0,2649100
2023-03-17,28489.7265625,29500.0,29700.0,28950.0,28950.0,6891400
2023-03-20,28006.849609375,29000.0,29500.0,28050.0,29500.0,2353200
2023-03-21,28441.439453125,29450.0,29500.0,28150.0,28950.0,3045500
2023-03-22,28682.876953125,29700.0,29800.0,28850.0,29100.0,4228500
2023-03-23,28296.576171875,29300.0,29450.0,29000.0,29000.0,1817500
2023-03-24,28248.287109375,29250.0,29450.0,29200.0,29250.0,1312500
2023-03-27,28296.576171875,29300.0,29450.0,28650.0,29250.0,1714000
2023-03-28,28248.287109375,29250.0,29650.0,29050.0,29050.0,2801800
2023-03-29,28248.287109375,29250.0,29250.0,28750.0,29000.0,1472200
2023-03-30,28876.02734375,29900.0,31250.0,29300.0,29500.0,7146900
2023-03-31,28538.013671875,29550.0,31000.0,29550.0,30000.0,5358200
2023-04-03,28586.30078125,29600.0,30200.0,29500.0,29900.0,3057800
2023-04-04,28441.439453125,29450.0,29600.0,29050.0,29600.0,1958000
2023-04-05,28441.439453125,29450.0,29550.0,29200.0,29450.0,2446000
2023-04-06,28489.7265625,29500.0,29550.0,29300.0,29550.0,2706800
2023-04-07,28200.0,29200.0,29550.0,28500.0,29500.0,1723900
2023-04-10,28103.42578125,29100.0,29300.0,28900.0,29300.0,1435500
2023-04-11,28055.13671875,29050.0,29150.0,28850.0,28950.0,1017000
2023-04-12,27717.123046875,28700.0,29050.0,28500.0,28950.0,2836700
2023-04-13,27427.3984375,28400.0,29050.0,28200.0,28800.0,1089300
2023-04-14,27620.548828125,28600.0,28800.0,28450.0,28650.0,2693200
2023-04-17,27330.822265625,28300.0,29000.0,27900.0,28600.0,1578500
2023-04-18,27523.97265625,28500.0,28600.0,28250.0,28450.0,2264000
2023-04-19,27330.822265625,28300.0,28850.0,27800.0,28600.0,2462700
2023-04-20,27330.822265625,28300.0,28350.0,27950.0,28300.0,1686700
2023-04-21,26944.521484375,27900.0,28300.0,27600.0,28300.0,2738500
2023-04-24,27185.958984375,28150.0,28900.0,28000.0,28750.0,3750900
2023-04-25,26751.37109375,27700.0,28300.0,27400.0,28200.0,3437800
2023-04-26,26558.21875,27500.0,27800.0,26850.0,27800.0,4002500
2023-04-27,26075.34375,27000.0,27450.0,27000.0,27450.0,2082500
2023-04-28,26751.37109375,27700.0,27700.0,27100.0,27100.0,2842300
2023-05-01,26751.37109375,27700.0,27700.0,27700.0,27700.0,0
2023-05-02,26751.37109375,27700.0,27700.0,27700.0,27700.0,0
2023-05-03,26751.37109375,27700.0,27700.0,27700.0,27700.0,0
2023-05-04,26316.78125,27250.0,27750.0,27200.0,27550.0,1435300
2023-05-05,26220.205078125,27150.0,27550.0,27100.0,27250.0,1515000
2023-05-08,26509.931640625,27450.0,27450.0,27150.0,27450.0,3009500
2023-05-09,26461.64453125,27400.0,27650.0,27350.0,27450.0,2135300
2023-05-10,26847.9453125,27800.0,27800.0,27450.0,27550.0,3978200
2023-05-11,27089.384765625,28050.0,28150.0,27850.0,28000.0,3295500
2023-05-12,27185.958984375,28150.0,28300.0,27750.0,28050.0,3287000
2023-05-15,27427.3984375,28400.0,28650.0,28300.0,28450.0,3477300
2023-05-16,27427.3984375,28400.0,28400.0,28000.0,28400.0,2735200
2023-05-17,26944.521484375,27900.0,28350.0,27900.0,28300.0,3184300
2023-05-18,27137.671875,28100.0,28300.0,27600.0,28000.0,3968500
2023-05-19,27041.095703125,28000.0,28300.0,27700.0,28050.0,2888700
2023-05-22,26944.521484375,27900.0,28150.0,27850.0,28000.0,4432000
2023-05-23,26751.37109375,27700.0,28100.0,27650.0,27900.0,3423900
2023-05-24,26751.37109375,27700.0,27700.0,27700.0,27700.0,0
2023-05-25,26751.37109375,27700.0,27750.0,27500.0,27600.0,1359800
2023-05-26,26751.37109375,27700.0,27800.0,27600.0,27750.0,2026100
2023-05-29,26751.37109375,27700.0,27850.0,27700.0,27700.0,2743000
2023-05-30,26751.37109375,27700.0,27900.0,27650.0,27750.0,3114800
2023-05-31,26171.91796875,27100.0,27800.0,27100.0,27750.0,5544300
2023-06-01,25930.48046875,26850.0,27350.0,26750.0,27100.0,4879700
2023-06-02,26171.91796875,27100.0,27350.0,26900.0,27050.0,2949200
2023-06-05,26171.91796875,27100.0,27450.0,27100.0,27450.0,3292300
2023-06-06,26413.357421875,27350.0,27350.0,27100.0,27150.0,2329600
2023-06-07,26316.78125,27250.0,27450.0,27200.0,27400.0,3217500
2023-06-08,25978.767578125,26900.0,27400.0,26900.0,27200.0,4427100
2023-06-09,25785.6171875,26700.0,27050.0,26600.0,27050.0,2895800
2023-06-12,25785.6171875,26700.0,26900.0,26450.0,26750.0,3006200
2023-06-13,26171.91796875,27100.0,27150.0,26700.0,26800.0,3192200
2023-06-14,26220.205078125,27150.0,27400.0,27150.0,27150.0,2863500
2023-06-15,25930.48046875,26850.0,27300.0,26850.0,27200.0,2922300
2023-06-16,25592.466796875,26500.0,27050.0,26500.0,27000.0,4575800
2023-06-19,25640.75390625,26550.0,26850.0,26550.0,26650.0,2841300
2023-06-20,25737.328125,26650.0,26750.0,26550.0,26550.0,1913900
2023-06-21,25882.19140625,26800.0,26850.0,26650.0,26650.0,2665100
2023-06-22,25882.19140625,26800.0,26800.0,26800.0,26800.0,0
2023-06-23,25930.48046875,26850.0,27100.0,26850.0,27000.0,3438500
2023-06-26,25785.6171875,26700.0,27000.0,26500.0,27000.0,5157200
2023-06-27,26509.931640625,27450.0,27550.0,26750.0,26800.0,7670300
2023-06-28,26365.068359375,27300.0,27650.0,27150.0,27550.0,4161800
2023-06-29,26075.34375,27000.0,27600.0,27000.0,27200.0,5475500
2023-06-30,25882.19140625,26800.0,27200.0,26800.0,27100.0,2611800
2023-07-03,26075.34375,27000.0,27200.0,26850.0,26950.0,3200500
2023-07-04,26268.494140625,27200.0,27200.0,26950.0,27000.0,2531500
2023-07-05,26558.21875,27500.0,27700.0,27100.0,27200.0,5712700
2023-07-06,26027.0546875,26950.0,27600.0,26900.0,27500.0,5699100
2023-07-07,26075.34375,27000.0,27050.0,26800.0,26950.0,4102200
2023-07-10,26027.0546875,26950.0,27200.0,26850.0,27100.0,5570100
2023-07-11,26365.068359375,27300.0,27650.0,27000.0,27100.0,8710500
2023-07-12,27137.671875,28100.0,28300.0,27450.0,27450.0,15357900
2023-07-13,27185.958984375,28150.0,28350.0,28050.0,28300.0,7072900
2023-07-14,27041.095703125,28000.0,28300.0,27600.0,28300.0,10208600
2023-07-17,27668.8359375,28650.0,28750.0,28000.0,28050.0,7289900
2023-07-18,27330.822265625,28300.0,28650.0,28300.0,28500.0,5731200
2023-07-19,26992.80859375,27950.0,28350.0,27850.0,28350.0,7742000
2023-07-20,27089.384765625,28050.0,28100.0,27700.0,27950.0,4272100
2023-07-21,27427.3984375,28400.0,28400.0,27950.0,28000.0,5092900
2023-07-24,27427.3984375,28400.0,28650.0,28250.0,28600.0,4770700
2023-07-25,28006.849609375,29000.0,29350.0,28150.0,28400.0,8777400
2023-07-26,27910.2734375,28900.0,29150.0,28750.0,28850.0,2785400
2023-07-27,27523.97265625,28500.0,28950.0,28300.0,28900.0,6087800
2023-07-28,27813.69921875,28800.0,29100.0,28550.0,29000.0,6500400
2023-07-31,28634.58984375,29650.0,29900.0,29300.0,29500.0,11601500
2023-08-01,28103.42578125,29100.0,30300.0,29100.0,29700.0,7960600
2023-08-02,27910.2734375,28900.0,29200.0,28800.0,29050.0,4972700
2023-08-03,27427.3984375,28400.0,29200.0,28350.0,28900.0,6526000
2023-08-04,27717.123046875,28700.0,29100.0,28500.0,28600.0,4925300
2023-08-07,28586.30078125,29600.0,29600.0,28800.0,29000.0,8302400
2023-08-08,29938.357421875,31000.0,31450.0,29700.0,29900.0,17958200
2023-08-09,29841.78125,30900.0,31300.0,30700.0,30850.0,8737600
2023-08-10,29020.890625,30050.0,30950.0,29950.0,30900.0,7608100
2023-08-11,29696.91796875,30750.0,30750.0,29550.0,30700.0,10672900
2023-08-14,29262.330078125,30300.0,30700.0,30200.0,30600.0,6375800
2023-08-15,30228.08203125,31300.0,31750.0,29900.0,30100.0,9339500
2023-08-16,30421.232421875,31500.0,32000.0,31300.0,31900.0,11804900
2023-08-17,29552.0546875,30600.0,31400.0,30600.0,31400.0,9882000
2023-08-18,28103.42578125,29100.0,30500.0,28600.0,30200.0,13778500
2023-08-21,28489.7265625,29500.0,29850.0,28650.0,29100.0,4805500
2023-08-22,28296.576171875,29300.0,29450.0,28100.0,29300.0,4756100
2023-08-23,27765.412109375,28750.0,29900.0,28700.0,29750.0,4721200
2023-08-24,28055.13671875,29050.0,29200.0,28700.0,28850.0,3207200
2023-08-25,27717.123046875,28700.0,29250.0,28700.0,28950.0,3335600
2023-08-28,28731.1640625,29750.0,29750.0,28850.0,28950.0,4409300
2023-08-29,28248.287109375,29250.0,29800.0,29200.0,29750.0,2829900
2023-08-30,28682.876953125,29700.0,29900.0,29300.0,29350.0,6019400
2023-08-31,29262.330078125,30300.0,30500.0,29700.0,29750.0,7227600
2023-09-01,29262.330078125,30300.0,30300.0,30300.0,30300.0,0
2023-09-04,29262.330078125,30300.0,30300.0,30300.0,30300.0,0
2023-09-05,29117.466796875,30150.0,30750.0,30100.0,30300.0,4953600
2023-09-06,29262.330078125,30300.0,30550.0,30000.0,30300.0,4059600
2023-09-07,29262.330078125,30300.0,30550.0,30200.0,30300.0,4593600
2023-09-08,28586.30078125,29600.0,30350.0,29600.0,30200.0,5885800
2023-09-11,27717.123046875,28700.0,29900.0,28700.0,29800.0,5687100
2023-09-12,28489.7265625,29500.0,29600.0,28800.0,28850.0,3974900
2023-09-13,28006.849609375,29000.0,29600.0,28900.0,29550.0,6439000
2023-09-14,27910.2734375,28900.0,29250.0,28600.0,29200.0,4132300
2023-09-15,27427.3984375,28400.0,29150.0,28400.0,28900.0,4727700
2023-09-18,26751.37109375,27700.0,28600.0,27600.0,28500.0,6121000
2023-09-19,26654.794921875,27600.0,28150.0,27350.0,27800.0,5600300
2023-09-20,27137.671875,28100.0,28300.0,27500.0,27600.0,3875700
2023-09-21,27185.958984375,28150.0,28200.0,27850.0,28200.0,3301100
2023-09-22,26461.64453125,27400.0,27950.0,27100.0,27700.0,4715500
2023-09-25,25689.041015625,26600.0,27700.0,26600.0,27300.0,4484800
2023-09-26,24916.439453125,25800.0,27000.0,25800.0,26800.0,4905100
2023-09-27,25206.1640625,26100.0,26450.0,25500.0,26100.0,4127900
2023-09-28,24578.42578125,25450.0,26000.0,25150.0,26000.0,4514100
2023-09-29,25206.1640625,26100.0,27050.0,25600.0,25600.0,4626100
2023-10-02,25930.48046875,26850.0,27100.0,25950.0,26100.0,3579500
2023-10-03,25399.314453125,26300.0,26950.0,26200.0,26750.0,3301100
2023-10-04,26075.34375,27000.0,27100.0,25900.0,25900.0,2343000
2023-10-05,25882.19140625,26800.0,27400.0,26700.0,27000.0,1977600
2023-10-06,26509.931640625,27450.0,27450.0,26750.0,27000.0,1952100
2023-10-09,26123.630859375,27050.0,27200.0,26850.0,27200.0,2015300
2023-10-10,26075.34375,27000.0,27300.0,26950.0,27100.0,2641400
2023-10-11,26075.34375,27000.0,27300.0,26900.0,27100.0,1089400
2023-10-12,26268.494140625,27200.0,27450.0,27050.0,27350.0,1740500
2023-10-13,26413.357421875,27350.0,27500.0,27000.0,27100.0,1652100
2023-10-16,25785.6171875,26700.0,27250.0,26700.0,27100.0,1709400
2023-10-17,26075.34375,27000.0,27600.0,26550.0,26650.0,3254700
2023-10-18,25592.466796875,26500.0,27100.0,25900.0,27100.0,2937600
2023-10-19,25495.890625,26400.0,27000.0,25800.0,26400.0,2838000
2023-10-20,25689.041015625,26600.0,27050.0,25850.0,26500.0,1936300
2023-10-23,25109.58984375,26000.0,26500.0,25950.0,26500.0,2251100
2023-10-24,25689.041015625,26600.0,26800.0,26000.0,26000.0,2105000
2023-10-25,25544.177734375,26450.0,27000.0,26450.0,26800.0,2808000
2023-10-26,23757.53515625,24600.0,25900.0,24600.0,25900.0,9247600
2023-10-27,22115.75390625,22900.0,24650.0,22900.0,24600.0,12955400
2023-10-30,22308.904296875,23100.0,24100.0,22100.0,22600.0,5403600
2023-10-31,21439.7265625,22200.0,23700.0,22200.0,23300.0,5812200
2023-11-01,21922.603515625,22700.0,22700.0,21600.0,22300.0,6236700
2023-11-02,22453.767578125,23250.0,23300.0,22450.0,23000.0,5800700
2023-11-03,23564.384765625,24400.0,24400.0,23200.0,23500.0,12592000
2023-11-06,23178.08203125,24000.0,24500.0,23700.0,24300.0,5406700
2023-11-07,22357.19140625,23150.0,24000.0,23050.0,23700.0,5320400
2023-11-08,22888.35546875,23700.0,23850.0,22850.0,23200.0,5845600
2023-11-09,23467.80859375,24300.0,24600.0,23950.0,24000.0,5772800
2023-11-10,23129.794921875,23950.0,24400.0,23850.0,23850.0,4353000
2023-11-13,22695.205078125,23500.0,24200.0,23450.0,24000.0,3840800
2023-11-14,23178.08203125,24000.0,24100.0,23500.0,23850.0,3670600
2023-11-15,23274.658203125,24100.0,24750.0,24100.0,24500.0,3942600
2023-11-16,23033.21875,23850.0,24050.0,23650.0,24000.0,4276100
2023-11-17,22019.177734375,22800.0,24150.0,22500.0,24000.0,8229200
2023-11-20,21777.740234375,22550.0,23200.0,22550.0,22550.0,4059300
2023-11-21,21826.02734375,22600.0,22950.0,22500.0,22900.0,4601900
2023-11-22,22019.177734375,22800.0,22850.0,22500.0,22700.0,3400700
2023-11-23,21826.02734375,22600.0,23450.0,22600.0,22900.0,5353700
2023-11-24,21826.02734375,22600.0,22600.0,22000.0,22550.0,4005100
2023-11-27,21826.02734375,22600.0,22950.0,22550.0,22600.0,2222200
2023-11-28,22019.177734375,22800.0,22800.0,22350.0,22600.0,1971100
2023-11-29,22405.48046875,23200.0,23350.0,22800.0,22900.0,4081300
2023-11-30,21343.150390625,22100.0,23200.0,22100.0,23100.0,3943400
2023-12-01,22019.177734375,22800.0,22900.0,22450.0,22650.0,2550200
2023-12-04,22212.328125,23000.0,23250.0,22650.0,22900.0,4686600
2023-12-05,22067.466796875,22850.0,23100.0,22800.0,23000.0,2463600
2023-12-06,22115.75390625,22900.0,23000.0,22700.0,22850.0,3749700
2023-12-07,22019.177734375,22800.0,23200.0,22650.0,22950.0,5052900
2023-12-08,22550.341796875,23350.0,23450.0,22700.0,22800.0,5574900
2023-12-11,22840.068359375,23650.0,23750.0,23450.0,23450.0,3772200
2023-12-12,22840.068359375,23650.0,23800.0,23400.0,23700.0,3058000
2023-12-13,22212.328125,23000.0,23700.0,22950.0,23650.0,4320000
2023-12-14,22067.466796875,22850.0,23300.0,22700.0,23250.0,3505600
2023-12-15,21777.740234375,22550.0,23050.0,22550.0,22850.0,4256000
2023-12-18,21826.02734375,22600.0,22900.0,22550.0,22650.0,2345700
2023-12-19,21922.603515625,22700.0,22850.0,22550.0,22650.0,2628400
2023-12-20,22212.328125,23000.0,23100.0,22700.0,22900.0,2595400
2023-12-21,22164.041015625,22950.0,23000.0,22700.0,22900.0,1587500
2023-12-22,22164.041015625,22950.0,23000.0,22700.0,22950.0,1890300
2023-12-25,22598.630859375,23400.0,23400.0,22850.0,22850.0,3420400
2023-12-26,22502.0546875,23300.0,23500.0,23150.0,23350.0,2651000
2023-12-27,22453.767578125,23250.0,23450.0,23200.0,23300.0,3220300
2023-12-28,22695.205078125,23500.0,23700.0,23250.0,23250.0,6105000
2023-12-29,22502.0546875,23300.0,23650.0,23300.0,23650.0,4354700
2024-01-01,22502.0546875,23300.0,23300.0,23300.0,23300.0,0
2024-01-02,22308.904296875,23100.0,23550.0,23050.0,23500.0,4421200
2024-01-03,22453.767578125,23250.0,23300.0,22900.0,23000.0,2678300
2024-01-04,22598.630859375,23400.0,23600.0,23250.0,23250.0,4793300
2024-01-05,22550.341796875,23350.0,23550.0,23100.0,23550.0,3301000
2024-01-08,22888.35546875,23700.0,24100.0,23350.0,23350.0,7661200
2024-01-09,22550.341796875,23350.0,23800.0,23350.0,23700.0,4815300
2024-01-10,22502.0546875,23300.0,23500.0,23200.0,23350.0,3463500
2024-01-11,22646.91796875,23450.0,23650.0,23300.0,23350.0,3879700
2024-01-12,22308.904296875,23100.0,23300.0,22900.0,23300.0,5984400
2024-01-15,22164.041015625,22950.0,23350.0,22950.0,23250.0,2397000
2024-01-16,22308.904296875,23100.0,23100.0,22850.0,22950.0,2666500
2024-01-17,22502.0546875,23300.0,23400.0,23050.0,23100.0,4900600
2024-01-18,22743.494140625,23550.0,23550.0,23200.0,23300.0,6889200
2024-01-19,23033.21875,23850.0,24200.0,23600.0,23600.0,6538600
2024-01-22,23081.5078125,23900.0,24000.0,23700.0,24000.0,5638700
2024-01-23,22936.64453125,23750.0,23950.0,23550.0,23950.0,5533200
2024-01-24,23129.794921875,23950.0,24300.0,23700.0,23750.0,8329900
2024-01-25,23129.794921875,23950.0,23950.0,23950.0,23950.0,0
2024-01-26,22936.64453125,23750.0,23950.0,23550.0,23950.0,5330500
2024-01-29,22502.0546875,23300.0,23750.0,23300.0,23750.0,6629600
2024-01-30,22598.630859375,23400.0,23600.0,23100.0,23300.0,8150500
2024-01-31,21681.1640625,22450.0,23650.0,22450.0,23500.0,18081000
2024-02-01,21874.314453125,22650.0,22700.0,22450.0,22500.0,6885000
2024-02-02,21874.314453125,22650.0,22650.0,22650.0,22650.0,0
2024-02-05,21053.42578125,21800.0,22400.0,21700.0,22350.0,13264300
2024-02-06,20956.849609375,21700.0,22050.0,21600.0,21850.0,7484200
2024-02-07,21150.0,21900.0,21900.0,21600.0,21700.0,6100200
2024-02-08,21150.0,21900.0,21900.0,21900.0,21900.0,0
2024-02-09,21150.0,21900.0,21900.0,21900.0,21900.0,0
2024-02-15,21246.576171875,22000.0,22200.0,21850.0,22050.0,7115700
2024-02-16,21729.453125,22500.0,22700.0,22050.0,22100.0,8591500
2024-02-19,23226.37109375,24050.0,24050.0,22600.0,22700.0,23898600
2024-02-20,24626.712890625,25500.0,25700.0,24700.0,24750.0,25144500
2024-02-21,25109.58984375,26000.0,26250.0,25000.0,25600.0,21071500
2024-02-22,25495.890625,26400.0,26650.0,25750.0,25800.0,13517400
2024-02-23,24578.42578125,25450.0,26600.0,25250.0,26400.0,17915800
2024-02-26,25109.58984375,26000.0,26500.0,25350.0,25450.0,14172600
2024-02-27,25495.890625,26400.0,26900.0,25550.0,26700.0,11770400
2024-02-28,26847.9453125,27800.0,27900.0,26300.0,26800.0,20532400
2024-02-29,25592.466796875,26500.0,27650.0,26400.0,27650.0,21519800
2024-03-01,25737.328125,26650.0,26800.0,25850.0,26600.0,13628700
2024-03-04,26075.34375,27000.0,27300.0,26200.0,26500.0,14024600
2024-03-05,25785.6171875,26700.0,27200.0,26400.0,27000.0,11477700
2024-03-06,24964.7265625,25850.0,27000.0,25700.0,26550.0,15576500
2024-03-07,25109.58984375,26000.0,26250.0,25750.0,26000.0,7948600
2024-03-08,24530.13671875,25400.0,26350.0,25400.0,26350.0,10155500
2024-03-11,23660.958984375,24500.0,25550.0,24500.0,25400.0,11759900
2024-03-12,24336.986328125,25200.0,25250.0,24450.0,24500.0,10111700
2024-03-13,25013.013671875,25900.0,25900.0,24950.0,25200.0,8044000
2024-03-14,25013.013671875,25900.0,26400.0,25550.0,26050.0,12347200
2024-03-15,24868.150390625,25750.0,25800.0,25100.0,25700.0,11252300
2024-03-18,26606.5078125,27550.0,27550.0,25000.0,25850.0,34582300
2024-03-19,25833.904296875,26750.0,28750.0,26700.0,28500.0,16110300
2024-03-20,25447.603515625,26350.0,26900.0,26100.0,26900.0,11622200
2024-03-21,26027.0546875,26950.0,27150.0,26350.0,26700.0,12499300
2024-03-22,25785.6171875,26700.0,27200.0,26450.0,27150.0,10058500
2024-03-25,25157.876953125,26050.0,26950.0,25950.0,26500.0,8943300
2024-03-26,25495.890625,26400.0,26450.0,25000.0,26050.0,7341400
2024-03-27,25061.30078125,25950.0,26400.0,25900.0,26350.0,5848500
2024-03-28,24771.576171875,25650.0,26400.0,25650.0,26000.0,14611800
2024-03-29,24964.7265625,25850.0,25950.0,25500.0,25950.0,5019000
2024-04-01,24819.86328125,25700.0,26100.0,25650.0,25900.0,5885800
2024-04-02,24675.0,25550.0,25750.0,25350.0,25700.0,7712300
2024-04-03,24626.712890625,25500.0,26050.0,25500.0,25550.0,6533200
2024-04-04,24433.5625,25300.0,25800.0,25250.0,25800.0,5579700
2024-04-05,23854.109375,24700.0,25100.0,24700.0,25100.0,8275400
2024-04-08,22791.78125,23600.0,24850.0,23600.0,24800.0,14766300
2024-04-09,23371.232421875,24200.0,24300.0,23650.0,23650.0,6487000
2024-04-10,23419.521484375,24250.0,24700.0,24200.0,24250.0,4857200
2024-04-11,23081.5078125,23900.0,24100.0,23800.0,23950.0,3359700
2024-04-12,23322.9453125,24150.0,24400.0,23950.0,23950.0,3555700
2024-04-15,21729.453125,22500.0,24050.0,22500.0,23850.0,13823600
2024-04-16,21439.7265625,22200.0,22650.0,21900.0,22400.0,12875500
2024-04-17,21246.576171875,22000.0,22750.0,21850.0,22400.0,7302500
2024-04-19,20570.548828125,21300.0,21950.0,21050.0,21650.0,8590500
2024-04-22,21632.876953125,22400.0,22600.0,21500.0,21600.0,7078300
2024-04-23,21150.0,21900.0,22500.0,21600.0,22200.0,4860300
2024-04-24,21777.740234375,22550.0,22650.0,22050.0,22200.0,5630400
2024-04-25,21777.740234375,22550.0,22600.0,22100.0,22350.0,4172100
2024-04-26,21681.1640625,22450.0,22600.0,22000.0,22200.0,7637500
2024-04-29,21681.1640625,22450.0,22450.0,22450.0,22450.0,0
2024-04-30,21681.1640625,22450.0,22450.0,22450.0,22450.0,0
2024-05-02,21970.890625,22750.0,22800.0,22350.0,22450.0,6044600
2024-05-03,22598.630859375,23400.0,23650.0,22750.0,22850.0,13035400
2024-05-06,22550.341796875,23350.0,23500.0,23000.0,23500.0,8148400
2024-05-07,22550.341796875,23350.0,23600.0,22850.0,23350.0,6722900
2024-05-08,22405.48046875,23200.0,23350.0,22850.0,23300.0,7711400
2024-05-09,22067.466796875,22850.0,23400.0,22850.0,23150.0,5065300
2024-05-10,21729.453125,22500.0,23000.0,22300.0,22900.0,7424200
2024-05-13,21488.013671875,22250.0,22600.0,22100.0,22500.0,4557100
2024-05-14,21488.013671875,22250.0,22850.0,22150.0,22800.0,5075300
2024-05-15,21584.58984375,22350.0,22400.0,22150.0,22300.0,5426800
2024-05-16,21874.314453125,22650.0,22800.0,22450.0,22500.0,6049800
2024-05-17,22308.904296875,23100.0,23250.0,22500.0,22700.0,10951000
2024-05-20,22067.466796875,22850.0,23550.0,22850.0,23250.0,6019600
2024-05-21,22357.19140625,23150.0,23250.0,22700.0,22900.0,9300200
2024-05-22,22357.19140625,23150.0,23700.0,23100.0,23100.0,13070700
2024-05-23,22212.328125,23000.0,23200.0,22750.0,23000.0,5808600
2024-05-24,21536.30078125,22300.0,22900.0,22050.0,22900.0,14276500
2024-05-27,21536.30078125,22300.0,22400.0,22200.0,22300.0,4552900
2024-05-28,21681.1640625,22450.0,22550.0,22300.0,22350.0,3615500
2024-05-29,21391.439453125,22150.0,22500.0,22100.0,22500.0,7463700
2024-05-30,20860.2734375,21600.0,22100.0,21600.0,22100.0,11224000
2024-05-31,21005.13671875,21750.0,22100.0,21650.0,22100.0,5366300
2024-06-03,21005.13671875,21750.0,21750.0,21750.0,21750.0,0
2024-06-04,21343.150390625,22100.0,22450.0,22050.0,22400.0,4847800
2024-06-05,21729.453125,22500.0,22800.0,22150.0,22200.0,9512500
2024-06-06,21729.453125,22500.0,22800.0,22200.0,22700.0,6309300
2024-06-07,21439.7265625,22200.0,22600.0,22200.0,22500.0,6500900
2024-06-10,21343.150390625,22100.0,22450.0,22050.0,22300.0,5855400
2024-06-11,20956.849609375,21700.0,22250.0,21650.0,22150.0,11747400
2024-06-12,21101.712890625,21850.0,21950.0,21600.0,21700.0,7999200
2024-06-13,20956.849609375,21700.0,22050.0,21600.0,21900.0,8894900
2024-06-14,20715.412109375,21450.0,21850.0,21450.0,21800.0,10375100
2024-06-17,20425.685546875,21150.0,21600.0,21100.0,21600.0,8662300
2024-06-18,20377.3984375,21100.0,21350.0,21100.0,21250.0,6162500
2024-06-19,19942.80859375,20650.0,21200.0,20650.0,21150.0,10528900
2024-06-20,19556.5078125,20250.0,20800.0,20050.0,20600.0,12661900
2024-06-21,19315.068359375,20000.0,20300.0,19850.0,20250.0,12265100
2024-06-24,19266.78125,19950.0,20500.0,19900.0,19900.0,10146400
2024-06-25,20570.548828125,21300.0,21300.0,20050.0,20100.0,25463000
2024-06-26,20087.671875,20800.0,21500.0,20750.0,21500.0,5887300
2024-06-27,19701.369140625,20400.0,20950.0,20350.0,20800.0,7612600
2024-06-28,19749.658203125,20450.0,21200.0,20400.0,20400.0,12792300
2024-07-01,21101.712890625,21850.0,21850.0,20600.0,20700.0,13748100
2024-07-02,20956.849609375,21700.0,22000.0,21600.0,21900.0,8412700
2024-07-03,20570.548828125,21300.0,21600.0,20950.0,21550.0,34019400
2024-07-04,20522.259765625,21250.0,21700.0,21100.0,21300.0,11937600
2024-07-05,20087.671875,20800.0,21400.0,20700.0,21400.0,19509000
2024-07-08,19604.794921875,20300.0,20800.0,20300.0,20800.0,18447500
2024-07-09,19797.9453125,20500.0,20700.0,20200.0,20300.0,10564600
2024-07-10,19846.232421875,20550.0,21050.0,20550.0,20600.0,9607200
2024-07-11,19991.095703125,20700.0,21050.0,20650.0,20700.0,9049100
2024-07-12,20039.384765625,20750.0,21250.0,20650.0,20750.0,8545000
2024-07-15,19653.08203125,20350.0,20950.0,20350.0,20900.0,11248900
2024-07-16,19508.21875,20200.0,20550.0,20150.0,20400.0,10324900
2024-07-17,19073.630859375,19750.0,20350.0,19750.0,20300.0,17511300
2024-07-18,19459.931640625,20150.0,20150.0,19600.0,19800.0,9699200
2024-07-19,19218.494140625,19900.0,20300.0,19850.0,20250.0,5274100
2024-07-22,19363.35546875,20050.0,20150.0,19600.0,19900.0,7586900
2024-07-23,19363.35546875,20050.0,20400.0,19950.0,20250.0,8859200
2024-07-24,19459.931640625,20150.0,20200.0,19800.0,20050.0,5260200
2024-07-25,19025.341796875,19700.0,20450.0,19700.0,20100.0,14310000
2024-07-26,18639.041015625,19300.0,19850.0,19200.0,19800.0,14275800
2024-07-29,18301.02734375,18950.0,19550.0,18950.0,19400.0,9488900
2024-07-30,18107.876953125,18750.0,18950.0,18550.0,18850.0,10130800
2024-07-31,17963.013671875,18600.0,19100.0,18550.0,18800.0,6988200
2024-08-01,17576.712890625,18200.0,18850.0,17800.0,18650.0,13055900
2024-08-02,17335.2734375,17950.0,18150.0,17750.0,17950.0,9306900
2024-08-05,16224.658203125,16800.0,17850.0,16800.0,17750.0,13626200
2024-08-06,16417.80859375,17000.0,17200.0,16700.0,17000.0,12005000
2024-08-07,17383.5625,18000.0,18150.0,17650.0,17700.0,21450600
2024-08-08,17045.548828125,17650.0,18000.0,17450.0,17900.0,8490200
2024-08-09,16900.685546875,17500.0,17800.0,17350.0,17800.0,4712100
2024-08-12,16804.109375,17400.0,17650.0,17250.0,17450.0,4950200
2024-08-13,16852.396484375,17450.0,17700.0,17350.0,17400.0,4207100
2024-08-14,17383.5625,18000.0,18150.0,17500.0,17500.0,12337200
2024-08-15,17190.412109375,17800.0,18250.0,17800.0,18050.0,7865700
2024-08-16,17673.287109375,18300.0,18450.0,17900.0,17950.0,8623500
2024-08-19,17673.287109375,18300.0,18450.0,18200.0,18450.0,6788300
2024-08-20,18107.876953125,18750.0,19000.0,18250.0,18250.0,13861700
2024-08-21,18252.740234375,18900.0,18900.0,18650.0,18750.0,6213600
2024-08-22,19025.341796875,19700.0,20150.0,18900.0,18900.0,22027900
2024-08-23,18832.19140625,19500.0,19850.0,19400.0,19800.0,7332100
2024-08-26,19170.205078125,19850.0,20100.0,19600.0,19700.0,10385400
2024-08-27,19363.35546875,20050.0,20650.0,19750.0,19850.0,15093200
2024-08-28,18832.19140625,19500.0,20200.0,19500.0,20150.0,12575200
2024-08-29,18590.75390625,19250.0,19750.0,19150.0,19500.0,12572000
2024-08-30,18542.466796875,19200.0,19450.0,19200.0,19350.0,7658100
2024-09-04,19025.341796875,19700.0,19700.0,18850.0,19000.0,11532600
2024-09-05,19025.341796875,19700.0,20350.0,19650.0,19800.0,12485100
2024-09-06,19411.64453125,20100.0,20100.0,19400.0,19750.0,11269400
2024-09-09,19411.64453125,20100.0,20250.0,19850.0,19950.0,7303300
2024-09-10,18542.466796875,19200.0,20300.0,19050.0,20200.0,19049800
2024-09-11,18445.890625,19100.0,19350.0,18600.0,19200.0,8396500
2024-09-12,18349.314453125,19000.0,19350.0,19000.0,19300.0,3212500
2024-09-13,18639.041015625,19300.0,19400.0,18850.0,19100.0,4986800
2024-09-16,18252.740234375,18900.0,19400.0,18900.0,19300.0,5645600
2024-09-17,18735.6171875,19400.0,19400.0,18900.0,19000.0,6036500
2024-09-18,18494.177734375,19150.0,19750.0,19150.0,19450.0,8583000
2024-09-19,18783.904296875,19450.0,19450.0,19200.0,19250.0,4719500
2024-09-20,18832.19140625,19500.0,19750.0,19400.0,19650.0,12860100
2024-09-23,18349.314453125,19000.0,19550.0,19000.0,19500.0,10845800
2024-09-24,18397.603515625,19050.0,19100.0,18900.0,19050.0,5918900
2024-09-25,18445.890625,19100.0,19300.0,19050.0,19300.0,7600900
2024-09-26,18542.466796875,19200.0,19400.0,19150.0,19250.0,6640500
2024-09-27,18735.6171875,19400.0,19700.0,19150.0,19300.0,11672700
2024-09-30,18445.890625,19100.0,19400.0,19100.0,19400.0,6834300
2024-10-01,18735.6171875,19400.0,19550.0,19100.0,19150.0,9870100
2024-10-02,18494.177734375,19150.0,19350.0,19100.0,19250.0,5084600
2024-10-03,18011.30078125,18650.0,19250.0,18600.0,19150.0,14455900
2024-10-04,17673.287109375,18300.0,18650.0,18250.0,18650.0,9504200
2024-10-07,17625.0,18250.0,18500.0,18150.0,18450.0,4876600
2024-10-08,17721.576171875,18350.0,18400.0,18150.0,18300.0,3231300
2024-10-09,17866.439453125,18500.0,18500.0,18250.0,18300.0,3292200
2024-10-10,17818.150390625,18450.0,18700.0,18450.0,18600.0,3633500
2024-10-11,18349.314453125,19000.0,19100.0,18350.0,18500.0,12919000
2024-10-14,18494.177734375,19150.0,19600.0,19050.0,19400.0,11560900
2024-10-15,18156.1640625,18800.0,19200.0,18800.0,19150.0,6684800
2024-10-16,18059.58984375,18700.0,18900.0,18650.0,18800.0,4185200
2024-10-17,18107.876953125,18750.0,18850.0,18600.0,18700.0,5000900
2024-10-18,18107.876953125,18750.0,19100.0,18750.0,18950.0,5084500
2024-10-21,18445.890625,19100.0,19300.0,18750.0,18800.0,11488800
2024-10-22,17963.013671875,18600.0,19150.0,18550.0,19100.0,9087500
2024-10-23,18011.30078125,18650.0,19050.0,18600.0,18650.0,6222700
2024-10-24,17528.42578125,18150.0,18700.0,18150.0,18700.0,10654400
2024-10-25,17528.42578125,18150.0,18300.0,18100.0,18250.0,4770300
2024-10-28,17480.13671875,18100.0,18250.0,18100.0,18200.0,3242500
2024-10-29,17528.42578125,18150.0,18300.0,18100.0,18150.0,3815600
2024-10-30,17576.712890625,18200.0,18300.0,18050.0,18200.0,4299200
2024-10-31,17238.69921875,17850.0,18200.0,17850.0,18200.0,6931800
2024-11-01,17142.123046875,17750.0,17950.0,17700.0,17850.0,10571700
2024-11-04,17093.8359375,17700.0,17850.0,17550.0,17800.0,4921400
2024-11-05,17142.123046875,17750.0,17850.0,17600.0,17600.0,2633700
2024-11-06,17431.849609375,18050.0,18050.0,17800.0,17900.0,2971100
2024-11-07,17431.849609375,18050.0,18300.0,18050.0,18200.0,2770700
2024-11-08,17335.2734375,17950.0,18150.0,17750.0,18150.0,4487200
2024-11-11,17383.5625,18000.0,18000.0,17600.0,17800.0,5983800
2024-11-12,17383.5625,18000.0,18200.0,17850.0,17850.0,4570800
2024-11-13,17480.13671875,18100.0,18200.0,17950.0,18000.0,6231800
2024-11-14,17480.13671875,18100.0,18650.0,18100.0,18100.0,11403800
2024-11-15,17576.712890625,18200.0,18500.0,18050.0,18150.0,10515600
2024-11-18,17480.13671875,18100.0,18500.0,18100.0,18200.0,7123800
2024-11-19,17286.986328125,17900.0,18250.0,17900.0,18100.0,4931300
2024-11-20,17286.986328125,17900.0,18150.0,17750.0,17900.0,9344600
2024-11-21,17576.712890625,18200.0,18200.0,17950.0,18000.0,6395700
2024-11-22,17480.13671875,18100.0,18300.0,18100.0,18200.0,5011100
2024-11-25,17625.0,18250.0,18350.0,18100.0,18100.0,4345600
2024-11-26,17673.287109375,18300.0,18450.0,18200.0,18250.0,4397100
2024-11-27,17480.13671875,18100.0,18350.0,18050.0,18300.0,3678700
2024-11-28,17383.5625,18000.0,18250.0,17900.0,18250.0,5075200
2024-11-29,17286.986328125,17900.0,18000.0,17800.0,17950.0,7796000
2024-12-02,17238.69921875,17850.0,18000.0,17700.0,17900.0,7004000
2024-12-03,17093.8359375,17700.0,17850.0,17700.0,17850.0,4707800
2024-12-04,16707.53515625,17300.0,17700.0,17200.0,17650.0,10716000
2024-12-05,17238.69921875,17850.0,17900.0,17350.0,17400.0,6615400
2024-12-06,17093.8359375,17700.0,17900.0,17650.0,17750.0,6189500
2024-12-09,17093.8359375,17700.0,17850.0,17700.0,17700.0,4682100
2024-12-10,16948.97265625,17550.0,17800.0,17500.0,17700.0,4540800
2024-12-11,16755.822265625,17350.0,17650.0,17350.0,17600.0,8251600
2024-12-12,16707.53515625,17300.0,17500.0,17300.0,17500.0,4406000
2024-12-13,16755.822265625,17350.0,17400.0,17200.0,17300.0,3566800
2024-12-16,16707.53515625,17300.0,17450.0,17200.0,17350.0,3468400
2024-12-17,16562.671875,17150.0,17350.0,17100.0,17300.0,5731600
2024-12-18,16514.3828125,17100.0,17200.0,17100.0,17150.0,4496000
2024-12-19,16466.095703125,17050.0,17250.0,16950.0,17050.0,6408800
2024-12-20,16466.095703125,17050.0,17150.0,17000.0,17050.0,3568200
2024-12-23,16466.095703125,17050.0,17200.0,17000.0,17150.0,4976400
2024-12-24,16466.095703125,17050.0,17100.0,16900.0,17050.0,6940200
2024-12-25,16707.53515625,17300.0,17500.0,17050.0,17050.0,9435700
2024-12-26,16562.671875,17150.0,17450.0,17150.0,17350.0,3726700
2024-12-27,16562.671875,17150.0,17250.0,17000.0,17200.0,5865200
2024-12-30,16562.671875,17150.0,17150.0,17000.0,17050.0,5681900
2024-12-31,16562.671875,17150.0,17300.0,17050.0,17050.0,4645500
2025-01-02,16707.53515625,17300.0,17450.0,17200.0,17200.0,6915200
2025-01-03,16610.958984375,17200.0,17450.0,17150.0,17350.0,2701100
2025-01-06,16562.671875,17150.0,17250.0,17000.0,17200.0,4480900
2025-01-07,16369.5205078125,16950.0,17150.0,16800.0,17050.0,7224500
2025-01-08,16369.5205078125,16950.0,16950.0,16800.0,16900.0,3265700
2025-01-09,16417.80859375,17000.0,17150.0,16800.0,16900.0,3344000
2025-01-10,16272.9453125,16850.0,17050.0,16650.0,17000.0,8897000
2025-01-13,16128.08203125,16700.0,16850.0,16500.0,16800.0,4774200
2025-01-14,15548.6298828125,16100.0,16650.0,16100.0,16650.0,6583700
2025-01-15,15934.931640625,16500.0,16500.0,16100.0,16200.0,8227500
2025-01-16,15934.931640625,16500.0,16500.0,16100.0,16200.0,8227500
2025-01-17,15983.2197265625,16550.0,16600.0,16450.0,16500.0,4432800
2025-01-20,16031.5068359375,16600.0,16850.0,16500.0,16500.0,6900600
2025-01-21,16031.5068359375,16600.0,16750.0,16500.0,16750.0,3529400
2025-01-22,15741.78125,16300.0,16600.0,16300.0,16600.0,3206000
2025-01-23,15886.6435546875,16450.0,16500.0,16200.0,16200.0,4626700
2025-01-24,15983.2197265625,16550.0,16650.0,16300.0,16450.0,5325000
2025-01-27,15983.2197265625,16550.0,16550.0,16550.0,16550.0,0
2025-01-28,15983.2197265625,16550.0,16550.0,16550.0,16550.0,0
2025-01-29,15983.2197265625,16550.0,16550.0,16550.0,16550.0,0
2025-01-30,15983.2197265625,16550.0,16550.0,16550.0,16550.0,0
2025-01-31,15983.2197265625,16550.0,16550.0,16550.0,16550.0,0
2025-02-03,15741.78125,16300.0,16500.0,16150.0,16500.0,6103500
2025-02-04,15741.78125,16300.0,16400.0,16200.0,16300.0,4430300
2025-02-05,16272.9453125,16850.0,17100.0,16350.0,16350.0,13551200
2025-02-06,16128.08203125,16700.0,16900.0,16700.0,16900.0,3805000
2025-02-07,16272.9453125,16850.0,16900.0,16600.0,16650.0,6185200
2025-02-10,16031.5068359375,16600.0,16750.0,16550.0,16700.0,5381200
2025-02-11,15838.3564453125,16400.0,16600.0,16300.0,16600.0,6501700
2025-02-12,15838.3564453125,16400.0,16600.0,16400.0,16550.0,2712700
2025-02-13,16079.794921875,16650.0,16700.0,16400.0,16400.0,4323500
2025-02-14,16031.5068359375,16600.0,16800.0,16550.0,16700.0,5337400
2025-02-17,15886.6435546875,16450.0,16700.0,16400.0,16600.0,6732800
2025-02-18,16272.9453125,16850.0,17050.0,16450.0,16500.0,10881800
2025-02-19,16610.958984375,17200.0,17300.0,16800.0,16900.0,11283100
2025-02-20,16755.822265625,17350.0,17450.0,17250.0,17250.0,10812700
2025-02-21,16659.24609375,17250.0,17400.0,17100.0,17350.0,8867700
2025-02-24,16755.822265625,17350.0,17350.0,17100.0,17200.0,7296500
2025-02-25,16659.24609375,17250.0,17500.0,17250.0,17400.0,5837200
2025-02-26,16562.671875,17150.0,17350.0,17000.0,17250.0,5280100
2025-02-27,16610.958984375,17200.0,17200.0,16900.0,17150.0,8005700
2025-02-28,16804.109375,17400.0,17650.0,17200.0,17250.0,11416300
2025-03-03,17093.8359375,17700.0,17950.0,17350.0,17350.0,12108200
2025-03-04,17093.8359375,17700.0,17800.0,17550.0,17600.0,11254500
2025-03-05,17142.123046875,17750.0,18050.0,17600.0,17700.0,12706900
2025-03-06,17238.69921875,17850.0,17950.0,17650.0,17750.0,7172100
2025-03-07,17576.712890625,18200.0,18500.0,17800.0,17850.0,16865500
2025-03-10,17625.0,18250.0,18450.0,18200.0,18350.0,8696300
2025-03-11,17576.712890625,18200.0,18250.0,17700.0,17900.0,8111000
2025-03-12,17673.287109375,18300.0,18450.0,18150.0,18200.0,11789600
2025-03-13,18156.1640625,18800.0,19200.0,18250.0,18300.0,29808500
2025-03-14,18107.876953125,18750.0,19100.0,18700.0,18900.0,11422100
2025-03-17,18059.58984375,18700.0,18800.0,18600.0,18650.0,9392000
2025-03-18,17818.150390625,18450.0,18800.0,18400.0,18700.0,12489700
2025-03-19,17818.150390625,18450.0,18500.0,18100.0,18350.0,11508000
2025-03-20,17769.86328125,18400.0,18750.0,18300.0,18500.0,3614700
2025-03-21,17818.150390625,18450.0,18500.0,18150.0,18400.0,9853900
2025-03-24,18494.177734375,19150.0,19200.0,18400.0,18450.0,19774400
2025-03-25,19121.91796875,19800.0,20300.0,19100.0,19200.0,30908400
2025-03-26,19266.78125,19950.0,20150.0,19750.0,19950.0,22377500
2025-03-27,18977.0546875,19650.0,20050.0,19600.0,19950.0,9652800
2025-03-28,18832.19140625,19500.0,19650.0,19350.0,19600.0,9353000
2025-03-31,18494.177734375,19150.0,19450.0,19050.0,19300.0,11536000
2025-04-01,19315.068359375,20000.0,20100.0,19250.0,19350.0,16455600
2025-04-02,19459.931640625,20150.0,20550.0,19900.0,20200.0,22985300
2025-04-03,18107.876953125,18750.0,19600.0,18750.0,19300.0,18588500
2025-04-04,18156.1640625,18800.0,18800.0,17450.0,17450.0,27118700
2025-04-08,16900.685546875,17500.0,18150.0,17500.0,18000.0,20763200
2025-04-09,17383.5625,18000.0,18350.0,16500.0,16500.0,24614200
2025-04-10,18590.75390625,19250.0,19250.0,19250.0,19250.0,1890900
2025-04-11,18735.6171875,19400.0,19600.0,18850.0,19100.0,16425100
2025-04-14,19604.794921875,20300.0,20350.0,19250.0,19500.0,18452000
2025-04-15,19604.794921875,20300.0,20700.0,19950.0,20300.0,19239000
2025-04-16,19701.369140625,20400.0,21100.0,20150.0,20200.0,19670700
2025-04-17,19701.369140625,20400.0,20600.0,20100.0,20250.0,9657700
2025-04-18,19701.369140625,20400.0,21000.0,19550.0,20450.0,18997200
2025-04-21,19701.369140625,20400.0,20650.0,20050.0,20050.0,13359200
2025-04-22,19894.521484375,20600.0,20600.0,19300.0,20350.0,19583700
2025-04-23,21198.287109375,21950.0,22000.0,20700.0,20950.0,26859000
2025-04-24,22019.177734375,22800.0,23100.0,21800.0,22000.0,16543000
2025-04-25,22019.177734375,22800.0,22850.0,22300.0,22800.0,18916200
2025-04-28,22308.904296875,23100.0,23500.0,22550.0,22800.0,14336300
2025-04-29,22840.068359375,23650.0,23950.0,22200.0,22900.0,19406900
2025-04-30,22840.068359375,23650.0,23650.0,23650.0,23650.0,0
2025-05-01,22840.068359375,23650.0,23650.0,23650.0,23650.0,0
2025-05-02,22840.068359375,23650.0,23650.0,23650.0,23650.0,0
2025-05-05,22840.068359375,23650.0,23650.0,23650.0,23650.0,0
2025-05-06,24047.259765625,24900.0,24900.0,23450.0,23550.0,13894100
2025-05-07,24047.259765625,24900.0,24950.0,24400.0,24950.0,14299500
2025-05-08,24047.259765625,24900.0,24950.0,24550.0,24850.0,10299900
2025-05-09,24143.8359375,25000.0,25600.0,24650.0,24800.0,8070800
2025-05-12,24143.8359375,25000.0,25000.0,25000.0,25000.0,0
2025-05-13,24626.712890625,25500.0,25600.0,24850.0,25000.0,6970400
2025-05-14,24530.13671875,25400.0,25500.0,24750.0,25500.0,11591700
2025-05-15,23854.109375,24700.0,25500.0,24350.0,24950.0,12161100
2025-05-16,23322.9453125,24150.0,24500.0,23000.0,24500.0,28934800
2025-05-19,23902.3984375,24750.0,25200.0,24250.0,24500.0,10039000
2025-05-20,23902.3984375,24750.0,25200.0,24250.0,24500.0,10039000
2025-05-21,24916.439453125,25800.0,25900.0,24700.0,24750.0,15404600
2025-05-22,24868.150390625,25750.0,26300.0,25350.0,26200.0,10755400
2025-05-23,24481.849609375,25350.0,26050.0,25100.0,25650.0,13504200
2025-05-26,24626.712890625,25500.0,25650.0,24500.0,25600.0,8734200
2025-05-27,24626.712890625,25500.0,25650.0,24500.0,25600.0,8734200
2025-05-28,24433.5625,25300.0,25750.0,25250.0,25500.0,11529600
2025-05-29,25785.6171875,26700.0,26800.0,25350.0,25550.0,16719800
2025-05-30,26703.08203125,27650.0,27700.0,26800.0,26800.0,16071500
2025-06-02,25785.6171875,26700.0,27350.0,26250.0,27100.0,9428800
2025-06-03,25785.6171875,26700.0,27350.0,26250.0,27100.0,9428800
2025-06-04,25592.466796875,26500.0,27000.0,26100.0,26450.0,8760100
2025-06-05,26027.0546875,26950.0,27000.0,26200.0,26200.0,8610700
2025-06-06,26075.34375,27000.0,27000.0,26400.0,26800.0,6679200
2025-06-09,24675.0,25550.0,26400.0,25550.0,26100.0,6911700
2025-06-10,24675.0,25550.0,26400.0,25550.0,26100.0,6911700
2025-06-11,25592.466796875,26500.0,26500.0,24950.0,25000.0,8419800
2025-06-12,25206.1640625,26100.0,26500.0,25450.0,26500.0,5462700
2025-06-13,24336.986328125,25200.0,26300.0,25200.0,26200.0,4814800
2025-06-16,23660.958984375,24500.0,24650.0,24100.0,24550.0,4654300
2025-06-17,23660.958984375,24500.0,24650.0,24100.0,24550.0,4654300
2025-06-18,23709.24609375,24550.0,25500.0,24450.0,24500.0,4824800
2025-06-19,23805.822265625,24650.0,24800.0,24400.0,24550.0,2184400
2025-06-20,23854.109375,24700.0,24900.0,24400.0,24500.0,3163600
2025-06-23,23902.3984375,24750.0,25100.0,23800.0,24300.0,6222100
2025-06-24,23902.3984375,24750.0,25100.0,23800.0,24300.0,6222100
2025-06-25,24047.259765625,24900.0,25300.0,24800.0,25100.0,5022800
2025-06-26,23805.822265625,24650.0,25250.0,24650.0,24950.0,4185200
2025-06-27,23660.958984375,24500.0,24800.0,24500.0,24700.0,2339400
2025-06-30,23805.822265625,24650.0,24950.0,24550.0,24800.0,3083800
2025-07-01,23805.822265625,24650.0,24950.0,24550.0,24800.0,3083800
2025-07-02,23950.685546875,24800.0,24800.0,24450.0,24650.0,2538400
2025-07-03,24336.986328125,25200.0,25350.0,24600.0,24800.0,3831600
2025-07-04,24192.123046875,25050.0,25200.0,24750.0,25200.0,6855300
2025-07-07,24626.712890625,25500.0,25600.0,25100.0,25200.0,3747000
2025-07-08,24626.712890625,25500.0,25600.0,25100.0,25200.0,3747000
2025-07-09,24916.439453125,25800.0,25800.0,25350.0,25700.0,3443700
2025-07-10,25882.19140625,26800.0,26800.0,25750.0,26000.0,7759900
2025-07-11,27475.685546875,28450.0,28500.0,27000.0,27000.0,13962700
2025-07-14,27668.8359375,28650.0,29100.0,27950.0,28900.0,6658200
2025-07-15,27668.8359375,28650.0,29100.0,27950.0,28900.0,6658200
2025-07-16,27185.958984375,28150.0,28600.0,28050.0,28500.0,4647500
2025-07-17,27813.69921875,28800.0,28800.0,27950.0,28050.0,5861400
2025-07-18,28731.1640625,29750.0,29950.0,28500.0,28850.0,8809200
2025-07-21,28006.849609375,29000.0,29450.0,28800.0,29450.0,5258300
2025-07-22,28006.849609375,29000.0,29450.0,28800.0,29450.0,5258300
2025-07-23,28972.603515625,30000.0,30000.0,28500.0,28750.0,5086200
2025-07-24,28248.287109375,29250.0,30000.0,29250.0,30000.0,4012000
2025-07-25,28779.453125,29800.0,29800.0,28450.0,29300.0,4625400
2025-07-28,28344.86328125,29350.0,29800.0,29100.0,29800.0,4276400
2025-07-29,28344.86328125,29350.0,29800.0,29100.0,29800.0,4276400
2025-07-30,27041.095703125,28000.0,29500.0,28000.0,29400.0,8023000
2025-07-31,27137.671875,28100.0,28300.0,27000.0,27850.0,6229900
2025-08-01,27137.671875,28100.0,28400.0,27550.0,27600.0,5569600
2025-08-04,28103.42578125,29100.0,29150.0,28300.0,28400.0,4250700
2025-08-05,28103.42578125,29100.0,29150.0,28300.0,28400.0,4250700
2025-08-06,29890.068359375,30950.0,31000.0,29000.0,29350.0,12353200
2025-08-07,29069.177734375,30100.0,30900.0,29850.0,30800.0,4813500
2025-08-08,29455.48046875,30500.0,30500.0,29200.0,30100.0,6151200
2025-08-11,28344.86328125,29350.0,29900.0,29300.0,29650.0,4094300
2025-08-12,28344.86328125,29350.0,29900.0,29300.0,29650.0,4094300
2025-08-13,28441.439453125,29450.0,29750.0,29350.0,29350.0,4346600
2025-08-14,28441.439453125,29450.0,29650.0,28650.0,29450.0,7518200
2025-08-15,29117.466796875,30150.0,30400.0,29100.0,29500.0,8269000
2025-08-18,28924.314453125,29950.0,30200.0,29300.0,30200.0,4719500
2025-08-19,28924.314453125,29950.0,30200.0,29300.0,30200.0,4719500
2025-08-20,28924.314453125,29950.0,29950.0,29200.0,29500.0,8363700
2025-08-21,28972.603515625,30000.0,30700.0,29400.0,29900.0,11045900
2025-08-22,29358.904296875,30400.0,30500.0,29500.0,30000.0,7598200
2025-08-25,28972.603515625,30000.0,30800.0,29400.0,30100.0,6458300
2025-08-26,28972.603515625,30000.0,30800.0,29400.0,30100.0,6458300
2025-08-27,30228.08203125,31300.0,31700.0,29850.0,30200.0,8904200
2025-08-28,29552.0546875,30600.0,31300.0,30550.0,31250.0,4508200
2025-08-29,29648.630859375,30700.0,30750.0,30000.0,30600.0,5267000
2025-09-01,29648.630859375,30700.0,30700.0,30700.0,30700.0,0
2025-09-02,29648.630859375,30700.0,30700.0,30700.0,30700.0,0
2025-09-03,29117.466796875,30150.0,30300.0,29900.0,30000.0,6885100
2025-09-04,29117.466796875,30150.0,30300.0,29900.0,30000.0,6885100
2025-09-05,29262.330078125,30300.0,30400.0,29900.0,30400.0,4316100
2025-09-08,29262.330078125,30300.0,30850.0,30250.0,30300.0,4186600
2025-09-09,29262.330078125,30300.0,30850.0,30250.0,30300.0,4186600
2025-09-10,29262.330078125,30300.0,30550.0,30100.0,30300.0,2922000
2025-09-11,29552.0546875,30600.0,30600.0,30050.0,30450.0,2722200
2025-09-12,30034.931640625,31100.0,31750.0,30250.0,30600.0,4984300
2025-09-15,29600.34375,30650.0,31100.0,30550.0,30750.0,3038800
2025-09-16,29600.34375,30650.0,31100.0,30550.0,30750.0,3038800
2025-09-17,29552.0546875,30600.0,31100.0,30600.0,30950.0,2795800
2025-09-18,29165.75390625,30200.0,30900.0,30200.0,30550.0,4134100
2025-09-19,29165.75390625,30200.0,31500.0,30050.0,30050.0,6786300
2025-09-22,27813.69921875,28800.0,29800.0,28400.0,29600.0,6309100
2025-09-23,27813.69921875,28800.0,29800.0,28400.0,29600.0,6309100
2025-09-24,27330.822265625,28300.0,28800.0,28300.0,28500.0,3505100
2025-09-25,28006.849609375,29000.0,29150.0,27850.0,28300.0,3542100
2025-09-26,28393.150390625,29400.0,29550.0,28800.0,29000.0,3095400
2025-09-29,28972.603515625,30000.0,30050.0,28800.0,29100.0,4493600
2025-09-30,28972.603515625,30000.0,30050.0,28800.0,29100.0,4493600
2025-10-01,31000.685546875,32100.0,32100.0,30300.0,30400.0,17459400
2025-10-02,32014.7265625,33150.0,34300.0,32500.0,32500.0,11521500
2025-10-03,30662.671875,31750.0,33500.0,31750.0,33200.0,6929900
2025-10-06,33801.37109375,35000.0,35000.0,33300.0,34500.0,16082700
2025-10-07,33801.37109375,35000.0,35000.0,33300.0,34500.0,16082700
2025-10-08,33801.37109375,35000.0,36600.0,35000.0,36000.0,12556500
2025-10-09,35056.8515625,36300.0,36450.0,34150.0,35300.0,17296100
2025-10-10,36698.62890625,38000.0,38800.0,36100.0,36500.0,25692700
2025-10-13,41527.3984375,43000.0,43000.0,40350.0,40400.0,27893300
2025-10-14,41527.3984375,43000.0,43000.0,40350.0,40400.0,27893300
2025-10-15,41285.9609375,42750.0,45200.0,42700.0,44100.0,32089100
2025-10-16,40465.0703125,41900.0,43050.0,41050.0,42650.0,19684200
2025-10-17,41913.69921875,43400.0,43500.0,41000.0,42200.0,17983400
2025-10-20,36843.4921875,38150.0,41300.0,38150.0,39500.0,18979900
2025-10-21,36843.4921875,38150.0,41300.0,38150.0,39500.0,18979900
2025-10-22,37471.234375,38800.0,39450.0,36550.0,38050.0,17634200
2025-10-23,37664.3828125,39000.0,39400.0,36350.0,39400.0,14611500
2025-10-24,38050.68359375,39400.0,39950.0,37600.0,38900.0,10632500
2025-10-27,34863.69921875,36100.0,39750.0,36100.0,39000.0,12570400
2025-10-28,34863.69921875,36100.0,39750.0,36100.0,39000.0,12570400
2025-10-29,35539.7265625,36800.0,37000.0,33600.0,34750.0,28526100
2025-10-30,34718.8359375,35950.0,37100.0,35050.0,37100.0,8951300
2025-10-31,33415.0703125,34600.0,35950.0,34100.0,35950.0,9832700
2025-11-03,30276.37109375,31350.0,33800.0,31350.0,33250.0,16286200
2025-11-04,32352.740234375,33500.0,33500.0,31350.0,31350.0,11076100
2025-11-05,32352.740234375,33500.0,33500.0,31350.0,31350.0,11076100
2025-11-06,30904.109375,32000.0,32550.0,31800.0,32000.0,8062400
2025-11-07,30276.37109375,31350.0,31850.0,30200.0,31800.0,14429600
2025-11-10,28779.453125,29800.0,31300.0,29800.0,31300.0,8905300
2025-11-11,29986.64453125,31050.0,31450.0,29750.0,29800.0,10444200
2025-11-12,31676.712890625,32800.0,32850.0,31100.0,31250.0,8248200
2025-11-13,30855.822265625,31950.0,32700.0,31800.0,32700.0,5900500
2025-11-14,31000.685546875,32100.0,32100.0,31550.0,31650.0,5608700
2025-11-17,31097.259765625,32200.0,33050.0,32050.0,32250.0,7528900
2025-11-18,31242.123046875,32350.0,32500.0,32050.0,32200.0,5069300
2025-11-19,30517.80859375,31600.0,32300.0,31550.0,32300.0,6884500
2025-11-20,30904.109375,32000.0,32450.0,31700.0,31750.0,5225000
2025-11-21,31097.259765625,32200.0,32300.0,31500.0,31800.0,5864200
2025-11-24,33270.20703125,34450.0,34450.0,32250.0,32300.0,26444000
2025-11-25,32256.1640625,33400.0,35400.0,33300.0,35400.0,12123000
2025-11-26,32690.75390625,33850.0,34400.0,33350.0,33500.0,7893300
2025-11-27,32497.603515625,33650.0,34900.0,33650.0,34100.0,7224500
2025-11-28,33077.0546875,34250.0,34250.0,33150.0,33650.0,9244100
2025-12-01,33704.79296875,34900.0,35700.0,34400.0,34600.0,11792100
2025-12-02,33704.79296875,34900.0,34900.0,33600.0,34900.0,10035200
2025-12-03,33318.4921875,34500.0,34850.0,33850.0,34850.0,7974700
2025-12-04,33318.4921875,34500.0,34850.0,33850.0,34850.0,7974700
2025-12-05,32642.466796875,33800.0,34900.0,33750.0,34400.0,7428400
2025-12-08,31821.576171875,32950.0,34050.0,32800.0,33800.0,7479300
2025-12-09,30904.109375,32000.0,33400.0,31300.0,32950.0,11236500
2025-12-10,28972.603515625,30000.0,32000.0,30000.0,31900.0,13287200
2025-12-11,28489.7265625,29500.0,30700.0,29500.0,30100.0,8031400
2025-12-12,26509.931640625,27450.0,30050.0,27450.0,30000.0,14302200
2025-12-15,27910.2734375,28900.0,29350.0,27450.0,27450.0,11731800
2025-12-16,28586.30078125,29600.0,29600.0,28150.0,29200.0,7805400
2025-12-17,28682.876953125,29700.0,30800.0,28950.0,29550.0,8617800
2025-12-18,28682.876953125,29700.0,30800.0,28950.0,29550.0,8617800
2025-12-19,30614.384765625,31700.0,31800.0,30200.0,30350.0,10546100
2025-12-22,31869.86328125,33000.0,33000.0,31000.0,31900.0,9656000
2025-12-23,33077.0546875,34250.0,35000.0,32400.0,32700.0,14877500
2025-12-24,33463.35546875,34650.0,34750.0,33200.0,34450.0,9103700
2025-12-25,33463.35546875,34650.0,34750.0,33200.0,34450.0,9103700
2025-12-26,30904.109375,32000.0,32000.0,30000.0,30000.0,20927400
2025-12-29,32063.013671875,33200.0,33950.0,31300.0,32000.0,7573400
2025-12-30,31676.712890625,32800.0,33600.0,32000.0,33500.0,8839700
2025-12-31,32497.603515625,33650.0,33800.0,32200.0,32500.0,9567900
2026-01-01,32497.603515625,33650.0,33650.0,33650.0,33650.0,0
2026-01-02,32497.603515625,33650.0,33650.0,33650.0,33650.0,0
2026-01-05,34380.82421875,35600.0,35850.0,33800.0,33900.0,13719300
2026-01-06,36746.91796875,38050.0,38050.0,35700.0,36100.0,21287500
2026-01-07,37229.796875,38550.0,39500.0,36600.0,38800.0,11861100
2026-01-08,34670.546875,35900.0,38500.0,35900.0,38400.0,16566300
2026-01-09,33801.37109375,35000.0,36050.0,34500.0,35600.0,15581100
2026-01-12,31483.5625,32600.0,35000.0,32550.0,34500.0,25316700
2026-01-13,32401.02734375,33550.0,34450.0,32350.0,32350.0,10555700
2026-01-14,30710.958984375,31800.0,33550.0,31450.0,33550.0,16104600
2026-01-15,30372.9453125,31450.0,31500.0,29800.0,31500.0,16477000
2026-01-16,30904.109375,32000.0,32500.0,31600.0,31600.0,9250200
2026-01-19,30904.109375,32000.0,32600.0,31150.0,32550.0,8573500
2026-01-20,30083.21875,31150.0,32000.0,31000.0,31650.0,10790100
2026-01-21,30179.794921875,31250.0,31750.0,31000.0,31100.0,6966700
2026-01-22,30759.24609375,31850.0,32150.0,31000.0,31200.0,7252900
2026-01-23,31290.412109375,32400.0,33000.0,31850.0,32150.0,7919100
2026-01-26,29938.357421875,31000.0,32500.0,30750.0,32500.0,6004100
2026-01-27,29841.78125,30900.0,31000.0,29200.0,31000.0,10746100
2026-01-28,28103.42578125,29100.0,30800.0,28750.0,30450.0,14010100
2026-01-29,28972.603515625,30000.0,30000.0,29050.0,29850.0,3830500
2026-01-30,29165.75390625,30200.0,30200.0,29500.0,29900.0,6955000
2026-02-02,27137.671875,28100.0,29900.0,28100.0,29800.0,13210300
2026-02-03,27427.3984375,28400.0,29100.0,28100.0,28500.0,7761900
2026-02-04,27282.53515625,28250.0,28600.0,27100.0,28500.0,11640600
2026-02-05,27813.69921875,28800.0,29950.0,28050.0,28050.0,13569200
2026-02-06,27089.384765625,28050.0,29250.0,28000.0,28300.0,8635700
2026-02-09,27234.24609375,28200.0,28200.0,27450.0,28200.0,5565300
2026-02-10,27958.5625,28950.0,29550.0,27900.0,28100.0,11245800
2026-02-11,28393.150390625,29400.0,29450.0,28800.0,29000.0,6146600
2026-02-12,28924.314453125,29950.0,30250.0,29200.0,29500.0,7592200
2026-02-13,28779.453125,29800.0,30000.0,29100.0,30000.0,7063500
2026-02-16,28779.453125,29800.0,29800.0,29800.0,29800.0,0
2026-02-17,28779.453125,29800.0,29800.0,29800.0,29800.0,0
2026-02-18,28779.453125,29800.0,29800.0,29800.0,29800.0,0
2026-02-19,28779.453125,29800.0,29800.0,29800.0,29800.0,0
2026-02-20,28779.453125,29800.0,29800.0,29800.0,29800.0,0
2026-02-23,28972.603515625,30000.0,30100.0,29400.0,30000.0,6284400
2026-02-24,28489.7265625,29500.0,29700.0,29350.0,29600.0,5228100
2026-02-25,27572.259765625,28550.0,29500.0,28550.0,29300.0,9042700
2026-02-26,28731.1640625,29750.0,29850.0,28550.0,28550.0,5428900
2026-02-27,28055.13671875,29050.0,29800.0,29050.0,29800.0,3100400
2026-03-02,26847.9453125,27800.0,28750.0,27800.0,28500.0,8153700
2026-03-03,26847.9453125,27800.0,28750.0,27800.0,28500.0,8153700
2026-03-04,27041.095703125,28000.0,28000.0,25350.0,26300.0,9389800
2026-03-05,26075.34375,27000.0,28600.0,27000.0,27800.0,6995600
2026-03-06,25351.02734375,26250.0,27000.0,26250.0,27000.0,3666200
2026-03-09,23612.671875,24450.0,25000.0,24450.0,24450.0,3092300
2026-03-10,23226.37109375,24050.0,25000.0,23500.0,25000.0,10408500
2026-03-11,24723.287109375,25600.0,25600.0,23900.0,24000.0,8105900
2026-03-12,25013.013671875,25900.0,26100.0,24800.0,24800.0,6624900
2026-03-13,24385.2734375,25250.0,26000.0,25250.0,25600.0,3440100
2026-03-16,25013.013671875,25900.0,25900.0,25100.0,25250.0,4825600
2026-03-17,25544.177734375,26450.0,26900.0,25900.0,26000.0,5159000
2026-03-18,25206.1640625,26100.0,26950.0,26100.0,26500.0,3490200
2026-03-19,25157.876953125,26050.0,26100.0,25350.0,26000.0,5186300
2026-03-20,25254.453125,26150.0,26150.0,24800.0,25650.0,8424800
2026-03-23,24481.849609375,25350.0,25550.0,24500.0,25550.0,5054500
2026-03-24,24433.5625,25300.0,25650.0,25150.0,25150.0,2727600
2026-03-25,25447.603515625,26350.0,26450.0,25400.0,25450.0,5258800
2026-03-26,24675.0,25550.0,26300.0,25550.0,26200.0,2053900
2026-03-27,24868.150390625,25750.0,26050.0,25300.0,25550.0,3502600
2026-03-30,24771.576171875,25650.0,25700.0,25000.0,25000.0,2525500
2026-03-31,24868.150390625,25750.0,25850.0,25450.0,25700.0,2502700
2026-04-01,26606.5078125,27550.0,27550.0,26700.0,26800.0,10207100
2026-04-02,26268.494140625,27200.0,28300.0,27200.0,28000.0,6533700
2026-04-03,25592.466796875,26500.0,28250.0,26350.0,27000.0,6426300
2026-04-06,24868.150390625,25750.0,27000.0,25650.0,26300.0,3943800
2026-04-07,24916.439453125,25800.0,26350.0,25500.0,25750.0,2820600
2026-04-08,26654.794921875,27600.0,27600.0,26500.0,26800.0,7005000
2026-04-09,26654.794921875,27600.0,28050.0,27200.0,27500.0,5733600
2026-04-10,26558.21875,27500.0,28000.0,27050.0,27850.0,4603300
2026-04-13,26606.5078125,27550.0,28050.0,26900.0,27000.0,3915100
2026-04-14,26944.521484375,27900.0,28050.0,27600.0,27850.0,3851100
2026-04-15,28296.576171875,29300.0,29700.0,28250.0,28300.0,14406500
2026-04-16,28586.30078125,29600.0,30650.0,29000.0,29500.0,16443400
2026-04-17,27620.548828125,28600.0,30000.0,28550.0,29200.0,7239000
2026-04-20,28441.439453125,29450.0,29500.0,28150.0,28600.0,6682700
2026-04-21,28296.576171875,29300.0,30300.0,29200.0,29600.0,10605500
2026-04-22,28924.314453125,29950.0,30500.0,28700.0,29350.0,9081900
2026-04-23,28055.13671875,29050.0,30450.0,29050.0,30300.0,10079200
2026-04-24,27813.69921875,28800.0,29750.0,28700.0,29550.0,4957500
2026-04-27,27813.69921875,28800.0,28800.0,28800.0,28800.0,0
2026-04-28,29745.205078125,30800.0,30800.0,28750.0,28800.0,16458400
2026-04-29,31193.8359375,32300.0,32800.0,31200.0,31500.0,16939100
2026-04-30,31193.8359375,32300.0,32300.0,32300.0,32300.0,0
2026-05-01,31193.8359375,32300.0,32300.0,32300.0,32300.0,0
2026-05-04,32545.890625,33700.0,33800.0,32550.0,32700.0,10352200
2026-05-05,33994.51953125,35200.0,35600.0,32650.0,33050.0,15997900
2026-05-06,35346.57421875,36600.0,36600.0,34500.0,35600.0,10445000
2026-05-07,35250.0,36500.0,37500.0,35200.0,36900.0,12839000
2026-05-08,34670.546875,35900.0,36500.0,35350.0,36300.0,8119600
2026-05-11,32449.31640625,33600.0,37200.0,33600.0,35950.0,11671900
2026-05-12,34235.9609375,35450.0,35600.0,33200.0,33300.0,12470600
2026-05-13,31869.86328125,33000.0,35900.0,33000.0,35900.0,14370000
2026-05-14,32980.48046875,34150.0,34600.0,32950.0,33300.0,7067600
2026-05-15,32835.6171875,34000.0,34500.0,33100.0,34200.0,5675800
2026-05-18,31966.439453125,33100.0,34200.0,32500.0,33650.0,8326000
2026-05-19,32352.740234375,33500.0,34000.0,32550.0,33150.0,8829500
2026-05-20,32352.740234375,33500.0,34150.0,32050.0,33500.0,7397400
2026-05-21,31676.712890625,32800.0,34000.0,32700.0,33650.0,4956200
2026-05-22,30614.384765625,31700.0,32800.0,31350.0,32800.0,7363200
2026-05-25,31676.712890625,32800.0,33100.0,31950.0,32000.0,4609600
2026-05-26,31580.13671875,32700.0,32900.0,32200.0,32800.0,2920100
2026-05-27,30179.794921875,31250.0,32600.0,31100.0,32500.0,6536400
2026-05-28,31145.548828125,32250.0,32800.0,31150.0,31300.0,6400700
2026-05-29,31145.548828125,32250.0,32450.0,31700.0,32250.0,3625300
2026-06-01,30131.5078125,31200.0,32200.0,31100.0,32200.0,3426500
2026-06-02,29938.357421875,31000.0,31850.0,30650.0,31250.0,4196500
2026-06-03,29020.890625,30050.0,31100.0,29400.0,31000.0,6191400
2026-06-04,30034.931640625,31100.0,31550.0,29950.0,30350.0,3978600
2026-06-05,30131.5078125,31200.0,31650.0,30850.0,31150.0,4324400
2026-06-08,28586.30078125,29600.0,30900.0,29600.0,30900.0,4741600
2026-06-09,28103.42578125,29100.0,30100.0,28900.0,29750.0,3303700
2026-06-10,28634.58984375,29650.0,29700.0,29100.0,29300.0,2052800
2026-06-11,28151.712890625,29150.0,29450.0,29100.0,29450.0,1916700
2026-06-12,27620.548828125,28600.0,29600.0,28600.0,29450.0,4237800
2026-06-15,27572.259765625,28550.0,29250.0,28200.0,29000.0,5074300
2026-06-16,27668.8359375,28650.0,29050.0,28600.0,28600.0,3292100
2026-06-17,27185.958984375,28150.0,28600.0,27550.0,28600.0,9495300
2026-06-18,29069.177734375,30100.0,30100.0,28800.0,28900.0,8609200
2026-06-19,28344.86328125,29350.0,30750.0,29250.0,30750.0,6306500
2026-06-22,29648.630859375,30700.0,31400.0,29050.0,29450.0,11475200
2026-06-23,28779.453125,29800.0,31000.0,29600.0,30800.0,6066900
2026-06-24,29262.330078125,30300.0,30800.0,29600.0,29900.0,6045300
2026-06-25,28586.30078125,29600.0,30500.0,29400.0,30500.0,4978900
2026-06-26,28972.603515625,30000.0,30250.0,29500.0,29600.0,4951800
2026-06-29,28200.0,29200.0,30000.0,29150.0,30000.0,5288500
2026-06-30,28500.0,28500.0,28550.0,28100.0,28200.0,2981600
2026-07-01,28500.0,28500.0,28550.0,28100.0,28200.0,2981600
2026-07-02,28150.0,28150.0,28500.0,28050.0,28300.0,4005800
2026-07-03,28150.0,28150.0,28600.0,28100.0,28150.0,3082100
2026-07-06,27700.0,27700.0,28900.0,27250.0,28450.0,5346600
2026-07-07,27350.0,27350.0,27800.0,27150.0,27750.0,2878800
2026-07-08,27050.0,27050.0,27500.0,26900.0,27000.0,4906400
2026-07-09,26900.0,26900.0,27400.0,26800.0,27100.0,2651800
2026-07-10,26350.0,26350.0,27150.0,26300.0,27100.0,4811300
2026-07-13,25900.0,25900.0,26450.0,25450.0,26400.0,5706000
2026-07-14,25600.0,25600.0,25850.0,25400.0,25400.0,3288600
2026-07-15,24800.0,24800.0,25700.0,24800.0,25650.0,4077000
2026-07-16,25050.0,25050.0,25300.0,24550.0,24800.0,6194700
2026-07-17,24550.0,24550.0,25250.0,24550.0,25200.0,3912600
2026-07-20,23250.0,23250.0,24550.0,23150.0,24500.0,5306900
2026-07-21,23050.0,23050.0,23700.0,22850.0,23000.0,6002700
2026-07-22,21750.0,21750.0,23350.0,21750.0,23350.0,8710000
2026-07-23,22000.0,22000.0,22400.0,21350.0,21850.0,7078200
2026-07-24,21900.0,21900.0,22000.0,21500.0,21800.0,3204500
2026-07-27,21350.0,21350.0,22300.0,21350.0,21900.0,3044300
2026-07-28,21300.0,21300.0,21650.0,20900.0,21250.0,3761100
2026-07-29,22750.0,22750.0,22750.0,21250.0,21350.0,8314800
2026-07-30,24300.0,24300.0,24300.0,23000.0,23150.0,8461500
