date,Adj Close,Close,High,Low,Open,Volume
2016-01-04,8594.390625,11614.8955078125,11936.044921875,11614.8955078125,11882.51953125,1480452
2016-01-05,8277.5458984375,11186.6962890625,11614.8955078125,11186.6962890625,11400.7958984375,4261440
2016-01-06,8277.5458984375,11186.6962890625,11400.7958984375,11079.646484375,11347.2705078125,2389450
2016-01-07,8039.91162109375,10865.546875,11186.6962890625,10758.4970703125,11186.6962890625,5320779
2016-01-08,7841.884765625,10597.9228515625,10812.0224609375,10544.3984375,10812.0224609375,4426428
2016-01-11,7881.48974609375,10651.4482421875,10865.546875,10597.9228515625,10704.97265625,4941367
2016-01-12,8198.3349609375,11079.646484375,11079.646484375,10704.97265625,10704.97265625,3982747
2016-01-13,8198.3349609375,11079.646484375,11347.2705078125,10919.072265625,11186.6962890625,3215365
2016-01-14,8000.30810546875,10812.0224609375,10972.5966796875,10597.9228515625,10919.072265625,5896269
2016-01-15,7841.884765625,10597.9228515625,10865.546875,10597.9228515625,10812.0224609375,3897179
2016-01-18,7564.646484375,10223.2490234375,10437.3486328125,9955.625,10223.2490234375,9028832
2016-01-19,7643.85693359375,10330.298828125,10437.3486328125,10223.2490234375,10223.2490234375,4326101
2016-01-20,7604.25244140625,10276.7734375,10437.3486328125,10223.2490234375,10383.8232421875,2315783
2016-01-21,7525.0419921875,10169.7236328125,10383.8232421875,10116.19921875,10276.7734375,4201897
2016-01-22,7762.6748046875,10490.873046875,10490.873046875,10169.7236328125,10383.8232421875,4661329
2016-01-25,8277.5458984375,11186.6962890625,11186.6962890625,10651.4482421875,10704.97265625,7663092
2016-01-26,8039.91162109375,10865.546875,11079.646484375,10758.4970703125,10865.546875,3424315
2016-01-27,8119.12353515625,10972.5966796875,11133.171875,10972.5966796875,10972.5966796875,2591674
2016-01-28,8039.91162109375,10865.546875,11079.646484375,10865.546875,10972.5966796875,2867714
2016-01-29,8119.12353515625,10972.5966796875,11026.1220703125,10812.0224609375,10865.546875,2271804
2016-02-01,8039.91162109375,10865.546875,11079.646484375,10865.546875,11026.1220703125,2918512
2016-02-02,8039.91162109375,10865.546875,10919.072265625,10758.4970703125,10758.4970703125,2276960
2016-02-03,8079.51708984375,10919.072265625,10972.5966796875,10704.97265625,10758.4970703125,2080005
2016-02-04,8158.72900390625,11026.1220703125,11079.646484375,10919.072265625,10919.072265625,2650188
2016-02-05,8317.1513671875,11240.2216796875,11400.7958984375,10972.5966796875,11026.1220703125,7410556
2016-02-15,8237.9384765625,11133.171875,11240.2216796875,11026.1220703125,11079.646484375,5216174
2016-02-16,8277.5458984375,11186.6962890625,11240.2216796875,11133.171875,11133.171875,3185715
2016-02-17,8317.1513671875,11240.2216796875,11454.3203125,11186.6962890625,11186.6962890625,6617335
2016-02-18,8396.3623046875,11347.2705078125,11347.2705078125,11186.6962890625,11186.6962890625,3581924
2016-02-19,8396.3623046875,11347.2705078125,11454.3203125,11293.74609375,11347.2705078125,3524380
2016-02-22,8832.0224609375,11936.044921875,11936.044921875,11293.74609375,11400.7958984375,10944633
2016-02-23,8871.626953125,11989.5693359375,12310.71875,11936.044921875,12150.1435546875,8532987
2016-02-24,9030.0498046875,12203.6689453125,12310.71875,11882.51953125,11882.51953125,5851224
2016-02-25,8871.626953125,11989.5693359375,12257.193359375,11936.044921875,12203.6689453125,8423935
2016-02-26,8911.232421875,12043.09375,12150.1435546875,11936.044921875,12043.09375,3621606
2016-02-29,8911.232421875,12043.09375,12203.6689453125,12043.09375,12043.09375,3299644
2016-03-01,8990.4443359375,12150.1435546875,12257.193359375,12043.09375,12043.09375,4045839
2016-03-02,9188.47265625,12417.7685546875,12471.29296875,12203.6689453125,12203.6689453125,9218201
2016-03-03,9148.8671875,12364.2431640625,12524.818359375,12257.193359375,12471.29296875,6083602
2016-03-04,9030.0498046875,12203.6689453125,12364.2431640625,12203.6689453125,12310.71875,5158686
2016-03-07,8990.4443359375,12150.1435546875,12310.71875,12150.1435546875,12203.6689453125,4184597
2016-03-08,8871.626953125,11989.5693359375,12203.6689453125,11989.5693359375,12150.1435546875,5080199
2016-03-09,8911.232421875,12043.09375,12096.619140625,11936.044921875,11989.5693359375,2779736
2016-03-10,9069.654296875,12257.193359375,12310.71875,12043.09375,12043.09375,3944372
2016-03-11,9030.0498046875,12203.6689453125,12310.71875,12150.1435546875,12257.193359375,4104783
2016-03-14,8990.4443359375,12150.1435546875,12257.193359375,12096.619140625,12257.193359375,4336601
2016-03-15,8911.232421875,12043.09375,12203.6689453125,11989.5693359375,12150.1435546875,3662615
2016-03-16,8832.0224609375,11936.044921875,12096.619140625,11936.044921875,12043.09375,2925836
2016-03-17,8792.41796875,11882.51953125,12096.619140625,11882.51953125,12043.09375,3123408
2016-03-18,8713.20703125,11775.4697265625,11989.5693359375,11775.4697265625,11936.044921875,11834518
2016-03-21,8713.20703125,11775.4697265625,11989.5693359375,11775.4697265625,11882.51953125,3510648
2016-03-22,8554.783203125,11561.3701171875,11828.9951171875,11561.3701171875,11775.4697265625,3537925
2016-03-23,8594.390625,11614.8955078125,11668.419921875,11507.845703125,11561.3701171875,3673545
2016-03-24,8633.994140625,11668.419921875,11936.044921875,11561.3701171875,11614.8955078125,5448421
2016-03-25,8554.783203125,11561.3701171875,11775.4697265625,11454.3203125,11668.419921875,3151301
2016-03-28,8554.783203125,11561.3701171875,11614.8955078125,11507.845703125,11614.8955078125,1745768
2016-03-29,8356.7568359375,11293.74609375,11561.3701171875,11186.6962890625,11561.3701171875,7693396
2016-03-30,8435.966796875,11400.7958984375,11507.845703125,11240.2216796875,11240.2216796875,3844269
2016-03-31,8356.7568359375,11293.74609375,11507.845703125,11240.2216796875,11400.7958984375,3746520
2016-04-01,8396.3623046875,11347.2705078125,11400.7958984375,11186.6962890625,11293.74609375,3507136
2016-04-04,8435.966796875,11400.7958984375,11454.3203125,11240.2216796875,11347.2705078125,2549002
2016-04-05,8594.390625,11614.8955078125,11614.8955078125,11400.7958984375,11400.7958984375,3382670
2016-04-06,8633.994140625,11668.419921875,11721.9453125,11614.8955078125,11614.8955078125,2706387
2016-04-07,8673.6005859375,11721.9453125,11828.9951171875,11668.419921875,11721.9453125,3261624
2016-04-08,8594.390625,11614.8955078125,11775.4697265625,11614.8955078125,11668.419921875,4102243
2016-04-11,8673.6005859375,11721.9453125,11828.9951171875,11614.8955078125,11614.8955078125,4136974
2016-04-12,8633.994140625,11668.419921875,11775.4697265625,11668.419921875,11721.9453125,3166958
2016-04-13,8594.390625,11614.8955078125,11721.9453125,11561.3701171875,11668.419921875,3321708
2016-04-14,8594.390625,11614.8955078125,11721.9453125,11561.3701171875,11614.8955078125,3267845
2016-04-15,8554.783203125,11561.3701171875,11775.4697265625,11561.3701171875,11668.419921875,2850245
2016-04-19,8435.966796875,11400.7958984375,11614.8955078125,11293.74609375,11561.3701171875,4827251
2016-04-20,8396.3623046875,11347.2705078125,11507.845703125,11186.6962890625,11507.845703125,4087913
2016-04-21,8396.3623046875,11347.2705078125,11507.845703125,11293.74609375,11507.845703125,3251853
2016-04-22,8515.1787109375,11507.845703125,11507.845703125,11347.2705078125,11347.2705078125,2809161
2016-04-25,8752.8125,11828.9951171875,11882.51953125,11614.8955078125,11614.8955078125,8020272
2016-04-26,8871.626953125,11989.5693359375,11989.5693359375,11721.9453125,11775.4697265625,6554636
2016-04-27,8673.6005859375,11721.9453125,11989.5693359375,11721.9453125,11989.5693359375,2705527
2016-04-28,8594.390625,11614.8955078125,11721.9453125,11507.845703125,11721.9453125,2127833
2016-04-29,8475.5712890625,11454.3203125,11614.8955078125,11454.3203125,11614.8955078125,3696039
2016-05-04,8475.5712890625,11454.3203125,11561.3701171875,11347.2705078125,11507.845703125,2612169
2016-05-05,8475.5712890625,11454.3203125,11561.3701171875,11400.7958984375,11454.3203125,1904012
2016-05-06,8475.5712890625,11454.3203125,11614.8955078125,11400.7958984375,11400.7958984375,1866571
2016-05-09,8396.3623046875,11347.2705078125,11614.8955078125,11347.2705078125,11507.845703125,2044246
2016-05-10,8237.9384765625,11133.171875,11293.74609375,11133.171875,11240.2216796875,3593675
2016-05-11,8079.51708984375,10919.072265625,11079.646484375,10758.4970703125,11079.646484375,6270842
2016-05-12,8079.51708984375,10919.072265625,11026.1220703125,10812.0224609375,10919.072265625,3208135
2016-05-13,8000.30810546875,10812.0224609375,10919.072265625,10704.97265625,10865.546875,3208975
2016-05-16,8158.72900390625,11026.1220703125,11079.646484375,10704.97265625,10812.0224609375,3866670
2016-05-17,8237.9384765625,11133.171875,11186.6962890625,11026.1220703125,11186.6962890625,2578539
2016-05-18,8198.3349609375,11079.646484375,11186.6962890625,10972.5966796875,11133.171875,1846431
2016-05-19,8158.72900390625,11026.1220703125,11079.646484375,10972.5966796875,11026.1220703125,1181843
2016-05-20,8198.3349609375,11079.646484375,11079.646484375,10919.072265625,10972.5966796875,1442451
2016-05-23,8237.9384765625,11133.171875,11133.171875,10972.5966796875,11079.646484375,1011679
2016-05-24,8198.3349609375,11079.646484375,11133.171875,10972.5966796875,11026.1220703125,1079610
2016-05-25,8158.72900390625,11026.1220703125,11240.2216796875,11026.1220703125,11026.1220703125,3170937
2016-05-26,8119.12353515625,10972.5966796875,11133.171875,10919.072265625,11079.646484375,1468812
2016-05-27,8237.9384765625,11133.171875,11186.6962890625,10865.546875,10865.546875,3114160
2016-05-30,8554.783203125,11561.3701171875,11561.3701171875,11133.171875,11186.6962890625,6210795
2016-05-31,8515.1787109375,11507.845703125,11614.8955078125,11454.3203125,11614.8955078125,2680978
2016-06-01,8435.966796875,11400.7958984375,11775.4697265625,11400.7958984375,11454.3203125,3229209
2016-06-02,8475.5712890625,11454.3203125,11454.3203125,11293.74609375,11400.7958984375,2493906
2016-06-03,8435.966796875,11400.7958984375,11614.8955078125,11400.7958984375,11507.845703125,2048412
2016-06-06,8356.7568359375,11293.74609375,11454.3203125,11240.2216796875,11347.2705078125,1821564
2016-06-07,8396.3623046875,11347.2705078125,11454.3203125,11293.74609375,11293.74609375,1265449
2016-06-08,8515.1787109375,11507.845703125,11561.3701171875,11400.7958984375,11400.7958984375,2718885
2016-06-09,8633.994140625,11668.419921875,11882.51953125,11454.3203125,11507.845703125,7201176
2016-06-10,8713.20703125,11775.4697265625,11936.044921875,11668.419921875,11721.9453125,5247617
2016-06-13,8554.783203125,11561.3701171875,11721.9453125,11507.845703125,11614.8955078125,2204620
2016-06-14,8515.1787109375,11507.845703125,11561.3701171875,11400.7958984375,11454.3203125,1684170
2016-06-15,8396.3623046875,11347.2705078125,11454.3203125,11293.74609375,11400.7958984375,2587638
2016-06-16,8396.3623046875,11347.2705078125,11507.845703125,11293.74609375,11347.2705078125,2073036
2016-06-17,8119.12353515625,10972.5966796875,11293.74609375,10972.5966796875,11240.2216796875,10021436
2016-06-20,8277.5458984375,11186.6962890625,11240.2216796875,11079.646484375,11240.2216796875,1921256
2016-06-21,8277.5458984375,11186.6962890625,11347.2705078125,11133.171875,11240.2216796875,1980182
2016-06-22,8237.9384765625,11133.171875,11240.2216796875,11079.646484375,11186.6962890625,2283069
2016-06-23,8237.9384765625,11133.171875,11240.2216796875,11079.646484375,11079.646484375,2380351
2016-06-24,8039.91162109375,10865.546875,11240.2216796875,10383.8232421875,11240.2216796875,4951754
2016-06-27,8000.30810546875,10812.0224609375,10919.072265625,10597.9228515625,10758.4970703125,1553558
2016-06-28,8039.91162109375,10865.546875,10919.072265625,10758.4970703125,10758.4970703125,1207943
2016-06-29,8277.5458984375,11186.6962890625,11186.6962890625,10919.072265625,10919.072265625,2882043
2016-06-30,8237.9384765625,11133.171875,11293.74609375,10972.5966796875,11186.6962890625,3029227
2016-07-01,8158.72900390625,11026.1220703125,11186.6962890625,11026.1220703125,11133.171875,2222369
2016-07-04,8713.20703125,11775.4697265625,11775.4697265625,11186.6962890625,11186.6962890625,8271707
2016-07-05,8871.626953125,11989.5693359375,12257.193359375,11936.044921875,12043.09375,12329765
2016-07-06,8871.626953125,11989.5693359375,12096.619140625,11828.9951171875,11882.51953125,4674818
2016-07-07,8911.232421875,12043.09375,12150.1435546875,11936.044921875,12096.619140625,5268616
2016-07-08,8990.4443359375,12150.1435546875,12310.71875,11989.5693359375,12043.09375,8669783
2016-07-11,9109.26171875,12310.71875,12685.392578125,12203.6689453125,12310.71875,11700300
2016-07-12,9267.6826171875,12524.818359375,12631.8681640625,12310.71875,12524.818359375,6951554
2016-07-13,9544.9208984375,12899.4921875,13006.5419921875,12631.8681640625,12685.392578125,11378767
2016-07-14,9346.8935546875,12631.8681640625,12953.0166015625,12631.8681640625,12953.0166015625,7569790
2016-07-15,9307.287109375,12578.3427734375,12685.392578125,12417.7685546875,12578.3427734375,6452590
2016-07-18,9386.4990234375,12685.392578125,12738.9169921875,12524.818359375,12524.818359375,4375667
2016-07-19,9544.9208984375,12899.4921875,13220.6416015625,12578.3427734375,12792.4423828125,12080199
2016-07-20,9386.4990234375,12685.392578125,13006.5419921875,12631.8681640625,12953.0166015625,4406849
2016-07-21,9109.26171875,12310.71875,12685.392578125,12310.71875,12685.392578125,7448837
2016-07-22,8911.232421875,12043.09375,12203.6689453125,11882.51953125,12043.09375,7603158
2016-07-25,8832.0224609375,11936.044921875,12257.193359375,11936.044921875,12203.6689453125,2347992
2016-07-26,8871.626953125,11989.5693359375,12043.09375,11775.4697265625,11828.9951171875,2649684
2016-07-27,8871.626953125,11989.5693359375,11989.5693359375,11989.5693359375,11989.5693359375,0
2016-07-28,9188.47265625,12417.7685546875,12631.8681640625,12150.1435546875,12150.1435546875,4689297
2016-07-29,9069.654296875,12257.193359375,12578.3427734375,12257.193359375,12364.2431640625,2419679
2016-08-01,9030.0498046875,12203.6689453125,12310.71875,12043.09375,12310.71875,1478116
2016-08-02,8752.8125,11828.9951171875,12043.09375,11721.9453125,12043.09375,6548227
2016-08-03,8792.41796875,11882.51953125,11936.044921875,11721.9453125,11721.9453125,2663248
2016-08-04,8713.20703125,11775.4697265625,12043.09375,11614.8955078125,11936.044921875,3319111
2016-08-05,8515.1787109375,11507.845703125,11668.419921875,11347.2705078125,11614.8955078125,4155452
2016-08-08,8475.5712890625,11454.3203125,11614.8955078125,11400.7958984375,11614.8955078125,1824367
2016-08-09,8475.5712890625,11454.3203125,11561.3701171875,11347.2705078125,11400.7958984375,1569663
2016-08-10,8594.390625,11614.8955078125,11775.4697265625,11454.3203125,11454.3203125,2848451
2016-08-11,8713.20703125,11775.4697265625,11828.9951171875,11668.419921875,11668.419921875,3968417
2016-08-12,8633.994140625,11668.419921875,11882.51953125,11668.419921875,11775.4697265625,1898482
2016-08-15,8673.6005859375,11721.9453125,11775.4697265625,11614.8955078125,11668.419921875,1510195
2016-08-16,8871.626953125,11989.5693359375,12096.619140625,11775.4697265625,11775.4697265625,4873081
2016-08-17,8871.626953125,11989.5693359375,12043.09375,11828.9951171875,11989.5693359375,2404191
2016-08-18,8752.8125,11828.9951171875,12043.09375,11828.9951171875,11936.044921875,2416353
2016-08-19,8594.390625,11614.8955078125,11882.51953125,11614.8955078125,11882.51953125,2905023
2016-08-22,8475.5712890625,11454.3203125,11668.419921875,11454.3203125,11561.3701171875,4048511
2016-08-23,8554.783203125,11561.3701171875,11614.8955078125,11507.845703125,11561.3701171875,1273090
2016-08-24,8515.1787109375,11507.845703125,11668.419921875,11507.845703125,11507.845703125,1064495
2016-08-25,8475.5712890625,11454.3203125,11507.845703125,11400.7958984375,11507.845703125,1611251
2016-08-26,8594.390625,11614.8955078125,11775.4697265625,11507.845703125,11507.845703125,2636120
2016-08-29,8475.5712890625,11454.3203125,11721.9453125,11454.3203125,11668.419921875,2029673
2016-08-30,8356.7568359375,11293.74609375,11507.845703125,11293.74609375,11454.3203125,3123128
2016-08-31,8475.5712890625,11454.3203125,11507.845703125,11293.74609375,11347.2705078125,3350200
2016-09-01,8475.5712890625,11454.3203125,11561.3701171875,11400.7958984375,11507.845703125,1756473
2016-09-05,8356.7568359375,11293.74609375,11507.845703125,11293.74609375,11454.3203125,1936670
2016-09-06,8356.7568359375,11293.74609375,11400.7958984375,11293.74609375,11293.74609375,2045759
2016-09-07,8435.966796875,11400.7958984375,11400.7958984375,11293.74609375,11347.2705078125,1440134
2016-09-08,8435.966796875,11400.7958984375,11507.845703125,11347.2705078125,11347.2705078125,1362376
2016-09-09,8554.783203125,11561.3701171875,11668.419921875,11400.7958984375,11454.3203125,3712835
2016-09-12,8435.966796875,11400.7958984375,11614.8955078125,11374.033203125,11561.3701171875,2552402
2016-09-13,8356.7568359375,11293.74609375,11481.0830078125,11266.9833984375,11347.2705078125,2456970
2016-09-14,8317.1513671875,11240.2216796875,11293.74609375,11240.2216796875,11240.2216796875,2836513
2016-09-15,8237.9384765625,11133.171875,11266.9833984375,11133.171875,11240.2216796875,3358140
2016-09-16,8237.9384765625,11133.171875,11240.2216796875,11079.646484375,11133.171875,8171548
2016-09-19,8495.3759765625,11481.0830078125,11507.845703125,11240.2216796875,11240.2216796875,3115374
2016-09-20,8534.9814453125,11534.6083984375,11614.8955078125,11347.2705078125,11481.0830078125,3333049
2016-09-21,8653.7978515625,11695.1826171875,11721.9453125,11561.3701171875,11614.8955078125,4752557
2016-09-22,8653.7978515625,11695.1826171875,11882.51953125,11614.8955078125,11775.4697265625,4077693
2016-09-23,8554.783203125,11561.3701171875,11828.9951171875,11561.3701171875,11695.1826171875,3937814
2016-09-26,8633.994140625,11668.419921875,11721.9453125,11507.845703125,11561.3701171875,2083723
2016-09-27,8693.40234375,11748.70703125,11748.70703125,11641.658203125,11668.419921875,1850168
2016-09-28,8871.626953125,11989.5693359375,11989.5693359375,11802.232421875,11828.9951171875,4581235
2016-09-29,8832.0224609375,11936.044921875,12069.8564453125,11936.044921875,12043.09375,3477169
2016-09-30,8832.0224609375,11936.044921875,11989.5693359375,11882.51953125,11936.044921875,3328154
2016-10-03,8871.626953125,11989.5693359375,12150.1435546875,11962.806640625,11989.5693359375,3159989
2016-10-04,8950.8388671875,12096.619140625,12176.90625,11989.5693359375,11989.5693359375,3002268
2016-10-05,8970.6416015625,12123.3818359375,12310.71875,12069.8564453125,12096.619140625,1971625
2016-10-06,8871.626953125,11989.5693359375,12176.90625,11962.806640625,12176.90625,4039020
2016-10-07,8832.0224609375,11936.044921875,12043.09375,11775.4697265625,12043.09375,3124006
2016-10-10,8832.0224609375,11936.044921875,12096.619140625,11828.9951171875,11828.9951171875,3228667
2016-10-11,8738.232421875,11427.55859375,11561.3701171875,11293.74609375,11561.3701171875,2697213
2016-10-12,8656.375,11320.5087890625,11481.0830078125,11320.5087890625,11454.3203125,1295155
2016-10-13,8717.767578125,11400.7958984375,11400.7958984375,11186.6962890625,11266.9833984375,2688339
2016-10-14,8697.3037109375,11374.033203125,11507.845703125,11374.033203125,11374.033203125,1646561
2016-10-17,8676.83984375,11347.2705078125,11400.7958984375,11293.74609375,11400.7958984375,1694390
2016-10-18,8635.912109375,11293.74609375,11347.2705078125,11213.458984375,11347.2705078125,1788253
2016-10-19,8697.3037109375,11374.033203125,11427.55859375,11293.74609375,11293.74609375,2459324
2016-10-20,8697.3037109375,11374.033203125,11481.0830078125,11347.2705078125,11400.7958984375,2025936
2016-10-21,8820.08984375,11534.6083984375,11748.70703125,11400.7958984375,11668.419921875,5445487
2016-10-24,8635.912109375,11293.74609375,11534.6083984375,11293.74609375,11534.6083984375,1665151
2016-10-25,8656.375,11320.5087890625,11454.3203125,11213.458984375,11293.74609375,3952163
2016-10-26,8513.125,11133.171875,11347.2705078125,11106.4091796875,11266.9833984375,2992870
2016-10-27,8513.125,11133.171875,11213.458984375,11106.4091796875,11159.93359375,1850766
2016-10-28,8513.125,11133.171875,11186.6962890625,11133.171875,11133.171875,2382182
2016-10-31,8615.447265625,11266.9833984375,11347.2705078125,11186.6962890625,11186.6962890625,2663976
2016-11-01,8533.5908203125,11159.93359375,11293.74609375,11159.93359375,11240.2216796875,1207121
2016-11-02,8513.125,11133.171875,11213.458984375,11133.171875,11159.93359375,1513539
2016-11-03,8369.8759765625,10945.8349609375,11133.171875,10865.546875,11133.171875,2656074
2016-11-04,8267.5556640625,10812.0224609375,10999.359375,10812.0224609375,10945.8349609375,1300909
2016-11-07,8451.7333984375,11052.8837890625,11079.646484375,10838.78515625,10865.546875,1455772
2016-11-08,8451.7333984375,11052.8837890625,11186.6962890625,11026.1220703125,11079.646484375,956826
2016-11-09,8328.947265625,10892.3095703125,11106.4091796875,10437.3486328125,10999.359375,4178768
2016-11-10,8451.7333984375,11052.8837890625,11079.646484375,10972.5966796875,11026.1220703125,2113914
2016-11-11,8390.3408203125,10972.5966796875,11052.8837890625,10972.5966796875,10972.5966796875,1024196
2016-11-14,8226.6259765625,10758.4970703125,10919.072265625,10731.7353515625,10892.3095703125,2516064
2016-11-15,8328.947265625,10892.3095703125,10892.3095703125,10758.4970703125,10838.78515625,1129250
2016-11-16,8308.482421875,10865.546875,10919.072265625,10838.78515625,10919.072265625,1030437
2016-11-17,8247.08984375,10785.259765625,10892.3095703125,10758.4970703125,10865.546875,1511521
2016-11-18,8185.69873046875,10704.97265625,10812.0224609375,10678.2099609375,10785.259765625,1854652
2016-11-21,8206.162109375,10731.7353515625,10785.259765625,10678.2099609375,10704.97265625,1205533
2016-11-22,8308.482421875,10865.546875,10945.8349609375,10758.4970703125,10785.259765625,1736109
2016-11-23,8288.0205078125,10838.78515625,10919.072265625,10812.0224609375,10919.072265625,1017900
2016-11-24,8247.08984375,10785.259765625,10838.78515625,10785.259765625,10812.0224609375,756545
2016-11-25,8226.6259765625,10758.4970703125,10785.259765625,10704.97265625,10785.259765625,952940
2016-11-28,8185.69873046875,10704.97265625,10785.259765625,10276.7734375,10758.4970703125,2375344
2016-11-29,8021.984375,10490.873046875,10704.97265625,10464.1103515625,10704.97265625,2803444
2016-11-30,8144.76904296875,10651.4482421875,10865.546875,10624.685546875,10704.97265625,3216505
2016-12-01,8124.30517578125,10624.685546875,10812.0224609375,10624.685546875,10812.0224609375,1566318
2016-12-02,8062.912109375,10544.3984375,10651.4482421875,10490.873046875,10624.685546875,1748327
2016-12-05,7858.2705078125,10276.7734375,10517.6357421875,10276.7734375,10517.6357421875,3393899
2016-12-06,7612.69970703125,9955.625,10276.7734375,9955.625,10276.7734375,4357619
2016-12-07,7612.69970703125,9955.625,10223.2490234375,9928.8623046875,9928.8623046875,3712312
2016-12-08,7653.62744140625,10009.1494140625,10116.19921875,9955.625,9955.625,1712867
2016-12-09,7674.09228515625,10035.912109375,10089.4365234375,9982.38671875,10009.1494140625,2020668
2016-12-12,7571.77099609375,9902.099609375,9982.38671875,9902.099609375,9955.625,1937155
2016-12-13,7715.02001953125,10089.4365234375,10089.4365234375,9902.099609375,9902.099609375,3702242
2016-12-14,7776.4140625,10169.7236328125,10169.7236328125,10009.1494140625,10089.4365234375,2320323
2016-12-15,7776.4140625,10169.7236328125,10250.01171875,10089.4365234375,10169.7236328125,1933830
2016-12-16,7858.2705078125,10276.7734375,10330.298828125,10116.19921875,10116.19921875,3337252
2016-12-19,8124.30517578125,10624.685546875,10678.2099609375,10276.7734375,10383.8232421875,4369128
2016-12-20,8021.984375,10490.873046875,10597.9228515625,10490.873046875,10517.6357421875,1710364
2016-12-21,8001.5185546875,10464.1103515625,10544.3984375,10437.3486328125,10544.3984375,1542628
2016-12-22,7940.1279296875,10383.8232421875,10517.6357421875,10383.8232421875,10517.6357421875,2316586
2016-12-23,7940.1279296875,10383.8232421875,10437.3486328125,10303.5361328125,10357.060546875,1316434
2016-12-26,8021.984375,10490.873046875,10517.6357421875,10383.8232421875,10437.3486328125,1204449
2016-12-27,7960.591796875,10410.5859375,10517.6357421875,10383.8232421875,10517.6357421875,1458331
2016-12-28,8083.3779296875,10571.16015625,10624.685546875,10410.5859375,10437.3486328125,1773885
2016-12-29,8062.912109375,10544.3984375,10651.4482421875,10544.3984375,10571.16015625,1962601
2016-12-30,8021.984375,10490.873046875,10544.3984375,10464.1103515625,10490.873046875,878638
2017-01-03,8206.162109375,10731.7353515625,10785.259765625,10464.1103515625,10490.873046875,2429394
2017-01-04,8206.162109375,10731.7353515625,10838.78515625,10651.4482421875,10731.7353515625,2287422
2017-01-05,8226.6259765625,10758.4970703125,10812.0224609375,10704.97265625,10758.4970703125,1057134
2017-01-06,8308.482421875,10865.546875,11106.4091796875,10758.4970703125,10758.4970703125,5596090
2017-01-09,8390.3408203125,10972.5966796875,11026.1220703125,10865.546875,10865.546875,1657117
2017-01-10,8328.947265625,10892.3095703125,10972.5966796875,10838.78515625,10972.5966796875,1627187
2017-01-11,8308.482421875,10865.546875,10919.072265625,10812.0224609375,10865.546875,2095811
2017-01-12,8369.8759765625,10945.8349609375,10972.5966796875,10865.546875,10892.3095703125,2170542
2017-01-13,8390.3408203125,10972.5966796875,11079.646484375,10892.3095703125,10919.072265625,3265230
2017-01-16,8349.4111328125,10919.072265625,11079.646484375,10919.072265625,10919.072265625,2070944
2017-01-17,8431.26953125,11026.1220703125,11026.1220703125,10865.546875,10945.8349609375,2080995
2017-01-18,8349.4111328125,10919.072265625,11079.646484375,10919.072265625,11026.1220703125,1247999
2017-01-19,8247.08984375,10785.259765625,10919.072265625,10785.259765625,10812.0224609375,1159853
2017-01-20,8247.08984375,10785.259765625,10865.546875,10785.259765625,10812.0224609375,1748383
2017-01-23,8185.69873046875,10704.97265625,10785.259765625,10678.2099609375,10785.259765625,2743715
2017-01-24,8206.162109375,10731.7353515625,10812.0224609375,10678.2099609375,10704.97265625,1651456
2017-01-25,8267.5556640625,10812.0224609375,10838.78515625,10758.4970703125,10812.0224609375,1086168
2017-01-26,8267.5556640625,10812.0224609375,10812.0224609375,10812.0224609375,10812.0224609375,0
2017-02-03,8390.3408203125,10972.5966796875,11079.646484375,10945.8349609375,11079.646484375,2178688
2017-02-06,8410.8046875,10999.359375,11079.646484375,10945.8349609375,10999.359375,1485216
2017-02-07,8554.0556640625,11186.6962890625,11213.458984375,10999.359375,11052.8837890625,5885227
2017-02-08,8554.0556640625,11186.6962890625,11240.2216796875,11052.8837890625,11213.458984375,1765945
2017-02-09,8513.125,11133.171875,11240.2216796875,11106.4091796875,11240.2216796875,1386832
2017-02-10,8513.125,11133.171875,11186.6962890625,11106.4091796875,11133.171875,1401199
2017-02-13,8676.83984375,11347.2705078125,11374.033203125,11186.6962890625,11186.6962890625,4378843
2017-02-14,8635.912109375,11293.74609375,11427.55859375,11293.74609375,11347.2705078125,3889276
2017-02-15,8676.83984375,11347.2705078125,11374.033203125,11213.458984375,11266.9833984375,1976371
2017-02-16,8554.0556640625,11186.6962890625,11481.0830078125,11133.171875,11454.3203125,3686062
2017-02-17,8615.447265625,11266.9833984375,11266.9833984375,11133.171875,11186.6962890625,1916585
2017-02-20,8615.447265625,11266.9833984375,11347.2705078125,11186.6962890625,11266.9833984375,1721293
2017-02-21,8615.447265625,11266.9833984375,11347.2705078125,11213.458984375,11320.5087890625,2791506
2017-02-22,8820.08984375,11534.6083984375,11748.70703125,11186.6962890625,11240.2216796875,8130072
2017-02-23,8840.5537109375,11561.3701171875,11668.419921875,11400.7958984375,11534.6083984375,2163162
2017-02-24,8717.767578125,11400.7958984375,11561.3701171875,11374.033203125,11561.3701171875,2123966
2017-02-27,8717.767578125,11400.7958984375,11507.845703125,11266.9833984375,11320.5087890625,3060876
2017-02-28,8676.83984375,11347.2705078125,11641.658203125,11347.2705078125,11481.0830078125,3334114
2017-03-01,8676.83984375,11347.2705078125,11374.033203125,11159.93359375,11347.2705078125,2168282
2017-03-02,8472.19921875,11079.646484375,11400.7958984375,11079.646484375,11320.5087890625,1920770
2017-03-03,8513.125,11133.171875,11266.9833984375,11052.8837890625,11240.2216796875,1493007
2017-03-06,8594.9833984375,11240.2216796875,11347.2705078125,11133.171875,11133.171875,1663731
2017-03-07,8594.9833984375,11240.2216796875,11240.2216796875,11133.171875,11186.6962890625,1558210
2017-03-08,8594.9833984375,11240.2216796875,11454.3203125,11133.171875,11240.2216796875,2106609
2017-03-09,8799.626953125,11507.845703125,11588.1328125,11213.458984375,11266.9833984375,7290070
2017-03-10,8738.232421875,11427.55859375,11668.419921875,11427.55859375,11614.8955078125,2941623
2017-03-13,8758.6962890625,11454.3203125,11481.0830078125,11320.5087890625,11454.3203125,2148721
2017-03-14,8758.6962890625,11454.3203125,11561.3701171875,11454.3203125,11481.0830078125,2042191
2017-03-15,8717.767578125,11400.7958984375,11481.0830078125,11347.2705078125,11400.7958984375,2233803
2017-03-16,9127.0537109375,11936.044921875,11936.044921875,11374.033203125,11374.033203125,12442441
2017-03-17,9311.2314453125,12176.90625,12391.005859375,11989.5693359375,12123.3818359375,16946012
2017-03-20,9413.5537109375,12310.71875,12524.818359375,12257.193359375,12417.7685546875,6227180
2017-03-21,9413.5537109375,12310.71875,12391.005859375,12176.90625,12257.193359375,7188677
2017-03-22,9229.375,12069.8564453125,12498.0556640625,12069.8564453125,12257.193359375,9536894
2017-03-23,9311.2314453125,12176.90625,12257.193359375,12043.09375,12150.1435546875,4237993
2017-03-24,9434.0166015625,12337.4814453125,12471.29296875,12230.431640625,12310.71875,5457108
2017-03-27,9597.7314453125,12551.580078125,12712.1552734375,12391.005859375,12417.7685546875,11180075
2017-03-28,9597.7314453125,12551.580078125,12685.392578125,12444.5302734375,12578.3427734375,5128999
2017-03-29,9638.6591796875,12605.10546875,12605.10546875,12417.7685546875,12551.580078125,3969631
2017-03-30,9761.4443359375,12765.6796875,12792.4423828125,12605.10546875,12658.6298828125,5248999
2017-03-31,9761.4443359375,12765.6796875,12926.2548828125,12685.392578125,12792.4423828125,5325842
2017-04-03,9904.6962890625,12953.0166015625,13033.3037109375,12712.1552734375,12738.9169921875,6786995
2017-04-04,9740.98046875,12738.9169921875,13086.8291015625,12685.392578125,12953.0166015625,7904102
2017-04-05,9413.5537109375,12310.71875,12953.0166015625,12310.71875,12738.9169921875,11421533
2017-04-07,9495.41015625,12417.7685546875,12524.818359375,12176.90625,12310.71875,5233175
2017-04-10,9781.9091796875,12792.4423828125,12819.205078125,12257.193359375,12417.7685546875,5873363
2017-04-11,9659.1240234375,12631.8681640625,12872.7294921875,12631.8681640625,12792.4423828125,4864337
2017-04-12,9393.0888671875,12283.9560546875,12631.8681640625,12283.9560546875,12578.3427734375,5356762
2017-04-13,9208.91015625,12043.09375,12364.2431640625,12043.09375,12257.193359375,4155414
2017-04-14,9086.1259765625,11882.51953125,12043.09375,11721.9453125,11936.044921875,7722934
2017-04-17,8942.875,11695.1826171875,12069.8564453125,11695.1826171875,11909.2822265625,3827062
2017-04-18,9229.375,12069.8564453125,12096.619140625,11668.419921875,11721.9453125,6127825
2017-04-19,9106.5888671875,11909.2822265625,12069.8564453125,11909.2822265625,12069.8564453125,3730266
2017-04-20,9147.517578125,11962.806640625,12043.09375,11882.51953125,11962.806640625,1914549
2017-04-21,9147.517578125,11962.806640625,12230.431640625,11962.806640625,12176.90625,4834911
2017-04-24,9004.267578125,11775.4697265625,11989.5693359375,11775.4697265625,11962.806640625,2228852
2017-04-25,9065.6611328125,11855.7568359375,11936.044921875,11721.9453125,11775.4697265625,1592568
2017-04-26,9167.98046875,11989.5693359375,12043.09375,11855.7568359375,11909.2822265625,2738185
2017-04-27,9106.5888671875,11909.2822265625,12096.619140625,11909.2822265625,11989.5693359375,2155316
2017-04-28,9106.5888671875,11909.2822265625,11909.2822265625,11909.2822265625,11909.2822265625,0
2017-05-03,9065.6611328125,11855.7568359375,11936.044921875,11721.9453125,11775.4697265625,3946035
2017-05-04,9249.83984375,12096.619140625,12257.193359375,11936.044921875,11962.806640625,6066769
2017-05-05,9208.91015625,12043.09375,12123.3818359375,11989.5693359375,12096.619140625,2600996
2017-05-08,9413.5537109375,12310.71875,12310.71875,11962.806640625,12096.619140625,7038897
2017-05-09,9740.98046875,12738.9169921875,12819.205078125,12337.4814453125,12417.7685546875,10580129
2017-05-10,9638.6591796875,12605.10546875,13113.591796875,12605.10546875,13006.5419921875,9614840
2017-05-11,9700.0517578125,12685.392578125,12979.779296875,12631.8681640625,12685.392578125,7464680
2017-05-12,9618.1953125,12578.3427734375,12899.4921875,12524.818359375,12845.966796875,6386882
2017-05-15,9822.8369140625,12845.966796875,13006.5419921875,12578.3427734375,12578.3427734375,8416294
2017-05-16,9700.0517578125,12685.392578125,13247.4033203125,12685.392578125,13060.06640625,7553200
2017-05-17,9863.765625,12899.4921875,12926.2548828125,12631.8681640625,12631.8681640625,6036073
2017-05-18,10027.48046875,13113.591796875,13434.740234375,12792.4423828125,12819.205078125,19250511
2017-05-19,10641.4072265625,13916.46484375,13916.46484375,13086.8291015625,13220.6416015625,17640101
2017-05-22,10539.0869140625,13782.65234375,14264.3759765625,13782.65234375,14130.5634765625,9954999
2017-05-23,10395.8359375,13595.3154296875,14050.2763671875,13595.3154296875,13675.6025390625,14945465
2017-05-24,10723.2646484375,14023.513671875,14398.1884765625,13541.7900390625,13702.365234375,12251353
2017-05-25,10743.7294921875,14050.2763671875,14451.712890625,14050.2763671875,14344.6630859375,10736972
2017-05-26,10641.4072265625,13916.46484375,14184.0888671875,13862.939453125,14077.0390625,6755720
2017-05-29,10559.55078125,13809.4150390625,14237.61328125,13809.4150390625,14077.0390625,7009172
2017-05-30,10129.8017578125,13247.4033203125,13809.4150390625,13220.6416015625,13809.4150390625,14348752
2017-05-31,10150.2646484375,13274.166015625,13488.265625,13140.353515625,13247.4033203125,8935660
2017-06-01,10191.1943359375,13327.69140625,13434.740234375,13274.166015625,13354.453125,3528378
2017-06-02,10559.55078125,13809.4150390625,13916.46484375,13247.4033203125,13354.453125,10311432
2017-06-05,10354.9091796875,13541.7900390625,13916.46484375,13541.7900390625,13862.939453125,5253147
2017-06-06,10477.6923828125,13702.365234375,13755.8896484375,13515.0283203125,13622.078125,5516950
2017-06-07,10580.0146484375,13836.1767578125,14050.2763671875,13782.65234375,13809.4150390625,7678879
2017-06-08,10661.8720703125,13943.2265625,14130.5634765625,13782.65234375,13916.46484375,6724090
2017-06-09,10743.7294921875,14050.2763671875,14237.61328125,13969.9892578125,14023.513671875,6404220
2017-06-12,10764.193359375,14077.0390625,14237.61328125,13996.751953125,14130.5634765625,7402914
2017-06-13,10886.9775390625,14237.61328125,14317.9013671875,14050.2763671875,14077.0390625,6177764
2017-06-14,10846.0498046875,14184.0888671875,14398.1884765625,14130.5634765625,14398.1884765625,5792018
2017-06-15,10805.1201171875,14130.5634765625,14264.3759765625,14103.8017578125,14184.0888671875,5909160
2017-06-16,10886.9775390625,14237.61328125,14344.6630859375,14103.8017578125,14130.5634765625,9466180
2017-06-19,11337.19140625,14826.38671875,14879.912109375,14344.6630859375,14398.1884765625,11339683
2017-06-20,11275.798828125,14746.099609375,15067.2490234375,14719.3369140625,15040.486328125,10021921
2017-06-21,11214.40625,14665.8125,14772.8623046875,14505.23828125,14665.8125,10747808
2017-06-22,11193.9423828125,14639.0498046875,14799.625,14558.7626953125,14799.625,6715608
2017-06-23,11173.4775390625,14612.2880859375,14719.3369140625,14398.1884765625,14719.3369140625,7548716
2017-06-26,11234.8701171875,14692.5751953125,14772.8623046875,14612.2880859375,14612.2880859375,5007243
2017-06-27,11030.2275390625,14424.9501953125,14746.099609375,14424.9501953125,14719.3369140625,5142525
2017-06-28,11214.40625,14665.8125,14665.8125,14371.42578125,14424.9501953125,6589218
2017-06-29,11255.333984375,14719.3369140625,14853.1494140625,14639.0498046875,14719.3369140625,4590838
2017-06-30,11316.7275390625,14799.625,14799.625,14665.8125,14746.099609375,4256377
2017-07-03,11439.513671875,14960.19921875,15120.7734375,14879.912109375,14986.9619140625,9875167
2017-07-04,11562.2978515625,15120.7734375,15120.7734375,14960.19921875,15013.724609375,7371247
2017-07-05,11582.7626953125,15147.5361328125,15174.298828125,15040.486328125,15120.7734375,4030724
2017-07-06,11705.548828125,15308.111328125,15522.2099609375,15308.111328125,15361.6357421875,7325679
2017-07-07,11255.333984375,14719.3369140625,15281.3486328125,14505.23828125,15281.3486328125,14955087
2017-07-10,10907.443359375,14264.3759765625,14772.8623046875,14264.3759765625,14719.3369140625,11673789
2017-07-11,10968.8349609375,14344.6630859375,14371.42578125,14023.513671875,14264.3759765625,8156041
2017-07-12,10886.9775390625,14237.61328125,14532.0,14210.8515625,14451.712890625,5022189
2017-07-13,10886.9775390625,14237.61328125,14237.61328125,14237.61328125,14237.61328125,0
2017-07-14,10968.8349609375,14344.6630859375,14585.525390625,14291.138671875,14317.9013671875,7544419
2017-07-17,10518.6220703125,13755.8896484375,14398.1884765625,13675.6025390625,14398.1884765625,9312606
2017-07-18,10334.4453125,13515.0283203125,13755.8896484375,13434.740234375,13702.365234375,7980291
2017-07-19,10313.9794921875,13488.265625,13729.126953125,13434.740234375,13675.6025390625,6356354
2017-07-20,10354.9091796875,13541.7900390625,13568.552734375,13274.166015625,13434.740234375,10513151
2017-07-21,10395.8359375,13595.3154296875,13755.8896484375,13354.453125,13755.8896484375,7670491
2017-07-24,10129.8017578125,13247.4033203125,13488.265625,13247.4033203125,13381.2158203125,5203619
2017-07-25,10334.4453125,13515.0283203125,13515.0283203125,13193.87890625,13247.4033203125,5498211
2017-07-26,10477.6923828125,13702.365234375,13729.126953125,13488.265625,13568.552734375,8079833
2017-07-27,10457.2294921875,13675.6025390625,13782.65234375,13622.078125,13702.365234375,6763865
2017-07-28,10457.2294921875,13675.6025390625,13675.6025390625,13675.6025390625,13675.6025390625,0
2017-07-31,10764.193359375,14077.0390625,14103.8017578125,13836.1767578125,13862.939453125,8495827
2017-08-01,10641.4072265625,13916.46484375,14291.138671875,13916.46484375,14157.326171875,8384608
2017-08-02,10539.0869140625,13782.65234375,13996.751953125,13702.365234375,13862.939453125,8202113
2017-08-03,10620.943359375,13889.7021484375,14023.513671875,13809.4150390625,13809.4150390625,6290067
2017-08-04,10805.1201171875,14130.5634765625,14130.5634765625,13943.2265625,14023.513671875,6291151
2017-08-07,10784.6572265625,14103.8017578125,14344.6630859375,14103.8017578125,14264.3759765625,7923812
2017-08-08,10641.4072265625,13916.46484375,14130.5634765625,13862.939453125,14130.5634765625,7709407
2017-08-09,10334.4453125,13515.0283203125,13862.939453125,13434.740234375,13862.939453125,8923609
2017-08-10,10313.9794921875,13488.265625,13595.3154296875,13381.2158203125,13381.2158203125,5907478
2017-08-11,10252.587890625,13407.978515625,13595.3154296875,13381.2158203125,13515.0283203125,5268672
2017-08-14,10354.9091796875,13541.7900390625,13595.3154296875,13407.978515625,13407.978515625,2775065
2017-08-15,10293.515625,13461.5029296875,13648.83984375,13407.978515625,13648.83984375,2861791
2017-08-16,10293.515625,13461.5029296875,13515.0283203125,13407.978515625,13407.978515625,4704131
2017-08-17,10068.408203125,13167.1162109375,13515.0283203125,13167.1162109375,13515.0283203125,7441793
2017-08-18,10170.728515625,13300.9287109375,13407.978515625,13060.06640625,13113.591796875,7749650
2017-08-21,10007.017578125,13086.8291015625,13327.69140625,13086.8291015625,13300.9287109375,4074909
2017-08-22,9822.8369140625,12845.966796875,13113.591796875,12845.966796875,13086.8291015625,6668994
2017-08-23,9945.6240234375,13006.5419921875,13006.5419921875,12765.6796875,12899.4921875,601649365
2017-08-24,9966.0859375,13033.3037109375,13167.1162109375,12953.0166015625,12953.0166015625,472199245
2017-08-25,10088.873046875,13193.87890625,13220.6416015625,13033.3037109375,13140.353515625,4213350
2017-08-28,10293.515625,13461.5029296875,13488.265625,13113.591796875,13220.6416015625,8665505
2017-08-29,10191.1943359375,13327.69140625,13515.0283203125,13327.69140625,13488.265625,5097537
2017-08-30,10170.728515625,13300.9287109375,13381.2158203125,13274.166015625,13327.69140625,3106892
2017-08-31,10252.587890625,13407.978515625,13461.5029296875,13247.4033203125,13274.166015625,5720836
2017-09-01,10313.9794921875,13488.265625,13541.7900390625,13407.978515625,13407.978515625,3959300
2017-09-04,10313.9794921875,13488.265625,13488.265625,13488.265625,13488.265625,0
2017-09-05,10273.05078125,13434.740234375,13541.7900390625,13300.9287109375,13434.740234375,3230722
2017-09-06,10232.123046875,13381.2158203125,13461.5029296875,13327.69140625,13434.740234375,3232441
2017-09-07,10252.587890625,13407.978515625,13568.552734375,13354.453125,13381.2158203125,3771611
2017-09-08,10211.658203125,13354.453125,13488.265625,13354.453125,13434.740234375,2839820
2017-09-11,10109.337890625,13220.6416015625,13407.978515625,13193.87890625,13300.9287109375,4323261
2017-09-12,10109.337890625,13220.6416015625,13274.166015625,13167.1162109375,13220.6416015625,3185230
2017-09-13,10252.587890625,13407.978515625,13407.978515625,13247.4033203125,13274.166015625,3322979
2017-09-14,10416.2998046875,13622.078125,13755.8896484375,13461.5029296875,13488.265625,7600729
2017-09-15,10477.6923828125,13702.365234375,13702.365234375,13541.7900390625,13622.078125,5507048
2017-09-18,10559.55078125,13809.4150390625,13943.2265625,13648.83984375,13729.126953125,7749183
2017-09-19,10559.55078125,13809.4150390625,13889.7021484375,13755.8896484375,13862.939453125,4276236
2017-09-20,10436.765625,13648.83984375,13836.1767578125,13622.078125,13836.1767578125,2781062
2017-09-21,10375.3720703125,13568.552734375,13729.126953125,13568.552734375,13648.83984375,4922553
2017-09-22,10436.765625,13648.83984375,13755.8896484375,13595.3154296875,13648.83984375,3362194
2017-09-25,10395.8359375,13595.3154296875,13809.4150390625,13595.3154296875,13702.365234375,3656693
2017-09-26,10395.8359375,13595.3154296875,13675.6025390625,13568.552734375,13675.6025390625,2990498
2017-09-27,10395.8359375,13595.3154296875,13675.6025390625,13568.552734375,13595.3154296875,1476902
2017-09-28,10232.123046875,13381.2158203125,13675.6025390625,13381.2158203125,13595.3154296875,3313712
2017-09-29,10252.587890625,13407.978515625,13488.265625,13381.2158203125,13381.2158203125,3116532
2017-10-02,10232.123046875,13381.2158203125,13515.0283203125,13354.453125,13407.978515625,1490989
2017-10-03,10191.1943359375,13327.69140625,13407.978515625,13220.6416015625,13407.978515625,2680884
2017-10-04,10273.05078125,13434.740234375,13434.740234375,13274.166015625,13327.69140625,2524228
2017-10-05,10457.2294921875,13675.6025390625,13729.126953125,13434.740234375,13488.265625,6023929
2017-10-06,10457.2294921875,13675.6025390625,13809.4150390625,13648.83984375,13702.365234375,4391323
2017-10-09,10423.892578125,13247.4033203125,13407.978515625,13247.4033203125,13381.2158203125,7387669
2017-10-10,10339.6572265625,13140.353515625,13220.6416015625,13086.8291015625,13220.6416015625,5204030
2017-10-11,10402.8349609375,13220.6416015625,13300.9287109375,13167.1162109375,13274.166015625,5707609
2017-10-12,10255.423828125,13033.3037109375,13274.166015625,13033.3037109375,13220.6416015625,4740656
2017-10-13,10255.423828125,13033.3037109375,13060.06640625,12953.0166015625,13006.5419921875,3150965
2017-10-16,10276.4833984375,13060.06640625,13086.8291015625,13006.5419921875,13033.3037109375,3403670
2017-10-17,10444.9501953125,13274.166015625,13274.166015625,13033.3037109375,13060.06640625,4443262
2017-10-18,10466.0087890625,13300.9287109375,13515.0283203125,13300.9287109375,13381.2158203125,13989648
2017-10-19,10318.6005859375,13113.591796875,13381.2158203125,13113.591796875,13327.69140625,4410230
2017-10-20,10234.3671875,13006.5419921875,13247.4033203125,13006.5419921875,13113.591796875,4836387
2017-10-23,9939.548828125,12631.8681640625,12953.0166015625,12631.8681640625,12953.0166015625,9051326
2017-10-24,9834.2568359375,12498.0556640625,12712.1552734375,12498.0556640625,12658.6298828125,5969543
2017-10-25,9855.31640625,12524.818359375,12631.8681640625,12498.0556640625,12631.8681640625,3625399
2017-10-26,9771.083984375,12417.7685546875,12578.3427734375,12203.6689453125,12524.818359375,5824022
2017-10-27,9771.083984375,12417.7685546875,12417.7685546875,12257.193359375,12310.71875,3183417
2017-10-30,9623.6748046875,12230.431640625,12524.818359375,12230.431640625,12471.29296875,5454437
2017-10-31,9518.3828125,12096.619140625,12310.71875,12096.619140625,12203.6689453125,4297311
2017-11-01,9349.916015625,11882.51953125,12150.1435546875,11721.9453125,12096.619140625,8870980
2017-11-02,9497.32421875,12069.8564453125,12310.71875,11989.5693359375,12043.09375,7891715
2017-11-03,9602.6162109375,12203.6689453125,12203.6689453125,12043.09375,12043.09375,2699885
2017-11-06,9728.966796875,12364.2431640625,12364.2431640625,12203.6689453125,12203.6689453125,2719913
2017-11-07,9686.8486328125,12310.71875,12417.7685546875,12257.193359375,12417.7685546875,3272236
2017-11-08,9707.908203125,12337.4814453125,12364.2431640625,12257.193359375,12310.71875,3154272
2017-11-09,9834.2568359375,12498.0556640625,12551.580078125,12364.2431640625,12364.2431640625,4525261
2017-11-10,9813.19921875,12471.29296875,12551.580078125,12391.005859375,12444.5302734375,3232105
2017-11-13,10129.0751953125,12872.7294921875,12872.7294921875,12391.005859375,12471.29296875,6656570
2017-11-14,10234.3671875,13006.5419921875,13113.591796875,12712.1552734375,12953.0166015625,5583517
2017-11-15,10213.3095703125,12979.779296875,13060.06640625,12845.966796875,12845.966796875,3857403
2017-11-16,10360.7177734375,13167.1162109375,13167.1162109375,12845.966796875,12899.4921875,7143745
2017-11-17,10318.6005859375,13113.591796875,13274.166015625,12979.779296875,13220.6416015625,5875830
2017-11-20,10360.7177734375,13167.1162109375,13274.166015625,13033.3037109375,13060.06640625,3775703
2017-11-21,10571.2998046875,13434.740234375,13648.83984375,13193.87890625,13193.87890625,14910435
2017-11-22,10718.708984375,13622.078125,13702.365234375,13434.740234375,13488.265625,8350231
2017-11-23,10739.767578125,13648.83984375,13836.1767578125,13541.7900390625,13729.126953125,8166111
2017-11-24,10739.767578125,13648.83984375,13702.365234375,13488.265625,13648.83984375,5697632
2017-11-27,10950.3525390625,13916.46484375,14050.2763671875,13702.365234375,13755.8896484375,10628948
2017-11-28,10950.3525390625,13916.46484375,14023.513671875,13755.8896484375,14023.513671875,7006762
2017-11-29,11203.0517578125,14237.61328125,14719.3369140625,14237.61328125,14451.712890625,13248926
2017-11-30,11329.40234375,14398.1884765625,14612.2880859375,14264.3759765625,14344.6630859375,8152099
2017-12-01,11603.16015625,14746.099609375,14933.4365234375,14371.42578125,14424.9501953125,11501514
2017-12-04,12255.9697265625,15575.7353515625,15682.78515625,14799.625,14879.912109375,12715959
2017-12-05,11876.9189453125,15094.01171875,15575.7353515625,14986.9619140625,15522.2099609375,12250531
2017-12-06,11771.626953125,14960.19921875,15094.01171875,14424.9501953125,15040.486328125,16170821
2017-12-07,11413.6357421875,14505.23828125,14986.9619140625,14398.1884765625,14960.19921875,9761837
2017-12-08,11455.7529296875,14558.7626953125,14772.8623046875,14371.42578125,14558.7626953125,7211265
2017-12-11,10866.1181640625,13809.4150390625,14505.23828125,13809.4150390625,14398.1884765625,7780122
2017-12-12,11139.876953125,14157.326171875,14157.326171875,13300.9287109375,13916.46484375,9388309
2017-12-13,11034.5849609375,14023.513671875,14237.61328125,13889.7021484375,14157.326171875,5602555
2017-12-14,11224.111328125,14264.3759765625,14291.138671875,13996.751953125,13996.751953125,4015404
2017-12-15,11413.6357421875,14505.23828125,14665.8125,14157.326171875,14398.1884765625,8456929
2017-12-18,11582.1015625,14719.3369140625,14853.1494140625,14612.2880859375,14772.8623046875,8109334
2017-12-19,11729.51171875,14906.6748046875,15067.2490234375,14772.8623046875,14826.38671875,11902319
2017-12-20,11792.6865234375,14986.9619140625,15227.8232421875,14879.912109375,14986.9619140625,7987129
2017-12-21,11624.21875,14772.8623046875,15120.7734375,14772.8623046875,14986.9619140625,6563921
2017-12-22,11603.16015625,14746.099609375,14906.6748046875,14585.525390625,14665.8125,5089410
2017-12-25,11729.51171875,14906.6748046875,15040.486328125,14772.8623046875,14772.8623046875,3944017
2017-12-26,11792.6865234375,14986.9619140625,15094.01171875,14933.4365234375,14986.9619140625,10858972
2017-12-27,11666.3349609375,14826.38671875,15120.7734375,14826.38671875,15013.724609375,7611864
2017-12-28,12066.4453125,15334.873046875,15388.3984375,14906.6748046875,14960.19921875,11146390
2017-12-29,12129.619140625,15415.16015625,15709.546875,15361.6357421875,15548.97265625,15909596
2018-01-01,12129.619140625,15415.16015625,15415.16015625,15415.16015625,15415.16015625,0
2018-01-02,12255.9697265625,15575.7353515625,15682.78515625,15468.685546875,15468.685546875,8398564
2018-01-03,12719.25390625,16164.5087890625,16164.5087890625,15629.259765625,15682.78515625,19222599
2018-01-04,12677.13671875,16110.9833984375,16325.0830078125,16057.458984375,16218.033203125,13094139
2018-01-05,12171.736328125,15468.685546875,16218.033203125,15468.685546875,16164.5087890625,15604056
2018-01-08,12424.4375,15789.8349609375,15789.8349609375,15308.111328125,15468.685546875,15644486
2018-01-09,12550.787109375,15950.4091796875,16164.5087890625,15709.546875,16057.458984375,10171347
2018-01-10,12782.4296875,16244.7958984375,16485.658203125,16003.9345703125,16137.74609375,19595416
2018-01-11,12761.3720703125,16218.033203125,16298.3212890625,15950.4091796875,16244.7958984375,12146990
2018-01-12,13182.537109375,16753.28125,16994.14453125,16218.033203125,16325.0830078125,23599873
2018-01-15,13456.2978515625,17101.193359375,17235.005859375,16485.658203125,16806.806640625,11466073
2018-01-16,13414.1806640625,17047.66796875,17181.48046875,16726.51953125,16913.857421875,13971077
2018-01-17,13414.1806640625,17047.66796875,17047.66796875,17047.66796875,17047.66796875,0
2018-01-18,13266.7705078125,16860.33203125,16860.33203125,15896.884765625,16110.9833984375,14938534
2018-01-19,13687.9375,17395.580078125,17529.392578125,16860.33203125,16967.380859375,17836850
2018-01-22,13687.9375,17395.580078125,17395.580078125,17395.580078125,17395.580078125,0
2018-01-23,13687.9375,17395.580078125,17395.580078125,17395.580078125,17395.580078125,0
2018-01-24,13687.9375,17395.580078125,17395.580078125,17395.580078125,17395.580078125,0
2018-01-25,14909.32421875,18947.80078125,19429.525390625,18198.453125,18198.453125,23330204
2018-01-26,14867.2080078125,18894.27734375,19429.525390625,18466.078125,19108.376953125,14573283
2018-01-29,15414.72265625,19590.099609375,19857.724609375,18840.751953125,18894.27734375,9583265
2018-01-30,15372.6064453125,19536.57421875,19616.86328125,19001.326171875,19054.8515625,16238995
2018-01-31,14361.8046875,18251.978515625,19777.4375,18251.978515625,19536.57421875,13739988
2018-02-01,14551.33203125,18492.83984375,19001.326171875,18251.978515625,18733.701171875,12839808
2018-02-02,14782.974609375,18787.2265625,18921.0390625,18466.078125,18626.65234375,6669405
2018-02-05,13751.1142578125,17475.8671875,18573.126953125,17475.8671875,18198.453125,17963745
2018-02-06,13140.4228515625,16699.7578125,17288.53125,16271.55859375,16271.55859375,22836191
2018-02-07,13898.5234375,17663.205078125,17850.541015625,17449.10546875,17770.25390625,10051683
2018-02-08,13308.888671875,16913.857421875,17663.205078125,16913.857421875,17235.005859375,4652940
2018-02-09,13308.888671875,16913.857421875,16913.857421875,16003.9345703125,16003.9345703125,10040885
2018-02-12,14151.2216796875,17984.353515625,17984.353515625,17342.056640625,17502.630859375,8596304
2018-02-13,14382.865234375,18278.740234375,18466.078125,18091.404296875,18091.404296875,7077664
2018-02-14,14382.865234375,18278.740234375,18278.740234375,18278.740234375,18278.740234375,0
2018-02-15,14382.865234375,18278.740234375,18278.740234375,18278.740234375,18278.740234375,0
2018-02-16,14382.865234375,18278.740234375,18278.740234375,18278.740234375,18278.740234375,0
2018-02-19,14382.865234375,18278.740234375,18278.740234375,18278.740234375,18278.740234375,0
2018-02-20,14382.865234375,18278.740234375,18278.740234375,18278.740234375,18278.740234375,0
2018-02-21,14782.974609375,18787.2265625,19054.8515625,18385.791015625,18466.078125,10401054
2018-02-22,14488.158203125,18412.552734375,18813.990234375,18225.216796875,18519.603515625,8241160
2018-02-23,14825.0888671875,18840.751953125,18894.27734375,18439.314453125,18573.126953125,7980011
2018-02-26,14761.9150390625,18760.46484375,19376.0,18760.46484375,19268.951171875,13486517
2018-02-27,14867.2080078125,18894.27734375,18974.564453125,18653.4140625,18894.27734375,8257171
2018-02-28,14867.2080078125,18894.27734375,18894.27734375,18894.27734375,18894.27734375,0
2018-03-01,15920.1259765625,20232.3984375,20580.310546875,19697.150390625,19750.673828125,16762527
2018-03-02,16004.3603515625,20339.447265625,20473.259765625,19750.673828125,19964.7734375,11708913
2018-03-05,14888.2666015625,18921.0390625,20847.93359375,18921.0390625,20553.546875,16675502
2018-03-06,15920.1259765625,20232.3984375,20232.3984375,19161.900390625,19402.763671875,14252423
2018-03-07,16088.59375,20446.498046875,20821.171875,19964.7734375,20339.447265625,16220517
2018-03-08,16067.5341796875,20419.734375,20446.498046875,20071.82421875,20392.97265625,10539662
2018-03-09,16341.2958984375,20767.646484375,21115.55859375,20580.310546875,20821.171875,17377083
2018-03-12,16172.826171875,20553.546875,21115.55859375,20500.0234375,21035.271484375,9339622
2018-03-13,16636.111328125,21142.3203125,21142.3203125,20500.0234375,20660.59765625,9845162
2018-03-14,16509.759765625,20981.74609375,21383.18359375,20981.74609375,21329.658203125,9323255
2018-03-15,16530.818359375,21008.509765625,21062.033203125,20767.646484375,20821.171875,8901750
2018-03-16,17267.86328125,21945.193359375,22025.48046875,21088.796875,21142.3203125,26848550
2018-03-19,17267.86328125,21945.193359375,22373.392578125,21677.5703125,22212.818359375,9998736
2018-03-20,17288.919921875,21971.95703125,22319.8671875,21624.044921875,21624.044921875,9383695
2018-03-21,17246.802734375,21918.431640625,22159.29296875,21731.09375,22132.53125,10993769
2018-03-22,16973.044921875,21570.51953125,22132.53125,21543.7578125,22105.767578125,12538378
2018-03-23,16678.224609375,21195.845703125,21195.845703125,20392.97265625,20928.220703125,18614657
2018-03-26,16930.927734375,21516.994140625,21570.51953125,20981.74609375,21035.271484375,7699337
2018-03-27,16846.697265625,21409.9453125,21998.71875,21302.896484375,21891.669921875,10535197
2018-03-28,16636.111328125,21142.3203125,21409.9453125,21035.271484375,21169.083984375,5840070
2018-03-29,16425.529296875,20874.697265625,21276.1328125,20794.41015625,21169.083984375,7214086
2018-03-30,16425.529296875,20874.697265625,20981.74609375,20446.498046875,20954.984375,8523048
2018-04-02,17183.626953125,21838.14453125,21864.90625,21035.271484375,21142.3203125,12576491
2018-04-03,17773.263671875,22587.4921875,22774.830078125,21677.5703125,21838.14453125,22971903
2018-04-04,17646.91015625,22426.91796875,23122.740234375,22426.91796875,23015.69140625,11256039
2018-04-05,17646.91015625,22426.91796875,22667.779296875,22266.34375,22587.4921875,8408428
2018-04-06,17646.91015625,22426.91796875,22828.353515625,22346.630859375,22480.443359375,11476292
2018-04-09,18657.71484375,23711.513671875,23711.513671875,22426.91796875,22480.443359375,17073710
2018-04-10,18320.78125,23283.31640625,23765.0390625,23042.453125,23604.46484375,12801172
2018-04-11,17604.796875,22373.392578125,23390.365234375,22319.8671875,23336.83984375,15421038
2018-04-12,17689.03125,22480.443359375,22721.3046875,21838.14453125,22212.818359375,11581664
2018-04-13,17394.2109375,22105.767578125,22748.06640625,21998.71875,22748.06640625,5999006
2018-04-16,17436.328125,22159.29296875,22587.4921875,21463.470703125,21998.71875,6268526
2018-04-17,17689.03125,22480.443359375,22480.443359375,21891.669921875,22212.818359375,4566756
2018-04-18,17478.447265625,22212.818359375,22748.06640625,22212.818359375,22587.4921875,7051283
2018-04-19,17099.39453125,21731.09375,22266.34375,21650.806640625,21945.193359375,9486992
2018-04-20,17689.03125,22480.443359375,22480.443359375,21436.70703125,21731.09375,8304794
2018-04-23,16467.640625,20928.220703125,22533.966796875,20928.220703125,22426.91796875,10858206
2018-04-24,15751.6591796875,20018.298828125,20981.74609375,20018.298828125,20874.697265625,9008430
2018-04-25,15751.6591796875,20018.298828125,20018.298828125,20018.298828125,20018.298828125,0
2018-04-26,14656.6240234375,18626.65234375,20045.060546875,18626.65234375,20018.298828125,20279248
2018-04-27,15162.0263671875,19268.951171875,19643.625,18359.02734375,18359.02734375,10071375
2018-04-30,15162.0263671875,19268.951171875,19268.951171875,19268.951171875,19268.951171875,0
2018-05-01,15162.0263671875,19268.951171875,19268.951171875,19268.951171875,19268.951171875,0
2018-05-02,14656.6240234375,18626.65234375,19509.8125,18573.126953125,19429.525390625,7013357
2018-05-03,14740.857421875,18733.701171875,18947.80078125,17502.630859375,18359.02734375,9805685
2018-05-04,14424.982421875,18332.265625,19054.8515625,18251.978515625,19001.326171875,4903646
2018-05-07,15330.4912109375,19483.05078125,19563.337890625,18198.453125,18680.177734375,7136982
2018-05-08,15077.791015625,19161.900390625,19697.150390625,19161.900390625,19268.951171875,7240915
2018-05-09,15077.791015625,19161.900390625,19376.0,18947.80078125,19108.376953125,7455544
2018-05-10,14446.0400390625,18359.02734375,19135.138671875,18198.453125,19001.326171875,7304997
2018-05-11,14572.390625,18519.603515625,18519.603515625,17823.779296875,18198.453125,9355091
2018-05-14,14740.857421875,18733.701171875,18947.80078125,18412.552734375,18733.701171875,6622044
2018-05-15,14951.443359375,19001.326171875,19242.1875,18787.2265625,18894.27734375,7338290
2018-05-16,14530.275390625,18466.078125,19001.326171875,18305.50390625,18787.2265625,6017651
2018-05-17,14151.2216796875,17984.353515625,18680.177734375,17984.353515625,18519.603515625,8312641
2018-05-18,13898.5234375,17663.205078125,18278.740234375,17127.95703125,18198.453125,8404262
2018-05-21,13477.3544921875,17127.95703125,17930.830078125,17127.95703125,17823.779296875,6944268
2018-05-22,12656.080078125,16084.2216796875,17235.005859375,15950.4091796875,16592.70703125,14653190
2018-05-23,13140.4228515625,16699.7578125,16699.7578125,15950.4091796875,16057.458984375,12974512
2018-05-24,12824.5458984375,16298.3212890625,16833.5703125,16244.7958984375,16592.70703125,5561733
2018-05-25,12424.4375,15789.8349609375,16672.994140625,15789.8349609375,16298.3212890625,8569961
2018-05-28,11582.1015625,14719.3369140625,15789.8349609375,14692.5751953125,15789.8349609375,16918174
2018-05-29,12382.3212890625,15736.3095703125,15736.3095703125,14879.912109375,15254.5859375,9469356
2018-05-30,12613.9619140625,16030.6962890625,16325.0830078125,15629.259765625,15629.259765625,10764791
2018-05-31,13477.3544921875,17127.95703125,17127.95703125,15843.359375,16003.9345703125,15065839
2018-06-01,13624.7646484375,17315.29296875,17609.6796875,17020.90625,17127.95703125,16901453
2018-06-04,14066.990234375,17877.3046875,18037.87890625,16913.857421875,17288.53125,10520120
2018-06-05,14109.107421875,17930.830078125,17957.591796875,17475.8671875,17770.25390625,11575966
2018-06-06,14277.572265625,18144.927734375,18198.453125,17556.154296875,17716.73046875,8260889
2018-06-07,14045.9287109375,17850.541015625,18225.216796875,17823.779296875,18198.453125,10036513
2018-06-08,14319.69140625,18198.453125,18198.453125,17663.205078125,17770.25390625,8360712
2018-06-11,14340.7490234375,18225.216796875,18680.177734375,17877.3046875,17904.06640625,8511240
2018-06-12,14151.2216796875,17984.353515625,18251.978515625,17395.580078125,18037.87890625,14344006
2018-06-13,14298.6318359375,18171.69140625,18198.453125,17877.3046875,18037.87890625,5860603
2018-06-14,13730.0556640625,17449.10546875,18359.02734375,17449.10546875,18171.69140625,8647569
2018-06-15,14109.107421875,17930.830078125,17930.830078125,17181.48046875,17395.580078125,7379449
2018-06-18,13161.4794921875,16726.51953125,17930.830078125,16699.7578125,17663.205078125,12023496
2018-06-19,13056.1865234375,16592.70703125,16592.70703125,15575.7353515625,16110.9833984375,17423753
2018-06-20,13266.7705078125,16860.33203125,17074.431640625,16271.55859375,16619.470703125,6516560
2018-06-21,13014.072265625,16539.18359375,16753.28125,16325.0830078125,16619.470703125,5814400
2018-06-22,13308.888671875,16913.857421875,16967.380859375,16110.9833984375,16218.033203125,6597588
2018-06-25,13329.947265625,16940.619140625,17235.005859375,16913.857421875,17235.005859375,4770661
2018-06-26,13224.6552734375,16806.806640625,16913.857421875,16565.9453125,16592.70703125,3367407
2018-06-27,12508.6708984375,15896.884765625,16967.380859375,15896.884765625,16806.806640625,6165508
2018-06-28,12003.26953125,15254.5859375,15950.4091796875,15254.5859375,15682.78515625,10729630
2018-06-29,12003.26953125,15254.5859375,15629.259765625,15094.01171875,15308.111328125,4252883
2018-07-02,11582.1015625,14719.3369140625,15201.0615234375,14237.61328125,14986.9619140625,14097261
2018-07-03,10866.1181640625,13809.4150390625,14906.6748046875,13809.4150390625,14826.38671875,11961992
2018-07-04,11476.810546875,14585.525390625,14612.2880859375,13488.265625,13916.46484375,7904345
2018-07-05,11308.34375,14371.42578125,14639.0498046875,13702.365234375,14451.712890625,5905535
2018-07-06,12045.38671875,15308.111328125,15361.6357421875,14077.0390625,14371.42578125,14133992
2018-07-09,11708.453125,14879.912109375,15522.2099609375,14772.8623046875,15334.873046875,6075195
2018-07-10,11645.2783203125,14799.625,15174.298828125,14772.8623046875,14879.912109375,4657200
2018-07-11,10950.3525390625,13916.46484375,14371.42578125,13809.4150390625,14210.8515625,10959635
2018-07-12,10992.4677734375,13969.9892578125,14478.4755859375,13809.4150390625,13916.46484375,4666709
2018-07-13,11561.0439453125,14692.5751953125,14719.3369140625,14023.513671875,14344.6630859375,6631030
2018-07-16,11497.8681640625,14612.2880859375,14906.6748046875,14478.4755859375,14719.3369140625,4693314
2018-07-17,11708.453125,14879.912109375,14933.4365234375,14317.9013671875,14451.712890625,6647041
2018-07-18,12298.087890625,15629.259765625,15656.0224609375,15013.724609375,15094.01171875,10844511
2018-07-19,12171.736328125,15468.685546875,15736.3095703125,15361.6357421875,15522.2099609375,7106753
2018-07-20,12277.029296875,15602.498046875,15602.498046875,15013.724609375,15281.3486328125,9036865
2018-07-23,11855.861328125,15067.2490234375,15629.259765625,15067.2490234375,15415.16015625,8326877
2018-07-24,11855.861328125,15067.2490234375,15067.2490234375,15067.2490234375,15067.2490234375,0
2018-07-25,11160.935546875,14184.0888671875,14879.912109375,14184.0888671875,14665.8125,5384095
2018-07-26,11666.3349609375,14826.38671875,14826.38671875,14077.0390625,14184.0888671875,6984436
2018-07-27,11750.5693359375,14933.4365234375,15147.5361328125,14799.625,14933.4365234375,5325188
2018-07-30,12045.38671875,15308.111328125,15308.111328125,14933.4365234375,15040.486328125,7463297
2018-07-31,12171.736328125,15468.685546875,15629.259765625,15094.01171875,15308.111328125,13197044
2018-08-01,12213.8525390625,15522.2099609375,16003.9345703125,15415.16015625,15468.685546875,9431056
2018-08-02,12361.2607421875,15709.546875,15709.546875,15147.5361328125,15308.111328125,8760825
2018-08-03,12234.9111328125,15548.97265625,15896.884765625,15495.4482421875,15896.884765625,5205935
2018-08-06,12045.38671875,15308.111328125,15629.259765625,15201.0615234375,15468.685546875,3865792
2018-08-07,12192.7958984375,15495.4482421875,15602.498046875,15201.0615234375,15254.5859375,4222673
2018-08-08,12445.494140625,15816.5966796875,15843.359375,15522.2099609375,15602.498046875,5219611
2018-08-09,12466.5537109375,15843.359375,16271.55859375,15843.359375,15896.884765625,7992846
2018-08-10,12761.3720703125,16218.033203125,16244.7958984375,15763.072265625,15843.359375,6853880
2018-08-13,13266.7705078125,16860.33203125,16860.33203125,16030.6962890625,16110.9833984375,8887252
2018-08-14,13056.1865234375,16592.70703125,16806.806640625,16539.18359375,16753.28125,6474860
2018-08-15,12635.0205078125,16057.458984375,16646.232421875,15950.4091796875,16592.70703125,6474262
2018-08-16,12550.787109375,15950.4091796875,15977.171875,15548.97265625,15950.4091796875,6953927
2018-08-17,12508.6708984375,15896.884765625,16271.55859375,15896.884765625,16218.033203125,5686123
2018-08-20,12277.029296875,15602.498046875,16003.9345703125,15575.7353515625,15896.884765625,4426129
2018-08-21,12887.7216796875,16378.6083984375,16378.6083984375,15602.498046875,15602.498046875,7528164
2018-08-22,12719.25390625,16164.5087890625,16539.18359375,16164.5087890625,16539.18359375,4948485
2018-08-23,12866.6630859375,16351.845703125,16432.1328125,16110.9833984375,16191.271484375,3840514
2018-08-24,12719.25390625,16164.5087890625,16432.1328125,16057.458984375,16351.845703125,5252063
2018-08-27,12993.0126953125,16512.419921875,16726.51953125,16271.55859375,16325.0830078125,8272417
2018-08-28,13351.0068359375,16967.380859375,17074.431640625,16565.9453125,16592.70703125,13297184
2018-08-29,13435.2392578125,17074.431640625,17101.193359375,16726.51953125,16860.33203125,7942140
2018-08-30,13582.646484375,17261.767578125,17261.767578125,16806.806640625,16940.619140625,8149408
2018-08-31,13308.888671875,16913.857421875,17261.767578125,16913.857421875,17047.66796875,5660341
2018-09-03,13308.888671875,16913.857421875,16913.857421875,16913.857421875,16913.857421875,0
2018-09-04,12929.8388671875,16432.1328125,16913.857421875,16405.37109375,16753.28125,6037437
2018-09-05,13014.072265625,16539.18359375,16565.9453125,16164.5087890625,16325.0830078125,6915309
2018-09-06,13014.072265625,16539.18359375,16592.70703125,16378.6083984375,16458.89453125,3851107
2018-09-07,13266.7705078125,16860.33203125,16860.33203125,16512.419921875,16539.18359375,7339243
2018-09-10,13182.537109375,16753.28125,16913.857421875,16726.51953125,16753.28125,4840367
2018-09-11,13561.58984375,17235.005859375,17235.005859375,16646.232421875,16646.232421875,10810284
2018-09-12,13351.0068359375,16967.380859375,17395.580078125,16967.380859375,17368.818359375,8254444
2018-09-13,13393.1220703125,17020.90625,17235.005859375,16967.380859375,17101.193359375,4992390
2018-09-14,13519.47265625,17181.48046875,17342.056640625,17020.90625,17020.90625,5920650
2018-09-17,13182.537109375,16753.28125,17154.71875,16753.28125,17020.90625,4028482
2018-09-18,13477.3544921875,17127.95703125,17127.95703125,16485.658203125,16592.70703125,6419988
2018-09-19,13582.646484375,17261.767578125,17342.056640625,17127.95703125,17235.005859375,8606897
2018-09-20,13730.0556640625,17449.10546875,17556.154296875,17208.244140625,17235.005859375,8570633
2018-09-21,13856.40625,17609.6796875,17770.25390625,17475.8671875,17663.205078125,13237754
2018-09-24,13961.6982421875,17743.4921875,17850.541015625,17636.443359375,17797.017578125,5625628
2018-09-25,13877.4658203125,17636.443359375,17823.779296875,17556.154296875,17636.443359375,6136251
2018-09-26,13898.5234375,17663.205078125,17877.3046875,17609.6796875,17609.6796875,5502713
2018-09-27,14151.2216796875,17984.353515625,18091.404296875,17663.205078125,17770.25390625,8125476
2018-09-28,14109.107421875,17930.830078125,18091.404296875,17930.830078125,18037.87890625,6050795
2018-10-01,13982.7568359375,17770.25390625,17984.353515625,17716.73046875,17930.830078125,5079508
2018-10-02,13919.5810546875,17689.966796875,17904.06640625,17636.443359375,17689.966796875,5582396
2018-10-03,14045.9287109375,17850.541015625,17850.541015625,17663.205078125,17770.25390625,4848681
2018-10-04,14334.7109375,17823.779296875,17823.779296875,17395.580078125,17502.630859375,7005846
2018-10-05,14033.380859375,17449.10546875,17823.779296875,17449.10546875,17663.205078125,6534869
2018-10-08,14011.8583984375,17422.34375,17582.91796875,17208.244140625,17342.056640625,4658713
2018-10-09,14054.9052734375,17475.8671875,17556.154296875,17368.818359375,17422.34375,2492411
2018-10-10,14033.380859375,17449.10546875,17556.154296875,17127.95703125,17502.630859375,4539684
2018-10-11,13064.8193359375,16244.7958984375,17074.431640625,16244.7958984375,16699.7578125,18548165
2018-10-12,13323.1025390625,16565.9453125,16646.232421875,15763.072265625,16110.9833984375,9255922
2018-10-15,13043.296875,16218.033203125,16565.9453125,16137.74609375,16565.9453125,3448416
2018-10-16,13064.8193359375,16244.7958984375,16325.0830078125,16057.458984375,16271.55859375,4004344
2018-10-17,13258.53125,16485.658203125,16565.9453125,16378.6083984375,16539.18359375,4793996
2018-10-18,13086.3427734375,16271.55859375,16485.658203125,16218.033203125,16325.0830078125,3819664
2018-10-19,12978.724609375,16137.74609375,16325.0830078125,15896.884765625,16003.9345703125,4311174
2018-10-22,12914.154296875,16057.458984375,16432.1328125,16057.458984375,16325.0830078125,4310650
2018-10-23,12483.681640625,15522.2099609375,15950.4091796875,15281.3486328125,15789.8349609375,8384720
2018-10-24,12182.3525390625,15147.5361328125,15709.546875,15147.5361328125,15522.2099609375,7990081
2018-10-25,12053.2099609375,14986.9619140625,15094.01171875,14184.0888671875,14184.0888671875,7689828
2018-10-26,11859.498046875,14746.099609375,15254.5859375,14746.099609375,15174.298828125,4643262
2018-10-29,11794.927734375,14665.8125,14746.099609375,14505.23828125,14719.3369140625,3682755
2018-10-30,11837.974609375,14719.3369140625,15067.2490234375,14532.0,14719.3369140625,3675693
2018-10-31,12333.017578125,15334.873046875,15415.16015625,14906.6748046875,14986.9619140625,4519170
2018-11-01,12053.2099609375,14986.9619140625,15415.16015625,14960.19921875,15388.3984375,4431940
2018-11-02,12397.5869140625,15415.16015625,15522.2099609375,15040.486328125,15120.7734375,6272038
2018-11-05,12440.63671875,15468.685546875,15575.7353515625,15147.5361328125,15201.0615234375,3431881
2018-11-06,12311.494140625,15308.111328125,15629.259765625,15308.111328125,15575.7353515625,3765502
2018-11-07,12268.4462890625,15254.5859375,15388.3984375,15013.724609375,15308.111328125,3509228
2018-11-08,12333.017578125,15334.873046875,15522.2099609375,15334.873046875,15522.2099609375,3310760
2018-11-09,11967.1162109375,14879.912109375,15308.111328125,14879.912109375,15254.5859375,2873356
2018-11-12,12182.3525390625,15147.5361328125,15147.5361328125,14612.2880859375,14719.3369140625,3515525
2018-11-13,11988.640625,14906.6748046875,15067.2490234375,14719.3369140625,14719.3369140625,2244526
2018-11-14,11967.1162109375,14879.912109375,15094.01171875,14639.0498046875,14906.6748046875,2153373
2018-11-15,11881.0224609375,14772.8623046875,14933.4365234375,14639.0498046875,14879.912109375,2072364
2018-11-16,11924.0703125,14826.38671875,14986.9619140625,14719.3369140625,14879.912109375,2651926
2018-11-19,12268.4462890625,15254.5859375,15254.5859375,14933.4365234375,14933.4365234375,3974806
2018-11-20,12225.400390625,15201.0615234375,15227.8232421875,15067.2490234375,15067.2490234375,2518941
2018-11-21,12440.63671875,15468.685546875,15468.685546875,14933.4365234375,14986.9619140625,3030386
2018-11-22,12333.017578125,15334.873046875,15522.2099609375,15281.3486328125,15468.685546875,2218053
2018-11-23,12010.1630859375,14933.4365234375,15334.873046875,14933.4365234375,15334.873046875,2548684
2018-11-26,11967.1162109375,14879.912109375,14960.19921875,14826.38671875,14826.38671875,2078753
2018-11-27,12031.6884765625,14960.19921875,15094.01171875,14879.912109375,14960.19921875,3038270
2018-11-28,12139.3056640625,15094.01171875,15094.01171875,14853.1494140625,14960.19921875,2916681
2018-11-29,12182.3525390625,15147.5361328125,15388.3984375,15120.7734375,15254.5859375,3952125
2018-11-30,12268.4462890625,15254.5859375,15254.5859375,15067.2490234375,15120.7734375,2019510
2018-12-03,12763.490234375,15870.1220703125,15870.1220703125,15522.2099609375,15575.7353515625,6850872
2018-12-04,12677.3955078125,15763.072265625,15923.646484375,15656.0224609375,15789.8349609375,4006829
2018-12-05,12698.91796875,15789.8349609375,15843.359375,15522.2099609375,15575.7353515625,5564722
2018-12-06,12655.8720703125,15736.3095703125,15843.359375,15682.78515625,15736.3095703125,4768326
2018-12-07,12763.490234375,15870.1220703125,16003.9345703125,15789.8349609375,15789.8349609375,4137479
2018-12-10,12591.2998046875,15656.0224609375,15789.8349609375,15656.0224609375,15682.78515625,1982854
2018-12-11,12548.25390625,15602.498046875,15736.3095703125,15548.97265625,15656.0224609375,1589429
2018-12-12,12548.25390625,15602.498046875,15602.498046875,15602.498046875,15602.498046875,0
2018-12-13,12785.0126953125,15896.884765625,16057.458984375,15896.884765625,15950.4091796875,3593358
2018-12-14,12612.82421875,15682.78515625,15870.1220703125,15682.78515625,15736.3095703125,2233485
2018-12-17,12289.970703125,15281.3486328125,15656.0224609375,15281.3486328125,15575.7353515625,2997896
2018-12-18,12139.3056640625,15094.01171875,15281.3486328125,14879.912109375,14879.912109375,3690602
2018-12-19,12096.2578125,15040.486328125,15227.8232421875,14933.4365234375,15227.8232421875,2521127
2018-12-20,12117.7822265625,15067.2490234375,15254.5859375,14960.19921875,15013.724609375,1728729
2018-12-21,11988.640625,14906.6748046875,14986.9619140625,14906.6748046875,14986.9619140625,2513467
2018-12-24,11622.7392578125,14451.712890625,14986.9619140625,14398.1884765625,14879.912109375,3900206
2018-12-25,11558.16796875,14371.42578125,14398.1884765625,13809.4150390625,14157.326171875,5235417
2018-12-26,11472.07421875,14264.3759765625,14505.23828125,14237.61328125,14344.6630859375,2073952
2018-12-27,11622.7392578125,14451.712890625,14692.5751953125,14451.712890625,14558.7626953125,2253775
2018-12-28,11622.7392578125,14451.712890625,14451.712890625,14451.712890625,14451.712890625,0
2018-12-31,11622.7392578125,14451.712890625,14451.712890625,14451.712890625,14451.712890625,0
2019-01-01,11622.7392578125,14451.712890625,14451.712890625,14451.712890625,14451.712890625,0
2019-01-02,11407.5029296875,14184.0888671875,14398.1884765625,14050.2763671875,14291.138671875,2272495
2019-01-03,11192.267578125,13916.46484375,14184.0888671875,13782.65234375,14184.0888671875,3124192
2019-01-04,11192.267578125,13916.46484375,14023.513671875,13622.078125,13916.46484375,2303434
2019-01-07,11213.791015625,13943.2265625,14344.6630859375,13943.2265625,14344.6630859375,1374127
2019-01-08,11063.1259765625,13755.8896484375,13996.751953125,13729.126953125,13996.751953125,2441781
2019-01-09,11084.6494140625,13782.65234375,13969.9892578125,13755.8896484375,13916.46484375,3083669
2019-01-10,10998.5546875,13675.6025390625,13889.7021484375,13675.6025390625,13755.8896484375,2265769
2019-01-11,11256.8388671875,13996.751953125,14077.0390625,13755.8896484375,13755.8896484375,3401167
2019-01-14,11106.173828125,13809.4150390625,14023.513671875,13809.4150390625,14023.513671875,1451232
2019-01-15,11192.267578125,13916.46484375,13943.2265625,13782.65234375,13809.4150390625,1860555
2019-01-16,11084.6494140625,13782.65234375,13969.9892578125,13729.126953125,13943.2265625,2741081
2019-01-17,10847.8896484375,13488.265625,13809.4150390625,13461.5029296875,13782.65234375,3461027
2019-01-18,10826.3662109375,13461.5029296875,13568.552734375,13327.69140625,13488.265625,2842043
2019-01-21,11020.078125,13702.365234375,13862.939453125,13461.5029296875,13461.5029296875,3177719
2019-01-22,10998.5546875,13675.6025390625,13862.939453125,13675.6025390625,13702.365234375,2160248
2019-01-23,10955.5087890625,13622.078125,13755.8896484375,13541.7900390625,13595.3154296875,2221005
2019-01-24,10998.5546875,13675.6025390625,13809.4150390625,13648.83984375,13755.8896484375,2287815
2019-01-25,11278.361328125,14023.513671875,14077.0390625,13675.6025390625,13675.6025390625,4525018
2019-01-28,11213.791015625,13943.2265625,14103.8017578125,13889.7021484375,14023.513671875,2366208
2019-01-29,11278.361328125,14023.513671875,14023.513671875,13836.1767578125,13996.751953125,1889775
2019-01-30,11192.267578125,13916.46484375,14023.513671875,13916.46484375,14023.513671875,1815436
2019-01-31,11235.314453125,13969.9892578125,14184.0888671875,13836.1767578125,13969.9892578125,2931665
2019-02-01,11235.314453125,13969.9892578125,14023.513671875,13862.939453125,13862.939453125,1840845
2019-02-04,11235.314453125,13969.9892578125,13969.9892578125,13969.9892578125,13969.9892578125,0
2019-02-05,11235.314453125,13969.9892578125,13969.9892578125,13969.9892578125,13969.9892578125,0
2019-02-06,11235.314453125,13969.9892578125,13969.9892578125,13969.9892578125,13969.9892578125,0
2019-02-07,11235.314453125,13969.9892578125,13969.9892578125,13969.9892578125,13969.9892578125,0
2019-02-08,11235.314453125,13969.9892578125,13969.9892578125,13969.9892578125,13969.9892578125,0
2019-02-11,11579.69140625,14398.1884765625,14398.1884765625,14023.513671875,14077.0390625,3636665
2019-02-12,11687.310546875,14532.0,14719.3369140625,14344.6630859375,14398.1884765625,6572048
2019-02-13,11708.833984375,14558.7626953125,14719.3369140625,14532.0,14585.525390625,4349324
2019-02-14,11665.78515625,14505.23828125,14612.2880859375,14478.4755859375,14505.23828125,2654056
2019-02-15,11558.16796875,14371.42578125,14532.0,14317.9013671875,14451.712890625,3416580
2019-02-18,11558.16796875,14371.42578125,14371.42578125,14371.42578125,14371.42578125,0
2019-02-19,11730.357421875,14585.525390625,14799.625,14505.23828125,14505.23828125,6378568
2019-02-20,11837.974609375,14719.3369140625,14772.8623046875,14585.525390625,14585.525390625,4298824
2019-02-21,12010.1630859375,14933.4365234375,14933.4365234375,14719.3369140625,14746.099609375,5365543
2019-02-22,12160.8271484375,15120.7734375,15147.5361328125,14826.38671875,14986.9619140625,5851747
2019-02-25,12311.494140625,15308.111328125,15415.16015625,15227.8232421875,15254.5859375,6102491
2019-02-26,12268.4462890625,15254.5859375,15361.6357421875,15067.2490234375,15147.5361328125,5351475
2019-02-27,12160.8271484375,15120.7734375,15308.111328125,15120.7734375,15254.5859375,2317184
2019-02-28,12010.1630859375,14933.4365234375,15254.5859375,14853.1494140625,15094.01171875,4271491
2019-03-01,12139.3056640625,15094.01171875,15094.01171875,14933.4365234375,14933.4365234375,1947730
2019-03-04,12440.63671875,15468.685546875,15495.4482421875,15147.5361328125,15147.5361328125,4305531
2019-03-05,12397.5869140625,15415.16015625,15575.7353515625,15254.5859375,15415.16015625,3654339
2019-03-06,12397.5869140625,15415.16015625,15522.2099609375,15281.3486328125,15522.2099609375,1685459
2019-03-07,12376.0634765625,15388.3984375,15548.97265625,15281.3486328125,15281.3486328125,3552573
2019-03-08,12376.0634765625,15388.3984375,15388.3984375,15388.3984375,15388.3984375,0
2019-03-11,12311.494140625,15308.111328125,15308.111328125,15120.7734375,15227.8232421875,2221416
2019-03-12,12397.5869140625,15415.16015625,15468.685546875,15201.0615234375,15468.685546875,1886413
2019-03-13,12655.8720703125,15736.3095703125,15763.072265625,15468.685546875,15468.685546875,4955603
2019-03-14,12677.3955078125,15763.072265625,15843.359375,15602.498046875,15789.8349609375,2119426
2019-03-15,12698.91796875,15789.8349609375,15789.8349609375,15602.498046875,15789.8349609375,2870927
2019-03-18,12569.7783203125,15629.259765625,15816.5966796875,15548.97265625,15816.5966796875,2795784
2019-03-19,12440.63671875,15468.685546875,15736.3095703125,15468.685546875,15682.78515625,2208207
2019-03-20,12289.970703125,15281.3486328125,15468.685546875,15120.7734375,15468.685546875,2626405
2019-03-21,11751.880859375,14612.2880859375,15308.111328125,14612.2880859375,15281.3486328125,3209443
2019-03-22,11837.974609375,14719.3369140625,14960.19921875,14665.8125,14772.8623046875,2288992
2019-03-25,11536.6435546875,14344.6630859375,14505.23828125,14237.61328125,14344.6630859375,2587414
2019-03-26,11665.78515625,14505.23828125,14612.2880859375,14424.9501953125,14505.23828125,1230960
2019-03-27,11665.78515625,14505.23828125,14719.3369140625,14478.4755859375,14719.3369140625,1474268
2019-03-28,11644.2626953125,14478.4755859375,14558.7626953125,14424.9501953125,14505.23828125,1172277
2019-03-29,11708.833984375,14558.7626953125,14639.0498046875,14478.4755859375,14612.2880859375,2644752
2019-04-01,11924.0703125,14826.38671875,14879.912109375,14585.525390625,14665.8125,1885030
2019-04-02,11924.0703125,14826.38671875,15013.724609375,14665.8125,14986.9619140625,1142609
2019-04-03,11773.4033203125,14639.0498046875,14772.8623046875,14639.0498046875,14719.3369140625,941823
2019-04-04,11751.880859375,14612.2880859375,14799.625,14612.2880859375,14665.8125,1348999
2019-04-05,11837.974609375,14719.3369140625,14746.099609375,14612.2880859375,14612.2880859375,1275463
2019-04-08,11967.1162109375,14879.912109375,14879.912109375,14719.3369140625,14746.099609375,2129982
2019-04-09,12053.2099609375,14986.9619140625,15013.724609375,14879.912109375,14933.4365234375,3581457
2019-04-10,11816.451171875,14692.5751953125,14933.4365234375,14665.8125,14719.3369140625,1524207
2019-04-11,11730.357421875,14585.525390625,14772.8623046875,14585.525390625,14719.3369140625,1205010
2019-04-12,11622.7392578125,14451.712890625,14585.525390625,14451.712890625,14585.525390625,1534744
2019-04-15,11622.7392578125,14451.712890625,14451.712890625,14451.712890625,14451.712890625,0
2019-04-16,11515.1220703125,14317.9013671875,14424.9501953125,14237.61328125,14424.9501953125,2087385
2019-04-17,11429.025390625,14210.8515625,14451.712890625,14184.0888671875,14317.9013671875,2195652
2019-04-18,11192.267578125,13916.46484375,14237.61328125,13836.1767578125,14184.0888671875,3508631
2019-04-19,11192.267578125,13916.46484375,14130.5634765625,13889.7021484375,14103.8017578125,1364524
2019-04-22,10847.8896484375,13488.265625,13889.7021484375,13381.2158203125,13755.8896484375,3966493
2019-04-23,10826.3662109375,13461.5029296875,13568.552734375,13407.978515625,13488.265625,3136224
2019-04-24,11063.1259765625,13755.8896484375,13782.65234375,13541.7900390625,13595.3154296875,1433651
2019-04-25,10977.0322265625,13648.83984375,13755.8896484375,13595.3154296875,13755.8896484375,2335718
2019-04-26,11106.173828125,13809.4150390625,13809.4150390625,13568.552734375,13702.365234375,3117728
2019-04-29,11106.173828125,13809.4150390625,13809.4150390625,13809.4150390625,13809.4150390625,0
2019-04-30,11106.173828125,13809.4150390625,13809.4150390625,13809.4150390625,13809.4150390625,0
2019-05-01,11106.173828125,13809.4150390625,13809.4150390625,13809.4150390625,13809.4150390625,0
2019-05-02,11020.078125,13702.365234375,13943.2265625,13702.365234375,13836.1767578125,1774147
2019-05-03,11149.220703125,13862.939453125,13862.939453125,13595.3154296875,13595.3154296875,2005311
2019-05-06,10847.8896484375,13488.265625,13648.83984375,13354.453125,13648.83984375,5071232
2019-05-07,10718.7490234375,13327.69140625,13675.6025390625,13274.166015625,13648.83984375,4646999
2019-05-08,10632.654296875,13220.6416015625,13407.978515625,13086.8291015625,13220.6416015625,2638530
2019-05-09,10589.607421875,13167.1162109375,13354.453125,13113.591796875,13300.9287109375,1857996
2019-05-10,10783.3193359375,13407.978515625,13461.5029296875,13167.1162109375,13220.6416015625,2323611
2019-05-13,10847.8896484375,13488.265625,13515.0283203125,13381.2158203125,13434.740234375,1557780
2019-05-14,10783.3193359375,13407.978515625,13461.5029296875,13300.9287109375,13381.2158203125,4715378
2019-05-15,11084.6494140625,13782.65234375,13862.939453125,13434.740234375,13541.7900390625,5316837
2019-05-16,10998.5546875,13675.6025390625,13862.939453125,13675.6025390625,13782.65234375,2018575
2019-05-17,11063.1259765625,13755.8896484375,13862.939453125,13648.83984375,13675.6025390625,4032481
2019-05-20,11235.314453125,13969.9892578125,13996.751953125,13729.126953125,13782.65234375,5508449
2019-05-21,11213.791015625,13943.2265625,14077.0390625,13889.7021484375,14023.513671875,3141325
2019-05-22,11213.791015625,13943.2265625,14050.2763671875,13889.7021484375,13916.46484375,3061231
2019-05-23,11213.791015625,13943.2265625,13943.2265625,13755.8896484375,13755.8896484375,2252896
2019-05-24,10998.5546875,13675.6025390625,13889.7021484375,13622.078125,13862.939453125,3903849
2019-05-27,10912.4609375,13568.552734375,13702.365234375,13568.552734375,13675.6025390625,1401012
2019-05-28,10847.8896484375,13488.265625,13568.552734375,13407.978515625,13541.7900390625,2440099
2019-05-29,10783.3193359375,13407.978515625,13541.7900390625,13354.453125,13488.265625,1582124
2019-05-30,10804.8408203125,13434.740234375,13568.552734375,13300.9287109375,13407.978515625,1448298
2019-05-31,10697.224609375,13300.9287109375,13488.265625,13300.9287109375,13434.740234375,1852933
2019-06-03,10654.177734375,13247.4033203125,13300.9287109375,13140.353515625,13220.6416015625,2206320
2019-06-04,10675.7021484375,13274.166015625,13327.69140625,13140.353515625,13300.9287109375,1298312
2019-06-05,10697.224609375,13300.9287109375,13461.5029296875,13300.9287109375,13461.5029296875,1599163
2019-06-06,10632.654296875,13220.6416015625,13327.69140625,13086.8291015625,13274.166015625,2266610
2019-06-07,10783.3193359375,13407.978515625,13407.978515625,13327.69140625,13327.69140625,1189746
2019-06-10,10847.8896484375,13488.265625,13568.552734375,13434.740234375,13461.5029296875,1739303
2019-06-11,10847.8896484375,13488.265625,13515.0283203125,13434.740234375,13488.265625,1009755
2019-06-12,10697.224609375,13300.9287109375,13488.265625,13274.166015625,13488.265625,998377
2019-06-13,10675.7021484375,13274.166015625,13327.69140625,13193.87890625,13220.6416015625,1231203
2019-06-14,10675.7021484375,13274.166015625,13407.978515625,13274.166015625,13274.166015625,737302
2019-06-17,10589.607421875,13167.1162109375,13327.69140625,13167.1162109375,13220.6416015625,1124001
2019-06-18,10525.0361328125,13086.8291015625,13220.6416015625,13086.8291015625,13167.1162109375,1707225
2019-06-19,10675.7021484375,13274.166015625,13300.9287109375,13167.1162109375,13193.87890625,1228849
2019-06-20,10804.8408203125,13434.740234375,13515.0283203125,13274.166015625,13300.9287109375,2600286
2019-06-21,10804.8408203125,13434.740234375,13595.3154296875,13434.740234375,13434.740234375,3327612
2019-06-24,10718.7490234375,13327.69140625,13515.0283203125,13220.6416015625,13488.265625,3569331
2019-06-25,10697.224609375,13300.9287109375,13381.2158203125,13247.4033203125,13247.4033203125,1334426
2019-06-26,10675.7021484375,13274.166015625,13354.453125,13247.4033203125,13247.4033203125,2031710
2019-06-27,10589.607421875,13167.1162109375,13274.166015625,13113.591796875,13220.6416015625,2788031
2019-06-28,10675.7021484375,13274.166015625,13274.166015625,13140.353515625,13274.166015625,1143132
2019-07-01,10761.7958984375,13381.2158203125,13434.740234375,13274.166015625,13407.978515625,1780238
2019-07-02,10654.177734375,13247.4033203125,13407.978515625,13220.6416015625,13381.2158203125,979526
2019-07-03,10697.224609375,13300.9287109375,13327.69140625,13220.6416015625,13327.69140625,891174
2019-07-04,10697.224609375,13300.9287109375,13300.9287109375,13300.9287109375,13300.9287109375,0
2019-07-05,10697.224609375,13300.9287109375,13300.9287109375,13300.9287109375,13300.9287109375,0
2019-07-08,10697.224609375,13300.9287109375,13300.9287109375,13300.9287109375,13300.9287109375,0
2019-07-09,10697.224609375,13300.9287109375,13300.9287109375,13300.9287109375,13300.9287109375,0
2019-07-10,10697.224609375,13300.9287109375,13300.9287109375,13300.9287109375,13300.9287109375,0
2019-07-11,10697.224609375,13300.9287109375,13300.9287109375,13300.9287109375,13300.9287109375,0
2019-07-12,10697.224609375,13300.9287109375,13300.9287109375,13300.9287109375,13300.9287109375,0
2019-07-15,10697.224609375,13300.9287109375,13300.9287109375,13300.9287109375,13300.9287109375,0
2019-07-16,10697.224609375,13300.9287109375,13300.9287109375,13300.9287109375,13300.9287109375,0
2019-07-17,11106.173828125,13809.4150390625,13862.939453125,13381.2158203125,13434.740234375,6927733
2019-07-18,10998.5546875,13675.6025390625,13782.65234375,13648.83984375,13675.6025390625,2399352
2019-07-19,11020.078125,13702.365234375,13809.4150390625,13675.6025390625,13729.126953125,2748647
2019-07-22,10783.3193359375,13407.978515625,13622.078125,13327.69140625,13595.3154296875,3405875
2019-07-23,10804.8408203125,13434.740234375,13515.0283203125,13381.2158203125,13488.265625,1519125
2019-07-24,10632.654296875,13220.6416015625,13515.0283203125,13193.87890625,13515.0283203125,2846172
2019-07-25,10632.654296875,13220.6416015625,13220.6416015625,13220.6416015625,13220.6416015625,0
2019-07-26,10632.654296875,13220.6416015625,13220.6416015625,13220.6416015625,13220.6416015625,0
2019-07-29,10632.654296875,13220.6416015625,13220.6416015625,13220.6416015625,13220.6416015625,0
2019-07-30,10632.654296875,13220.6416015625,13220.6416015625,13220.6416015625,13220.6416015625,0
2019-07-31,9986.9462890625,12417.7685546875,12498.0556640625,12257.193359375,12364.2431640625,2820352
2019-08-01,10029.994140625,12471.29296875,12551.580078125,12364.2431640625,12417.7685546875,817900
2019-08-02,9922.375,12337.4814453125,12444.5302734375,12203.6689453125,12310.71875,1743731
2019-08-05,9599.521484375,11936.044921875,12337.4814453125,11936.044921875,12310.71875,2683687
2019-08-06,9599.521484375,11936.044921875,11936.044921875,11936.044921875,11936.044921875,0
2019-08-07,9126.0029296875,11347.2705078125,11775.4697265625,11320.5087890625,11588.1328125,3389004
2019-08-08,9126.0029296875,11347.2705078125,11614.8955078125,11106.4091796875,11347.2705078125,4799470
2019-08-09,9126.0029296875,11347.2705078125,11347.2705078125,11347.2705078125,11347.2705078125,0
2019-08-12,9534.9501953125,11855.7568359375,11909.2822265625,11668.419921875,11828.9951171875,2007683
2019-08-13,9405.80859375,11695.1826171875,11695.1826171875,11561.3701171875,11641.658203125,2081481
2019-08-14,9384.28515625,11668.419921875,11802.232421875,11641.658203125,11775.4697265625,2567292
2019-08-15,9405.80859375,11695.1826171875,11695.1826171875,11293.74609375,11507.845703125,4178431
2019-08-16,9405.80859375,11695.1826171875,11695.1826171875,11695.1826171875,11695.1826171875,0
2019-08-19,9405.80859375,11695.1826171875,11695.1826171875,11695.1826171875,11695.1826171875,0
2019-08-20,9405.80859375,11695.1826171875,11695.1826171875,11695.1826171875,11695.1826171875,0
2019-08-21,9685.6142578125,12043.09375,12043.09375,11748.70703125,11775.4697265625,4223756
2019-08-22,9642.5693359375,11989.5693359375,12123.3818359375,11936.044921875,12069.8564453125,1842732
2019-08-23,9599.521484375,11936.044921875,11989.5693359375,11828.9951171875,11989.5693359375,1619079
2019-08-26,9298.1904296875,11561.3701171875,11721.9453125,11507.845703125,11507.845703125,3184258
2019-08-27,9212.0966796875,11454.3203125,11668.419921875,11427.55859375,11641.658203125,2338352
2019-08-28,9190.5732421875,11427.55859375,11534.6083984375,11400.7958984375,11454.3203125,918078
2019-08-29,9104.4794921875,11320.5087890625,11454.3203125,11293.74609375,11400.7958984375,1536986
2019-08-30,9255.14453125,11507.845703125,11534.6083984375,11400.7958984375,11400.7958984375,1333268
2019-09-02,9255.14453125,11507.845703125,11507.845703125,11507.845703125,11507.845703125,0
2019-09-03,9233.62109375,11481.0830078125,11507.845703125,11320.5087890625,11427.55859375,1016649
2019-09-04,9212.0966796875,11454.3203125,11454.3203125,11320.5087890625,11427.55859375,1163534
2019-09-05,9169.048828125,11400.7958984375,11534.6083984375,11347.2705078125,11507.845703125,1370540
2019-09-06,9082.955078125,11293.74609375,11427.55859375,11293.74609375,11293.74609375,882617
2019-09-09,8996.8603515625,11186.6962890625,11293.74609375,11133.171875,11240.2216796875,1614483
2019-09-10,8910.7666015625,11079.646484375,11347.2705078125,11079.646484375,11347.2705078125,2064722
2019-09-11,8932.291015625,11106.4091796875,11159.93359375,11026.1220703125,11133.171875,1063076
2019-09-12,8975.337890625,11159.93359375,11240.2216796875,11106.4091796875,11159.93359375,1273893
2019-09-13,9190.5732421875,11427.55859375,11507.845703125,11159.93359375,11186.6962890625,5364516
2019-09-16,9233.62109375,11481.0830078125,11641.658203125,11481.0830078125,11507.845703125,4338021
2019-09-17,9319.71484375,11588.1328125,11588.1328125,11400.7958984375,11481.0830078125,2411122
2019-09-18,9298.1904296875,11561.3701171875,11721.9453125,11534.6083984375,11641.658203125,3782373
2019-09-19,9362.7626953125,11641.658203125,11641.658203125,11454.3203125,11641.658203125,2755803
2019-09-20,9233.62109375,11481.0830078125,11668.419921875,11427.55859375,11668.419921875,6301650
2019-09-23,9190.5732421875,11427.55859375,11588.1328125,11427.55859375,11561.3701171875,2828087
2019-09-24,9319.71484375,11588.1328125,11748.70703125,11400.7958984375,11427.55859375,4479245
2019-09-25,9319.71484375,11588.1328125,11641.658203125,11481.0830078125,11561.3701171875,2739848
2019-09-26,9750.1875,12123.3818359375,12123.3818359375,11668.419921875,11668.419921875,11920161
2019-09-27,9986.9462890625,12417.7685546875,12444.5302734375,12096.619140625,12176.90625,7572088
2019-09-30,9900.8525390625,12310.71875,12524.818359375,12283.9560546875,12498.0556640625,5291615
2019-10-01,9965.421875,12391.005859375,12417.7685546875,12230.431640625,12257.193359375,5602984
2019-10-02,10073.041015625,12524.818359375,12685.392578125,12310.71875,12364.2431640625,6969658
2019-10-03,10073.041015625,12524.818359375,12578.3427734375,12310.71875,12391.005859375,3768360
2019-10-04,9593.728515625,11561.3701171875,12203.6689453125,11561.3701171875,12203.6689453125,6411599
2019-10-07,9371.65234375,11293.74609375,11668.419921875,11293.74609375,11588.1328125,3267378
2019-10-08,9504.8984375,11454.3203125,11534.6083984375,11266.9833984375,11266.9833984375,2398922
2019-10-09,9460.482421875,11400.7958984375,11561.3701171875,11347.2705078125,11507.845703125,3038027
2019-10-10,9460.482421875,11400.7958984375,11507.845703125,11374.033203125,11400.7958984375,2764621
2019-10-11,9460.482421875,11400.7958984375,11454.3203125,11347.2705078125,11427.55859375,3491629
2019-10-14,9660.353515625,11641.658203125,11721.9453125,11507.845703125,11507.845703125,4891988
2019-10-15,9593.728515625,11561.3701171875,11695.1826171875,11534.6083984375,11695.1826171875,2196269
2019-10-16,9571.5205078125,11534.6083984375,11614.8955078125,11507.845703125,11614.8955078125,2614261
2019-10-17,9482.6904296875,11427.55859375,11534.6083984375,11400.7958984375,11534.6083984375,2040883
2019-10-18,9371.65234375,11293.74609375,11507.845703125,11293.74609375,11400.7958984375,2405592
2019-10-21,9238.4052734375,11133.171875,11240.2216796875,11133.171875,11186.6962890625,2589843
2019-10-22,9282.8212890625,11186.6962890625,11213.458984375,11052.8837890625,11186.6962890625,1974708
2019-10-23,9238.4052734375,11133.171875,11240.2216796875,11133.171875,11159.93359375,1375659
2019-10-24,9460.482421875,11400.7958984375,11400.7958984375,11159.93359375,11186.6962890625,2717895
2019-10-25,9460.482421875,11400.7958984375,11481.0830078125,11374.033203125,11400.7958984375,2157632
2019-10-28,9438.275390625,11374.033203125,11588.1328125,11374.033203125,11507.845703125,2816522
2019-10-29,9393.8603515625,11320.5087890625,11454.3203125,11320.5087890625,11374.033203125,2171626
2019-10-30,9482.6904296875,11427.55859375,11454.3203125,11320.5087890625,11320.5087890625,1974652
2019-10-31,9482.6904296875,11427.55859375,11481.0830078125,11240.2216796875,11454.3203125,3338280
2019-11-01,9549.314453125,11507.845703125,11614.8955078125,11320.5087890625,11400.7958984375,5800706
2019-11-04,9660.353515625,11641.658203125,11695.1826171875,11534.6083984375,11561.3701171875,6161958
2019-11-05,9682.5595703125,11668.419921875,11748.70703125,11641.658203125,11695.1826171875,3980000
2019-11-06,9638.1455078125,11614.8955078125,11695.1826171875,11588.1328125,11668.419921875,2886751
2019-11-07,9793.59765625,11802.232421875,11882.51953125,11588.1328125,11614.8955078125,5491074
2019-11-08,9793.59765625,11802.232421875,11936.044921875,11748.70703125,11909.2822265625,4461515
2019-11-11,9638.1455078125,11614.8955078125,11802.232421875,11614.8955078125,11802.232421875,3370657
2019-11-12,9615.9375,11588.1328125,11721.9453125,11588.1328125,11614.8955078125,2851758
2019-11-13,9615.9375,11588.1328125,11641.658203125,11507.845703125,11614.8955078125,2419025
2019-11-14,9527.107421875,11481.0830078125,11614.8955078125,11400.7958984375,11561.3701171875,2963277
2019-11-15,9371.65234375,11293.74609375,11481.0830078125,11293.74609375,11454.3203125,3035486
2019-11-18,9327.2373046875,11240.2216796875,11347.2705078125,11213.458984375,11320.5087890625,2035745
2019-11-19,9371.65234375,11293.74609375,11374.033203125,11240.2216796875,11240.2216796875,1689065
2019-11-20,9282.8212890625,11186.6962890625,11320.5087890625,11186.6962890625,11320.5087890625,2332355
2019-11-21,9060.744140625,10919.072265625,11186.6962890625,10919.072265625,11186.6962890625,3892452
2019-11-22,8927.4970703125,10758.4970703125,11052.8837890625,10731.7353515625,11026.1220703125,3541513
2019-11-25,8994.1220703125,10838.78515625,10865.546875,10731.7353515625,10812.0224609375,1783488
2019-11-26,8883.0830078125,10704.97265625,10919.072265625,10704.97265625,10865.546875,3098186
2019-11-27,8816.458984375,10624.685546875,10758.4970703125,10624.685546875,10758.4970703125,3393133
2019-11-28,8816.458984375,10624.685546875,10704.97265625,10571.16015625,10651.4482421875,2115110
2019-11-29,8794.251953125,10597.9228515625,10678.2099609375,10597.9228515625,10624.685546875,1875390
2019-12-02,8661.0068359375,10437.3486328125,10678.2099609375,10437.3486328125,10597.9228515625,2861884
2019-12-06,8661.0068359375,10437.3486328125,10544.3984375,10437.3486328125,10517.6357421875,1133006
2019-12-09,8705.4208984375,10490.873046875,10624.685546875,10410.5859375,10437.3486328125,1573642
2019-12-10,8527.759765625,10276.7734375,10490.873046875,10223.2490234375,10490.873046875,2311374
2019-12-11,8438.9287109375,10169.7236328125,10330.298828125,10035.912109375,10250.01171875,2621043
2019-12-12,8616.58984375,10383.8232421875,10383.8232421875,10142.9619140625,10250.01171875,2766751
2019-12-13,8527.759765625,10276.7734375,10464.1103515625,10276.7734375,10437.3486328125,1935287
2019-12-16,8461.1357421875,10196.486328125,10330.298828125,10169.7236328125,10276.7734375,1543749
2019-12-17,8283.474609375,9982.38671875,10250.01171875,9982.38671875,10223.2490234375,2925687
2019-12-18,8172.4365234375,9848.5751953125,10089.4365234375,9848.5751953125,10035.912109375,2569815
2019-12-19,8039.1904296875,9688.0,9955.625,9688.0,9848.5751953125,1854614
2019-12-20,8128.0205078125,9795.0498046875,9875.3369140625,9688.0,9741.525390625,2424742
2019-12-23,8150.22900390625,9821.8125,9902.099609375,9795.0498046875,9795.0498046875,2024928
2019-12-24,8150.22900390625,9821.8125,9875.3369140625,9741.525390625,9795.0498046875,1643292
2019-12-25,8083.60498046875,9741.525390625,9821.8125,9714.7626953125,9821.8125,1709878
2019-12-26,8105.8125,9768.287109375,9795.0498046875,9688.0,9714.7626953125,1331101
2019-12-27,8039.1904296875,9688.0,9768.287109375,9661.23828125,9714.7626953125,2342332
2019-12-30,8061.39794921875,9714.7626953125,9875.3369140625,9688.0,9795.0498046875,2035371
2019-12-31,8016.98193359375,9661.23828125,9741.525390625,9661.23828125,9714.7626953125,1980668
2020-01-01,8016.98193359375,9661.23828125,9661.23828125,9661.23828125,9661.23828125,0
2020-01-02,8172.4365234375,9848.5751953125,9848.5751953125,9661.23828125,9688.0,1852316
2020-01-03,8105.8125,9768.287109375,9955.625,9714.7626953125,9902.099609375,1315071
2020-01-06,8083.60498046875,9741.525390625,9795.0498046875,9661.23828125,9714.7626953125,2518679
2020-01-07,8105.8125,9768.287109375,9795.0498046875,9714.7626953125,9741.525390625,1201479
2020-01-08,7883.736328125,9500.6630859375,9688.0,9393.61328125,9661.23828125,4900451
2020-01-09,7972.56640625,9607.712890625,9661.23828125,9554.1884765625,9607.712890625,2146908
2020-01-10,8128.0205078125,9795.0498046875,9821.8125,9580.9501953125,9634.4755859375,3862504
2020-01-13,8128.0205078125,9795.0498046875,9902.099609375,9741.525390625,9741.525390625,2102536
2020-01-14,8172.4365234375,9848.5751953125,9875.3369140625,9768.287109375,9795.0498046875,1992980
2020-01-15,8172.4365234375,9848.5751953125,9875.3369140625,9795.0498046875,9875.3369140625,1551166
2020-01-16,8483.3427734375,10223.2490234375,10223.2490234375,9848.5751953125,9848.5751953125,4455443
2020-01-17,8549.96875,10303.5361328125,10437.3486328125,10169.7236328125,10276.7734375,5292381
2020-01-20,8549.96875,10303.5361328125,10303.5361328125,10169.7236328125,10303.5361328125,2406377
2020-01-21,8549.96875,10303.5361328125,10410.5859375,10196.486328125,10223.2490234375,2879222
2020-01-22,8572.1748046875,10330.298828125,10383.8232421875,10250.01171875,10303.5361328125,3231208
2020-01-23,8572.1748046875,10330.298828125,10330.298828125,10330.298828125,10330.298828125,0
2020-01-24,8572.1748046875,10330.298828125,10330.298828125,10330.298828125,10330.298828125,0
2020-01-27,8572.1748046875,10330.298828125,10330.298828125,10330.298828125,10330.298828125,0
2020-01-28,8572.1748046875,10330.298828125,10330.298828125,10330.298828125,10330.298828125,0
2020-01-29,8572.1748046875,10330.298828125,10330.298828125,10330.298828125,10330.298828125,0
2020-01-30,8216.8515625,9902.099609375,10142.9619140625,9688.0,10142.9619140625,4508035
2020-01-31,7861.5283203125,9473.900390625,9795.0498046875,9233.0390625,9688.0,8327494
2020-02-03,7572.8271484375,9125.9892578125,9152.751953125,8831.6025390625,8992.1767578125,5874970
2020-02-04,7550.62060546875,9099.2265625,9233.0390625,8992.1767578125,9152.751953125,3329742
2020-02-05,7528.412109375,9072.4638671875,9233.0390625,9045.7021484375,9152.751953125,4043130
2020-02-06,7861.5283203125,9473.900390625,9473.900390625,9045.7021484375,9099.2265625,5363451
2020-02-07,7861.5283203125,9473.900390625,9607.712890625,9366.8505859375,9473.900390625,4786093
2020-02-10,7794.9052734375,9393.61328125,9420.3759765625,8992.1767578125,9206.2763671875,1449083
2020-02-11,7750.48974609375,9340.0888671875,9420.3759765625,9313.326171875,9393.61328125,2843314
2020-02-12,7905.94384765625,9527.42578125,9527.42578125,9366.8505859375,9366.8505859375,5212456
2020-02-13,7817.11181640625,9420.3759765625,9473.900390625,9393.61328125,9420.3759765625,2362752
2020-02-14,7905.94384765625,9527.42578125,9554.1884765625,9366.8505859375,9420.3759765625,2060332
2020-02-17,7839.3203125,9447.138671875,9607.712890625,9447.138671875,9527.42578125,3652620
2020-02-18,7794.9052734375,9393.61328125,9473.900390625,9313.326171875,9447.138671875,2761539
2020-02-19,7817.11181640625,9420.3759765625,9447.138671875,9340.0888671875,9420.3759765625,3117168
2020-02-20,7817.11181640625,9420.3759765625,9554.1884765625,9366.8505859375,9473.900390625,3109807
2020-02-21,7750.48974609375,9340.0888671875,9447.138671875,9340.0888671875,9420.3759765625,2237950
2020-02-24,7217.5048828125,8697.7900390625,9179.513671875,8697.7900390625,9125.9892578125,6507106
2020-02-25,7284.1279296875,8778.0771484375,8804.83984375,8483.6904296875,8483.6904296875,3163464
2020-02-26,7150.8818359375,8617.5029296875,8938.65234375,8510.453125,8563.978515625,1939883
2020-02-27,7328.54296875,8831.6025390625,8831.6025390625,8537.2158203125,8563.978515625,2784537
2020-02-28,7062.05078125,8510.453125,8671.0283203125,8456.9287109375,8644.265625,3713601
2020-03-02,7017.6357421875,8456.9287109375,8617.5029296875,8430.166015625,8590.740234375,3949827
2020-03-03,7084.2587890625,8537.2158203125,8697.7900390625,8537.2158203125,8617.5029296875,3901924
2020-03-05,7461.7890625,8992.1767578125,9072.4638671875,8804.83984375,8858.365234375,6162481
2020-03-06,7417.37451171875,8938.65234375,8965.4150390625,8804.83984375,8965.4150390625,2546237
2020-03-09,6906.59716796875,8323.1162109375,8456.9287109375,8323.1162109375,8323.1162109375,6682146
2020-03-10,6906.59716796875,8323.1162109375,8376.640625,7975.20458984375,7975.20458984375,6303668
2020-03-11,6440.234375,7761.10498046875,8483.6904296875,7761.10498046875,8483.6904296875,6752245
2020-03-12,6018.2880859375,7252.619140625,7493.48095703125,7225.8564453125,7386.43115234375,8605402
2020-03-13,5907.25,7118.806640625,7359.66845703125,6797.65771484375,6797.65771484375,8379208
2020-03-16,5907.25,7118.806640625,7279.38134765625,7065.28173828125,7225.8564453125,5414156
2020-03-17,6306.9892578125,7600.53076171875,7600.53076171875,6851.1826171875,7011.7568359375,9032774
2020-03-18,6084.91162109375,7332.90625,7707.580078125,7279.38134765625,7707.580078125,5960538
2020-03-19,6084.91162109375,7332.90625,7439.9560546875,7118.806640625,7172.33154296875,4798779
2020-03-20,6151.53515625,7413.193359375,7520.2431640625,7279.38134765625,7493.48095703125,5359696
2020-03-23,5729.5888671875,6904.70751953125,7172.33154296875,6904.70751953125,7065.28173828125,6158539
2020-03-24,5551.92724609375,6690.60791015625,6958.232421875,6530.033203125,6931.4697265625,5623536
2020-03-25,5929.45849609375,7145.5693359375,7145.5693359375,6824.419921875,6958.232421875,4439133
2020-03-26,5751.79638671875,6931.4697265625,7092.04443359375,6904.70751953125,7065.28173828125,2348329
2020-03-27,5485.3037109375,6610.32080078125,6984.99462890625,6610.32080078125,6958.232421875,4613668
2020-03-30,5107.77294921875,6155.359375,6369.45849609375,6155.359375,6369.45849609375,4535368
2020-03-31,5152.18798828125,6208.88427734375,6396.22119140625,5941.259765625,6235.646484375,3140092
2020-04-01,5507.51171875,6637.0830078125,6637.0830078125,6208.88427734375,6208.88427734375,6941204
2020-04-02,5507.51171875,6637.0830078125,6637.0830078125,6637.0830078125,6637.0830078125,0
2020-04-03,5885.04248046875,7092.04443359375,7092.04443359375,6851.1826171875,6904.70751953125,8490502
2020-04-06,6284.78125,7573.76806640625,7573.76806640625,7386.43115234375,7466.71826171875,10225173
2020-04-07,6284.78125,7573.76806640625,7787.86767578125,7493.48095703125,7761.10498046875,11915228
2020-04-08,6373.611328125,7680.81787109375,7761.10498046875,7279.38134765625,7439.9560546875,7644316
2020-04-09,6800.888671875,8195.7275390625,8195.7275390625,8040.5048828125,8071.54931640625,8869709
2020-04-10,6852.41015625,8257.8154296875,8444.08203125,8071.54931640625,8257.8154296875,5208375
2020-04-13,6775.12744140625,8164.6826171875,8319.904296875,8071.54931640625,8164.6826171875,5755301
2020-04-14,6800.888671875,8195.7275390625,8195.7275390625,7916.3271484375,8102.59375,6284720
2020-04-15,6878.1708984375,8288.8603515625,8350.94921875,8195.7275390625,8257.8154296875,4954175
2020-04-16,6878.1708984375,8288.8603515625,8413.0380859375,8133.63818359375,8195.7275390625,4192476
2020-04-17,7006.9755859375,8444.08203125,8568.259765625,8350.94921875,8381.9931640625,6339367
2020-04-20,7058.4970703125,8506.1708984375,8568.259765625,8350.94921875,8475.126953125,5357258
2020-04-21,6620.5615234375,7978.416015625,8350.94921875,7916.3271484375,8257.8154296875,7147596
2020-04-22,6852.41015625,8257.8154296875,8350.94921875,7761.10498046875,7761.10498046875,5532733
2020-04-23,6852.41015625,8257.8154296875,8568.259765625,8257.8154296875,8381.9931640625,4179188
2020-04-24,6826.6494140625,8226.771484375,8288.8603515625,8102.59375,8226.771484375,2428020
2020-04-27,6749.3662109375,8133.63818359375,8288.8603515625,8102.59375,8288.8603515625,3403010
2020-04-28,6672.083984375,8040.5048828125,8133.63818359375,7947.37158203125,8133.63818359375,4166787
2020-04-29,6672.083984375,8040.5048828125,8040.5048828125,8040.5048828125,8040.5048828125,0
2020-04-30,6672.083984375,8040.5048828125,8040.5048828125,8040.5048828125,8040.5048828125,0
2020-05-01,6672.083984375,8040.5048828125,8040.5048828125,8040.5048828125,8040.5048828125,0
2020-05-04,6543.27880859375,7885.28271484375,8071.54931640625,7885.28271484375,8009.46044921875,3511597
2020-05-05,6517.51806640625,7854.23828125,8009.46044921875,7823.19384765625,7885.28271484375,2686005
2020-05-06,6672.083984375,8040.5048828125,8071.54931640625,7885.28271484375,7916.3271484375,2698874
2020-05-07,6800.888671875,8195.7275390625,8195.7275390625,8009.46044921875,8040.5048828125,3755972
2020-05-08,6955.453125,8381.9931640625,8568.259765625,8195.7275390625,8195.7275390625,12754932
2020-05-11,7290.3466796875,8785.5712890625,8785.5712890625,8475.126953125,8506.1708984375,10001152
2020-05-12,7316.10693359375,8816.615234375,8909.7490234375,8568.259765625,8692.4375,6371660
2020-05-13,7238.82470703125,8723.482421875,8878.7041015625,8506.1708984375,8692.4375,8843038
2020-05-14,7341.8681640625,8847.66015625,9096.015625,8599.3046875,8599.3046875,9433450
2020-05-15,7341.8681640625,8847.66015625,8847.66015625,8847.66015625,8847.66015625,0
2020-05-18,7341.8681640625,8847.66015625,8847.66015625,8847.66015625,8847.66015625,0
2020-05-19,7522.19384765625,9064.970703125,9064.970703125,8816.615234375,9002.8818359375,11069654
2020-05-20,7522.19384765625,9064.970703125,9064.970703125,9064.970703125,9064.970703125,0
2020-05-21,7393.39013671875,8909.7490234375,9002.8818359375,8816.615234375,8971.837890625,5338302
2020-05-22,7367.62841796875,8878.7041015625,9127.0595703125,8754.5263671875,8816.615234375,12007004
2020-05-25,7496.43359375,9033.9267578125,9064.970703125,8878.7041015625,8940.79296875,9700342
2020-05-26,7934.36865234375,9561.681640625,9561.681640625,9096.015625,9127.0595703125,13078952
2020-05-27,7676.76025390625,9251.2373046875,9654.814453125,9251.2373046875,9623.7705078125,12784922
2020-05-28,7651.0,9220.193359375,9375.4150390625,9189.1484375,9251.2373046875,7854052
2020-05-29,7625.23828125,9189.1484375,9251.2373046875,9096.015625,9189.1484375,5755913
2020-06-01,7831.326171875,9437.50390625,9499.5927734375,9220.193359375,9251.2373046875,7175943
2020-06-02,7754.04345703125,9344.37109375,9530.63671875,9313.326171875,9499.5927734375,9835599
2020-06-03,7831.326171875,9437.50390625,9437.50390625,9313.326171875,9375.4150390625,5236689
2020-06-04,8088.935546875,9747.9482421875,9903.169921875,9592.7255859375,9592.7255859375,15075237
2020-06-05,8088.935546875,9747.9482421875,9747.9482421875,9747.9482421875,9747.9482421875,0
2020-06-08,8088.935546875,9747.9482421875,9747.9482421875,9747.9482421875,9747.9482421875,0
2020-06-09,8088.935546875,9747.9482421875,9747.9482421875,9747.9482421875,9747.9482421875,0
2020-06-10,8243.5009765625,9934.21484375,9996.3037109375,9561.681640625,9778.9921875,10539881
2020-06-11,7676.76025390625,9251.2373046875,10058.392578125,9251.2373046875,9934.21484375,15057568
2020-06-12,7985.89208984375,9623.7705078125,9623.7705078125,8878.7041015625,9064.970703125,12220762
2020-06-15,7444.9111328125,8971.837890625,9654.814453125,8971.837890625,9623.7705078125,11682807
2020-06-16,7831.326171875,9437.50390625,9468.5478515625,9158.1044921875,9313.326171875,8062189
2020-06-17,7728.28173828125,9313.326171875,9468.5478515625,9220.193359375,9406.458984375,4689924
2020-06-18,7728.28173828125,9313.326171875,9313.326171875,9127.0595703125,9127.0595703125,2961079
2020-06-19,7882.84716796875,9499.5927734375,9499.5927734375,9251.2373046875,9313.326171875,8030605
2020-06-22,7831.326171875,9437.50390625,9623.7705078125,9282.2822265625,9499.5927734375,6066935
2020-06-23,8295.021484375,9996.3037109375,10089.4365234375,9592.7255859375,9592.7255859375,22588664
2020-06-24,8114.69482421875,9778.9921875,10151.525390625,9747.9482421875,9996.3037109375,9624869
2020-06-25,8140.45654296875,9810.037109375,9841.0810546875,9561.681640625,9716.9033203125,6305223
2020-06-26,7985.89208984375,9623.7705078125,10058.392578125,9592.7255859375,9872.1259765625,7923952
2020-06-29,7625.23828125,9189.1484375,9623.7705078125,9096.015625,9623.7705078125,12082766
2020-06-30,7625.23828125,9189.1484375,9468.5478515625,8971.837890625,9437.50390625,6091158
2020-07-01,7882.84716796875,9499.5927734375,9561.681640625,9158.1044921875,9282.2822265625,5533586
2020-07-02,7805.5634765625,9406.458984375,9499.5927734375,9344.37109375,9499.5927734375,3745600
2020-07-03,7805.5634765625,9406.458984375,9499.5927734375,9375.4150390625,9499.5927734375,3685815
2020-07-06,8037.4130859375,9685.859375,9685.859375,9406.458984375,9499.5927734375,6417175
2020-07-07,8011.6513671875,9654.814453125,9841.0810546875,9623.7705078125,9747.9482421875,7812482
2020-07-08,8088.935546875,9747.9482421875,9747.9482421875,9530.63671875,9623.7705078125,4015359
2020-07-09,8166.2177734375,9841.0810546875,9934.21484375,9747.9482421875,9872.1259765625,7853810
2020-07-10,8166.2177734375,9841.0810546875,9841.0810546875,9841.0810546875,9841.0810546875,0
2020-07-13,8217.73828125,9903.169921875,10089.4365234375,9841.0810546875,10058.392578125,8533948
2020-07-14,8604.154296875,10368.8369140625,10368.8369140625,9872.1259765625,9872.1259765625,14717733
2020-07-15,8604.154296875,10368.8369140625,10368.8369140625,10368.8369140625,10368.8369140625,0
2020-07-16,8552.6318359375,10306.748046875,10368.8369140625,10244.6591796875,10306.748046875,5688461
2020-07-17,8604.154296875,10368.8369140625,10524.05859375,10244.6591796875,10275.703125,10991314
2020-07-20,8319.224609375,9592.7255859375,9934.21484375,9592.7255859375,9934.21484375,10369222
2020-07-21,8211.53125,9468.5478515625,9747.9482421875,9375.4150390625,9716.9033203125,11199951
2020-07-22,8103.84130859375,9344.37109375,9592.7255859375,9344.37109375,9561.681640625,6376363
2020-07-23,8023.0712890625,9251.2373046875,9406.458984375,9220.193359375,9375.4150390625,7052249
2020-07-24,7699.99365234375,8878.7041015625,9251.2373046875,8661.3935546875,9220.193359375,15743456
2020-07-27,7161.533203125,8257.8154296875,8692.4375,8257.8154296875,8381.9931640625,13385464
2020-07-28,7646.1484375,8816.615234375,8816.615234375,8288.8603515625,8568.259765625,10707608
2020-07-29,7296.1484375,8413.0380859375,8692.4375,8226.771484375,8692.4375,10187176
2020-07-30,7403.8408203125,8537.2158203125,8630.3486328125,8444.08203125,8444.08203125,4347882
2020-07-31,7296.1484375,8413.0380859375,8568.259765625,8288.8603515625,8319.904296875,4561689
2020-08-03,7592.30224609375,8754.5263671875,8816.615234375,8381.9931640625,8381.9931640625,8080373
2020-08-04,7726.91796875,8909.7490234375,8971.837890625,8723.482421875,8909.7490234375,7477607
2020-08-05,7807.6865234375,9002.8818359375,9127.0595703125,8785.5712890625,8816.615234375,7524798
2020-08-06,7726.91796875,8909.7490234375,9033.9267578125,8878.7041015625,8971.837890625,6713798
2020-08-07,7673.07177734375,8847.66015625,8971.837890625,8816.615234375,8909.7490234375,4126603
2020-08-10,7753.84033203125,8940.79296875,9064.970703125,8940.79296875,9002.8818359375,5295653
2020-08-11,7915.3779296875,9127.0595703125,9158.1044921875,8940.79296875,9033.9267578125,8558542
2020-08-12,7888.45556640625,9096.015625,9189.1484375,9002.8818359375,9158.1044921875,4634955
2020-08-13,7996.1484375,9220.193359375,9251.2373046875,9064.970703125,9127.0595703125,6015058
2020-08-14,7861.53173828125,9064.970703125,9251.2373046875,8971.837890625,9189.1484375,6927718
2020-08-17,7807.6865234375,9002.8818359375,9064.970703125,8847.66015625,9064.970703125,6139331
2020-08-18,7753.84033203125,8940.79296875,9064.970703125,8909.7490234375,9002.8818359375,3110317
2020-08-19,7834.60986328125,9033.9267578125,9064.970703125,8909.7490234375,8909.7490234375,4300595
2020-08-20,7726.91796875,8909.7490234375,9064.970703125,8909.7490234375,9033.9267578125,4354260
2020-08-21,7915.3779296875,9127.0595703125,9127.0595703125,8909.7490234375,8971.837890625,6053020
2020-08-24,8076.9169921875,9313.326171875,9375.4150390625,9158.1044921875,9220.193359375,11346483
2020-08-25,8076.9169921875,9313.326171875,9468.5478515625,9282.2822265625,9406.458984375,7426938
2020-08-26,8103.84130859375,9344.37109375,9437.50390625,9282.2822265625,9344.37109375,8729136
2020-08-27,8130.76318359375,9375.4150390625,9406.458984375,9282.2822265625,9344.37109375,5977402
2020-08-28,8130.76318359375,9375.4150390625,9561.681640625,9375.4150390625,9468.5478515625,9454130
2020-08-31,8023.0712890625,9251.2373046875,9468.5478515625,9220.193359375,9406.458984375,6433893
2020-09-01,8130.76318359375,9375.4150390625,9375.4150390625,9189.1484375,9220.193359375,5555426
2020-09-02,8130.76318359375,9375.4150390625,9375.4150390625,9375.4150390625,9375.4150390625,0
2020-09-03,8211.53125,9468.5478515625,9530.63671875,9375.4150390625,9530.63671875,7853552
2020-09-04,8292.3017578125,9561.681640625,9747.9482421875,9220.193359375,9313.326171875,15644646
2020-09-07,8265.3779296875,9530.63671875,9841.0810546875,9499.5927734375,9623.7705078125,15433739
2020-09-08,8507.6865234375,9810.037109375,9810.037109375,9499.5927734375,9592.7255859375,11002733
2020-09-09,8534.607421875,9841.0810546875,9872.1259765625,9592.7255859375,9623.7705078125,11345822
2020-09-10,8534.607421875,9841.0810546875,10027.34765625,9841.0810546875,9903.169921875,14153348
2020-09-11,8480.7626953125,9778.9921875,9903.169921875,9747.9482421875,9841.0810546875,7091113
2020-09-14,8480.7626953125,9778.9921875,9872.1259765625,9716.9033203125,9841.0810546875,7480539
2020-09-15,8507.6865234375,9810.037109375,10027.34765625,9778.9921875,9810.037109375,11282301
2020-09-16,8561.5322265625,9872.1259765625,9996.3037109375,9810.037109375,9810.037109375,6132164
2020-09-17,8615.3779296875,9934.21484375,9965.2587890625,9810.037109375,9903.169921875,9664184
2020-09-18,8776.916015625,10120.4814453125,10213.6142578125,9903.169921875,9934.21484375,12728841
2020-09-21,8884.609375,10244.6591796875,10399.880859375,10151.525390625,10213.6142578125,13082656
2020-09-22,8911.53125,10275.703125,10306.748046875,10151.525390625,10151.525390625,10986096
2020-09-23,8992.30078125,10368.8369140625,10430.92578125,10275.703125,10275.703125,9179910
2020-09-24,8911.53125,10275.703125,10430.92578125,10244.6591796875,10306.748046875,7352142
2020-09-25,8857.685546875,10213.6142578125,10337.7919921875,10089.4365234375,10306.748046875,11742077
2020-09-28,9099.994140625,10493.0146484375,10524.05859375,10275.703125,10275.703125,8399673
2020-09-29,9019.2236328125,10399.880859375,10648.236328125,10368.8369140625,10617.19140625,9860419
2020-09-30,9126.9169921875,10524.05859375,10555.1025390625,10306.748046875,10399.880859375,7138416
2020-10-01,9584.607421875,11051.8134765625,11175.9912109375,10555.1025390625,10617.19140625,16623003
2020-10-02,9557.685546875,11020.76953125,11207.0361328125,10555.1025390625,11113.90234375,17654428
2020-10-05,9826.9169921875,11331.2138671875,11362.2578125,11051.8134765625,11207.0361328125,10747212
2020-10-06,9773.0693359375,11269.125,11393.302734375,11144.947265625,11331.2138671875,8420466
2020-10-07,9611.5302734375,11082.8583984375,11269.125,11051.8134765625,11175.9912109375,9294294
2020-10-08,9611.5302734375,11082.8583984375,11207.0361328125,10927.6357421875,11175.9912109375,7510963
2020-10-09,9692.30078125,11175.9912109375,11331.2138671875,11082.8583984375,11175.9912109375,6233986
2020-10-12,9611.5302734375,11082.8583984375,11300.1689453125,11020.76953125,11300.1689453125,7810292
2020-10-13,9449.9931640625,10896.591796875,11144.947265625,10896.591796875,11082.8583984375,7045146
2020-10-14,9746.146484375,11238.080078125,11238.080078125,10834.5029296875,10927.6357421875,8664181
2020-10-15,9773.0693359375,11269.125,11393.302734375,11207.0361328125,11362.2578125,7622754
2020-10-16,9773.0693359375,11269.125,11362.2578125,11144.947265625,11238.080078125,7157646
2020-10-19,9880.763671875,11393.302734375,11610.61328125,11269.125,11362.2578125,15240097
2020-10-20,9799.9921875,11300.1689453125,11393.302734375,11113.90234375,11393.302734375,6750520
2020-10-21,9530.76171875,10989.724609375,11362.2578125,10989.724609375,11300.1689453125,11379854
2020-10-22,9692.30078125,11175.9912109375,11175.9912109375,10803.4580078125,10896.591796875,10768569
2020-10-23,9638.4541015625,11113.90234375,11269.125,10989.724609375,11238.080078125,7038833
2020-10-26,9476.9150390625,10927.6357421875,11238.080078125,10927.6357421875,11113.90234375,7621143
2020-10-27,9261.53125,10679.2802734375,10958.6806640625,10679.2802734375,10865.546875,8777631
2020-10-28,8992.30078125,10368.8369140625,10710.3251953125,10244.6591796875,10617.19140625,9533097
2020-10-29,9207.6845703125,10617.19140625,10617.19140625,10213.6142578125,10244.6591796875,7730004
2020-10-30,9207.6845703125,10617.19140625,10648.236328125,10368.8369140625,10617.19140625,4878477
2020-11-02,9234.607421875,10648.236328125,10648.236328125,10493.0146484375,10617.19140625,2703094
2020-11-03,9342.2998046875,10772.4140625,10803.4580078125,10679.2802734375,10710.3251953125,5023157
2020-11-04,9423.0693359375,10865.546875,10896.591796875,10710.3251953125,10803.4580078125,7369987
2020-11-05,9288.4541015625,10710.3251953125,10896.591796875,10710.3251953125,10803.4580078125,4004342
2020-11-06,9234.607421875,10648.236328125,10772.4140625,10586.1474609375,10710.3251953125,2459636
2020-11-09,9423.0693359375,10865.546875,10927.6357421875,10710.3251953125,10710.3251953125,6383755
2020-11-10,9530.76171875,10989.724609375,11207.0361328125,10927.6357421875,11020.76953125,14199524
2020-11-11,9423.0693359375,10865.546875,11113.90234375,10865.546875,11051.8134765625,7808762
2020-11-12,9423.0693359375,10865.546875,10989.724609375,10834.5029296875,10927.6357421875,5867463
2020-11-13,9584.607421875,11051.8134765625,11051.8134765625,10834.5029296875,10927.6357421875,6761247
2020-11-16,9530.76171875,10989.724609375,11238.080078125,10989.724609375,11175.9912109375,10096145
2020-11-17,9826.9169921875,11331.2138671875,11331.2138671875,10958.6806640625,11082.8583984375,13823417
2020-11-18,9907.685546875,11424.3466796875,11548.5244140625,11300.1689453125,11362.2578125,12096956
2020-11-19,9934.6083984375,11455.3916015625,11548.5244140625,11362.2578125,11517.48046875,8377930
2020-11-20,9799.9921875,11300.1689453125,11486.435546875,11238.080078125,11455.3916015625,9750367
2020-11-23,10069.2236328125,11610.61328125,11641.658203125,11207.0361328125,11300.1689453125,15078876
2020-11-24,10203.8388671875,11765.8349609375,11858.96875,11548.5244140625,11672.7021484375,17630011
2020-11-25,10338.4541015625,11921.0576171875,11983.146484375,11765.8349609375,11796.8798828125,13900613
2020-11-26,10311.53125,11890.0126953125,11983.146484375,11703.7470703125,11890.0126953125,8607617
2020-11-27,10419.22265625,12014.1904296875,12045.2353515625,11890.0126953125,11890.0126953125,7422863
2020-11-30,10365.3759765625,11952.1015625,12169.4130859375,11921.0576171875,12045.2353515625,10836617
2020-12-01,10446.146484375,12045.2353515625,12045.2353515625,11672.7021484375,11672.7021484375,14163640
2020-12-02,10607.6845703125,12231.501953125,12324.634765625,12014.1904296875,12045.2353515625,11432376
2020-12-03,10876.916015625,12541.9462890625,12666.1240234375,12293.5908203125,12355.6796875,12970736
2020-12-04,10796.1455078125,12448.8125,12604.03515625,12417.7685546875,12541.9462890625,10216586
2020-12-07,11065.376953125,12759.2568359375,12790.3017578125,12572.990234375,12635.0791015625,11407057
2020-12-08,11792.298828125,13597.4560546875,13628.5009765625,12821.345703125,12821.345703125,18574835
2020-12-09,12223.0673828125,14094.1669921875,14404.611328125,13783.72265625,13783.72265625,22165174
2020-12-10,12276.9140625,14156.255859375,14435.6552734375,13907.900390625,14094.1669921875,15877361
2020-12-11,12680.7587890625,14621.921875,14621.921875,14001.0341796875,14156.255859375,14532804
2020-12-14,13542.2978515625,15615.34375,15615.34375,14901.322265625,14963.4111328125,19052521
2020-12-15,13730.759765625,15832.654296875,16205.1875,15398.0322265625,15398.0322265625,24710639
2020-12-16,13488.4521484375,15553.2548828125,16018.9208984375,15522.2099609375,15894.7431640625,23262473
2020-12-17,13488.4521484375,15553.2548828125,15894.7431640625,15273.8544921875,15398.0322265625,21274434
2020-12-18,14430.7578125,16639.80859375,16639.80859375,15615.34375,15770.5654296875,23850131
2020-12-21,15426.9111328125,17788.453125,17788.453125,16888.1640625,17012.341796875,22632617
2020-12-22,15426.9111328125,17788.453125,17788.453125,17788.453125,17788.453125,0
2020-12-23,15507.6806640625,17881.5859375,18254.119140625,17695.3203125,18223.07421875,22509616
2020-12-24,15265.3720703125,17602.185546875,17881.5859375,16639.80859375,17819.498046875,25579540
2020-12-25,16315.3701171875,18812.91796875,18812.91796875,17167.564453125,17384.875,25786823
2020-12-28,17230.755859375,19868.4296875,20023.650390625,19309.62890625,19682.162109375,20258825
2020-12-29,17069.21484375,19682.162109375,19961.5625,19309.62890625,19557.984375,19185444
2020-12-30,16961.525390625,19557.984375,19837.384765625,19247.541015625,19495.896484375,16960068
2020-12-31,17823.0625,20551.40625,20768.716796875,19526.94140625,19557.984375,15534868
2021-01-01,17823.0625,20551.40625,20551.40625,20551.40625,20551.40625,0
2021-01-04,18199.98828125,20986.029296875,21482.73828125,20986.029296875,21420.650390625,1451388
2021-01-05,18173.064453125,20954.984375,21172.294921875,20551.40625,20644.5390625,1389106
2021-01-06,18307.67578125,21110.205078125,21700.05078125,20489.318359375,21234.3828125,1670187
2021-01-07,18523.0625,21358.560546875,21482.73828125,20830.806640625,21420.650390625,2219996
2021-01-08,18388.4453125,21203.33984375,21669.005859375,20830.806640625,21669.005859375,1836255
2021-01-11,18065.37109375,20830.806640625,21234.3828125,20520.361328125,21172.294921875,2170003
2021-01-12,18361.525390625,21172.294921875,21420.650390625,20178.873046875,20613.49609375,2639830
2021-01-13,18038.447265625,20799.76171875,21420.650390625,20737.673828125,21420.650390625,1571167
2021-01-14,19034.599609375,21948.40625,22227.8046875,20489.318359375,20799.76171875,3679244
2021-01-15,19896.13671875,22941.826171875,23128.09375,22010.494140625,22227.8046875,2359457
2021-01-18,19546.138671875,22538.25,22941.826171875,22383.02734375,22941.826171875,1870303
2021-01-19,18199.98828125,20986.029296875,22569.29296875,20986.029296875,22227.8046875,3171906
2021-01-20,17930.75390625,20675.583984375,21420.650390625,19589.029296875,21234.3828125,2332673
2021-01-21,18603.833984375,21451.6953125,21731.09375,20489.318359375,20737.673828125,2107383
2021-01-22,18173.064453125,20954.984375,21544.828125,20737.673828125,21296.47265625,1852377
2021-01-25,18146.140625,20923.939453125,21451.6953125,20427.228515625,20613.49609375,1957098
2021-01-26,17230.755859375,19868.4296875,20861.8515625,19620.07421875,20768.716796875,1712352
2021-01-27,16046.142578125,18502.474609375,19868.4296875,18502.474609375,19309.62890625,2264271
2021-01-28,14942.298828125,17229.654296875,17540.09765625,17229.654296875,17229.654296875,2909975
2021-01-29,15507.6806640625,17881.5859375,18409.341796875,16143.0986328125,16143.0986328125,2255944
2021-02-01,14430.7578125,16639.80859375,18316.208984375,16639.80859375,17881.5859375,2522917
2021-02-02,14969.2177734375,17260.697265625,17384.875,15956.83203125,16577.720703125,1868822
2021-02-03,15992.296875,18440.38671875,18440.38671875,17384.875,17695.3203125,2314506
2021-02-04,15992.296875,18440.38671875,18999.185546875,18129.94140625,18440.38671875,1944053
2021-02-05,16961.525390625,19557.984375,19557.984375,18471.4296875,18502.474609375,1999586
2021-02-08,16476.91015625,18999.185546875,20334.095703125,18378.296875,19744.251953125,3451505
2021-02-09,16476.91015625,18999.185546875,18999.185546875,18999.185546875,18999.185546875,0
2021-02-10,16476.91015625,18999.185546875,18999.185546875,18999.185546875,18999.185546875,0
2021-02-11,16476.91015625,18999.185546875,18999.185546875,18999.185546875,18999.185546875,0
2021-02-12,16476.91015625,18999.185546875,18999.185546875,18999.185546875,18999.185546875,0
2021-02-15,16476.91015625,18999.185546875,18999.185546875,18999.185546875,18999.185546875,0
2021-02-16,16476.91015625,18999.185546875,18999.185546875,18999.185546875,18999.185546875,0
2021-02-17,18065.37109375,20830.806640625,20861.8515625,19992.607421875,20178.873046875,1810953
2021-02-18,17930.75390625,20675.583984375,20954.984375,20334.095703125,20799.76171875,2358684
2021-02-19,17849.98828125,20582.451171875,20861.8515625,20303.05078125,20303.05078125,1920006
2021-02-22,17688.447265625,20396.18359375,20954.984375,20303.05078125,20582.451171875,2160130
2021-02-23,18092.294921875,20861.8515625,21079.162109375,20272.005859375,20458.2734375,2507487
2021-02-24,18092.294921875,20861.8515625,20861.8515625,20861.8515625,20861.8515625,0
2021-02-25,18092.294921875,20861.8515625,20861.8515625,20861.8515625,20861.8515625,0
2021-02-26,17876.908203125,20613.49609375,20737.673828125,20240.962890625,20303.05078125,2246232
2021-03-01,18846.138671875,21731.09375,21793.18359375,20675.583984375,20861.8515625,3107627
2021-03-02,18873.060546875,21762.138671875,22041.5390625,21513.783203125,22041.5390625,2018220
2021-03-03,18765.369140625,21637.9609375,21793.18359375,21482.73828125,21575.873046875,1582748
2021-03-04,18011.5234375,20768.716796875,21700.05078125,20489.318359375,21700.05078125,2517521
2021-03-05,18011.5234375,20768.716796875,20768.716796875,20178.873046875,20489.318359375,2277752
2021-03-08,18065.37109375,20830.806640625,21389.60546875,20706.62890625,21203.33984375,1742954
2021-03-09,17796.140625,20520.361328125,20830.806640625,20334.095703125,20675.583984375,1688435
2021-03-10,17823.0625,20551.40625,20644.5390625,20054.6953125,20365.140625,1761282
2021-03-11,18280.75390625,21079.162109375,21296.47265625,20675.583984375,20861.8515625,1742245
2021-03-12,18038.447265625,20799.76171875,21172.294921875,20737.673828125,21079.162109375,996894
2021-03-15,17876.908203125,20613.49609375,20923.939453125,20613.49609375,20799.76171875,1142620
2021-03-16,17607.6796875,20303.05078125,20613.49609375,20116.78515625,20613.49609375,2089892
2021-03-17,17553.83203125,20240.962890625,20427.228515625,20085.740234375,20147.828125,1211570
2021-03-18,17930.75390625,20675.583984375,20799.76171875,20489.318359375,20613.49609375,1139222
2021-03-19,17930.75390625,20675.583984375,21110.205078125,20551.40625,20551.40625,1796828
2021-03-22,17984.6015625,20737.673828125,20954.984375,20613.49609375,20861.8515625,1225163
2021-03-23,17715.37109375,20427.228515625,20737.673828125,20209.91796875,20737.673828125,1422026
2021-03-24,16853.833984375,19433.806640625,20334.095703125,19247.541015625,20054.6953125,2138822
2021-03-25,16584.603515625,19123.36328125,19713.20703125,19061.2734375,19557.984375,2136486
2021-03-26,16638.44921875,19185.451171875,19309.62890625,18254.119140625,19030.23046875,1633192
2021-03-29,16907.6796875,19495.896484375,19526.94140625,19247.541015625,19433.806640625,917121
2021-03-30,17123.064453125,19744.251953125,19806.33984375,19371.71875,19806.33984375,1172851
2021-03-31,17096.140625,19713.20703125,19961.5625,19651.119140625,19682.162109375,1230800
2021-04-01,18280.75390625,21079.162109375,21079.162109375,19713.20703125,19744.251953125,3526817
2021-04-02,18469.21484375,21296.47265625,21700.05078125,21141.25,21669.005859375,2222992
2021-04-05,18846.138671875,21731.09375,22041.5390625,21358.560546875,21731.09375,3005290
2021-04-06,18846.138671875,21731.09375,21917.361328125,21420.650390625,21420.650390625,2558720
2021-04-07,19034.599609375,21948.40625,22041.5390625,21606.916015625,21731.09375,2094031
2021-04-08,18953.830078125,21855.271484375,22165.716796875,21700.05078125,22165.716796875,1771509
2021-04-09,18980.75390625,21886.31640625,22165.716796875,21731.09375,21793.18359375,1832245
2021-04-12,19653.833984375,22662.427734375,22879.73828125,21855.271484375,22103.626953125,2731940
2021-04-13,19169.21484375,22103.626953125,22910.783203125,21824.228515625,22910.783203125,2844746
2021-04-14,19357.677734375,22320.9375,22476.16015625,21731.09375,21855.271484375,2657885
2021-04-15,18765.369140625,21637.9609375,22320.9375,21544.828125,22320.9375,3014374
2021-04-16,18307.67578125,21110.205078125,21762.138671875,20675.583984375,21513.783203125,2933023
2021-04-19,18738.4453125,21606.916015625,21606.916015625,20986.029296875,21420.650390625,1912694
2021-04-20,18361.525390625,21172.294921875,22072.583984375,21048.1171875,22041.5390625,2399980
2021-04-21,18361.525390625,21172.294921875,21172.294921875,21172.294921875,21172.294921875,0
2021-04-22,17096.140625,19713.20703125,21110.205078125,19713.20703125,20861.8515625,2380943
2021-04-23,17769.21875,20489.318359375,20489.318359375,19589.029296875,19868.4296875,2363854
2021-04-26,17069.21484375,19682.162109375,20551.40625,19620.07421875,20489.318359375,1599530
2021-04-27,17123.064453125,19744.251953125,19868.4296875,19340.673828125,19682.162109375,861668
2021-04-28,17284.6015625,19930.517578125,20209.91796875,19682.162109375,19744.251953125,1409721
2021-04-29,17553.83203125,20240.962890625,20489.318359375,19930.517578125,19930.517578125,1476932
2021-04-30,17553.83203125,20240.962890625,20240.962890625,20240.962890625,20240.962890625,0
2021-05-03,17553.83203125,20240.962890625,20240.962890625,20240.962890625,20240.962890625,0
2021-05-04,17715.37109375,20427.228515625,20427.228515625,19620.07421875,19744.251953125,1610305
2021-05-05,18092.294921875,20861.8515625,21234.3828125,20458.2734375,20551.40625,1994915
2021-05-06,17688.447265625,20396.18359375,21079.162109375,20334.095703125,20799.76171875,1725930
2021-05-07,17607.6796875,20303.05078125,20799.76171875,20116.78515625,20178.873046875,1509192
2021-05-10,18684.599609375,21544.828125,21669.005859375,20054.6953125,20178.873046875,3659063
2021-05-11,18415.369140625,21234.3828125,21917.361328125,21234.3828125,21731.09375,2583829
2021-05-12,18738.4453125,21606.916015625,21637.9609375,21110.205078125,21110.205078125,1631774
2021-05-13,18873.060546875,21762.138671875,22445.115234375,21358.560546875,21358.560546875,3378111
2021-05-14,19007.6796875,21917.361328125,22289.89453125,21762.138671875,21948.40625,2101859
2021-05-17,19088.4453125,22010.494140625,22538.25,21917.361328125,22351.982421875,2729717
2021-05-18,18980.75390625,21886.31640625,22289.89453125,21669.005859375,21979.44921875,1861767
2021-05-19,19384.6015625,22351.982421875,22476.16015625,21731.09375,21886.31640625,2637543
2021-05-20,20730.751953125,23904.203125,23904.203125,22351.982421875,22445.115234375,4530427
2021-05-21,20999.986328125,24214.6484375,25021.802734375,23904.203125,24214.6484375,2566741
2021-05-24,21430.755859375,24711.359375,24742.40234375,23966.29296875,24338.826171875,2667935
2021-05-25,22023.060546875,25394.3359375,25456.42578125,24525.091796875,24711.359375,2380218
2021-05-26,22049.982421875,25425.380859375,25891.046875,25145.98046875,25332.248046875,2134779
2021-05-27,21323.0625,24587.181640625,25518.513671875,24214.6484375,25425.380859375,2602190
2021-05-28,22507.67578125,25953.134765625,26015.224609375,24525.091796875,24773.447265625,2742521
2021-05-31,23907.673828125,27567.4453125,27629.53515625,26077.3125,26325.66796875,1963782
2021-06-01,23530.751953125,27132.82421875,28126.244140625,26884.46875,27939.978515625,1997089
2021-06-02,24769.2109375,28560.8671875,28560.8671875,26698.201171875,26698.201171875,2676310
2021-06-03,26330.75,30361.443359375,30547.708984375,29181.755859375,29616.376953125,2366447
2021-06-04,26249.98046875,30268.310546875,31044.419921875,29802.64453125,30299.35546875,2573377
2021-06-07,25388.443359375,29274.888671875,30609.798828125,28250.421875,29926.822265625,38645108
2021-06-08,25388.443359375,29274.888671875,29274.888671875,29274.888671875,29274.888671875,0
2021-06-09,25146.1328125,28995.48828125,29212.80078125,26698.201171875,27691.623046875,34315989
2021-06-10,25307.673828125,29181.755859375,29647.421875,28871.310546875,28995.48828125,23999320
2021-06-11,26976.904296875,31106.509765625,31168.59765625,28809.22265625,28871.310546875,35775349
2021-06-14,28538.44140625,32907.0859375,33279.6171875,31044.419921875,31354.865234375,29924539
2021-06-15,28386.052734375,32286.197265625,33217.53125,31975.75390625,32286.197265625,23905905
2021-06-16,26966.748046875,30671.88671875,32099.931640625,30392.48828125,31541.130859375,35579017
2021-06-17,27567.224609375,31354.865234375,31913.6640625,29864.732421875,29864.732421875,17333388
2021-06-18,27567.224609375,31354.865234375,31975.75390625,31106.509765625,31975.75390625,12559422
2021-06-21,26748.396484375,30423.533203125,31354.865234375,30361.443359375,31106.509765625,20199603
2021-06-22,27021.337890625,30733.9765625,30982.33203125,30485.62109375,30982.33203125,14558332
2021-06-23,27239.69140625,30982.33203125,31541.130859375,30547.708984375,30733.9765625,15522434
2021-06-24,27403.45703125,31168.59765625,31354.865234375,30858.154296875,31044.419921875,11915667
2021-06-25,29314.056640625,33341.70703125,33341.70703125,31292.775390625,31354.865234375,38146951
2021-06-28,29423.236328125,33465.88671875,34024.68359375,33031.26171875,34024.68359375,15525334
2021-06-29,29805.35546875,33900.5078125,34645.57421875,33279.6171875,33465.88671875,16797060
2021-06-30,30023.7109375,34148.86328125,34335.12890625,33527.97265625,33590.0625,18720433
2021-07-01,31388.419921875,35701.08203125,36135.70703125,34397.21875,34769.75,22104616
2021-07-02,31606.77734375,35949.4375,36632.41796875,35390.640625,35949.4375,20403988
2021-07-05,31606.77734375,35949.4375,35949.4375,35949.4375,35949.4375,0
2021-07-06,31606.77734375,35949.4375,35949.4375,35949.4375,35949.4375,0
2021-07-07,31606.77734375,35949.4375,35949.4375,35949.4375,35949.4375,0
2021-07-08,31606.77734375,35949.4375,35949.4375,35949.4375,35949.4375,0
2021-07-09,28713.5859375,32658.73046875,34148.86328125,32348.287109375,33341.70703125,21977217
2021-07-12,28713.5859375,32658.73046875,32658.73046875,32658.73046875,32658.73046875,0
2021-07-13,28276.876953125,32162.01953125,32162.01953125,30578.75390625,31292.775390625,20079292
2021-07-14,28276.876953125,32162.01953125,32162.01953125,32162.01953125,32162.01953125,0
2021-07-15,29314.056640625,33341.70703125,33341.70703125,31044.419921875,31044.419921875,21923263
2021-07-16,29314.056640625,33341.70703125,33341.70703125,33341.70703125,33341.70703125,0
2021-07-19,26912.162109375,30609.798828125,32162.01953125,30609.798828125,31665.30859375,26695779
2021-07-20,28768.173828125,32720.8203125,32720.8203125,30299.35546875,31106.509765625,24650967
2021-07-21,28113.11328125,31975.75390625,32907.0859375,31913.6640625,32658.73046875,15312896
2021-07-22,28495.23046875,32410.375,32907.0859375,31727.3984375,31789.486328125,16113845
2021-07-23,27621.8125,31416.953125,32534.552734375,31416.953125,32162.01953125,19784392
2021-07-26,27730.990234375,31541.130859375,32037.841796875,31044.419921875,31416.953125,15639525
2021-07-27,28386.052734375,32286.197265625,33155.44140625,32037.841796875,32162.01953125,23802827
2021-07-28,28604.408203125,32534.552734375,32907.0859375,32162.01953125,32224.109375,11329249
2021-07-29,29477.822265625,33527.97265625,33527.97265625,32720.8203125,32907.0859375,20888455
2021-07-30,29805.35546875,33900.5078125,34148.86328125,33279.6171875,33527.97265625,24430154
2021-08-02,30023.7109375,34148.86328125,34521.39453125,33527.97265625,33590.0625,2481251007
2021-08-03,30842.537109375,35080.1953125,35080.1953125,33838.41796875,34024.68359375,29223286
2021-08-04,30842.537109375,35080.1953125,35080.1953125,35080.1953125,35080.1953125,0
2021-08-05,31388.419921875,35701.08203125,35887.3515625,34831.83984375,34956.01953125,19671489
2021-08-06,30787.951171875,35018.10546875,35825.26171875,35018.10546875,35514.81640625,26466591
2021-08-09,32371.015625,36818.68359375,37377.484375,34831.83984375,34831.83984375,36755718
2021-08-10,32371.015625,36818.68359375,36818.68359375,36818.68359375,36818.68359375,0
2021-08-11,31497.603515625,35825.26171875,37129.12890625,35825.26171875,37067.0390625,28489821
2021-08-12,31497.603515625,35825.26171875,36570.328125,35638.99609375,35638.99609375,21970775
2021-08-13,32207.25390625,36632.41796875,37067.0390625,35825.26171875,36011.52734375,34598165
2021-08-16,33899.49609375,38557.171875,38805.52734375,37812.10546875,38060.4609375,27267701
2021-08-17,33899.49609375,38557.171875,38557.171875,38557.171875,38557.171875,0
2021-08-18,32862.3203125,37377.484375,38805.52734375,37377.484375,37812.10546875,28363550
2021-08-19,34227.0234375,38929.703125,39053.8828125,37750.015625,37812.10546875,25303741
2021-08-20,34117.8515625,38805.52734375,39426.4140625,37687.92578125,38929.703125,42859875
2021-08-23,34609.14453125,39364.32421875,39364.32421875,38370.90234375,38805.52734375,23202881
2021-08-24,33408.19921875,37998.37109375,39488.50390625,37067.0390625,39115.96875,37522523
2021-08-25,33844.91015625,38495.08203125,38495.08203125,37501.66015625,37998.37109375,17836055
2021-08-26,33353.61328125,37936.28125,38681.34765625,37067.0390625,38495.08203125,19699191
2021-08-27,33408.19921875,37998.37109375,38122.546875,37129.12890625,37377.484375,17081330
2021-08-30,34063.26171875,38743.4375,38805.52734375,37687.92578125,38246.7265625,19832871
2021-08-31,33735.73046875,38370.90234375,39240.1484375,37874.19140625,39053.8828125,15542406
2021-09-01,33408.19921875,37998.37109375,38495.08203125,37812.10546875,38060.4609375,15140884
2021-09-02,33408.19921875,37998.37109375,37998.37109375,37998.37109375,37998.37109375,0
2021-09-03,33408.19921875,37998.37109375,37998.37109375,37998.37109375,37998.37109375,0
2021-09-06,32753.13671875,37253.3046875,38308.81640625,37253.3046875,38122.546875,27491896
2021-09-07,32971.4921875,37501.66015625,38122.546875,37129.12890625,37563.75,39546075
2021-09-08,32971.484375,37501.65234375,37501.65234375,37501.65234375,37501.65234375,0
2021-09-09,36318.203125,41308.1953125,42577.05078125,41120.21875,41731.1484375,21432598
2021-09-10,36194.25,41167.21484375,41637.16015625,40979.234375,41355.19140625,11075649
2021-09-13,36028.98046875,40979.234375,41167.21484375,40133.33203125,41167.21484375,12813936
2021-09-14,35119.98828125,39945.35546875,40697.26953125,39945.35546875,40509.2890625,8893693
2021-09-15,35450.53515625,40321.3125,40556.28515625,39381.421875,39475.41015625,8240106
2021-09-16,35119.98828125,39945.35546875,40603.27734375,39804.37109375,40462.296875,5164111
2021-09-17,35533.16796875,40415.30078125,41308.1953125,39757.37890625,39992.3515625,14945461
2021-09-20,35367.89453125,40227.32421875,41120.21875,40180.328125,41073.22265625,8071151
2021-09-21,35367.89453125,40227.32421875,40227.32421875,40227.32421875,40227.32421875,0
2021-09-22,35367.89453125,40227.32421875,40227.32421875,40227.32421875,40227.32421875,0
2021-09-23,34624.1796875,39381.421875,40133.33203125,39287.43359375,39475.41015625,6144225
2021-09-24,34541.54296875,39287.43359375,39757.37890625,39287.43359375,39475.41015625,548478662
2021-09-27,33054.109375,37595.62890625,39428.4140625,37595.62890625,39287.43359375,11612307
2021-09-28,33549.91796875,38159.5625,38441.53125,37407.6484375,37595.62890625,7317765
2021-09-29,33136.7421875,37689.6171875,38112.56640625,37407.6484375,38065.57421875,5873980
2021-09-30,33591.23828125,38206.55859375,38253.55078125,37689.6171875,37877.59375,4644795
2021-10-01,32393.02734375,36843.71484375,37971.5859375,36843.71484375,37783.60546875,11416008
2021-10-04,31897.21484375,36279.78125,36749.7265625,35574.86328125,36655.73828125,1906
2021-10-05,33384.65234375,37971.5859375,38253.55078125,36843.71484375,37078.6875,10296409
2021-10-06,33384.65234375,37971.5859375,37971.5859375,37971.5859375,37971.5859375,0
2021-10-07,33632.5546875,38253.55078125,38488.5234375,37360.65625,37595.62890625,9048286
2021-10-08,33632.5546875,38253.55078125,38253.55078125,38253.55078125,38253.55078125,0
2021-10-11,33632.5546875,38253.55078125,38253.55078125,38253.55078125,38253.55078125,0
2021-10-12,34211.00390625,38911.4765625,39616.39453125,38911.4765625,39381.421875,8034870
2021-10-13,33880.46484375,38535.51953125,39240.4375,38535.51953125,38911.4765625,7681318
2021-10-14,33880.46484375,38535.51953125,38535.51953125,38535.51953125,38535.51953125,0
2021-10-15,33673.87109375,38300.546875,38911.4765625,38253.55078125,38723.49609375,6794726
2021-10-18,33673.87109375,38300.546875,38300.546875,38300.546875,38300.546875,0
2021-10-19,33797.828125,38441.53125,39193.44140625,38347.5390625,38535.51953125,9429500
2021-10-20,33302.01171875,37877.59375,38488.5234375,37501.640625,38441.53125,14339752
2021-10-21,32806.20703125,37313.66015625,38018.578125,37313.66015625,37971.5859375,10871476
2021-10-22,32393.02734375,36843.71484375,37548.6328125,36702.73046875,37313.66015625,11924152
2021-10-25,32393.02734375,36843.71484375,36843.71484375,36843.71484375,36843.71484375,0
2021-10-26,32393.02734375,36843.71484375,36843.71484375,36843.71484375,36843.71484375,0
2021-10-27,32393.02734375,36843.71484375,36843.71484375,36843.71484375,36843.71484375,0
2021-10-28,33715.1875,38347.5390625,38911.4765625,37830.6015625,38065.57421875,13797880
2021-10-29,33467.28515625,38065.57421875,38535.51953125,37783.60546875,38394.53515625,12457405
2021-11-01,33467.28515625,38065.57421875,38065.57421875,38065.57421875,38065.57421875,0
2021-11-02,35119.98828125,39945.35546875,39804.37109375,38911.4765625,39005.46484375,19787087
2021-11-03,34458.91015625,39193.44140625,40274.31640625,38911.4765625,40180.328125,1975772267
2021-11-04,35533.16796875,40415.30078125,41261.203125,39193.44140625,39287.43359375,26488398
2021-11-05,35450.53515625,40321.3125,40791.2578125,40227.32421875,40697.26953125,15114842
2021-11-08,36772.69921875,41825.13671875,42248.0859375,40509.2890625,40697.26953125,33664020
2021-11-09,36607.42578125,41637.16015625,42107.10546875,41167.21484375,41825.13671875,17176465
2021-11-10,36937.96875,42013.11328125,42953.00390625,41637.16015625,41825.13671875,21001058
2021-11-11,36483.47265625,41496.17578125,42765.02734375,40650.2734375,42060.109375,26211558
2021-11-12,36855.33203125,41919.125,42483.05859375,41402.1875,41731.1484375,13101097
2021-11-15,37846.95703125,43046.99609375,43986.88671875,42389.0703125,42765.02734375,30275860
2021-11-16,36979.28515625,42060.109375,43093.98828125,41825.13671875,42483.05859375,17397554
2021-11-17,37888.2734375,43093.98828125,43469.9453125,41919.125,42107.10546875,21266302
2021-11-18,40532.6015625,46101.640625,46101.640625,44174.86328125,45490.7109375,43578364
2021-11-19,40078.109375,45584.69921875,47746.44921875,42953.00390625,46994.53515625,33029904
2021-11-22,40160.7421875,45678.6875,46900.546875,45020.765625,45584.69921875,21667625
2021-11-23,42970.34375,48874.31640625,48874.31640625,45020.765625,45396.72265625,39809734
2021-11-24,43961.96875,50002.1875,51130.0546875,49532.2421875,49814.20703125,24893532
2021-11-25,45449.3984375,51693.98828125,52163.93359375,49626.23046875,50096.17578125,27046016
2021-11-26,44209.87109375,50284.15234375,52069.9453125,49814.20703125,51412.0234375,32804877
2021-11-29,45697.3046875,51975.95703125,52069.9453125,49344.26171875,49344.26171875,31651871
2021-11-30,46193.11328125,52539.890625,54231.6953125,51693.98828125,53385.79296875,25494027
2021-12-01,45614.671875,51881.96875,52821.859375,50848.0859375,52163.93359375,24743089
2021-12-02,44623.046875,50754.09765625,52445.90234375,50754.09765625,51693.98828125,22601989
2021-12-03,41730.8125,47464.48046875,51130.0546875,47464.48046875,50848.0859375,47804387
2021-12-06,42143.98828125,47934.42578125,49156.28515625,46054.64453125,47558.46875,33273868
2021-12-07,43135.61328125,49062.296875,49344.26171875,47746.44921875,48874.31640625,16889304
2021-12-08,42805.0703125,48686.33984375,49720.21875,48686.33984375,49344.26171875,13840651
2021-12-09,44457.77734375,50566.12109375,50566.12109375,47934.42578125,47934.42578125,17430856
2021-12-10,43796.69140625,49814.20703125,50566.12109375,49438.25,50472.1328125,14879283
2021-12-13,44127.234375,50190.1640625,50754.09765625,49156.28515625,50002.1875,16520856
2021-12-14,43548.79296875,49532.2421875,50660.109375,49438.25,50096.17578125,15461691
2021-12-15,42722.4375,48592.3515625,49908.1953125,48592.3515625,49344.26171875,14800763
2021-12-16,42061.3515625,47840.4375,48874.31640625,47464.48046875,48780.328125,23745845
2021-12-17,43383.51953125,49344.26171875,49720.21875,47840.4375,47934.42578125,17175401
2021-12-20,44209.87109375,50284.15234375,51224.04296875,48968.3046875,49344.26171875,19772511
2021-12-21,43383.51953125,49344.26171875,50472.1328125,49344.26171875,49908.1953125,13078009
2021-12-22,42226.62109375,48028.4140625,49626.23046875,47746.44921875,49344.26171875,24227072
2021-12-23,40491.28125,46054.64453125,47840.4375,45114.75390625,47746.44921875,27962400
2021-12-24,40532.6015625,46101.640625,46947.5390625,45490.7109375,46242.62109375,9413222
2021-12-27,40615.23828125,46195.62890625,46947.5390625,46054.64453125,46947.5390625,6946871
2021-12-28,40326.015625,45866.66796875,46571.5859375,45866.66796875,46336.61328125,10490687
2021-12-29,41028.4140625,46665.57421875,47370.4921875,45208.7421875,45960.65625,10436958
2021-12-30,43466.15625,49438.25,49626.23046875,47088.5234375,47182.51171875,17667586
2021-12-31,42805.0703125,48686.33984375,49814.20703125,48498.359375,49720.21875,10223848
2022-01-03,42805.0703125,48686.33984375,48686.33984375,48686.33984375,48686.33984375,0
2022-01-04,43796.69140625,49814.20703125,50190.1640625,48780.328125,49344.26171875,17496715
2022-01-05,43631.421875,49626.23046875,50660.109375,49344.26171875,49814.20703125,16705559
2022-01-06,42887.70703125,48780.328125,49814.20703125,48780.328125,49250.2734375,14095255
2022-01-07,42639.80078125,48498.359375,49344.26171875,48122.40625,48592.3515625,14868111
2022-01-10,40945.77734375,46571.5859375,48874.31640625,46571.5859375,48498.359375,18588544
2022-01-11,39747.5625,45208.7421875,47558.46875,45114.75390625,46712.56640625,16599270
2022-01-12,41730.8125,47464.48046875,47464.48046875,45208.7421875,45584.69921875,16453295
2022-01-13,40367.328125,45913.66015625,48028.4140625,45913.66015625,47934.42578125,12121090
2022-01-14,40243.375,45772.67578125,46477.59375,45396.72265625,45537.703125,7105506
2022-01-17,37433.77734375,42577.05078125,45960.65625,42577.05078125,45584.69921875,34414958
2022-01-18,34954.72265625,39757.37890625,42389.0703125,39616.39453125,41637.16015625,17015063
2022-01-19,37351.14453125,42483.05859375,42483.05859375,40744.26171875,41261.203125,11794456
2022-01-20,37764.32421875,42953.00390625,43422.94921875,41778.140625,42671.0390625,9634737
2022-01-21,36814.01953125,41872.1328125,42859.015625,41543.16796875,42483.05859375,9073288
2022-01-24,34252.3203125,38958.46875,41637.16015625,38958.46875,41167.21484375,19992218
2022-01-25,35367.89453125,40227.32421875,40321.3125,38441.53125,38535.51953125,10891266
2022-01-26,35078.671875,39898.359375,40791.2578125,39851.3671875,40415.30078125,8954338
2022-01-27,35863.70703125,40791.2578125,41825.13671875,39569.3984375,39945.35546875,8026997
2022-01-28,37227.19140625,42342.078125,42342.078125,40603.27734375,40697.26953125,8292027
2022-01-31,37227.19140625,42342.078125,42342.078125,42342.078125,42342.078125,0
2022-02-01,37227.19140625,42342.078125,42342.078125,42342.078125,42342.078125,0
2022-02-02,37227.19140625,42342.078125,42342.078125,42342.078125,42342.078125,0
2022-02-03,37227.19140625,42342.078125,42342.078125,42342.078125,42342.078125,0
2022-02-04,37227.19140625,42342.078125,42342.078125,42342.078125,42342.078125,0
2022-02-07,37888.2734375,43093.98828125,44080.875,42577.05078125,43234.97265625,10310241
2022-02-08,37723.0,42906.01171875,43328.9609375,42295.08203125,42765.02734375,7083908
2022-02-09,37764.32421875,42953.00390625,43516.94140625,42577.05078125,42577.05078125,8757188
2022-02-10,37268.51171875,42389.0703125,43140.984375,41919.125,43046.99609375,7443631
2022-02-11,37268.51171875,42389.0703125,42906.01171875,42107.10546875,42295.08203125,5913027
2022-02-14,36028.98046875,40979.234375,42013.11328125,40979.234375,41825.13671875,11155871
2022-02-15,36028.98046875,40979.234375,40979.234375,40979.234375,40979.234375,0
2022-02-16,37103.234375,42201.09375,42389.0703125,41637.16015625,42013.11328125,5175814
2022-02-17,37185.87109375,42295.08203125,42436.06640625,42107.10546875,42107.10546875,6246151
2022-02-18,37351.14453125,42483.05859375,43046.99609375,41731.1484375,41825.13671875,9986480
2022-02-21,38012.2265625,43234.97265625,43610.9296875,42577.05078125,42577.05078125,11677634
2022-02-22,37185.87109375,42295.08203125,42953.00390625,41825.13671875,42577.05078125,8196484
2022-02-23,37433.77734375,42577.05078125,42859.015625,42483.05859375,42483.05859375,5992824
2022-02-24,36855.33203125,41919.125,43234.97265625,40838.25,42389.0703125,13568066
2022-02-25,37764.32421875,42953.00390625,43751.9140625,42107.10546875,42295.08203125,16682365
2022-02-28,37764.32421875,42953.00390625,43798.90625,42906.01171875,43046.99609375,8008377
2022-03-01,38012.2265625,43234.97265625,43516.94140625,42671.0390625,43234.97265625,9367791
2022-03-02,37020.6015625,42107.10546875,43093.98828125,41872.1328125,42859.015625,13412942
2022-03-03,37599.046875,42765.02734375,42765.02734375,41825.13671875,42295.08203125,8983704
2022-03-04,38508.0390625,43798.90625,44550.8203125,43187.9765625,43234.97265625,21827218
2022-03-07,38673.3046875,43986.88671875,44033.87890625,43000.0,43328.9609375,12351223
2022-03-08,38838.578125,44174.86328125,45302.73046875,43328.9609375,43704.91796875,25889712
2022-03-09,38508.0390625,43798.90625,44644.80859375,43140.984375,44456.83203125,13097693
2022-03-10,38508.0390625,43798.90625,44926.77734375,43798.90625,44926.77734375,9047222
2022-03-11,37185.87109375,42295.08203125,43704.91796875,42013.11328125,43422.94921875,17834733
2022-03-14,35698.4375,40603.27734375,42107.10546875,40321.3125,41919.125,17705569
2022-03-15,35781.07421875,40697.26953125,41449.1796875,40415.30078125,40462.296875,8312136
2022-03-16,36194.25,41167.21484375,41778.140625,40791.2578125,40885.24609375,7552580
2022-03-17,36194.25,41167.21484375,41778.140625,41167.21484375,41778.140625,5018668
2022-03-18,36194.25,41167.21484375,41825.13671875,41073.22265625,41308.1953125,8318945
2022-03-21,36607.42578125,41637.16015625,41778.140625,41167.21484375,41637.16015625,7402243
2022-03-22,36648.7421875,41684.15234375,42107.10546875,41543.16796875,41637.16015625,6389891
2022-03-23,36524.7890625,41543.16796875,42013.11328125,41543.16796875,41825.13671875,6734187
2022-03-24,36194.25,41167.21484375,41778.140625,41120.21875,41778.140625,7548750
2022-03-25,35905.0234375,40838.25,41308.1953125,40697.26953125,41120.21875,8434810
2022-03-28,34913.40625,39710.3828125,40650.2734375,39287.43359375,40321.3125,11056179
2022-03-29,35243.9453125,40086.33984375,40321.3125,40039.34375,40321.3125,4363060
2022-03-30,34954.72265625,39757.37890625,40603.27734375,39522.40625,39569.3984375,7445440
2022-03-31,34706.81640625,39475.41015625,40227.32421875,39475.41015625,40227.32421875,4510737
2022-04-01,35450.53515625,40321.3125,40321.3125,38911.4765625,39475.41015625,8303518
2022-04-04,37185.87109375,42295.08203125,42342.078125,40509.2890625,40885.24609375,15757470
2022-04-05,36607.42578125,41637.16015625,42671.0390625,41590.1640625,42107.10546875,7678871
2022-04-06,36855.33203125,41919.125,42201.09375,41073.22265625,41073.22265625,8673029
2022-04-07,36400.83984375,41402.1875,42624.04296875,41402.1875,41919.125,10256937
2022-04-08,35533.16796875,40415.30078125,41590.1640625,40415.30078125,41355.19140625,7777712
2022-04-11,35533.16796875,40415.30078125,40415.30078125,40415.30078125,40415.30078125,0
2022-04-12,34541.54296875,39287.43359375,40791.2578125,39099.453125,40509.2890625,7478422
2022-04-13,35161.30859375,39992.3515625,40180.328125,38441.53125,39475.41015625,8962956
2022-04-14,34706.81640625,39475.41015625,40368.3046875,39381.421875,40368.3046875,4570212
2022-04-15,33054.109375,37595.62890625,39569.3984375,37454.64453125,39287.43359375,10310879
2022-04-18,30988.2265625,35245.90234375,37595.62890625,34963.93359375,36937.703125,17556828
2022-04-19,28922.345703125,32896.17578125,36091.8046875,32896.17578125,35339.890625,12829363
2022-04-20,29087.615234375,33084.15234375,33836.06640625,32614.20703125,32849.1796875,10800511
2022-04-21,29790.015625,33883.05859375,34587.9765625,32426.23046875,32520.21875,13347296
2022-04-22,29790.015625,33883.05859375,34446.99609375,32896.17578125,34306.01171875,7529705
2022-04-25,27724.134765625,31533.333984375,34071.0390625,31533.333984375,33836.06640625,11858825
2022-04-26,28509.171875,32426.23046875,32426.23046875,29465.57421875,30546.447265625,13544127
2022-04-27,28426.53125,32332.240234375,32520.21875,31674.31640625,32191.255859375,5441377
2022-04-28,27682.81640625,31486.337890625,32567.212890625,31298.361328125,32238.251953125,6604916
2022-04-29,27724.134765625,31533.333984375,32144.26171875,31157.376953125,31486.337890625,9907215
2022-05-02,27724.134765625,31533.333984375,31533.333984375,31533.333984375,31533.333984375,0
2022-05-03,27724.134765625,31533.333984375,31533.333984375,31533.333984375,31533.333984375,0
2022-05-04,26443.28515625,30076.501953125,31768.306640625,30076.501953125,31533.333984375,7924751
2022-05-05,25616.93359375,29136.611328125,30781.419921875,28478.689453125,30546.447265625,10778487
2022-05-06,23840.27734375,27115.84765625,28854.64453125,27115.84765625,28196.720703125,16106872
2022-05-09,22187.572265625,25236.06640625,26786.884765625,25236.06640625,26739.890625,20650698
2022-05-10,23055.240234375,26222.951171875,26363.93359375,24390.1640625,24437.158203125,16395736
2022-05-11,22889.970703125,26034.97265625,26410.9296875,25706.01171875,26363.93359375,6546080
2022-05-12,21319.900390625,24249.1796875,25893.98828125,24249.1796875,25612.021484375,16889729
2022-05-13,21319.900390625,24249.1796875,25001.09375,23544.26171875,24437.158203125,26655013
2022-05-16,22559.4296875,25659.015625,25940.984375,25565.02734375,25753.005859375,19876566
2022-05-17,24088.181640625,27397.814453125,27397.814453125,25283.060546875,25377.048828125,20931263
2022-05-18,23675.005859375,26927.869140625,28149.7265625,26880.875,27444.80859375,26335189
2022-05-19,23551.052734375,26786.884765625,27256.830078125,25940.984375,25940.984375,20310127
2022-05-20,23509.734375,26739.890625,27726.775390625,26692.896484375,27068.8515625,17605983
2022-05-23,21898.345703125,24907.103515625,26927.869140625,24907.103515625,26786.884765625,32804771
2022-05-24,23220.513671875,26410.9296875,26410.9296875,23638.251953125,24813.115234375,23232169
2022-05-25,23798.958984375,27068.8515625,27538.796875,26316.939453125,26410.9296875,18452464
2022-05-26,24336.087890625,27679.78125,28384.69921875,27068.8515625,27162.841796875,30951045
2022-05-27,24707.947265625,28102.732421875,28619.671875,27491.802734375,27538.796875,22441970
2022-05-30,24707.947265625,28102.732421875,28854.64453125,27726.775390625,28243.716796875,15561809
2022-05-31,24501.357421875,27867.759765625,28243.716796875,27256.830078125,27632.787109375,19496415
2022-06-01,24418.720703125,27773.76953125,28102.732421875,26974.86328125,27726.775390625,15477969
2022-06-02,24418.720703125,27773.76953125,27773.76953125,27773.76953125,27773.76953125,0
2022-06-03,24170.81640625,27491.802734375,27914.75390625,27068.8515625,27068.8515625,18364369
2022-06-06,23964.23046875,27256.830078125,28102.732421875,27068.8515625,27773.76953125,14006628
2022-06-07,23303.146484375,26504.91796875,27209.8359375,25612.021484375,26974.86328125,19763361
2022-06-08,24212.134765625,27538.796875,27961.748046875,26504.91796875,26786.884765625,16129641
2022-06-09,23964.23046875,27256.830078125,27820.765625,27115.84765625,27585.79296875,8481730
2022-06-10,23013.92578125,26175.95703125,27256.830078125,26175.95703125,26880.875,16663852
2022-06-13,21443.853515625,24390.1640625,25377.048828125,24390.1640625,24907.103515625,22222477
2022-06-14,20121.6875,22886.337890625,24155.19140625,22698.361328125,23873.224609375,19280007
2022-06-15,18716.888671875,21288.525390625,23262.294921875,21288.525390625,23027.322265625,20741028
2022-06-16,18303.712890625,20818.580078125,21993.443359375,20630.6015625,21993.443359375,14425826
2022-06-17,17022.865234375,19361.748046875,20207.650390625,19361.748046875,19596.720703125,22277270
2022-06-20,15865.97265625,18045.90234375,20019.671875,18045.90234375,19408.744140625,19432578
2022-06-21,15122.2548828125,17200.0,18703.82421875,16965.02734375,17246.994140625,26582984
2022-06-22,16242.576171875,17700.0,17700.0,17500.0,17700.0,11892500
2022-06-23,16976.703125,18500.0,18500.0,17900.0,18000.0,13697300
2022-06-24,17068.46875,18600.0,19100.0,18350.0,18400.0,11929000
2022-06-27,18215.544921875,19850.0,19850.0,18600.0,18750.0,13895600
2022-06-28,17986.12890625,19600.0,19950.0,19450.0,19900.0,13211000
2022-06-29,18123.77734375,19750.0,20200.0,19200.0,19300.0,14242800
2022-06-30,17252.001953125,18800.0,19850.0,18800.0,19700.0,13242100
2022-07-01,18077.89453125,19700.0,19800.0,17950.0,18650.0,15527500
2022-07-04,18536.724609375,20200.0,20600.0,19950.0,20050.0,19712000
2022-07-05,18077.89453125,19700.0,20350.0,19700.0,20150.0,14220100
2022-07-06,17435.533203125,19000.0,19800.0,18900.0,19200.0,15164800
2022-07-07,17527.298828125,19100.0,19200.0,18650.0,18800.0,9823100
2022-07-08,18720.2578125,20400.0,20400.0,19300.0,19300.0,30285700
2022-07-11,18949.671875,20650.0,21150.0,19900.0,20450.0,26063700
2022-07-12,18949.671875,20650.0,20650.0,20650.0,20650.0,0
2022-07-13,18995.5546875,20700.0,21100.0,20300.0,20900.0,17839400
2022-07-14,19729.68359375,21500.0,21950.0,20350.0,20500.0,23495100
2022-07-15,19362.619140625,21100.0,21750.0,21100.0,21600.0,16577600
2022-07-18,19179.0859375,20900.0,21400.0,20700.0,21300.0,18016400
2022-07-19,18949.671875,20650.0,20900.0,20100.0,20650.0,19867100
2022-07-20,19546.150390625,21300.0,21600.0,20900.0,21000.0,22292300
2022-07-21,19546.150390625,21300.0,21600.0,21100.0,21200.0,15960000
2022-07-22,19179.0859375,20900.0,21500.0,20900.0,21300.0,17909200
2022-07-25,18766.140625,20450.0,21050.0,20300.0,20700.0,18310100
2022-07-26,18582.607421875,20250.0,20700.0,20100.0,20550.0,16457400
2022-07-27,18720.2578125,20400.0,20400.0,19800.0,20000.0,17804700
2022-07-28,19408.501953125,21150.0,21350.0,20700.0,20900.0,19481100
2022-07-29,19592.033203125,21350.0,21650.0,21050.0,21300.0,20792200
2022-08-01,20922.640625,22800.0,22800.0,21350.0,21350.0,29169900
2022-08-02,21289.705078125,23200.0,23650.0,22900.0,23000.0,35526300
2022-08-03,21610.884765625,23550.0,23700.0,22850.0,22900.0,22269900
2022-08-04,21610.884765625,23550.0,23900.0,23000.0,23800.0,20941700
2022-08-05,22757.958984375,24800.0,25100.0,23250.0,23350.0,28994000
2022-08-08,22620.310546875,24650.0,25350.0,24350.0,25150.0,21251600
2022-08-09,22757.958984375,24800.0,24950.0,24350.0,24700.0,14949200
2022-08-10,22528.544921875,24550.0,25000.0,24450.0,24550.0,14584500
2022-08-11,22390.89453125,24400.0,25200.0,23800.0,24850.0,28045800
2022-08-12,22849.7265625,24900.0,24900.0,24050.0,24350.0,17178600
2022-08-15,22712.076171875,24750.0,25300.0,24600.0,25150.0,14575600
2022-08-16,22574.427734375,24600.0,25000.0,24450.0,24750.0,11764700
2022-08-17,22528.544921875,24550.0,25150.0,24500.0,24800.0,21210600
2022-08-18,23033.2578125,25100.0,25500.0,24300.0,24300.0,28626400
2022-08-19,23079.140625,25150.0,25450.0,24900.0,25100.0,15752800
2022-08-22,22666.193359375,24700.0,25350.0,24600.0,25150.0,16747900
2022-08-23,23308.5546875,25400.0,25400.0,23800.0,24300.0,32424700
2022-08-24,23170.90625,25250.0,25700.0,25150.0,25650.0,13465300
2022-08-25,23400.3203125,25500.0,26000.0,25350.0,25350.0,14782800
2022-08-26,22757.958984375,24800.0,25650.0,24800.0,25500.0,23266700
2022-08-29,22390.89453125,24400.0,24400.0,23550.0,24200.0,28608300
2022-08-30,21977.947265625,23950.0,24800.0,23900.0,24650.0,12094600
2022-08-31,22023.83203125,24000.0,24200.0,23700.0,23700.0,10846400
2022-09-01,22023.83203125,24000.0,24000.0,24000.0,24000.0,0
2022-09-02,22023.83203125,24000.0,24000.0,24000.0,24000.0,0
2022-09-05,21748.533203125,23700.0,24300.0,23700.0,24100.0,10158000
2022-09-06,21794.41796875,23750.0,24150.0,23500.0,23850.0,11026900
2022-09-07,20693.224609375,22550.0,23950.0,22550.0,23700.0,23212800
2022-09-08,20234.396484375,22050.0,23000.0,22050.0,22950.0,15977000
2022-09-09,20372.044921875,22200.0,22200.0,21300.0,22000.0,33441100
2022-09-12,20050.86328125,21850.0,22500.0,21850.0,22500.0,11998300
2022-09-13,19867.33203125,21650.0,22050.0,21200.0,21850.0,18972100
2022-09-14,20142.62890625,21950.0,22150.0,21000.0,21000.0,25849700
2022-09-15,19867.33203125,21650.0,22100.0,21600.0,22100.0,9452700
2022-09-16,19408.501953125,21150.0,21700.0,21050.0,21500.0,19466700
2022-09-19,18261.427734375,19900.0,21150.0,19900.0,21150.0,22693700
2022-09-20,18995.5546875,20700.0,20750.0,19900.0,20200.0,14145700
2022-09-21,18857.90625,20550.0,20800.0,20350.0,20500.0,8382000
2022-09-22,19362.619140625,21100.0,21200.0,20200.0,20300.0,17206400
2022-09-23,18949.671875,20650.0,21300.0,20550.0,21000.0,10814000
2022-09-26,17894.36328125,19500.0,20300.0,19250.0,20050.0,22906700
2022-09-27,17940.24609375,19550.0,20000.0,19500.0,19700.0,10953800
2022-09-28,18123.77734375,19750.0,20050.0,19400.0,19400.0,14119800
2022-09-29,17710.83203125,19300.0,20200.0,19300.0,20200.0,11341000
2022-09-30,18169.66015625,19800.0,19800.0,18300.0,19150.0,20628400
2022-10-03,16930.8203125,18450.0,19650.0,18450.0,19600.0,15843300
2022-10-04,16334.341796875,17800.0,19100.0,17600.0,18900.0,15613300
2022-10-05,17114.3515625,18650.0,18800.0,18200.0,18350.0,13616200
2022-10-06,15967.2763671875,17400.0,18650.0,17400.0,18650.0,12072300
2022-10-07,15416.681640625,16800.0,17100.0,16200.0,17050.0,24130800
2022-10-10,15967.2763671875,17400.0,17700.0,16550.0,16750.0,17618200
2022-10-11,14866.0859375,16200.0,17400.0,16200.0,17050.0,16403900
2022-10-12,15829.62890625,17250.0,17300.0,16250.0,16400.0,18582200
2022-10-13,16059.04296875,17500.0,17700.0,17000.0,17250.0,12486200
2022-10-14,16426.107421875,17900.0,18400.0,17800.0,18000.0,22036600
2022-10-17,16517.873046875,18000.0,18000.0,17250.0,17600.0,13716400
2022-10-18,16334.341796875,17800.0,18500.0,17700.0,18400.0,18797300
2022-10-19,16196.6943359375,17650.0,18000.0,17500.0,17900.0,12345400
2022-10-20,15967.2763671875,17400.0,17850.0,17250.0,17500.0,11211900
2022-10-21,14866.0859375,16200.0,17450.0,16200.0,17400.0,28076400
2022-10-24,13856.6611328125,15100.0,16400.0,15100.0,16300.0,23354200
2022-10-25,13810.7783203125,15050.0,16050.0,14300.0,15100.0,22999400
2022-10-26,13627.2451171875,14850.0,15600.0,14700.0,15300.0,9014400
2022-10-27,14544.9052734375,15850.0,15850.0,15000.0,15100.0,21710300
2022-10-28,14590.7880859375,15900.0,16400.0,15850.0,16200.0,16262500
2022-10-31,14957.8515625,16300.0,16400.0,15200.0,15900.0,20501900
2022-11-01,15554.3310546875,16950.0,17050.0,16300.0,16600.0,22328100
2022-11-02,15141.384765625,16500.0,17050.0,16500.0,16950.0,15911800
2022-11-03,15141.384765625,16500.0,16800.0,16150.0,16200.0,11302200
2022-11-04,14086.0751953125,15350.0,16300.0,15350.0,16250.0,25310800
2022-11-07,13122.5322265625,14300.0,15500.0,14300.0,15250.0,21167600
2022-11-08,13764.8955078125,15000.0,15150.0,13800.0,13800.0,16380300
2022-11-09,13673.12890625,14900.0,15600.0,14900.0,15150.0,8615900
2022-11-10,12755.4697265625,13900.0,14800.0,13900.0,14700.0,18406100
2022-11-11,12939.001953125,14100.0,14600.0,13800.0,14300.0,19859900
2022-11-14,13076.6494140625,14250.0,14500.0,13200.0,13800.0,20560100
2022-11-15,12755.4697265625,13900.0,14250.0,13300.0,14000.0,24236100
2022-11-16,13627.2451171875,14850.0,14850.0,13050.0,13100.0,26998600
2022-11-17,14499.0224609375,15800.0,15850.0,15100.0,15150.0,23384900
2022-11-18,14911.96875,16250.0,16600.0,15350.0,15750.0,34596600
2022-11-21,14774.3212890625,16100.0,16500.0,15950.0,16450.0,12527900
2022-11-22,15003.7353515625,16350.0,17000.0,15900.0,15900.0,29655000
2022-11-23,14499.0224609375,15800.0,16450.0,15800.0,16200.0,13126800
2022-11-24,14682.5546875,16000.0,16000.0,15250.0,15450.0,16226000
2022-11-25,15691.9814453125,17100.0,17100.0,16150.0,16400.0,22569200
2022-11-28,16747.2890625,18250.0,18250.0,17500.0,17500.0,32638900
2022-11-29,17389.650390625,18950.0,19150.0,18000.0,18500.0,32279800
2022-11-30,17664.947265625,19250.0,19400.0,18450.0,18700.0,29645300
2022-12-01,16701.40625,18200.0,19650.0,18200.0,19500.0,37109400
2022-12-02,17848.48046875,19450.0,19450.0,18100.0,18100.0,29326500
2022-12-05,19087.3203125,20800.0,20800.0,19800.0,20300.0,35813500
2022-12-06,17940.24609375,19550.0,20950.0,19550.0,20400.0,41336800
2022-12-07,17664.947265625,19250.0,19950.0,18900.0,19550.0,21179900
2022-12-08,18857.90625,20550.0,20550.0,19550.0,19750.0,34618000
2022-12-09,18582.607421875,20250.0,20800.0,19900.0,20700.0,18581200
2022-12-12,17573.181640625,19150.0,20750.0,19100.0,20400.0,26511100
2022-12-13,18720.2578125,20400.0,20400.0,18850.0,19150.0,25352700
2022-12-14,18444.958984375,20100.0,21000.0,20100.0,21000.0,20741200
2022-12-15,18582.607421875,20250.0,20350.0,19950.0,20100.0,15553300
2022-12-16,18812.0234375,20500.0,20600.0,20000.0,20000.0,21449000
2022-12-19,18812.0234375,20500.0,21850.0,20350.0,20500.0,41725400
2022-12-20,18169.66015625,19800.0,20750.0,19350.0,20500.0,26808800
2022-12-21,17710.83203125,19300.0,20200.0,18450.0,20200.0,26446400
2022-12-22,17527.298828125,19100.0,19550.0,18600.0,19500.0,13108700
2022-12-23,16793.171875,18300.0,19100.0,18250.0,19000.0,11363200
2022-12-26,15646.0986328125,17050.0,18300.0,17050.0,18200.0,18630300
2022-12-27,16701.40625,18200.0,18200.0,17000.0,17000.0,14748000
2022-12-28,16655.5234375,18150.0,18450.0,17800.0,18450.0,10979500
2022-12-29,16150.810546875,17600.0,18250.0,17600.0,18000.0,8747600
2022-12-30,16242.576171875,17700.0,18100.0,17600.0,17750.0,6422100
2023-01-02,16242.576171875,17700.0,17700.0,17700.0,17700.0,0
2023-01-03,17343.767578125,18900.0,18900.0,17800.0,17800.0,18046200
2023-01-04,17435.533203125,19000.0,19500.0,18950.0,19200.0,10680500
2023-01-05,17710.83203125,19300.0,19350.0,18700.0,19150.0,13309500
2023-01-06,17343.767578125,18900.0,19600.0,18900.0,19300.0,13143700
2023-01-09,17435.533203125,19000.0,19350.0,18850.0,19100.0,9711500
2023-01-10,17343.767578125,18900.0,19250.0,18450.0,19000.0,11623700
2023-01-11,17710.83203125,19300.0,19750.0,19050.0,19050.0,13973900
2023-01-12,17710.83203125,19300.0,19500.0,19100.0,19350.0,6542800
2023-01-13,17619.064453125,19200.0,19850.0,19100.0,19500.0,14327200
2023-01-16,17802.59765625,19400.0,19500.0,19100.0,19300.0,7329600
2023-01-17,18720.2578125,20400.0,20400.0,19500.0,19600.0,21992300
2023-01-18,18857.90625,20550.0,21000.0,20300.0,20500.0,19367400
2023-01-19,19454.384765625,21200.0,21250.0,20400.0,20450.0,26454500
2023-01-20,19454.384765625,21200.0,21200.0,21200.0,21200.0,0
2023-01-23,19454.384765625,21200.0,21200.0,21200.0,21200.0,0
2023-01-24,19454.384765625,21200.0,21200.0,21200.0,21200.0,0
2023-01-25,19454.384765625,21200.0,21200.0,21200.0,21200.0,0
2023-01-26,19454.384765625,21200.0,21200.0,21200.0,21200.0,0
2023-01-27,19224.970703125,20950.0,21600.0,20850.0,21500.0,19460600
2023-01-30,19270.853515625,21000.0,21700.0,20700.0,20950.0,19239700
2023-01-31,19821.44921875,21600.0,21650.0,20850.0,21150.0,17924900
2023-02-01,18490.841796875,20150.0,21850.0,20100.0,21700.0,26556600
2023-02-02,18490.841796875,20150.0,20400.0,19900.0,20300.0,11997700
2023-02-03,18123.77734375,19750.0,20300.0,19600.0,20100.0,13217100
2023-02-06,18353.193359375,20000.0,20000.0,19400.0,19600.0,11552300
2023-02-07,17481.416015625,19050.0,20350.0,19050.0,20100.0,17388300
2023-02-08,17894.36328125,19500.0,19700.0,18700.0,19400.0,12539800
2023-02-09,17756.71484375,19350.0,19750.0,19300.0,19450.0,7434300
2023-02-10,17435.533203125,19000.0,19600.0,18850.0,19350.0,9538000
2023-02-13,16976.703125,18500.0,19000.0,18150.0,18950.0,11360100
2023-02-14,17343.767578125,18900.0,18900.0,18500.0,18750.0,6180800
2023-02-15,17527.298828125,19100.0,19350.0,18800.0,18900.0,10344500
2023-02-16,17894.36328125,19500.0,19500.0,19150.0,19300.0,9828100
2023-02-17,17848.48046875,19450.0,19650.0,19200.0,19450.0,8056100
2023-02-20,19041.4375,20750.0,20750.0,19400.0,19450.0,23655300
2023-02-21,18766.140625,20450.0,20950.0,20450.0,20800.0,14060300
2023-02-22,17710.83203125,19300.0,20400.0,19300.0,20200.0,24069100
2023-02-23,18077.89453125,19700.0,19700.0,18800.0,19300.0,17946400
2023-02-24,17435.533203125,19000.0,19750.0,19000.0,19750.0,7726100
2023-02-27,16747.2890625,18250.0,18900.0,18250.0,18800.0,14834700
2023-02-28,16747.2890625,18250.0,18750.0,18200.0,18600.0,11908000
2023-03-01,17389.650390625,18950.0,19000.0,18150.0,18300.0,11380400
2023-03-02,17114.3515625,18650.0,19100.0,18650.0,19000.0,5341200
2023-03-03,16930.8203125,18450.0,18850.0,18450.0,18850.0,7382600
2023-03-06,17206.119140625,18750.0,19200.0,18750.0,18850.0,10340100
2023-03-07,17802.59765625,19400.0,19500.0,18800.0,19000.0,16202800
2023-03-08,18169.66015625,19800.0,19800.0,19000.0,19100.0,14656100
2023-03-09,18169.66015625,19800.0,20100.0,19750.0,19800.0,17709900
2023-03-10,18169.66015625,19800.0,19850.0,19450.0,19550.0,13374000
2023-03-13,18032.01171875,19650.0,19950.0,19200.0,19550.0,20540900
2023-03-14,17481.416015625,19050.0,19700.0,19000.0,19650.0,15079900
2023-03-15,18674.373046875,20350.0,20350.0,19500.0,19650.0,28458900
2023-03-16,18490.841796875,20150.0,20650.0,20150.0,20200.0,19590700
2023-03-17,18628.490234375,20300.0,20500.0,20050.0,20400.0,19301900
2023-03-20,17894.36328125,19500.0,20250.0,19500.0,20200.0,18548100
2023-03-21,18353.193359375,20000.0,20000.0,19350.0,19700.0,17547200
2023-03-22,18215.544921875,19850.0,20300.0,19850.0,20150.0,12303400
2023-03-23,18674.373046875,20350.0,20400.0,19650.0,19700.0,17493200
2023-03-24,18766.140625,20450.0,20650.0,20400.0,20450.0,18614400
2023-03-27,19270.853515625,21000.0,21400.0,20450.0,20500.0,23493200
2023-03-28,19087.3203125,20800.0,21300.0,20750.0,21200.0,18885500
2023-03-29,19316.736328125,21050.0,21100.0,20750.0,20800.0,15837600
2023-03-30,19224.970703125,20950.0,21700.0,20950.0,21500.0,23213000
2023-03-31,19729.68359375,21500.0,21700.0,20850.0,21050.0,31980500
2023-04-03,20188.51171875,22000.0,22150.0,21900.0,22000.0,31835600
2023-04-04,20647.341796875,22500.0,22700.0,21800.0,22100.0,31003800
2023-04-05,20647.341796875,22500.0,22600.0,22100.0,22400.0,18373200
2023-04-06,20050.86328125,21850.0,23000.0,21850.0,22650.0,25225900
2023-04-07,20647.341796875,22500.0,22500.0,21750.0,21900.0,25286000
2023-04-10,20555.57421875,22400.0,23200.0,22250.0,22750.0,26255600
2023-04-11,20739.107421875,22600.0,22600.0,21800.0,22400.0,25248600
2023-04-12,20188.51171875,22000.0,22700.0,21950.0,22600.0,17022900
2023-04-13,19959.09765625,21750.0,22250.0,21650.0,22100.0,17746800
2023-04-14,19454.384765625,21200.0,22050.0,21200.0,21900.0,26940800
2023-04-17,19592.033203125,21350.0,21500.0,21150.0,21200.0,12903000
2023-04-18,19959.09765625,21750.0,21750.0,21150.0,21450.0,19091400
2023-04-19,19546.150390625,21300.0,21850.0,21250.0,21800.0,13629400
2023-04-20,19362.619140625,21100.0,21400.0,21050.0,21200.0,9547400
2023-04-21,19867.33203125,21650.0,22200.0,21350.0,21400.0,30661000
2023-04-24,19729.68359375,21500.0,21900.0,21450.0,21700.0,9652100
2023-04-25,19362.619140625,21100.0,21700.0,20950.0,21650.0,18712800
2023-04-26,19592.033203125,21350.0,21350.0,20700.0,21100.0,17553400
2023-04-27,19408.501953125,21150.0,21450.0,21100.0,21400.0,9135900
2023-04-28,19775.56640625,21550.0,21550.0,21250.0,21300.0,16660000
2023-05-01,19775.56640625,21550.0,21550.0,21550.0,21550.0,0
2023-05-02,19775.56640625,21550.0,21550.0,21550.0,21550.0,0
2023-05-03,19775.56640625,21550.0,21550.0,21550.0,21550.0,0
2023-05-04,19959.09765625,21750.0,21900.0,21300.0,21350.0,16515900
2023-05-05,19683.798828125,21450.0,21800.0,21450.0,21750.0,8503400
2023-05-08,20463.810546875,22300.0,22300.0,21600.0,21650.0,28566300
2023-05-09,20417.927734375,22250.0,22450.0,22050.0,22400.0,13213400
2023-05-10,20647.341796875,22500.0,22700.0,22250.0,22250.0,19035600
2023-05-11,20555.57421875,22400.0,22900.0,22400.0,22500.0,19755500
2023-05-12,21335.587890625,23250.0,23250.0,22300.0,22350.0,27507700
2023-05-15,21014.40625,22900.0,23600.0,22900.0,23500.0,20845400
2023-05-16,21014.40625,22900.0,23150.0,22850.0,22900.0,19670500
2023-05-17,20601.458984375,22450.0,23000.0,22400.0,22900.0,22648300
2023-05-18,20922.640625,22800.0,23150.0,22450.0,22600.0,27097400
2023-05-19,21014.40625,22900.0,23300.0,22650.0,22800.0,15667300
2023-05-22,21014.40625,22900.0,23200.0,22850.0,23100.0,14775300
2023-05-23,20968.521484375,22850.0,23300.0,22800.0,23000.0,20307600
2023-05-24,20968.521484375,22850.0,22850.0,22850.0,22850.0,0
2023-05-25,20647.341796875,22500.0,22700.0,22450.0,22600.0,15722000
2023-05-26,20693.224609375,22550.0,22700.0,22500.0,22550.0,8272300
2023-05-29,21473.234375,23400.0,23450.0,22750.0,22850.0,17596200
2023-05-30,21427.353515625,23350.0,23600.0,23100.0,23500.0,14844600
2023-05-31,21243.8203125,23150.0,23500.0,23000.0,23250.0,18626100
2023-06-01,21519.119140625,23450.0,23600.0,23050.0,23200.0,16361000
2023-06-02,22115.59765625,24100.0,24350.0,23700.0,23800.0,27301900
2023-06-05,22115.59765625,24100.0,24600.0,23900.0,24450.0,18890400
2023-06-06,23079.140625,25150.0,25300.0,23900.0,24100.0,34323800
2023-06-07,23033.2578125,25100.0,25400.0,24900.0,25150.0,18172300
2023-06-08,22299.130859375,24300.0,25400.0,24300.0,25300.0,34755100
2023-06-09,23170.90625,25250.0,25250.0,24250.0,24500.0,22956500
2023-06-12,23262.671875,25350.0,25400.0,24700.0,25250.0,17308500
2023-06-13,23262.671875,25350.0,25700.0,25100.0,25500.0,18419600
2023-06-14,23308.5546875,25400.0,26200.0,25350.0,25500.0,25250900
2023-06-15,23583.853515625,25700.0,25800.0,25450.0,25500.0,14244700
2023-06-16,23950.91796875,26100.0,27200.0,26050.0,26050.0,34448400
2023-06-19,24226.212890625,26400.0,26700.0,26100.0,26300.0,15014000
2023-06-20,24245.880859375,25700.0,25950.0,24950.0,25800.0,19253600
2023-06-21,24528.908203125,26000.0,26200.0,25600.0,25700.0,19258600
2023-06-22,24528.908203125,26000.0,26000.0,26000.0,26000.0,0
2023-06-23,24528.908203125,26000.0,26200.0,25750.0,26100.0,12483200
2023-06-26,24340.22265625,25800.0,26050.0,25250.0,26000.0,17384100
2023-06-27,25094.958984375,26600.0,26750.0,25800.0,25850.0,20384500
2023-06-28,25047.7890625,26550.0,26950.0,26400.0,26600.0,16422600
2023-06-29,24010.02734375,25450.0,26650.0,25450.0,26650.0,19941700
2023-06-30,24340.22265625,25800.0,25900.0,25400.0,25500.0,14517400
2023-07-03,24245.880859375,25700.0,26100.0,25650.0,26050.0,13141200
2023-07-04,25000.615234375,26500.0,26500.0,25550.0,25700.0,24381900
2023-07-05,24717.591796875,26200.0,26700.0,26200.0,26700.0,15873600
2023-07-06,24811.93359375,26300.0,26700.0,25800.0,26200.0,26806400
2023-07-07,24953.4453125,26450.0,26450.0,25650.0,26100.0,14796500
2023-07-10,25944.03515625,27500.0,27500.0,26650.0,26650.0,30633600
2023-07-11,26462.916015625,28050.0,28450.0,27400.0,27400.0,27100700
2023-07-12,26368.57421875,27950.0,28600.0,27650.0,28300.0,23044800
2023-07-13,26793.11328125,28400.0,28500.0,28000.0,28250.0,16156700
2023-07-14,26887.455078125,28500.0,28600.0,27950.0,28500.0,16102800
2023-07-17,27170.482421875,28800.0,29200.0,28550.0,28550.0,14468100
2023-07-18,26934.626953125,28550.0,28800.0,28450.0,28800.0,12415400
2023-07-19,26887.455078125,28500.0,28900.0,28450.0,28600.0,10046700
2023-07-20,26415.74609375,28000.0,28500.0,27600.0,28500.0,28832600
2023-07-21,27123.3125,28750.0,28800.0,27850.0,28000.0,16462800
2023-07-24,27076.138671875,28700.0,29200.0,28400.0,29100.0,14535600
2023-07-25,27170.482421875,28800.0,29100.0,28500.0,28700.0,14449000
2023-07-26,27359.166015625,29000.0,29050.0,28400.0,28800.0,12780300
2023-07-27,27783.705078125,29450.0,29700.0,28900.0,29000.0,16465600
2023-07-28,28066.73046875,29750.0,29900.0,29350.0,29450.0,13130200
2023-07-31,27972.388671875,29650.0,30200.0,29350.0,29950.0,15219300
2023-08-01,27170.482421875,28800.0,29700.0,28800.0,29700.0,16376600
2023-08-02,27359.166015625,29000.0,29150.0,28600.0,28700.0,11458900
2023-08-03,26887.455078125,28500.0,29050.0,28300.0,28950.0,15210400
2023-08-04,27547.849609375,29200.0,29400.0,28500.0,28500.0,14992000
2023-08-07,28019.55859375,29700.0,29950.0,29400.0,29600.0,15093300
2023-08-08,27453.5078125,29100.0,29850.0,29000.0,29850.0,11628700
2023-08-09,26981.796875,28600.0,29200.0,28550.0,28900.0,16620200
2023-08-10,26510.087890625,28100.0,28850.0,28100.0,28600.0,23382100
2023-08-11,26557.2578125,28150.0,28300.0,27650.0,28250.0,27536000
2023-08-14,27500.677734375,29150.0,29400.0,28100.0,28450.0,30333100
2023-08-15,27076.138671875,28700.0,29200.0,28650.0,29200.0,13184400
2023-08-16,27217.65234375,28850.0,29150.0,28450.0,28650.0,14335800
2023-08-17,28255.4140625,29950.0,30600.0,29050.0,29050.0,59158400
2023-08-18,26698.7734375,28300.0,30400.0,28000.0,29700.0,46437600
2023-08-21,27217.65234375,28850.0,29150.0,28500.0,29000.0,35538400
2023-08-22,28962.978515625,30700.0,30700.0,27850.0,29000.0,51810600
2023-08-23,28679.951171875,30400.0,31150.0,30150.0,31000.0,32898700
2023-08-24,30189.423828125,32000.0,32100.0,30150.0,30300.0,38295900
2023-08-25,30378.109375,32200.0,32500.0,31650.0,31700.0,32433300
2023-08-28,30613.962890625,32450.0,32700.0,32100.0,32300.0,26966500
2023-08-29,30519.62109375,32350.0,32800.0,31700.0,32500.0,35197500
2023-08-30,31604.552734375,33500.0,33900.0,32100.0,32400.0,24980800
2023-08-31,31510.2109375,33400.0,33750.0,33300.0,33500.0,17637700
2023-09-01,31510.2109375,33400.0,33400.0,33400.0,33400.0,0
2023-09-04,31510.2109375,33400.0,33400.0,33400.0,33400.0,0
2023-09-05,31463.041015625,33350.0,33700.0,32800.0,33600.0,27135900
2023-09-06,32076.26171875,34000.0,34500.0,32950.0,33350.0,19656200
2023-09-07,31746.06640625,33650.0,34150.0,33300.0,34100.0,21471400
2023-09-08,31840.408203125,33750.0,34100.0,33400.0,33500.0,16656500
2023-09-11,31604.552734375,33500.0,34350.0,33400.0,34000.0,34427300
2023-09-12,33774.41796875,35800.0,35800.0,33500.0,33650.0,37129000
2023-09-13,33774.41796875,35800.0,36600.0,35500.0,36200.0,35639800
2023-09-14,33632.90234375,35650.0,36250.0,34900.0,35800.0,33908800
2023-09-15,33491.39453125,35500.0,36050.0,35000.0,35900.0,23626000
2023-09-18,33680.078125,35700.0,35950.0,34900.0,35000.0,25487500
2023-09-19,34151.78515625,36200.0,36200.0,35200.0,35800.0,19558300
2023-09-20,34387.640625,36450.0,37000.0,36100.0,36400.0,22951800
2023-09-21,32783.828125,34750.0,36450.0,34750.0,36400.0,49186800
2023-09-22,30755.474609375,32600.0,33950.0,32350.0,33650.0,69559100
2023-09-25,28632.78125,30350.0,33100.0,30350.0,32200.0,42948600
2023-09-26,29151.662109375,30900.0,32450.0,30300.0,31000.0,38702100
2023-09-27,31132.84375,33000.0,33000.0,30900.0,31700.0,32046400
2023-09-28,30472.44921875,32300.0,32900.0,31700.0,32800.0,27911500
2023-09-29,30000.740234375,31800.0,32900.0,31800.0,32900.0,19989100
2023-10-02,30283.767578125,32100.0,32650.0,31700.0,31800.0,17212200
2023-10-03,28491.26953125,30200.0,31650.0,30100.0,31600.0,42246000
2023-10-04,29953.5703125,31750.0,32300.0,29650.0,29800.0,33560600
2023-10-05,29859.228515625,31650.0,32400.0,31500.0,31900.0,22264000
2023-10-06,31085.671875,32950.0,32950.0,31200.0,31650.0,26498900
2023-10-09,31321.52734375,33200.0,33500.0,32400.0,32900.0,21954400
2023-10-10,30849.818359375,32700.0,33900.0,32700.0,33600.0,27779700
2023-10-11,32076.26171875,34000.0,34000.0,32550.0,32800.0,23560400
2023-10-12,31698.89453125,33600.0,34100.0,33400.0,34100.0,18148200
2023-10-13,31651.724609375,33550.0,34100.0,33000.0,33300.0,22031600
2023-10-16,30283.767578125,32100.0,33600.0,31900.0,33550.0,28362600
2023-10-17,29670.54296875,31450.0,32900.0,31450.0,32400.0,19536600
2023-10-18,29764.88671875,31550.0,32150.0,29800.0,31800.0,28495000
2023-10-19,28396.927734375,30100.0,31750.0,29800.0,31550.0,28868500
2023-10-20,29529.029296875,31300.0,31400.0,29100.0,30100.0,28197400
2023-10-23,28868.63671875,30600.0,31350.0,30400.0,30600.0,15339400
2023-10-24,29293.17578125,31050.0,31150.0,30450.0,31000.0,14254500
2023-10-25,29057.3203125,30800.0,31550.0,30800.0,31000.0,14381400
2023-10-26,27076.138671875,28700.0,29950.0,28650.0,29700.0,54159900
2023-10-27,27783.705078125,29450.0,29800.0,28750.0,29250.0,20052100
2023-10-30,25944.03515625,27500.0,29350.0,27500.0,29000.0,16792400
2023-10-31,24293.052734375,25750.0,27900.0,25650.0,27550.0,36435600
2023-11-01,25613.83984375,27150.0,27150.0,25750.0,25750.0,30977100
2023-11-02,27264.82421875,28900.0,29000.0,27500.0,27600.0,27480700
2023-11-03,27264.82421875,28900.0,29050.0,28300.0,29000.0,25384900
2023-11-06,27359.166015625,29000.0,29300.0,28800.0,29150.0,17861300
2023-11-07,26745.943359375,28350.0,29300.0,28300.0,28900.0,18329600
2023-11-08,28585.611328125,30300.0,30300.0,28300.0,28350.0,31630200
2023-11-09,29104.490234375,30850.0,31600.0,30550.0,30650.0,33982300
2023-11-10,29057.3203125,30800.0,31900.0,30550.0,30600.0,32344200
2023-11-13,29670.54296875,31450.0,31600.0,30800.0,31000.0,20864700
2023-11-14,29953.5703125,31750.0,32200.0,31350.0,31950.0,23240100
2023-11-15,30142.251953125,31950.0,32800.0,31900.0,32800.0,26908500
2023-11-16,30472.44921875,32300.0,32300.0,31350.0,31900.0,19053100
2023-11-17,29717.712890625,31500.0,32600.0,31100.0,32350.0,29287800
2023-11-20,30566.791015625,32400.0,32700.0,30650.0,30700.0,26502900
2023-11-21,30708.3046875,32550.0,32800.0,32300.0,32800.0,17289800
2023-11-22,31038.501953125,32900.0,32950.0,32300.0,32500.0,22922800
2023-11-23,29151.662109375,30900.0,33200.0,30900.0,33200.0,27082200
2023-11-24,30189.423828125,32000.0,32000.0,30700.0,31250.0,24682500
2023-11-27,29246.005859375,31000.0,32000.0,31000.0,31950.0,15100900
2023-11-28,29623.37109375,31400.0,31500.0,30200.0,31000.0,21396800
2023-11-29,29812.056640625,31600.0,31950.0,31300.0,31500.0,12215700
2023-11-30,29529.029296875,31300.0,32150.0,31300.0,31600.0,16679400
2023-12-01,30189.423828125,32000.0,32250.0,31250.0,31700.0,20043200
2023-12-04,31698.89453125,33600.0,34000.0,32550.0,32900.0,45276900
2023-12-05,31415.869140625,33300.0,33700.0,33150.0,33650.0,23475500
2023-12-06,31698.89453125,33600.0,33850.0,33250.0,33350.0,17904800
2023-12-07,30991.330078125,32850.0,33700.0,32050.0,33600.0,44212600
2023-12-08,30755.474609375,32600.0,33000.0,32300.0,32700.0,18079900
2023-12-11,30849.818359375,32700.0,33050.0,32100.0,32600.0,19996900
2023-12-12,30755.474609375,32600.0,33000.0,32500.0,32800.0,12453800
2023-12-13,30189.423828125,32000.0,32950.0,32000.0,32900.0,21549400
2023-12-14,30189.423828125,32000.0,32500.0,31900.0,32500.0,15658600
2023-12-15,30000.740234375,31800.0,32500.0,31700.0,32100.0,19871000
2023-12-18,29906.3984375,31700.0,32150.0,31650.0,31850.0,11323400
2023-12-19,30330.9375,32150.0,32150.0,31350.0,31750.0,15687700
2023-12-20,30472.44921875,32300.0,32600.0,31950.0,32150.0,13506600
2023-12-21,30378.109375,32200.0,32300.0,32000.0,32050.0,8083600
2023-12-22,30519.62109375,32350.0,32950.0,32200.0,32350.0,17457600
2023-12-25,30708.3046875,32550.0,32750.0,32100.0,32350.0,13953300
2023-12-26,30896.990234375,32750.0,32900.0,32500.0,32600.0,14005700
2023-12-27,30944.16015625,32800.0,33150.0,32800.0,32950.0,16101500
2023-12-28,31132.84375,33000.0,33150.0,32650.0,32850.0,10895900
2023-12-29,30944.16015625,32800.0,33100.0,32750.0,32950.0,12790300
2024-01-01,30944.16015625,32800.0,32800.0,32800.0,32800.0,0
2024-01-02,30661.1328125,32500.0,33200.0,32500.0,33000.0,18052300
2024-01-03,31085.671875,32950.0,32950.0,32300.0,32350.0,11408700
2024-01-04,31698.89453125,33600.0,34200.0,33000.0,33000.0,58713300
2024-01-05,32217.775390625,34150.0,34150.0,33600.0,33800.0,25137200
2024-01-08,32170.607421875,34100.0,34500.0,34000.0,34450.0,20729000
2024-01-09,32076.26171875,34000.0,34350.0,33900.0,34200.0,18985200
2024-01-10,31793.236328125,33700.0,34050.0,33350.0,33950.0,23828800
2024-01-11,31981.921875,33900.0,34400.0,33600.0,33750.0,25471700
2024-01-12,31934.75,33850.0,34000.0,33350.0,33600.0,25258800
2024-01-15,31132.84375,33000.0,34100.0,33000.0,34000.0,22246200
2024-01-16,31604.552734375,33500.0,33500.0,32750.0,33000.0,19315100
2024-01-17,31746.06640625,33650.0,34500.0,33450.0,33500.0,26218900
2024-01-18,31887.580078125,33800.0,34050.0,33650.0,33800.0,14736700
2024-01-19,31793.236328125,33700.0,34100.0,33400.0,34000.0,22389300
2024-01-22,32029.091796875,33950.0,34000.0,33400.0,33900.0,16814700
2024-01-23,31887.580078125,33800.0,34100.0,33650.0,34000.0,12564800
2024-01-24,32076.26171875,34000.0,34400.0,33700.0,33750.0,27351500
2024-01-25,32076.26171875,34000.0,34000.0,34000.0,34000.0,0
2024-01-26,32170.607421875,34100.0,34350.0,33950.0,34150.0,14288200
2024-01-29,32029.091796875,33950.0,34400.0,33850.0,34200.0,12259400
2024-01-30,32217.775390625,34150.0,34150.0,33800.0,33850.0,11905200
2024-01-31,32453.630859375,34400.0,35150.0,34200.0,34300.0,44818700
2024-02-01,32689.48828125,34650.0,34850.0,34400.0,34450.0,11153200
2024-02-02,32689.48828125,34650.0,34650.0,34650.0,34650.0,0
2024-02-05,32972.51171875,34950.0,35150.0,34500.0,34800.0,19528500
2024-02-06,33019.6796875,35000.0,35450.0,34900.0,35150.0,13195400
2024-02-07,33114.0234375,35100.0,35350.0,34900.0,35000.0,15710800
2024-02-08,33114.0234375,35100.0,35100.0,35100.0,35100.0,0
2024-02-09,33114.0234375,35100.0,35100.0,35100.0,35100.0,0
2024-02-15,33114.0234375,35100.0,35500.0,35000.0,35200.0,14888800
2024-02-16,33019.6796875,35000.0,35400.0,34900.0,35350.0,18037300
2024-02-19,33208.3671875,35200.0,35200.0,34400.0,35000.0,32834200
2024-02-20,33302.7109375,35300.0,35800.0,35250.0,35650.0,18101700
2024-02-21,32972.51171875,34950.0,35300.0,34700.0,35300.0,18553100
2024-02-22,32689.48828125,34650.0,34950.0,34550.0,34850.0,14411900
2024-02-23,32217.775390625,34150.0,34900.0,34050.0,34600.0,24143200
2024-02-26,33114.0234375,35100.0,35350.0,34050.0,34100.0,26875500
2024-02-27,33868.7578125,35900.0,36450.0,35100.0,35250.0,47040400
2024-02-28,34057.44140625,36100.0,36250.0,35650.0,36100.0,26065500
2024-02-29,34906.51953125,37000.0,37700.0,36300.0,36400.0,43188500
2024-03-01,35236.71875,37350.0,37700.0,37000.0,37400.0,21490800
2024-03-04,35048.03515625,37150.0,37850.0,37000.0,37800.0,25346200
2024-03-05,35283.890625,37400.0,37450.0,36650.0,37150.0,31386200
2024-03-06,35000.86328125,37100.0,37800.0,36700.0,37400.0,27681300
2024-03-07,35566.91796875,37700.0,37950.0,36850.0,37000.0,34060200
2024-03-08,34717.8359375,36800.0,38100.0,36800.0,37900.0,35882600
2024-03-11,34293.296875,36350.0,37150.0,36200.0,36800.0,24846500
2024-03-12,34246.12890625,36300.0,36600.0,36050.0,36350.0,21926800
2024-03-13,35802.7734375,37950.0,38100.0,36300.0,36400.0,35787800
2024-03-14,35708.42578125,37850.0,39000.0,37800.0,38050.0,39364400
2024-03-15,35661.2578125,37800.0,37900.0,37100.0,37800.0,27977200
2024-03-18,34576.32421875,36650.0,38000.0,35600.0,37850.0,48614200
2024-03-19,34104.6171875,36150.0,37000.0,36150.0,36700.0,14628400
2024-03-20,35095.203125,37200.0,37200.0,36250.0,36400.0,16364200
2024-03-21,35519.7421875,37650.0,38000.0,37500.0,37950.0,27175200
2024-03-22,35661.2578125,37800.0,38450.0,37600.0,37800.0,29818700
2024-03-25,35378.234375,37500.0,38300.0,37300.0,37850.0,24344200
2024-03-26,35849.94140625,38000.0,38200.0,37150.0,37400.0,19515300
2024-03-27,36321.6484375,38500.0,38500.0,37900.0,38300.0,18775000
2024-03-28,36934.875,39150.0,39250.0,38800.0,39000.0,26417300
2024-03-29,36321.6484375,38500.0,39100.0,38500.0,39050.0,17529500
2024-04-01,36604.67578125,38800.0,39200.0,37850.0,38500.0,31091500
2024-04-02,36699.01953125,38900.0,39000.0,38000.0,38300.0,21148300
2024-04-03,35897.11328125,38050.0,39200.0,38000.0,38800.0,25750600
2024-04-04,35519.7421875,37650.0,38200.0,37650.0,38050.0,24883900
2024-04-05,34717.8359375,36800.0,37300.0,36800.0,37150.0,31244300
2024-04-08,34623.49609375,36700.0,37000.0,36650.0,36800.0,12118300
2024-04-09,35378.234375,37500.0,37500.0,36700.0,36900.0,13235500
2024-04-10,34859.3515625,36950.0,37600.0,36950.0,37600.0,8525400
2024-04-11,35048.03515625,37150.0,37400.0,36550.0,36550.0,11888000
2024-04-12,35425.40234375,37550.0,37800.0,37050.0,37350.0,19498500
2024-04-15,32972.51171875,34950.0,37650.0,34950.0,37300.0,29936900
2024-04-16,33208.3671875,35200.0,35300.0,34100.0,35100.0,32795000
2024-04-17,32453.630859375,34400.0,35500.0,34400.0,35450.0,13931600
2024-04-19,31321.52734375,33200.0,34800.0,33050.0,33950.0,29562900
2024-04-22,33114.0234375,35100.0,35500.0,33950.0,34200.0,19499700
2024-04-23,32547.97265625,34500.0,35300.0,34300.0,35100.0,16741600
2024-04-24,33632.90234375,35650.0,35950.0,34900.0,35000.0,21326800
2024-04-25,33349.87890625,35350.0,35650.0,35100.0,35650.0,10578200
2024-04-26,33208.3671875,35200.0,35350.0,34700.0,34850.0,13819800
2024-04-29,33208.3671875,35200.0,35200.0,35200.0,35200.0,0
2024-04-30,33208.3671875,35200.0,35200.0,35200.0,35200.0,0
2024-05-02,32736.65625,34700.0,35300.0,34300.0,35200.0,12220400
2024-05-03,32689.48828125,34650.0,35300.0,34600.0,35100.0,9163900
2024-05-06,33632.90234375,35650.0,36050.0,34950.0,35000.0,16789600
2024-05-07,33538.5625,35550.0,36000.0,35400.0,35800.0,8273300
2024-05-08,33632.90234375,35650.0,35900.0,35100.0,35200.0,13710900
2024-05-09,33208.3671875,35200.0,35900.0,35050.0,35850.0,15342900
2024-05-10,33444.21875,35450.0,35500.0,35000.0,35300.0,12118500
2024-05-13,33585.734375,35600.0,35900.0,35250.0,35650.0,10272700
2024-05-14,33491.39453125,35500.0,35900.0,35350.0,35650.0,7029000
2024-05-15,33915.93359375,35950.0,36300.0,35500.0,35700.0,20293600
2024-05-16,34057.44140625,36100.0,36400.0,36050.0,36350.0,13615900
2024-05-17,34340.47265625,36400.0,36600.0,35950.0,36100.0,14815700
2024-05-20,34576.32421875,36650.0,37100.0,36500.0,36600.0,19945200
2024-05-21,34717.8359375,36800.0,36800.0,36300.0,36550.0,14037400
2024-05-22,34387.640625,36450.0,37350.0,36400.0,36800.0,22688000
2024-05-23,34623.49609375,36700.0,36700.0,35850.0,36400.0,16679200
2024-05-24,33255.5390625,35250.0,36450.0,34800.0,36300.0,28294900
2024-05-27,33114.0234375,35100.0,35500.0,34800.0,35250.0,16841300
2024-05-28,33585.734375,35600.0,35600.0,35150.0,35300.0,13044000
2024-05-29,33208.3671875,35200.0,35900.0,35100.0,35750.0,13092100
2024-05-30,32878.171875,34850.0,35050.0,34300.0,35000.0,18861700
2024-05-31,32736.65625,34700.0,35000.0,34600.0,34850.0,8441300
2024-06-03,32736.65625,34700.0,34700.0,34700.0,34700.0,0
2024-06-04,33397.05078125,35400.0,35900.0,35350.0,35400.0,11440300
2024-06-05,33397.05078125,35400.0,35800.0,35400.0,35450.0,14108600
2024-06-06,33397.05078125,35400.0,35650.0,35200.0,35600.0,8633500
2024-06-07,33444.21875,35450.0,35650.0,35300.0,35650.0,6447800
2024-06-10,33349.87890625,35350.0,35800.0,35350.0,35500.0,13313100
2024-06-11,33774.41796875,35800.0,35800.0,35250.0,35500.0,14775200
2024-06-12,34529.15625,36600.0,36600.0,35800.0,35850.0,27346000
2024-06-13,34434.8125,36500.0,36900.0,36350.0,36800.0,13008300
2024-06-14,34057.44140625,36100.0,37200.0,36100.0,36700.0,26737800
2024-06-17,33868.7578125,35900.0,36250.0,35750.0,36000.0,12551300
2024-06-18,34057.44140625,36100.0,36300.0,35850.0,36100.0,9692800
2024-06-19,34151.78515625,36200.0,36300.0,35800.0,36200.0,9768900
2024-06-20,33868.7578125,35900.0,36300.0,35400.0,36200.0,14274900
2024-06-21,33491.39453125,35500.0,36000.0,35500.0,35800.0,9055100
2024-06-24,32642.314453125,34600.0,35500.0,34200.0,35450.0,27186000
2024-06-25,32595.142578125,34550.0,34850.0,34400.0,34600.0,6523500
2024-06-26,32453.630859375,34400.0,34650.0,33600.0,34550.0,11515000
2024-06-27,32359.2890625,34300.0,34550.0,34100.0,34300.0,5308600
2024-06-28,32029.091796875,33950.0,34450.0,33750.0,34300.0,11362600
2024-07-01,31981.921875,33900.0,34100.0,33450.0,34050.0,7933900
2024-07-02,32406.458984375,34350.0,34350.0,33900.0,34050.0,7213600
2024-07-03,32500.80078125,34450.0,34600.0,34350.0,34350.0,5952500
2024-07-04,32453.630859375,34400.0,34800.0,34300.0,34450.0,5766000
2024-07-05,32689.48828125,34650.0,34650.0,34150.0,34400.0,7440000
2024-07-08,32595.142578125,34550.0,35050.0,34400.0,34800.0,7626900
2024-07-09,32689.48828125,34650.0,34900.0,34300.0,34600.0,10076200
2024-07-10,32406.458984375,34350.0,34750.0,34350.0,34700.0,5763700
2024-07-11,32830.99609375,34800.0,35150.0,34450.0,34600.0,11001000
2024-07-12,32500.80078125,34450.0,34900.0,34450.0,34800.0,5109200
2024-07-15,32359.2890625,34300.0,34700.0,34300.0,34700.0,3953500
2024-07-16,32453.630859375,34400.0,35000.0,34350.0,34500.0,7479100
2024-07-17,32217.775390625,34150.0,34950.0,33950.0,34600.0,14342000
2024-07-18,32406.458984375,34350.0,34400.0,33800.0,34350.0,9452500
2024-07-19,32830.99609375,34800.0,35200.0,34500.0,34700.0,17264600
2024-07-22,32689.48828125,34650.0,35050.0,34150.0,34750.0,10111600
2024-07-23,31934.75,33850.0,34750.0,33850.0,34650.0,12721500
2024-07-24,31038.501953125,32900.0,33900.0,31950.0,33650.0,21938000
2024-07-25,30095.08203125,31900.0,32650.0,31800.0,32300.0,16462300
2024-07-26,30283.767578125,32100.0,32300.0,31900.0,32100.0,6997600
2024-07-29,30378.109375,32200.0,32550.0,32200.0,32350.0,5697800
2024-07-30,30142.251953125,31950.0,32400.0,31900.0,32200.0,5987100
2024-07-31,30000.740234375,31800.0,32300.0,31700.0,32200.0,7852600
2024-08-01,28585.611328125,30300.0,32100.0,30000.0,32100.0,23876700
2024-08-02,29481.859375,31250.0,31350.0,29750.0,29850.0,15346200
2024-08-05,27925.216796875,29600.0,30800.0,29600.0,30650.0,22026300
2024-08-06,28868.63671875,30600.0,31000.0,29650.0,30300.0,17111000
2024-08-07,28868.63671875,30600.0,30900.0,30250.0,30900.0,6527000
2024-08-08,28302.5859375,30000.0,30700.0,29900.0,30300.0,11140000
2024-08-09,29529.029296875,31300.0,31600.0,30300.0,30550.0,14921400
2024-08-12,30189.423828125,32000.0,32000.0,31200.0,31600.0,11074900
2024-08-13,29906.3984375,31700.0,31950.0,31250.0,31950.0,9397100
2024-08-14,29623.37109375,31400.0,31850.0,31300.0,31800.0,7222100
2024-08-15,29151.662109375,30900.0,31550.0,30800.0,31400.0,9340200
2024-08-16,30849.818359375,32700.0,32700.0,31150.0,31250.0,27282400
2024-08-19,30566.791015625,32400.0,33000.0,32400.0,33000.0,9673300
2024-08-20,30802.6484375,32650.0,32950.0,32300.0,32400.0,13817500
2024-08-21,31180.013671875,33050.0,33050.0,32450.0,32650.0,12951100
2024-08-22,31227.185546875,33100.0,33250.0,32700.0,33050.0,10210700
2024-08-23,31698.89453125,33600.0,33900.0,32750.0,33200.0,15977700
2024-08-26,32029.091796875,33950.0,34300.0,33600.0,33900.0,19841200
2024-08-27,31510.2109375,33400.0,33900.0,33400.0,33550.0,9974200
2024-08-28,32123.43359375,34050.0,34250.0,33150.0,33500.0,20047900
2024-08-29,32029.091796875,33950.0,34200.0,33750.0,34100.0,8714300
2024-08-30,31793.236328125,33700.0,34000.0,33650.0,33850.0,8631800
2024-09-04,31274.35546875,33150.0,33450.0,33000.0,33150.0,10057700
2024-09-05,31227.185546875,33100.0,33750.0,32900.0,33500.0,9857300
2024-09-06,31510.2109375,33400.0,33400.0,32800.0,33100.0,9538100
2024-09-09,31038.501953125,32900.0,33350.0,32850.0,33200.0,10104900
2024-09-10,30566.791015625,32400.0,33350.0,32000.0,33100.0,13278400
2024-09-11,30661.1328125,32500.0,32600.0,31850.0,32400.0,8911200
2024-09-12,25354.400390625,26875.0,27291.666015625,26875.0,27250.0,7129920
2024-09-13,25393.70703125,26916.666015625,27250.0,26750.0,26916.666015625,13971120
2024-09-16,23966.455078125,25403.814453125,25839.08203125,25364.24609375,25562.09375,12034176
2024-09-17,24414.42578125,25878.65234375,25878.65234375,25364.24609375,25403.814453125,12207287
2024-09-18,24937.056640625,26432.62890625,26709.619140625,25957.79296875,26036.931640625,35571441
2024-09-19,25086.380859375,26590.908203125,26828.328125,26551.33984375,26709.619140625,31132324
2024-09-20,25086.380859375,26590.908203125,26788.7578125,26432.62890625,26749.1875,40025595
2024-09-23,25985.05859375,26600.0,26950.0,26450.0,26850.0,19233700
2024-09-24,25985.05859375,26600.0,26650.0,26400.0,26650.0,8610900
2024-09-25,26815.408203125,27450.0,27600.0,26700.0,26750.0,27327900
2024-09-26,26864.251953125,27500.0,27700.0,27350.0,27450.0,14945400
2024-09-27,26961.94140625,27600.0,27750.0,27400.0,27500.0,12575200
2024-09-30,27255.005859375,27900.0,28150.0,27250.0,27500.0,12749400
2024-10-01,27157.318359375,27800.0,28350.0,27800.0,28000.0,14445300
2024-10-02,26961.94140625,27600.0,27800.0,27500.0,27600.0,11820100
2024-10-03,26913.09765625,27550.0,27950.0,27350.0,27600.0,12830600
2024-10-04,26668.876953125,27300.0,27800.0,27300.0,27550.0,8506100
2024-10-07,26961.94140625,27600.0,27600.0,27250.0,27500.0,9644300
2024-10-08,26766.564453125,27400.0,27900.0,27350.0,27750.0,12340400
2024-10-09,26668.876953125,27300.0,27600.0,27100.0,27350.0,17220400
2024-10-10,26913.09765625,27550.0,27800.0,27350.0,27500.0,14886300
2024-10-11,26815.408203125,27450.0,27650.0,27350.0,27650.0,8286200
2024-10-14,27010.78515625,27650.0,28000.0,27500.0,27700.0,12591700
2024-10-15,26620.033203125,27250.0,27900.0,27250.0,27650.0,12559000
2024-10-16,26473.5,27100.0,27450.0,27050.0,27050.0,9811400
2024-10-17,26815.408203125,27450.0,27450.0,26950.0,27150.0,11043700
2024-10-18,26717.720703125,27350.0,27750.0,27350.0,27550.0,11887200
2024-10-21,26278.123046875,26900.0,27400.0,26900.0,27350.0,11792200
2024-10-22,26082.748046875,26700.0,27200.0,26700.0,26800.0,15345800
2024-10-23,26278.123046875,26900.0,27000.0,26700.0,26800.0,8135500
2024-10-24,26180.435546875,26800.0,27100.0,26800.0,26900.0,11773000
2024-10-25,26082.748046875,26700.0,26900.0,26700.0,26800.0,7953400
2024-10-28,26180.435546875,26800.0,27000.0,26650.0,26650.0,6128800
2024-10-29,26082.748046875,26700.0,27000.0,26700.0,26850.0,5358800
2024-10-30,25740.837890625,26350.0,26850.0,26200.0,26800.0,9615800
2024-10-31,25985.05859375,26600.0,26600.0,26300.0,26350.0,7085500
2024-11-01,25594.306640625,26200.0,26500.0,26050.0,26500.0,8377200
2024-11-04,25643.150390625,26250.0,26550.0,25900.0,26200.0,13413500
2024-11-05,25545.462890625,26150.0,26450.0,26150.0,26250.0,3203100
2024-11-06,25838.52734375,26450.0,26600.0,26200.0,26300.0,10676500
2024-11-07,25740.837890625,26350.0,26700.0,26350.0,26650.0,5991000
2024-11-08,25496.6171875,26100.0,26450.0,26050.0,26350.0,7720000
2024-11-11,25105.865234375,25700.0,26100.0,25550.0,26100.0,12696500
2024-11-12,25105.865234375,25700.0,26150.0,25550.0,25800.0,10035100
2024-11-13,24861.64453125,25450.0,25700.0,25250.0,25700.0,12418200
2024-11-14,24128.984375,24700.0,25450.0,24650.0,25450.0,12754600
2024-11-15,23396.322265625,23950.0,24700.0,23800.0,24700.0,25501800
2024-11-18,23738.23046875,24300.0,24600.0,23800.0,23950.0,24877000
2024-11-19,23298.634765625,23850.0,24500.0,23800.0,24350.0,10705300
2024-11-20,23738.23046875,24300.0,24700.0,23750.0,23900.0,17961700
2024-11-21,24031.294921875,24600.0,24650.0,24050.0,24300.0,14195600
2024-11-22,23787.07421875,24350.0,24600.0,24250.0,24500.0,12804200
2024-11-25,23933.607421875,24500.0,24500.0,24200.0,24400.0,10156700
2024-11-26,24031.294921875,24600.0,24900.0,24500.0,24600.0,9334300
2024-11-27,23738.23046875,24300.0,24700.0,24250.0,24600.0,9322900
2024-11-28,23738.23046875,24300.0,24550.0,24250.0,24450.0,8460700
2024-11-29,23982.451171875,24550.0,24650.0,24200.0,24300.0,9018200
2024-12-02,23884.763671875,24450.0,24750.0,24300.0,24600.0,7836700
2024-12-03,23738.23046875,24300.0,24500.0,24250.0,24450.0,12527000
2024-12-04,23494.009765625,24050.0,24300.0,24000.0,24250.0,9139300
2024-12-05,25105.865234375,25700.0,25700.0,23650.0,24100.0,35613300
2024-12-06,25740.837890625,26350.0,26450.0,25800.0,26000.0,33824400
2024-12-09,25594.306640625,26200.0,26400.0,26000.0,26300.0,18860200
2024-12-10,25643.150390625,26250.0,26400.0,26000.0,26150.0,12619100
2024-12-11,25545.462890625,26150.0,26400.0,25950.0,26300.0,12560400
2024-12-12,25398.9296875,26000.0,26450.0,26000.0,26100.0,12180000
2024-12-13,25203.552734375,25800.0,26000.0,25700.0,25950.0,10969600
2024-12-16,25496.6171875,26100.0,26200.0,25750.0,25900.0,14599300
2024-12-17,25398.9296875,26000.0,26150.0,25850.0,26100.0,6199400
2024-12-18,25594.306640625,26200.0,26200.0,25800.0,26000.0,7203300
2024-12-19,25594.306640625,26200.0,26200.0,25450.0,25800.0,30712700
2024-12-20,25643.150390625,26250.0,26250.0,25900.0,26100.0,12287800
2024-12-23,25252.3984375,25850.0,26300.0,25850.0,26200.0,7842600
2024-12-24,25350.0859375,25950.0,25950.0,25500.0,25850.0,12299200
2024-12-25,25936.21484375,26550.0,26750.0,25900.0,26000.0,26221100
2024-12-26,25740.837890625,26350.0,26600.0,26350.0,26500.0,8764400
2024-12-27,25985.05859375,26600.0,26700.0,26300.0,26400.0,16346900
2024-12-30,25838.52734375,26450.0,26900.0,26450.0,26600.0,11494000
2024-12-31,25447.7734375,26050.0,26450.0,26050.0,26450.0,8234000
2025-01-02,25350.0859375,25950.0,26350.0,25900.0,26050.0,8938200
2025-01-03,24763.95703125,25350.0,25950.0,25350.0,25900.0,16065900
2025-01-06,24324.359375,24900.0,25500.0,24850.0,25350.0,9985000
2025-01-07,23982.451171875,24550.0,25350.0,24500.0,25350.0,18563600
2025-01-08,24128.984375,24700.0,24800.0,24450.0,24500.0,9134400
2025-01-09,23835.91796875,24400.0,24950.0,24400.0,24700.0,8907600
2025-01-10,23152.1015625,23700.0,24550.0,23500.0,24300.0,21372700
2025-01-13,23591.69921875,24150.0,24300.0,23550.0,23550.0,10836600
2025-01-14,23396.322265625,23950.0,24200.0,23900.0,24200.0,8104900
2025-01-15,23591.69921875,24150.0,24350.0,24000.0,24150.0,9867500
2025-01-16,23591.69921875,24150.0,24350.0,24000.0,24150.0,9867500
2025-01-17,23982.451171875,24550.0,24600.0,24250.0,24400.0,7043000
2025-01-20,23933.607421875,24500.0,24650.0,24350.0,24650.0,6981800
2025-01-21,23884.763671875,24450.0,24800.0,24400.0,24550.0,8023600
2025-01-22,23835.91796875,24400.0,24750.0,24400.0,24500.0,9555200
2025-01-23,24568.580078125,25150.0,25250.0,24450.0,24450.0,18477200
2025-01-24,24666.267578125,25250.0,25250.0,25000.0,25100.0,9711000
2025-01-27,24666.267578125,25250.0,25250.0,25250.0,25250.0,0
2025-01-28,24666.267578125,25250.0,25250.0,25250.0,25250.0,0
2025-01-29,24666.267578125,25250.0,25250.0,25250.0,25250.0,0
2025-01-30,24666.267578125,25250.0,25250.0,25250.0,25250.0,0
2025-01-31,24666.267578125,25250.0,25250.0,25250.0,25250.0,0
2025-02-03,24226.671875,24800.0,25050.0,24750.0,24850.0,12857000
2025-02-04,24715.11328125,25300.0,25450.0,24800.0,24900.0,15668800
2025-02-05,24470.892578125,25050.0,25450.0,25050.0,25450.0,9632200
2025-02-06,24470.892578125,25050.0,25400.0,25050.0,25200.0,9261600
2025-02-07,24422.048828125,25000.0,25200.0,24950.0,25050.0,7845200
2025-02-10,24324.359375,24900.0,25150.0,24650.0,24950.0,15857200
2025-02-11,24128.984375,24700.0,25000.0,24650.0,24950.0,12930400
2025-02-12,24177.828125,24750.0,25050.0,24750.0,24800.0,6964800
2025-02-13,24226.671875,24800.0,24900.0,24700.0,24750.0,6768300
2025-02-14,24324.359375,24900.0,25300.0,24900.0,25000.0,16151100
2025-02-17,24422.048828125,25000.0,25350.0,24800.0,24900.0,18463600
2025-02-18,24568.580078125,25150.0,25300.0,25000.0,25100.0,9839100
2025-02-19,24763.95703125,25350.0,25400.0,25050.0,25250.0,15517000
2025-02-20,24666.267578125,25250.0,25550.0,25250.0,25450.0,13806600
2025-02-21,24763.95703125,25350.0,25400.0,25150.0,25200.0,11577200
2025-02-24,25252.3984375,25850.0,25850.0,25250.0,25300.0,25063000
2025-02-25,25252.3984375,25850.0,26200.0,25750.0,25900.0,28069100
2025-02-26,25252.3984375,25850.0,26100.0,25600.0,25850.0,25212900
2025-02-27,25496.6171875,26100.0,26100.0,25600.0,25950.0,17996300
2025-02-28,25691.994140625,26300.0,26800.0,26200.0,26200.0,41396500
2025-03-03,25985.05859375,26600.0,26800.0,26150.0,26300.0,25645100
2025-03-04,25740.837890625,26350.0,26600.0,26100.0,26450.0,24072400
2025-03-05,25496.6171875,26100.0,26650.0,26100.0,26400.0,27564200
2025-03-06,26278.123046875,26900.0,26950.0,26200.0,26200.0,44988800
2025-03-07,26278.123046875,26900.0,27150.0,26800.0,27100.0,22896800
2025-03-10,26033.90234375,26650.0,27250.0,26500.0,27000.0,45642300
2025-03-11,26082.748046875,26700.0,26700.0,26350.0,26350.0,26426500
2025-03-12,26082.748046875,26700.0,26950.0,26550.0,26850.0,26789200
2025-03-13,26326.96875,26950.0,27400.0,26450.0,26750.0,50816000
2025-03-14,26326.96875,26950.0,27200.0,26800.0,27000.0,29000300
2025-03-17,26375.8125,27000.0,27150.0,26850.0,27100.0,18091800
2025-03-18,26180.435546875,26800.0,27450.0,26800.0,27100.0,29540500
2025-03-19,25936.21484375,26550.0,26850.0,26500.0,26700.0,24310900
2025-03-20,25936.21484375,26550.0,26850.0,26400.0,26650.0,19539500
2025-03-21,25985.05859375,26600.0,26850.0,26500.0,26600.0,21205500
2025-03-24,26522.34375,27150.0,27150.0,26500.0,26750.0,24444800
2025-03-25,26278.123046875,26900.0,27450.0,26900.0,27300.0,23603700
2025-03-26,25887.37109375,26500.0,27050.0,26400.0,26900.0,26160400
2025-03-27,25691.994140625,26300.0,26600.0,26300.0,26500.0,15067400
2025-03-28,25740.837890625,26350.0,26550.0,26050.0,26350.0,17622200
2025-03-31,25398.9296875,26000.0,26350.0,26000.0,26150.0,19494500
2025-04-01,25447.7734375,26050.0,26250.0,25800.0,26200.0,18403500
2025-04-02,25838.52734375,26450.0,26500.0,26100.0,26150.0,15569000
2025-04-03,24031.294921875,24600.0,25800.0,24600.0,25200.0,54284800
2025-04-04,23200.9453125,23750.0,23850.0,22900.0,22900.0,82040000
2025-04-08,21589.08984375,22100.0,23100.0,22100.0,23000.0,31521000
2025-04-09,20123.767578125,20600.0,22050.0,20600.0,20600.0,73685900
2025-04-10,21491.40234375,22000.0,22000.0,22000.0,22000.0,5220200
2025-04-11,22907.880859375,23450.0,23450.0,22400.0,23000.0,65051200
2025-04-14,23542.853515625,24100.0,24100.0,23400.0,23700.0,36800400
2025-04-15,22761.349609375,23300.0,24000.0,23200.0,23800.0,26171500
2025-04-16,22468.28515625,23000.0,23600.0,23000.0,23400.0,18889600
2025-04-17,22565.97265625,23100.0,23350.0,22800.0,22800.0,18654800
2025-04-18,22810.193359375,23350.0,23950.0,23250.0,23300.0,26355500
2025-04-21,22370.595703125,22900.0,23500.0,22850.0,23400.0,18530600
2025-04-22,21735.623046875,22250.0,22900.0,21300.0,22500.0,48457200
2025-04-23,22224.064453125,22750.0,22950.0,22600.0,22950.0,13492900
2025-04-24,22468.28515625,23000.0,23150.0,22650.0,22900.0,17946000
2025-04-25,22272.908203125,22800.0,23200.0,22800.0,23200.0,15312300
2025-04-28,22517.12890625,23050.0,23150.0,22800.0,22900.0,12060400
2025-04-29,22419.439453125,22950.0,23150.0,22950.0,23150.0,9778300
2025-04-30,22419.439453125,22950.0,22950.0,22950.0,22950.0,0
2025-05-01,22419.439453125,22950.0,22950.0,22950.0,22950.0,0
2025-05-02,22419.439453125,22950.0,22950.0,22950.0,22950.0,0
2025-05-05,22419.439453125,22950.0,22950.0,22950.0,22950.0,0
2025-05-06,22565.97265625,23100.0,23450.0,23000.0,23400.0,9314500
2025-05-07,22614.81640625,23150.0,23500.0,23100.0,23200.0,16475000
2025-05-08,22321.751953125,22850.0,23150.0,22750.0,23150.0,18887200
2025-05-09,22565.97265625,23100.0,23300.0,22750.0,22950.0,18519000
2025-05-12,22565.97265625,23100.0,23100.0,23100.0,23100.0,0
2025-05-13,22663.66015625,23200.0,23200.0,22850.0,23100.0,20022500
2025-05-14,22859.037109375,23400.0,23900.0,23350.0,23550.0,25553900
2025-05-15,23347.478515625,23900.0,24200.0,23300.0,23450.0,36621500
2025-05-16,23347.478515625,23900.0,24250.0,23850.0,24150.0,23847200
2025-05-19,22810.193359375,23350.0,23700.0,23350.0,23550.0,19744300
2025-05-20,22810.193359375,23350.0,23700.0,23350.0,23550.0,19744300
2025-05-21,22956.724609375,23500.0,23650.0,23300.0,23400.0,15335600
2025-05-22,22810.193359375,23350.0,23700.0,23250.0,23550.0,24381300
2025-05-23,22810.193359375,23350.0,23900.0,23250.0,23350.0,27664700
2025-05-26,23054.4140625,23600.0,23600.0,22800.0,23450.0,20912800
2025-05-27,23054.4140625,23600.0,23600.0,22800.0,23450.0,20912800
2025-05-28,23152.1015625,23700.0,24000.0,23500.0,23700.0,24420300
2025-05-29,23152.1015625,23700.0,24200.0,23550.0,23950.0,24600300
2025-05-30,22956.724609375,23500.0,23900.0,23500.0,23850.0,14889300
2025-06-02,23152.1015625,23700.0,23700.0,23350.0,23350.0,12057800
2025-06-03,23152.1015625,23700.0,23700.0,23350.0,23350.0,12057800
2025-06-04,23933.607421875,24500.0,24850.0,24100.0,24100.0,58587500
2025-06-05,23640.54296875,24200.0,24700.0,24150.0,24700.0,19435500
2025-06-06,23396.322265625,23950.0,24300.0,23900.0,24200.0,24655300
2025-06-09,22810.193359375,23350.0,23700.0,23350.0,23650.0,15704100
2025-06-10,22810.193359375,23350.0,23700.0,23350.0,23650.0,15704100
2025-06-11,22810.193359375,23350.0,23550.0,23300.0,23400.0,13479500
2025-06-12,22956.724609375,23500.0,23600.0,23350.0,23400.0,12900900
2025-06-13,23103.2578125,23650.0,23850.0,23550.0,23600.0,13812400
2025-06-16,23298.634765625,23850.0,23850.0,23100.0,23100.0,16823100
2025-06-17,23298.634765625,23850.0,23850.0,23100.0,23100.0,16823100
2025-06-18,23298.634765625,23850.0,23950.0,23650.0,23900.0,16346700
2025-06-19,23054.4140625,23600.0,23950.0,23600.0,23850.0,21794300
2025-06-20,23347.478515625,23900.0,23950.0,23500.0,23600.0,19690200
2025-06-23,23200.9453125,23750.0,23850.0,23550.0,23700.0,15661100
2025-06-24,23200.9453125,23750.0,23850.0,23550.0,23700.0,15661100
2025-06-25,23738.23046875,24300.0,24550.0,24000.0,24150.0,48489100
2025-06-26,23933.607421875,24500.0,24800.0,24200.0,24350.0,25856200
2025-06-27,23933.607421875,24500.0,24600.0,24150.0,24500.0,18417100
2025-06-30,24128.984375,24700.0,25150.0,24700.0,25000.0,26590700
2025-07-01,24128.984375,24700.0,25150.0,24700.0,25000.0,26590700
2025-07-02,23884.763671875,24450.0,24800.0,24350.0,24750.0,15143300
2025-07-03,24910.48828125,25500.0,25800.0,24350.0,24400.0,41265000
2025-07-04,25154.708984375,25750.0,26300.0,25150.0,25500.0,58323300
2025-07-07,25691.994140625,26300.0,26450.0,26050.0,26200.0,33309100
2025-07-08,25691.994140625,26300.0,26450.0,26050.0,26200.0,33309100
2025-07-09,26424.65625,27050.0,27150.0,26250.0,26400.0,65007600
2025-07-10,27889.978515625,28550.0,28850.0,27250.0,27250.0,72536400
2025-07-11,28280.732421875,28950.0,29150.0,28600.0,28900.0,51768100
2025-07-14,29062.236328125,29750.0,29950.0,29000.0,29800.0,51458700
2025-07-15,29062.236328125,29750.0,29950.0,29000.0,29800.0,51458700
2025-07-16,29794.8984375,30500.0,31800.0,29650.0,29800.0,62849100
2025-07-17,30869.46875,31600.0,31900.0,30300.0,30500.0,47110600
2025-07-18,31162.533203125,31900.0,32100.0,31350.0,32000.0,49672400
2025-07-21,30625.248046875,31350.0,32100.0,30800.0,32050.0,55033300
2025-07-22,30625.248046875,31350.0,32100.0,30800.0,32050.0,55033300
2025-07-23,31260.220703125,32000.0,32000.0,30550.0,31000.0,61716000
2025-07-24,31504.44140625,32250.0,33350.0,31900.0,32300.0,43849400
2025-07-25,31260.220703125,32000.0,32350.0,31350.0,32300.0,43190300
2025-07-28,34972.37109375,35800.0,35850.0,34450.0,34800.0,49584700
2025-07-29,34972.37109375,35800.0,35850.0,34450.0,34800.0,49584700
2025-07-30,32530.16796875,33300.0,36200.0,33300.0,36100.0,104999100
2025-07-31,33116.296875,33900.0,34150.0,32700.0,33600.0,62743900
2025-08-01,33409.36328125,34200.0,34600.0,33100.0,34100.0,49380200
2025-08-04,33213.984375,34000.0,34000.0,32400.0,32500.0,56726000
2025-08-05,33213.984375,34000.0,34000.0,32400.0,32500.0,56726000
2025-08-06,33848.95703125,34650.0,35900.0,32500.0,34400.0,91934400
2025-08-07,34483.93359375,35300.0,35300.0,34400.0,34750.0,50091400
2025-08-08,34337.3984375,35150.0,35800.0,34750.0,35800.0,37109400
2025-08-11,36633.0703125,37500.0,37750.0,35300.0,35800.0,59260500
2025-08-12,36633.0703125,37500.0,37750.0,35300.0,35800.0,59260500
2025-08-13,35900.41015625,36750.0,37950.0,36400.0,37900.0,45373500
2025-08-14,35900.41015625,36750.0,37150.0,35600.0,37050.0,67780700
2025-08-15,35949.25390625,36800.0,37800.0,36100.0,37000.0,70443500
2025-08-18,34972.37109375,35800.0,36800.0,35650.0,36600.0,50226000
2025-08-19,34972.37109375,35800.0,36800.0,35650.0,36600.0,50226000
2025-08-20,35900.41015625,36750.0,37300.0,35500.0,35500.0,59106200
2025-08-21,35265.4375,36100.0,36800.0,34500.0,36750.0,60341100
2025-08-22,36193.4765625,37050.0,37900.0,36100.0,36200.0,72277300
2025-08-25,35802.72265625,36650.0,37800.0,35850.0,36400.0,69348200
2025-08-26,35802.72265625,36650.0,37800.0,35850.0,36400.0,69348200
2025-08-27,38293.76953125,39200.0,39200.0,36150.0,36550.0,94358400
2025-08-28,39319.49609375,40250.0,41200.0,40100.0,40450.0,59655800
2025-08-29,41029.0390625,42000.0,42000.0,40150.0,40500.0,54930700
2025-09-01,41029.0390625,42000.0,42000.0,42000.0,42000.0,0
2025-09-02,41029.0390625,42000.0,42000.0,42000.0,42000.0,0
2025-09-03,40394.06640625,41350.0,42650.0,40900.0,42200.0,54126400
2025-09-04,40394.06640625,41350.0,42650.0,40900.0,42200.0,54126400
2025-09-05,41322.10546875,42300.0,42600.0,41150.0,41600.0,33209200
2025-09-08,39270.65234375,40200.0,41600.0,40100.0,40300.0,72146900
2025-09-09,39270.65234375,40200.0,41600.0,40100.0,40300.0,72146900
2025-09-10,41029.0390625,42000.0,42000.0,39300.0,40550.0,51995900
2025-09-11,41468.63671875,42450.0,43400.0,41650.0,42800.0,43275200
2025-09-12,41468.63671875,42450.0,42600.0,39800.0,41800.0,85920600
2025-09-15,41468.63671875,42450.0,42450.0,42450.0,42450.0,0
2025-09-16,41224.41796875,42200.0,42650.0,41450.0,42100.0,40521000
2025-09-17,40638.2890625,41600.0,43000.0,41600.0,43000.0,37917500
2025-09-18,39661.40625,40600.0,41650.0,40500.0,41400.0,37920700
2025-09-19,39856.78125,40800.0,41400.0,40300.0,40850.0,26356200
2025-09-22,38391.4609375,39300.0,40750.0,39200.0,40500.0,43538600
2025-09-23,38391.4609375,39300.0,40750.0,39200.0,40500.0,43538600
2025-09-24,38489.1484375,39400.0,40100.0,39400.0,39400.0,21429500
2025-09-25,40250.0,40250.0,40250.0,38550.0,39500.0,36376800
2025-09-26,39000.0,39000.0,39650.0,39000.0,39500.0,25997200
2025-09-29,37550.0,37550.0,38200.0,37200.0,38050.0,34409300
2025-09-30,37550.0,37550.0,38200.0,37200.0,38050.0,34409300
2025-10-01,38550.0,38550.0,38800.0,37300.0,37600.0,38227200
2025-10-02,38600.0,38600.0,39200.0,38450.0,38850.0,16967100
2025-10-03,37850.0,37850.0,38950.0,37700.0,38650.0,21157600
2025-10-06,40250.0,40250.0,40250.0,38450.0,38500.0,53500100
2025-10-07,40250.0,40250.0,40250.0,38450.0,38500.0,53500100
2025-10-08,40800.0,40800.0,41350.0,40550.0,41000.0,40540800
2025-10-09,41200.0,41200.0,42500.0,40550.0,41750.0,53747600
2025-10-10,40650.0,40650.0,41300.0,40550.0,41250.0,33451500
2025-10-13,41350.0,41350.0,41700.0,40000.0,40150.0,42263800
2025-10-14,41350.0,41350.0,41700.0,40000.0,40150.0,42263800
2025-10-15,41000.0,41000.0,43300.0,41000.0,42350.0,65269200
2025-10-16,41450.0,41450.0,41750.0,40850.0,41100.0,30114300
2025-10-17,41350.0,41350.0,42250.0,41150.0,41700.0,29760800
2025-10-20,37950.0,37950.0,41800.0,37950.0,40750.0,70585900
2025-10-21,37950.0,37950.0,41800.0,37950.0,40750.0,70585900
2025-10-22,38600.0,38600.0,39500.0,36950.0,37950.0,81186900
2025-10-23,38450.0,38450.0,38800.0,37200.0,38800.0,32795900
2025-10-24,37500.0,37500.0,38650.0,37500.0,38500.0,24279700
2025-10-27,34800.0,34800.0,36550.0,34550.0,36400.0,71137600
2025-10-28,34800.0,34800.0,36550.0,34550.0,36400.0,71137600
2025-10-29,35850.0,35850.0,36000.0,34700.0,34700.0,34464100
2025-10-30,35600.0,35600.0,36200.0,35600.0,35950.0,22897000
2025-10-31,34850.0,34850.0,35850.0,34800.0,35650.0,28037300
2025-11-03,32500.0,32500.0,34550.0,32500.0,34300.0,50015100
2025-11-04,34750.0,34750.0,34750.0,32100.0,32400.0,57837700
2025-11-05,34750.0,34750.0,34750.0,32100.0,32400.0,57837700
2025-11-06,34300.0,34300.0,35050.0,34050.0,35000.0,23177900
2025-11-07,32950.0,32950.0,34200.0,32850.0,34150.0,36679200
2025-11-10,33600.0,33600.0,34850.0,32750.0,32950.0,33031200
2025-11-11,34850.0,34850.0,34950.0,33700.0,34100.0,30203900
2025-11-12,35500.0,35500.0,35850.0,34800.0,35100.0,34965500
2025-11-13,34950.0,34950.0,35550.0,34800.0,35550.0,21313000
2025-11-14,34950.0,34950.0,35350.0,34600.0,34800.0,19630000
2025-11-17,35400.0,35400.0,35450.0,34850.0,35000.0,15953500
2025-11-18,35550.0,35550.0,35950.0,35200.0,35450.0,25611500
2025-11-19,34650.0,34650.0,35450.0,34350.0,35400.0,23268600
2025-11-20,34800.0,34800.0,34950.0,34150.0,34650.0,21063700
2025-11-21,34300.0,34300.0,34550.0,34050.0,34300.0,18445600
2025-11-24,34400.0,34400.0,34900.0,34300.0,34600.0,11833000
2025-11-25,32850.0,32850.0,34300.0,32600.0,34150.0,53026500
2025-11-26,34000.0,34000.0,34050.0,32950.0,33000.0,36038100
2025-11-27,33200.0,33200.0,34150.0,33150.0,33850.0,20104000
2025-11-28,32800.0,32800.0,33450.0,32550.0,33150.0,25473600
2025-12-01,29147.287109375,29147.287109375,30194.767578125,29147.287109375,30058.138671875,31175731
2025-12-02,29420.54296875,29420.54296875,29557.169921875,28874.03125,28874.03125,34406989
2025-12-03,29466.0859375,29466.0859375,29648.255859375,29283.9140625,29511.626953125,24205669
2025-12-04,29875.96875,29875.96875,30194.767578125,29602.712890625,29648.255859375,35150688
2025-12-05,29375.0,29375.0,30058.138671875,29329.45703125,30012.59765625,51701992
2025-12-08,29400.0,29400.0,30450.0,29400.0,30000.0,31938300
2025-12-09,28750.0,28750.0,29400.0,28400.0,29350.0,30826600
2025-12-10,29250.0,29250.0,29300.0,28900.0,29000.0,12135600
2025-12-11,29050.0,29050.0,29700.0,28950.0,29350.0,11688200
2025-12-12,28100.0,28100.0,29400.0,28000.0,29300.0,21558800
2025-12-15,28400.0,28400.0,28850.0,28050.0,28050.0,18667300
2025-12-16,30250.0,30250.0,30350.0,28000.0,28600.0,32104500
2025-12-17,29650.0,29650.0,30100.0,29600.0,30000.0,13669700
2025-12-18,29650.0,29650.0,30100.0,29600.0,30000.0,13669700
2025-12-19,30800.0,30800.0,30950.0,29850.0,30000.0,42628200
2025-12-22,31450.0,31450.0,31500.0,30550.0,30900.0,29655000
2025-12-23,30800.0,30800.0,31600.0,30650.0,31450.0,26174900
2025-12-24,31350.0,31350.0,31350.0,30400.0,30700.0,22076900
2025-12-25,31350.0,31350.0,31350.0,30400.0,30700.0,22076900
2025-12-26,30750.0,30750.0,31250.0,29750.0,30250.0,31205200
2025-12-29,30500.0,30500.0,30950.0,30400.0,30800.0,11999500
2025-12-30,30600.0,30600.0,30800.0,30300.0,30500.0,11165800
2025-12-31,30250.0,30250.0,30900.0,30200.0,30650.0,13612800
2026-01-01,30250.0,30250.0,30250.0,30250.0,30250.0,0
2026-01-02,30250.0,30250.0,30250.0,30250.0,30250.0,0
2026-01-05,29150.0,29150.0,30400.0,28800.0,30400.0,31181700
2026-01-06,29650.0,29650.0,29800.0,28650.0,29150.0,24039700
2026-01-07,30100.0,30100.0,30500.0,29750.0,30000.0,24638500
2026-01-08,30550.0,30550.0,31300.0,30200.0,30200.0,43204100
2026-01-09,30350.0,30350.0,31050.0,30300.0,30950.0,29015400
2026-01-12,32450.0,32450.0,32450.0,30450.0,30450.0,55916600
2026-01-13,32750.0,32750.0,33900.0,32650.0,33550.0,50152400
2026-01-14,33350.0,33350.0,33550.0,32200.0,32800.0,58600100
2026-01-15,32650.0,32650.0,33800.0,32350.0,33300.0,42148600
2026-01-16,32650.0,32650.0,33450.0,32000.0,32900.0,40835700
2026-01-19,32650.0,32650.0,33200.0,32450.0,32600.0,23355000
2026-01-20,32600.0,32600.0,33300.0,32250.0,33000.0,27568900
2026-01-21,31700.0,31700.0,32500.0,31400.0,32250.0,45564500
2026-01-22,31900.0,31900.0,32550.0,31700.0,32050.0,23297600
2026-01-23,31900.0,31900.0,32700.0,31800.0,32200.0,26072300
2026-01-26,31000.0,31000.0,32400.0,30800.0,31750.0,25986500
2026-01-27,30850.0,30850.0,31400.0,30850.0,31000.0,17981400
2026-01-28,30950.0,30950.0,31400.0,30500.0,31000.0,24978600
2026-01-29,31150.0,31150.0,31500.0,30950.0,31050.0,11080700
2026-01-30,31150.0,31150.0,31600.0,31100.0,31200.0,18979800
2026-02-02,30800.0,30800.0,31150.0,30600.0,31150.0,20335700
2026-02-03,30900.0,30900.0,31500.0,30900.0,31000.0,27630800
2026-02-04,31550.0,31550.0,32500.0,31350.0,31400.0,32382800
2026-02-05,31000.0,31000.0,31900.0,31000.0,31700.0,15197700
2026-02-06,29900.0,29900.0,31000.0,29900.0,30700.0,37356200
2026-02-09,29600.0,29600.0,30350.0,29600.0,30250.0,14650200
2026-02-10,29950.0,29950.0,30000.0,29500.0,29600.0,19127600
2026-02-11,31200.0,31200.0,31200.0,30100.0,30150.0,22738100
2026-02-12,31250.0,31250.0,31500.0,31050.0,31250.0,11764300
2026-02-13,31400.0,31400.0,31550.0,30900.0,31100.0,19533500
2026-02-16,31400.0,31400.0,31400.0,31400.0,31400.0,0
2026-02-17,31400.0,31400.0,31400.0,31400.0,31400.0,0
2026-02-18,31400.0,31400.0,31400.0,31400.0,31400.0,0
2026-02-19,31400.0,31400.0,31400.0,31400.0,31400.0,0
2026-02-20,31400.0,31400.0,31400.0,31400.0,31400.0,0
2026-02-23,31600.0,31600.0,31850.0,31300.0,31600.0,16669300
2026-02-24,32100.0,32100.0,32800.0,31250.0,31500.0,46478100
2026-02-25,32150.0,32150.0,32700.0,31800.0,32000.0,42664700
2026-02-26,32400.0,32400.0,32700.0,32000.0,32300.0,30429600
2026-02-27,32400.0,32400.0,32950.0,32100.0,32500.0,37296900
2026-03-02,31850.0,31850.0,32800.0,31300.0,31500.0,72555400
2026-03-03,31850.0,31850.0,32800.0,31300.0,31500.0,72555400
2026-03-04,33700.0,33700.0,33700.0,31500.0,32550.0,92511300
2026-03-05,33500.0,33500.0,35000.0,33500.0,34300.0,83987900
2026-03-06,31500.0,31500.0,33200.0,31500.0,33100.0,70603700
2026-03-09,29300.0,29300.0,29450.0,29300.0,29300.0,33530000
2026-03-10,29650.0,29650.0,30500.0,29000.0,30000.0,81041100
2026-03-11,30250.0,30250.0,30800.0,29400.0,29800.0,39065300
2026-03-12,29150.0,29150.0,30100.0,28900.0,29700.0,44112200
2026-03-13,28400.0,28400.0,29200.0,28200.0,28750.0,54940600
2026-03-16,28400.0,28400.0,29250.0,28300.0,28450.0,26040700
2026-03-17,28650.0,28650.0,29450.0,28650.0,28800.0,29267400
2026-03-18,28000.0,28000.0,28900.0,27700.0,28800.0,42490600
2026-03-19,27000.0,27000.0,27600.0,26600.0,27400.0,60356700
2026-03-20,26950.0,26950.0,27300.0,26650.0,26800.0,34786500
2026-03-23,25400.0,25400.0,26350.0,25200.0,26100.0,50940700
2026-03-24,25900.0,25900.0,26500.0,25850.0,26250.0,28152600
2026-03-25,26850.0,26850.0,27250.0,26300.0,26400.0,30401000
2026-03-26,26350.0,26350.0,26850.0,26350.0,26850.0,23402600
2026-03-27,27050.0,27050.0,27200.0,26350.0,26350.0,23305300
2026-03-30,26550.0,26550.0,26900.0,26000.0,26350.0,25942100
2026-03-31,26950.0,26950.0,27300.0,26550.0,26700.0,34450800
2026-04-01,27900.0,27900.0,28500.0,27600.0,27700.0,40298800
2026-04-02,27550.0,27550.0,27950.0,27350.0,27650.0,25165800
2026-04-03,27000.0,27000.0,27800.0,27000.0,27700.0,27134200
2026-04-06,26950.0,26950.0,27500.0,26850.0,26900.0,17570600
2026-04-07,27500.0,27500.0,27500.0,26750.0,27150.0,18136200
2026-04-08,29400.0,29400.0,29400.0,28500.0,28700.0,65778300
2026-04-09,28750.0,28750.0,29250.0,28750.0,28950.0,28819900
2026-04-10,28600.0,28600.0,29150.0,28600.0,29100.0,23553100
2026-04-13,28400.0,28400.0,28750.0,28100.0,28200.0,21821900
2026-04-14,28700.0,28700.0,29100.0,28450.0,28800.0,19862500
2026-04-15,28700.0,28700.0,29150.0,28700.0,29000.0,24445200
2026-04-16,28850.0,28850.0,29100.0,28550.0,28700.0,26290000
2026-04-17,28550.0,28550.0,29150.0,28550.0,28850.0,18591300
2026-04-20,28950.0,28950.0,29200.0,28600.0,28600.0,23633700
2026-04-21,28300.0,28300.0,29100.0,28300.0,29000.0,21645600
2026-04-22,28150.0,28150.0,28450.0,28100.0,28400.0,14751100
2026-04-23,27950.0,27950.0,28500.0,27550.0,28200.0,22078700
2026-04-24,27700.0,27700.0,28000.0,27550.0,27900.0,10867000
2026-04-27,27700.0,27700.0,27700.0,27700.0,27700.0,0
2026-04-28,27650.0,27650.0,28050.0,27650.0,27800.0,10748300
2026-04-29,27650.0,27650.0,27900.0,27650.0,27700.0,12241100
2026-04-30,27650.0,27650.0,27650.0,27650.0,27650.0,0
2026-05-01,27650.0,27650.0,27650.0,27650.0,27650.0,0
2026-05-04,27700.0,27700.0,28150.0,27700.0,27850.0,12736100
2026-05-05,27300.0,27300.0,27750.0,27300.0,27600.0,14283800
2026-05-06,28500.0,28500.0,28700.0,27450.0,27550.0,27728100
2026-05-07,28350.0,28350.0,28800.0,28300.0,28750.0,19095400
2026-05-08,28300.0,28300.0,28600.0,28200.0,28350.0,14968800
2026-05-11,28300.0,28300.0,28800.0,28250.0,28450.0,23117900
2026-05-12,28050.0,28050.0,28400.0,28050.0,28300.0,12398600
2026-05-13,27800.0,27800.0,28350.0,27650.0,28250.0,19129300
2026-05-14,28100.0,28100.0,28150.0,27800.0,27800.0,11585200
2026-05-15,27900.0,27900.0,28350.0,27850.0,28200.0,13001900
2026-05-18,28150.0,28150.0,28250.0,27650.0,27800.0,14829800
2026-05-19,27800.0,27800.0,28750.0,27650.0,28300.0,38484800
2026-05-20,27250.0,27250.0,27900.0,26500.0,27800.0,24522900
2026-05-21,27100.0,27100.0,27550.0,27050.0,27400.0,16608400
2026-05-22,27550.0,27550.0,27950.0,26800.0,27150.0,23547100
2026-05-25,27450.0,27450.0,27850.0,27450.0,27750.0,8008600
2026-05-26,28000.0,28000.0,28100.0,27400.0,27400.0,19099000
2026-05-27,27900.0,27900.0,28200.0,27850.0,28100.0,10100600
2026-05-28,27550.0,27550.0,28200.0,27550.0,27900.0,15081800
2026-05-29,27500.0,27500.0,28000.0,27450.0,27600.0,11716200
2026-06-01,27450.0,27450.0,27950.0,27350.0,27500.0,11686600
2026-06-02,27000.0,27000.0,27700.0,26950.0,27450.0,16935800
2026-06-03,27300.0,27300.0,27550.0,26900.0,27000.0,14765000
2026-06-04,27100.0,27100.0,27400.0,27000.0,27350.0,10177200
2026-06-05,27000.0,27000.0,27250.0,26900.0,27150.0,9213800
2026-06-08,26350.0,26350.0,26850.0,26350.0,26800.0,19026300
2026-06-09,26500.0,26500.0,26800.0,26250.0,26400.0,11329000
2026-06-10,26550.0,26550.0,26750.0,26350.0,26500.0,9106800
2026-06-11,26300.0,26300.0,26550.0,26300.0,26400.0,7448000
2026-06-12,26150.0,26150.0,26800.0,26150.0,26700.0,14197600
2026-06-15,27050.0,27050.0,27200.0,26600.0,26700.0,24099500
2026-06-16,27600.0,27600.0,27800.0,27050.0,27200.0,23188300
2026-06-17,27700.0,27700.0,27900.0,27450.0,27650.0,15137200
2026-06-18,27500.0,27500.0,28000.0,27500.0,27700.0,12751400
2026-06-19,27150.0,27150.0,27650.0,27150.0,27500.0,13627200
2026-06-22,27200.0,27200.0,27450.0,26900.0,27200.0,9667000
2026-06-23,26850.0,26850.0,27450.0,26850.0,27250.0,16483200
2026-06-24,26700.0,26700.0,26950.0,26550.0,26900.0,10242700
2026-06-25,26500.0,26500.0,26850.0,26500.0,26800.0,10261700
2026-06-26,26400.0,26400.0,26600.0,26250.0,26500.0,9388400
2026-06-29,26600.0,26600.0,26750.0,26500.0,26500.0,7299300
2026-06-30,26750.0,26750.0,27150.0,26600.0,26650.0,14723800
2026-07-01,26750.0,26750.0,27150.0,26600.0,26650.0,14723800
2026-07-02,27100.0,27100.0,27500.0,27100.0,27250.0,13087400
2026-07-03,27350.0,27350.0,27500.0,26950.0,27250.0,20102700
2026-07-06,26750.0,26750.0,27700.0,26300.0,27500.0,18215100
2026-07-07,27150.0,27150.0,27150.0,26450.0,26750.0,15256800
2026-07-08,27200.0,27200.0,27800.0,27100.0,27150.0,21899300
2026-07-09,26950.0,26950.0,27250.0,26800.0,27100.0,10590400
2026-07-10,26550.0,26550.0,27050.0,26500.0,27000.0,15212300
2026-07-13,25650.0,25650.0,26500.0,25100.0,26500.0,35125700
2026-07-14,25550.0,25550.0,25850.0,25000.0,25250.0,17962100
2026-07-15,24700.0,24700.0,25750.0,24700.0,25450.0,19919600
2026-07-16,25000.0,25000.0,25000.0,23700.0,24500.0,34764700
2026-07-17,24250.0,24250.0,25000.0,24250.0,25000.0,11592700
2026-07-20,22700.0,22700.0,24050.0,22700.0,23900.0,36253800
2026-07-21,23200.0,23200.0,23700.0,22600.0,22600.0,22996700
2026-07-22,22650.0,22650.0,23650.0,22400.0,23250.0,34754400
2026-07-23,23550.0,23550.0,24000.0,22200.0,22550.0,29879100
2026-07-24,22800.0,22800.0,23300.0,22800.0,23150.0,17654300
2026-07-27,22000.0,22000.0,23150.0,22000.0,23050.0,16500400
2026-07-28,23000.0,23000.0,23300.0,21700.0,21800.0,30411300
2026-07-29,23250.0,23250.0,23550.0,23000.0,23300.0,18807400
2026-07-30,24000.0,24000.0,24300.0,23200.0,23350.0,29015800
