date,Adj Close,Close,High,Low,Open,Volume
2016-01-04,12595.6435546875,14252.294921875,14675.6298828125,14252.294921875,14675.6298828125,1444627
2016-01-05,12533.2890625,14181.73828125,14393.40625,14111.1826171875,14252.294921875,1565113
2016-01-06,12595.6435546875,14252.294921875,14322.8505859375,14111.1826171875,14111.1826171875,1268780
2016-01-07,12034.4521484375,13617.291015625,14252.294921875,13405.623046875,14181.73828125,3661422
2016-01-08,11722.6796875,13264.51171875,13617.291015625,12911.732421875,13617.291015625,1725964
2016-01-11,11847.38671875,13405.623046875,13617.291015625,13335.0673828125,13405.623046875,1279198
2016-01-12,12034.4521484375,13617.291015625,13617.291015625,13405.623046875,13405.623046875,872542
2016-01-13,11847.38671875,13405.623046875,13758.4033203125,13335.0673828125,13687.8466796875,749108
2016-01-14,11535.615234375,13052.84375,13335.0673828125,12982.2880859375,13264.51171875,1580306
2016-01-15,11099.1318359375,12558.9521484375,13264.51171875,12558.9521484375,13052.84375,1890699
2016-01-18,10350.875,11712.28125,12276.728515625,11712.28125,12276.728515625,5193795
2016-01-19,10662.6494140625,12065.0615234375,12135.6171875,11712.28125,11712.28125,2277215
2016-01-20,10537.939453125,11923.94921875,12065.0615234375,11853.3935546875,12065.0615234375,1077329
2016-01-21,9852.0390625,11147.833984375,11923.94921875,11147.833984375,11853.3935546875,3826369
2016-01-22,9353.201171875,10583.38671875,11218.390625,10371.71875,11147.833984375,7620282
2016-01-25,9976.7470703125,11288.9462890625,11288.9462890625,10936.1669921875,11006.72265625,2784344
2016-01-26,10288.5205078125,11641.7255859375,11853.3935546875,10936.1669921875,11500.6142578125,3795670
2016-01-27,10725.0048828125,12135.6171875,12206.1728515625,11571.169921875,11641.7255859375,3280547
2016-01-28,10288.5205078125,11641.7255859375,12347.28515625,11641.7255859375,12347.28515625,2626413
2016-01-29,10475.583984375,11853.3935546875,11923.94921875,11571.169921875,11641.7255859375,2500810
2016-02-01,10163.8115234375,11500.6142578125,11923.94921875,11500.6142578125,11641.7255859375,2305561
2016-02-02,10101.4560546875,11430.0576171875,11853.3935546875,11288.9462890625,11500.6142578125,1168633
2016-02-03,10226.1669921875,11571.169921875,11571.169921875,11288.9462890625,11359.501953125,1018610
2016-02-04,10101.4560546875,11430.0576171875,11712.28125,11430.0576171875,11641.7255859375,1558154
2016-02-05,10226.1669921875,11571.169921875,11571.169921875,11359.501953125,11430.0576171875,695547
2016-02-15,10226.1669921875,11571.169921875,11641.7255859375,11359.501953125,11500.6142578125,641888
2016-02-16,10163.8115234375,11500.6142578125,11641.7255859375,11430.0576171875,11641.7255859375,1107263
2016-02-17,9976.7470703125,11288.9462890625,11500.6142578125,11288.9462890625,11500.6142578125,2142612
2016-02-18,10039.1005859375,11359.501953125,11571.169921875,11359.501953125,11430.0576171875,1811201
2016-02-19,10288.5205078125,11641.7255859375,11782.837890625,11359.501953125,11430.0576171875,2335424
2016-02-22,10725.0048828125,12135.6171875,12135.6171875,11712.28125,11782.837890625,3186012
2016-02-23,10600.294921875,11994.5048828125,12276.728515625,11923.94921875,12206.1728515625,2653073
2016-02-24,11286.197265625,12770.6201171875,12770.6201171875,11853.3935546875,11923.94921875,8193005
2016-02-25,11410.9052734375,12911.732421875,13405.623046875,12770.6201171875,13123.3994140625,4626826
2016-02-26,11473.259765625,12982.2880859375,13193.9560546875,12841.17578125,13052.84375,2570443
2016-02-29,11036.7763671875,12488.396484375,12911.732421875,12488.396484375,12841.17578125,3520867
2016-03-01,11036.7763671875,12488.396484375,12770.6201171875,12488.396484375,12488.396484375,2645178
2016-03-02,11410.9052734375,12911.732421875,12911.732421875,12629.5087890625,12700.064453125,2567183
2016-03-03,11348.5498046875,12841.17578125,12982.2880859375,12700.064453125,12911.732421875,1806297
2016-03-04,11286.197265625,12770.6201171875,12911.732421875,12770.6201171875,12841.17578125,1672715
2016-03-07,11161.4873046875,12629.5087890625,12841.17578125,12629.5087890625,12841.17578125,2428868
2016-03-08,11099.1318359375,12558.9521484375,12700.064453125,12488.396484375,12629.5087890625,2105337
2016-03-09,10849.7138671875,12276.728515625,12629.5087890625,12206.1728515625,12558.9521484375,1753205
2016-03-10,11036.7763671875,12488.396484375,12488.396484375,12276.728515625,12417.8408203125,1349156
2016-03-11,11036.7763671875,12488.396484375,12700.064453125,12488.396484375,12629.5087890625,1841744
2016-03-14,11036.7763671875,12488.396484375,12629.5087890625,12417.8408203125,12558.9521484375,1372400
2016-03-15,10912.068359375,12347.28515625,12488.396484375,12276.728515625,12488.396484375,1713123
2016-03-16,11036.7763671875,12488.396484375,12558.9521484375,12276.728515625,12347.28515625,1982356
2016-03-17,11036.7763671875,12488.396484375,12629.5087890625,12488.396484375,12558.9521484375,1375632
2016-03-18,10974.4228515625,12417.8408203125,12488.396484375,12206.1728515625,12488.396484375,1352544
2016-03-21,10974.4228515625,12417.8408203125,12629.5087890625,12417.8408203125,12488.396484375,2075063
2016-03-22,10787.3583984375,12206.1728515625,12417.8408203125,12206.1728515625,12417.8408203125,1862140
2016-03-23,10974.4228515625,12417.8408203125,12417.8408203125,12206.1728515625,12206.1728515625,1409236
2016-03-24,10725.0048828125,12135.6171875,12347.28515625,12135.6171875,12347.28515625,1336542
2016-03-25,10787.3583984375,12206.1728515625,12206.1728515625,11923.94921875,12135.6171875,2088017
2016-03-28,10725.0048828125,12135.6171875,12276.728515625,12065.0615234375,12276.728515625,822496
2016-03-29,10537.939453125,11923.94921875,12135.6171875,11923.94921875,11994.5048828125,989059
2016-03-30,10537.939453125,11923.94921875,11994.5048828125,11782.837890625,11923.94921875,1168066
2016-03-31,10413.2294921875,11782.837890625,12135.6171875,11782.837890625,12065.0615234375,1090525
2016-04-01,10350.875,11712.28125,11994.5048828125,11712.28125,11853.3935546875,1682948
2016-04-04,10288.5205078125,11641.7255859375,11994.5048828125,11641.7255859375,11712.28125,1084218
2016-04-05,10350.875,11712.28125,11782.837890625,11641.7255859375,11641.7255859375,619891
2016-04-06,10537.939453125,11923.94921875,11923.94921875,11712.28125,11712.28125,1697278
2016-04-07,10537.939453125,11923.94921875,11994.5048828125,11853.3935546875,11994.5048828125,642029
2016-04-08,10475.583984375,11853.3935546875,11923.94921875,11853.3935546875,11923.94921875,368261
2016-04-11,10413.2294921875,11782.837890625,11923.94921875,11641.7255859375,11853.3935546875,1859518
2016-04-12,10101.4560546875,11430.0576171875,11712.28125,11359.501953125,11641.7255859375,2174062
2016-04-13,9852.0390625,11147.833984375,11359.501953125,10936.1669921875,11288.9462890625,2955117
2016-04-14,9914.3935546875,11218.390625,11500.6142578125,11077.2783203125,11147.833984375,2328040
2016-04-15,9976.7470703125,11288.9462890625,11430.0576171875,11218.390625,11430.0576171875,994048
2016-04-19,9727.330078125,11006.72265625,11218.390625,11006.72265625,11218.390625,1558721
2016-04-20,9789.68359375,11077.2783203125,11218.390625,11006.72265625,11077.2783203125,1513395
2016-04-21,9914.3935546875,11218.390625,11218.390625,11006.72265625,11147.833984375,1211393
2016-04-22,10600.294921875,11994.5048828125,11994.5048828125,11077.2783203125,11147.833984375,3992606
2016-04-25,10912.068359375,12347.28515625,12700.064453125,12347.28515625,12347.28515625,5606248
2016-04-26,10787.3583984375,12206.1728515625,12347.28515625,12065.0615234375,12347.28515625,1355704
2016-04-27,10600.294921875,11994.5048828125,12276.728515625,11853.3935546875,12276.728515625,1733192
2016-04-28,10288.5205078125,11641.7255859375,12065.0615234375,11641.7255859375,11994.5048828125,1228061
2016-04-29,10912.068359375,12347.28515625,12347.28515625,11641.7255859375,11641.7255859375,4306726
2016-05-04,10787.3583984375,12206.1728515625,12488.396484375,11994.5048828125,12206.1728515625,2021233
2016-05-05,11036.7763671875,12488.396484375,12700.064453125,12135.6171875,12135.6171875,4300504
2016-05-06,11286.197265625,12770.6201171875,12982.2880859375,12488.396484375,12488.396484375,6184485
2016-05-09,11099.1318359375,12558.9521484375,12982.2880859375,12488.396484375,12841.17578125,2997735
2016-05-10,11410.9052734375,12911.732421875,13052.84375,12347.28515625,12488.396484375,5266844
2016-05-11,11597.9697265625,13123.3994140625,13193.9560546875,12982.2880859375,13052.84375,4423583
2016-05-12,11660.326171875,13193.9560546875,13193.9560546875,12982.2880859375,13193.9560546875,3047214
2016-05-13,11660.326171875,13193.9560546875,13335.0673828125,13052.84375,13123.3994140625,4399376
2016-05-16,11597.9697265625,13123.3994140625,13264.51171875,13052.84375,13123.3994140625,2229933
2016-05-17,11847.38671875,13405.623046875,13546.7353515625,13193.9560546875,13264.51171875,4549058
2016-05-18,11847.38671875,13405.623046875,13617.291015625,13335.0673828125,13405.623046875,2814363
2016-05-19,11597.9697265625,13123.3994140625,13405.623046875,13123.3994140625,13335.0673828125,1369367
2016-05-20,11410.9052734375,12911.732421875,13264.51171875,12841.17578125,13123.3994140625,2802033
2016-05-23,11161.4873046875,12629.5087890625,12982.2880859375,12629.5087890625,12911.732421875,2168081
2016-05-24,11161.4873046875,12629.5087890625,12770.6201171875,12488.396484375,12629.5087890625,2331059
2016-05-25,11161.4873046875,12629.5087890625,12841.17578125,12629.5087890625,12700.064453125,1330235
2016-05-26,10912.068359375,12347.28515625,12629.5087890625,12276.728515625,12558.9521484375,2271078
2016-05-27,11099.1318359375,12558.9521484375,12558.9521484375,12206.1728515625,12347.28515625,2078550
2016-05-30,11286.197265625,12770.6201171875,12841.17578125,12488.396484375,12558.9521484375,937313
2016-05-31,11348.5498046875,12841.17578125,12982.2880859375,12770.6201171875,12841.17578125,2569990
2016-06-01,11410.9052734375,12911.732421875,12982.2880859375,12700.064453125,12700.064453125,1464030
2016-06-02,11535.615234375,13052.84375,13052.84375,12841.17578125,12911.732421875,1183444
2016-06-03,11410.9052734375,12911.732421875,13123.3994140625,12911.732421875,13052.84375,1581072
2016-06-06,11348.5498046875,12841.17578125,12911.732421875,12700.064453125,12911.732421875,1535349
2016-06-07,11286.197265625,12770.6201171875,12911.732421875,12700.064453125,12911.732421875,1629204
2016-06-08,11410.9052734375,12911.732421875,13052.84375,12700.064453125,12700.064453125,2408401
2016-06-09,11722.6796875,13264.51171875,13335.0673828125,12841.17578125,12911.732421875,4171882
2016-06-10,11597.9697265625,13123.3994140625,13405.623046875,13123.3994140625,13193.9560546875,5577576
2016-06-13,11410.9052734375,12911.732421875,13123.3994140625,12841.17578125,13052.84375,1256677
2016-06-14,11286.197265625,12770.6201171875,12911.732421875,12700.064453125,12770.6201171875,1580590
2016-06-15,11286.197265625,12770.6201171875,12911.732421875,12700.064453125,12700.064453125,1230088
2016-06-16,11223.841796875,12700.064453125,12911.732421875,12700.064453125,12841.17578125,1161334
2016-06-17,11223.841796875,12700.064453125,12770.6201171875,12488.396484375,12700.064453125,1367837
2016-06-20,11223.841796875,12700.064453125,12700.064453125,12558.9521484375,12629.5087890625,844691
2016-06-21,11223.841796875,12700.064453125,12841.17578125,12629.5087890625,12841.17578125,816104
2016-06-22,11161.4873046875,12629.5087890625,12700.064453125,12558.9521484375,12700.064453125,526235
2016-06-23,11223.841796875,12700.064453125,12770.6201171875,12558.9521484375,12629.5087890625,1083537
2016-06-24,11036.7763671875,12488.396484375,12629.5087890625,11923.94921875,12629.5087890625,2744645
2016-06-27,10912.068359375,12347.28515625,12347.28515625,12065.0615234375,12206.1728515625,1133838
2016-06-28,10912.068359375,12347.28515625,12347.28515625,12135.6171875,12347.28515625,498498
2016-06-29,10974.4228515625,12417.8408203125,12558.9521484375,12276.728515625,12347.28515625,1535704
2016-06-30,10912.068359375,12347.28515625,12488.396484375,12276.728515625,12417.8408203125,906472
2016-07-01,10849.7138671875,12276.728515625,12417.8408203125,12206.1728515625,12276.728515625,1117539
2016-07-04,10912.068359375,12347.28515625,12347.28515625,12065.0615234375,12276.728515625,2205017
2016-07-05,11223.841796875,12700.064453125,12841.17578125,12276.728515625,12347.28515625,2928656
2016-07-06,11161.4873046875,12629.5087890625,12629.5087890625,12488.396484375,12558.9521484375,847894
2016-07-07,11161.4873046875,12629.5087890625,12629.5087890625,12488.396484375,12558.9521484375,853351
2016-07-08,11099.1318359375,12558.9521484375,12629.5087890625,12206.1728515625,12629.5087890625,1795356
2016-07-11,11099.1318359375,12558.9521484375,12770.6201171875,12347.28515625,12558.9521484375,2852078
2016-07-12,11099.1318359375,12558.9521484375,12629.5087890625,12417.8408203125,12629.5087890625,974602
2016-07-13,11535.615234375,13052.84375,13193.9560546875,12558.9521484375,12558.9521484375,6133830
2016-07-14,11597.9697265625,13123.3994140625,13476.1796875,13123.3994140625,13123.3994140625,6116283
2016-07-15,11535.615234375,13052.84375,13123.3994140625,12911.732421875,13052.84375,1591872
2016-07-18,11597.9697265625,13123.3994140625,13193.9560546875,12770.6201171875,12911.732421875,2950964
2016-07-19,11223.841796875,12700.064453125,13123.3994140625,12558.9521484375,13123.3994140625,3909594
2016-07-20,11036.7763671875,12488.396484375,12770.6201171875,12488.396484375,12700.064453125,1932254
2016-07-21,11036.7763671875,12488.396484375,12629.5087890625,12417.8408203125,12488.396484375,2417189
2016-07-22,11036.7763671875,12488.396484375,12488.396484375,12206.1728515625,12417.8408203125,2848109
2016-07-25,10974.4228515625,12417.8408203125,12558.9521484375,12347.28515625,12488.396484375,823828
2016-07-26,10912.068359375,12347.28515625,12488.396484375,12276.728515625,12417.8408203125,1216751
2016-07-27,10912.068359375,12347.28515625,12347.28515625,12347.28515625,12347.28515625,0
2016-07-28,10974.4228515625,12417.8408203125,12558.9521484375,12347.28515625,12417.8408203125,710911
2016-07-29,10974.4228515625,12417.8408203125,12417.8408203125,12276.728515625,12347.28515625,1141236
2016-08-01,10974.4228515625,12417.8408203125,12558.9521484375,12276.728515625,12558.9521484375,1003303
2016-08-02,10662.6494140625,12065.0615234375,12347.28515625,11994.5048828125,12347.28515625,1657834
2016-08-03,10662.6494140625,12065.0615234375,12135.6171875,11853.3935546875,12135.6171875,1867256
2016-08-04,10537.939453125,11923.94921875,12135.6171875,11923.94921875,12065.0615234375,1599072
2016-08-05,10413.2294921875,11782.837890625,11853.3935546875,11500.6142578125,11782.837890625,2396638
2016-08-08,10350.875,11712.28125,11712.28125,11430.0576171875,11641.7255859375,2199659
2016-08-09,10288.5205078125,11641.7255859375,11782.837890625,11571.169921875,11712.28125,736862
2016-08-10,10537.939453125,11923.94921875,11923.94921875,11500.6142578125,11500.6142578125,1627319
2016-08-11,10787.3583984375,12206.1728515625,12206.1728515625,11782.837890625,11923.94921875,1741725
2016-08-12,10662.6494140625,12065.0615234375,12206.1728515625,11853.3935546875,12065.0615234375,616248
2016-08-15,10662.6494140625,12065.0615234375,12065.0615234375,11853.3935546875,11923.94921875,896919
2016-08-16,10537.939453125,11923.94921875,12065.0615234375,11853.3935546875,12065.0615234375,1173452
2016-08-17,10537.939453125,11923.94921875,11994.5048828125,11782.837890625,11923.94921875,404218
2016-08-18,10413.2294921875,11782.837890625,11853.3935546875,11641.7255859375,11853.3935546875,1904220
2016-08-19,10350.875,11712.28125,11782.837890625,11500.6142578125,11782.837890625,2876371
2016-08-22,10288.5205078125,11641.7255859375,11712.28125,11571.169921875,11571.169921875,1782954
2016-08-23,10288.5205078125,11641.7255859375,11641.7255859375,11500.6142578125,11571.169921875,1280332
2016-08-24,10163.8115234375,11500.6142578125,11641.7255859375,11430.0576171875,11641.7255859375,2285180
2016-08-25,10163.8115234375,11500.6142578125,11571.169921875,11359.501953125,11500.6142578125,996656
2016-08-26,10226.1669921875,11571.169921875,11782.837890625,11500.6142578125,11571.169921875,1838641
2016-08-29,10288.5205078125,11641.7255859375,11712.28125,11571.169921875,11641.7255859375,1547184
2016-08-30,10288.5205078125,11641.7255859375,11641.7255859375,11500.6142578125,11571.169921875,660766
2016-08-31,10226.1669921875,11571.169921875,11641.7255859375,11500.6142578125,11571.169921875,1041613
2016-09-01,10226.1669921875,11571.169921875,11571.169921875,11359.501953125,11571.169921875,1276193
2016-09-05,10226.1669921875,11571.169921875,11571.169921875,11218.390625,11500.6142578125,1851439
2016-09-06,10039.1005859375,11359.501953125,11500.6142578125,11359.501953125,11359.501953125,1174600
2016-09-07,10039.1005859375,11359.501953125,11430.0576171875,11218.390625,11359.501953125,1884406
2016-09-08,10163.8115234375,11500.6142578125,11500.6142578125,11288.9462890625,11500.6142578125,767674
2016-09-09,10163.8115234375,11500.6142578125,11500.6142578125,11430.0576171875,11430.0576171875,634801
2016-09-12,10163.8115234375,11500.6142578125,11606.447265625,11359.501953125,11571.169921875,1156373
2016-09-13,10101.4560546875,11430.0576171875,11500.6142578125,11359.501953125,11430.0576171875,676739
2016-09-14,9914.3935546875,11218.390625,11359.501953125,11218.390625,11288.9462890625,924585
2016-09-15,9914.3935546875,11218.390625,11288.9462890625,11112.556640625,11218.390625,1298473
2016-09-16,9883.216796875,11183.1123046875,11218.390625,11006.72265625,11218.390625,1075260
2016-09-19,9852.0390625,11147.833984375,11253.66796875,11112.556640625,11218.390625,521302
2016-09-20,9976.7470703125,11288.9462890625,11288.9462890625,10971.4443359375,11112.556640625,1393490
2016-09-21,10039.1005859375,11359.501953125,11500.6142578125,11147.833984375,11147.833984375,1360807
2016-09-22,10007.923828125,11324.2236328125,11500.6142578125,11288.9462890625,11359.501953125,712583
2016-09-23,10007.923828125,11324.2236328125,11324.2236328125,11183.1123046875,11324.2236328125,1067720
2016-09-26,9945.5703125,11253.66796875,11324.2236328125,11147.833984375,11324.2236328125,1099397
2016-09-27,10475.583984375,11853.3935546875,11853.3935546875,11147.833984375,11147.833984375,6376701
2016-09-28,10818.5361328125,12241.451171875,12241.451171875,11782.837890625,11853.3935546875,5087142
2016-09-29,10600.294921875,11994.5048828125,12206.1728515625,11818.115234375,12206.1728515625,1800231
2016-09-30,10600.294921875,11994.5048828125,12065.0615234375,11747.5595703125,11782.837890625,2370701
2016-10-03,10600.294921875,11994.5048828125,12065.0615234375,11818.115234375,11994.5048828125,2376980
2016-10-04,10662.6494140625,12065.0615234375,12241.451171875,11888.6708984375,11923.94921875,2387524
2016-10-05,10787.3583984375,12206.1728515625,12312.0068359375,11994.5048828125,12065.0615234375,2263849
2016-10-06,10787.3583984375,12206.1728515625,12241.451171875,12029.783203125,12170.89453125,3512660
2016-10-07,10600.294921875,11994.5048828125,12206.1728515625,11959.2275390625,12135.6171875,1282769
2016-10-10,10444.4072265625,11818.115234375,12065.0615234375,11782.837890625,11959.2275390625,1103904
2016-10-11,10475.583984375,11853.3935546875,11853.3935546875,11571.169921875,11818.115234375,2799042
2016-10-12,10475.583984375,11853.3935546875,11923.94921875,11782.837890625,11853.3935546875,598447
2016-10-13,10475.583984375,11853.3935546875,11853.3935546875,11782.837890625,11818.115234375,597979
2016-10-14,10600.294921875,11994.5048828125,12065.0615234375,11747.5595703125,11782.837890625,3330379
2016-10-17,10662.6494140625,12065.0615234375,12100.3388671875,11923.94921875,11923.94921875,1272083
2016-10-18,10600.294921875,11994.5048828125,12065.0615234375,11818.115234375,12065.0615234375,355930
2016-10-19,11036.7763671875,12488.396484375,12488.396484375,11888.6708984375,11888.6708984375,8443757
2016-10-20,10974.4228515625,12417.8408203125,12558.9521484375,12347.28515625,12558.9521484375,3232982
2016-10-21,10974.4228515625,12417.8408203125,12488.396484375,12276.728515625,12276.728515625,1317153
2016-10-24,11005.6005859375,12453.119140625,12629.5087890625,12417.8408203125,12558.9521484375,4901105
2016-10-25,10880.8896484375,12312.0068359375,12453.119140625,12135.6171875,12453.119140625,3164539
2016-10-26,10756.181640625,12170.89453125,12347.28515625,11994.5048828125,12206.1728515625,1744517
2016-10-27,10413.2294921875,11782.837890625,12100.3388671875,11782.837890625,12065.0615234375,3270597
2016-10-28,10662.6494140625,12065.0615234375,12135.6171875,11818.115234375,11853.3935546875,2730444
2016-10-31,10413.2294921875,11782.837890625,12135.6171875,11782.837890625,12065.0615234375,1546234
2016-11-01,10600.294921875,11994.5048828125,11994.5048828125,11747.5595703125,11782.837890625,1994574
2016-11-02,10506.76171875,11888.6708984375,11994.5048828125,11782.837890625,11994.5048828125,2015989
2016-11-03,10475.8408203125,11359.501953125,11430.0576171875,11183.1123046875,11430.0576171875,2717603
2016-11-04,10540.9091796875,11430.0576171875,11430.0576171875,11147.833984375,11218.390625,2254297
2016-11-07,10280.6396484375,11147.833984375,11430.0576171875,11147.833984375,11253.66796875,1830208
2016-11-08,10248.10546875,11112.556640625,11288.9462890625,11112.556640625,11147.833984375,922587
2016-11-09,10280.6396484375,11147.833984375,11147.833984375,10442.275390625,11147.833984375,2047851
2016-11-10,10280.6396484375,11147.833984375,11218.390625,11077.2783203125,11218.390625,1485630
2016-11-11,10215.572265625,11077.2783203125,11183.1123046875,10971.4443359375,11077.2783203125,1035859
2016-11-14,9987.8369140625,10830.3330078125,11112.556640625,10795.0546875,11112.556640625,1583439
2016-11-15,9987.8369140625,10830.3330078125,10936.1669921875,10795.0546875,10830.3330078125,1337152
2016-11-16,10052.904296875,10900.888671875,10936.1669921875,10830.3330078125,10830.3330078125,785433
2016-11-17,9955.302734375,10795.0546875,10900.888671875,10795.0546875,10900.888671875,964880
2016-11-18,9955.302734375,10795.0546875,10830.3330078125,10724.4990234375,10830.3330078125,1186775
2016-11-21,10085.4384765625,10936.1669921875,11077.2783203125,10865.6103515625,10865.6103515625,2838585
2016-11-22,10475.8408203125,11359.501953125,11359.501953125,10936.1669921875,10936.1669921875,2700028
2016-11-23,10475.8408203125,11359.501953125,11535.8916015625,11359.501953125,11430.0576171875,4565924
2016-11-24,10410.7744140625,11288.9462890625,11359.501953125,11077.2783203125,11359.501953125,874512
2016-11-25,10345.7080078125,11218.390625,11288.9462890625,11077.2783203125,11288.9462890625,1191126
2016-11-28,10215.572265625,11077.2783203125,11147.833984375,10971.4443359375,11147.833984375,2577445
2016-11-29,9890.236328125,10724.4990234375,11112.556640625,10724.4990234375,11077.2783203125,2360284
2016-11-30,9955.302734375,10795.0546875,10900.888671875,10689.220703125,10865.6103515625,3357493
2016-12-01,10020.3701171875,10865.6103515625,10865.6103515625,10759.7763671875,10865.6103515625,4161578
2016-12-02,9955.302734375,10795.0546875,10865.6103515625,10724.4990234375,10830.3330078125,1892839
2016-12-05,9890.236328125,10724.4990234375,10795.0546875,10583.38671875,10795.0546875,2325205
2016-12-06,9597.4326171875,10406.9970703125,10653.943359375,10230.607421875,10618.6650390625,3230189
2016-12-07,9597.4326171875,10406.9970703125,10477.552734375,10336.44140625,10406.9970703125,2528987
2016-12-08,9629.9677734375,10442.275390625,10477.552734375,10336.44140625,10406.9970703125,2301167
2016-12-09,9597.4326171875,10406.9970703125,10512.8310546875,10336.44140625,10442.275390625,1094904
2016-12-12,9499.8310546875,10301.1630859375,10406.9970703125,10195.3291015625,10301.1630859375,2218439
2016-12-13,9304.6298828125,10089.4951171875,10230.607421875,9877.828125,10230.607421875,3526465
2016-12-14,9890.236328125,10724.4990234375,10724.4990234375,9913.10546875,9948.3837890625,2498188
2016-12-15,9760.1015625,10583.38671875,10583.38671875,10230.607421875,10442.275390625,3058382
2016-12-16,9532.365234375,10336.44140625,10442.275390625,10265.8857421875,10265.8857421875,2357662
2016-12-19,9597.4326171875,10406.9970703125,10583.38671875,10336.44140625,10336.44140625,2584801
2016-12-20,9597.4326171875,10406.9970703125,10477.552734375,10336.44140625,10442.275390625,1841050
2016-12-21,9695.0341796875,10512.8310546875,10512.8310546875,10265.8857421875,10406.9970703125,2520426
2016-12-22,9499.8310546875,10301.1630859375,10406.9970703125,10230.607421875,10406.9970703125,1371593
2016-12-23,9499.8310546875,10301.1630859375,10301.1630859375,10124.7734375,10301.1630859375,2604005
2016-12-26,9499.8310546875,10301.1630859375,10406.9970703125,10265.8857421875,10301.1630859375,1598491
2016-12-27,9434.763671875,10230.607421875,10301.1630859375,10124.7734375,10301.1630859375,2074794
2016-12-28,9402.2314453125,10195.3291015625,10265.8857421875,10089.4951171875,10265.8857421875,2558552
2016-12-29,9304.6298828125,10089.4951171875,10195.3291015625,10018.939453125,10160.0517578125,2420520
2016-12-30,9239.5634765625,10018.939453125,10160.0517578125,10018.939453125,10054.2177734375,2040906
2017-01-03,9857.7021484375,10689.220703125,10689.220703125,10124.7734375,10124.7734375,7021381
2017-01-04,10052.904296875,10900.888671875,11077.2783203125,10795.0546875,10795.0546875,6625199
2017-01-05,10020.3701171875,10865.6103515625,11077.2783203125,10724.4990234375,10830.3330078125,2818445
2017-01-06,10248.10546875,11112.556640625,11324.2236328125,10724.4990234375,10724.4990234375,8983343
2017-01-09,10540.9091796875,11430.0576171875,11571.169921875,11147.833984375,11147.833984375,8731656
2017-01-10,10475.8408203125,11359.501953125,11430.0576171875,11253.66796875,11359.501953125,3503292
2017-01-11,10801.1787109375,11712.28125,11712.28125,11324.2236328125,11430.0576171875,10336355
2017-01-12,10736.111328125,11641.7255859375,11712.28125,11571.169921875,11712.28125,5019423
2017-01-13,10573.4423828125,11465.3359375,11677.00390625,11394.7802734375,11641.7255859375,4839055
2017-01-16,10280.6396484375,11147.833984375,11500.6142578125,11147.833984375,11465.3359375,3882892
2017-01-17,10931.3125,11853.3935546875,11888.6708984375,11253.66796875,11359.501953125,9267005
2017-01-18,10703.5771484375,11606.447265625,12206.1728515625,11606.447265625,11853.3935546875,7828528
2017-01-19,10703.5771484375,11606.447265625,11747.5595703125,11500.6142578125,11535.8916015625,2830946
2017-01-20,10833.712890625,11747.5595703125,11923.94921875,11571.169921875,11641.7255859375,4573521
2017-01-23,10963.8466796875,11888.6708984375,11994.5048828125,11712.28125,11782.837890625,4836292
2017-01-24,11061.4482421875,11994.5048828125,12100.3388671875,11888.6708984375,11888.6708984375,4436254
2017-01-25,10996.3798828125,11923.94921875,11994.5048828125,11641.7255859375,11994.5048828125,3436083
2017-01-26,10996.3798828125,11923.94921875,11923.94921875,11923.94921875,11923.94921875,0
2017-02-03,11191.583984375,12135.6171875,12382.5625,12029.783203125,12135.6171875,5750871
2017-02-06,11191.583984375,12135.6171875,12276.728515625,11994.5048828125,12135.6171875,4105098
2017-02-07,11126.5166015625,12065.0615234375,12241.451171875,11959.2275390625,12029.783203125,5032802
2017-02-08,11061.4482421875,11994.5048828125,12135.6171875,11888.6708984375,12065.0615234375,5267340
2017-02-09,10963.8466796875,11888.6708984375,12100.3388671875,11888.6708984375,11994.5048828125,5519353
2017-02-10,11126.5166015625,12065.0615234375,12100.3388671875,11853.3935546875,11888.6708984375,5502671
2017-02-13,10963.8466796875,11888.6708984375,12100.3388671875,11888.6708984375,12065.0615234375,3340499
2017-02-14,11061.4482421875,11994.5048828125,12029.783203125,11888.6708984375,11923.94921875,4893310
2017-02-15,11289.1845703125,12241.451171875,12276.728515625,11888.6708984375,11959.2275390625,5480079
2017-02-16,11061.4482421875,11994.5048828125,12312.0068359375,11994.5048828125,12170.89453125,5963412
2017-02-17,10996.3798828125,11923.94921875,12029.783203125,11818.115234375,11923.94921875,3281666
2017-02-20,10801.1787109375,11712.28125,11888.6708984375,11641.7255859375,11853.3935546875,6122307
2017-02-21,10866.2451171875,11782.837890625,11888.6708984375,11747.5595703125,11747.5595703125,4912727
2017-02-22,10801.1787109375,11712.28125,11853.3935546875,11641.7255859375,11818.115234375,2873182
2017-02-23,10833.712890625,11747.5595703125,11782.837890625,11535.8916015625,11712.28125,2718354
2017-02-24,10833.712890625,11747.5595703125,11853.3935546875,11641.7255859375,11641.7255859375,3851626
2017-02-27,10866.2451171875,11782.837890625,11782.837890625,11606.447265625,11641.7255859375,1841546
2017-02-28,10703.5771484375,11606.447265625,11782.837890625,11571.169921875,11747.5595703125,1948398
2017-03-01,10605.9765625,11500.6142578125,11606.447265625,11359.501953125,11606.447265625,4211553
2017-03-02,10443.3076171875,11324.2236328125,11641.7255859375,11324.2236328125,11571.169921875,3342001
2017-03-03,10671.044921875,11571.169921875,11571.169921875,11147.833984375,11359.501953125,4664952
2017-03-06,10801.1787109375,11712.28125,11782.837890625,11571.169921875,11712.28125,3774439
2017-03-07,10736.111328125,11641.7255859375,11712.28125,11571.169921875,11712.28125,1743099
2017-03-08,10801.1787109375,11712.28125,11818.115234375,11500.6142578125,11571.169921875,2964627
2017-03-09,10931.3125,11853.3935546875,11959.2275390625,11677.00390625,11712.28125,6570235
2017-03-10,10768.6455078125,11677.00390625,11923.94921875,11677.00390625,11923.94921875,3132579
2017-03-13,10736.111328125,11641.7255859375,11677.00390625,11500.6142578125,11641.7255859375,1952961
2017-03-14,10671.044921875,11571.169921875,11641.7255859375,11500.6142578125,11535.8916015625,3104757
2017-03-15,10703.5771484375,11606.447265625,11606.447265625,11465.3359375,11500.6142578125,1669498
2017-03-16,10638.509765625,11535.8916015625,11677.00390625,11465.3359375,11606.447265625,2637270
2017-03-17,10866.2451171875,11782.837890625,11818.115234375,11500.6142578125,11535.8916015625,6584905
2017-03-20,10898.779296875,11818.115234375,11853.3935546875,11606.447265625,11782.837890625,4276438
2017-03-21,11321.7177734375,12276.728515625,12276.728515625,11853.3935546875,11853.3935546875,14182751
2017-03-22,11321.7177734375,12276.728515625,12453.119140625,12206.1728515625,12276.728515625,13212117
2017-03-23,11354.2509765625,12312.0068359375,12453.119140625,12135.6171875,12276.728515625,4898086
2017-03-24,11647.0546875,12629.5087890625,12629.5087890625,12276.728515625,12453.119140625,11682918
2017-03-27,11549.4541015625,12523.6748046875,12805.8984375,12453.119140625,12700.064453125,10222871
2017-03-28,11321.7177734375,12276.728515625,12558.9521484375,12276.728515625,12417.8408203125,4436084
2017-03-29,11321.7177734375,12276.728515625,12312.0068359375,12065.0615234375,12312.0068359375,5710789
2017-03-30,11549.4541015625,12523.6748046875,12594.23046875,12241.451171875,12276.728515625,7748847
2017-03-31,11419.3193359375,12382.5625,12523.6748046875,12276.728515625,12523.6748046875,3405412
2017-04-03,11159.0498046875,12100.3388671875,12382.5625,12100.3388671875,12312.0068359375,4317370
2017-04-04,11191.583984375,12135.6171875,12312.0068359375,12029.783203125,12206.1728515625,4479695
2017-04-05,11159.0498046875,12100.3388671875,12241.451171875,12065.0615234375,12135.6171875,4615630
2017-04-07,11126.5166015625,12065.0615234375,12170.89453125,11853.3935546875,12065.0615234375,5762210
2017-04-10,11061.4482421875,11994.5048828125,12170.89453125,11994.5048828125,12135.6171875,4549682
2017-04-11,11061.4482421875,11994.5048828125,12029.783203125,11818.115234375,11994.5048828125,4641099
2017-04-12,11061.4482421875,11994.5048828125,12135.6171875,11853.3935546875,11994.5048828125,4638321
2017-04-13,10996.3798828125,11923.94921875,12065.0615234375,11853.3935546875,11923.94921875,5694136
2017-04-14,11093.982421875,12029.783203125,12029.783203125,11606.447265625,11782.837890625,5795403
2017-04-17,10671.044921875,11571.169921875,12029.783203125,11571.169921875,11994.5048828125,3742492
2017-04-18,10736.111328125,11641.7255859375,11641.7255859375,11430.0576171875,11571.169921875,4810922
2017-04-19,10605.9765625,11500.6142578125,11641.7255859375,11500.6142578125,11641.7255859375,3119143
2017-04-20,10801.1787109375,11712.28125,11923.94921875,11394.7802734375,11500.6142578125,4644288
2017-04-21,10768.6455078125,11677.00390625,11923.94921875,11641.7255859375,11818.115234375,3291191
2017-04-24,10638.509765625,11535.8916015625,11712.28125,11500.6142578125,11641.7255859375,1296900
2017-04-25,10638.509765625,11535.8916015625,11641.7255859375,11430.0576171875,11571.169921875,2890898
2017-04-26,10736.111328125,11641.7255859375,11818.115234375,11394.7802734375,11500.6142578125,4384267
2017-04-27,10801.1787109375,11712.28125,11782.837890625,11606.447265625,11641.7255859375,1849880
2017-04-28,10801.1787109375,11712.28125,11712.28125,11712.28125,11712.28125,0
2017-05-03,10801.1787109375,11712.28125,11853.3935546875,11641.7255859375,11712.28125,3024835
2017-05-04,10931.3125,11853.3935546875,12029.783203125,11606.447265625,11712.28125,5106687
2017-05-05,10768.6455078125,11677.00390625,11853.3935546875,11571.169921875,11853.3935546875,3625762
2017-05-08,10736.111328125,11641.7255859375,11747.5595703125,11500.6142578125,11747.5595703125,3897802
2017-05-09,10801.1787109375,11712.28125,11782.837890625,11535.8916015625,11571.169921875,4804770
2017-05-10,11126.5166015625,12065.0615234375,12206.1728515625,11712.28125,11712.28125,8793111
2017-05-11,11061.4482421875,11994.5048828125,12170.89453125,11994.5048828125,12065.0615234375,4873780
2017-05-12,11028.916015625,11959.2275390625,12206.1728515625,11923.94921875,11994.5048828125,4581869
2017-05-15,10996.3798828125,11923.94921875,11959.2275390625,11782.837890625,11923.94921875,4386209
2017-05-16,10996.3798828125,11923.94921875,12029.783203125,11782.837890625,11994.5048828125,5042313
2017-05-17,10866.2451171875,11782.837890625,11923.94921875,11747.5595703125,11853.3935546875,3245326
2017-05-18,10931.3125,11853.3935546875,12029.783203125,11747.5595703125,11782.837890625,4635061
2017-05-19,11191.583984375,12135.6171875,12135.6171875,11818.115234375,11888.6708984375,7635320
2017-05-22,11972.390625,12982.2880859375,12982.2880859375,12276.728515625,12276.728515625,22253329
2017-05-23,12069.9921875,13088.1220703125,13511.45703125,12805.8984375,12982.2880859375,14324936
2017-05-24,12525.4638671875,13582.013671875,13652.5693359375,12911.732421875,13017.56640625,13635866
2017-05-25,12427.8623046875,13476.1796875,13899.5146484375,13405.623046875,13582.013671875,12135977
2017-05-26,12688.1328125,13758.4033203125,13758.4033203125,13405.623046875,13405.623046875,9443035
2017-05-29,12362.7939453125,13405.623046875,13970.0703125,13335.0673828125,13758.4033203125,9687976
2017-05-30,11939.857421875,12947.009765625,13546.7353515625,12947.009765625,13335.0673828125,10660637
2017-05-31,12004.9248046875,13017.56640625,13123.3994140625,12805.8984375,12947.009765625,6612883
2017-06-01,11907.3232421875,12911.732421875,13158.677734375,12911.732421875,13052.84375,4510522
2017-06-02,11874.7900390625,12876.4541015625,12982.2880859375,12664.7861328125,12911.732421875,7144263
2017-06-05,12167.5947265625,13193.9560546875,13264.51171875,12982.2880859375,13052.84375,4497312
2017-06-06,12623.064453125,13687.8466796875,13723.125,13052.84375,13123.3994140625,12332729
2017-06-07,12623.064453125,13687.8466796875,13934.79296875,13617.291015625,13758.4033203125,9447188
2017-06-08,12427.8623046875,13476.1796875,13687.8466796875,13335.0673828125,13617.291015625,5352435
2017-06-09,12265.1943359375,13299.7900390625,13582.013671875,13264.51171875,13476.1796875,6774910
2017-06-12,12330.2607421875,13370.345703125,13582.013671875,13229.2333984375,13335.0673828125,6320590
2017-06-13,12688.1328125,13758.4033203125,13899.5146484375,13335.0673828125,13405.623046875,6263004
2017-06-14,13013.4677734375,14111.1826171875,14181.73828125,13864.2373046875,13899.5146484375,10542659
2017-06-15,12883.3330078125,13970.0703125,14181.73828125,13864.2373046875,14181.73828125,8259010
2017-06-16,12850.80078125,13934.79296875,14040.626953125,13864.2373046875,13899.5146484375,5301625
2017-06-19,13013.4677734375,14111.1826171875,14146.4609375,13970.0703125,14111.1826171875,6820888
2017-06-20,13371.337890625,14499.240234375,14534.5185546875,14181.73828125,14322.8505859375,9423278
2017-06-21,13208.671875,14322.8505859375,14534.5185546875,14005.3486328125,14393.40625,10268551
2017-06-22,12915.8662109375,14005.3486328125,14463.9619140625,14005.3486328125,14393.40625,6662304
2017-06-23,12948.4013671875,14040.626953125,14040.626953125,13828.958984375,13899.5146484375,5764903
2017-06-26,13143.6025390625,14252.294921875,14358.1279296875,13970.0703125,14040.626953125,5781273
2017-06-27,12948.4013671875,14040.626953125,14358.1279296875,14040.626953125,14252.294921875,5606588
2017-06-28,12980.9345703125,14075.904296875,14252.294921875,13899.5146484375,14005.3486328125,5079971
2017-06-29,13208.671875,14322.8505859375,14534.5185546875,14217.0166015625,14217.0166015625,7674055
2017-06-30,13273.73828125,14393.40625,14393.40625,14252.294921875,14252.294921875,3852575
2017-07-03,13468.939453125,14605.07421875,14781.4638671875,14393.40625,14393.40625,5247171
2017-07-04,13208.671875,14322.8505859375,14746.185546875,14252.294921875,14746.185546875,5612839
2017-07-05,13273.73828125,14393.40625,14428.6845703125,14252.294921875,14358.1279296875,5374815
2017-07-06,13208.671875,14322.8505859375,14605.07421875,14217.0166015625,14463.9619140625,7203676
2017-07-07,13143.6025390625,14252.294921875,14534.5185546875,14217.0166015625,14322.8505859375,6921857
2017-07-10,12818.2666015625,13899.5146484375,14322.8505859375,13899.5146484375,14252.294921875,6066564
2017-07-11,12818.2666015625,13899.5146484375,13934.79296875,13440.9013671875,13899.5146484375,3410174
2017-07-12,12557.9970703125,13617.291015625,13899.5146484375,13617.291015625,13899.5146484375,3144357
2017-07-13,12720.6650390625,13793.6806640625,13864.2373046875,13582.013671875,13617.291015625,2023657
2017-07-14,12557.9970703125,13617.291015625,13899.5146484375,13617.291015625,13899.5146484375,2289886
2017-07-17,12297.728515625,13335.0673828125,13758.4033203125,13299.7900390625,13723.125,3554840
2017-07-18,12330.2607421875,13370.345703125,13476.1796875,13193.9560546875,13299.7900390625,2818232
2017-07-19,12395.328125,13440.9013671875,13582.013671875,13405.623046875,13511.45703125,2530829
2017-07-20,12753.19921875,13828.958984375,13828.958984375,13405.623046875,13582.013671875,4089508
2017-07-21,12525.4638671875,13582.013671875,13970.0703125,13582.013671875,13899.5146484375,4034658
2017-07-24,12623.064453125,13687.8466796875,13758.4033203125,13370.345703125,13546.7353515625,2156190
2017-07-25,13338.8046875,14463.9619140625,14463.9619140625,13687.8466796875,13687.8466796875,6880528
2017-07-26,13403.8720703125,14534.5185546875,14746.185546875,14358.1279296875,14393.40625,7000051
2017-07-27,13468.939453125,14605.07421875,14710.908203125,14393.40625,14534.5185546875,5604930
2017-07-28,13664.142578125,14816.7421875,14957.853515625,14534.5185546875,14710.908203125,7664928
2017-07-31,14444.9501953125,15663.4130859375,15769.24609375,14887.2978515625,14887.2978515625,9536195
2017-08-01,14444.9501953125,15663.4130859375,15769.24609375,15381.189453125,15522.30078125,5037720
2017-08-02,14607.619140625,15839.802734375,16192.58203125,15275.35546875,15416.466796875,9678990
2017-08-03,14900.4208984375,16157.3037109375,16227.8603515625,15804.5244140625,15804.5244140625,6261828
2017-08-04,14575.0849609375,15804.5244140625,16157.3037109375,15804.5244140625,16157.3037109375,3636732
2017-08-07,14640.15234375,15875.080078125,15910.3583984375,15663.4130859375,15663.4130859375,4404053
2017-08-08,14705.220703125,15945.63671875,16016.1923828125,15804.5244140625,15945.63671875,4199846
2017-08-09,13622.4443359375,14393.40625,15592.8564453125,14393.40625,15592.8564453125,13723130
2017-08-10,13555.6669921875,14322.8505859375,14675.6298828125,13687.8466796875,14252.294921875,6307975
2017-08-11,13555.6669921875,14322.8505859375,14393.40625,13970.0703125,14252.294921875,3457357
2017-08-14,13889.55078125,14675.6298828125,14675.6298828125,14111.1826171875,14322.8505859375,2461763
2017-08-15,13555.6669921875,14322.8505859375,14675.6298828125,14322.8505859375,14640.3515625,2528661
2017-08-16,13355.3369140625,14111.1826171875,14393.40625,13970.0703125,14322.8505859375,2836856
2017-08-17,12821.1240234375,13546.7353515625,14217.0166015625,13476.1796875,14111.1826171875,7993447
2017-08-18,13188.39453125,13934.79296875,14111.1826171875,13264.51171875,13405.623046875,3189838
2017-08-21,13121.619140625,13864.2373046875,14005.3486328125,13546.7353515625,13934.79296875,1456688
2017-08-22,12787.734375,13511.45703125,13828.958984375,13511.45703125,13828.958984375,2550346
2017-08-23,12954.67578125,13687.8466796875,13758.4033203125,13440.9013671875,13511.45703125,167251750
2017-08-24,13221.7822265625,13970.0703125,14040.626953125,13687.8466796875,13723.125,285810205
2017-08-25,13188.39453125,13934.79296875,14181.73828125,13899.5146484375,14040.626953125,2515565
2017-08-28,13121.619140625,13864.2373046875,14040.626953125,13793.6806640625,13934.79296875,1686052
2017-08-29,13121.619140625,13864.2373046875,14040.626953125,13828.958984375,13864.2373046875,2319181
2017-08-30,12921.2880859375,13652.5693359375,13899.5146484375,13652.5693359375,13899.5146484375,2450255
2017-08-31,13822.7734375,14605.07421875,14605.07421875,13652.5693359375,13687.8466796875,7683764
2017-09-01,14056.4912109375,14852.01953125,15240.0771484375,14640.3515625,14887.2978515625,5347376
2017-09-04,14056.4912109375,14852.01953125,14852.01953125,14852.01953125,14852.01953125,0
2017-09-05,13989.71484375,14781.4638671875,14816.7421875,14534.5185546875,14816.7421875,2508152
2017-09-06,13755.9970703125,14534.5185546875,14746.185546875,14428.6845703125,14605.07421875,3739190
2017-09-07,13922.9384765625,14710.908203125,14957.853515625,14499.240234375,14499.240234375,3385556
2017-09-08,13589.0546875,14358.1279296875,14710.908203125,14358.1279296875,14710.908203125,3047568
2017-09-11,13488.8896484375,14252.294921875,14534.5185546875,14111.1826171875,14252.294921875,2261199
2017-09-12,13689.2197265625,14463.9619140625,14605.07421875,14146.4609375,14181.73828125,1540140
2017-09-13,13689.2197265625,14463.9619140625,14605.07421875,14358.1279296875,14569.7958984375,1227253
2017-09-14,13789.3857421875,14569.7958984375,14710.908203125,14322.8505859375,14358.1279296875,2310607
2017-09-15,13622.4443359375,14393.40625,14569.7958984375,14358.1279296875,14569.7958984375,1079512
2017-09-18,13689.2197265625,14463.9619140625,14605.07421875,14358.1279296875,14393.40625,2646836
2017-09-19,13789.3857421875,14569.7958984375,14710.908203125,14428.6845703125,14534.5185546875,2511143
2017-09-20,13689.2197265625,14463.9619140625,14569.7958984375,14393.40625,14569.7958984375,1651215
2017-09-21,13922.9384765625,14710.908203125,14746.185546875,14358.1279296875,14393.40625,5020954
2017-09-22,13755.9970703125,14534.5185546875,14746.185546875,14534.5185546875,14605.07421875,2181503
2017-09-25,13622.4443359375,14393.40625,14569.7958984375,14322.8505859375,14534.5185546875,1837790
2017-09-26,13622.4443359375,14393.40625,14534.5185546875,14358.1279296875,14393.40625,1984638
2017-09-27,13488.8896484375,14252.294921875,14463.9619140625,14252.294921875,14393.40625,1800160
2017-09-28,13121.619140625,13864.2373046875,14393.40625,13864.2373046875,14252.294921875,3714557
2017-09-29,13088.23046875,13828.958984375,14005.3486328125,13828.958984375,13864.2373046875,2901500
2017-10-02,13155.005859375,13899.5146484375,14111.1826171875,13828.958984375,13828.958984375,1865329
2017-10-03,13255.171875,14005.3486328125,14252.294921875,13899.5146484375,13970.0703125,3893394
2017-10-04,13388.7255859375,14146.4609375,14252.294921875,14005.3486328125,14040.626953125,2549127
2017-10-05,13288.560546875,14040.626953125,14287.572265625,14005.3486328125,14252.294921875,1785775
2017-10-06,13321.9482421875,14075.904296875,14252.294921875,13970.0703125,14005.3486328125,3560608
2017-10-09,13355.3369140625,14111.1826171875,14322.8505859375,14111.1826171875,14252.294921875,2737516
2017-10-10,13355.3369140625,14111.1826171875,14252.294921875,14075.904296875,14111.1826171875,1114166
2017-10-11,13555.6669921875,14322.8505859375,14428.6845703125,14146.4609375,14181.73828125,2911520
2017-10-12,13455.501953125,14217.0166015625,14428.6845703125,14217.0166015625,14322.8505859375,1753559
2017-10-13,13488.8896484375,14252.294921875,14287.572265625,14146.4609375,14181.73828125,1020963
2017-10-16,13589.0546875,14358.1279296875,14428.6845703125,14252.294921875,14252.294921875,2443154
2017-10-17,14356.9873046875,15169.521484375,15169.521484375,14393.40625,14393.40625,8292926
2017-10-18,14290.2109375,15098.9658203125,15310.6328125,15028.4091796875,15169.521484375,5495400
2017-10-19,14190.044921875,14993.1318359375,15063.6875,14675.6298828125,14957.853515625,3148028
2017-10-20,14290.2109375,15098.9658203125,15134.2431640625,14887.2978515625,14887.2978515625,3961524
2017-10-23,13956.3271484375,14746.185546875,15134.2431640625,14675.6298828125,14957.853515625,2982428
2017-10-24,13856.1611328125,14640.3515625,14746.185546875,14534.5185546875,14569.7958984375,1405665
2017-10-25,14023.103515625,14816.7421875,15028.4091796875,14605.07421875,14605.07421875,2012177
2017-10-26,13822.7734375,14605.07421875,14957.853515625,14322.8505859375,14746.185546875,2762858
2017-10-27,14156.65625,14957.853515625,14957.853515625,14499.240234375,14605.07421875,2161576
2017-10-30,14590.705078125,15416.466796875,15733.96875,14957.853515625,14957.853515625,7817955
2017-10-31,14590.705078125,15416.466796875,15628.134765625,15169.521484375,15381.189453125,4054798
2017-11-01,14957.9765625,15804.5244140625,15839.802734375,15416.466796875,15416.466796875,3600307
2017-11-02,14624.091796875,15451.7451171875,15910.3583984375,15169.521484375,15804.5244140625,3174872
2017-11-03,14957.9765625,15804.5244140625,15804.5244140625,15169.521484375,15381.189453125,2834773
2017-11-06,15258.4736328125,16122.0263671875,16122.0263671875,15698.6904296875,15804.5244140625,3187472
2017-11-07,15258.4736328125,16122.0263671875,16263.1376953125,15945.63671875,16016.1923828125,3397971
2017-11-08,15892.8505859375,16792.306640625,16792.306640625,16016.1923828125,16122.0263671875,4482827
2017-11-09,15692.51953125,16580.638671875,16862.86328125,16510.083984375,16792.306640625,3300106
2017-11-10,15759.2958984375,16651.1953125,17074.53125,16439.52734375,16439.52734375,3763469
2017-11-13,15993.013671875,16898.140625,16898.140625,16651.1953125,16686.47265625,2063611
2017-11-14,16226.7333984375,17145.0859375,17215.642578125,16580.638671875,16898.140625,2801891
2017-11-15,16159.9580078125,17074.53125,17215.642578125,16933.419921875,17215.642578125,1620091
2017-11-16,16126.5673828125,17039.25390625,17180.365234375,16721.751953125,16968.697265625,3377576
2017-11-17,16059.7919921875,16968.697265625,17145.0859375,16580.638671875,17074.53125,3569183
2017-11-20,16026.404296875,16933.419921875,17039.25390625,16686.47265625,16792.306640625,2019320
2017-11-21,16059.7919921875,16968.697265625,17286.19921875,16933.419921875,16933.419921875,3397744
2017-11-22,17161.607421875,18132.869140625,18132.869140625,16933.419921875,16968.697265625,5728633
2017-11-23,16894.501953125,17850.646484375,18697.31640625,17850.646484375,18344.537109375,3753803
2017-11-24,16894.501953125,17850.646484375,18027.03515625,17638.978515625,17850.646484375,2497494
2017-11-27,16827.72265625,17780.08984375,18027.03515625,17709.53515625,17850.646484375,1843417
2017-11-28,16694.169921875,17638.978515625,17921.201171875,17321.4765625,17780.08984375,2460261
2017-11-29,17094.830078125,18062.314453125,18062.314453125,17568.421875,17568.421875,2330435
2017-11-30,17128.21875,18097.591796875,18556.205078125,17991.7578125,18344.537109375,2181631
2017-12-01,17028.0546875,17991.7578125,18097.591796875,17921.201171875,18062.314453125,1860935
2017-12-04,17028.0546875,17991.7578125,18485.6484375,17991.7578125,18132.869140625,1432154
2017-12-05,16627.392578125,17568.421875,18132.869140625,17568.421875,18132.869140625,3443382
2017-12-06,16594.005859375,17533.14453125,17568.421875,17286.19921875,17427.310546875,2630580
2017-12-07,16694.169921875,17638.978515625,17744.8125,17321.4765625,17638.978515625,911263
2017-12-08,16694.169921875,17638.978515625,17780.08984375,17392.033203125,17674.255859375,1208984
2017-12-11,16026.404296875,16933.419921875,17497.8671875,16862.86328125,16862.86328125,1753063
2017-12-12,16093.1806640625,17003.974609375,17215.642578125,15769.24609375,16933.419921875,3712601
2017-12-13,15959.626953125,16862.86328125,17074.53125,16686.47265625,17003.974609375,2859037
2017-12-14,16326.8974609375,17250.919921875,17286.19921875,16404.25,16792.306640625,2086557
2017-12-15,16226.7333984375,17145.0859375,17250.919921875,16827.5859375,17074.53125,910837
2017-12-18,16260.123046875,17180.365234375,17286.19921875,17074.53125,17145.0859375,1450835
2017-12-19,16093.1806640625,17003.974609375,17427.310546875,17003.974609375,17180.365234375,1331284
2017-12-20,16360.287109375,17286.19921875,17427.310546875,16968.697265625,17003.974609375,1238181
2017-12-21,16159.9580078125,17074.53125,17497.8671875,17074.53125,17286.19921875,1859744
2017-12-22,15926.23828125,16827.5859375,17074.53125,16580.638671875,16862.86328125,2738211
2017-12-25,15892.8505859375,16792.306640625,17145.0859375,16721.751953125,17074.53125,811384
2017-12-26,16093.1806640625,17003.974609375,17003.974609375,16580.638671875,16792.306640625,1430865
2017-12-27,16293.5107421875,17215.642578125,17392.033203125,16968.697265625,17109.80859375,1702918
2017-12-28,16527.228515625,17462.587890625,17709.53515625,17215.642578125,17215.642578125,1959651
2017-12-29,17028.0546875,17991.7578125,17991.7578125,17462.587890625,17674.255859375,3675510
2018-01-01,17028.0546875,17991.7578125,17991.7578125,17991.7578125,17991.7578125,0
2018-01-02,18029.705078125,19050.095703125,19050.095703125,17780.08984375,17991.7578125,4115558
2018-01-03,17896.15234375,18908.984375,19085.375,18697.31640625,19050.095703125,3483917
2018-01-04,18396.974609375,19438.154296875,19543.98828125,18732.595703125,18908.984375,6270473
2018-01-05,18296.8125,19332.3203125,19438.154296875,19014.818359375,19402.876953125,2705414
2018-01-08,18597.306640625,19649.822265625,19896.767578125,19332.3203125,19543.98828125,2910982
2018-01-09,18296.8125,19332.3203125,19720.376953125,18344.537109375,19649.822265625,5973631
2018-01-10,18330.19921875,19367.59765625,19932.044921875,19261.763671875,19332.3203125,3993641
2018-01-11,18430.36328125,19473.431640625,19579.265625,19155.9296875,19402.876953125,2220891
2018-01-12,18196.646484375,19226.486328125,19438.154296875,19120.65234375,19191.208984375,3521802
2018-01-15,18230.033203125,19261.763671875,19543.98828125,18873.70703125,19085.375,2533012
2018-01-16,18497.140625,19543.98828125,19685.099609375,19226.486328125,19297.04296875,3356841
2018-01-17,18029.705078125,19050.095703125,19826.2109375,19050.095703125,19543.98828125,4036061
2018-01-18,18096.48046875,19120.65234375,19120.65234375,18556.205078125,18767.873046875,2597953
2018-01-19,17962.927734375,18979.541015625,19261.763671875,18767.873046875,19191.208984375,5036487
2018-01-22,17962.927734375,18979.541015625,18979.541015625,18979.541015625,18979.541015625,0
2018-01-23,17962.927734375,18979.541015625,18979.541015625,18979.541015625,18979.541015625,0
2018-01-24,17962.927734375,18979.541015625,18979.541015625,18979.541015625,18979.541015625,0
2018-01-25,20300.11328125,21448.998046875,21448.998046875,20320.103515625,20531.771484375,11319037
2018-01-26,21702.423828125,22930.671875,22930.671875,22225.11328125,22930.671875,8046341
2018-01-29,23104.732421875,24412.345703125,24518.1796875,23283.451171875,23283.451171875,6229655
2018-01-30,24039.607421875,25400.12890625,25400.12890625,23177.6171875,23177.6171875,4653373
2018-01-31,22837.626953125,24130.123046875,26282.078125,24130.123046875,26246.798828125,2488622
2018-02-01,22503.740234375,23777.341796875,24377.068359375,23212.89453125,24341.7890625,2684792
2018-02-02,22503.740234375,23777.341796875,24200.677734375,23354.0078125,23495.119140625,2510803
2018-02-05,20934.490234375,22119.279296875,23565.67578125,22119.279296875,23424.5625,3955217
2018-02-06,19498.791015625,20602.326171875,21731.220703125,20602.326171875,20602.326171875,4700810
2018-02-07,20834.326171875,22013.4453125,22013.4453125,21166.7734375,22013.4453125,2916906
2018-02-08,21502.08984375,22719.00390625,23142.33984375,22013.4453125,22013.4453125,2896242
2018-02-09,21568.8671875,22789.560546875,23283.451171875,21131.49609375,21166.7734375,2551409
2018-02-12,23071.34375,24377.068359375,24377.068359375,22930.671875,23283.451171875,3349499
2018-02-13,23638.9453125,24976.79296875,25752.908203125,24694.5703125,25682.3515625,3484300
2018-02-14,23638.9453125,24976.79296875,24976.79296875,24976.79296875,24976.79296875,0
2018-02-15,23638.9453125,24976.79296875,24976.79296875,24976.79296875,24976.79296875,0
2018-02-16,23638.9453125,24976.79296875,24976.79296875,24976.79296875,24976.79296875,0
2018-02-19,23638.9453125,24976.79296875,24976.79296875,24976.79296875,24976.79296875,0
2018-02-20,23638.9453125,24976.79296875,24976.79296875,24976.79296875,24976.79296875,0
2018-02-21,24974.482421875,26387.912109375,26705.4140625,25117.904296875,25400.12890625,3028817
2018-02-22,24573.81640625,25964.576171875,27234.58203125,25929.298828125,26105.6875,4048959
2018-02-23,24774.150390625,26176.244140625,26458.466796875,25329.572265625,26105.6875,5136847
2018-02-26,25441.9140625,26881.802734375,27340.416015625,26387.912109375,26740.69140625,4984132
2018-02-27,25475.3046875,26917.080078125,27375.693359375,26529.0234375,26881.802734375,3141636
2018-02-28,25475.3046875,26917.080078125,26917.080078125,26917.080078125,26917.080078125,0
2018-03-01,25241.5859375,26670.134765625,27940.140625,26458.466796875,27234.58203125,3733422
2018-03-02,25241.5859375,26670.134765625,26811.24609375,26035.1328125,26105.6875,3371552
2018-03-05,23505.390625,24835.681640625,27093.470703125,24835.681640625,26987.63671875,3669571
2018-03-06,25141.419921875,26564.30078125,26564.30078125,25012.0703125,25400.12890625,3578807
2018-03-07,25041.255859375,26458.466796875,26881.802734375,26035.1328125,26811.24609375,2910018
2018-03-08,24840.92578125,26246.798828125,26811.24609375,26105.6875,26458.466796875,1604500
2018-03-09,24874.314453125,26282.078125,26811.24609375,26105.6875,26458.466796875,3207853
2018-03-12,25775.798828125,27234.58203125,27516.806640625,26811.24609375,27305.138671875,2855409
2018-03-13,26176.4609375,27657.91796875,27657.91796875,26811.24609375,27234.58203125,2806398
2018-03-14,26042.908203125,27516.806640625,28081.25390625,27446.25,28081.25390625,2829075
2018-03-15,27845.876953125,29421.81640625,29421.81640625,27305.138671875,27516.806640625,5000374
2018-03-16,28580.421875,30197.931640625,30691.822265625,29492.37109375,29845.150390625,3724988
2018-03-19,27845.876953125,29421.81640625,30409.59765625,29069.037109375,30339.04296875,3353623
2018-03-20,28380.08984375,29986.263671875,30409.59765625,28927.923828125,29069.037109375,2645490
2018-03-21,29047.857421875,30691.822265625,30903.490234375,30056.818359375,30691.822265625,2277328
2018-03-22,29582.0703125,31256.26953125,31397.380859375,30515.431640625,30691.822265625,3579274
2018-03-23,28279.923828125,29880.4296875,30762.37890625,29210.1484375,30691.822265625,5189543
2018-03-26,29982.732421875,31679.60546875,31679.60546875,29633.484375,29633.484375,2739515
2018-03-27,29448.517578125,31115.158203125,32879.0546875,31115.158203125,32455.720703125,4168878
2018-03-28,29749.01171875,31432.66015625,31573.771484375,30621.265625,31044.6015625,2370517
2018-03-29,29381.740234375,31044.6015625,31538.4921875,30903.490234375,31432.66015625,1270580
2018-03-30,28981.080078125,30621.265625,31009.32421875,30092.09765625,30903.490234375,3133741
2018-04-02,30049.5078125,31750.16015625,31750.16015625,30303.765625,30903.490234375,3699434
2018-04-03,30116.283203125,31820.716796875,32314.607421875,31538.4921875,31961.828125,1899443
2018-04-04,29915.953125,31609.048828125,32067.662109375,31609.048828125,31820.716796875,2141861
2018-04-05,29381.740234375,31044.6015625,31609.048828125,30868.212890625,31609.048828125,2471812
2018-04-06,29381.740234375,31044.6015625,31538.4921875,30903.490234375,31185.712890625,2083213
2018-04-09,29648.849609375,31326.826171875,31750.16015625,30621.265625,31256.26953125,3861915
2018-04-10,30383.390625,32102.94140625,32737.943359375,31609.048828125,31679.60546875,5926505
2018-04-11,29715.625,31397.380859375,33020.16796875,31044.6015625,33020.16796875,3380170
2018-04-12,29648.849609375,31326.826171875,31750.16015625,30762.37890625,31256.26953125,2574525
2018-04-13,28046.20703125,29633.484375,31609.048828125,29421.81640625,31397.380859375,4775319
2018-04-16,26710.673828125,28222.365234375,29633.484375,28222.365234375,28927.923828125,3128780
2018-04-17,27979.4296875,29562.927734375,29562.927734375,28010.697265625,28222.365234375,3566363
2018-04-18,26844.224609375,28363.4765625,30127.375,28363.4765625,30127.375,1695704
2018-04-19,25375.13671875,26811.24609375,28504.58984375,26670.134765625,28363.4765625,3904732
2018-04-20,26343.400390625,27834.30859375,27904.86328125,26105.6875,27164.02734375,3423511
2018-04-23,24507.041015625,25894.01953125,28680.978515625,25894.01953125,28081.25390625,4550844
2018-04-24,25375.13671875,26811.24609375,27164.02734375,25329.572265625,26105.6875,3547654
2018-04-25,25375.13671875,26811.24609375,26811.24609375,26811.24609375,26811.24609375,0
2018-04-26,24373.48828125,25752.908203125,27164.02734375,25047.349609375,26670.134765625,3128398
2018-04-27,24106.384765625,25470.685546875,26881.802734375,25400.12890625,25682.3515625,2872657
2018-04-30,24106.384765625,25470.685546875,25470.685546875,25470.685546875,25470.685546875,0
2018-05-01,24106.384765625,25470.685546875,25470.685546875,25470.685546875,25470.685546875,0
2018-05-02,22436.96484375,23706.787109375,26035.1328125,23706.787109375,25894.01953125,2648452
2018-05-03,22503.740234375,23777.341796875,24624.013671875,22048.72265625,22719.00390625,5909469
2018-05-04,21702.423828125,22930.671875,24341.7890625,22930.671875,24059.56640625,2266769
2018-05-07,23204.896484375,24518.1796875,24518.1796875,22366.224609375,23248.173828125,5043503
2018-05-08,23705.72265625,25047.349609375,26070.41015625,24271.234375,24518.1796875,4271024
2018-05-09,23371.837890625,24694.5703125,25576.517578125,24341.7890625,24694.5703125,2612311
2018-05-10,21835.9765625,23071.783203125,25117.904296875,22965.94921875,24271.234375,4016729
2018-05-11,22704.07421875,23989.009765625,24130.123046875,22225.11328125,23071.783203125,2999507
2018-05-14,22904.404296875,24200.677734375,24482.90234375,23777.341796875,24412.345703125,1301407
2018-05-15,23104.732421875,24412.345703125,24694.5703125,23989.009765625,24200.677734375,3148651
2018-05-16,22169.859375,23424.5625,24200.677734375,23389.28515625,24059.56640625,2631615
2018-05-17,22036.306640625,23283.451171875,23636.23046875,23071.783203125,23424.5625,2129771
2018-05-18,22002.916015625,23248.173828125,23565.67578125,21872.333984375,23283.451171875,4163293
2018-05-21,21034.65625,22225.11328125,23248.173828125,22225.11328125,23248.173828125,3409905
2018-05-22,19565.568359375,20672.8828125,22154.556640625,20672.8828125,21872.333984375,4421486
2018-05-23,20333.5,21484.275390625,21519.552734375,20284.82421875,20320.103515625,2578423
2018-05-24,19799.287109375,20919.828125,21695.943359375,20778.716796875,21519.552734375,1543513
2018-05-25,18497.140625,19543.98828125,21237.330078125,19543.98828125,21060.939453125,3063683
2018-05-28,17228.38671875,18203.42578125,19191.208984375,18203.42578125,19120.65234375,5530748
2018-05-29,18430.36328125,19473.431640625,19473.431640625,18203.42578125,18697.31640625,4073393
2018-05-30,18430.36328125,19473.431640625,20108.435546875,19297.04296875,19755.65625,3039022
2018-05-31,19532.1796875,20637.60546875,20743.4375,19261.763671875,19261.763671875,4836703
2018-06-01,19832.67578125,20955.10546875,21660.666015625,20320.103515625,20461.21484375,5151829
2018-06-04,20366.884765625,21519.552734375,21590.109375,20037.87890625,20461.21484375,6914062
2018-06-05,20300.11328125,21448.998046875,22013.4453125,20884.55078125,21378.44140625,4345844
2018-06-06,21234.986328125,22436.78125,22436.78125,21025.662109375,21484.275390625,3589550
2018-06-07,20834.326171875,22013.4453125,22719.00390625,22013.4453125,22436.78125,5250998
2018-06-08,21034.65625,22225.11328125,22366.224609375,21731.220703125,22013.4453125,3803210
2018-06-11,20700.771484375,21872.333984375,22542.61328125,21872.333984375,21942.888671875,3288583
2018-06-12,19765.8984375,20884.55078125,21519.552734375,20355.380859375,21378.44140625,6115022
2018-06-13,19799.287109375,20919.828125,21166.7734375,20567.048828125,20884.55078125,2369794
2018-06-14,18897.802734375,19967.32421875,21096.21875,19967.32421875,20955.10546875,5483849
2018-06-15,19365.234375,20461.21484375,20461.21484375,19614.54296875,19755.65625,3205968
2018-06-18,18230.033203125,19261.763671875,20496.4921875,19191.208984375,20461.21484375,4072259
2018-06-19,17896.15234375,18908.984375,19050.095703125,17921.201171875,18908.984375,7738713
2018-06-20,18697.47265625,19755.65625,19755.65625,18803.150390625,19120.65234375,3350619
2018-06-21,17896.15234375,18908.984375,19755.65625,18767.873046875,19473.431640625,2939300
2018-06-22,18363.58984375,19402.876953125,19508.7109375,18379.814453125,18379.814453125,3234073
2018-06-25,18831.025390625,19896.767578125,20214.26953125,19685.099609375,19790.93359375,2746729
2018-06-26,18563.916015625,19614.54296875,19826.2109375,19261.763671875,19402.876953125,1818968
2018-06-27,17896.15234375,18908.984375,19896.767578125,18908.984375,19614.54296875,2737290
2018-06-28,17295.1640625,18273.982421875,18908.984375,18203.42578125,18626.76171875,5433874
2018-06-29,17361.9375,18344.537109375,18838.4296875,18132.869140625,18344.537109375,2994391
2018-07-02,16527.228515625,17462.587890625,18344.537109375,17180.365234375,17991.7578125,5020486
2018-07-03,15392.025390625,16263.1376953125,17744.8125,16263.1376953125,17497.8671875,7008569
2018-07-04,15291.8603515625,16157.3037109375,16333.6943359375,15487.0224609375,16263.1376953125,6578669
2018-07-05,14423.763671875,15240.0771484375,16263.1376953125,15028.4091796875,15910.3583984375,4314379
2018-07-06,15425.4150390625,16298.416015625,16298.416015625,14710.908203125,15098.9658203125,7174324
2018-07-09,15558.966796875,16439.52734375,17215.642578125,16404.25,16651.1953125,7686272
2018-07-10,15792.6865234375,16686.47265625,17180.365234375,16510.083984375,16721.751953125,5120407
2018-07-11,14757.6474609375,15592.8564453125,16227.8603515625,15522.30078125,16086.748046875,7712762
2018-07-12,15358.6376953125,16227.8603515625,16651.1953125,15557.5791015625,15804.5244140625,3555747
2018-07-13,15692.51953125,16580.638671875,16933.419921875,16439.52734375,16580.638671875,4447763
2018-07-16,16126.5673828125,17039.25390625,17215.642578125,16721.751953125,16933.419921875,4127237
2018-07-17,16627.392578125,17568.421875,17744.8125,16651.1953125,16651.1953125,5657598
2018-07-18,17462.1015625,18450.37109375,18485.6484375,17568.421875,17638.978515625,5686752
2018-07-19,17228.38671875,18203.42578125,18485.6484375,17991.7578125,18344.537109375,4740793
2018-07-20,16961.27734375,17921.201171875,18273.982421875,17497.8671875,17921.201171875,6065076
2018-07-23,16560.6171875,17497.8671875,18485.6484375,17497.8671875,17921.201171875,4428218
2018-07-24,16560.6171875,17497.8671875,17497.8671875,17497.8671875,17497.8671875,0
2018-07-25,15759.2958984375,16651.1953125,17744.8125,16651.1953125,17638.978515625,3931293
2018-07-26,16093.1806640625,17003.974609375,17003.974609375,16404.25,16651.1953125,3351327
2018-07-27,16560.6171875,17497.8671875,17603.701171875,16933.419921875,17003.974609375,2878653
2018-07-30,17562.267578125,18556.205078125,18556.205078125,17638.978515625,17780.08984375,5376742
2018-07-31,17562.267578125,18556.205078125,19014.818359375,18238.703125,18485.6484375,7521920
2018-08-01,17562.267578125,18556.205078125,18908.984375,18344.537109375,18556.205078125,4943299
2018-08-02,17495.490234375,18485.6484375,18485.6484375,17850.646484375,18344.537109375,4993557
2018-08-03,17729.212890625,18732.595703125,18838.4296875,18556.205078125,18767.873046875,3664639
2018-08-06,17929.5390625,18944.26171875,19473.431640625,18379.814453125,18767.873046875,4623694
2018-08-07,18330.19921875,19367.59765625,19543.98828125,18556.205078125,18556.205078125,5254371
2018-08-08,19498.791015625,20602.326171875,20602.326171875,19402.876953125,19402.876953125,6388181
2018-08-09,19265.072265625,20355.380859375,21025.662109375,20320.103515625,20813.994140625,4881277
2018-08-10,19966.23046875,21096.21875,21096.21875,20108.435546875,20178.990234375,6269878
2018-08-13,20366.884765625,21519.552734375,21766.5,20884.55078125,20955.10546875,5201803
2018-08-14,20033.00390625,21166.7734375,21625.38671875,21096.21875,21519.552734375,3099981
2018-08-15,19565.568359375,20672.8828125,21660.666015625,20178.990234375,21519.552734375,7010142
2018-08-16,20033.00390625,21166.7734375,21202.052734375,19755.65625,20425.9375,7111239
2018-08-17,20767.55078125,21942.888671875,22366.224609375,21237.330078125,21590.109375,6611494
2018-08-20,20967.880859375,22154.556640625,22436.78125,21731.220703125,21872.333984375,5064352
2018-08-21,22036.306640625,23283.451171875,23283.451171875,21872.333984375,21872.333984375,5769126
2018-08-22,21702.423828125,22930.671875,23777.341796875,22860.115234375,23424.5625,6160617
2018-08-23,22069.693359375,23318.728515625,23636.23046875,22719.00390625,23071.783203125,4727583
2018-08-24,22303.41015625,23565.67578125,23671.509765625,23001.228515625,23001.228515625,3933546
2018-08-27,22704.07421875,23989.009765625,24059.56640625,23600.953125,23777.341796875,3602788
2018-08-28,22503.740234375,23777.341796875,24200.677734375,23495.119140625,24200.677734375,3660260
2018-08-29,22470.353515625,23742.064453125,24059.56640625,23671.509765625,23777.341796875,3287903
2018-08-30,23305.060546875,24624.013671875,24624.013671875,23636.23046875,23706.787109375,4657724
2018-08-31,22971.1796875,24271.234375,24694.5703125,24200.677734375,24553.45703125,3311132
2018-09-03,22971.1796875,24271.234375,24271.234375,24271.234375,24271.234375,0
2018-09-04,21702.423828125,22930.671875,23989.009765625,22719.00390625,23989.009765625,5795389
2018-09-05,22103.083984375,23354.0078125,23530.396484375,22683.7265625,22719.00390625,4653529
2018-09-06,21869.36328125,23107.0625,23424.5625,22860.115234375,23354.0078125,2725767
2018-09-07,22637.29296875,23918.455078125,24094.84375,22930.671875,22930.671875,4494336
2018-09-10,22704.07421875,23989.009765625,24341.7890625,23636.23046875,23847.8984375,4363673
2018-09-11,23572.169921875,24906.23828125,24976.79296875,23918.455078125,23989.009765625,6195270
2018-09-12,23204.896484375,24518.1796875,25117.904296875,24518.1796875,25047.349609375,3583073
2018-09-13,23371.837890625,24694.5703125,25047.349609375,24341.7890625,24835.681640625,4230219
2018-09-14,23271.673828125,24588.736328125,25047.349609375,24482.90234375,24906.23828125,2347414
2018-09-17,22837.626953125,24130.123046875,24765.125,24130.123046875,24482.90234375,3067354
2018-09-18,23538.78125,24870.958984375,24906.23828125,23636.23046875,23847.8984375,5849970
2018-09-19,23572.169921875,24906.23828125,25364.8515625,24835.681640625,25047.349609375,4171259
2018-09-20,23705.72265625,25047.349609375,25223.73828125,24588.736328125,24906.23828125,3266629
2018-09-21,23572.169921875,24906.23828125,25223.73828125,24447.623046875,25188.4609375,6563617
2018-09-24,23305.060546875,24624.013671875,25117.904296875,24588.736328125,24906.23828125,3435488
2018-09-25,23371.837890625,24694.5703125,25117.904296875,24412.345703125,24518.1796875,2579684
2018-09-26,23305.060546875,24624.013671875,25012.0703125,24624.013671875,24659.291015625,2772978
2018-09-27,23138.119140625,24447.623046875,24729.84765625,24447.623046875,24694.5703125,2939640
2018-09-28,23505.390625,24835.681640625,25153.18359375,24482.90234375,24624.013671875,4000954
2018-10-01,23204.896484375,24518.1796875,25047.349609375,24412.345703125,24835.681640625,2456477
2018-10-02,24173.16015625,25541.240234375,25682.3515625,24341.7890625,24553.45703125,7369091
2018-10-03,24473.654296875,25858.7421875,25929.298828125,25541.240234375,25611.796875,3346792
2018-10-04,24540.43359375,25929.298828125,25964.576171875,25611.796875,25894.01953125,2664255
2018-10-05,23705.72265625,25047.349609375,25823.46484375,25047.349609375,25682.3515625,4018033
2018-10-08,24039.607421875,25400.12890625,25541.240234375,24624.013671875,24835.681640625,4632297
2018-10-09,24106.384765625,25470.685546875,25752.908203125,25259.017578125,25470.685546875,1800189
2018-10-10,23605.556640625,24941.515625,25541.240234375,24835.681640625,25541.240234375,2948044
2018-10-11,21969.52734375,23212.89453125,24200.677734375,23212.89453125,23354.0078125,9316724
2018-10-12,22570.517578125,23847.8984375,24094.84375,22577.892578125,23283.451171875,3771434
2018-10-15,21769.201171875,23001.228515625,23989.009765625,23001.228515625,23989.009765625,1700155
2018-10-16,22370.1875,23636.23046875,23636.23046875,23001.228515625,23001.228515625,2231478
2018-10-17,23104.732421875,24412.345703125,24553.45703125,23953.732421875,23989.009765625,4068177
2018-10-18,23104.732421875,24412.345703125,24800.404296875,23847.8984375,24271.234375,4751635
2018-10-19,23104.732421875,24412.345703125,24518.1796875,23847.8984375,23989.009765625,2849980
2018-10-22,23371.837890625,24694.5703125,25012.0703125,24482.90234375,24694.5703125,5164117
2018-10-23,23305.060546875,24624.013671875,24835.681640625,23636.23046875,24553.45703125,5171543
2018-10-24,21769.201171875,23001.228515625,24694.5703125,23001.228515625,24624.013671875,3161620
2018-10-25,20834.326171875,22013.4453125,22577.892578125,21413.71875,21413.71875,6508738
2018-10-26,20433.6640625,21590.109375,22789.560546875,21590.109375,22577.892578125,2661647
2018-10-29,19298.4609375,20390.658203125,21731.220703125,20320.103515625,21519.552734375,3519123
2018-10-30,18430.36328125,19473.431640625,20955.10546875,19473.431640625,20108.435546875,4450952
2018-10-31,19699.119140625,20813.994140625,20813.994140625,19896.767578125,20108.435546875,2367413
2018-11-01,20266.72265625,21413.71875,22225.11328125,21378.44140625,22189.833984375,4215252
2018-11-02,21669.033203125,22895.39453125,22895.39453125,21731.220703125,21872.333984375,4917362
2018-11-05,21902.75390625,23142.33984375,23142.33984375,22295.66796875,22577.892578125,2455272
2018-11-06,21368.537109375,22577.892578125,23389.28515625,22472.05859375,23283.451171875,2600731
2018-11-07,21669.033203125,22895.39453125,23177.6171875,22507.3359375,22577.892578125,3000797
2018-11-08,21669.033203125,22895.39453125,23636.23046875,22860.115234375,23636.23046875,2450071
2018-11-09,21168.208984375,22366.224609375,22930.671875,22330.947265625,22719.00390625,2537207
2018-11-12,21502.08984375,22719.00390625,22895.39453125,21942.888671875,21942.888671875,1889125
2018-11-13,20700.771484375,21872.333984375,22401.501953125,21872.333984375,22084.0,2911662
2018-11-14,20033.00390625,21166.7734375,22225.11328125,21166.7734375,21872.333984375,2142145
2018-11-15,20700.771484375,21872.333984375,22436.78125,21096.21875,21166.7734375,2231124
2018-11-16,21502.08984375,22719.00390625,22895.39453125,22225.11328125,22225.11328125,3316348
2018-11-19,21502.08984375,22719.00390625,22965.94921875,22577.892578125,22719.00390625,2155141
2018-11-20,21168.208984375,22366.224609375,22577.892578125,22189.833984375,22189.833984375,1845316
2018-11-21,21368.537109375,22577.892578125,22719.00390625,21978.166015625,22013.4453125,2477425
2018-11-22,21268.375,22472.05859375,22895.39453125,22436.78125,22719.00390625,2644866
2018-11-23,21168.208984375,22366.224609375,22648.447265625,22295.66796875,22436.78125,1900436
2018-11-26,21134.822265625,22330.947265625,22542.61328125,22154.556640625,22154.556640625,1120969
2018-11-27,21001.263671875,22189.833984375,22577.892578125,21872.333984375,22507.3359375,1958772
2018-11-28,21068.044921875,22260.390625,22330.947265625,22084.0,22189.833984375,1083013
2018-11-29,20867.712890625,22048.72265625,22577.892578125,22048.72265625,22260.390625,3516345
2018-11-30,20967.880859375,22154.556640625,22436.78125,21590.109375,21590.109375,3701178
2018-12-03,22403.578125,23671.509765625,23671.509765625,22436.78125,22577.892578125,4910814
2018-12-04,22303.41015625,23565.67578125,24059.56640625,23424.5625,23671.509765625,3365061
2018-12-05,22603.90625,23883.17578125,24024.2890625,23142.33984375,23283.451171875,3649120
2018-12-06,22503.740234375,23777.341796875,23883.17578125,23424.5625,23777.341796875,2812110
2018-12-07,22503.740234375,23777.341796875,24271.234375,23742.064453125,23847.8984375,1729422
2018-12-10,22503.740234375,23777.341796875,24059.56640625,23459.841796875,23777.341796875,2206165
2018-12-11,22403.578125,23671.509765625,23883.17578125,23565.67578125,23777.341796875,1628198
2018-12-12,22403.578125,23671.509765625,23671.509765625,23671.509765625,23671.509765625,0
2018-12-13,22904.404296875,24200.677734375,24659.291015625,24200.677734375,24659.291015625,2282544
2018-12-14,22637.29296875,23918.455078125,24553.45703125,23847.8984375,24130.123046875,1721514
2018-12-17,22169.859375,23424.5625,24024.2890625,23424.5625,23600.953125,3221345
2018-12-18,22470.353515625,23742.064453125,23742.064453125,22930.671875,23071.783203125,3328381
2018-12-19,22236.63671875,23495.119140625,23953.732421875,23495.119140625,23742.064453125,1862834
2018-12-20,22670.685546875,23953.732421875,24165.400390625,23565.67578125,23636.23046875,2318189
2018-12-21,22704.07421875,23989.009765625,24024.2890625,23565.67578125,23847.8984375,1001064
2018-12-24,22704.07421875,23989.009765625,24518.1796875,23847.8984375,23989.009765625,2633230
2018-12-25,21869.36328125,23107.0625,23812.62109375,22366.224609375,23424.5625,2590399
2018-12-26,21769.201171875,23001.228515625,23600.953125,22965.94921875,23107.0625,1469557
2018-12-27,22704.07421875,23989.009765625,24306.51171875,23671.509765625,23847.8984375,2329386
2018-12-28,22971.1796875,24271.234375,24271.234375,23742.064453125,23847.8984375,3021461
2018-12-31,22971.1796875,24271.234375,24271.234375,24271.234375,24271.234375,0
2019-01-01,22971.1796875,24271.234375,24271.234375,24271.234375,24271.234375,0
2019-01-02,22370.1875,23636.23046875,24271.234375,23600.953125,24271.234375,1141931
2019-01-03,21368.537109375,22577.892578125,23847.8984375,22577.892578125,23636.23046875,1569677
2019-01-04,21068.044921875,22260.390625,22542.61328125,21731.220703125,22225.11328125,2065454
2019-01-07,21568.8671875,22789.560546875,23283.451171875,22577.892578125,22577.892578125,1142441
2019-01-08,21368.537109375,22577.892578125,23001.228515625,22507.3359375,23001.228515625,791627
2019-01-09,22036.306640625,23283.451171875,23318.728515625,22648.447265625,22789.560546875,1524648
2019-01-10,21702.423828125,22930.671875,23354.0078125,22930.671875,23283.451171875,582077
2019-01-11,21301.763671875,22507.3359375,23142.33984375,22472.05859375,22930.671875,1335026
2019-01-14,21301.763671875,22507.3359375,22824.837890625,22189.833984375,22507.3359375,1071377
2019-01-15,21702.423828125,22930.671875,23142.33984375,22401.501953125,22401.501953125,823049
2019-01-16,21502.08984375,22719.00390625,23107.0625,22719.00390625,23071.783203125,515449
2019-01-17,21335.1484375,22542.61328125,22860.115234375,22507.3359375,22719.00390625,421736
2019-01-18,21168.208984375,22366.224609375,22789.560546875,22330.947265625,22542.61328125,721612
2019-01-21,21936.140625,23177.6171875,23530.396484375,22366.224609375,22577.892578125,1711493
2019-01-22,21869.36328125,23107.0625,23354.0078125,23071.783203125,23212.89453125,799280
2019-01-23,21835.9765625,23071.783203125,23177.6171875,22648.447265625,22860.115234375,648790
2019-01-24,21702.423828125,22930.671875,23177.6171875,22930.671875,22965.94921875,821391
2019-01-25,21401.927734375,22613.169921875,23071.783203125,22577.892578125,23071.783203125,809258
2019-01-28,21301.763671875,22507.3359375,22824.837890625,22436.78125,22613.169921875,772706
2019-01-29,21168.208984375,22366.224609375,22507.3359375,22260.390625,22507.3359375,901256
2019-01-30,21168.208984375,22366.224609375,22754.28125,22295.66796875,22507.3359375,608609
2019-01-31,21034.65625,22225.11328125,22719.00390625,22225.11328125,22719.00390625,961124
2019-02-01,21101.431640625,22295.66796875,22472.05859375,22154.556640625,22189.833984375,761169
2019-02-04,21101.431640625,22295.66796875,22295.66796875,22295.66796875,22295.66796875,0
2019-02-05,21101.431640625,22295.66796875,22295.66796875,22295.66796875,22295.66796875,0
2019-02-06,21101.431640625,22295.66796875,22295.66796875,22295.66796875,22295.66796875,0
2019-02-07,21101.431640625,22295.66796875,22295.66796875,22295.66796875,22295.66796875,0
2019-02-08,21101.431640625,22295.66796875,22295.66796875,22295.66796875,22295.66796875,0
2019-02-11,21335.1484375,22542.61328125,22754.28125,22436.78125,22472.05859375,895332
2019-02-12,21669.033203125,22895.39453125,23071.783203125,22613.169921875,22613.169921875,1978260
2019-02-13,21702.423828125,22930.671875,23001.228515625,22754.28125,22965.94921875,2207908
2019-02-14,21635.64453125,22860.115234375,22965.94921875,22824.837890625,22930.671875,1443606
2019-02-15,22136.46875,23389.28515625,23847.8984375,22648.447265625,22824.837890625,2299637
2019-02-18,22136.46875,23389.28515625,23389.28515625,23389.28515625,23389.28515625,0
2019-02-19,21969.52734375,23212.89453125,23812.62109375,23212.89453125,23636.23046875,1620176
2019-02-20,22704.07421875,23989.009765625,24624.013671875,23036.505859375,23142.33984375,3346438
2019-02-21,22871.013671875,24165.400390625,24447.623046875,23989.009765625,24165.400390625,3058382
2019-02-22,22704.07421875,23989.009765625,24482.90234375,23989.009765625,24130.123046875,2068898
2019-02-25,22704.07421875,23989.009765625,24341.7890625,23777.341796875,24341.7890625,2391720
2019-02-26,22436.96484375,23706.787109375,23989.009765625,23636.23046875,23777.341796875,1998046
2019-02-27,22436.96484375,23706.787109375,23953.732421875,23636.23046875,23706.787109375,1061654
2019-02-28,21702.423828125,22930.671875,23812.62109375,22930.671875,23706.787109375,2541927
2019-03-01,21936.140625,23177.6171875,23354.0078125,23001.228515625,23001.228515625,1634349
2019-03-04,22436.96484375,23706.787109375,23812.62109375,23283.451171875,23354.0078125,1301577
2019-03-05,23104.732421875,24412.345703125,24906.23828125,23424.5625,23424.5625,5974892
2019-03-06,23204.896484375,24518.1796875,24624.013671875,24271.234375,24412.345703125,2270057
2019-03-07,23305.060546875,24624.013671875,24870.958984375,24482.90234375,24694.5703125,2413192
2019-03-08,23305.060546875,24624.013671875,24624.013671875,24624.013671875,24624.013671875,0
2019-03-11,22470.353515625,23742.064453125,24059.56640625,23600.953125,24059.56640625,1611842
2019-03-12,23705.72265625,25047.349609375,25047.349609375,23847.8984375,24059.56640625,2395972
2019-03-13,23772.498046875,25117.904296875,25364.8515625,24835.681640625,24906.23828125,4054826
2019-03-14,24173.16015625,25541.240234375,25894.01953125,24835.681640625,25117.904296875,3757360
2019-03-15,24840.92578125,26246.798828125,26458.466796875,25329.572265625,25541.240234375,4507403
2019-03-18,24907.701171875,26317.35546875,26529.0234375,26035.1328125,26246.798828125,4146796
2019-03-19,24440.265625,25823.46484375,26317.35546875,25752.908203125,26211.521484375,3995568
2019-03-20,24106.384765625,25470.685546875,25752.908203125,25047.349609375,25505.962890625,3827630
2019-03-21,23238.287109375,24553.45703125,25858.7421875,24553.45703125,25576.517578125,3174291
2019-03-22,23438.61328125,24765.125,25188.4609375,24553.45703125,24976.79296875,2660471
2019-03-25,23037.95703125,24341.7890625,24694.5703125,23636.23046875,24059.56640625,2966299
2019-03-26,22904.404296875,24200.677734375,24765.125,24130.123046875,24624.013671875,1476970
2019-03-27,23305.060546875,24624.013671875,24765.125,24200.677734375,24588.736328125,1752581
2019-03-28,23772.498046875,25117.904296875,25294.294921875,24306.51171875,24306.51171875,3113233
2019-03-29,23906.0546875,25259.017578125,25400.12890625,25117.904296875,25117.904296875,2345359
2019-04-01,23705.72265625,25047.349609375,25611.796875,24906.23828125,25259.017578125,1289502
2019-04-02,23238.287109375,24553.45703125,25400.12890625,24553.45703125,25400.12890625,2060110
2019-04-03,23839.27734375,25188.4609375,25470.685546875,24306.51171875,24553.45703125,2686819
2019-04-04,23572.169921875,24906.23828125,25400.12890625,24800.404296875,25400.12890625,1500285
2019-04-05,23405.228515625,24729.84765625,25188.4609375,24553.45703125,24906.23828125,1045482
2019-04-08,23705.72265625,25047.349609375,25082.626953125,24553.45703125,24553.45703125,1477778
2019-04-09,23872.6640625,25223.73828125,25541.240234375,25047.349609375,25047.349609375,2950199
2019-04-10,23505.390625,24835.681640625,25259.017578125,24835.681640625,25223.73828125,740575
2019-04-11,23472.005859375,24800.404296875,25047.349609375,24659.291015625,24906.23828125,912694
2019-04-12,23204.896484375,24518.1796875,24835.681640625,24482.90234375,24765.125,1267661
2019-04-15,23204.896484375,24518.1796875,24518.1796875,24518.1796875,24518.1796875,0
2019-04-16,23705.72265625,25047.349609375,25117.904296875,24130.123046875,24412.345703125,1990648
2019-04-17,23238.287109375,24553.45703125,25047.349609375,24553.45703125,25047.349609375,1208190
2019-04-18,23238.287109375,24553.45703125,24976.79296875,24447.623046875,24553.45703125,1440077
2019-04-19,23271.673828125,24588.736328125,24835.681640625,24482.90234375,24553.45703125,416506
2019-04-22,22837.626953125,24130.123046875,24588.736328125,23953.732421875,24588.736328125,974347
2019-04-23,22837.626953125,24130.123046875,24412.345703125,23953.732421875,24412.345703125,1425451
2019-04-24,23104.732421875,24412.345703125,24553.45703125,24200.677734375,24341.7890625,762657
2019-04-25,23037.95703125,24341.7890625,24694.5703125,24341.7890625,24412.345703125,658513
2019-04-26,23238.287109375,24553.45703125,24624.013671875,24341.7890625,24341.7890625,686264
2019-04-29,23238.287109375,24553.45703125,24553.45703125,24553.45703125,24553.45703125,0
2019-04-30,23238.287109375,24553.45703125,24553.45703125,24553.45703125,24553.45703125,0
2019-05-01,23238.287109375,24553.45703125,24553.45703125,24553.45703125,24553.45703125,0
2019-05-02,23037.95703125,24341.7890625,24694.5703125,24341.7890625,24694.5703125,685215
2019-05-03,22837.626953125,24130.123046875,24553.45703125,24130.123046875,24341.7890625,787077
2019-05-06,22103.083984375,23354.0078125,23918.455078125,23283.451171875,23742.064453125,1729493
2019-05-07,22103.083984375,23354.0078125,23918.455078125,23212.89453125,23495.119140625,1345245
2019-05-08,21602.2578125,22824.837890625,23283.451171875,22824.837890625,23071.783203125,1598604
2019-05-09,20767.55078125,21942.888671875,23142.33984375,21872.333984375,23036.505859375,2746701
2019-05-10,21368.537109375,22577.892578125,22719.00390625,22154.556640625,22225.11328125,1556255
2019-05-13,21835.9765625,23071.783203125,23142.33984375,22577.892578125,22577.892578125,1103295
2019-05-14,21635.64453125,22860.115234375,23001.228515625,22577.892578125,22895.39453125,1547198
2019-05-15,21969.52734375,23212.89453125,23354.0078125,22789.560546875,23001.228515625,2069365
2019-05-16,21769.201171875,23001.228515625,23283.451171875,22895.39453125,23248.173828125,1100120
2019-05-17,21468.703125,22683.7265625,23071.783203125,22577.892578125,23071.783203125,1330292
2019-05-20,21835.9765625,23071.783203125,23212.89453125,22648.447265625,22648.447265625,1361841
2019-05-21,22069.693359375,23318.728515625,23459.841796875,23001.228515625,23071.783203125,2432595
2019-05-22,22169.859375,23424.5625,23706.787109375,23318.728515625,23318.728515625,1789686
2019-05-23,22303.41015625,23565.67578125,23565.67578125,23001.228515625,23283.451171875,1127148
2019-05-24,21702.423828125,22930.671875,23459.841796875,22930.671875,23354.0078125,2141450
2019-05-27,21769.201171875,23001.228515625,23071.783203125,22860.115234375,22930.671875,745550
2019-05-28,21568.8671875,22789.560546875,23142.33984375,22683.7265625,22930.671875,1249519
2019-05-29,21368.537109375,22577.892578125,22895.39453125,22542.61328125,22789.560546875,1271275
2019-05-30,21234.986328125,22436.78125,22789.560546875,22436.78125,22719.00390625,952195
2019-05-31,21034.65625,22225.11328125,22507.3359375,22189.833984375,22330.947265625,1295639
2019-06-03,20433.6640625,21590.109375,22225.11328125,21590.109375,22154.556640625,1841163
2019-06-04,21368.537109375,22577.892578125,22577.892578125,21554.83203125,21590.109375,1228869
2019-06-05,20967.880859375,22154.556640625,22719.00390625,22154.556640625,22577.892578125,684180
2019-06-06,20901.1015625,22084.0,22366.224609375,21801.77734375,22154.556640625,467147
2019-06-07,21168.208984375,22366.224609375,22366.224609375,22084.0,22084.0,650987
2019-06-10,21168.208984375,22366.224609375,22648.447265625,22366.224609375,22436.78125,668306
2019-06-11,21301.763671875,22507.3359375,22577.892578125,22295.66796875,22436.78125,828265
2019-06-12,21034.65625,22225.11328125,22507.3359375,22189.833984375,22366.224609375,497917
2019-06-13,21034.65625,22225.11328125,22401.501953125,22154.556640625,22154.556640625,409802
2019-06-14,21468.703125,22683.7265625,22754.28125,22225.11328125,22366.224609375,2252993
2019-06-17,21435.3125,22648.447265625,22965.94921875,22542.61328125,22719.00390625,983206
2019-06-18,21368.537109375,22577.892578125,22648.447265625,22366.224609375,22507.3359375,387890
2019-06-19,21368.537109375,22577.892578125,22860.115234375,22542.61328125,22860.115234375,654544
2019-06-20,21802.587890625,23036.505859375,23071.783203125,22507.3359375,22577.892578125,1619113
2019-06-21,21702.423828125,22930.671875,23248.173828125,22895.39453125,23071.783203125,711010
2019-06-24,21769.201171875,23001.228515625,23283.451171875,22860.115234375,23036.505859375,1063156
2019-06-25,21435.3125,22648.447265625,23071.783203125,22648.447265625,23001.228515625,1040947
2019-06-26,21702.423828125,22930.671875,22965.94921875,22507.3359375,22577.892578125,1491738
2019-06-27,21368.537109375,22577.892578125,22895.39453125,22577.892578125,22895.39453125,942259
2019-06-28,21168.208984375,22366.224609375,22719.00390625,22154.556640625,22577.892578125,925776
2019-07-01,21602.2578125,22824.837890625,22930.671875,22648.447265625,22719.00390625,780147
2019-07-02,21401.927734375,22613.169921875,22860.115234375,22613.169921875,22648.447265625,644510
2019-07-03,21435.3125,22648.447265625,22860.115234375,22577.892578125,22577.892578125,580929
2019-07-04,21902.75390625,23142.33984375,23177.6171875,22719.00390625,22860.115234375,1625873
2019-07-05,21902.75390625,23142.33984375,23424.5625,23001.228515625,23036.505859375,1707553
2019-07-08,21735.8125,22965.94921875,23212.89453125,22860.115234375,23212.89453125,799621
2019-07-09,21769.201171875,23001.228515625,23071.783203125,22860.115234375,22860.115234375,572141
2019-07-10,21635.64453125,22860.115234375,23177.6171875,22860.115234375,23001.228515625,990831
2019-07-11,22336.80078125,23600.953125,23636.23046875,22860.115234375,23001.228515625,3488070
2019-07-12,22303.41015625,23565.67578125,23847.8984375,23495.119140625,23636.23046875,2008336
2019-07-15,22236.63671875,23495.119140625,23636.23046875,23459.841796875,23495.119140625,1294675
2019-07-16,23071.34375,24377.068359375,24377.068359375,23600.953125,23600.953125,4660034
2019-07-17,23071.34375,24377.068359375,24624.013671875,24165.400390625,24341.7890625,2199475
2019-07-18,23171.509765625,24482.90234375,24482.90234375,24130.123046875,24306.51171875,2044421
2019-07-19,23305.060546875,24624.013671875,24976.79296875,24482.90234375,24694.5703125,2427875
2019-07-22,23872.6640625,25223.73828125,25364.8515625,24694.5703125,24835.681640625,4057859
2019-07-23,23538.78125,24870.958984375,25223.73828125,24482.90234375,25223.73828125,3022935
2019-07-24,23004.56640625,24306.51171875,24976.79296875,24130.123046875,24976.79296875,2673454
2019-07-25,23004.56640625,24306.51171875,24306.51171875,24306.51171875,24306.51171875,0
2019-07-26,23004.56640625,24306.51171875,24306.51171875,24306.51171875,24306.51171875,0
2019-07-29,23004.56640625,24306.51171875,24306.51171875,24306.51171875,24306.51171875,0
2019-07-30,23004.56640625,24306.51171875,24306.51171875,24306.51171875,24306.51171875,0
2019-07-31,23705.72265625,25047.349609375,25047.349609375,24482.90234375,24694.5703125,1323262
2019-08-01,23672.3359375,25012.0703125,25047.349609375,24729.84765625,25047.349609375,1055432
2019-08-02,23906.0546875,25259.017578125,25400.12890625,24624.013671875,24694.5703125,2585311
2019-08-05,23906.0546875,25259.017578125,25259.017578125,25012.0703125,25047.349609375,2790694
2019-08-06,23906.0546875,25259.017578125,25259.017578125,25259.017578125,25259.017578125,0
2019-08-07,23171.509765625,24482.90234375,25047.349609375,24482.90234375,24941.515625,1532656
2019-08-08,23171.509765625,24482.90234375,24800.404296875,24447.623046875,24482.90234375,1288311
2019-08-09,23171.509765625,24482.90234375,24694.5703125,24130.123046875,24694.5703125,1414353
2019-08-12,23605.556640625,24941.515625,24976.79296875,24024.2890625,24588.736328125,1946427
2019-08-13,23305.060546875,24624.013671875,24976.79296875,24518.1796875,24729.84765625,1158031
2019-08-14,23438.61328125,24765.125,24976.79296875,24518.1796875,24906.23828125,737925
2019-08-15,23438.61328125,24765.125,24765.125,24341.7890625,24341.7890625,781125
2019-08-16,24039.607421875,25400.12890625,25894.01953125,24624.013671875,24694.5703125,4587907
2019-08-19,24507.041015625,25894.01953125,26105.6875,25611.796875,25752.908203125,1605761
2019-08-20,24573.81640625,25964.576171875,26070.41015625,25788.185546875,26070.41015625,1134135
2019-08-21,25274.974609375,26705.4140625,26987.63671875,25752.908203125,25752.908203125,3814563
2019-08-22,25108.033203125,26529.0234375,26881.802734375,26458.466796875,26811.24609375,2294549
2019-08-23,25074.64453125,26493.74609375,26670.134765625,26211.521484375,26670.134765625,1384759
2019-08-26,25274.974609375,26705.4140625,26705.4140625,25823.46484375,26035.1328125,2561061
2019-08-27,25041.255859375,26458.466796875,27093.470703125,26458.466796875,27022.9140625,1659378
2019-08-28,25108.033203125,26529.0234375,26811.24609375,26387.912109375,26458.466796875,1321901
2019-08-29,25308.36328125,26740.69140625,26740.69140625,26352.6328125,26529.0234375,1885256
2019-08-30,25875.962890625,27340.416015625,27375.693359375,26775.96875,26952.359375,3099640
2019-09-02,25875.962890625,27340.416015625,27340.416015625,27340.416015625,27340.416015625,0
2019-09-03,25842.576171875,27305.138671875,27587.361328125,27269.861328125,27375.693359375,1176967
2019-09-04,25775.798828125,27234.58203125,27375.693359375,26811.24609375,27305.138671875,1306141
2019-09-05,25709.0234375,27164.02734375,27552.083984375,27164.02734375,27375.693359375,1331057
2019-09-06,25375.13671875,26811.24609375,27164.02734375,26493.74609375,27164.02734375,2165658
2019-09-09,25441.9140625,26881.802734375,26881.802734375,26634.857421875,26811.24609375,1136446
2019-09-10,25575.46875,27022.9140625,27234.58203125,26670.134765625,26775.96875,1422885
2019-09-11,25508.693359375,26952.359375,27093.470703125,26775.96875,26811.24609375,735969
2019-09-12,25809.189453125,27269.861328125,27340.416015625,26811.24609375,27058.193359375,2499322
2019-09-13,26610.51171875,28116.53125,28116.53125,27234.58203125,27410.97265625,3264162
2019-09-16,26710.673828125,28222.365234375,28786.8125,28081.25390625,28116.53125,1772792
2019-09-17,27378.439453125,28927.923828125,28927.923828125,27799.029296875,28010.697265625,2220721
2019-09-18,27478.60546875,29033.7578125,29104.314453125,28610.421875,28857.369140625,2310663
2019-09-19,27244.888671875,28786.8125,29104.314453125,28751.53515625,29069.037109375,1459112
2019-09-20,26710.673828125,28222.365234375,28998.48046875,28081.25390625,28786.8125,3124330
2019-09-23,26476.955078125,27975.419921875,28575.14453125,27940.140625,28010.697265625,1544236
2019-09-24,26343.400390625,27834.30859375,28222.365234375,27834.30859375,28081.25390625,1163871
2019-09-25,26643.896484375,28151.80859375,28151.80859375,27446.25,27693.1953125,2048134
2019-09-26,26810.83984375,28328.19921875,28716.255859375,28151.80859375,28151.80859375,1259015
2019-09-27,26877.615234375,28398.755859375,28504.58984375,28257.642578125,28434.033203125,1242829
2019-09-30,26310.01171875,27799.029296875,28680.978515625,27799.029296875,28363.4765625,2025556
2019-10-01,26710.673828125,28222.365234375,28222.365234375,27799.029296875,27799.029296875,1222321
2019-10-02,26844.224609375,28363.4765625,28786.8125,28187.087890625,28222.365234375,2133329
2019-10-03,27545.3828125,29104.314453125,29104.314453125,28045.974609375,28081.25390625,2748401
2019-10-04,27044.556640625,28575.14453125,29386.537109375,28575.14453125,29139.591796875,1253516
2019-10-07,26977.779296875,28504.58984375,28857.369140625,28222.365234375,28857.369140625,1144028
2019-10-08,27445.216796875,28998.48046875,28998.48046875,28292.921875,28504.58984375,921850
2019-10-09,27545.3828125,29104.314453125,29492.37109375,28786.8125,28998.48046875,2006295
2019-10-10,27378.439453125,28927.923828125,29421.81640625,28927.923828125,29104.314453125,1494828
2019-10-11,27244.888671875,28786.8125,29069.037109375,28716.255859375,28927.923828125,783265
2019-10-14,27478.60546875,29033.7578125,29598.205078125,28822.08984375,28927.923828125,1958673
2019-10-15,27645.546875,29210.1484375,29315.982421875,28927.923828125,28927.923828125,895474
2019-10-16,27478.60546875,29033.7578125,29386.537109375,29033.7578125,29210.1484375,921439
2019-10-17,27244.888671875,28786.8125,29174.869140625,28786.8125,29174.869140625,1135425
2019-10-18,26777.451171875,28292.921875,28786.8125,28222.365234375,28786.8125,1737005
2019-10-21,26243.23828125,27728.474609375,28222.365234375,27728.474609375,28010.697265625,1816318
2019-10-22,26710.673828125,28222.365234375,28222.365234375,27728.474609375,27728.474609375,802413
2019-10-23,26777.451171875,28292.921875,28434.033203125,28116.53125,28222.365234375,645955
2019-10-24,26911.00390625,28434.033203125,28575.14453125,28045.974609375,28292.921875,727323
2019-10-25,26844.224609375,28363.4765625,28610.421875,28081.25390625,28222.365234375,1373052
2019-10-28,27111.333984375,28645.701171875,29069.037109375,28645.701171875,28998.48046875,1133965
2019-10-29,27111.333984375,28645.701171875,28857.369140625,28222.365234375,28857.369140625,1305886
2019-10-30,26844.224609375,28363.4765625,28786.8125,28328.19921875,28575.14453125,1077740
2019-10-31,27111.333984375,28645.701171875,28716.255859375,28257.642578125,28363.4765625,1102218
2019-11-01,27378.439453125,28927.923828125,28998.48046875,28434.033203125,28575.14453125,1673339
2019-11-04,28179.759765625,29774.595703125,29950.984375,28998.48046875,28998.48046875,2472152
2019-11-05,28380.08984375,29986.263671875,29986.263671875,29739.31640625,29845.150390625,1273316
2019-11-06,28179.759765625,29774.595703125,30127.375,29774.595703125,29880.4296875,1163658
2019-11-07,28165.2109375,29351.259765625,29492.37109375,28786.8125,29139.591796875,1566218
2019-11-08,27962.095703125,29139.591796875,29633.484375,29069.037109375,29492.37109375,1034470
2019-11-11,27962.095703125,29139.591796875,29562.927734375,28998.48046875,29104.314453125,1026774
2019-11-12,28503.736328125,29704.0390625,29774.595703125,29139.591796875,29210.1484375,2125278
2019-11-13,29045.375,30268.486328125,30268.486328125,29774.595703125,29774.595703125,2557461
2019-11-14,28774.5546875,29986.263671875,30339.04296875,29704.0390625,30339.04296875,1149556
2019-11-15,28436.03125,29633.484375,30127.375,29633.484375,30092.09765625,889578
2019-11-18,27962.095703125,29139.591796875,29774.595703125,29104.314453125,29492.37109375,1358454
2019-11-19,28199.0625,29386.537109375,29421.81640625,28998.48046875,29139.591796875,958162
2019-11-20,28131.361328125,29315.982421875,29562.927734375,29104.314453125,29562.927734375,349396
2019-11-21,27894.392578125,29069.037109375,29421.81640625,29033.7578125,29280.703125,866957
2019-11-22,27217.34375,28363.4765625,29280.703125,28081.25390625,29280.703125,1475879
2019-11-25,26878.8203125,28010.697265625,28645.701171875,27869.5859375,28363.4765625,1165671
2019-11-26,27081.93359375,28222.365234375,28610.421875,28081.25390625,28434.033203125,576195
2019-11-27,27623.57421875,28786.8125,29210.1484375,28292.921875,28292.921875,1503502
2019-11-28,27522.015625,28680.978515625,28927.923828125,28539.8671875,28927.923828125,561653
2019-11-29,27420.458984375,28575.14453125,28857.369140625,28575.14453125,28575.14453125,555049
2019-12-02,26675.703125,27799.029296875,28434.033203125,27799.029296875,28434.033203125,995026
2019-12-06,26844.966796875,27975.419921875,28363.4765625,27904.86328125,28010.697265625,531394
2019-12-09,27081.93359375,28222.365234375,28222.365234375,27975.419921875,28222.365234375,508206
2019-12-10,27014.228515625,28151.80859375,28469.310546875,28045.974609375,28222.365234375,589121
2019-12-11,27149.640625,28292.921875,28292.921875,28081.25390625,28151.80859375,397032
2019-12-12,27758.982421875,28927.923828125,28927.923828125,28363.4765625,28645.701171875,1026264
2019-12-13,28368.328125,29562.927734375,29598.205078125,28927.923828125,28927.923828125,2021177
2019-12-16,28368.328125,29562.927734375,29809.873046875,29280.703125,29774.595703125,1192940
2019-12-17,28063.654296875,29245.42578125,29562.927734375,29139.591796875,29492.37109375,822723
2019-12-18,28436.03125,29633.484375,30021.541015625,28998.48046875,28998.48046875,2095075
2019-12-19,28571.44140625,29774.595703125,29950.984375,29210.1484375,29704.0390625,995735
2019-12-20,28943.818359375,30162.65234375,30197.931640625,29633.484375,29633.484375,1010461
2019-12-23,30297.916015625,31573.771484375,31714.8828125,30162.65234375,30162.65234375,3462020
2019-12-24,30399.474609375,31679.60546875,31855.994140625,31256.26953125,31432.66015625,1050967
2019-12-25,30602.587890625,31891.2734375,31926.55078125,31115.158203125,31115.158203125,829767
2019-12-26,29925.537109375,31185.712890625,31997.107421875,31185.712890625,31785.439453125,745281
2019-12-27,31279.63671875,32596.83203125,32596.83203125,31044.6015625,31185.712890625,1556226
2019-12-30,31211.9296875,32526.275390625,33267.11328125,32455.720703125,32667.388671875,1236820
2019-12-31,31245.78125,32561.5546875,32808.5,32385.1640625,32596.83203125,893489
2020-01-01,31245.78125,32561.5546875,32561.5546875,32561.5546875,32561.5546875,0
2020-01-02,31753.56640625,33090.72265625,33302.390625,32385.1640625,32455.720703125,1236777
2020-01-03,31618.162109375,32949.61328125,33514.05859375,32949.61328125,33408.2265625,855973
2020-01-06,31008.81640625,32314.607421875,32949.61328125,32314.607421875,32949.61328125,1126043
2020-01-07,31618.162109375,32949.61328125,32949.61328125,31891.2734375,32314.607421875,746769
2020-01-08,31888.982421875,33231.8359375,33796.28125,32314.607421875,32455.720703125,1744474
2020-01-09,33615.45703125,35031.01171875,35207.40234375,33584.61328125,33690.44921875,2229706
2020-01-10,34732.58203125,36195.18359375,36689.07421875,34995.734375,35031.01171875,2135058
2020-01-13,33920.125,35348.51171875,36336.296875,34925.17578125,35207.40234375,772068
2020-01-14,33920.125,35348.51171875,36336.296875,35207.40234375,35348.51171875,1066104
2020-01-15,34529.46875,35983.515625,36195.18359375,35207.40234375,35207.40234375,985445
2020-01-16,36560.609375,38100.19140625,38170.75,35983.515625,35983.515625,1423098
2020-01-17,36222.0859375,37747.4140625,38523.52734375,37465.19140625,38170.75,912028
2020-01-20,36086.6796875,37606.30078125,38241.3046875,37535.74609375,37747.4140625,1079498
2020-01-21,36560.609375,38100.19140625,38452.97265625,37606.30078125,37606.30078125,863995
2020-01-22,37576.18359375,39158.53125,39370.19921875,37959.08203125,38100.19140625,1107476
2020-01-23,37576.18359375,39158.53125,39158.53125,39158.53125,39158.53125,0
2020-01-24,37576.18359375,39158.53125,39158.53125,39158.53125,39158.53125,0
2020-01-27,37576.18359375,39158.53125,39158.53125,39158.53125,39158.53125,0
2020-01-28,37576.18359375,39158.53125,39158.53125,39158.53125,39158.53125,0
2020-01-29,37576.18359375,39158.53125,39158.53125,39158.53125,39158.53125,0
2020-01-30,35680.44921875,37182.96484375,38735.1953125,36689.07421875,38452.97265625,1968240
2020-01-31,34867.99609375,36336.296875,37817.96875,36336.296875,36900.7421875,1636390
2020-02-03,36222.0859375,37747.4140625,38805.75390625,33796.28125,35136.84375,2214640
2020-02-04,36831.43359375,38382.41796875,38594.0859375,37817.96875,38382.41796875,1993128
2020-02-05,36222.0859375,37747.4140625,38946.86328125,37747.4140625,38735.1953125,1018638
2020-02-06,36018.97265625,37535.74609375,38170.75,37394.6328125,37676.859375,2083354
2020-02-07,35003.3984375,36477.40625,37606.30078125,36406.8515625,37182.96484375,2127589
2020-02-10,33243.07421875,34642.953125,36124.62890625,34642.953125,35912.9609375,1575601
2020-02-11,34394.05859375,35842.40234375,36265.73828125,34642.953125,34642.953125,1299791
2020-02-12,34394.05859375,35842.40234375,36547.96484375,35771.84765625,36336.296875,998569
2020-02-13,34123.23828125,35560.1796875,35983.515625,35207.40234375,35771.84765625,820370
2020-02-14,33852.421875,35277.95703125,35701.29296875,35277.95703125,35348.51171875,888713
2020-02-17,34867.99609375,36336.296875,36336.296875,35348.51171875,35419.0703125,1224178
2020-02-18,35206.515625,36689.07421875,37112.41015625,36336.296875,36618.51953125,1246429
2020-02-19,34732.58203125,36195.18359375,36759.62890625,36124.62890625,36689.07421875,527595
2020-02-20,34732.58203125,36195.18359375,36689.07421875,36124.62890625,36618.51953125,783506
2020-02-21,33513.89453125,34925.17578125,36195.18359375,34396.0078125,36195.18359375,3711978
2020-02-24,31347.33984375,32667.388671875,34431.28515625,32667.388671875,34007.94921875,1532415
2020-02-25,33039.9609375,34431.28515625,34431.28515625,31750.16015625,31750.16015625,1245267
2020-02-26,31821.271484375,33161.27734375,34078.5078125,33055.4453125,33584.61328125,887735
2020-02-27,31888.982421875,33231.8359375,33655.171875,32773.22265625,33161.27734375,1024265
2020-02-28,30805.701171875,32102.94140625,32737.943359375,31785.439453125,32455.720703125,1378084
2020-03-02,30568.734375,31855.994140625,32385.1640625,31750.16015625,32385.1640625,805446
2020-03-03,31753.56640625,33090.72265625,33690.44921875,32244.052734375,33020.16796875,1441268
2020-03-05,31584.3046875,32914.33203125,33337.66796875,32808.5,32843.77734375,1236763
2020-03-06,31719.716796875,33055.4453125,33267.11328125,32102.94140625,32102.94140625,788013
2020-03-09,29519.3125,30762.37890625,31538.4921875,30762.37890625,30832.93359375,1337974
2020-03-10,28706.849609375,29915.70703125,31044.6015625,29139.591796875,29986.263671875,1936364
2020-03-11,26709.55859375,27834.30859375,30691.822265625,27834.30859375,30691.822265625,2157196
2020-03-12,24847.67578125,25894.01953125,26599.580078125,25894.01953125,25929.298828125,2170108
2020-03-13,23696.693359375,24694.5703125,25894.01953125,24094.84375,24094.84375,3302756
2020-03-16,22207.1875,23142.33984375,25364.8515625,22965.94921875,24694.5703125,3106174
2020-03-17,22884.234375,23847.8984375,23918.455078125,21590.109375,21590.109375,2514799
2020-03-18,23392.021484375,24377.068359375,25047.349609375,23953.732421875,23989.009765625,2471755
2020-03-19,22613.416015625,23565.67578125,24130.123046875,23107.0625,23953.732421875,1284754
2020-03-20,22410.30078125,23354.0078125,24024.2890625,23212.89453125,23706.787109375,1093203
2020-03-23,20853.087890625,21731.220703125,22507.3359375,21731.220703125,21872.333984375,3867443
2020-03-24,21394.728515625,22295.66796875,22542.61328125,21660.666015625,21872.333984375,1739074
2020-03-25,22478.0078125,23424.5625,23600.953125,23142.33984375,23565.67578125,2284684
2020-03-26,22545.712890625,23495.119140625,24130.123046875,22683.7265625,23283.451171875,1627900
2020-03-27,22342.595703125,23283.451171875,23812.62109375,22860.115234375,23354.0078125,1599029
2020-03-30,20920.79296875,21801.77734375,22507.3359375,21660.666015625,21872.333984375,1940914
2020-03-31,20886.943359375,21766.5,22683.7265625,20813.994140625,22577.892578125,1443918
2020-04-01,21733.25,22648.447265625,23283.451171875,21731.220703125,21801.77734375,1687966
2020-04-02,21733.25,22648.447265625,22648.447265625,22648.447265625,22648.447265625,0
2020-04-03,23222.759765625,24200.677734375,24200.677734375,23001.228515625,23001.228515625,2192615
2020-04-06,24847.67578125,25894.01953125,25894.01953125,24765.125,25188.4609375,2666877
2020-04-07,25050.7890625,26105.6875,26599.580078125,25400.12890625,26458.466796875,2541317
2020-04-08,25693.984375,26775.96875,26811.24609375,24765.125,25259.017578125,2063838
2020-04-09,25524.724609375,26599.580078125,27234.58203125,26564.30078125,26775.96875,1911958
2020-04-10,24983.0859375,26035.1328125,26670.134765625,25894.01953125,26317.35546875,1698766
2020-04-13,25152.345703125,26211.521484375,26599.580078125,25823.46484375,25894.01953125,1498031
2020-04-14,24712.263671875,25752.908203125,26493.74609375,25259.017578125,26140.96484375,1729635
2020-04-15,25253.904296875,26317.35546875,26599.580078125,25894.01953125,25894.01953125,1569067
2020-04-16,25253.904296875,26317.35546875,26317.35546875,25929.298828125,26246.798828125,1715334
2020-04-17,25321.609375,26387.912109375,26952.359375,26246.798828125,26705.4140625,1632336
2020-04-20,25118.49609375,26176.244140625,26811.24609375,26070.41015625,26740.69140625,1944316
2020-04-21,23493.580078125,24482.90234375,25964.576171875,24482.90234375,25400.12890625,3173341
2020-04-22,24509.15234375,25541.240234375,26140.96484375,23354.0078125,23354.0078125,2003800
2020-04-23,24509.15234375,25541.240234375,26246.798828125,25470.685546875,26105.6875,1119580
2020-04-24,24373.7421875,25400.12890625,25717.630859375,24906.23828125,25717.630859375,840340
2020-04-27,23764.396484375,24765.125,25682.3515625,24765.125,25541.240234375,1708829
2020-04-28,23798.251953125,24800.404296875,25259.017578125,24341.7890625,24765.125,835493
2020-04-29,24102.921875,25117.904296875,25329.572265625,24694.5703125,24694.5703125,843997
2020-04-30,24102.921875,25117.904296875,25117.904296875,25117.904296875,25117.904296875,0
2020-05-01,24102.921875,25117.904296875,25117.904296875,25117.904296875,25117.904296875,0
2020-05-04,23899.80859375,24906.23828125,25682.3515625,24765.125,25117.904296875,929234
2020-05-05,23899.80859375,24906.23828125,25259.017578125,24835.681640625,24906.23828125,606115
2020-05-06,24373.7421875,25400.12890625,25400.12890625,24906.23828125,25012.0703125,1047849
2020-05-07,25423.166015625,26493.74609375,26529.0234375,25611.796875,25611.796875,3577942
2020-05-08,25727.837890625,26811.24609375,27728.474609375,26493.74609375,26775.96875,3633387
2020-05-11,26066.36328125,27164.02734375,27516.806640625,26775.96875,27164.02734375,1714569
2020-05-12,26100.21484375,27199.3046875,27269.861328125,26775.96875,27022.9140625,2332844
2020-05-13,26811.11328125,27940.140625,28081.25390625,26670.134765625,27022.9140625,3863460
2020-05-14,26878.8203125,28010.697265625,28575.14453125,27516.806640625,27516.806640625,2827388
2020-05-15,26878.8203125,28010.697265625,28010.697265625,28010.697265625,28010.697265625,0
2020-05-18,26878.8203125,28010.697265625,28010.697265625,28010.697265625,28010.697265625,0
2020-05-19,27014.228515625,28151.80859375,28151.80859375,27446.25,28151.80859375,2389934
2020-05-20,27014.228515625,28151.80859375,28151.80859375,28151.80859375,28151.80859375,0
2020-05-21,26878.8203125,28010.697265625,28328.19921875,27834.30859375,27869.5859375,3507530
2020-05-22,27081.93359375,28222.365234375,28222.365234375,27728.474609375,28010.697265625,1616916
2020-05-25,26844.966796875,27975.419921875,28081.25390625,27516.806640625,27728.474609375,1259001
2020-05-26,28436.03125,29633.484375,29633.484375,28045.974609375,28045.974609375,4186920
2020-05-27,26946.525390625,28081.25390625,30162.65234375,28081.25390625,30162.65234375,3250244
2020-05-28,27555.8671875,28716.255859375,28892.646484375,28081.25390625,28222.365234375,2712586
2020-05-29,27149.640625,28292.921875,28575.14453125,28081.25390625,28504.58984375,2366534
2020-06-01,28063.654296875,29245.42578125,29315.982421875,28398.755859375,28434.033203125,1565184
2020-06-02,27454.30859375,28610.421875,29562.927734375,28575.14453125,29280.703125,2121154
2020-06-03,27758.982421875,28927.923828125,29069.037109375,28575.14453125,28857.369140625,1270099
2020-06-04,28300.62109375,29492.37109375,29845.150390625,28998.48046875,29069.037109375,2853594
2020-06-05,28503.736328125,29704.0390625,29774.595703125,29104.314453125,29492.37109375,1723682
2020-06-08,28503.736328125,29704.0390625,29704.0390625,29704.0390625,29704.0390625,0
2020-06-09,28503.736328125,29704.0390625,29704.0390625,29704.0390625,29704.0390625,0
2020-06-10,29451.60546875,30691.822265625,31115.158203125,29986.263671875,30409.59765625,1838825
2020-06-11,27420.458984375,28575.14453125,30832.93359375,28575.14453125,30691.822265625,3382664
2020-06-12,28774.5546875,29986.263671875,29986.263671875,27869.5859375,27869.5859375,2712161
2020-06-15,27014.228515625,28151.80859375,29845.150390625,28151.80859375,29845.150390625,2130905
2020-06-16,27555.8671875,28716.255859375,29351.259765625,28575.14453125,29280.703125,1358893
2020-06-17,27285.048828125,28434.033203125,28998.48046875,28116.53125,28716.255859375,1158740
2020-06-18,27420.458984375,28575.14453125,28645.701171875,28222.365234375,28434.033203125,892129
2020-06-19,28063.654296875,29245.42578125,29245.42578125,28716.255859375,29069.037109375,1021062
2020-06-22,27962.095703125,29139.591796875,29527.650390625,28786.8125,29280.703125,882874
2020-06-23,27555.8671875,28716.255859375,29174.869140625,28575.14453125,28963.203125,1573362
2020-06-24,27285.048828125,28434.033203125,29069.037109375,28363.4765625,28716.255859375,980909
2020-06-25,27081.93359375,28222.365234375,28398.755859375,28081.25390625,28222.365234375,1122258
2020-06-26,27014.228515625,28151.80859375,28857.369140625,28010.697265625,28857.369140625,1016753
2020-06-29,26066.36328125,27164.02734375,27869.5859375,27093.470703125,27728.474609375,1890996
2020-06-30,25660.1328125,26740.69140625,27552.083984375,26670.134765625,27516.806640625,1221811
2020-07-01,26540.296875,27657.91796875,27799.029296875,26740.69140625,26740.69140625,1090355
2020-07-02,26404.88671875,27516.806640625,27834.30859375,27305.138671875,27834.30859375,710783
2020-07-03,26472.58984375,27587.361328125,27728.474609375,27375.693359375,27693.1953125,775767
2020-07-06,27149.640625,28292.921875,28363.4765625,27587.361328125,27799.029296875,1073885
2020-07-07,27488.166015625,28645.701171875,28822.08984375,28398.755859375,28504.58984375,1555603
2020-07-08,27454.30859375,28610.421875,28716.255859375,28222.365234375,28575.14453125,1089433
2020-07-09,28165.2109375,29351.259765625,29562.927734375,28610.421875,28610.421875,2171015
2020-07-10,28165.2109375,29351.259765625,29351.259765625,29351.259765625,29351.259765625,0
2020-07-13,27962.095703125,29139.591796875,29527.650390625,28927.923828125,29386.537109375,1473327
2020-07-14,27928.24609375,29104.314453125,29139.591796875,28716.255859375,28822.08984375,1404276
2020-07-15,27995.94921875,29174.869140625,29421.81640625,29139.591796875,29421.81640625,978571
2020-07-16,27995.94921875,29174.869140625,29210.1484375,28927.923828125,29174.869140625,670801
2020-07-17,28165.2109375,29351.259765625,29527.650390625,29210.1484375,29210.1484375,1904305
2020-07-20,27623.57421875,28786.8125,29457.09375,28786.8125,29421.81640625,1179731
2020-07-21,27623.57421875,28786.8125,28927.923828125,28469.310546875,28927.923828125,530898
2020-07-22,27081.93359375,28222.365234375,28927.923828125,27869.5859375,28927.923828125,1063837
2020-07-23,26980.37890625,28116.53125,28539.8671875,27975.419921875,28222.365234375,1083254
2020-07-24,25863.248046875,26952.359375,28116.53125,26634.857421875,28116.53125,2562180
2020-07-27,24069.0703125,25082.626953125,26670.134765625,25082.626953125,25400.12890625,2190362
2020-07-28,25626.283203125,26705.4140625,26705.4140625,25400.12890625,25400.12890625,1691637
2020-07-29,25016.939453125,26070.41015625,26246.798828125,25259.017578125,25964.576171875,1028489
2020-07-30,25186.19921875,26246.798828125,26458.466796875,25400.12890625,26458.466796875,595159
2020-07-31,24813.822265625,25858.7421875,26282.078125,25400.12890625,25400.12890625,680155
2020-08-03,25186.19921875,26246.798828125,26352.6328125,25611.796875,25611.796875,916492
2020-08-04,25660.1328125,26740.69140625,26811.24609375,26458.466796875,26811.24609375,700196
2020-08-05,26235.625,27340.416015625,27516.806640625,26529.0234375,26670.134765625,1292549
2020-08-06,25897.1015625,26987.63671875,27446.25,26952.359375,27269.861328125,846505
2020-08-07,25795.54296875,26881.802734375,27234.58203125,26775.96875,26987.63671875,754096
2020-08-10,25795.54296875,26881.802734375,27305.138671875,26881.802734375,27128.748046875,758008
2020-08-11,26066.36328125,27164.02734375,27234.58203125,26881.802734375,27058.193359375,1106583
2020-08-12,26540.296875,27657.91796875,27763.751953125,27234.58203125,27234.58203125,1365314
2020-08-13,26844.966796875,27975.419921875,28010.697265625,27728.474609375,27869.5859375,954547
2020-08-14,26404.88671875,27516.806640625,27940.140625,27375.693359375,27763.751953125,1397062
2020-08-17,26201.771484375,27305.138671875,27516.806640625,27128.748046875,27446.25,894340
2020-08-18,25998.658203125,27093.470703125,27516.806640625,27093.470703125,27516.806640625,940091
2020-08-19,26134.06640625,27234.58203125,27410.97265625,27093.470703125,27093.470703125,490901
2020-08-20,25897.1015625,26987.63671875,27410.97265625,26987.63671875,27234.58203125,1217913
2020-08-21,26371.033203125,27481.52734375,27693.1953125,27093.470703125,27093.470703125,1556793
2020-08-24,26844.966796875,27975.419921875,28151.80859375,27657.91796875,27869.5859375,1333382
2020-08-25,26743.41015625,27869.5859375,28222.365234375,27799.029296875,28151.80859375,1256549
2020-08-26,26641.853515625,27763.751953125,27869.5859375,27728.474609375,27869.5859375,1178781
2020-08-27,26472.58984375,27587.361328125,27799.029296875,27516.806640625,27728.474609375,1552329
2020-08-28,27454.30859375,28610.421875,28927.923828125,27728.474609375,27869.5859375,4298108
2020-08-31,27725.12890625,28892.646484375,29139.591796875,28610.421875,28645.701171875,2843772
2020-09-01,28029.802734375,29210.1484375,29210.1484375,28504.58984375,28575.14453125,3010690
2020-09-02,28029.802734375,29210.1484375,29210.1484375,29210.1484375,29210.1484375,0
2020-09-03,28571.44140625,29774.595703125,29774.595703125,29069.037109375,29280.703125,3778804
2020-09-04,28503.736328125,29704.0390625,29845.150390625,29104.314453125,29139.591796875,2837239
2020-09-07,27488.166015625,28645.701171875,29774.595703125,28645.701171875,29774.595703125,3183914
2020-09-08,27657.42578125,28822.08984375,28927.923828125,28257.642578125,28786.8125,1787957
2020-09-09,27623.57421875,28786.8125,28892.646484375,28292.921875,28363.4765625,1139748
2020-09-10,27420.458984375,28575.14453125,29033.7578125,28575.14453125,28998.48046875,1200197
2020-09-11,27420.458984375,28575.14453125,28575.14453125,28575.14453125,28575.14453125,0
2020-09-14,27420.458984375,28575.14453125,28786.8125,28539.8671875,28610.421875,1320002
2020-09-15,27589.720703125,28751.53515625,29069.037109375,28504.58984375,28716.255859375,1572951
2020-09-16,27454.30859375,28610.421875,28857.369140625,28539.8671875,28857.369140625,774279
2020-09-17,27420.458984375,28575.14453125,28998.48046875,28434.033203125,28716.255859375,2155255
2020-09-18,27758.982421875,28927.923828125,28927.923828125,28575.14453125,28645.701171875,1987062
2020-09-21,27623.57421875,28786.8125,29280.703125,28716.255859375,29069.037109375,1426556
2020-09-22,27555.8671875,28716.255859375,28857.369140625,28539.8671875,28716.255859375,1645120
2020-09-23,28029.802734375,29210.1484375,29562.927734375,28786.8125,28786.8125,2984696
2020-09-24,27691.27734375,28857.369140625,29315.982421875,28786.8125,29069.037109375,2159677
2020-09-25,27623.57421875,28786.8125,28998.48046875,28610.421875,28927.923828125,1891776
2020-09-28,27962.095703125,29139.591796875,29421.81640625,28786.8125,28963.203125,2766600
2020-09-29,27522.015625,28680.978515625,29598.205078125,28645.701171875,29280.703125,2865840
2020-09-30,27623.57421875,28786.8125,28857.369140625,28575.14453125,28716.255859375,1323135
2020-10-01,27725.12890625,28892.646484375,29033.7578125,28786.8125,28786.8125,1641010
2020-10-02,27522.015625,28680.978515625,29245.42578125,27164.02734375,28927.923828125,2493044
2020-10-05,27352.75390625,28504.58984375,28927.923828125,28363.4765625,28927.923828125,2222237
2020-10-06,27386.607421875,28539.8671875,28786.8125,28434.033203125,28610.421875,2137014
2020-10-07,27386.607421875,28539.8671875,28857.369140625,28434.033203125,28504.58984375,1669200
2020-10-08,27352.75390625,28504.58984375,28680.978515625,28081.25390625,28645.701171875,2683531
2020-10-09,27318.900390625,28469.310546875,28575.14453125,28292.921875,28434.033203125,1203768
2020-10-12,27725.12890625,28892.646484375,29598.205078125,28716.255859375,29351.259765625,5008155
2020-10-13,27928.24609375,29104.314453125,29527.650390625,28645.701171875,28927.923828125,2807333
2020-10-14,29045.375,30268.486328125,30303.765625,29280.703125,29492.37109375,9667580
2020-10-15,28605.291015625,29809.873046875,30656.544921875,29774.595703125,30656.544921875,4192136
2020-10-16,28571.44140625,29774.595703125,30480.154296875,29492.37109375,29809.873046875,3418069
2020-10-19,28368.328125,29562.927734375,29950.984375,29421.81640625,29950.984375,3812933
2020-10-20,28436.03125,29633.484375,29986.263671875,29280.703125,29280.703125,2726050
2020-10-21,28672.998046875,29880.4296875,30691.822265625,29739.31640625,29915.70703125,4280208
2020-10-22,29079.23046875,30303.765625,30303.765625,29562.927734375,29845.150390625,2456236
2020-10-23,28977.671875,30197.931640625,30621.265625,30197.931640625,30621.265625,2749592
2020-10-26,27758.982421875,28927.923828125,30339.04296875,28927.923828125,29986.263671875,4789832
2020-10-27,27555.8671875,28716.255859375,29280.703125,28716.255859375,28927.923828125,3735987
2020-10-28,26608.00390625,27728.474609375,28716.255859375,27728.474609375,28575.14453125,4109506
2020-10-29,26167.919921875,27269.861328125,27869.5859375,27128.748046875,27375.693359375,4001351
2020-10-30,26066.36328125,27164.02734375,27657.91796875,26917.080078125,27516.806640625,2378638
2020-11-02,26337.181640625,27446.25,27587.361328125,27164.02734375,27164.02734375,1537404
2020-11-03,26675.703125,27799.029296875,27869.5859375,27516.806640625,27516.806640625,1467247
2020-11-04,26912.671875,28045.974609375,28292.921875,27763.751953125,27799.029296875,1527497
2020-11-05,26438.73828125,27552.083984375,28045.974609375,27552.083984375,28045.974609375,1814490
2020-11-06,26438.73828125,27552.083984375,27834.30859375,27410.97265625,27834.30859375,916521
2020-11-09,26574.146484375,27693.1953125,27834.30859375,27587.361328125,27834.30859375,1683218
2020-11-10,26675.703125,27799.029296875,28222.365234375,27799.029296875,28116.53125,1929235
2020-11-11,26675.703125,27799.029296875,27975.419921875,27622.640625,27799.029296875,1025909
2020-11-12,26811.11328125,27940.140625,28081.25390625,27799.029296875,27869.5859375,1595954
2020-11-13,27285.048828125,28434.033203125,28434.033203125,27975.419921875,28010.697265625,2598435
2020-11-16,27014.228515625,28151.80859375,28786.8125,28151.80859375,28469.310546875,2749039
2020-11-17,27285.048828125,28434.033203125,28434.033203125,28045.974609375,28222.365234375,2062973
2020-11-18,27115.787109375,28257.642578125,28469.310546875,28222.365234375,28434.033203125,2228317
2020-11-19,27352.75390625,28504.58984375,28786.8125,28292.921875,28292.921875,2533423
2020-11-20,27894.392578125,29069.037109375,29104.314453125,28716.255859375,28716.255859375,3575448
2020-11-23,27826.6875,28998.48046875,29280.703125,28610.421875,29280.703125,1864166
2020-11-24,27555.8671875,28716.255859375,28998.48046875,28504.58984375,28963.203125,2775826
2020-11-25,27962.095703125,29139.591796875,29245.42578125,28610.421875,28927.923828125,3933050
2020-11-26,28842.259765625,30056.818359375,30056.818359375,28927.923828125,29139.591796875,6174365
2020-11-27,28740.703125,29950.984375,30233.208984375,29668.76171875,30197.931640625,3293302
2020-11-30,28232.916015625,29421.81640625,29986.263671875,29421.81640625,29950.984375,2421044
2020-12-01,28232.916015625,29421.81640625,29492.37109375,28786.8125,28927.923828125,4129306
2020-12-02,28097.505859375,29280.703125,29633.484375,29210.1484375,29457.09375,2598109
2020-12-03,28165.2109375,29351.259765625,29562.927734375,29210.1484375,29315.982421875,2603311
2020-12-04,28199.0625,29386.537109375,29845.150390625,29280.703125,29351.259765625,3632636
2020-12-07,29113.080078125,30339.04296875,30480.154296875,29527.650390625,29633.484375,5840516
2020-12-08,28909.966796875,30127.375,30550.7109375,29950.984375,30550.7109375,3049694
2020-12-09,29654.71875,30903.490234375,31044.6015625,30162.65234375,30268.486328125,5215480
2020-12-10,29756.27734375,31009.32421875,31609.048828125,30832.93359375,30903.490234375,5429537
2020-12-11,31008.81640625,32314.607421875,32314.607421875,30762.37890625,30974.044921875,6472809
2020-12-14,31482.75,32808.5,32843.77734375,32349.88671875,32561.5546875,4160515
2020-12-15,31211.9296875,32526.275390625,33161.27734375,32349.88671875,32561.5546875,4850592
2020-12-16,32092.09375,33443.50390625,33478.78125,32526.275390625,32526.275390625,4383828
2020-12-17,31415.044921875,32737.943359375,33584.61328125,32737.943359375,33020.16796875,5519849
2020-12-18,31821.271484375,33161.27734375,33514.05859375,32737.943359375,32949.61328125,3447677
2020-12-21,32125.9453125,33478.78125,33866.83984375,32808.5,33866.83984375,3509613
2020-12-22,31719.716796875,33055.4453125,33478.78125,32879.0546875,33478.78125,3876684
2020-12-23,31550.455078125,32879.0546875,33514.05859375,32737.943359375,33161.27734375,2984328
2020-12-24,30805.701171875,32102.94140625,33020.16796875,30974.044921875,32879.0546875,4443539
2020-12-25,31550.455078125,32879.0546875,32949.61328125,31750.16015625,32102.94140625,2215122
2020-12-28,32125.9453125,33478.78125,33866.83984375,33020.16796875,33126.0,4473445
2020-12-29,32735.291015625,34113.78515625,34325.453125,33372.9453125,33372.9453125,4296266
2020-12-30,32532.1796875,33902.1171875,34431.28515625,33866.83984375,34149.0625,2043995
2020-12-31,32883.08203125,33796.28125,33796.28125,33161.27734375,33337.66796875,1902576
2021-01-01,32883.08203125,33796.28125,33796.28125,33796.28125,33796.28125,0
2021-01-04,33123.3515625,34043.2265625,34184.33984375,33690.44921875,33690.44921875,282584
2021-01-05,32883.08203125,33796.28125,33937.39453125,33619.89453125,33796.28125,305530
2021-01-06,33500.92578125,34431.28515625,35701.29296875,33549.3359375,34078.5078125,520792
2021-01-07,33569.5703125,34501.83984375,35207.40234375,34219.6171875,34431.28515625,237896
2021-01-08,33294.9765625,34219.6171875,34784.06640625,34007.94921875,34784.06640625,288409
2021-01-11,33123.3515625,34043.2265625,34290.171875,33796.28125,34219.6171875,391009
2021-01-12,33466.6015625,34396.0078125,34572.3984375,33796.28125,34043.2265625,310292
2021-01-13,33260.65625,34184.33984375,34713.5078125,34149.0625,34431.28515625,233885
2021-01-14,33535.25390625,34466.5625,34572.3984375,33866.83984375,34219.6171875,269970
2021-01-15,33535.25390625,34466.5625,34925.17578125,34466.5625,34784.06640625,340821
2021-01-18,33397.953125,34325.453125,34572.3984375,34290.171875,34501.83984375,238831
2021-01-19,31063.87109375,31926.55078125,34290.171875,31926.55078125,34290.171875,382831
2021-01-20,31235.49609375,32102.94140625,32808.5,29986.263671875,31926.55078125,326903
2021-01-21,31921.990234375,32808.5,32808.5,31891.2734375,32173.49609375,190912
2021-01-22,31063.87109375,31926.55078125,32843.77734375,31820.716796875,32808.5,313481
2021-01-25,30617.65234375,31467.9375,31891.2734375,31326.826171875,31750.16015625,194441
2021-01-26,29210.3359375,30021.541015625,31291.546875,29492.37109375,31291.546875,260332
2021-01-27,28352.21875,29139.591796875,30621.265625,28645.701171875,30021.541015625,297933
2021-01-28,26395.708984375,27128.748046875,28222.365234375,27128.748046875,27516.806640625,381541
2021-01-29,27391.125,28151.80859375,28822.08984375,25752.908203125,25752.908203125,284625
2021-02-01,26841.931640625,27587.361328125,28927.923828125,27269.861328125,28151.80859375,218975
2021-02-02,27013.5546875,27763.751953125,28187.087890625,27199.3046875,27446.25,353946
2021-02-03,28386.54296875,29174.869140625,29280.703125,28010.697265625,28292.921875,262472
2021-02-04,28489.515625,29280.703125,29351.259765625,28857.369140625,29210.1484375,195376
2021-02-05,28695.46484375,29492.37109375,29704.0390625,29139.591796875,29280.703125,181359
2021-02-08,27528.42578125,28292.921875,29633.484375,27552.083984375,29492.37109375,265732
2021-02-09,27528.42578125,28292.921875,28292.921875,28292.921875,28292.921875,0
2021-02-10,27528.42578125,28292.921875,28292.921875,28292.921875,28292.921875,0
2021-02-11,27528.42578125,28292.921875,28292.921875,28292.921875,28292.921875,0
2021-02-12,27528.42578125,28292.921875,28292.921875,28292.921875,28292.921875,0
2021-02-15,27528.42578125,28292.921875,28292.921875,28292.921875,28292.921875,0
2021-02-16,27528.42578125,28292.921875,28292.921875,28292.921875,28292.921875,0
2021-02-17,28901.4140625,29704.0390625,29704.0390625,28822.08984375,28822.08984375,203951
2021-02-18,29793.857421875,30621.265625,30691.822265625,29421.81640625,29774.595703125,331609
2021-02-19,30274.404296875,31115.158203125,31397.380859375,30233.208984375,30339.04296875,287318
2021-02-22,30034.130859375,30868.212890625,31397.380859375,30832.93359375,31115.158203125,215970
2021-02-23,30205.751953125,31044.6015625,31115.158203125,30480.154296875,30868.212890625,217288
2021-02-24,29553.58203125,30374.3203125,31185.712890625,30056.818359375,30974.044921875,232439
2021-02-25,29484.9375,30303.765625,30903.490234375,29774.595703125,30444.876953125,245649
2021-02-26,29931.154296875,30762.37890625,30832.93359375,29845.150390625,30197.931640625,195518
2021-03-01,30274.404296875,31115.158203125,31326.826171875,30762.37890625,30762.37890625,319094
2021-03-02,30240.078125,31079.87890625,31467.9375,30938.767578125,31397.380859375,301037
2021-03-03,30068.453125,30903.490234375,31185.712890625,30832.93359375,31079.87890625,224474
2021-03-04,29347.63671875,30162.65234375,31220.9921875,29845.150390625,31044.6015625,296148
2021-03-05,29107.36328125,29915.70703125,30550.7109375,29633.484375,30162.65234375,263223
2021-03-08,29141.685546875,29950.984375,30621.265625,29845.150390625,30621.265625,226104
2021-03-09,28729.79296875,29527.650390625,29915.70703125,29280.703125,29915.70703125,344506
2021-03-10,28832.765625,29633.484375,29774.595703125,29210.1484375,29633.484375,291470
2021-03-11,29725.208984375,30550.7109375,30762.37890625,30021.541015625,30127.375,237031
2021-03-12,29759.53125,30585.98828125,30832.93359375,30409.59765625,30691.822265625,359487
2021-03-15,29519.259765625,30339.04296875,30762.37890625,30197.931640625,30691.822265625,393971
2021-03-16,29107.36328125,29915.70703125,30480.154296875,29845.150390625,30339.04296875,315168
2021-03-17,29725.208984375,30550.7109375,30621.265625,29598.205078125,29986.263671875,616036
2021-03-18,30892.248046875,31750.16015625,31961.828125,30727.099609375,31044.6015625,803121
2021-03-19,30892.248046875,31750.16015625,32032.384765625,31538.4921875,31750.16015625,408952
2021-03-22,30651.974609375,31503.21484375,31750.16015625,31397.380859375,31750.16015625,363229
2021-03-23,29999.8046875,30832.93359375,31432.66015625,30409.59765625,31397.380859375,644779
2021-03-24,28935.736328125,29739.31640625,30550.7109375,29562.927734375,30339.04296875,473652
2021-03-25,29004.388671875,29809.873046875,30303.765625,29598.205078125,29986.263671875,335762
2021-03-26,28901.4140625,29704.0390625,29915.70703125,28575.14453125,29598.205078125,346547
2021-03-29,29210.3359375,30021.541015625,30092.09765625,29739.31640625,29986.263671875,191039
2021-03-30,29416.28515625,30233.208984375,30374.3203125,29845.150390625,30339.04296875,326577
2021-03-31,29484.9375,30303.765625,30656.544921875,30197.931640625,30303.765625,307571
2021-04-01,30171.4296875,31009.32421875,31044.6015625,30339.04296875,30339.04296875,525328
2021-04-02,30892.248046875,31750.16015625,32102.94140625,31079.87890625,31326.826171875,821206
2021-04-05,31269.8203125,32138.21875,32385.1640625,31820.716796875,32244.052734375,846052
2021-04-06,31407.119140625,32279.330078125,32632.109375,31785.439453125,32032.384765625,583055
2021-04-07,31269.8203125,32138.21875,32279.330078125,31997.107421875,32244.052734375,369777
2021-04-08,30754.94921875,31609.048828125,32314.607421875,31538.4921875,32244.052734375,625376
2021-04-09,30411.703125,31256.26953125,31609.048828125,31079.87890625,31538.4921875,636332
2021-04-12,30720.623046875,31573.771484375,31961.828125,31115.158203125,31397.380859375,729818
2021-04-13,29965.48046875,30797.65625,31820.716796875,30691.822265625,31750.16015625,560123
2021-04-14,30205.751953125,31044.6015625,31256.26953125,30339.04296875,30691.822265625,402418
2021-04-15,29553.58203125,30374.3203125,31185.712890625,30339.04296875,31115.158203125,525129
2021-04-16,28832.765625,29633.484375,30691.822265625,29527.650390625,30233.208984375,661503
2021-04-19,29519.259765625,30339.04296875,30409.59765625,29492.37109375,29633.484375,452690
2021-04-20,29656.55859375,30480.154296875,31044.6015625,30303.765625,30409.59765625,379287
2021-04-21,29656.55859375,30480.154296875,30480.154296875,30480.154296875,30480.154296875,0
2021-04-22,28146.26953125,28927.923828125,30480.154296875,28927.923828125,30480.154296875,415230
2021-04-23,28832.765625,29633.484375,29739.31640625,28822.08984375,28927.923828125,436278
2021-04-26,27803.021484375,28575.14453125,29633.484375,28575.14453125,29457.09375,471725
2021-04-27,27700.048828125,28469.310546875,28786.8125,28363.4765625,28575.14453125,280415
2021-04-28,27871.671875,28645.701171875,28857.369140625,28469.310546875,28469.310546875,195476
2021-04-29,28146.26953125,28927.923828125,29562.927734375,28645.701171875,28645.701171875,276248
2021-04-30,28146.26953125,28927.923828125,28927.923828125,28927.923828125,28927.923828125,0
2021-05-03,28146.26953125,28927.923828125,28927.923828125,28927.923828125,28927.923828125,0
2021-05-04,28352.21875,29139.591796875,29492.37109375,28222.365234375,28222.365234375,307826
2021-05-05,28764.115234375,29562.927734375,29880.4296875,29280.703125,29421.81640625,381569
2021-05-06,28317.892578125,29104.314453125,29562.927734375,29069.037109375,29562.927734375,318343
2021-05-07,27905.998046875,28680.978515625,29069.037109375,28575.14453125,28645.701171875,525342
2021-05-10,28420.8671875,29210.1484375,29280.703125,28469.310546875,28575.14453125,429134
2021-05-11,28901.4140625,29704.0390625,30691.822265625,29492.37109375,29633.484375,758164
2021-05-12,29278.986328125,30092.09765625,30127.375,29492.37109375,29633.484375,472178
2021-05-13,29244.66015625,30056.818359375,30621.265625,29633.484375,29986.263671875,493778
2021-05-14,29073.037109375,29880.4296875,30339.04296875,29845.150390625,30197.931640625,386161
2021-05-17,28695.46484375,29492.37109375,30339.04296875,29421.81640625,29986.263671875,424117
2021-05-18,28077.623046875,28857.369140625,29421.81640625,28786.8125,29421.81640625,553192
2021-05-19,28077.623046875,28857.369140625,29210.1484375,28645.701171875,28927.923828125,407067
2021-05-20,28729.79296875,29527.650390625,29562.927734375,28222.365234375,28857.369140625,495351
2021-05-21,30720.623046875,31573.771484375,31573.771484375,29527.650390625,29633.484375,1846407
2021-05-24,31578.7421875,32455.720703125,32737.943359375,32102.94140625,32102.94140625,991284
2021-05-25,32059.291015625,32949.61328125,33055.4453125,32067.662109375,32455.720703125,897104
2021-05-26,32024.962890625,32914.33203125,33231.8359375,32596.83203125,32949.61328125,1044533
2021-05-27,31166.845703125,32032.384765625,33020.16796875,31785.439453125,33020.16796875,830872
2021-05-28,32368.2109375,33267.11328125,33655.171875,31679.60546875,32173.49609375,1113584
2021-05-31,33432.27734375,34360.73046875,34431.28515625,33514.05859375,33725.7265625,793399
2021-06-01,32951.73046875,33866.83984375,34572.3984375,33866.83984375,34466.5625,580546
2021-06-02,32539.833984375,33443.50390625,33831.55859375,33302.390625,33372.9453125,856568
2021-06-03,33500.92578125,34431.28515625,34925.17578125,33443.50390625,33725.7265625,951784
2021-06-04,33638.2265625,34572.3984375,34925.17578125,33866.83984375,34360.73046875,841828
2021-06-07,32127.9375,33020.16796875,34290.171875,32173.49609375,34219.6171875,7476481
2021-06-08,32127.9375,33020.16796875,33020.16796875,33020.16796875,33020.16796875,0
2021-06-09,31201.169921875,32067.662109375,32244.052734375,31044.6015625,31750.16015625,6313149
2021-06-10,30137.103515625,30974.044921875,32173.49609375,30974.044921875,32067.662109375,6326046
2021-06-11,31029.546875,31891.2734375,31926.55078125,30691.822265625,31044.6015625,9057072
2021-06-14,30823.59765625,31679.60546875,32173.49609375,31503.21484375,32102.94140625,4810794
2021-06-15,30823.59765625,31679.60546875,31855.994140625,31044.6015625,31573.771484375,4616197
2021-06-16,31098.1953125,31961.828125,32949.61328125,31185.712890625,31538.4921875,5977670
2021-06-17,31510.091796875,32385.1640625,32702.666015625,31467.9375,31467.9375,5072997
2021-06-18,31681.71875,32561.5546875,32808.5,32244.052734375,32632.109375,4535693
2021-06-21,30892.248046875,31750.16015625,32455.720703125,31644.326171875,32385.1640625,6006016
2021-06-22,30892.248046875,31750.16015625,32067.662109375,31679.60546875,31961.828125,3942830
2021-06-23,31166.845703125,32032.384765625,32737.943359375,31679.60546875,31679.60546875,3648453
2021-06-24,31029.546875,31891.2734375,32385.1640625,31750.16015625,32032.384765625,2991528
2021-06-25,31269.8203125,32138.21875,32455.720703125,31538.4921875,31820.716796875,3645761
2021-06-28,32196.5859375,33090.72265625,33231.8359375,32208.7734375,32455.720703125,9474896
2021-06-29,32196.5859375,33090.72265625,33796.28125,32879.0546875,33161.27734375,5592302
2021-06-30,32436.857421875,33337.66796875,33478.78125,33055.4453125,33090.72265625,5671813
2021-07-01,32471.18359375,33372.9453125,33619.89453125,33055.4453125,33514.05859375,6521919
2021-07-02,32299.5625,33196.55859375,33690.44921875,33090.72265625,33514.05859375,5959387
2021-07-05,32299.5625,33196.55859375,33196.55859375,33196.55859375,33196.55859375,0
2021-07-06,32299.5625,33196.55859375,33196.55859375,33196.55859375,33196.55859375,0
2021-07-07,32299.5625,33196.55859375,33196.55859375,33196.55859375,33196.55859375,0
2021-07-08,32299.5625,33196.55859375,33196.55859375,33196.55859375,33196.55859375,0
2021-07-09,30823.59765625,31679.60546875,32455.720703125,31044.6015625,31891.2734375,5085045
2021-07-12,30823.59765625,31679.60546875,31679.60546875,31679.60546875,31679.60546875,0
2021-07-13,29107.36328125,29915.70703125,30162.65234375,29315.982421875,29986.263671875,2809828
2021-07-14,29107.36328125,29915.70703125,29915.70703125,29915.70703125,29915.70703125,0
2021-07-15,29313.310546875,30127.375,30444.876953125,29633.484375,29668.76171875,2541530
2021-07-16,29313.310546875,30127.375,30127.375,30127.375,30127.375,0
2021-07-19,27219.50390625,27975.419921875,29562.927734375,27975.419921875,28998.48046875,4196388
2021-07-20,28146.26953125,28927.923828125,28927.923828125,27446.25,28010.697265625,3846027
2021-07-21,27940.3203125,28716.255859375,29210.1484375,28575.14453125,29210.1484375,1640826
2021-07-22,28146.26953125,28927.923828125,28998.48046875,28645.701171875,28645.701171875,2410712
2021-07-23,27597.076171875,28363.4765625,29280.703125,28363.4765625,28857.369140625,2584475
2021-07-26,27459.77734375,28222.365234375,28469.310546875,27869.5859375,28222.365234375,2036540
2021-07-27,27597.076171875,28363.4765625,28786.8125,28328.19921875,28504.58984375,2025202
2021-07-28,27803.021484375,28575.14453125,28575.14453125,28222.365234375,28363.4765625,1747975
2021-07-29,28146.26953125,28927.923828125,28927.923828125,28645.701171875,28786.8125,1672290
2021-07-30,28214.921875,28998.48046875,29174.869140625,28892.646484375,29139.591796875,2879276
2021-08-02,29210.3359375,30021.541015625,30303.765625,29633.484375,29633.484375,5614554
2021-08-03,29759.53125,30585.98828125,30585.98828125,29704.0390625,29845.150390625,3919728
2021-08-04,29759.53125,30585.98828125,30585.98828125,30585.98828125,30585.98828125,0
2021-08-05,29484.9375,30303.765625,30691.822265625,29845.150390625,30056.818359375,2999890
2021-08-06,29450.607421875,30268.486328125,30621.265625,30056.818359375,30303.765625,2647970
2021-08-09,29622.234375,30444.876953125,30444.876953125,29880.4296875,30021.541015625,2471515
2021-08-10,29622.234375,30444.876953125,30444.876953125,30444.876953125,30444.876953125,0
2021-08-11,29587.90625,30409.59765625,31115.158203125,30268.486328125,30550.7109375,3882169
2021-08-12,29381.9609375,30197.931640625,30621.265625,30197.931640625,30585.98828125,2422759
2021-08-13,29210.3359375,30021.541015625,30339.04296875,29492.37109375,30092.09765625,3273432
2021-08-16,29725.208984375,30550.7109375,30691.822265625,29633.484375,29880.4296875,4657724
2021-08-17,29725.208984375,30550.7109375,30550.7109375,30550.7109375,30550.7109375,0
2021-08-18,29278.986328125,30092.09765625,30339.04296875,29986.263671875,30268.486328125,2146524
2021-08-19,29176.01171875,29986.263671875,30056.818359375,29739.31640625,30056.818359375,2556695
2021-08-20,27803.021484375,28575.14453125,30268.486328125,28222.365234375,30056.818359375,6184456
2021-08-23,26979.23046875,27728.474609375,28786.8125,27728.474609375,28575.14453125,3886704
2021-08-24,27047.876953125,27799.029296875,28010.697265625,27446.25,27728.474609375,3601257
2021-08-25,27082.205078125,27834.30859375,27904.86328125,27516.806640625,27869.5859375,1564149
2021-08-26,26498.68359375,27234.58203125,27975.419921875,26811.24609375,27975.419921875,2899260
2021-08-27,26567.333984375,27305.138671875,27516.806640625,26670.134765625,27164.02734375,2702112
2021-08-30,27082.205078125,27834.30859375,27869.5859375,27375.693359375,27516.806640625,1998698
2021-08-31,26738.955078125,27481.52734375,27940.140625,27481.52734375,27940.140625,2572144
2021-09-01,26773.28125,27516.806640625,27587.361328125,27269.861328125,27375.693359375,1924572
2021-09-02,26773.28125,27516.806640625,27516.806640625,27516.806640625,27516.806640625,0
2021-09-03,26773.28125,27516.806640625,27516.806640625,27516.806640625,27516.806640625,0
2021-09-06,26841.931640625,27587.361328125,27869.5859375,27481.52734375,27552.083984375,1934068
2021-09-07,27253.828125,28010.697265625,28363.4765625,27622.640625,27728.474609375,2423326
2021-09-08,27253.828125,28010.697265625,28010.697265625,28010.697265625,28010.697265625,0
2021-09-09,27322.478515625,28081.25390625,28081.25390625,27904.86328125,27940.140625,1190261
2021-09-10,27219.50390625,27975.419921875,28222.365234375,27940.140625,28222.365234375,1125065
2021-09-13,26876.255859375,27622.640625,27975.419921875,27516.806640625,27975.419921875,2458617
2021-09-14,26567.333984375,27305.138671875,27622.640625,27234.58203125,27587.361328125,2005926
2021-09-15,26635.982421875,27375.693359375,27516.806640625,27234.58203125,27234.58203125,1495409
2021-09-16,27047.876953125,27799.029296875,27869.5859375,27552.083984375,27587.361328125,2077217
2021-09-17,27459.77734375,28222.365234375,28539.8671875,27940.140625,27940.140625,2528632
2021-09-20,27391.125,28151.80859375,28434.033203125,28151.80859375,28257.642578125,2773686
2021-09-21,27391.125,28151.80859375,28151.80859375,28151.80859375,28151.80859375,0
2021-09-22,27391.125,28151.80859375,28151.80859375,28151.80859375,28151.80859375,0
2021-09-23,27082.205078125,27834.30859375,28151.80859375,27834.30859375,28081.25390625,1537220
2021-09-24,27253.828125,28010.697265625,28081.25390625,27869.5859375,27869.5859375,136756787
2021-09-27,27047.876953125,27799.029296875,28292.921875,27657.91796875,28010.697265625,1716085
2021-09-28,27528.42578125,28292.921875,28469.310546875,27657.91796875,27799.029296875,3100661
2021-09-29,27391.125,28151.80859375,28257.642578125,27728.474609375,28257.642578125,1676826
2021-09-30,27082.205078125,27834.30859375,28222.365234375,27763.751953125,28116.53125,1555220
2021-10-01,26635.982421875,27375.693359375,27834.30859375,27375.693359375,27728.474609375,2350051
2021-10-04,26704.6328125,27446.25,27940.140625,27164.02734375,27410.97265625,149540974
2021-10-05,26979.23046875,27728.474609375,27904.86328125,27516.806640625,27516.806640625,1034782
2021-10-06,26979.23046875,27728.474609375,27728.474609375,27728.474609375,27728.474609375,0
2021-10-07,26876.255859375,27622.640625,27869.5859375,27622.640625,27799.029296875,1447787
2021-10-08,26876.255859375,27622.640625,27622.640625,27622.640625,27622.640625,0
2021-10-11,26876.255859375,27622.640625,27622.640625,27622.640625,27622.640625,0
2021-10-12,27631.400390625,28398.755859375,28751.53515625,28257.642578125,28363.4765625,2814647
2021-10-13,27391.125,28151.80859375,28539.8671875,27940.140625,28434.033203125,2017690
2021-10-14,27391.125,28151.80859375,28151.80859375,28151.80859375,28151.80859375,0
2021-10-15,27116.529296875,27869.5859375,28116.53125,27869.5859375,27904.86328125,1565992
2021-10-18,27116.529296875,27869.5859375,27869.5859375,27869.5859375,27869.5859375,0
2021-10-19,27494.099609375,28257.642578125,28610.421875,27516.806640625,27728.474609375,3135527
2021-10-20,27288.150390625,28045.974609375,28363.4765625,27728.474609375,28257.642578125,1530133
2021-10-21,27116.529296875,27869.5859375,28151.80859375,27869.5859375,28045.974609375,896026
2021-10-22,26979.23046875,27728.474609375,28010.697265625,27728.474609375,27869.5859375,1495126
2021-10-25,26979.23046875,27728.474609375,27728.474609375,27728.474609375,27728.474609375,0
2021-10-26,26979.23046875,27728.474609375,27728.474609375,27728.474609375,27728.474609375,0
2021-10-27,26979.23046875,27728.474609375,27728.474609375,27728.474609375,27728.474609375,0
2021-10-28,27356.80078125,28116.53125,28363.4765625,28010.697265625,28222.365234375,1753361
2021-10-29,28489.515625,29280.703125,29421.81640625,28151.80859375,28222.365234375,5287012
2021-11-01,28489.515625,29280.703125,29280.703125,29280.703125,29280.703125,0
2021-11-02,29176.01171875,29986.263671875,29598.205078125,29351.259765625,29492.37109375,2165233
2021-11-03,29553.58203125,30374.3203125,31115.158203125,29633.484375,29845.150390625,793937709
2021-11-04,30205.751953125,31044.6015625,31220.9921875,30127.375,30444.876953125,6208126
2021-11-05,29931.154296875,30762.37890625,31326.826171875,30515.431640625,31044.6015625,2750867
2021-11-08,30137.103515625,30974.044921875,31326.826171875,30444.876953125,30762.37890625,3808043
2021-11-09,29519.259765625,30339.04296875,31150.435546875,30339.04296875,31044.6015625,3601399
2021-11-10,29519.259765625,30339.04296875,30691.822265625,29880.4296875,30409.59765625,3030929
2021-11-11,29381.9609375,30197.931640625,30691.822265625,29774.595703125,30621.265625,3460801
2021-11-12,29656.55859375,30480.154296875,30550.7109375,29880.4296875,29880.4296875,2661718
2021-11-15,29381.9609375,30197.931640625,30691.822265625,29633.484375,30585.98828125,2158996
2021-11-16,29381.9609375,30197.931640625,30409.59765625,29950.984375,30127.375,1795597
2021-11-17,29931.154296875,30762.37890625,30903.490234375,29950.984375,30092.09765625,3465053
2021-11-18,30549.0,31397.380859375,31679.60546875,30621.265625,31044.6015625,4975911
2021-11-19,30480.3515625,31326.826171875,32490.998046875,29633.484375,31432.66015625,5747356
2021-11-22,31269.8203125,32138.21875,32596.83203125,31044.6015625,31326.826171875,7005649
2021-11-23,30686.296875,31538.4921875,32102.94140625,31185.712890625,32102.94140625,2544081
2021-11-24,31613.06640625,32490.998046875,32526.275390625,31467.9375,31714.8828125,5850112
2021-11-25,31132.521484375,31997.107421875,32737.943359375,31961.828125,32737.943359375,3808043
2021-11-26,31201.169921875,32067.662109375,32596.83203125,31044.6015625,32526.275390625,5856490
2021-11-29,30549.0,31397.380859375,31750.16015625,31115.158203125,31397.380859375,4621157
2021-11-30,30480.3515625,31326.826171875,32208.7734375,30762.37890625,31679.60546875,3602958
2021-12-01,30411.703125,31256.26953125,31538.4921875,30832.93359375,31326.826171875,2488381
2021-12-02,30343.05078125,31185.712890625,32032.384765625,31044.6015625,31220.9921875,1937895
2021-12-03,28832.765625,29633.484375,31397.380859375,29633.484375,31397.380859375,3116818
2021-12-06,28798.4375,29598.205078125,30339.04296875,29386.537109375,30339.04296875,4050829
2021-12-07,29931.154296875,30762.37890625,30868.212890625,29668.76171875,29668.76171875,2343531
2021-12-08,30205.751953125,31044.6015625,31256.26953125,30656.544921875,30832.93359375,1622826
2021-12-09,30205.751953125,31044.6015625,31150.435546875,30727.099609375,31009.32421875,1388544
2021-12-10,30617.65234375,31467.9375,31891.2734375,31256.26953125,31256.26953125,2926189
2021-12-13,31235.49609375,32102.94140625,32314.607421875,31820.716796875,32102.94140625,3511399
2021-12-14,31098.1953125,31961.828125,32244.052734375,31891.2734375,32244.052734375,2425027
2021-12-15,30823.59765625,31679.60546875,32102.94140625,31573.771484375,31891.2734375,2022084
2021-12-16,30823.59765625,31679.60546875,31750.16015625,31044.6015625,31750.16015625,2373295
2021-12-17,30823.59765625,31679.60546875,32102.94140625,31115.158203125,31679.60546875,2624443
2021-12-20,30617.65234375,31467.9375,31714.8828125,31397.380859375,31609.048828125,1742306
2021-12-21,30068.453125,30903.490234375,31503.21484375,30903.490234375,31397.380859375,3951050
2021-12-22,29725.208984375,30550.7109375,31220.9921875,30303.765625,31044.6015625,4007885
2021-12-23,29931.42578125,30614.9609375,30969.91796875,29905.048828125,30881.177734375,2613055
2021-12-24,30365.21484375,31058.65625,31413.61328125,30614.9609375,30614.9609375,1718522
2021-12-27,30625.486328125,31324.873046875,31502.3515625,31058.65625,31236.134765625,1354646
2021-12-28,30538.73046875,31236.134765625,31502.3515625,30969.91796875,31502.3515625,1532471
2021-12-29,30538.73046875,31236.134765625,31546.720703125,31147.396484375,31546.720703125,1782305
2021-12-30,30712.248046875,31413.61328125,31679.830078125,31236.134765625,31413.61328125,1112250
2021-12-31,32187.126953125,32922.17578125,33454.609375,31502.3515625,31591.08984375,5473353
2022-01-03,32187.126953125,32922.17578125,32922.17578125,32922.17578125,32922.17578125,0
2022-01-04,32447.40234375,33188.39453125,33720.828125,33055.28515625,33365.87109375,1993711
2022-01-05,32143.74609375,32877.8046875,33632.08984375,32744.697265625,33632.08984375,2166127
2022-01-06,32967.94921875,33720.828125,34430.73828125,32167.89453125,32389.7421875,6760047
2022-01-07,34009.0390625,34785.6953125,35007.54296875,33410.2421875,34297.62890625,4921961
2022-01-10,33705.390625,34475.109375,35761.82421875,34430.73828125,34785.6953125,3584218
2022-01-11,34182.5546875,34963.171875,35406.8671875,33987.04296875,34430.73828125,4819187
2022-01-12,36568.39453125,37403.49609375,37403.49609375,34963.171875,34963.171875,9047091
2022-01-13,38173.4140625,39045.16796875,40021.296875,37714.08203125,37714.08203125,10891263
2022-01-14,38390.30859375,39267.015625,40021.296875,38423.99609375,38423.99609375,3679779
2022-01-17,37869.7578125,38734.58203125,41707.33984375,38690.2109375,39045.16796875,8723445
2022-01-18,38954.234375,39843.8203125,40331.8828125,38512.734375,38512.734375,5464563
2022-01-19,37869.7578125,38734.58203125,40642.46875,38645.84375,39976.9296875,3350048
2022-01-20,40515.87109375,41441.12109375,41441.12109375,37492.234375,38246.515625,6353349
2022-01-21,41079.796875,42017.92578125,43304.640625,41263.64453125,41751.70703125,5149933
2022-01-24,40689.38671875,41618.6015625,43038.42578125,41574.23046875,41618.6015625,4693651
2022-01-25,42511.296875,43482.1171875,43482.1171875,40731.2109375,41086.1640625,5300036
2022-01-26,41730.48046875,42683.46875,44325.140625,42683.46875,43925.8125,4567213
2022-01-27,41296.6953125,42239.7734375,43038.42578125,42062.29296875,42594.73046875,2164887
2022-01-28,41600.34375,42550.359375,43482.1171875,41973.5546875,42239.7734375,3332130
2022-01-31,41600.34375,42550.359375,42550.359375,42550.359375,42550.359375,0
2022-02-01,41600.34375,42550.359375,42550.359375,42550.359375,42550.359375,0
2022-02-02,41600.34375,42550.359375,42550.359375,42550.359375,42550.359375,0
2022-02-03,41600.34375,42550.359375,42550.359375,42550.359375,42550.359375,0
2022-02-04,41600.34375,42550.359375,42550.359375,42550.359375,42550.359375,0
2022-02-07,41123.17578125,42062.29296875,43127.1640625,41884.81640625,42949.68359375,3918456
2022-02-08,41079.796875,42017.92578125,42949.68359375,41263.64453125,42062.29296875,3011752
2022-02-09,41990.75390625,42949.68359375,43393.37890625,41707.33984375,41973.5546875,5140917
2022-02-10,41990.75390625,42949.68359375,43393.37890625,42594.73046875,43127.1640625,3089396
2022-02-11,41556.96484375,42505.98828125,43038.42578125,42417.25,42772.20703125,1933873
2022-02-14,38824.09765625,39710.7109375,42239.7734375,39710.7109375,41884.81640625,8033670
2022-02-15,38824.09765625,39710.7109375,39710.7109375,39710.7109375,39710.7109375,0
2022-02-16,39171.125,40065.66796875,40908.6875,39666.33984375,40908.6875,3150587
2022-02-17,39908.5703125,40819.94921875,40819.94921875,39666.33984375,40553.73046875,2017376
2022-02-18,38780.71484375,39666.33984375,40864.31640625,39666.33984375,40331.8828125,3375516
2022-02-21,39257.8828125,40154.40625,40331.8828125,38778.94921875,39755.08203125,3332468
2022-02-22,39908.5703125,40819.94921875,40819.94921875,39666.33984375,39843.8203125,2580939
2022-02-23,39561.53515625,40464.9921875,41618.6015625,40376.25390625,41263.64453125,3328862
2022-02-24,38693.95703125,39577.6015625,40420.62109375,38690.2109375,40198.77734375,3815570
2022-02-25,38650.58203125,39533.234375,40464.9921875,39488.86328125,39577.6015625,2645397
2022-02-28,37913.13671875,38778.94921875,39533.234375,38778.94921875,39311.38671875,3041503
2022-03-01,38260.171875,39133.90625,39932.55859375,38690.2109375,38823.3203125,2699601
2022-03-02,36828.66796875,37669.71484375,39045.16796875,37580.97265625,38778.94921875,3482233
2022-03-03,37132.3203125,37980.30078125,38335.2578125,37270.38671875,37580.97265625,2787612
2022-03-04,37566.109375,38423.99609375,38601.47265625,37714.08203125,37980.30078125,1871555
2022-03-07,36655.15234375,37492.234375,37980.30078125,37403.49609375,37980.30078125,2553668
2022-03-08,36091.2265625,36915.43359375,37758.453125,36737.953125,37092.91015625,2913938
2022-03-09,35136.890625,35939.30078125,37181.6484375,35939.30078125,36915.43359375,2220781
2022-03-10,35527.30078125,36338.62890625,37270.38671875,36338.62890625,36826.69140625,1761457
2022-03-11,36308.1171875,37137.27734375,37137.27734375,36338.62890625,36338.62890625,1663867
2022-03-14,35830.953125,36649.21484375,37447.8671875,36649.21484375,37137.27734375,1507003
2022-03-15,36525.015625,37359.125,37447.8671875,36382.99609375,36649.21484375,1707591
2022-03-16,36091.2265625,36915.43359375,37536.60546875,36826.69140625,37536.60546875,1500354
2022-03-17,37739.62109375,38601.47265625,39267.015625,36382.99609375,37447.8671875,6558445
2022-03-18,38086.65625,38956.4296875,39577.6015625,38601.47265625,38778.94921875,3140219
2022-03-21,37999.89453125,38867.69140625,39133.90625,38423.99609375,38956.4296875,1441305
2022-03-22,37739.62109375,38601.47265625,39000.796875,38335.2578125,38867.69140625,3183492
2022-03-23,37652.8671875,38512.734375,39400.125,38290.88671875,38557.10546875,2249179
2022-03-24,37392.58984375,38246.515625,38557.10546875,38157.77734375,38512.734375,1450320
2022-03-25,37696.24609375,38557.10546875,38912.05859375,37802.8203125,38290.88671875,2218866
2022-03-28,36091.2265625,36915.43359375,38557.10546875,36782.32421875,38157.77734375,4489456
2022-03-29,36785.2890625,37625.34375,37714.08203125,36826.69140625,37004.171875,1953819
2022-03-30,37783.00390625,38645.84375,39932.55859375,37004.171875,37359.125,3958574
2022-03-31,37739.62109375,38601.47265625,39000.796875,38512.734375,38823.3203125,1627243
2022-04-01,38477.06640625,39355.75390625,39488.86328125,38512.734375,38601.47265625,3567652
2022-04-04,38390.30859375,39267.015625,39888.1875,39267.015625,39888.1875,2346093
2022-04-05,37566.109375,38423.99609375,38867.69140625,38290.88671875,38601.47265625,3273644
2022-04-06,37739.62109375,38601.47265625,38867.69140625,37847.19140625,38157.77734375,3654085
2022-04-07,37349.21484375,38202.1484375,39355.75390625,38202.1484375,38601.47265625,3552890
2022-04-08,36351.49609375,37181.6484375,38335.2578125,37092.91015625,38157.77734375,3545340
2022-04-11,36351.49609375,37181.6484375,37181.6484375,37181.6484375,37181.6484375,0
2022-04-12,35093.515625,35894.93359375,37536.60546875,35894.93359375,37536.60546875,3591993
2022-04-13,35483.921875,36294.2578125,36737.953125,35584.34765625,35939.30078125,2249405
2022-04-14,35136.890625,35939.30078125,36737.953125,35939.30078125,36737.953125,2130855
2022-04-15,34095.796875,34874.43359375,36560.4765625,34608.21875,36028.04296875,2827054
2022-04-18,32924.56640625,33676.45703125,35229.390625,33543.34765625,35096.28125,3178534
2022-04-19,32924.56640625,33676.45703125,34785.6953125,33277.1328125,34031.4140625,2617225
2022-04-20,32924.56640625,33676.45703125,34430.73828125,33587.71875,33676.45703125,1643358
2022-04-21,33401.73828125,34164.5234375,34386.37109375,33410.2421875,33632.08984375,2359841
2022-04-22,33401.73828125,34164.5234375,34696.95703125,33720.828125,34253.26171875,2962507
2022-04-25,31102.654296875,31812.9375,34253.26171875,31812.9375,34164.5234375,3319171
2022-04-26,32013.611328125,32744.697265625,33055.28515625,31191.765625,31191.765625,2093554
2022-04-27,32273.884765625,33010.9140625,33277.1328125,32345.373046875,32833.4375,843033
2022-04-28,31840.09765625,32567.220703125,33010.9140625,32567.220703125,33010.9140625,1098614
2022-04-29,32317.265625,33055.28515625,33498.98046875,32655.958984375,32700.328125,1711310
2022-05-02,32317.265625,33055.28515625,33055.28515625,33055.28515625,33055.28515625,0
2022-05-03,32317.265625,33055.28515625,33055.28515625,33055.28515625,33055.28515625,0
2022-05-04,32317.265625,33055.28515625,33454.609375,32789.06640625,33055.28515625,1759090
2022-05-05,33141.4609375,33898.3046875,33898.3046875,32833.4375,33365.87109375,2243207
2022-05-06,32100.369140625,32833.4375,33587.71875,32833.4375,33144.0234375,1780051
2022-05-09,29888.046875,30570.591796875,32744.697265625,30570.591796875,32478.48046875,2720449
2022-05-10,31059.275390625,31768.568359375,31857.30859375,29727.5703125,30260.005859375,1946832
2022-05-11,31319.548828125,32034.78515625,32034.78515625,31103.025390625,31724.19921875,972402
2022-05-12,29150.607421875,29816.310546875,31768.568359375,29816.310546875,31413.61328125,1699252
2022-05-13,27588.966796875,28219.0078125,30171.265625,28219.0078125,29993.7890625,2652609
2022-05-16,27935.998046875,28573.96484375,29505.724609375,28573.96484375,29461.353515625,1443220
2022-05-17,29888.046875,30570.591796875,30570.591796875,28440.85546875,28840.181640625,1258521
2022-05-18,30278.45703125,30969.91796875,31502.3515625,30348.744140625,30969.91796875,1452348
2022-05-19,30061.5625,30748.0703125,31058.65625,30082.52734375,30171.265625,1008688
2022-05-20,29931.42578125,30614.9609375,30969.91796875,30437.482421875,30526.22265625,1271255
2022-05-23,28933.7109375,29594.462890625,30792.439453125,29283.876953125,30526.22265625,1130055
2022-05-24,29280.7421875,29949.41796875,30038.158203125,29372.615234375,29905.048828125,865459
2022-05-25,30278.45703125,30969.91796875,31147.396484375,30171.265625,30171.265625,1202176
2022-05-26,30451.97265625,31147.396484375,31724.19921875,31058.65625,31591.08984375,1345631
2022-05-27,30625.486328125,31324.873046875,31413.61328125,30969.91796875,31147.396484375,1004067
2022-05-30,31015.8984375,31724.19921875,31812.9375,31236.134765625,31502.3515625,1226179
2022-05-31,30625.486328125,31324.873046875,31591.08984375,31058.65625,31502.3515625,1157664
2022-06-01,30495.3515625,31191.765625,31546.720703125,31014.287109375,31147.396484375,1207022
2022-06-02,30495.3515625,31191.765625,31191.765625,31191.765625,31191.765625,0
2022-06-03,29801.2890625,30481.853515625,30836.80859375,30171.265625,30792.439453125,643121
2022-06-06,29671.15234375,30348.744140625,30748.0703125,29993.7890625,30481.853515625,1035395
2022-06-07,29150.607421875,29816.310546875,30348.744140625,29372.615234375,30260.005859375,1321290
2022-06-08,29757.908203125,30437.482421875,30881.177734375,29860.6796875,29905.048828125,1107630
2022-06-09,29931.42578125,30614.9609375,30836.80859375,30260.005859375,30481.853515625,444449
2022-06-10,29324.123046875,29993.7890625,30437.482421875,29993.7890625,30215.63671875,885743
2022-06-13,27719.103515625,28352.1171875,29594.462890625,28352.1171875,29328.24609375,1630511
2022-06-14,28022.755859375,28662.703125,29106.3984375,27597.833984375,28307.74609375,1328502
2022-06-15,27762.482421875,28396.486328125,28840.181640625,27509.095703125,28396.486328125,1539458
2022-06-16,28022.755859375,28662.703125,29106.3984375,28396.486328125,28396.486328125,1457645
2022-06-17,27415.44921875,28041.529296875,28352.1171875,27686.57421875,28352.1171875,1373353
2022-06-20,25593.537109375,26178.009765625,28219.0078125,26178.009765625,28130.26953125,1096022
2022-06-21,26287.599609375,26887.921875,27198.509765625,25689.9453125,25823.0546875,1581829
2022-06-22,26461.115234375,27065.400390625,28041.529296875,26444.2265625,26887.921875,1727199
2022-06-23,26894.904296875,27509.095703125,27509.095703125,26666.07421875,27065.400390625,475889
2022-06-24,27068.419921875,27686.57421875,28618.333984375,27597.833984375,27686.57421875,1496748
2022-06-27,27545.587890625,28174.638671875,28219.0078125,27642.205078125,27775.3125,931157
2022-06-28,29193.986328125,29860.6796875,30126.896484375,28041.529296875,28041.529296875,2718871
2022-06-29,30278.45703125,30969.91796875,30969.91796875,29283.876953125,29283.876953125,2639425
2022-06-30,29063.845703125,29727.5703125,31058.65625,29727.5703125,31058.65625,1688546
2022-07-01,30408.591796875,31103.025390625,31679.830078125,28485.224609375,29195.13671875,3967476
2022-07-04,30408.591796875,31103.025390625,31724.19921875,30969.91796875,31502.3515625,2059409
2022-07-05,31493.06640625,32212.263671875,33277.1328125,31058.65625,31103.025390625,5559561
2022-07-06,30885.759765625,31591.08984375,32744.697265625,31502.3515625,31768.568359375,3078240
2022-07-07,31493.06640625,32212.263671875,32522.849609375,30437.482421875,31413.61328125,3183154
2022-07-08,30365.21484375,31058.65625,32345.373046875,31058.65625,32301.001953125,2230585
2022-07-11,29931.42578125,30614.9609375,31191.765625,29283.876953125,30969.91796875,2319723
2022-07-12,29931.42578125,30614.9609375,30614.9609375,30614.9609375,30614.9609375,0
2022-07-13,31276.169921875,31990.416015625,33010.9140625,31768.568359375,32123.525390625,2994285
2022-07-14,31362.927734375,32079.154296875,32744.697265625,31724.19921875,31768.568359375,1695082
2022-07-15,31059.275390625,31768.568359375,32611.58984375,31768.568359375,32034.78515625,1563348
2022-07-18,30799.00390625,31502.3515625,31946.046875,31413.61328125,31946.046875,1913926
2022-07-19,30929.140625,31635.4609375,31812.9375,31058.65625,31502.3515625,1100868
2022-07-20,31579.822265625,32301.001953125,32744.697265625,31901.677734375,32123.525390625,1789291
2022-07-21,31666.58203125,32389.7421875,32700.328125,32123.525390625,32123.525390625,1711873
2022-07-22,30799.00390625,31502.3515625,32744.697265625,31502.3515625,32744.697265625,1405695
2022-07-25,30712.248046875,31413.61328125,31857.30859375,30881.177734375,31502.3515625,1348673
2022-07-26,30842.3828125,31546.720703125,31946.046875,31502.3515625,31768.568359375,998208
2022-07-27,30842.3828125,31546.720703125,31635.4609375,31058.65625,31546.720703125,817227
2022-07-28,31666.58203125,32389.7421875,32700.328125,31679.830078125,31946.046875,2309919
2022-07-29,32360.642578125,33099.65234375,33632.08984375,32522.849609375,32567.220703125,4704469
2022-08-01,33835.52734375,34608.21875,34608.21875,33099.65234375,33188.39453125,3794723
2022-08-02,33401.73828125,34164.5234375,34608.21875,33898.3046875,34253.26171875,2199483
2022-08-03,34095.796875,34874.43359375,34874.43359375,33632.08984375,33676.45703125,2418552
2022-08-04,34095.796875,34874.43359375,35185.01953125,34164.5234375,34874.43359375,2729013
2022-08-05,33835.52734375,34608.21875,34785.6953125,34164.5234375,34785.6953125,1160030
2022-08-08,33662.0078125,34430.73828125,34830.06640625,34342.0,34608.21875,1113264
2022-08-09,33531.87109375,34297.62890625,34785.6953125,34253.26171875,34430.73828125,1766641
2022-08-10,33314.97265625,34075.78125,34430.73828125,34075.78125,34164.5234375,1112250
2022-08-11,33228.21875,33987.04296875,34874.43359375,33898.3046875,34608.21875,1959791
2022-08-12,34009.0390625,34785.6953125,34785.6953125,33853.9375,33987.04296875,1846989
2022-08-15,35570.6796875,36382.99609375,36516.10546875,34874.43359375,34874.43359375,4250892
2022-08-16,35136.890625,35939.30078125,36471.73828125,35939.30078125,36338.62890625,1105939
2022-08-17,34703.09765625,35495.60546875,36028.04296875,35495.60546875,35939.30078125,1571912
2022-08-18,34356.0703125,35140.65234375,35584.34765625,35140.65234375,35229.390625,1668826
2022-08-19,34139.1796875,34918.8046875,35495.60546875,34785.6953125,35096.28125,1636033
2022-08-22,33358.359375,34120.15234375,34918.8046875,34031.4140625,34918.8046875,1985372
2022-08-23,34269.31640625,35051.9140625,35051.9140625,33898.3046875,34031.4140625,1952354
2022-08-24,34095.796875,34874.43359375,35318.12890625,34563.84765625,35229.390625,1092867
2022-08-25,34095.796875,34874.43359375,35051.9140625,34563.84765625,34608.21875,1433529
2022-08-26,34182.5546875,34963.171875,35628.71484375,34874.43359375,34874.43359375,2260786
2022-08-29,33835.52734375,34608.21875,34874.43359375,33853.9375,34253.26171875,1516131
2022-08-30,34529.5859375,35318.12890625,35894.93359375,34608.21875,34652.5859375,2625338
2022-08-31,34703.09765625,35495.60546875,35673.0859375,35140.65234375,35318.12890625,1827944
2022-09-01,34703.09765625,35495.60546875,35495.60546875,35495.60546875,35495.60546875,0
2022-09-02,34703.09765625,35495.60546875,35495.60546875,35495.60546875,35495.60546875,0
2022-09-05,34269.31640625,35051.9140625,35539.9765625,34830.06640625,35495.60546875,905802
2022-09-06,34746.48046875,35539.9765625,35983.671875,35007.54296875,35051.9140625,2005431
2022-09-07,32794.4296875,33543.34765625,35406.8671875,33543.34765625,35406.8671875,3394222
2022-09-08,31840.09765625,32567.220703125,34031.4140625,32478.48046875,33632.08984375,2468361
2022-09-09,32100.369140625,32833.4375,32922.17578125,32079.154296875,32567.220703125,1251985
2022-09-12,32013.611328125,32744.697265625,33277.1328125,32655.958984375,32833.4375,1056806
2022-09-13,31926.853515625,32655.958984375,33055.28515625,32522.849609375,32744.697265625,946821
2022-09-14,31666.58203125,32389.7421875,32389.7421875,31901.677734375,31946.046875,1051510
2022-09-15,31015.8984375,31724.19921875,32655.958984375,31635.4609375,32389.7421875,2192496
2022-09-16,30799.00390625,31502.3515625,32123.525390625,31502.3515625,31946.046875,1098614
2022-09-19,29671.15234375,30348.744140625,31457.982421875,30260.005859375,31457.982421875,1437924
2022-09-20,30495.3515625,31191.765625,31280.50390625,30437.482421875,30437.482421875,1258296
2022-09-21,30148.3203125,30836.80859375,31147.396484375,30836.80859375,30881.177734375,558266
2022-09-22,30495.3515625,31191.765625,31324.873046875,30570.591796875,30659.330078125,1101319
2022-09-23,30148.3203125,30836.80859375,31591.08984375,30614.9609375,31591.08984375,885067
2022-09-26,28977.08984375,29638.83203125,30393.11328125,28751.44140625,30260.005859375,2272281
2022-09-27,29237.36328125,29905.048828125,30215.63671875,29283.876953125,29727.5703125,684366
2022-09-28,29063.845703125,29727.5703125,30082.52734375,29594.462890625,29905.048828125,876615
2022-09-29,29063.845703125,29727.5703125,30260.005859375,29683.201171875,30171.265625,1127012
2022-09-30,29410.87890625,30082.52734375,30082.52734375,28662.703125,29106.3984375,2048591
2022-10-03,27372.0703125,27997.16015625,29816.310546875,27997.16015625,29372.615234375,1773064
2022-10-04,26894.904296875,27509.095703125,28440.85546875,27420.357421875,28396.486328125,1347096
2022-10-05,27588.966796875,28219.0078125,28396.486328125,27775.3125,28219.0078125,581593
2022-10-06,26894.904296875,27509.095703125,28352.1171875,27509.095703125,28352.1171875,1032015
2022-10-07,25333.265625,25911.79296875,27154.140625,25645.576171875,27065.400390625,1934098
2022-10-10,26027.328125,26621.705078125,27021.03125,24846.92578125,24980.033203125,1127801
2022-10-11,24725.9609375,25290.62109375,26621.705078125,25290.62109375,26621.705078125,1023112
2022-10-12,26417.736328125,27021.03125,27021.03125,25468.09765625,25734.314453125,1663980
2022-10-13,28152.890625,28795.810546875,28795.810546875,27021.03125,27109.76953125,1593098
2022-10-14,28630.060546875,29283.876953125,29461.353515625,28928.919921875,29283.876953125,1939169
2022-10-17,28369.787109375,29017.658203125,29239.505859375,28130.26953125,29239.505859375,1227870
2022-10-18,28456.544921875,29106.3984375,29683.201171875,29017.658203125,29283.876953125,994376
2022-10-19,28630.060546875,29283.876953125,29727.5703125,28751.44140625,29106.3984375,848893
2022-10-20,28760.1953125,29416.984375,30171.265625,28840.181640625,28928.919921875,1663642
2022-10-21,28283.02734375,28928.919921875,29416.984375,28485.224609375,29416.984375,1867611
2022-10-24,26330.98046875,26932.29296875,29239.505859375,26932.29296875,29239.505859375,1548585
2022-10-25,27155.177734375,27775.3125,28795.810546875,26000.533203125,26621.705078125,1650345
2022-10-26,27502.208984375,28130.26953125,28840.181640625,27775.3125,27952.791015625,770799
2022-10-27,29410.87890625,30082.52734375,30082.52734375,28219.0078125,28219.0078125,2292678
2022-10-28,29324.123046875,29993.7890625,31014.287109375,29993.7890625,30437.482421875,2373476
2022-10-31,29974.8046875,30659.330078125,30925.548828125,29905.048828125,29993.7890625,3001385
2022-11-01,29541.017578125,30215.63671875,31191.765625,30171.265625,30703.701171875,1820168
2022-11-02,29237.36328125,29905.048828125,30481.853515625,29771.94140625,30215.63671875,1493367
2022-11-03,28630.060546875,29283.876953125,29993.7890625,29283.876953125,29416.984375,1268213
2022-11-04,28890.33203125,29550.09375,29860.6796875,27997.16015625,29283.876953125,2678190
2022-11-07,28890.33203125,29550.09375,30260.005859375,29106.3984375,29106.3984375,1782981
2022-11-08,30278.45703125,30969.91796875,31058.65625,29283.876953125,29283.876953125,3469837
2022-11-09,31362.927734375,32079.154296875,32655.958984375,31103.025390625,31147.396484375,5072965
2022-11-10,30104.94140625,30792.439453125,31901.677734375,29860.6796875,31901.677734375,2816911
2022-11-11,31232.791015625,31946.046875,32389.7421875,31413.61328125,31946.046875,2440414
2022-11-14,31146.03515625,31857.30859375,32744.697265625,30969.91796875,31591.08984375,1495170
2022-11-15,28977.08984375,29638.83203125,31724.19921875,29638.83203125,31058.65625,2128376
2022-11-16,30972.51953125,31679.830078125,31679.830078125,27997.16015625,28307.74609375,1806420
2022-11-17,30929.140625,31635.4609375,32389.7421875,31502.3515625,32123.525390625,1681560
2022-11-18,31189.4140625,31901.677734375,31990.416015625,30171.265625,31635.4609375,1559178
2022-11-21,30799.00390625,31502.3515625,32389.7421875,31502.3515625,32389.7421875,1448404
2022-11-22,31623.203125,32345.373046875,32611.58984375,30703.701171875,30703.701171875,2376744
2022-11-23,32447.40234375,33188.39453125,33720.828125,31901.677734375,32301.001953125,2721688
2022-11-24,32967.94921875,33720.828125,34075.78125,32655.958984375,33010.9140625,2016362
2022-11-25,34703.09765625,35495.60546875,35495.60546875,33898.3046875,34075.78125,2889822
2022-11-28,34269.31640625,35051.9140625,36028.04296875,34608.21875,35495.60546875,2936476
2022-11-29,35570.6796875,36382.99609375,36382.99609375,34475.109375,35051.9140625,2872693
2022-11-30,35657.4375,36471.73828125,37536.60546875,35051.9140625,36382.99609375,2315666
2022-12-01,33835.52734375,34608.21875,36826.69140625,34608.21875,36471.73828125,2181114
2022-12-02,35744.1953125,36560.4765625,36649.21484375,34563.84765625,34608.21875,1693730
2022-12-05,35787.57421875,36604.84375,37270.38671875,35983.671875,36737.953125,1877190
2022-12-06,33922.28515625,34696.95703125,36471.73828125,34696.95703125,36471.73828125,3012203
2022-12-07,33835.52734375,34608.21875,35051.9140625,34164.5234375,35051.9140625,2026053
2022-12-08,33835.52734375,34608.21875,36560.4765625,34430.73828125,34785.6953125,3078127
2022-12-09,34009.0390625,34785.6953125,35051.9140625,33987.04296875,34519.4765625,1830198
2022-12-12,33054.703125,33809.56640625,35406.8671875,33809.56640625,34963.171875,2235431
2022-12-13,33575.25390625,34342.0,35051.9140625,33765.1953125,33765.1953125,1922942
2022-12-14,33662.0078125,34430.73828125,35229.390625,34430.73828125,35229.390625,743077
2022-12-15,33835.52734375,34608.21875,35362.5,34253.26171875,34253.26171875,1645161
2022-12-16,33748.765625,34519.4765625,35051.9140625,34297.62890625,34297.62890625,1127125
2022-12-19,33662.0078125,34430.73828125,35939.30078125,34430.73828125,34430.73828125,2160718
2022-12-20,33401.73828125,34164.5234375,34608.21875,33277.1328125,34430.73828125,1862427
2022-12-21,33488.49609375,34253.26171875,35140.65234375,34120.15234375,34475.109375,1614622
2022-12-22,33835.52734375,34608.21875,35406.8671875,34386.37109375,34475.109375,1505200
2022-12-23,33835.52734375,34608.21875,35051.9140625,34608.21875,35051.9140625,778237
2022-12-26,33662.0078125,34430.73828125,34696.95703125,34386.37109375,34608.21875,1415048
2022-12-27,34703.09765625,35495.60546875,35495.60546875,34342.0,34430.73828125,1685842
2022-12-28,36351.49609375,37181.6484375,37625.34375,35140.65234375,35584.34765625,4161416
2022-12-29,34703.09765625,35495.60546875,37359.125,35495.60546875,37270.38671875,1426317
2022-12-30,33488.49609375,34253.26171875,36826.69140625,34253.26171875,35717.453125,2950449
2023-01-02,33488.49609375,34253.26171875,34253.26171875,34253.26171875,34253.26171875,0
2023-01-03,35744.1953125,36560.4765625,36560.4765625,34652.5859375,34874.43359375,1952805
2023-01-04,35397.1640625,36205.51953125,37447.8671875,35850.5625,36560.4765625,2333021
2023-01-05,35353.78515625,36161.1484375,36471.73828125,35717.453125,36382.99609375,1324220
2023-01-06,36134.60546875,36959.80078125,37669.71484375,36028.04296875,36161.1484375,3832474
2023-01-09,35570.6796875,36382.99609375,37447.8671875,36249.890625,37447.8671875,1494720
2023-01-10,35830.953125,36649.21484375,37004.171875,36161.1484375,36915.43359375,1041255
2023-01-11,35787.57421875,36604.84375,37447.8671875,36294.2578125,36915.43359375,1725621
2023-01-12,35961.08984375,36782.32421875,37226.01953125,36382.99609375,36693.5859375,798070
2023-01-13,36264.7421875,37092.91015625,37447.8671875,36915.43359375,36915.43359375,1836847
2023-01-16,38780.71484375,39666.33984375,39666.33984375,37226.01953125,37270.38671875,5339139
2023-01-17,38997.609375,39888.1875,40198.77734375,39577.6015625,39932.55859375,1689448
2023-01-18,39127.74609375,40021.296875,40420.62109375,39755.08203125,39843.8203125,2065495
2023-01-19,39865.1875,40775.578125,41086.1640625,39888.1875,40021.296875,1867047
2023-01-20,39865.1875,40775.578125,40775.578125,40775.578125,40775.578125,0
2023-01-23,39865.1875,40775.578125,40775.578125,40775.578125,40775.578125,0
2023-01-24,39865.1875,40775.578125,40775.578125,40775.578125,40775.578125,0
2023-01-25,39865.1875,40775.578125,40775.578125,40775.578125,40775.578125,0
2023-01-26,39865.1875,40775.578125,40775.578125,40775.578125,40775.578125,0
2023-01-27,38650.58203125,39533.234375,41352.3828125,39488.86328125,41263.64453125,1949311
2023-01-30,38607.203125,39488.86328125,39843.8203125,39045.16796875,39045.16796875,1363887
2023-01-31,39127.74609375,40021.296875,40021.296875,38645.84375,39267.015625,1852060
2023-02-01,37132.3203125,37980.30078125,40376.25390625,37802.8203125,40243.14453125,2829082
2023-02-02,37435.97265625,38290.88671875,38690.2109375,37359.125,37935.9296875,3228005
2023-02-03,37609.484375,38468.36328125,38867.69140625,38290.88671875,38601.47265625,1552755
2023-02-06,39040.98828125,39932.55859375,39932.55859375,38069.0390625,38423.99609375,1968919
2023-02-07,37999.89453125,38867.69140625,40243.14453125,38778.94921875,39932.55859375,1767317
2023-02-08,38607.203125,39488.86328125,40154.40625,38956.4296875,38956.4296875,2024701
2023-02-09,38173.4140625,39045.16796875,39932.55859375,39045.16796875,39488.86328125,1335151
2023-02-10,37262.45703125,38113.41015625,39533.234375,38113.41015625,39400.125,1575406
2023-02-13,38520.4453125,39400.125,39400.125,38113.41015625,38113.41015625,1791432
2023-02-14,37652.8671875,38512.734375,39488.86328125,38423.99609375,39488.86328125,1493255
2023-02-15,38173.4140625,39045.16796875,39444.4921875,38290.88671875,38290.88671875,681323
2023-02-16,39040.98828125,39932.55859375,39932.55859375,39045.16796875,39666.33984375,1203641
2023-02-17,39735.05078125,40642.46875,40642.46875,39888.1875,39932.55859375,1683250
2023-02-20,40949.66015625,41884.81640625,42017.92578125,40642.46875,40642.46875,1699703
2023-02-21,40125.46484375,41041.796875,41973.5546875,41041.796875,41884.81640625,1123068
2023-02-22,39040.98828125,39932.55859375,40819.94921875,39932.55859375,40686.83984375,1120251
2023-02-23,39518.15234375,40420.62109375,40420.62109375,38778.94921875,39888.1875,1442319
2023-02-24,38693.95703125,39577.6015625,40420.62109375,39400.125,39976.9296875,561083
2023-02-27,38390.30859375,39267.015625,39488.86328125,38690.2109375,39488.86328125,1058384
2023-02-28,38260.171875,39133.90625,39577.6015625,39089.5390625,39267.015625,290289
2023-03-01,39604.91796875,40509.36328125,40509.36328125,38867.69140625,39045.16796875,834920
2023-03-02,40255.6015625,41174.90625,41263.64453125,40287.515625,40509.36328125,1100079
2023-03-03,39821.8125,40731.2109375,41263.64453125,40154.40625,41174.90625,828722
2023-03-06,39735.05078125,40642.46875,41707.33984375,40198.77734375,40731.2109375,974655
2023-03-07,40689.38671875,41618.6015625,41796.078125,40376.25390625,40376.25390625,1842030
2023-03-08,41643.7265625,42594.73046875,42594.73046875,40731.2109375,41174.90625,1385748
2023-03-09,41340.0703125,42284.140625,42594.73046875,41751.70703125,42594.73046875,1319149
2023-03-10,40906.27734375,41840.4453125,42106.6640625,41662.96875,42106.6640625,971613
2023-03-13,40125.46484375,41041.796875,41618.6015625,41041.796875,41352.3828125,1052186
2023-03-14,39084.37109375,39976.9296875,41130.53515625,39710.7109375,40908.6875,1627807
2023-03-15,40602.62890625,41529.859375,42062.29296875,40331.8828125,40819.94921875,708143
2023-03-16,40125.46484375,41041.796875,41618.6015625,40864.31640625,40864.31640625,986826
2023-03-17,40168.83984375,41086.1640625,41707.33984375,40819.94921875,41707.33984375,350127
2023-03-20,39344.640625,40243.14453125,40819.94921875,39932.55859375,40819.94921875,660138
2023-03-21,39344.640625,40243.14453125,40598.1015625,39755.08203125,40287.515625,835709
2023-03-22,39995.328125,40908.6875,40997.42578125,40331.8828125,40598.1015625,631965
2023-03-23,39821.8125,40731.2109375,40819.94921875,40198.77734375,40198.77734375,467550
2023-03-24,39518.15234375,40420.62109375,41086.1640625,40376.25390625,40731.2109375,410867
2023-03-27,39908.5703125,40819.94921875,40953.05859375,39932.55859375,40420.62109375,757502
2023-03-28,39908.5703125,40819.94921875,41529.859375,40819.94921875,41263.64453125,567957
2023-03-29,40082.08203125,40997.42578125,41130.53515625,40420.62109375,40819.94921875,341563
2023-03-30,40082.08203125,40997.42578125,41352.3828125,40997.42578125,41041.796875,788491
2023-03-31,40082.08203125,40997.42578125,41707.33984375,40864.31640625,40997.42578125,725385
2023-04-03,39821.8125,40731.2109375,41529.859375,40642.46875,41396.75390625,1424063
2023-04-04,39908.5703125,40819.94921875,40953.05859375,40553.73046875,40731.2109375,1002490
2023-04-05,39474.77734375,40376.25390625,41086.1640625,40198.77734375,40819.94921875,1536866
2023-04-06,39908.5703125,40819.94921875,41263.64453125,40198.77734375,40376.25390625,1706915
2023-04-07,39604.91796875,40509.36328125,40819.94921875,40376.25390625,40598.1015625,824778
2023-04-10,38780.71484375,39666.33984375,40642.46875,39666.33984375,40642.46875,2035294
2023-04-11,38520.4453125,39400.125,39621.97265625,39178.27734375,39444.4921875,1385072
2023-04-12,38520.4453125,39400.125,39755.08203125,39222.64453125,39488.86328125,873910
2023-04-13,38997.609375,39888.1875,39932.55859375,39400.125,39400.125,877855
2023-04-14,38563.8203125,39444.4921875,39932.55859375,39444.4921875,39932.55859375,697213
2023-04-17,39040.98828125,39932.55859375,40021.296875,39400.125,39444.4921875,807536
2023-04-18,38693.95703125,39577.6015625,39932.55859375,39311.38671875,39755.08203125,720877
2023-04-19,38520.4453125,39400.125,39710.7109375,39222.64453125,39710.7109375,509471
2023-04-20,38693.95703125,39577.6015625,39577.6015625,39178.27734375,39355.75390625,289500
2023-04-21,38346.92578125,39222.64453125,39577.6015625,39222.64453125,39577.6015625,399486
2023-04-24,37913.13671875,38778.94921875,39222.64453125,38778.94921875,39222.64453125,521642
2023-04-25,37783.00390625,38645.84375,38956.4296875,38290.88671875,38690.2109375,607624
2023-04-26,38260.171875,39133.90625,39311.38671875,38335.2578125,38601.47265625,456507
2023-04-27,38086.65625,38956.4296875,39133.90625,38601.47265625,39133.90625,183797
2023-04-28,37739.62109375,38601.47265625,39133.90625,38601.47265625,39000.796875,467212
2023-05-01,37739.62109375,38601.47265625,38601.47265625,38601.47265625,38601.47265625,0
2023-05-02,37739.62109375,38601.47265625,38601.47265625,38601.47265625,38601.47265625,0
2023-05-03,37739.62109375,38601.47265625,38601.47265625,38601.47265625,38601.47265625,0
2023-05-04,37956.515625,38823.3203125,39222.64453125,38423.99609375,38601.47265625,424277
2023-05-05,37696.24609375,38557.10546875,38912.05859375,38557.10546875,38867.69140625,334125
2023-05-08,38780.71484375,39666.33984375,40376.25390625,38645.84375,38645.84375,1273960
2023-05-09,39127.74609375,40021.296875,40243.14453125,39666.33984375,39666.33984375,733499
2023-05-10,39040.98828125,39932.55859375,40198.77734375,39488.86328125,40198.77734375,670505
2023-05-11,39040.98828125,39932.55859375,40154.40625,39755.08203125,39932.55859375,575282
2023-05-12,39040.98828125,39932.55859375,40021.296875,39533.234375,39932.55859375,482651
2023-05-15,38954.234375,39843.8203125,40819.94921875,39843.8203125,40819.94921875,490764
2023-05-16,39040.98828125,39932.55859375,40021.296875,39710.7109375,40021.296875,483665
2023-05-17,38867.4765625,39755.08203125,40021.296875,39755.08203125,39932.55859375,975782
2023-05-18,38737.33984375,39621.97265625,39888.1875,39488.86328125,39843.8203125,580015
2023-05-19,38520.4453125,39400.125,39888.1875,39311.38671875,39577.6015625,679746
2023-05-22,38520.4453125,39400.125,39888.1875,39400.125,39400.125,684929
2023-05-23,38043.27734375,38912.05859375,39843.8203125,38912.05859375,39843.8203125,849119
2023-05-24,38043.27734375,38912.05859375,38912.05859375,38912.05859375,38912.05859375,0
2023-05-25,37956.515625,38823.3203125,39045.16796875,38557.10546875,38601.47265625,738570
2023-05-26,37652.8671875,38512.734375,39133.90625,38512.734375,39133.90625,613935
2023-05-29,38086.65625,38956.4296875,39000.796875,38512.734375,39000.796875,752881
2023-05-30,37999.89453125,38867.69140625,39045.16796875,38690.2109375,39045.16796875,902421
2023-05-31,38173.4140625,39045.16796875,39045.16796875,38645.84375,38867.69140625,868614
2023-06-01,38086.65625,38956.4296875,39045.16796875,38734.58203125,39045.16796875,696311
2023-06-02,38780.71484375,39666.33984375,39843.8203125,39045.16796875,39045.16796875,1355435
2023-06-05,38780.71484375,39666.33984375,40243.14453125,39666.33984375,39843.8203125,1080809
2023-06-06,38867.4765625,39755.08203125,39932.55859375,39311.38671875,39932.55859375,953470
2023-06-07,38477.06640625,39355.75390625,39843.8203125,39355.75390625,39755.08203125,1090501
2023-06-08,37913.13671875,38778.94921875,39488.86328125,38778.94921875,39400.125,1865470
2023-06-09,37696.24609375,38557.10546875,39089.5390625,38246.515625,38867.69140625,1453250
2023-06-12,37869.7578125,38734.58203125,38734.58203125,38157.77734375,38690.2109375,1268438
2023-06-13,38477.06640625,39355.75390625,39488.86328125,38734.58203125,38778.94921875,1496861
2023-06-14,38173.4140625,39045.16796875,39666.33984375,39045.16796875,39577.6015625,1504186
2023-06-15,38043.27734375,38912.05859375,39222.64453125,38778.94921875,38956.4296875,927889
2023-06-16,37913.13671875,38778.94921875,39488.86328125,38734.58203125,39311.38671875,1624426
2023-06-19,37566.109375,38423.99609375,38912.05859375,38423.99609375,38867.69140625,897012
2023-06-20,37739.62109375,38601.47265625,38601.47265625,38290.88671875,38557.10546875,915831
2023-06-21,37652.8671875,38512.734375,39045.16796875,38423.99609375,38601.47265625,915944
2023-06-22,37652.8671875,38512.734375,38512.734375,38512.734375,38512.734375,0
2023-06-23,38433.6875,39311.38671875,39888.1875,38778.94921875,38956.4296875,2154520
2023-06-26,38433.6875,39311.38671875,39799.44921875,38956.4296875,39488.86328125,1380565
2023-06-27,38433.6875,39311.38671875,39444.4921875,39045.16796875,39133.90625,894533
2023-06-28,39344.640625,40243.14453125,40243.14453125,39178.27734375,39311.38671875,2634016
2023-06-29,38607.203125,39488.86328125,40731.2109375,39488.86328125,40287.515625,1782755
2023-06-30,37609.484375,38468.36328125,39755.08203125,38468.36328125,39488.86328125,1098727
2023-07-03,38607.203125,39488.86328125,39488.86328125,38778.94921875,38956.4296875,1223137
2023-07-04,38173.4140625,39045.16796875,39533.234375,38823.3203125,39400.125,1333460
2023-07-05,38477.06640625,39355.75390625,39710.7109375,39089.5390625,39222.64453125,1458659
2023-07-06,38130.03515625,39000.796875,39621.97265625,38690.2109375,39222.64453125,1506665
2023-07-07,38433.6875,39311.38671875,39311.38671875,38778.94921875,38778.94921875,991784
2023-07-10,40732.765625,41662.96875,41662.96875,39222.64453125,39400.125,5206728
2023-07-11,40385.734375,41308.01171875,42062.29296875,41263.64453125,41884.81640625,2952703
2023-07-12,40515.87109375,41441.12109375,41840.4453125,40953.05859375,41662.96875,2628043
2023-07-13,40689.38671875,41618.6015625,42151.03515625,41308.01171875,41618.6015625,2123755
2023-07-14,40559.25,41485.4921875,42284.140625,40864.31640625,41618.6015625,2936814
2023-07-17,40082.08203125,40997.42578125,41796.078125,40997.42578125,41485.4921875,2514677
2023-07-18,40515.87109375,41441.12109375,41441.12109375,40997.42578125,40997.42578125,1878767
2023-07-19,40125.46484375,41041.796875,41618.6015625,40686.83984375,41618.6015625,2625113
2023-07-20,40125.46484375,41041.796875,41174.90625,40686.83984375,40997.42578125,1053200
2023-07-21,40559.25,41485.4921875,41485.4921875,40908.6875,41041.796875,1602564
2023-07-24,40602.62890625,41529.859375,42239.7734375,41529.859375,41618.6015625,2219993
2023-07-25,40906.27734375,41840.4453125,41884.81640625,41441.12109375,41485.4921875,1827381
2023-07-26,41079.796875,42017.92578125,42639.09765625,41840.4453125,41840.4453125,2624662
2023-07-27,40515.87109375,41441.12109375,42062.29296875,41396.75390625,41973.5546875,1543514
2023-07-28,40515.87109375,41441.12109375,41973.5546875,41174.90625,41441.12109375,1977258
2023-07-31,40949.66015625,41884.81640625,42106.6640625,41441.12109375,41707.33984375,2110683
2023-08-01,41817.23828125,42772.20703125,43925.8125,41884.81640625,42195.40234375,4298109
2023-08-02,42598.05859375,43570.859375,43748.3359375,42727.8359375,42772.20703125,2654525
2023-08-03,42120.890625,43082.79296875,43615.2265625,42949.68359375,43570.859375,2360179
2023-08-04,41990.75390625,42949.68359375,43393.37890625,42772.20703125,43038.42578125,2474672
2023-08-07,42381.1640625,43349.01171875,43881.4453125,42994.0546875,43215.90234375,2259096
2023-08-08,42207.64453125,43171.53125,43881.4453125,43082.79296875,43393.37890625,2372011
2023-08-09,41817.23828125,42772.20703125,43304.640625,42639.09765625,43171.53125,2031011
2023-08-10,40342.35546875,41263.64453125,42949.68359375,41263.64453125,42772.20703125,2943575
2023-08-11,40515.87109375,41441.12109375,41618.6015625,40464.9921875,41263.64453125,2369194
2023-08-14,41296.6953125,42239.7734375,42284.140625,41396.75390625,41707.33984375,2385759
2023-08-15,40776.14453125,41707.33984375,42239.7734375,41574.23046875,42062.29296875,1868400
2023-08-16,41209.9375,42151.03515625,42239.7734375,41618.6015625,41662.96875,1525484
2023-08-17,40862.90234375,41796.078125,42328.51171875,41796.078125,42151.03515625,1877415
2023-08-18,38346.92578125,39222.64453125,41796.078125,39133.90625,41796.078125,3206481
2023-08-21,39561.53515625,40464.9921875,41574.23046875,39488.86328125,39577.6015625,2039689
2023-08-22,39735.05078125,40642.46875,40775.578125,39488.86328125,39843.8203125,1450883
2023-08-23,39648.296875,40553.73046875,40997.42578125,40287.515625,40997.42578125,1536077
2023-08-24,39735.05078125,40642.46875,40908.6875,40243.14453125,40553.73046875,1532696
2023-08-25,39214.50390625,40110.03515625,40642.46875,39976.9296875,40642.46875,1323769
2023-08-28,39388.01953125,40287.515625,40731.2109375,40198.77734375,40243.14453125,834244
2023-08-29,39735.05078125,40642.46875,40908.6875,40243.14453125,40287.515625,1532133
2023-08-30,40082.08203125,40997.42578125,41352.3828125,40642.46875,40819.94921875,1266410
2023-08-31,40732.765625,41662.96875,41662.96875,41086.1640625,41130.53515625,1880683
2023-09-01,40732.765625,41662.96875,41662.96875,41662.96875,41662.96875,0
2023-09-04,40732.765625,41662.96875,41662.96875,41662.96875,41662.96875,0
2023-09-05,41209.9375,42151.03515625,42328.51171875,41707.33984375,41707.33984375,1535175
2023-09-06,41036.4140625,41973.5546875,42328.51171875,41840.4453125,42328.51171875,1328277
2023-09-07,41079.796875,42017.92578125,42727.8359375,41884.81640625,42151.03515625,1321515
2023-09-08,40776.14453125,41707.33984375,42195.40234375,41662.96875,42151.03515625,1803828
2023-09-11,40342.35546875,41263.64453125,42062.29296875,40819.94921875,42062.29296875,1089937
2023-09-12,40776.14453125,41707.33984375,41707.33984375,41174.90625,41485.4921875,1117546
2023-09-13,40776.14453125,41707.33984375,42017.92578125,41263.64453125,41796.078125,1353519
2023-09-14,40559.25,41485.4921875,42505.98828125,41485.4921875,41707.33984375,2111697
2023-09-15,40602.62890625,41529.859375,42062.29296875,41529.859375,41707.33984375,1187752
2023-09-18,39691.67578125,40598.1015625,41707.33984375,40198.77734375,41707.33984375,1630173
2023-09-19,39214.50390625,40110.03515625,40953.05859375,39932.55859375,40642.46875,1340560
2023-09-20,39648.296875,40553.73046875,40553.73046875,40021.296875,40110.03515625,758741
2023-09-21,39214.50390625,40110.03515625,40864.31640625,40021.296875,40553.73046875,1031338
2023-09-22,39951.9453125,40864.31640625,40864.31640625,39222.64453125,39755.08203125,2053775
2023-09-25,39127.74609375,40021.296875,40864.31640625,39843.8203125,40864.31640625,1170060
2023-09-26,38477.06640625,39355.75390625,40198.77734375,39222.64453125,40198.77734375,1264156
2023-09-27,38520.4453125,39400.125,39666.33984375,39267.015625,39355.75390625,1216826
2023-09-28,38477.06640625,39355.75390625,39666.33984375,39267.015625,39355.75390625,783871
2023-09-29,38477.06640625,39355.75390625,39710.7109375,39222.64453125,39400.125,611455
2023-10-02,38130.03515625,39000.796875,39621.97265625,38867.69140625,39355.75390625,775419
2023-10-03,36047.84765625,36871.0625,38823.3203125,36871.0625,38734.58203125,1505876
2023-10-04,36872.046875,37714.08203125,38113.41015625,36382.99609375,36382.99609375,1006209
2023-10-05,36091.2265625,36915.43359375,38024.66796875,36871.0625,37714.08203125,592862
2023-10-06,36611.77734375,37447.8671875,37714.08203125,36560.4765625,36915.43359375,625654
2023-10-09,36394.87890625,37226.01953125,37536.60546875,37092.91015625,37447.8671875,788604
2023-10-10,36481.640625,37314.7578125,37714.08203125,37181.6484375,37447.8671875,987840
2023-10-11,36438.25390625,37270.38671875,37714.08203125,37048.5390625,37714.08203125,1259310
2023-10-12,36568.39453125,37403.49609375,37625.34375,37181.6484375,37314.7578125,1144817
2023-10-13,36872.046875,37714.08203125,37714.08203125,37359.125,37447.8671875,1157326
2023-10-16,36134.60546875,36959.80078125,37714.08203125,36604.84375,37714.08203125,1096924
2023-10-17,35830.953125,36649.21484375,37447.8671875,36649.21484375,37181.6484375,1102671
2023-10-18,34703.09765625,35495.60546875,36693.5859375,35495.60546875,36649.21484375,1640315
2023-10-19,34876.6171875,35673.0859375,36028.04296875,35229.390625,35673.0859375,1318022
2023-10-20,35136.890625,35939.30078125,35939.30078125,35096.28125,35673.0859375,1102558
2023-10-23,34963.37890625,35761.82421875,35939.30078125,35584.34765625,35761.82421875,796492
2023-10-24,35830.953125,36649.21484375,36782.32421875,35628.71484375,35628.71484375,1031564
2023-10-25,35353.78515625,36161.1484375,36915.43359375,36161.1484375,36649.21484375,835934
2023-10-26,35180.26953125,35983.671875,36294.2578125,34608.21875,35495.60546875,2226754
2023-10-27,36438.25390625,37270.38671875,37270.38671875,35673.0859375,35983.671875,1008012
2023-10-30,35570.6796875,36382.99609375,37181.6484375,36382.99609375,37181.6484375,609202
2023-10-31,34876.6171875,35673.0859375,36826.69140625,35673.0859375,36382.99609375,614160
2023-11-01,34703.09765625,35495.60546875,36294.2578125,35229.390625,36294.2578125,395429
2023-11-02,36134.60546875,36959.80078125,36959.80078125,36028.04296875,36249.890625,777786
2023-11-03,36004.46484375,36826.69140625,37492.234375,36826.69140625,37492.234375,634895
2023-11-06,36264.7421875,37092.91015625,37447.8671875,36915.43359375,36959.80078125,661377
2023-11-07,36264.7421875,37092.91015625,37270.38671875,36826.69140625,37270.38671875,598721
2023-11-08,37219.078125,38069.0390625,38157.77734375,36871.0625,36959.80078125,1089374
2023-11-09,37175.6953125,38024.66796875,38290.88671875,37802.8203125,38157.77734375,852725
2023-11-10,36611.77734375,37447.8671875,38069.0390625,37359.125,37625.34375,707017
2023-11-13,36525.015625,37359.125,37891.5625,37226.01953125,37447.8671875,534037
2023-11-14,37305.8359375,38157.77734375,38557.10546875,37492.234375,37492.234375,1771036
2023-11-15,38303.55078125,39178.27734375,39178.27734375,38335.2578125,38512.734375,1633103
2023-11-16,37956.515625,38823.3203125,39400.125,38557.10546875,39267.015625,1093431
2023-11-17,37219.078125,38069.0390625,39045.16796875,37758.453125,39045.16796875,1363210
2023-11-20,37435.97265625,38290.88671875,38912.05859375,37270.38671875,37270.38671875,912563
2023-11-21,38130.03515625,39000.796875,39000.796875,38157.77734375,38778.94921875,928790
2023-11-22,37826.37890625,38690.2109375,39045.16796875,38512.734375,39000.796875,831764
2023-11-23,37305.8359375,38157.77734375,39045.16796875,38157.77734375,39045.16796875,851147
2023-11-24,37869.7578125,38734.58203125,38734.58203125,37625.34375,38157.77734375,913915
2023-11-27,37305.8359375,38157.77734375,38734.58203125,37980.30078125,38734.58203125,842470
2023-11-28,37982.6015625,38850.0,39000.0,38200.0,39000.0,833900
2023-11-29,38422.5546875,39300.0,39300.0,38900.0,39000.0,811800
2023-11-30,37982.6015625,38850.0,39500.0,38800.0,39000.0,726300
2023-12-01,38520.3203125,39400.0,39500.0,38850.0,38900.0,761100
2023-12-04,38911.39453125,39800.0,39800.0,39350.0,39500.0,711900
2023-12-05,38764.7421875,39650.0,39900.0,39400.0,39800.0,654400
2023-12-06,39106.92578125,40000.0,40400.0,39400.0,39650.0,1157100
2023-12-07,39693.52734375,40600.0,41000.0,40000.0,40350.0,1955000
2023-12-08,40964.5078125,41900.0,42000.0,40600.0,40600.0,2406400
2023-12-11,40475.66796875,41400.0,42200.0,41350.0,42000.0,1589400
2023-12-12,40964.5078125,41900.0,42050.0,41200.0,41500.0,956500
2023-12-13,40671.203125,41600.0,42000.0,40600.0,41900.0,793400
2023-12-14,40671.203125,41600.0,41800.0,41300.0,41650.0,779800
2023-12-15,40573.43359375,41500.0,41700.0,41250.0,41450.0,562000
2023-12-18,40084.6015625,41000.0,41500.0,40500.0,41050.0,678400
2023-12-19,40280.1328125,41200.0,41500.0,40550.0,41000.0,823300
2023-12-20,40377.90234375,41300.0,42000.0,40800.0,41900.0,1024900
2023-12-21,40866.73828125,41800.0,41900.0,40900.0,40900.0,1136900
2023-12-22,41502.22265625,42450.0,42450.0,41400.0,41800.0,1189100
2023-12-25,42235.48046875,43200.0,43300.0,42000.0,42500.0,1173400
2023-12-26,42039.9453125,43000.0,43550.0,42700.0,43200.0,1163800
2023-12-27,42039.9453125,43000.0,43200.0,42800.0,42800.0,938900
2023-12-28,41746.640625,42700.0,43150.0,42700.0,43000.0,1099500
2023-12-29,42431.015625,43400.0,43400.0,42300.0,42700.0,882100
2024-01-01,42431.015625,43400.0,43400.0,43400.0,43400.0,0
2024-01-02,42039.9453125,43000.0,43600.0,42700.0,43400.0,1112000
2024-01-03,42822.08203125,43800.0,44100.0,43000.0,43400.0,1559300
2024-01-04,42675.43359375,43650.0,45000.0,43600.0,43900.0,3213200
2024-01-05,43506.453125,44500.0,44950.0,43700.0,43700.0,1329800
2024-01-08,45364.03515625,46400.0,46500.0,44650.0,44800.0,1949000
2024-01-09,45021.8515625,46050.0,47000.0,46050.0,47000.0,1741100
2024-01-10,46341.70703125,47400.0,47800.0,46000.0,46050.0,2141800
2024-01-11,45461.80078125,46500.0,47250.0,46200.0,47200.0,3385600
2024-01-12,44972.96484375,46000.0,47200.0,45050.0,45900.0,3074500
2024-01-15,45559.5703125,46600.0,47000.0,46050.0,46050.0,1335700
2024-01-16,45852.87109375,46900.0,46950.0,46050.0,46050.0,1130700
2024-01-17,45803.984375,46850.0,47000.0,46300.0,46550.0,1463000
2024-01-18,46439.4765625,47500.0,47850.0,46650.0,46850.0,2278300
2024-01-19,48737.00390625,49850.0,49850.0,47200.0,47900.0,2954000
2024-01-22,48688.12109375,49800.0,50200.0,48700.0,49950.0,2365400
2024-01-23,48297.0546875,49400.0,49800.0,48650.0,49500.0,2182200
2024-01-24,47808.21484375,48900.0,49200.0,48450.0,48500.0,1868700
2024-01-25,47808.21484375,48900.0,48900.0,48900.0,48900.0,0
2024-01-26,47857.09765625,48950.0,48950.0,48400.0,48400.0,812400
2024-01-29,47612.68359375,48700.0,49200.0,48500.0,48900.0,984500
2024-01-30,47368.265625,48450.0,48900.0,48200.0,48800.0,1121300
2024-01-31,46635.0078125,47700.0,48800.0,47500.0,48500.0,1673600
2024-02-01,46195.05859375,47250.0,47950.0,47150.0,47500.0,1542600
2024-02-02,46195.05859375,47250.0,47250.0,47250.0,47250.0,0
2024-02-05,47563.796875,48650.0,49400.0,47050.0,47100.0,2249900
2024-02-06,47710.44921875,48800.0,48800.0,48000.0,48800.0,1527400
2024-02-07,47857.09765625,48950.0,49050.0,48600.0,48800.0,1859200
2024-02-08,47857.09765625,48950.0,48950.0,48950.0,48950.0,0
2024-02-09,47857.09765625,48950.0,48950.0,48950.0,48950.0,0
2024-02-15,47857.09765625,48950.0,49250.0,48450.0,48950.0,1625600
2024-02-16,47466.03125,48550.0,49000.0,48300.0,49000.0,1353000
2024-02-19,48199.2890625,49300.0,50300.0,48250.0,48750.0,3283300
2024-02-20,48297.0546875,49400.0,50200.0,49400.0,49500.0,1569300
2024-02-21,48639.23828125,49750.0,49800.0,48900.0,49750.0,1850900
2024-02-22,48639.23828125,49750.0,49900.0,49500.0,49800.0,1596200
2024-02-23,50839.00390625,52000.0,53200.0,49300.0,49800.0,6935200
2024-02-26,52403.28125,53600.0,54500.0,52000.0,52800.0,1533000
2024-02-27,51816.67578125,53000.0,54000.0,53000.0,53700.0,1742700
2024-02-28,52696.58203125,53900.0,54800.0,52300.0,53200.0,2342300
2024-02-29,51816.67578125,53000.0,54000.0,53000.0,53900.0,1337300
2024-03-01,52305.515625,53500.0,54300.0,52400.0,53300.0,1246100
2024-03-04,52305.515625,53500.0,54500.0,52500.0,53600.0,2330400
2024-03-05,53185.41796875,54400.0,54400.0,52900.0,53500.0,1200400
2024-03-06,53185.41796875,54400.0,54800.0,53500.0,54000.0,1585300
2024-03-07,52109.9765625,53300.0,54400.0,53200.0,54400.0,2125200
2024-03-08,49959.09765625,51100.0,53400.0,49600.0,53400.0,2740700
2024-03-11,49372.49609375,50500.0,52400.0,50500.0,51800.0,1478700
2024-03-12,50839.00390625,52000.0,52100.0,50500.0,50600.0,1210100
2024-03-13,51425.609375,52600.0,52600.0,51800.0,52200.0,1398100
2024-03-14,50545.703125,51700.0,53500.0,51400.0,53500.0,1482400
2024-03-15,51034.53515625,52200.0,52800.0,51000.0,51600.0,1433700
2024-03-18,50839.00390625,52000.0,52800.0,49900.0,52000.0,1481000
2024-03-19,50447.93359375,51600.0,52100.0,51000.0,52100.0,765300
2024-03-20,51816.67578125,53000.0,53100.0,50500.0,51600.0,3132600
2024-03-21,51816.67578125,53000.0,53400.0,52800.0,53200.0,1857100
2024-03-22,52989.8828125,54200.0,56700.0,53300.0,53300.0,4361200
2024-03-25,51816.67578125,53000.0,55500.0,52700.0,54200.0,1262200
2024-03-26,51816.67578125,53000.0,53900.0,53000.0,53000.0,1409500
2024-03-27,51327.83984375,52500.0,53300.0,52500.0,53300.0,1607900
2024-03-28,51425.609375,52600.0,53900.0,52500.0,53200.0,1358700
2024-03-29,50936.76953125,52100.0,53200.0,52000.0,53200.0,1788300
2024-04-01,50936.76953125,52100.0,52700.0,51700.0,52200.0,1362900
2024-04-02,50741.234375,51900.0,52400.0,51500.0,51900.0,1576300
2024-04-03,49861.328125,51000.0,52300.0,51000.0,52000.0,1496500
2024-04-04,49861.328125,51000.0,51800.0,51000.0,51800.0,1093500
2024-04-05,49079.1953125,50200.0,50900.0,50200.0,50900.0,1654900
2024-04-08,49665.796875,50800.0,51600.0,50000.0,50200.0,904800
2024-04-09,51523.375,52700.0,52700.0,50800.0,51100.0,1751000
2024-04-10,50839.00390625,52000.0,52800.0,51900.0,52800.0,1193200
2024-04-11,51816.67578125,53000.0,53400.0,51300.0,51500.0,2276400
2024-04-12,52207.74609375,53400.0,54500.0,52800.0,53000.0,3374100
2024-04-15,48590.35546875,49700.0,54500.0,49700.0,53300.0,2541500
2024-04-16,49176.9609375,50300.0,51200.0,49450.0,49700.0,2349900
2024-04-17,47026.08203125,48100.0,51000.0,48000.0,50900.0,1973200
2024-04-19,47270.49609375,48350.0,49500.0,47100.0,47900.0,2170000
2024-04-22,48981.421875,50100.0,50100.0,48800.0,48800.0,1298900
2024-04-23,48297.0546875,49400.0,50500.0,48500.0,49200.0,2273300
2024-04-24,48883.65625,50000.0,50400.0,49350.0,49450.0,1416800
2024-04-25,48492.58984375,49600.0,50300.0,49300.0,49750.0,1053600
2024-04-26,48101.51953125,49200.0,50100.0,49100.0,49600.0,774500
2024-04-29,48101.51953125,49200.0,49200.0,49200.0,49200.0,0
2024-04-30,48101.51953125,49200.0,49200.0,49200.0,49200.0,0
2024-05-02,48101.51953125,49200.0,49700.0,48850.0,49300.0,568700
2024-05-03,48101.51953125,49200.0,49900.0,49000.0,49650.0,700800
2024-05-06,49372.49609375,50500.0,50500.0,49300.0,49300.0,1192000
2024-05-07,48883.65625,50000.0,51000.0,50000.0,50600.0,1069500
2024-05-08,48688.12109375,49800.0,50800.0,49800.0,50100.0,1057600
2024-05-09,48394.8203125,49500.0,50300.0,49500.0,50300.0,970600
2024-05-10,47954.8671875,49050.0,49750.0,48950.0,49600.0,827700
2024-05-13,47514.9140625,48600.0,49500.0,48500.0,49200.0,1663700
2024-05-14,47026.08203125,48100.0,49200.0,48050.0,48800.0,1948300
2024-05-15,47514.9140625,48600.0,48950.0,48350.0,48450.0,1393000
2024-05-16,48492.58984375,49600.0,50300.0,49050.0,49150.0,2097300
2024-05-17,48248.171875,49350.0,49700.0,49200.0,49650.0,1518300
2024-05-20,48492.58984375,49600.0,50700.0,49500.0,49600.0,2191900
2024-05-21,48883.65625,50000.0,50300.0,49400.0,50000.0,1794700
2024-05-22,48688.12109375,49800.0,51200.0,49750.0,50500.0,2428000
2024-05-23,48394.8203125,49500.0,50200.0,49400.0,49800.0,1788900
2024-05-24,48101.51953125,49200.0,50600.0,48500.0,49600.0,2175600
2024-05-27,47808.21484375,48900.0,49400.0,48550.0,49400.0,763200
2024-05-28,48003.75,49100.0,49200.0,48600.0,49000.0,1230700
2024-05-29,47514.9140625,48600.0,49450.0,48600.0,49450.0,1388900
2024-05-30,46635.0078125,47700.0,48500.0,47400.0,48400.0,2092000
2024-05-31,46048.40625,47100.0,48300.0,47100.0,47700.0,1967800
2024-06-03,46048.40625,47100.0,47100.0,47100.0,47100.0,0
2024-06-04,46537.2421875,47600.0,48200.0,47550.0,47850.0,1112900
2024-06-05,46586.125,47650.0,48200.0,47650.0,47900.0,1799400
2024-06-06,46830.54296875,47900.0,48100.0,47700.0,47700.0,1413000
2024-06-07,46683.890625,47750.0,48300.0,47700.0,48100.0,1233400
2024-06-10,46586.125,47650.0,48550.0,47550.0,47850.0,2062700
2024-06-11,46292.82421875,47350.0,47850.0,47200.0,47800.0,2535500
2024-06-12,46830.54296875,47900.0,47950.0,47000.0,47600.0,2649200
2024-06-13,47270.49609375,48350.0,48350.0,47900.0,48350.0,2615400
2024-06-14,46439.4765625,47500.0,48750.0,47500.0,48400.0,2240900
2024-06-17,45461.80078125,46500.0,47500.0,46500.0,47500.0,2812800
2024-06-18,45461.80078125,46500.0,47050.0,46500.0,46700.0,1468000
2024-06-19,45070.734375,46100.0,46800.0,45850.0,46800.0,2599500
2024-06-20,44484.12890625,45500.0,46200.0,45350.0,46000.0,2671200
2024-06-21,44581.89453125,45600.0,46450.0,45550.0,45600.0,1540200
2024-06-24,43995.29296875,45000.0,46350.0,45000.0,46000.0,1951000
2024-06-25,43213.15234375,44200.0,45700.0,43550.0,45400.0,2891100
2024-06-26,43506.453125,44500.0,44800.0,44000.0,44250.0,1689800
2024-06-27,43115.38671875,44100.0,45000.0,44100.0,44700.0,1573600
2024-06-28,42284.36328125,43250.0,44600.0,43250.0,44100.0,2120500
2024-07-01,42919.8515625,43900.0,43900.0,43000.0,43300.0,1236800
2024-07-02,44728.546875,45750.0,45800.0,44050.0,44250.0,3612500
2024-07-03,46146.17578125,47200.0,47200.0,45550.0,46000.0,4601800
2024-07-04,46243.94140625,47300.0,47400.0,46800.0,47000.0,2666100
2024-07-05,46243.94140625,47300.0,48200.0,47100.0,47350.0,4622000
2024-07-08,45950.63671875,47000.0,47800.0,46750.0,47550.0,1981700
2024-07-09,46439.4765625,47500.0,48000.0,46900.0,47500.0,2572300
2024-07-10,45852.87109375,46900.0,47900.0,46900.0,47850.0,2019900
2024-07-11,45755.1015625,46800.0,47450.0,46800.0,47450.0,1293700
2024-07-12,45559.5703125,46600.0,47200.0,46250.0,46900.0,1435600
2024-07-15,45510.68359375,46550.0,47050.0,46300.0,47000.0,1185400
2024-07-16,46097.2890625,47150.0,48300.0,46500.0,46800.0,4079700
2024-07-17,46928.30859375,48000.0,50000.0,47550.0,47900.0,7855000
2024-07-18,47417.1484375,48500.0,49300.0,47850.0,48600.0,3362700
2024-07-19,46635.0078125,47700.0,49000.0,47500.0,48800.0,3082700
2024-07-22,46635.0078125,47700.0,48700.0,47200.0,47700.0,3438100
2024-07-23,44972.96484375,46000.0,48250.0,44500.0,47800.0,3359700
2024-07-24,45070.734375,46100.0,46850.0,45000.0,45000.0,2478000
2024-07-25,44972.96484375,46000.0,46450.0,45500.0,46450.0,1465000
2024-07-26,45217.3828125,46250.0,46550.0,45850.0,46300.0,1238300
2024-07-29,46048.40625,47100.0,47250.0,46350.0,46350.0,1045400
2024-07-30,45755.1015625,46800.0,47350.0,46500.0,47350.0,2282100
2024-07-31,46537.2421875,47600.0,48400.0,46900.0,47000.0,3161200
2024-08-01,45755.1015625,46800.0,48900.0,46800.0,47900.0,3825500
2024-08-02,46683.890625,47750.0,47750.0,46500.0,46500.0,1968800
2024-08-05,45070.734375,46100.0,47200.0,45000.0,46900.0,2723100
2024-08-06,45706.21875,46750.0,47650.0,45850.0,46400.0,1806100
2024-08-07,45364.03515625,46400.0,47400.0,46000.0,47400.0,2145000
2024-08-08,44972.96484375,46000.0,46800.0,45700.0,46500.0,1424000
2024-08-09,45657.3359375,46700.0,47000.0,46350.0,47000.0,1050900
2024-08-12,45755.1015625,46800.0,47350.0,46500.0,46700.0,1358400
2024-08-13,45608.453125,46650.0,47150.0,46500.0,47000.0,1015400
2024-08-14,45999.5234375,47050.0,47750.0,46800.0,46800.0,1703800
2024-08-15,45608.453125,46650.0,47450.0,46650.0,47050.0,1004300
2024-08-16,46439.4765625,47500.0,48050.0,46750.0,46750.0,2382200
2024-08-19,46830.54296875,47900.0,48500.0,47600.0,47800.0,2107200
2024-08-20,48052.63671875,49150.0,49200.0,48150.0,48300.0,4359400
2024-08-21,49470.26171875,50600.0,50800.0,49050.0,49450.0,6170900
2024-08-22,49176.9609375,50300.0,51300.0,49900.0,51000.0,2738000
2024-08-23,49372.49609375,50500.0,50800.0,50100.0,50200.0,2273200
2024-08-26,49079.1953125,50200.0,50900.0,50100.0,50800.0,2246500
2024-08-27,48492.58984375,49600.0,50300.0,49100.0,50300.0,4159800
2024-08-28,48492.58984375,49600.0,50300.0,49500.0,49600.0,1206100
2024-08-29,48199.2890625,49300.0,50600.0,49300.0,49300.0,1686100
2024-08-30,47808.21484375,48900.0,49700.0,48900.0,49550.0,1798000
2024-09-04,47857.09765625,48950.0,49450.0,48150.0,48500.0,1971000
2024-09-05,47612.68359375,48700.0,49500.0,48600.0,48750.0,1899400
2024-09-06,48199.2890625,49300.0,49500.0,48650.0,48700.0,2361500
2024-09-09,47954.8671875,49050.0,49550.0,48900.0,49200.0,1202400
2024-09-10,47417.1484375,48500.0,49300.0,48450.0,49300.0,2399900
2024-09-11,47221.61328125,48300.0,48650.0,48000.0,48450.0,1405800
2024-09-12,47270.49609375,48350.0,48700.0,48350.0,48500.0,1105200
2024-09-13,47123.84765625,48200.0,48550.0,48200.0,48200.0,747400
2024-09-16,46683.890625,47750.0,48600.0,47750.0,48200.0,1570700
2024-09-17,47612.68359375,48700.0,48700.0,47500.0,47800.0,1363300
2024-09-18,47954.8671875,49050.0,49450.0,48500.0,48800.0,1836300
2024-09-19,48150.40234375,49250.0,49400.0,48800.0,49200.0,1356100
2024-09-20,47954.8671875,49050.0,49900.0,49050.0,49500.0,2652200
2024-09-23,47612.68359375,48700.0,49400.0,48700.0,49050.0,1217700
2024-09-24,48150.40234375,49250.0,49250.0,48500.0,48950.0,1414200
2024-09-25,48883.65625,50000.0,50400.0,49350.0,49700.0,5257900
2024-09-26,48883.65625,50000.0,50800.0,49850.0,50300.0,4232600
2024-09-27,48981.421875,50100.0,51700.0,50000.0,50300.0,3204000
2024-09-30,48590.35546875,49700.0,50200.0,49600.0,50100.0,2190600
2024-10-01,48590.35546875,49700.0,50700.0,49700.0,49700.0,2817700
2024-10-02,48688.12109375,49800.0,50200.0,49600.0,49700.0,1835200
2024-10-03,48394.8203125,49500.0,50800.0,49500.0,49800.0,3503800
2024-10-04,48101.51953125,49200.0,49600.0,49150.0,49500.0,2164800
2024-10-07,47954.8671875,49050.0,49500.0,49000.0,49500.0,1492500
2024-10-08,47808.21484375,48900.0,49350.0,48800.0,49050.0,1900100
2024-10-09,48345.9375,49450.0,49600.0,48800.0,49200.0,2190900
2024-10-10,48639.23828125,49750.0,49950.0,49400.0,49950.0,2650400
2024-10-11,48297.0546875,49400.0,49850.0,49300.0,49850.0,1539800
2024-10-14,48297.0546875,49400.0,49750.0,49400.0,49500.0,1161900
2024-10-15,48883.65625,50000.0,51000.0,49500.0,49500.0,6928400
2024-10-16,48737.00390625,49850.0,50500.0,49800.0,50000.0,1791000
2024-10-17,49176.9609375,50300.0,50300.0,49550.0,50200.0,2118900
2024-10-18,49176.9609375,50300.0,51000.0,50300.0,50700.0,3395100
2024-10-21,48541.47265625,49650.0,50200.0,49650.0,50000.0,2125200
2024-10-22,47661.56640625,48750.0,49700.0,48700.0,49700.0,3371900
2024-10-23,47319.3828125,48400.0,48750.0,48000.0,48750.0,2397200
2024-10-24,46928.30859375,48000.0,48850.0,48000.0,48100.0,1465200
2024-10-25,46439.4765625,47500.0,48300.0,47500.0,48050.0,1696500
2024-10-28,46439.4765625,47500.0,47750.0,47300.0,47500.0,1726200
2024-10-29,46488.359375,47550.0,48450.0,47500.0,47700.0,2176400
2024-10-30,46635.0078125,47700.0,48200.0,47650.0,47650.0,1415800
2024-10-31,46683.890625,47750.0,48450.0,47650.0,48000.0,1792200
2024-11-01,46683.890625,47750.0,48100.0,47550.0,48000.0,1543200
2024-11-04,46635.0078125,47700.0,48200.0,47550.0,47750.0,1337100
2024-11-05,46341.70703125,47400.0,47900.0,47350.0,47700.0,1526000
2024-11-06,46977.19140625,48050.0,48150.0,47600.0,47600.0,1082600
2024-11-07,46537.2421875,47600.0,48400.0,47600.0,48400.0,1263600
2024-11-08,46341.70703125,47400.0,47900.0,47000.0,47700.0,2648700
2024-11-11,45461.80078125,46500.0,47500.0,46400.0,47400.0,2600300
2024-11-12,45266.265625,46300.0,46850.0,46300.0,46500.0,1686200
2024-11-13,45119.6171875,46150.0,46500.0,45850.0,46300.0,1816400
2024-11-14,44484.12890625,45500.0,46250.0,45500.0,46250.0,1998500
2024-11-15,43701.98828125,44700.0,45600.0,44700.0,45600.0,2255800
2024-11-18,43457.5703125,44450.0,45600.0,44450.0,44650.0,1914300
2024-11-19,43604.22265625,44600.0,45200.0,44600.0,45200.0,1457400
2024-11-20,43995.29296875,45000.0,45850.0,44500.0,44700.0,2188800
2024-11-21,44337.4765625,45350.0,45650.0,45100.0,45100.0,1472400
2024-11-22,44679.66015625,45700.0,45800.0,45250.0,45800.0,1874700
2024-11-25,44533.01171875,45550.0,45800.0,45500.0,45700.0,1110400
2024-11-26,45217.3828125,46250.0,46250.0,45500.0,45500.0,1839300
2024-11-27,45315.15234375,46350.0,46450.0,46050.0,46250.0,1214900
2024-11-28,45070.734375,46100.0,46550.0,46100.0,46500.0,1284700
2024-11-29,45706.21875,46750.0,46750.0,45850.0,46100.0,1443200
2024-12-02,45461.80078125,46500.0,47100.0,46500.0,46900.0,1314100
2024-12-03,45021.8515625,46050.0,46500.0,46050.0,46500.0,1400100
2024-12-04,44141.9453125,45150.0,46150.0,45150.0,46100.0,2399100
2024-12-05,44972.96484375,46000.0,46800.0,45300.0,45300.0,2427400
2024-12-06,45559.5703125,46600.0,46950.0,46400.0,46400.0,2497200
2024-12-09,45657.3359375,46700.0,47000.0,46600.0,46650.0,1717700
2024-12-10,45706.21875,46750.0,47350.0,46750.0,46800.0,1943300
2024-12-11,45559.5703125,46600.0,47000.0,46500.0,46950.0,1286600
2024-12-12,37652.53515625,38512.3984375,38966.94140625,38512.3984375,38595.04296875,2341713
2024-12-13,37490.94140625,38347.109375,38677.6875,38347.109375,38471.07421875,1673309
2024-12-16,37773.734375,38636.36328125,39049.5859375,38595.04296875,38842.9765625,3929112
2024-12-17,37652.53515625,38512.3984375,38966.94140625,38512.3984375,38842.9765625,2721048
2024-12-18,37854.53515625,38719.0078125,38842.9765625,38595.04296875,38719.0078125,2009931
2024-12-19,37531.3359375,38388.4296875,38636.36328125,38347.109375,38553.71875,3274260
2024-12-20,37531.3359375,38388.4296875,38595.04296875,38305.78515625,38429.75390625,3622014
2024-12-23,37738.18359375,38600.0,39000.0,38500.0,38900.0,2895400
2024-12-24,37249.34765625,38100.0,38850.0,38050.0,38700.0,3216000
2024-12-25,37787.0703125,38650.0,39800.0,38100.0,38200.0,5277300
2024-12-26,38129.25390625,39000.0,39350.0,38800.0,38950.0,3884200
2024-12-27,38275.90234375,39150.0,39500.0,39100.0,39250.0,2859500
2024-12-30,37395.99609375,38250.0,39150.0,38250.0,39100.0,4011800
2024-12-31,36711.62890625,37550.0,38750.0,37550.0,38500.0,3416900
2025-01-02,37347.11328125,38200.0,38650.0,37900.0,38200.0,3160500
2025-01-03,37347.11328125,38200.0,38600.0,38200.0,38200.0,3698500
2025-01-06,37933.71875,38800.0,39150.0,38200.0,38300.0,4820800
2025-01-07,39497.99609375,40400.0,40500.0,39050.0,39100.0,10448400
2025-01-08,39449.109375,40350.0,40400.0,39650.0,40400.0,3125200
2025-01-09,39058.04296875,39950.0,40050.0,39350.0,39900.0,3599100
2025-01-10,38227.01953125,39100.0,39900.0,39100.0,39900.0,3114500
2025-01-13,38422.5546875,39300.0,39350.0,38400.0,39100.0,2461400
2025-01-14,38129.25390625,39000.0,39200.0,38900.0,39200.0,957600
2025-01-15,38324.7890625,39200.0,39200.0,38600.0,39200.0,1485800
2025-01-16,38324.7890625,39200.0,39200.0,38600.0,39200.0,1485800
2025-01-17,38618.08984375,39500.0,39500.0,39050.0,39200.0,1572900
2025-01-20,39009.16015625,39900.0,40100.0,39400.0,39450.0,2854300
2025-01-21,38911.39453125,39800.0,40050.0,39500.0,40050.0,2139600
2025-01-22,38618.08984375,39500.0,39800.0,39450.0,39800.0,2020900
2025-01-23,39009.16015625,39900.0,40100.0,39450.0,39500.0,2925500
2025-01-24,39106.92578125,40000.0,40000.0,39750.0,39900.0,2333900
2025-01-27,39106.92578125,40000.0,40000.0,40000.0,40000.0,0
2025-01-28,39106.92578125,40000.0,40000.0,40000.0,40000.0,0
2025-01-29,39106.92578125,40000.0,40000.0,40000.0,40000.0,0
2025-01-30,39106.92578125,40000.0,40000.0,40000.0,40000.0,0
2025-01-31,39106.92578125,40000.0,40000.0,40000.0,40000.0,0
2025-02-03,38520.3203125,39400.0,39900.0,39100.0,39700.0,3550500
2025-02-04,38764.7421875,39650.0,40100.0,39150.0,39500.0,4270900
2025-02-05,38715.85546875,39600.0,39950.0,39550.0,39900.0,2370300
2025-02-06,38911.39453125,39800.0,40000.0,39600.0,39650.0,3976100
2025-02-07,39595.76171875,40500.0,40800.0,39800.0,39800.0,8054000
2025-02-10,39449.109375,40350.0,41200.0,40100.0,40500.0,4596700
2025-02-11,39546.87890625,40450.0,40750.0,40100.0,40500.0,2873800
2025-02-12,39106.92578125,40000.0,40450.0,39900.0,40350.0,4336000
2025-02-13,39106.92578125,40000.0,40250.0,39900.0,40000.0,2430100
2025-02-14,39742.41015625,40650.0,40850.0,40150.0,40350.0,4557800
2025-02-17,39302.4609375,40200.0,40650.0,40150.0,40650.0,2273100
2025-02-18,39595.76171875,40500.0,40650.0,40050.0,40100.0,3320100
2025-02-19,39937.94921875,40850.0,40900.0,40400.0,40500.0,5452400
2025-02-20,39986.83203125,40900.0,41050.0,40650.0,41000.0,3398400
2025-02-21,39986.83203125,40900.0,41050.0,40650.0,40850.0,2988800
2025-02-24,40182.3671875,41100.0,41400.0,40700.0,40900.0,4168600
2025-02-25,40329.015625,41250.0,41350.0,41000.0,41150.0,4348800
2025-02-26,40280.1328125,41200.0,41250.0,40950.0,41200.0,3020100
2025-02-27,40035.71484375,40950.0,41300.0,40900.0,41200.0,2552300
2025-02-28,40035.71484375,40950.0,40950.0,40700.0,40950.0,3051600
2025-03-03,40035.71484375,40950.0,41200.0,40850.0,40950.0,1966100
2025-03-04,39889.06640625,40800.0,40900.0,40400.0,40800.0,3340100
2025-03-05,39742.41015625,40650.0,41150.0,40450.0,40700.0,2829800
2025-03-06,39889.06640625,40800.0,40900.0,40550.0,40650.0,2390500
2025-03-07,40231.25,41150.0,41150.0,40700.0,40800.0,4622400
2025-03-10,40475.66796875,41400.0,42000.0,41200.0,41300.0,4881700
2025-03-11,40475.66796875,41400.0,41400.0,40750.0,40950.0,3352200
2025-03-12,39986.83203125,40900.0,41400.0,40850.0,41350.0,3968100
2025-03-13,39302.4609375,40200.0,40900.0,40100.0,40900.0,3981300
2025-03-14,39497.99609375,40400.0,40400.0,40050.0,40200.0,2298100
2025-03-17,39449.109375,40350.0,40550.0,40150.0,40400.0,3319900
2025-03-18,39106.92578125,40000.0,40600.0,40000.0,40500.0,3419200
2025-03-19,38911.39453125,39800.0,40200.0,39550.0,40200.0,3182000
2025-03-20,38911.39453125,39800.0,39900.0,39550.0,39550.0,2255800
2025-03-21,38569.203125,39450.0,39800.0,39450.0,39600.0,2407600
2025-03-24,38227.01953125,39100.0,39500.0,39000.0,39450.0,3733500
2025-03-25,38813.625,39700.0,39700.0,39200.0,39200.0,2936500
2025-03-26,38666.97265625,39550.0,39850.0,39400.0,39600.0,2603800
2025-03-27,38227.01953125,39100.0,39650.0,39100.0,39650.0,1862400
2025-03-28,38227.01953125,39100.0,39250.0,39050.0,39150.0,1401500
2025-03-31,37884.8359375,38750.0,39000.0,38500.0,39000.0,2899600
2025-04-01,38129.25390625,39000.0,39000.0,38700.0,38900.0,1367000
2025-04-02,37835.953125,38700.0,39250.0,38700.0,39250.0,3026000
2025-04-03,35196.234375,36000.0,37900.0,36000.0,37000.0,7520100
2025-04-04,35196.234375,36000.0,36000.0,33550.0,33550.0,6883200
2025-04-08,32752.048828125,33500.0,35500.0,33500.0,35000.0,4706500
2025-04-09,31725.4921875,32450.0,34500.0,31200.0,31200.0,6519100
2025-04-10,33925.2578125,34700.0,34700.0,34700.0,34700.0,635800
2025-04-11,35929.48828125,36750.0,36900.0,35550.0,36900.0,6947500
2025-04-14,36173.90625,37000.0,37000.0,36000.0,37000.0,3547400
2025-04-15,35685.0703125,36500.0,36750.0,36000.0,36600.0,2999100
2025-04-16,35196.234375,36000.0,36400.0,35700.0,36100.0,2914600
2025-04-17,35049.58203125,35850.0,35850.0,34950.0,35200.0,3126800
2025-04-18,35147.3515625,35950.0,36250.0,35850.0,36200.0,3477600
2025-04-21,34462.9765625,35250.0,36000.0,35100.0,35950.0,2105600
2025-04-22,34316.328125,35100.0,35200.0,32800.0,35150.0,3599300
2025-04-23,34560.7421875,35350.0,35750.0,35000.0,35750.0,1849600
2025-04-24,34658.515625,35450.0,35450.0,34900.0,35350.0,2028700
2025-04-25,34218.55859375,35000.0,35400.0,35000.0,35300.0,2684500
2025-04-28,33778.609375,34550.0,35300.0,34400.0,35300.0,3320200
2025-04-29,33778.609375,34550.0,34750.0,34350.0,34600.0,2440200
2025-04-30,33778.609375,34550.0,34550.0,34550.0,34550.0,0
2025-05-01,33778.609375,34550.0,34550.0,34550.0,34550.0,0
2025-05-02,33778.609375,34550.0,34550.0,34550.0,34550.0,0
2025-05-05,33778.609375,34550.0,34550.0,34550.0,34550.0,0
2025-05-06,34071.91015625,34850.0,34850.0,34300.0,34650.0,1834700
2025-05-07,34169.67578125,34950.0,35200.0,34550.0,34900.0,2972100
2025-05-08,34120.79296875,34900.0,34900.0,34600.0,34800.0,2129800
2025-05-09,34658.515625,35450.0,35550.0,34700.0,34900.0,4666200
2025-05-12,34658.515625,35450.0,35450.0,35450.0,35450.0,0
2025-05-13,34462.9765625,35250.0,35300.0,35000.0,35100.0,3137300
2025-05-14,35000.69921875,35800.0,35800.0,35300.0,35450.0,6592100
2025-05-15,36613.859375,37450.0,37500.0,35900.0,35950.0,11855500
2025-05-16,36564.97265625,37400.0,37700.0,37150.0,37500.0,6223800
2025-05-19,35391.765625,36200.0,36550.0,36100.0,36500.0,2742800
2025-05-20,35391.765625,36200.0,36550.0,36100.0,36500.0,2742800
2025-05-21,35391.765625,36200.0,36400.0,35850.0,36250.0,4650500
2025-05-22,35391.765625,36200.0,36850.0,36000.0,36350.0,3685900
2025-05-23,35196.234375,36000.0,36200.0,35850.0,36200.0,3481000
2025-05-26,35049.58203125,35850.0,35900.0,35000.0,35850.0,2512800
2025-05-27,35049.58203125,35850.0,35900.0,35000.0,35850.0,2512800
2025-05-28,35489.53515625,36300.0,36400.0,35800.0,36000.0,3546900
2025-05-29,35685.0703125,36500.0,36950.0,36050.0,36950.0,4671900
2025-05-30,35636.1875,36450.0,36500.0,36100.0,36500.0,3029800
2025-06-02,34902.93359375,35700.0,35850.0,35500.0,35800.0,2796500
2025-06-03,34902.93359375,35700.0,35850.0,35500.0,35800.0,2796500
2025-06-04,35098.46484375,35900.0,36150.0,35800.0,35900.0,2729300
2025-06-05,34951.81640625,35750.0,36100.0,35650.0,36000.0,3010300
2025-06-06,34707.3984375,35500.0,35900.0,35450.0,35900.0,250100
2025-06-09,34462.9765625,35250.0,35350.0,35000.0,35250.0,1659900
2025-06-10,34462.9765625,35250.0,35350.0,35000.0,35250.0,1659900
2025-06-11,34414.09375,35200.0,35450.0,35200.0,35250.0,1865600
2025-06-12,34267.44140625,35050.0,35400.0,35000.0,35300.0,1236800
2025-06-13,34511.859375,35300.0,35400.0,35100.0,35100.0,1416400
2025-06-16,35049.58203125,35850.0,35900.0,35450.0,35550.0,2707600
2025-06-17,35049.58203125,35850.0,35900.0,35450.0,35550.0,2707600
2025-06-18,35098.46484375,35900.0,36200.0,35850.0,36000.0,3745800
2025-06-19,34854.05078125,35650.0,36050.0,35600.0,35900.0,2595800
2025-06-20,35000.69921875,35800.0,35900.0,35500.0,35700.0,1873000
2025-06-23,35049.58203125,35850.0,36000.0,35550.0,35650.0,2289600
2025-06-24,35049.58203125,35850.0,36000.0,35550.0,35650.0,2289600
2025-06-25,35196.234375,36000.0,36200.0,35700.0,36050.0,4416300
2025-06-26,35049.58203125,35850.0,36250.0,35850.0,36050.0,3395300
2025-06-27,34902.93359375,35700.0,35950.0,35600.0,35900.0,2340200
2025-06-30,35489.53515625,36300.0,36350.0,36200.0,36350.0,4550000
2025-07-01,35489.53515625,36300.0,36350.0,36200.0,36350.0,4550000
2025-07-02,35782.83984375,36600.0,36850.0,36250.0,36350.0,7013400
2025-07-03,35587.30078125,36400.0,36650.0,36300.0,36600.0,3804400
2025-07-04,35489.53515625,36300.0,36800.0,36150.0,36500.0,6056200
2025-07-07,36369.44140625,37200.0,37200.0,36650.0,36650.0,11238100
2025-07-08,36369.44140625,37200.0,37200.0,36650.0,36650.0,11238100
2025-07-09,36662.7421875,37500.0,37500.0,37000.0,37200.0,7363100
2025-07-10,37347.11328125,38200.0,38450.0,37500.0,37650.0,11136600
2025-07-11,37395.99609375,38250.0,38700.0,38050.0,38500.0,7732900
2025-07-14,37787.0703125,38650.0,39350.0,38300.0,38500.0,8309600
2025-07-15,37787.0703125,38650.0,39350.0,38300.0,38500.0,8309600
2025-07-16,37249.34765625,38100.0,38750.0,38100.0,38600.0,5787900
2025-07-17,37542.6484375,38400.0,38400.0,37850.0,37900.0,7121600
2025-07-18,37444.87890625,38300.0,38800.0,38150.0,38800.0,5679300
2025-07-21,37249.34765625,38100.0,38650.0,38050.0,38450.0,6201500
2025-07-22,37249.34765625,38100.0,38650.0,38050.0,38450.0,6201500
2025-07-23,38031.484375,38900.0,39300.0,38000.0,38050.0,10824300
2025-07-24,37835.953125,38700.0,39200.0,38550.0,39100.0,6983000
2025-07-25,37982.6015625,38850.0,39650.0,38700.0,39000.0,10953100
2025-07-28,38520.3203125,39400.0,39800.0,38900.0,39100.0,11057400
2025-07-29,38520.3203125,39400.0,39800.0,38900.0,39100.0,11057400
2025-07-30,36564.97265625,37400.0,39650.0,37400.0,39650.0,15396400
2025-07-31,37249.34765625,38100.0,38800.0,37300.0,37400.0,9305000
2025-08-01,37004.9296875,37850.0,38500.0,37500.0,38500.0,6291400
2025-08-04,37200.46484375,38050.0,38250.0,37200.0,37200.0,4467900
2025-08-05,37200.46484375,38050.0,38250.0,37200.0,37200.0,4467900
2025-08-06,37884.8359375,38750.0,40200.0,38200.0,38400.0,28540100
2025-08-07,38618.08984375,39500.0,39900.0,38950.0,39000.0,6984500
2025-08-08,39546.87890625,40450.0,40500.0,39500.0,39700.0,12283900
2025-08-11,38813.625,39700.0,41000.0,39350.0,41000.0,16734500
2025-08-12,38813.625,39700.0,41000.0,39350.0,41000.0,16734500
2025-08-13,40573.43359375,41500.0,41950.0,40450.0,40500.0,15346900
2025-08-14,40426.78515625,41350.0,41800.0,40300.0,41800.0,11836100
2025-08-15,41208.921875,42150.0,42650.0,41150.0,41600.0,15166900
2025-08-18,39889.06640625,40800.0,41300.0,40600.0,41050.0,7511900
2025-08-19,39889.06640625,40800.0,41300.0,40600.0,41050.0,7511900
2025-08-20,39937.94921875,40850.0,41500.0,40700.0,40900.0,9924300
2025-08-21,39791.30078125,40700.0,41850.0,39600.0,41000.0,14543200
2025-08-22,41355.57421875,42300.0,42600.0,40900.0,41000.0,17322300
2025-08-25,40084.6015625,41000.0,43900.0,41000.0,43900.0,11310800
2025-08-26,40084.6015625,41000.0,43900.0,41000.0,43900.0,11310800
2025-08-27,40866.73828125,41800.0,41850.0,40550.0,41000.0,11173900
2025-08-28,41844.4140625,42800.0,44500.0,41850.0,42150.0,14870300
2025-08-29,41551.109375,42500.0,43250.0,42250.0,43050.0,5841200
2025-09-01,41551.109375,42500.0,42500.0,42500.0,42500.0,0
2025-09-02,41551.109375,42500.0,42500.0,42500.0,42500.0,0
2025-09-03,42528.78125,43500.0,43900.0,42050.0,43100.0,11349700
2025-09-04,42528.78125,43500.0,43900.0,42050.0,43100.0,11349700
2025-09-05,42431.015625,43400.0,43950.0,43150.0,43750.0,7236000
2025-09-08,39742.41015625,40650.0,41850.0,40650.0,41700.0,9074900
2025-09-09,39742.41015625,40650.0,41850.0,40650.0,41700.0,9074900
2025-09-10,39742.41015625,40650.0,41000.0,40350.0,40650.0,4248700
2025-09-11,39791.30078125,40700.0,41350.0,40550.0,40700.0,5472700
2025-09-12,39742.41015625,40650.0,40800.0,39850.0,40800.0,5782600
2025-09-15,41257.80859375,42200.0,42200.0,41050.0,41050.0,7330300
2025-09-16,41257.80859375,42200.0,42200.0,41050.0,41050.0,7330300
2025-09-17,41111.15625,42050.0,42700.0,42000.0,42500.0,7340200
2025-09-18,40084.6015625,41000.0,42400.0,41000.0,42000.0,3700300
2025-09-19,39889.06640625,40800.0,41450.0,40550.0,41000.0,4684500
2025-09-22,40084.6015625,41000.0,41000.0,39600.0,40200.0,7994300
2025-09-23,40084.6015625,41000.0,41000.0,39600.0,40200.0,7994300
2025-09-24,39937.94921875,40850.0,40900.0,40500.0,40700.0,3466500
2025-09-25,40280.1328125,41200.0,41200.0,40200.0,40850.0,4669500
2025-09-26,39986.83203125,40900.0,41150.0,40800.0,41150.0,2009200
2025-09-29,39400.2265625,40300.0,40550.0,40100.0,40250.0,2110500
2025-09-30,39400.2265625,40300.0,40550.0,40100.0,40250.0,2110500
2025-10-01,39106.92578125,40000.0,40550.0,39600.0,40200.0,3683900
2025-10-02,39155.80859375,40050.0,40650.0,39800.0,40000.0,1783000
2025-10-03,39204.6953125,40100.0,40700.0,40000.0,40150.0,2735400
2025-10-06,39840.18359375,40750.0,40900.0,40050.0,40300.0,3058100
2025-10-07,39840.18359375,40750.0,40900.0,40050.0,40300.0,3058100
2025-10-08,39595.76171875,40500.0,41000.0,40450.0,41000.0,2418400
2025-10-09,39546.87890625,40450.0,40900.0,40250.0,40900.0,4602600
2025-10-10,39889.06640625,40800.0,40950.0,40400.0,40550.0,4346900
2025-10-13,39986.83203125,40900.0,41150.0,40750.0,41000.0,4326200
2025-10-14,40431.6796875,40900.0,41150.0,40750.0,41000.0,4326200
2025-10-15,39146.5625,39600.0,40750.0,39600.0,40600.0,7724500
2025-10-16,38899.42578125,39350.0,40150.0,39350.0,39700.0,4329400
2025-10-17,39294.84765625,39750.0,39750.0,39200.0,39350.0,3801100
2025-10-20,36082.05859375,36500.0,39050.0,36500.0,38950.0,7393700
2025-10-21,36082.05859375,36500.0,39050.0,36500.0,38950.0,7393700
2025-10-22,36625.76171875,37050.0,37500.0,36550.0,36550.0,4500300
2025-10-23,36774.04296875,37200.0,37500.0,36500.0,37500.0,3971100
2025-10-24,36477.48046875,36900.0,37450.0,36850.0,37000.0,2708600
2025-10-27,36082.05859375,36500.0,37200.0,36500.0,36950.0,2062600
2025-10-28,36082.05859375,36500.0,37200.0,36500.0,36950.0,2062600
2025-10-29,36675.19140625,37100.0,37150.0,36600.0,36600.0,2793500
2025-10-30,37367.17578125,37800.0,37900.0,37300.0,37500.0,3204200
2025-10-31,37466.03125,37900.0,38250.0,37600.0,37950.0,2599600
2025-11-03,36675.19140625,37100.0,37800.0,37100.0,37600.0,2453800
2025-11-04,37466.03125,37900.0,38000.0,36900.0,37100.0,3482600
2025-11-05,37466.03125,37900.0,38000.0,36900.0,37100.0,3482600
2025-11-06,38059.16015625,38500.0,38900.0,38350.0,38700.0,2392700
2025-11-07,37070.609375,37500.0,38650.0,37450.0,38350.0,3220900
2025-11-10,36971.75390625,37400.0,38000.0,37300.0,37500.0,2337400
2025-11-11,37564.8828125,38000.0,38150.0,37600.0,37600.0,2393800
2025-11-12,37812.0234375,38250.0,38400.0,37800.0,38200.0,2029800
2025-11-13,37861.44921875,38300.0,38450.0,38000.0,38250.0,1942700
2025-11-14,37910.875,38350.0,38500.0,38200.0,38200.0,2234600
2025-11-17,37960.3046875,38400.0,38550.0,38300.0,38350.0,1422700
2025-11-18,37960.3046875,38400.0,38500.0,38250.0,38500.0,1451400
2025-11-19,37663.73828125,38100.0,38450.0,38100.0,38300.0,1302400
2025-11-20,37515.45703125,37950.0,38200.0,37900.0,38200.0,1467900
2025-11-21,37169.46484375,37600.0,37900.0,37400.0,37900.0,1247000
2025-11-24,37218.890625,37650.0,37950.0,37600.0,37600.0,1091700
2025-11-25,36576.3359375,37000.0,37800.0,37000.0,37800.0,1798100
2025-11-26,36922.328125,37350.0,37550.0,37050.0,37050.0,1237300
2025-11-27,37120.03515625,37550.0,37700.0,37300.0,37450.0,1071300
2025-11-28,36675.19140625,37100.0,37600.0,37100.0,37550.0,878600
2025-12-01,36526.90625,36950.0,37300.0,36950.0,37200.0,1458900
2025-12-02,36428.05078125,36850.0,37050.0,36650.0,36950.0,1590300
2025-12-03,37960.3046875,38400.0,38450.0,37000.0,37000.0,4011700
2025-12-04,37960.3046875,38400.0,38450.0,37000.0,37000.0,4011700
2025-12-05,37367.17578125,37800.0,38450.0,37800.0,38300.0,1626100
2025-12-08,37070.609375,37500.0,37950.0,37450.0,37800.0,1702000
2025-12-09,37021.18359375,37450.0,37950.0,37100.0,37500.0,3264300
2025-12-10,37268.3203125,37700.0,37900.0,37450.0,37500.0,1904100
2025-12-11,37169.46484375,37600.0,38100.0,37600.0,37700.0,1133200
2025-12-12,36576.3359375,37000.0,37700.0,37000.0,37700.0,1877500
2025-12-15,36576.3359375,37000.0,37150.0,36900.0,37050.0,1243400
2025-12-16,36971.75390625,37400.0,37750.0,36850.0,37100.0,2060100
2025-12-17,37564.8828125,38000.0,38500.0,37450.0,37450.0,4085100
2025-12-18,37564.8828125,38000.0,38500.0,37450.0,37450.0,4085100
2025-12-19,37268.3203125,37700.0,38150.0,37600.0,38000.0,2050700
2025-12-22,37960.3046875,38400.0,38450.0,37650.0,37700.0,2714700
2025-12-23,37564.8828125,38000.0,38800.0,37900.0,38500.0,1919100
2025-12-24,37960.3046875,38400.0,38450.0,37800.0,38000.0,1986000
2025-12-25,37960.3046875,38400.0,38450.0,37800.0,38000.0,1986000
2025-12-26,38355.72265625,38800.0,38800.0,38000.0,38450.0,2657200
2025-12-29,38355.72265625,38800.0,38900.0,38600.0,38800.0,1644300
2025-12-30,38948.85546875,39400.0,39850.0,38650.0,38800.0,5379000
2025-12-31,38454.578125,38900.0,39550.0,38900.0,39500.0,1630700
2026-01-01,38454.578125,38900.0,38900.0,38900.0,38900.0,0
2026-01-02,38454.578125,38900.0,38900.0,38900.0,38900.0,0
2026-01-05,38009.73046875,38450.0,38900.0,37900.0,38850.0,3885400
2026-01-06,38454.578125,38900.0,38900.0,37800.0,38300.0,4854900
2026-01-07,40481.10546875,40950.0,41400.0,39500.0,39500.0,13409700
2026-01-08,42557.05859375,43050.0,43800.0,40900.0,41300.0,27506700
2026-01-09,45522.70703125,46050.0,46050.0,43700.0,43800.0,22918600
2026-01-12,48686.06640625,49250.0,49250.0,47000.0,47900.0,7783600
2026-01-13,50416.02734375,51000.0,51600.0,48600.0,49350.0,21869900
2026-01-14,53875.953125,54500.0,54500.0,50200.0,50800.0,17646800
2026-01-15,50119.46484375,50700.0,54000.0,50700.0,52600.0,26455700
2026-01-16,50514.8828125,51100.0,54200.0,50400.0,51000.0,13973800
2026-01-19,51404.578125,52000.0,52600.0,50500.0,51100.0,9409600
2026-01-20,52590.83984375,53200.0,55300.0,52200.0,52900.0,15547500
2026-01-21,52393.12890625,53000.0,53900.0,51100.0,52600.0,11935000
2026-01-22,51404.578125,52000.0,56600.0,51600.0,53500.0,18089900
2026-01-23,50218.3203125,50800.0,52800.0,50700.0,51800.0,10080300
2026-01-26,51898.8515625,52500.0,52600.0,50800.0,51000.0,11947600
2026-01-27,51997.70703125,52600.0,52800.0,49500.0,52500.0,12478800
2026-01-28,51305.72265625,51900.0,55900.0,51400.0,53400.0,17897800
2026-01-29,51305.72265625,51900.0,52800.0,51000.0,51800.0,7082200
2026-01-30,53282.82421875,53900.0,54500.0,51900.0,52300.0,13696100
2026-02-02,54370.2265625,55000.0,55200.0,52100.0,53800.0,11934200
2026-02-03,53480.53125,54100.0,56500.0,54000.0,55700.0,11573700
2026-02-04,52393.12890625,53000.0,54400.0,52600.0,54000.0,9645300
2026-02-05,50910.3046875,51500.0,53300.0,51500.0,53000.0,9817200
2026-02-06,50811.44921875,51400.0,52300.0,50700.0,50700.0,9885700
2026-02-09,50020.609375,50600.0,51800.0,50600.0,51800.0,3595300
2026-02-10,46560.6875,47100.0,50500.0,47100.0,50200.0,22973600
2026-02-11,47944.65625,48500.0,48750.0,46100.0,46550.0,8738800
2026-02-12,47005.53125,47550.0,48500.0,47350.0,48300.0,4806600
2026-02-13,46362.9765625,46900.0,47700.0,46800.0,47550.0,6762700
2026-02-16,46362.9765625,46900.0,46900.0,46900.0,46900.0,0
2026-02-17,46362.9765625,46900.0,46900.0,46900.0,46900.0,0
2026-02-18,46362.9765625,46900.0,46900.0,46900.0,46900.0,0
2026-02-19,46362.9765625,46900.0,46900.0,46900.0,46900.0,0
2026-02-20,46362.9765625,46900.0,46900.0,46900.0,46900.0,0
2026-02-23,48537.78515625,49100.0,49700.0,47150.0,47600.0,7557400
2026-02-24,48191.79296875,48750.0,49450.0,48450.0,49450.0,5739400
2026-02-25,47944.65625,48500.0,49950.0,48500.0,48950.0,8375400
2026-02-26,47895.2265625,48450.0,48900.0,47750.0,48550.0,4690300
2026-02-27,47351.5234375,47900.0,49100.0,47500.0,48450.0,6519700
2026-03-02,44682.44140625,45200.0,47400.0,45200.0,46050.0,11738000
2026-03-03,44682.44140625,45200.0,47400.0,45200.0,46050.0,11738000
2026-03-04,45077.859375,45600.0,45600.0,43400.0,43400.0,10734400
2026-03-05,43891.6015625,44400.0,46100.0,44400.0,46100.0,6063200
2026-03-06,43051.3359375,43550.0,45000.0,43000.0,44000.0,5423100
2026-03-09,40085.6875,40550.0,41000.0,40550.0,40550.0,6134800
2026-03-10,41321.37109375,41800.0,42800.0,39500.0,41500.0,14055500
2026-03-11,41222.51953125,41700.0,42350.0,41300.0,41300.0,6154500
2026-03-12,40283.39453125,40750.0,41900.0,40650.0,41800.0,6452900
2026-03-13,40184.5390625,40650.0,41250.0,39950.0,40600.0,7923500
2026-03-16,39838.546875,40300.0,41200.0,40000.0,40500.0,5174500
2026-03-17,39986.83203125,40450.0,41300.0,40350.0,40800.0,6922000
2026-03-18,40827.09765625,41300.0,43000.0,41000.0,41100.0,14609300
2026-03-19,40184.5390625,40650.0,41100.0,40100.0,40900.0,6392700
2026-03-20,39294.84765625,39750.0,41100.0,39600.0,40650.0,10147300
2026-03-23,38009.73046875,38450.0,39450.0,38100.0,39400.0,10634100
2026-03-24,38652.2890625,39100.0,39600.0,38500.0,39300.0,6990400
2026-03-25,39047.70703125,39500.0,39650.0,38900.0,39500.0,8722100
2026-03-26,38454.578125,38900.0,39700.0,38900.0,39500.0,6156000
2026-03-27,39393.69921875,39850.0,39900.0,38900.0,38900.0,8196600
2026-03-30,38998.28125,39450.0,39550.0,38950.0,39100.0,6075800
2026-03-31,38948.85546875,39400.0,39800.0,39100.0,39600.0,7278600
2026-04-01,39789.12109375,40250.0,40600.0,39700.0,40000.0,10071800
2026-04-02,39245.41796875,39700.0,40000.0,39400.0,40000.0,7101700
2026-04-03,38602.86328125,39050.0,39750.0,39050.0,39700.0,7279600
2026-04-06,38899.42578125,39350.0,39400.0,38650.0,39050.0,5679400
2026-04-07,38948.85546875,39400.0,39500.0,39000.0,39400.0,4798100
2026-04-08,40975.37890625,41450.0,41450.0,40050.0,40500.0,15053900
2026-04-09,40135.11328125,40600.0,41150.0,40500.0,41000.0,8138800
2026-04-10,40332.82421875,40800.0,41950.0,40650.0,41100.0,8968200
2026-04-13,39887.9765625,40350.0,40750.0,40250.0,40500.0,5770800
2026-04-14,39937.40234375,40400.0,40850.0,40250.0,40750.0,5565300
2026-04-15,39838.546875,40300.0,41000.0,40300.0,40750.0,6296700
2026-04-16,39739.6953125,40200.0,40600.0,40150.0,40400.0,4295800
2026-04-17,39838.546875,40300.0,40700.0,40100.0,40300.0,5789600
2026-04-20,40085.6875,40550.0,40750.0,40250.0,40450.0,5993200
2026-04-21,39937.40234375,40400.0,41300.0,40400.0,40750.0,7980700
2026-04-22,39789.12109375,40250.0,40600.0,40200.0,40600.0,3619600
2026-04-23,41123.6640625,41600.0,43050.0,40250.0,40250.0,23927000
2026-04-24,40283.39453125,40750.0,41650.0,40750.0,41600.0,4703800
2026-04-27,40283.39453125,40750.0,40750.0,40750.0,40750.0,0
2026-04-28,39690.265625,40150.0,41100.0,40050.0,40900.0,6600700
2026-04-29,39640.83984375,40100.0,40350.0,39700.0,40200.0,6693000
2026-04-30,39640.83984375,40100.0,40100.0,40100.0,40100.0,0
2026-05-01,39640.83984375,40100.0,40100.0,40100.0,40100.0,0
2026-05-04,40382.25,40850.0,41300.0,40100.0,40400.0,6495500
2026-05-05,40085.6875,40550.0,40800.0,40200.0,40600.0,3474000
2026-05-06,40431.6796875,40900.0,41000.0,40550.0,40700.0,4399100
2026-05-07,40382.25,40850.0,41300.0,40800.0,41200.0,7167000
2026-05-08,41914.50390625,42400.0,42800.0,40850.0,40850.0,23775900
2026-05-11,41024.80859375,41500.0,42700.0,41500.0,42700.0,6557100
2026-05-12,41271.9453125,41750.0,41750.0,41050.0,41550.0,6207800
2026-05-13,42309.921875,42800.0,43000.0,41150.0,41800.0,15229800
2026-05-14,43051.3359375,43550.0,44250.0,42850.0,42900.0,11071100
2026-05-15,42458.203125,42950.0,44000.0,42850.0,44000.0,10515600
2026-05-18,44781.296875,45300.0,45500.0,42200.0,42800.0,17432500
2026-05-19,43743.3203125,44250.0,46400.0,43200.0,45400.0,19441800
2026-05-20,43397.328125,43900.0,44200.0,41900.0,43750.0,10319200
2026-05-21,43298.47265625,43800.0,44700.0,43500.0,44400.0,7402400
2026-05-22,42507.6328125,43000.0,43850.0,42650.0,43850.0,6357600
2026-05-25,42507.6328125,43000.0,43100.0,42400.0,43050.0,5080600
2026-05-26,43100.76171875,43600.0,43800.0,42750.0,42950.0,4349700
2026-05-27,42804.1953125,43300.0,43850.0,43200.0,43850.0,3843400
2026-05-28,42013.359375,42500.0,43500.0,42500.0,43300.0,4024000
2026-05-29,41519.08203125,42000.0,42550.0,41800.0,42450.0,5960400
2026-06-01,41420.2265625,41900.0,42450.0,41600.0,42050.0,4502300
2026-06-02,41222.51953125,41700.0,42250.0,41100.0,41800.0,4522400
2026-06-03,41420.2265625,41900.0,42200.0,41500.0,41600.0,2717200
2026-06-04,42161.640625,42650.0,42800.0,41850.0,41900.0,3897900
2026-06-05,41519.08203125,42000.0,42800.0,42000.0,42800.0,2265100
2026-06-08,40530.53125,41000.0,41900.0,40950.0,41600.0,5125200
2026-06-09,40678.81640625,41150.0,41400.0,40800.0,41350.0,2030800
2026-06-10,41173.08984375,41650.0,42300.0,41250.0,41300.0,3656500
2026-06-11,40925.953125,41400.0,41600.0,41100.0,41300.0,1568100
2026-06-12,40579.9609375,41050.0,41900.0,41050.0,41800.0,3430300
2026-06-15,41123.6640625,41600.0,41850.0,41400.0,41650.0,2874100
2026-06-16,41420.2265625,41900.0,42200.0,41750.0,41850.0,3050500
2026-06-17,42458.203125,42950.0,43200.0,41950.0,42000.0,8595300
2026-06-18,42260.49609375,42750.0,43050.0,42400.0,43000.0,4128800
2026-06-19,41321.37109375,41800.0,42700.0,41800.0,42700.0,4372000
2026-06-22,41963.9296875,42450.0,42800.0,41700.0,41800.0,4870900
2026-06-23,42161.640625,42650.0,43500.0,42500.0,42900.0,8373100
2026-06-24,41617.9375,42100.0,42850.0,41900.0,42600.0,2965500
2026-06-25,41420.2265625,41900.0,42250.0,41900.0,42100.0,2667100
2026-06-26,41222.51953125,41700.0,42100.0,41700.0,41950.0,3299800
2026-06-29,41914.50390625,42400.0,42450.0,42000.0,42050.0,2854400
2026-06-30,41914.50390625,42400.0,42800.0,42400.0,42550.0,2936900
2026-07-01,41914.50390625,42400.0,42800.0,42400.0,42550.0,2936900
2026-07-02,42062.78515625,42550.0,43200.0,42550.0,43050.0,2980300
2026-07-03,41766.21875,42250.0,42750.0,42050.0,42600.0,3902300
2026-07-06,40876.52734375,41350.0,42650.0,41200.0,42300.0,5593100
2026-07-07,41173.08984375,41650.0,41700.0,41300.0,41400.0,2163600
2026-07-08,41321.37109375,41800.0,42000.0,41200.0,41650.0,2763300
2026-07-09,40777.671875,41250.0,41750.0,41200.0,41600.0,2899000
2026-07-10,40530.53125,41000.0,41500.0,41000.0,41300.0,2282200
2026-07-13,39492.5546875,39950.0,41000.0,39750.0,41000.0,6051000
2026-07-14,39789.12109375,40250.0,40500.0,39400.0,39950.0,2737300
2026-07-15,39047.70703125,39500.0,40400.0,39500.0,40350.0,2688800
2026-07-16,38850.0,39300.0,39750.0,38550.0,39500.0,4480000
2026-07-17,38800.0,38800.0,39050.0,38700.0,39000.0,1911700
2026-07-20,37000.0,37000.0,38900.0,37000.0,38800.0,5507500
2026-07-21,36800.0,36800.0,37700.0,36800.0,37100.0,3459200
2026-07-22,35850.0,35850.0,37150.0,35850.0,37000.0,6012800
2026-07-23,36000.0,36000.0,36700.0,34700.0,35600.0,5714100
2026-07-24,36000.0,36000.0,36750.0,35550.0,36000.0,2968900
2026-07-27,34700.0,34700.0,36400.0,34700.0,36300.0,3561000
2026-07-28,35100.0,35100.0,35650.0,34350.0,34500.0,2774700
2026-07-29,35450.0,35450.0,35750.0,35150.0,35350.0,2228900
2026-07-30,37250.0,37250.0,37300.0,35500.0,35600.0,6603800
