date,Adj Close,Close,High,Low,Open,Volume
2016-01-04,7629.0244140625,8772.73046875,8916.5458984375,8676.8544921875,8868.607421875,842852
2016-01-05,7545.6474609375,8676.8544921875,8772.73046875,8628.916015625,8676.8544921875,667356
2016-01-06,7629.0244140625,8772.73046875,8820.6689453125,8676.8544921875,8676.8544921875,1136750
2016-01-07,7545.6474609375,8676.8544921875,8820.6689453125,8533.0390625,8676.8544921875,3321678
2016-01-08,7378.89404296875,8485.1005859375,8628.916015625,8485.1005859375,8628.916015625,2070552
2016-01-11,7378.89404296875,8485.1005859375,8580.9775390625,8437.162109375,8485.1005859375,1393016
2016-01-12,7420.58154296875,8533.0390625,8580.9775390625,8437.162109375,8485.1005859375,1233040
2016-01-13,7378.89404296875,8485.1005859375,8628.916015625,8485.1005859375,8580.9775390625,955559
2016-01-14,7378.89404296875,8485.1005859375,8485.1005859375,8293.3466796875,8485.1005859375,1780492
2016-01-15,7337.20458984375,8437.162109375,8533.0390625,8341.28515625,8485.1005859375,1353465
2016-01-18,7003.69482421875,8053.65478515625,8245.408203125,7861.90087890625,8245.408203125,2914822
2016-01-19,7253.82763671875,8341.28515625,8341.28515625,8005.71630859375,8005.71630859375,2142853
2016-01-20,7045.38427734375,8101.59326171875,8293.3466796875,8101.59326171875,8293.3466796875,1269023
2016-01-21,6836.9404296875,7861.90087890625,8149.53125,7813.96240234375,8053.65478515625,2386937
2016-01-22,6711.8740234375,7718.08544921875,7909.83935546875,7574.2705078125,7861.90087890625,1824340
2016-01-25,7170.44970703125,8245.408203125,8245.408203125,7909.83935546875,7909.83935546875,1833936
2016-01-26,7253.82763671875,8341.28515625,8341.28515625,8053.65478515625,8149.53125,2032899
2016-01-27,7295.515625,8389.2236328125,8533.0390625,8341.28515625,8341.28515625,813877
2016-01-28,7170.44970703125,8245.408203125,8437.162109375,8245.408203125,8389.2236328125,351054
2016-01-29,7170.44970703125,8245.408203125,8293.3466796875,8149.53125,8245.408203125,460424
2016-02-01,7128.76123046875,8197.4697265625,8437.162109375,8197.4697265625,8437.162109375,678537
2016-02-02,7128.76123046875,8197.4697265625,8341.28515625,8149.53125,8197.4697265625,340207
2016-02-03,7087.072265625,8149.53125,8197.4697265625,8005.71630859375,8101.59326171875,381405
2016-02-04,7170.44970703125,8245.408203125,8245.408203125,8149.53125,8245.408203125,504918
2016-02-05,7170.44970703125,8245.408203125,8293.3466796875,8245.408203125,8245.408203125,465493
2016-02-15,7170.44970703125,8245.408203125,8293.3466796875,8101.59326171875,8101.59326171875,320890
2016-02-16,7128.76123046875,8197.4697265625,8293.3466796875,8197.4697265625,8245.408203125,352285
2016-02-17,7128.76123046875,8197.4697265625,8245.408203125,8149.53125,8197.4697265625,551353
2016-02-18,7253.82763671875,8341.28515625,8341.28515625,8149.53125,8197.4697265625,964925
2016-02-19,7170.44970703125,8245.408203125,8341.28515625,8245.408203125,8293.3466796875,969952
2016-02-22,7170.44970703125,8245.408203125,8341.28515625,8149.53125,8293.3466796875,1666137
2016-02-23,7128.76123046875,8197.4697265625,8341.28515625,8197.4697265625,8293.3466796875,1142757
2016-02-24,7587.3369140625,8724.79296875,8724.79296875,8149.53125,8149.53125,6470989
2016-02-25,7670.71337890625,8820.6689453125,8868.607421875,8628.916015625,8820.6689453125,3641963
2016-02-26,7629.0244140625,8772.73046875,8820.6689453125,8724.79296875,8772.73046875,815796
2016-02-29,7420.58154296875,8533.0390625,8724.79296875,8533.0390625,8724.79296875,1935128
2016-03-01,7337.20458984375,8437.162109375,8628.916015625,8437.162109375,8533.0390625,1658899
2016-03-02,7462.2705078125,8580.9775390625,8628.916015625,8485.1005859375,8485.1005859375,1252314
2016-03-03,7503.95947265625,8628.916015625,8676.8544921875,8533.0390625,8628.916015625,1895974
2016-03-04,7420.58154296875,8533.0390625,8676.8544921875,8533.0390625,8628.916015625,2062729
2016-03-07,7420.58154296875,8533.0390625,8628.916015625,8485.1005859375,8628.916015625,1539954
2016-03-08,7378.89404296875,8485.1005859375,8580.9775390625,8389.2236328125,8485.1005859375,2640199
2016-03-09,7253.82763671875,8341.28515625,8533.0390625,8341.28515625,8485.1005859375,1770771
2016-03-10,7295.515625,8389.2236328125,8437.162109375,8341.28515625,8389.2236328125,704549
2016-03-11,7253.82763671875,8341.28515625,8485.1005859375,8341.28515625,8437.162109375,1251355
2016-03-14,7253.82763671875,8341.28515625,8437.162109375,8293.3466796875,8437.162109375,1160238
2016-03-15,7212.13818359375,8293.3466796875,8341.28515625,8197.4697265625,8341.28515625,1563401
2016-03-16,7212.13818359375,8293.3466796875,8389.2236328125,8245.408203125,8293.3466796875,1379498
2016-03-17,7253.82763671875,8341.28515625,8437.162109375,8293.3466796875,8341.28515625,1978767
2016-03-18,7212.13818359375,8293.3466796875,8389.2236328125,8293.3466796875,8341.28515625,439313
2016-03-21,7212.13818359375,8293.3466796875,8485.1005859375,8293.3466796875,8341.28515625,1321111
2016-03-22,7128.76123046875,8197.4697265625,8341.28515625,8197.4697265625,8245.408203125,997425
2016-03-23,7170.44970703125,8245.408203125,8293.3466796875,8197.4697265625,8197.4697265625,429968
2016-03-24,7045.38427734375,8101.59326171875,8293.3466796875,8101.59326171875,8293.3466796875,1145719
2016-03-25,7045.38427734375,8101.59326171875,8149.53125,7957.77783203125,8101.59326171875,1364020
2016-03-28,7045.38427734375,8101.59326171875,8197.4697265625,8053.65478515625,8197.4697265625,544052
2016-03-29,6920.31787109375,7957.77783203125,8101.59326171875,7957.77783203125,8101.59326171875,1109152
2016-03-30,6962.00634765625,8005.71630859375,8005.71630859375,7909.83935546875,8005.71630859375,1447502
2016-03-31,6836.9404296875,7861.90087890625,8005.71630859375,7813.96240234375,8005.71630859375,1195304
2016-04-01,6795.251953125,7813.96240234375,7909.83935546875,7766.02392578125,7861.90087890625,1042942
2016-04-04,6878.62939453125,7909.83935546875,7909.83935546875,7766.02392578125,7813.96240234375,712789
2016-04-05,6836.9404296875,7861.90087890625,7957.77783203125,7813.96240234375,7861.90087890625,660180
2016-04-06,6962.00634765625,8005.71630859375,8005.71630859375,7813.96240234375,7861.90087890625,2348241
2016-04-07,6962.00634765625,8005.71630859375,8053.65478515625,7909.83935546875,8053.65478515625,2087448
2016-04-08,6962.00634765625,8005.71630859375,8053.65478515625,7957.77783203125,8053.65478515625,1013049
2016-04-11,6878.62939453125,7909.83935546875,8053.65478515625,7861.90087890625,8053.65478515625,3295728
2016-04-12,6753.5625,7766.02392578125,7957.77783203125,7718.08544921875,7909.83935546875,3064723
2016-04-13,6753.5625,7766.02392578125,7813.96240234375,7670.1474609375,7766.02392578125,1855234
2016-04-14,6711.8740234375,7718.08544921875,7861.90087890625,7718.08544921875,7766.02392578125,1001096
2016-04-15,6753.5625,7766.02392578125,7813.96240234375,7718.08544921875,7718.08544921875,3286111
2016-04-19,6670.18603515625,7670.1474609375,7813.96240234375,7622.208984375,7813.96240234375,1238359
2016-04-20,6670.18603515625,7670.1474609375,7718.08544921875,7574.2705078125,7670.1474609375,1688749
2016-04-21,6670.18603515625,7670.1474609375,7718.08544921875,7622.208984375,7718.08544921875,910251
2016-04-22,7003.69482421875,8053.65478515625,8197.4697265625,7622.208984375,7670.1474609375,5499325
2016-04-25,7128.76123046875,8197.4697265625,8341.28515625,8149.53125,8149.53125,6257903
2016-04-26,7045.38427734375,8101.59326171875,8245.408203125,8053.65478515625,8197.4697265625,1344370
2016-04-27,6878.62939453125,7909.83935546875,8149.53125,7909.83935546875,8149.53125,3669895
2016-04-28,6753.5625,7766.02392578125,7909.83935546875,7718.08544921875,7861.90087890625,2372376
2016-04-29,6920.31787109375,7957.77783203125,8101.59326171875,7718.08544921875,7718.08544921875,2806350
2016-05-04,6836.9404296875,7861.90087890625,8005.71630859375,7813.96240234375,7957.77783203125,1617283
2016-05-05,6962.00634765625,8005.71630859375,8101.59326171875,7861.90087890625,7957.77783203125,3165623
2016-05-06,7212.13818359375,8293.3466796875,8341.28515625,8005.71630859375,8005.71630859375,7460154
2016-05-09,7212.13818359375,8293.3466796875,8533.0390625,8245.408203125,8389.2236328125,5003961
2016-05-10,7253.82763671875,8341.28515625,8437.162109375,8149.53125,8197.4697265625,3566971
2016-05-11,7503.95947265625,8628.916015625,8628.916015625,8293.3466796875,8389.2236328125,7225498
2016-05-12,7378.89404296875,8485.1005859375,8724.79296875,8437.162109375,8724.79296875,2676225
2016-05-13,7378.89404296875,8485.1005859375,8676.8544921875,8389.2236328125,8485.1005859375,3339096
2016-05-16,7295.515625,8389.2236328125,8485.1005859375,8341.28515625,8485.1005859375,1865372
2016-05-17,7503.95947265625,8628.916015625,8628.916015625,8437.162109375,8485.1005859375,3854048
2016-05-18,7462.2705078125,8580.9775390625,8724.79296875,8533.0390625,8580.9775390625,3432048
2016-05-19,7378.89404296875,8485.1005859375,8628.916015625,8485.1005859375,8580.9775390625,1157964
2016-05-20,7295.515625,8389.2236328125,8533.0390625,8341.28515625,8485.1005859375,1616156
2016-05-23,7128.76123046875,8197.4697265625,8437.162109375,8197.4697265625,8437.162109375,1958283
2016-05-24,7212.13818359375,8293.3466796875,8293.3466796875,8149.53125,8197.4697265625,2393278
2016-05-25,7212.13818359375,8293.3466796875,8389.2236328125,8293.3466796875,8293.3466796875,2203013
2016-05-26,7128.76123046875,8197.4697265625,8293.3466796875,8101.59326171875,8245.408203125,3218608
2016-05-27,7253.82763671875,8341.28515625,8389.2236328125,8149.53125,8197.4697265625,1936651
2016-05-30,7337.20458984375,8437.162109375,8485.1005859375,8293.3466796875,8341.28515625,1281331
2016-05-31,7420.58154296875,8533.0390625,8580.9775390625,8437.162109375,8437.162109375,2352017
2016-06-01,7420.58154296875,8533.0390625,8628.916015625,8485.1005859375,8533.0390625,2331407
2016-06-02,7462.2705078125,8580.9775390625,8580.9775390625,8485.1005859375,8533.0390625,805637
2016-06-03,7420.58154296875,8533.0390625,8580.9775390625,8485.1005859375,8580.9775390625,1210448
2016-06-06,7337.20458984375,8437.162109375,8533.0390625,8341.28515625,8485.1005859375,1674752
2016-06-07,7253.82763671875,8341.28515625,8437.162109375,8341.28515625,8437.162109375,1121668
2016-06-08,7337.20458984375,8437.162109375,8485.1005859375,8389.2236328125,8389.2236328125,1029758
2016-06-09,7420.58154296875,8533.0390625,8580.9775390625,8389.2236328125,8437.162109375,1857195
2016-06-10,7420.58154296875,8533.0390625,8580.9775390625,8437.162109375,8437.162109375,2217594
2016-06-13,7337.20458984375,8437.162109375,8533.0390625,8389.2236328125,8533.0390625,1218542
2016-06-14,7253.82763671875,8341.28515625,8389.2236328125,8245.408203125,8389.2236328125,2037676
2016-06-15,7253.82763671875,8341.28515625,8389.2236328125,8245.408203125,8341.28515625,1037789
2016-06-16,7170.44970703125,8245.408203125,8389.2236328125,8245.408203125,8293.3466796875,894021
2016-06-17,7045.38427734375,8101.59326171875,8293.3466796875,8101.59326171875,8293.3466796875,1318483
2016-06-20,7087.072265625,8149.53125,8197.4697265625,8101.59326171875,8149.53125,895398
2016-06-21,7087.072265625,8149.53125,8245.408203125,8101.59326171875,8197.4697265625,588192
2016-06-22,7045.38427734375,8101.59326171875,8245.408203125,8053.65478515625,8245.408203125,1071395
2016-06-23,7170.44970703125,8245.408203125,8245.408203125,8101.59326171875,8149.53125,1000846
2016-06-24,6962.00634765625,8005.71630859375,8245.408203125,7670.1474609375,8197.4697265625,2281489
2016-06-27,6962.00634765625,8005.71630859375,8005.71630859375,7861.90087890625,7861.90087890625,697352
2016-06-28,6878.62939453125,7909.83935546875,8005.71630859375,7909.83935546875,7957.77783203125,380571
2016-06-29,7045.38427734375,8101.59326171875,8197.4697265625,8005.71630859375,8005.71630859375,1071416
2016-06-30,7003.69482421875,8053.65478515625,8197.4697265625,8053.65478515625,8149.53125,831691
2016-07-01,7087.072265625,8149.53125,8197.4697265625,8053.65478515625,8053.65478515625,562367
2016-07-04,7128.76123046875,8197.4697265625,8245.408203125,8101.59326171875,8197.4697265625,981988
2016-07-05,7253.82763671875,8341.28515625,8437.162109375,8197.4697265625,8197.4697265625,1664114
2016-07-06,7170.44970703125,8245.408203125,8341.28515625,8197.4697265625,8341.28515625,625072
2016-07-07,7212.13818359375,8293.3466796875,8293.3466796875,8149.53125,8245.408203125,704528
2016-07-08,7170.44970703125,8245.408203125,8341.28515625,8197.4697265625,8341.28515625,543530
2016-07-11,7253.82763671875,8341.28515625,8533.0390625,8245.408203125,8245.408203125,2535043
2016-07-12,7378.89404296875,8485.1005859375,8485.1005859375,8341.28515625,8389.2236328125,4357027
2016-07-13,7879.15673828125,9060.361328125,9060.361328125,8485.1005859375,8533.0390625,10774843
2016-07-14,7754.09130859375,8916.5458984375,9683.560546875,8916.5458984375,9252.115234375,10645135
2016-07-15,7795.77978515625,8964.484375,9252.115234375,8964.484375,9108.2998046875,3053521
2016-07-18,7795.77978515625,8964.484375,9108.2998046875,8772.73046875,8868.607421875,2261505
2016-07-19,7587.3369140625,8724.79296875,9108.2998046875,8533.0390625,9108.2998046875,3430171
2016-07-20,7420.58154296875,8533.0390625,8724.79296875,8485.1005859375,8724.79296875,3665369
2016-07-21,7420.58154296875,8533.0390625,8628.916015625,8437.162109375,8485.1005859375,1637872
2016-07-22,7420.58154296875,8533.0390625,8533.0390625,8341.28515625,8533.0390625,2593931
2016-07-25,7295.515625,8389.2236328125,8580.9775390625,8389.2236328125,8580.9775390625,966573
2016-07-26,7337.20458984375,8437.162109375,8437.162109375,8341.28515625,8389.2236328125,565684
2016-07-27,7337.20458984375,8437.162109375,8437.162109375,8437.162109375,8437.162109375,0
2016-07-28,7420.58154296875,8533.0390625,8628.916015625,8533.0390625,8628.916015625,610032
2016-07-29,7420.58154296875,8533.0390625,8628.916015625,8485.1005859375,8580.9775390625,908352
2016-08-01,7378.89404296875,8485.1005859375,8533.0390625,8437.162109375,8533.0390625,1272173
2016-08-02,7170.44970703125,8245.408203125,8485.1005859375,8197.4697265625,8485.1005859375,2805620
2016-08-03,7128.76123046875,8197.4697265625,8293.3466796875,8149.53125,8197.4697265625,937285
2016-08-04,7212.13818359375,8293.3466796875,8389.2236328125,8149.53125,8149.53125,1273237
2016-08-05,7128.76123046875,8197.4697265625,8341.28515625,8149.53125,8149.53125,1147785
2016-08-08,7170.44970703125,8245.408203125,8245.408203125,8149.53125,8245.408203125,469560
2016-08-09,7045.38427734375,8101.59326171875,8293.3466796875,8101.59326171875,8197.4697265625,906037
2016-08-10,7253.82763671875,8341.28515625,8341.28515625,8149.53125,8149.53125,943981
2016-08-11,7337.20458984375,8437.162109375,8533.0390625,8293.3466796875,8341.28515625,1398898
2016-08-12,7295.515625,8389.2236328125,8485.1005859375,8245.408203125,8437.162109375,833548
2016-08-15,7295.515625,8389.2236328125,8389.2236328125,8245.408203125,8389.2236328125,579994
2016-08-16,7212.13818359375,8293.3466796875,8389.2236328125,8293.3466796875,8293.3466796875,663267
2016-08-17,7212.13818359375,8293.3466796875,8341.28515625,8245.408203125,8341.28515625,550205
2016-08-18,7212.13818359375,8293.3466796875,8341.28515625,8245.408203125,8293.3466796875,562471
2016-08-19,7128.76123046875,8197.4697265625,8293.3466796875,8149.53125,8245.408203125,1257696
2016-08-22,7170.44970703125,8245.408203125,8245.408203125,8197.4697265625,8245.408203125,1034431
2016-08-23,7128.76123046875,8197.4697265625,8245.408203125,8197.4697265625,8245.408203125,505711
2016-08-24,7212.13818359375,8293.3466796875,8293.3466796875,8197.4697265625,8197.4697265625,891101
2016-08-25,7128.76123046875,8197.4697265625,8293.3466796875,8197.4697265625,8293.3466796875,360921
2016-08-26,7253.82763671875,8341.28515625,8437.162109375,8245.408203125,8245.408203125,1297789
2016-08-29,7212.13818359375,8293.3466796875,8389.2236328125,8293.3466796875,8341.28515625,447699
2016-08-30,7253.82763671875,8341.28515625,8389.2236328125,8293.3466796875,8293.3466796875,1393204
2016-08-31,7253.82763671875,8341.28515625,8389.2236328125,8293.3466796875,8341.28515625,1240195
2016-09-01,7170.44970703125,8245.408203125,8341.28515625,8197.4697265625,8245.408203125,784506
2016-09-05,7128.76123046875,8197.4697265625,8293.3466796875,8197.4697265625,8293.3466796875,655278
2016-09-06,7128.76123046875,8197.4697265625,8293.3466796875,8149.53125,8293.3466796875,824495
2016-09-07,7170.44970703125,8245.408203125,8293.3466796875,8149.53125,8149.53125,381969
2016-09-08,7170.44970703125,8245.408203125,8293.3466796875,8197.4697265625,8293.3466796875,671236
2016-09-09,7253.82763671875,8341.28515625,8341.28515625,8245.408203125,8293.3466796875,785257
2016-09-12,7191.294921875,8269.3779296875,8341.28515625,8197.4697265625,8341.28515625,827624
2016-09-13,7149.60595703125,8221.439453125,8293.3466796875,8197.4697265625,8293.3466796875,348134
2016-09-14,7003.69482421875,8053.65478515625,8221.439453125,8005.71630859375,8221.439453125,876874
2016-09-15,7066.2275390625,8125.56201171875,8197.4697265625,8053.65478515625,8053.65478515625,635106
2016-09-16,7066.2275390625,8125.56201171875,8149.53125,8101.59326171875,8149.53125,325584
2016-09-19,7128.76123046875,8197.4697265625,8221.439453125,8125.56201171875,8125.56201171875,1064970
2016-09-20,7107.91650390625,8173.50048828125,8197.4697265625,8149.53125,8149.53125,531056
2016-09-21,7087.072265625,8149.53125,8197.4697265625,8149.53125,8173.50048828125,278085
2016-09-22,7087.072265625,8149.53125,8197.4697265625,8149.53125,8197.4697265625,684377
2016-09-23,7045.38427734375,8101.59326171875,8197.4697265625,8101.59326171875,8149.53125,401223
2016-09-26,7045.38427734375,8101.59326171875,8149.53125,8101.59326171875,8101.59326171875,460152
2016-09-27,7149.60595703125,8221.439453125,8245.408203125,8077.6240234375,8077.6240234375,1577982
2016-09-28,7253.82763671875,8341.28515625,8437.162109375,8221.439453125,8245.408203125,1755105
2016-09-29,7149.60595703125,8221.439453125,8389.2236328125,8221.439453125,8389.2236328125,218008
2016-09-30,7066.2275390625,8125.56201171875,8221.439453125,8125.56201171875,8197.4697265625,899424
2016-10-03,7066.2275390625,8125.56201171875,8245.408203125,8125.56201171875,8149.53125,328296
2016-10-04,7212.13818359375,8293.3466796875,8341.28515625,8101.59326171875,8125.56201171875,1463648
2016-10-05,7337.20458984375,8437.162109375,8557.0078125,8245.408203125,8293.3466796875,3067643
2016-10-06,7337.20458984375,8437.162109375,8533.0390625,8413.1923828125,8485.1005859375,1766766
2016-10-07,7212.13818359375,8293.3466796875,8437.162109375,8293.3466796875,8437.162109375,614746
2016-10-10,7128.76123046875,8197.4697265625,8389.2236328125,8197.4697265625,8293.3466796875,1160780
2016-10-11,7149.60595703125,8221.439453125,8245.408203125,8149.53125,8197.4697265625,995965
2016-10-12,7149.60595703125,8221.439453125,8341.28515625,8197.4697265625,8269.3779296875,636650
2016-10-13,7149.60595703125,8221.439453125,8269.3779296875,8173.50048828125,8269.3779296875,676868
2016-10-14,7107.91650390625,8173.50048828125,8293.3466796875,8173.50048828125,8245.408203125,1336652
2016-10-17,7107.91650390625,8173.50048828125,8221.439453125,8149.53125,8173.50048828125,774848
2016-10-18,7107.91650390625,8173.50048828125,8197.4697265625,8125.56201171875,8173.50048828125,674552
2016-10-19,7232.98291015625,8317.31640625,8389.2236328125,8173.50048828125,8197.4697265625,2394092
2016-10-20,7212.13818359375,8293.3466796875,8365.25390625,8269.3779296875,8341.28515625,629432
2016-10-21,7149.60595703125,8221.439453125,8317.31640625,8221.439453125,8317.31640625,498785
2016-10-24,7212.13818359375,8293.3466796875,8365.25390625,8221.439453125,8221.439453125,1721041
2016-10-25,7170.44970703125,8245.408203125,8341.28515625,8197.4697265625,8341.28515625,1318837
2016-10-26,7066.2275390625,8125.56201171875,8245.408203125,8125.56201171875,8245.408203125,788532
2016-10-27,6920.31787109375,7957.77783203125,8149.53125,7957.77783203125,8125.56201171875,1706814
2016-10-28,7087.072265625,8149.53125,8149.53125,7957.77783203125,8101.59326171875,2081274
2016-10-31,7024.5400390625,8077.6240234375,8245.408203125,8053.65478515625,8245.408203125,519103
2016-11-01,6982.8505859375,8029.685546875,8125.56201171875,7957.77783203125,8077.6240234375,581996
2016-11-02,6962.00634765625,8005.71630859375,8077.6240234375,7981.7470703125,8029.685546875,837657
2016-11-03,6920.31787109375,7957.77783203125,8005.71630859375,7957.77783203125,7981.7470703125,722969
2016-11-04,6920.31787109375,7957.77783203125,8005.71630859375,7957.77783203125,8005.71630859375,323769
2016-11-07,6962.00634765625,8005.71630859375,8029.685546875,7957.77783203125,7957.77783203125,480261
2016-11-08,6899.47314453125,7933.80859375,8053.65478515625,7933.80859375,8005.71630859375,631977
2016-11-09,6857.78515625,7885.8701171875,8005.71630859375,7837.931640625,7957.77783203125,1007208
2016-11-10,6920.31787109375,7957.77783203125,7981.7470703125,7885.8701171875,7885.8701171875,1396228
2016-11-11,6857.78515625,7885.8701171875,7981.7470703125,7885.8701171875,7957.77783203125,659909
2016-11-14,6878.62939453125,7909.83935546875,7933.80859375,7885.8701171875,7933.80859375,633917
2016-11-15,6878.62939453125,7909.83935546875,7933.80859375,7885.8701171875,7909.83935546875,469706
2016-11-16,6836.9404296875,7861.90087890625,7957.77783203125,7861.90087890625,7957.77783203125,349239
2016-11-17,6774.4072265625,7789.9931640625,7909.83935546875,7789.9931640625,7861.90087890625,1188608
2016-11-18,6774.4072265625,7789.9931640625,7837.931640625,7742.0546875,7789.9931640625,593636
2016-11-21,6899.47314453125,7933.80859375,7933.80859375,7789.9931640625,7789.9931640625,1233707
2016-11-22,6982.8505859375,8029.685546875,8029.685546875,7885.8701171875,7909.83935546875,1110925
2016-11-23,6982.8505859375,8029.685546875,8053.65478515625,7981.7470703125,8005.71630859375,860750
2016-11-24,6836.9404296875,7861.90087890625,8029.685546875,7813.96240234375,7981.7470703125,672988
2016-11-25,6774.4072265625,7789.9931640625,7909.83935546875,7766.02392578125,7909.83935546875,1519198
2016-11-28,6711.8740234375,7718.08544921875,7813.96240234375,7694.11669921875,7813.96240234375,697582
2016-11-29,6691.02978515625,7694.11669921875,7789.9931640625,7694.11669921875,7694.11669921875,943585
2016-11-30,6711.8740234375,7718.08544921875,7766.02392578125,7670.1474609375,7694.11669921875,790618
2016-12-01,6753.5625,7766.02392578125,7789.9931640625,7718.08544921875,7718.08544921875,920994
2016-12-02,6732.71923828125,7742.0546875,7837.931640625,7742.0546875,7789.9931640625,1229139
2016-12-05,6691.02978515625,7694.11669921875,7813.96240234375,7694.11669921875,7813.96240234375,1434235
2016-12-06,6545.11962890625,7526.33203125,7766.02392578125,7526.33203125,7694.11669921875,1443810
2016-12-07,6524.275390625,7502.36279296875,7574.2705078125,7478.3935546875,7526.33203125,1268106
2016-12-08,6482.58642578125,7454.42431640625,7670.1474609375,7454.42431640625,7502.36279296875,1172337
2016-12-09,6420.0537109375,7382.5166015625,7526.33203125,7382.5166015625,7454.42431640625,1213556
2016-12-12,6253.29931640625,7190.76318359375,7430.455078125,7094.88623046875,7430.455078125,1865706
2016-12-13,6086.54443359375,6999.00927734375,7238.70166015625,6975.0400390625,7238.70166015625,1409287
2016-12-14,6107.38916015625,7022.978515625,7118.85546875,6999.00927734375,6999.00927734375,946964
2016-12-15,6190.76611328125,7118.85546875,7382.5166015625,7046.94775390625,7094.88623046875,1286775
2016-12-16,6253.29931640625,7190.76318359375,7190.76318359375,7118.85546875,7166.7939453125,971788
2016-12-19,6378.365234375,7334.578125,7478.3935546875,7262.6708984375,7286.64013671875,1840235
2016-12-20,6357.52099609375,7310.60888671875,7478.3935546875,7310.60888671875,7334.578125,1157943
2016-12-21,6336.6767578125,7286.64013671875,7382.5166015625,7238.70166015625,7310.60888671875,1465838
2016-12-22,6294.98779296875,7238.70166015625,7334.578125,7190.76318359375,7310.60888671875,1078779
2016-12-23,6336.6767578125,7286.64013671875,7286.64013671875,7166.7939453125,7214.732421875,1004058
2016-12-26,6315.83251953125,7262.6708984375,7334.578125,7214.732421875,7286.64013671875,680623
2016-12-27,6336.6767578125,7286.64013671875,7310.60888671875,7238.70166015625,7262.6708984375,549204
2016-12-28,6336.6767578125,7286.64013671875,7310.60888671875,7238.70166015625,7286.64013671875,1123170
2016-12-29,6253.29931640625,7190.76318359375,7334.578125,7190.76318359375,7238.70166015625,1841675
2016-12-30,6274.14404296875,7214.732421875,7310.60888671875,7142.82470703125,7190.76318359375,898027
2017-01-03,6711.8740234375,7718.08544921875,7718.08544921875,7310.60888671875,7310.60888671875,2103469
2017-01-04,6836.9404296875,7861.90087890625,7957.77783203125,7718.08544921875,7861.90087890625,2099714
2017-01-05,6878.62939453125,7909.83935546875,7909.83935546875,7670.1474609375,7813.96240234375,1860741
2017-01-06,6941.16259765625,7981.7470703125,8197.4697265625,7718.08544921875,7718.08544921875,2401768
2017-01-09,7128.76123046875,8197.4697265625,8293.3466796875,8053.65478515625,8149.53125,2786512
2017-01-10,7045.38427734375,8101.59326171875,8149.53125,8053.65478515625,8149.53125,1446668
2017-01-11,7378.89404296875,8485.1005859375,8485.1005859375,8101.59326171875,8101.59326171875,4189353
2017-01-12,7337.20458984375,8437.162109375,8533.0390625,8341.28515625,8485.1005859375,1543542
2017-01-13,7212.13818359375,8293.3466796875,8437.162109375,8269.3779296875,8437.162109375,1300606
2017-01-16,7168.6923828125,7909.83935546875,8149.53125,7909.83935546875,8149.53125,1700911
2017-01-17,7668.328125,8461.130859375,8461.130859375,8029.685546875,8053.65478515625,6266351
2017-01-18,7516.2646484375,8293.3466796875,8748.76171875,8245.408203125,8461.130859375,3388826
2017-01-19,7668.328125,8461.130859375,8461.130859375,8197.4697265625,8197.4697265625,2270350
2017-01-20,7776.9453125,8580.9775390625,8724.79296875,8437.162109375,8461.130859375,4881053
2017-01-23,7950.73095703125,8772.73046875,9132.26953125,8557.0078125,8580.9775390625,6249079
2017-01-24,8059.34765625,8892.5771484375,8988.4541015625,8676.8544921875,8916.5458984375,4401292
2017-01-25,8059.34765625,8892.5771484375,8988.4541015625,8676.8544921875,8868.607421875,5095662
2017-01-26,8059.34765625,8892.5771484375,8892.5771484375,8892.5771484375,8892.5771484375,0
2017-02-03,8015.9013671875,8844.638671875,9060.361328125,8724.79296875,8964.484375,4319061
2017-02-06,7950.73095703125,8772.73046875,8892.5771484375,8700.8232421875,8796.7001953125,2888226
2017-02-07,7885.56103515625,8700.8232421875,8940.515625,8676.8544921875,8724.79296875,6713758
2017-02-08,7755.220703125,8557.0078125,8748.76171875,8533.0390625,8700.8232421875,6057792
2017-02-09,7842.115234375,8652.884765625,8724.79296875,8604.9462890625,8604.9462890625,3321615
2017-02-10,8059.34765625,8892.5771484375,8964.484375,8628.916015625,8652.884765625,7439106
2017-02-13,8037.623046875,8868.607421875,8940.515625,8796.7001953125,8892.5771484375,4041059
2017-02-14,8102.79443359375,8940.515625,9012.4228515625,8844.638671875,8844.638671875,5592570
2017-02-15,8385.197265625,9252.115234375,9300.0537109375,8940.515625,8940.515625,10021565
2017-02-16,8385.197265625,9252.115234375,9419.8994140625,9108.2998046875,9300.0537109375,12115710
2017-02-17,8211.41015625,9060.361328125,9252.115234375,9036.392578125,9204.1767578125,5795330
2017-02-20,8037.623046875,8868.607421875,9108.2998046875,8820.6689453125,8988.4541015625,5619834
2017-02-21,7950.73095703125,8772.73046875,9036.392578125,8772.73046875,8964.484375,4862133
2017-02-22,7820.3916015625,8628.916015625,8820.6689453125,8557.0078125,8820.6689453125,8038750
2017-02-23,7776.9453125,8580.9775390625,8700.8232421875,8389.2236328125,8676.8544921875,5160140
2017-02-24,7842.115234375,8652.884765625,8820.6689453125,8485.1005859375,8533.0390625,2935787
2017-02-27,7950.73095703125,8772.73046875,8844.638671875,8557.0078125,8580.9775390625,3176032
2017-02-28,7929.0078125,8748.76171875,8868.607421875,8676.8544921875,8772.73046875,5394712
2017-03-01,7820.3916015625,8628.916015625,8748.76171875,8509.0693359375,8724.79296875,2467060
2017-03-02,7798.66796875,8604.9462890625,8724.79296875,8580.9775390625,8724.79296875,1703039
2017-03-03,7950.73095703125,8772.73046875,8796.7001953125,8485.1005859375,8604.9462890625,3658944
2017-03-06,7994.177734375,8820.6689453125,8964.484375,8772.73046875,8844.638671875,3584264
2017-03-07,7950.73095703125,8772.73046875,8868.607421875,8748.76171875,8748.76171875,1762010
2017-03-08,7972.4541015625,8796.7001953125,9036.392578125,8652.884765625,8748.76171875,4113923
2017-03-09,7994.177734375,8820.6689453125,8964.484375,8796.7001953125,8796.7001953125,2672970
2017-03-10,7907.28515625,8724.79296875,8940.515625,8724.79296875,8820.6689453125,2022803
2017-03-13,7798.66796875,8604.9462890625,8748.76171875,8604.9462890625,8724.79296875,2209396
2017-03-14,7776.9453125,8580.9775390625,8676.8544921875,8533.0390625,8580.9775390625,2088345
2017-03-15,7733.49853515625,8533.0390625,8676.8544921875,8509.0693359375,8580.9775390625,2186242
2017-03-16,7755.220703125,8557.0078125,8676.8544921875,8533.0390625,8580.9775390625,1848892
2017-03-17,7842.115234375,8652.884765625,8772.73046875,8628.916015625,8628.916015625,1453927
2017-03-20,7950.73095703125,8772.73046875,8820.6689453125,8628.916015625,8724.79296875,3502535
2017-03-21,8037.623046875,8868.607421875,8964.484375,8820.6689453125,8844.638671875,5152672
2017-03-22,7972.4541015625,8796.7001953125,9060.361328125,8796.7001953125,8964.484375,4969124
2017-03-23,8037.623046875,8868.607421875,8892.5771484375,8748.76171875,8796.7001953125,1945704
2017-03-24,8124.517578125,8964.484375,9036.392578125,8868.607421875,8916.5458984375,5156177
2017-03-27,8167.96484375,9012.4228515625,9228.1455078125,8964.484375,9108.2998046875,3384946
2017-03-28,8037.623046875,8868.607421875,9060.361328125,8820.6689453125,9012.4228515625,2069738
2017-03-29,7972.4541015625,8796.7001953125,8868.607421875,8772.73046875,8844.638671875,2292461
2017-03-30,7972.4541015625,8796.7001953125,8916.5458984375,8796.7001953125,8820.6689453125,2069947
2017-03-31,7863.83740234375,8676.8544921875,8844.638671875,8628.916015625,8844.638671875,3014638
2017-04-03,7820.3916015625,8628.916015625,8724.79296875,8580.9775390625,8700.8232421875,3282064
2017-04-04,7798.66796875,8604.9462890625,8700.8232421875,8604.9462890625,8676.8544921875,1618618
2017-04-05,7820.3916015625,8628.916015625,8700.8232421875,8580.9775390625,8652.884765625,1665136
2017-04-07,7820.3916015625,8628.916015625,8676.8544921875,8557.0078125,8604.9462890625,1421073
2017-04-10,7776.9453125,8580.9775390625,8700.8232421875,8580.9775390625,8628.916015625,933092
2017-04-11,7863.83740234375,8676.8544921875,8700.8232421875,8509.0693359375,8580.9775390625,2584482
2017-04-12,7733.49853515625,8533.0390625,8772.73046875,8533.0390625,8628.916015625,2387855
2017-04-13,7711.77392578125,8509.0693359375,8652.884765625,8509.0693359375,8580.9775390625,1990303
2017-04-14,7603.158203125,8389.2236328125,8509.0693359375,8341.28515625,8437.162109375,3433154
2017-04-17,7385.9248046875,8149.53125,8533.0390625,8149.53125,8389.2236328125,3385948
2017-04-18,7516.2646484375,8293.3466796875,8293.3466796875,8125.56201171875,8149.53125,2248634
2017-04-19,7516.2646484375,8293.3466796875,8341.28515625,8269.3779296875,8269.3779296875,1037768
2017-04-20,7559.7119140625,8341.28515625,8413.1923828125,8221.439453125,8341.28515625,946422
2017-04-21,7429.37109375,8197.4697265625,8341.28515625,8173.50048828125,8341.28515625,1360912
2017-04-24,7385.9248046875,8149.53125,8245.408203125,8149.53125,8197.4697265625,758514
2017-04-25,7429.37109375,8197.4697265625,8293.3466796875,8125.56201171875,8149.53125,598622
2017-04-26,7472.818359375,8245.408203125,8293.3466796875,8149.53125,8149.53125,991501
2017-04-27,7516.2646484375,8293.3466796875,8341.28515625,8245.408203125,8245.408203125,856765
2017-04-28,7516.2646484375,8293.3466796875,8293.3466796875,8293.3466796875,8293.3466796875,0
2017-05-03,7603.158203125,8389.2236328125,8437.162109375,8317.31640625,8413.1923828125,989811
2017-05-04,7733.49853515625,8533.0390625,8628.916015625,8341.28515625,8389.2236328125,2030730
2017-05-05,7711.77392578125,8509.0693359375,8557.0078125,8461.130859375,8485.1005859375,879378
2017-05-08,7711.77392578125,8509.0693359375,8580.9775390625,8437.162109375,8485.1005859375,1467758
2017-05-09,7798.66796875,8604.9462890625,8628.916015625,8437.162109375,8461.130859375,1761050
2017-05-10,7950.73095703125,8772.73046875,8868.607421875,8580.9775390625,8604.9462890625,4030024
2017-05-11,7863.83740234375,8676.8544921875,8820.6689453125,8676.8544921875,8820.6689453125,1337236
2017-05-12,7885.56103515625,8700.8232421875,8844.638671875,8628.916015625,8628.916015625,1467007
2017-05-15,7863.83740234375,8676.8544921875,8724.79296875,8557.0078125,8700.8232421875,2316075
2017-05-16,7733.49853515625,8533.0390625,8724.79296875,8485.1005859375,8604.9462890625,1701703
2017-05-17,7711.77392578125,8509.0693359375,8652.884765625,8437.162109375,8509.0693359375,1365981
2017-05-18,7798.66796875,8604.9462890625,8748.76171875,8509.0693359375,8533.0390625,1947269
2017-05-19,7907.28515625,8724.79296875,8820.6689453125,8628.916015625,8628.916015625,2277192
2017-05-22,8341.75,9204.1767578125,9324.0224609375,8772.73046875,8868.607421875,10786004
2017-05-23,8124.517578125,8964.484375,9324.0224609375,8964.484375,9204.1767578125,4099404
2017-05-24,8363.47265625,9228.1455078125,9324.0224609375,8868.607421875,9012.4228515625,4315348
2017-05-25,8211.41015625,9060.361328125,9300.0537109375,9036.392578125,9228.1455078125,4631316
2017-05-26,8211.41015625,9060.361328125,9204.1767578125,9012.4228515625,9060.361328125,2871120
2017-05-29,8493.814453125,9371.9609375,9539.74609375,9180.20703125,9180.20703125,11661085
2017-05-30,8211.41015625,9060.361328125,9443.869140625,9060.361328125,9371.9609375,5401158
2017-05-31,8167.96484375,9012.4228515625,9180.20703125,8964.484375,9060.361328125,2208729
2017-06-01,8102.79443359375,8940.515625,9156.23828125,8940.515625,9012.4228515625,3459354
2017-06-02,8124.517578125,8964.484375,8988.4541015625,8844.638671875,8964.484375,3273240
2017-06-05,8167.96484375,9012.4228515625,9156.23828125,8988.4541015625,9108.2998046875,2020321
2017-06-06,8341.75,9204.1767578125,9228.1455078125,8964.484375,9036.392578125,2991024
2017-06-07,8645.876953125,9539.74609375,9611.6533203125,9252.115234375,9252.115234375,12715145
2017-06-08,8493.814453125,9371.9609375,9539.74609375,9300.0537109375,9491.8076171875,2681544
2017-06-09,8428.6435546875,9300.0537109375,9515.7763671875,9300.0537109375,9371.9609375,2525782
2017-06-12,8472.0908203125,9347.9921875,9443.869140625,9252.115234375,9347.9921875,2428824
2017-06-13,8602.4306640625,9491.8076171875,9539.74609375,9276.083984375,9347.9921875,2622343
2017-06-14,8797.9404296875,9707.5302734375,9803.4072265625,9587.68359375,9587.68359375,6632133
2017-06-15,8884.8330078125,9803.4072265625,10019.1298828125,9683.560546875,9683.560546875,5852153
2017-06-16,8863.109375,9779.4375,9875.314453125,9707.5302734375,9707.5302734375,2048649
2017-06-19,8993.44921875,9923.2529296875,9971.19140625,9779.4375,9851.345703125,3285569
2017-06-20,9080.3427734375,10019.1298828125,10043.0986328125,9899.2841796875,10019.1298828125,4094189
2017-06-21,8797.9404296875,9707.5302734375,10019.1298828125,9539.74609375,10019.1298828125,5564972
2017-06-22,8667.599609375,9563.71484375,9803.4072265625,9563.71484375,9731.4990234375,3827347
2017-06-23,8689.322265625,9587.68359375,9587.68359375,9419.8994140625,9539.74609375,2819679
2017-06-26,8797.9404296875,9707.5302734375,9851.345703125,9563.71484375,9563.71484375,2562433
2017-06-27,8689.322265625,9587.68359375,9779.4375,9587.68359375,9731.4990234375,3077343
2017-06-28,8754.4931640625,9659.591796875,9683.560546875,9443.869140625,9635.6220703125,2715316
2017-06-29,8754.4931640625,9659.591796875,9827.3759765625,9587.68359375,9587.68359375,3202525
2017-06-30,8797.9404296875,9707.5302734375,9707.5302734375,9635.6220703125,9683.560546875,1795824
2017-07-03,8971.7265625,9899.2841796875,9899.2841796875,9683.560546875,9731.4990234375,5508483
2017-07-04,8841.3876953125,9755.46875,9923.2529296875,9707.5302734375,9923.2529296875,1478396
2017-07-05,8863.109375,9779.4375,9827.3759765625,9707.5302734375,9827.3759765625,2333180
2017-07-06,8797.9404296875,9707.5302734375,9827.3759765625,9707.5302734375,9779.4375,3350819
2017-07-07,8645.876953125,9539.74609375,9827.3759765625,9539.74609375,9755.46875,3765247
2017-07-10,8515.5380859375,9395.9306640625,9635.6220703125,9012.4228515625,9539.74609375,5518141
2017-07-11,8515.5380859375,9395.9306640625,9443.869140625,9204.1767578125,9347.9921875,2258731
2017-07-12,8472.0908203125,9347.9921875,9443.869140625,9252.115234375,9443.869140625,1422679
2017-07-13,8558.984375,9443.869140625,9443.869140625,9252.115234375,9395.9306640625,2115234
2017-07-14,8406.919921875,9276.083984375,9491.8076171875,9252.115234375,9443.869140625,1885919
2017-07-17,8167.96484375,9012.4228515625,9300.0537109375,8916.5458984375,9276.083984375,4456947
2017-07-18,8081.06982421875,8916.5458984375,9108.2998046875,8916.5458984375,9012.4228515625,4822728
2017-07-19,8211.41015625,9060.361328125,9060.361328125,8964.484375,9036.392578125,3443626
2017-07-20,8254.857421875,9108.2998046875,9108.2998046875,8892.5771484375,9060.361328125,3556813
2017-07-21,8081.06982421875,8916.5458984375,9228.1455078125,8916.5458984375,9108.2998046875,3823968
2017-07-24,8081.06982421875,8916.5458984375,8988.4541015625,8868.607421875,8916.5458984375,1570097
2017-07-25,8298.3046875,9156.23828125,9156.23828125,8964.484375,8964.484375,2360465
2017-07-26,8450.3671875,9324.0224609375,9419.8994140625,9156.23828125,9228.1455078125,5101503
2017-07-27,8385.197265625,9252.115234375,9347.9921875,9204.1767578125,9228.1455078125,4023661
2017-07-28,8472.0908203125,9347.9921875,9467.837890625,9228.1455078125,9252.115234375,6197555
2017-07-31,8863.109375,9779.4375,9779.4375,9443.869140625,9443.869140625,6704622
2017-08-01,8689.322265625,9587.68359375,9779.4375,9587.68359375,9779.4375,5763894
2017-08-02,8754.4931640625,9659.591796875,9851.345703125,9395.9306640625,9443.869140625,9142917
2017-08-03,8754.4931640625,9659.591796875,9875.314453125,9635.6220703125,9707.5302734375,10696556
2017-08-04,8667.599609375,9563.71484375,9731.4990234375,9419.8994140625,9683.560546875,7366429
2017-08-07,8667.599609375,9563.71484375,9635.6220703125,9467.837890625,9611.6533203125,5702649
2017-08-08,8537.259765625,9419.8994140625,9659.591796875,9419.8994140625,9563.71484375,6973467
2017-08-09,8167.96484375,9012.4228515625,9395.9306640625,8964.484375,9347.9921875,9187849
2017-08-10,8059.34765625,8892.5771484375,9108.2998046875,8868.607421875,8964.484375,7967534
2017-08-11,8254.857421875,9108.2998046875,9108.2998046875,8868.607421875,8940.515625,5765751
2017-08-14,8363.47265625,9228.1455078125,9276.083984375,9084.3310546875,9084.3310546875,2825145
2017-08-15,8276.58203125,9132.26953125,9276.083984375,9108.2998046875,9228.1455078125,2990378
2017-08-16,8211.41015625,9060.361328125,9132.26953125,9036.392578125,9084.3310546875,2499998
2017-08-17,8059.34765625,8892.5771484375,9108.2998046875,8892.5771484375,9036.392578125,3473143
2017-08-18,8081.06982421875,8916.5458984375,8988.4541015625,8772.73046875,8868.607421875,3019185
2017-08-21,8059.34765625,8892.5771484375,8964.484375,8868.607421875,8892.5771484375,2049003
2017-08-22,7929.0078125,8748.76171875,8892.5771484375,8748.76171875,8892.5771484375,2805369
2017-08-23,7929.0078125,8748.76171875,8820.6689453125,8676.8544921875,8748.76171875,359404833
2017-08-24,8211.41015625,9060.361328125,9084.3310546875,8748.76171875,8772.73046875,539352356
2017-08-25,8189.68701171875,9036.392578125,9132.26953125,8988.4541015625,9084.3310546875,3036812
2017-08-28,8189.68701171875,9036.392578125,9060.361328125,8940.515625,9036.392578125,2184364
2017-08-29,8124.517578125,8964.484375,9060.361328125,8940.515625,9012.4228515625,3097807
2017-08-30,8059.34765625,8892.5771484375,8964.484375,8892.5771484375,8916.5458984375,1303317
2017-08-31,8276.58203125,9132.26953125,9204.1767578125,8916.5458984375,8940.515625,4954981
2017-09-01,8276.58203125,9132.26953125,9276.083984375,9084.3310546875,9132.26953125,4327176
2017-09-04,8276.58203125,9132.26953125,9132.26953125,9132.26953125,9132.26953125,0
2017-09-05,8211.41015625,9060.361328125,9132.26953125,9012.4228515625,9108.2998046875,1783955
2017-09-06,8146.2412109375,8988.4541015625,9060.361328125,8940.515625,9060.361328125,2095146
2017-09-07,8211.41015625,9060.361328125,9132.26953125,8988.4541015625,8988.4541015625,1929934
2017-09-08,8146.2412109375,8988.4541015625,9108.2998046875,8988.4541015625,9060.361328125,2300618
2017-09-11,8059.34765625,8892.5771484375,9036.392578125,8868.607421875,8988.4541015625,2358212
2017-09-12,8102.79443359375,8940.515625,8988.4541015625,8892.5771484375,8916.5458984375,1484529
2017-09-13,8081.06982421875,8916.5458984375,8988.4541015625,8892.5771484375,8940.515625,2229005
2017-09-14,8146.2412109375,8988.4541015625,9012.4228515625,8916.5458984375,8916.5458984375,3262372
2017-09-15,8124.517578125,8964.484375,8988.4541015625,8940.515625,8988.4541015625,1171857
2017-09-18,8320.0263671875,9180.20703125,9276.083984375,9060.361328125,9060.361328125,6432794
2017-09-19,8385.197265625,9252.115234375,9347.9921875,9132.26953125,9132.26953125,4261008
2017-09-20,8472.0908203125,9347.9921875,9395.9306640625,9228.1455078125,9276.083984375,3321657
2017-09-21,8602.4306640625,9491.8076171875,9491.8076171875,9300.0537109375,9300.0537109375,4625705
2017-09-22,8493.814453125,9371.9609375,9563.71484375,9371.9609375,9491.8076171875,6322694
2017-09-25,8428.6435546875,9300.0537109375,9395.9306640625,9276.083984375,9371.9609375,3144200
2017-09-26,8450.3671875,9324.0224609375,9419.8994140625,9228.1455078125,9300.0537109375,3103481
2017-09-27,8472.9013671875,9012.4228515625,9156.23828125,9012.4228515625,9156.23828125,2440631
2017-09-28,8337.6943359375,8868.607421875,9060.361328125,8868.607421875,8964.484375,1826113
2017-09-29,8337.6943359375,8868.607421875,8940.515625,8820.6689453125,8868.607421875,1545086
2017-10-02,8315.162109375,8844.638671875,9012.4228515625,8844.638671875,8868.607421875,1308324
2017-10-03,8292.626953125,8820.6689453125,8916.5458984375,8772.73046875,8844.638671875,1352172
2017-10-04,8472.9013671875,9012.4228515625,9012.4228515625,8820.6689453125,8844.638671875,1787480
2017-10-05,8517.96875,9060.361328125,9228.1455078125,9036.392578125,9108.2998046875,4172853
2017-10-06,8608.107421875,9156.23828125,9180.20703125,8988.4541015625,8988.4541015625,2171118
2017-10-09,8653.17578125,9204.1767578125,9276.083984375,9180.20703125,9204.1767578125,3539561
2017-10-10,8608.107421875,9156.23828125,9180.20703125,9084.3310546875,9156.23828125,3511066
2017-10-11,8517.96875,9060.361328125,9204.1767578125,9036.392578125,9156.23828125,3680847
2017-10-12,8495.4345703125,9036.392578125,9108.2998046875,9036.392578125,9060.361328125,1288444
2017-10-13,8563.0390625,9108.2998046875,9108.2998046875,8964.484375,9036.392578125,1255569
2017-10-16,8630.6416015625,9180.20703125,9204.1767578125,9108.2998046875,9108.2998046875,3281877
2017-10-17,8743.3134765625,9300.0537109375,9324.0224609375,9156.23828125,9156.23828125,6324113
2017-10-18,8788.3818359375,9347.9921875,9515.7763671875,9300.0537109375,9395.9306640625,7992190
2017-10-19,8788.3818359375,9347.9921875,9395.9306640625,9276.083984375,9347.9921875,2421898
2017-10-20,8765.84765625,9324.0224609375,9419.8994140625,9252.115234375,9324.0224609375,3204819
2017-10-23,8540.5048828125,9084.3310546875,9419.8994140625,9060.361328125,9324.0224609375,4022952
2017-10-24,8495.4345703125,9036.392578125,9132.26953125,9012.4228515625,9012.4228515625,1945203
2017-10-25,8608.107421875,9156.23828125,9180.20703125,9036.392578125,9084.3310546875,2927776
2017-10-26,8472.9013671875,9012.4228515625,9180.20703125,9012.4228515625,9180.20703125,2795523
2017-10-27,8608.107421875,9156.23828125,9156.23828125,8988.4541015625,8988.4541015625,1580506
2017-10-30,8540.5048828125,9084.3310546875,9300.0537109375,9084.3310546875,9228.1455078125,4944489
2017-10-31,8450.3671875,8988.4541015625,9108.2998046875,8988.4541015625,9060.361328125,1936359
2017-11-01,8472.9013671875,9012.4228515625,9084.3310546875,8964.484375,8988.4541015625,1739064
2017-11-02,8337.6943359375,8868.607421875,9156.23828125,8868.607421875,9036.392578125,3152773
2017-11-03,8450.3671875,8988.4541015625,8988.4541015625,8820.6689453125,8868.607421875,2290939
2017-11-06,8743.3134765625,9300.0537109375,9300.0537109375,8988.4541015625,9084.3310546875,5932611
2017-11-07,8788.3818359375,9347.9921875,9467.837890625,9252.115234375,9252.115234375,6786518
2017-11-08,8968.6572265625,9539.74609375,9587.68359375,9300.0537109375,9300.0537109375,8923343
2017-11-09,8878.51953125,9443.869140625,9563.71484375,9371.9609375,9539.74609375,2635819
2017-11-10,9193.9990234375,9779.4375,9875.314453125,9395.9306640625,9491.8076171875,10338534
2017-11-13,9193.9990234375,9779.4375,9875.314453125,9707.5302734375,9875.314453125,6530273
2017-11-14,9419.341796875,10019.1298828125,10067.068359375,9779.4375,9803.4072265625,5685710
2017-11-15,9374.2734375,9971.19140625,10019.1298828125,9899.2841796875,9971.19140625,4813237
2017-11-16,9464.41015625,10067.068359375,10067.068359375,9923.2529296875,9923.2529296875,7980801
2017-11-17,9284.13671875,9875.314453125,10162.9453125,9851.345703125,10115.0068359375,6498858
2017-11-20,9374.2734375,9971.19140625,10043.0986328125,9875.314453125,9923.2529296875,3403491
2017-11-21,9554.548828125,10162.9453125,10354.69921875,10019.1298828125,10067.068359375,10474604
2017-11-22,10208.0419921875,10858.0517578125,10858.0517578125,10186.9140625,10210.8837890625,9466707
2017-11-23,10681.2626953125,11361.4052734375,11553.1591796875,10929.9599609375,11073.775390625,10417343
2017-11-24,10546.05859375,11217.5908203125,11505.220703125,11121.7138671875,11121.7138671875,12976376
2017-11-27,10546.05859375,11217.5908203125,11265.5283203125,11097.744140625,11145.6826171875,7966365
2017-11-28,10410.853515625,11073.775390625,11217.5908203125,10882.021484375,11217.5908203125,7334325
2017-11-29,10861.5380859375,11553.1591796875,11553.1591796875,11049.8056640625,11073.775390625,13144467
2017-11-30,10951.67578125,11649.0361328125,11984.60546875,11505.220703125,11696.974609375,11595813
2017-12-01,10839.00390625,11529.1904296875,11696.974609375,11481.251953125,11649.0361328125,5375813
2017-12-04,10929.1416015625,11625.0673828125,11696.974609375,11529.1904296875,11649.0361328125,12476360
2017-12-05,10591.126953125,11265.5283203125,11744.9130859375,11241.5595703125,11625.0673828125,8418007
2017-12-06,10591.126953125,11265.5283203125,11337.4365234375,10977.8984375,11265.5283203125,6950312
2017-12-07,10500.9892578125,11169.65234375,11313.466796875,10977.8984375,11265.5283203125,2804326
2017-12-08,10365.783203125,11025.8369140625,11193.62109375,10929.9599609375,11121.7138671875,3619664
2017-12-11,9644.6845703125,10258.822265625,10977.8984375,10258.822265625,10834.0830078125,6102015
2017-12-12,9644.6845703125,10258.822265625,10498.513671875,9563.71484375,10258.822265625,9077145
2017-12-13,9396.8076171875,9995.16015625,10354.69921875,9995.16015625,10354.69921875,3156111
2017-12-14,9915.09765625,10546.4521484375,10594.390625,9995.16015625,10067.068359375,4837414
2017-12-15,9870.0283203125,10498.513671875,10642.3291015625,10402.6376953125,10402.6376953125,4449249
2017-12-18,10140.4404296875,10786.14453125,10858.0517578125,10594.390625,10618.3603515625,4776335
2017-12-19,9937.6318359375,10570.421875,10882.021484375,10546.4521484375,10882.021484375,5406206
2017-12-20,10117.9072265625,10762.17578125,10834.0830078125,10354.69921875,10546.4521484375,3963146
2017-12-21,9960.166015625,10594.390625,10834.0830078125,10594.390625,10834.0830078125,2984829
2017-12-22,10050.302734375,10690.267578125,10738.2060546875,10426.6064453125,10426.6064453125,4425281
2017-12-25,10005.2333984375,10642.3291015625,10786.14453125,10546.4521484375,10714.2373046875,1925574
2017-12-26,10433.3876953125,11097.744140625,11121.7138671875,10642.3291015625,10738.2060546875,6364122
2017-12-27,10500.9892578125,11169.65234375,11361.4052734375,11097.744140625,11169.65234375,6769643
2017-12-28,10929.1416015625,11625.0673828125,11625.0673828125,11121.7138671875,11265.5283203125,5688464
2017-12-29,10906.6064453125,11601.09765625,11720.943359375,11385.375,11696.974609375,7940854
2018-01-01,10906.6064453125,11601.09765625,11601.09765625,11601.09765625,11601.09765625,0
2018-01-02,11244.62109375,11960.6357421875,11984.60546875,11433.3134765625,11601.09765625,8274031
2018-01-03,11177.01953125,11888.728515625,12104.451171875,11720.943359375,12032.5439453125,8221443
2018-01-04,11582.6357421875,12320.173828125,12320.173828125,11816.8203125,11888.728515625,10420639
2018-01-05,11312.2236328125,12032.5439453125,12272.2353515625,11984.60546875,12224.296875,6408096
2018-01-08,11582.6357421875,12320.173828125,12416.05078125,11960.6357421875,12032.5439453125,10467053
2018-01-09,11582.6357421875,12320.173828125,12392.08203125,11505.220703125,12368.1123046875,13686788
2018-01-10,11492.498046875,12224.296875,12559.8662109375,12080.4814453125,12272.2353515625,20066889
2018-01-11,11560.1025390625,12296.205078125,12416.05078125,11984.60546875,12080.4814453125,8734372
2018-01-12,11537.5673828125,12272.2353515625,12631.7734375,12200.328125,12320.173828125,10740842
2018-01-15,11762.9111328125,12511.927734375,12631.7734375,11960.6357421875,12224.296875,10038190
2018-01-16,11988.25390625,12751.6201171875,12919.404296875,12511.927734375,12511.927734375,16077334
2018-01-17,11357.29296875,12080.4814453125,12847.4970703125,12080.4814453125,12751.6201171875,10457019
2018-01-18,11492.498046875,12224.296875,12224.296875,11601.09765625,11984.60546875,10307995
2018-01-19,11402.3623046875,12128.419921875,12344.1435546875,12008.57421875,12224.296875,8852982
2018-01-22,11402.3623046875,12128.419921875,12128.419921875,12128.419921875,12128.419921875,0
2018-01-23,11402.3623046875,12128.419921875,12128.419921875,12128.419921875,12128.419921875,0
2018-01-24,11402.3623046875,12128.419921875,12128.419921875,12128.419921875,12128.419921875,0
2018-01-25,12055.857421875,12823.52734375,13183.0654296875,12416.05078125,12511.927734375,26352411
2018-01-26,12303.734375,13087.1884765625,13302.912109375,12871.4658203125,13135.126953125,18001093
2018-01-29,12754.4208984375,13566.5732421875,13782.2958984375,13087.1884765625,13135.126953125,19890496
2018-01-30,12641.7490234375,13446.7265625,13518.634765625,13087.1884765625,13183.0654296875,13637036
2018-01-31,12258.666015625,13039.25,13950.080078125,13039.25,13734.357421875,17912730
2018-02-01,12281.2001953125,13063.2197265625,13614.51171875,12991.3115234375,13278.9423828125,16198197
2018-02-02,12619.21484375,13422.7578125,13542.603515625,13087.1884765625,13231.00390625,18706561
2018-02-05,11740.3779296875,12487.958984375,13422.7578125,12487.958984375,13183.0654296875,16135930
2018-02-06,10974.208984375,11673.0048828125,12224.296875,11625.0673828125,11625.0673828125,23747194
2018-02-07,11605.1708984375,12344.1435546875,12487.958984375,12032.5439453125,12224.296875,12005881
2018-02-08,11041.8134765625,11744.9130859375,12344.1435546875,11744.9130859375,12128.419921875,6615966
2018-02-09,11041.8134765625,11744.9130859375,11840.7900390625,11049.8056640625,11073.775390625,9968538
2018-02-12,11807.9794921875,12559.8662109375,12559.8662109375,12176.3583984375,12224.296875,7538337
2018-02-13,12258.666015625,13039.25,13039.25,12751.6201171875,12943.373046875,8567303
2018-02-14,12258.666015625,13039.25,13039.25,13039.25,13039.25,0
2018-02-15,12258.666015625,13039.25,13039.25,13039.25,13039.25,0
2018-02-16,12258.666015625,13039.25,13039.25,13039.25,13039.25,0
2018-02-19,12258.666015625,13039.25,13039.25,13039.25,13039.25,0
2018-02-20,12258.666015625,13039.25,13039.25,13039.25,13039.25,0
2018-02-21,12551.6103515625,13350.849609375,13854.203125,13159.0966796875,13422.7578125,23353105
2018-02-22,12912.1611328125,13734.357421875,14165.802734375,13183.0654296875,13183.0654296875,37594605
2018-02-23,13700.861328125,14573.2802734375,14573.2802734375,13902.1416015625,14093.8955078125,28617442
2018-02-26,13836.0673828125,14717.0947265625,15148.541015625,14573.2802734375,14956.787109375,31606798
2018-02-27,14467.029296875,15388.2333984375,15388.2333984375,14525.341796875,14765.033203125,38424378
2018-02-28,14467.029296875,15388.2333984375,15388.2333984375,15388.2333984375,15388.2333984375,0
2018-03-01,14737.439453125,15675.86328125,16562.724609375,15556.017578125,15819.6787109375,42995200
2018-03-02,14737.439453125,15675.86328125,15963.494140625,15244.41796875,15292.3564453125,34069416
2018-03-05,13745.9306640625,14621.2177734375,15915.5556640625,14621.2177734375,15915.5556640625,30032904
2018-03-06,14557.1650390625,15484.109375,15484.109375,14717.0947265625,15004.7255859375,18055017
2018-03-07,14196.6171875,15100.6025390625,15699.8330078125,14932.818359375,15484.109375,18239086
2018-03-08,14286.75390625,15196.4794921875,15388.2333984375,14956.787109375,14956.787109375,9283847
2018-03-09,14602.2333984375,15532.0478515625,15795.7099609375,15388.2333984375,15484.109375,18815409
2018-03-12,15075.455078125,16035.4013671875,16203.1865234375,15819.6787109375,15915.5556640625,19049104
2018-03-13,16089.4970703125,17114.015625,17114.015625,16035.4013671875,16059.37109375,29285529
2018-03-14,16021.896484375,17042.109375,17545.4609375,16922.26171875,17257.83203125,17937449
2018-03-15,16495.1171875,17545.4609375,17737.21484375,16778.447265625,16874.32421875,19501435
2018-03-16,16540.185546875,17593.400390625,17833.091796875,17329.73828125,17737.21484375,15918943
2018-03-19,16359.9091796875,17401.646484375,17905.0,17161.955078125,17905.0,24314255
2018-03-20,16224.705078125,17257.83203125,17497.5234375,17161.955078125,17185.923828125,20293680
2018-03-21,16314.8408203125,17353.708984375,17593.400390625,17209.892578125,17497.5234375,18258653
2018-03-22,16134.568359375,17161.955078125,17473.5546875,17018.138671875,17449.5859375,18929701
2018-03-23,15751.4853515625,16754.478515625,16970.201171875,16227.1552734375,16634.6328125,27616575
2018-03-26,16134.568359375,17161.955078125,17161.955078125,16586.693359375,16682.5703125,16239041
2018-03-27,16134.568359375,17161.955078125,17593.400390625,17137.984375,17497.5234375,15831748
2018-03-28,15864.15625,16874.32421875,17209.892578125,16826.384765625,16970.201171875,10125594
2018-03-29,15774.0185546875,16778.447265625,17018.138671875,16682.5703125,17018.138671875,9070365
2018-03-30,15593.7431640625,16586.693359375,16802.416015625,16323.0322265625,16778.447265625,11257901
2018-04-02,16314.8408203125,17353.708984375,17401.646484375,16826.384765625,16826.384765625,15663136
2018-04-03,16359.9091796875,17401.646484375,17497.5234375,17209.892578125,17353.708984375,12203468
2018-04-04,16179.63671875,17209.892578125,17593.400390625,17161.955078125,17545.4609375,14575970
2018-04-05,16044.4306640625,17066.078125,17353.708984375,17018.138671875,17353.708984375,9369290
2018-04-06,16089.4970703125,17114.015625,17449.5859375,17090.046875,17305.76953125,12146290
2018-04-09,16990.869140625,18072.78515625,18072.78515625,17066.078125,17209.892578125,26573528
2018-04-10,16810.59765625,17881.03125,18336.4453125,17761.185546875,18216.599609375,14175435
2018-04-11,16089.4970703125,17114.015625,18120.72265625,17114.015625,17976.908203125,19351430
2018-04-12,16089.4970703125,17114.015625,17281.80078125,16802.416015625,16970.201171875,12844520
2018-04-13,15413.46875,16394.939453125,17305.76953125,16370.970703125,17257.83203125,18681737
2018-04-16,15323.3310546875,16299.0625,16730.5078125,15915.5556640625,16394.939453125,9765966
2018-04-17,15683.8818359375,16682.5703125,16682.5703125,16131.2783203125,16347.0009765625,7756555
2018-04-18,15120.5234375,16083.33984375,16898.29296875,16083.33984375,16874.32421875,8171879
2018-04-19,14241.685546875,15148.541015625,16083.33984375,15052.6640625,16059.37109375,19852886
2018-04-20,15097.9892578125,16059.37109375,16059.37109375,15052.6640625,15436.1708984375,9073557
2018-04-23,14061.41015625,14956.787109375,16203.1865234375,14956.787109375,16059.37109375,11819955
2018-04-24,13678.3271484375,14549.310546875,15196.4794921875,14285.6494140625,14525.341796875,11904814
2018-04-25,13678.3271484375,14549.310546875,14549.310546875,14549.310546875,14549.310546875,0
2018-04-26,12731.8857421875,13542.603515625,14621.2177734375,13542.603515625,14549.310546875,17233400
2018-04-27,13205.107421875,14045.95703125,14165.802734375,13350.849609375,13542.603515625,11559725
2018-04-30,13205.107421875,14045.95703125,14045.95703125,14045.95703125,14045.95703125,0
2018-05-01,13205.107421875,14045.95703125,14045.95703125,14045.95703125,14045.95703125,0
2018-05-02,12281.2001953125,13063.2197265625,14237.7109375,13063.2197265625,14237.7109375,11260654
2018-05-03,13069.900390625,13902.1416015625,13902.1416015625,12368.1123046875,13063.2197265625,19673823
2018-05-04,12844.5576171875,13662.4501953125,14093.8955078125,13566.5732421875,13998.0185546875,8989157
2018-05-07,13723.396484375,14597.2490234375,14597.2490234375,13638.48046875,13710.388671875,13166850
2018-05-08,13700.861328125,14573.2802734375,15004.7255859375,14381.5263671875,14405.4951171875,16957025
2018-05-09,13520.587890625,14381.5263671875,14717.0947265625,14165.802734375,14381.5263671875,8861118
2018-05-10,12619.21484375,13422.7578125,14477.4033203125,13422.7578125,14285.6494140625,14695019
2018-05-11,13250.17578125,14093.8955078125,14357.556640625,13159.0966796875,13374.8193359375,18099511
2018-05-14,13295.2431640625,14141.833984375,14333.587890625,13950.080078125,14309.6181640625,7534791
2018-05-15,13452.9833984375,14309.6181640625,14477.4033203125,14069.9267578125,14165.802734375,11083510
2018-05-16,13114.96875,13950.080078125,14309.6181640625,13806.2646484375,14237.7109375,12628075
2018-05-17,13160.0380859375,13998.0185546875,14165.802734375,13806.2646484375,13998.0185546875,9101634
2018-05-18,13272.7099609375,14117.865234375,14213.7412109375,13494.6650390625,14141.833984375,10445504
2018-05-21,12979.763671875,13806.2646484375,14237.7109375,13806.2646484375,14189.7724609375,6034032
2018-05-22,12213.595703125,12991.3115234375,13782.2958984375,12943.373046875,13518.634765625,13327848
2018-05-23,12619.21484375,13422.7578125,13422.7578125,12775.5888671875,12799.55859375,10848793
2018-05-24,12326.2685546875,13111.158203125,13518.634765625,12991.3115234375,13422.7578125,5443754
2018-05-25,11785.4453125,12535.896484375,13278.9423828125,12511.927734375,13183.0654296875,9539112
2018-05-28,10974.208984375,11673.0048828125,12416.05078125,11673.0048828125,12224.296875,16487172
2018-05-29,11740.3779296875,12487.958984375,12487.958984375,11720.943359375,12128.419921875,14231007
2018-05-30,11560.1025390625,12296.205078125,12775.5888671875,12248.2666015625,12463.9892578125,9847696
2018-05-31,12213.595703125,12991.3115234375,13063.2197265625,12272.2353515625,12272.2353515625,11380245
2018-06-01,12371.337890625,13159.0966796875,13494.6650390625,12799.55859375,12847.4970703125,15396773
2018-06-04,12596.6806640625,13398.7880859375,13470.6962890625,12967.3427734375,13135.126953125,12235947
2018-06-05,12799.4892578125,13614.51171875,13758.326171875,13326.880859375,13398.7880859375,16374715
2018-06-06,13047.3671875,13878.1728515625,14021.98828125,13470.6962890625,13614.51171875,11380579
2018-06-07,12776.9541015625,13590.5419921875,13950.080078125,13566.5732421875,13950.080078125,12452266
2018-06-08,12867.091796875,13686.4189453125,13782.2958984375,13422.7578125,13422.7578125,9945029
2018-06-11,12641.7490234375,13446.7265625,13782.2958984375,13446.7265625,13518.634765625,9647147
2018-06-12,12348.802734375,13135.126953125,13374.8193359375,12727.650390625,13326.880859375,18354860
2018-06-13,12371.337890625,13159.0966796875,13302.912109375,12967.3427734375,13135.126953125,6025417
2018-06-14,12078.392578125,12847.4970703125,13254.9736328125,12847.4970703125,13135.126953125,6742712
2018-06-15,12213.595703125,12991.3115234375,13039.25,12607.8046875,12703.681640625,6073437
2018-06-18,11650.2392578125,12392.08203125,13087.1884765625,12392.08203125,12943.373046875,9601484
2018-06-19,11447.4306640625,12176.3583984375,12248.2666015625,11529.1904296875,12224.296875,17222928
2018-06-20,11785.4453125,12535.896484375,12583.8349609375,12032.5439453125,12272.2353515625,7384223
2018-06-21,11424.896484375,12152.3896484375,12559.8662109375,12128.419921875,12511.927734375,5089571
2018-06-22,11672.7734375,12416.05078125,12416.05078125,11984.60546875,11984.60546875,6293678
2018-06-25,11875.58203125,12631.7734375,12823.52734375,12559.8662109375,12655.7431640625,8278808
2018-06-26,11717.8427734375,12463.9892578125,12583.8349609375,12344.1435546875,12463.9892578125,4734469
2018-06-27,11267.15625,11984.60546875,12607.8046875,11984.60546875,12487.958984375,4787871
2018-06-28,10951.67578125,11649.0361328125,12104.451171875,11529.1904296875,11984.60546875,11533963
2018-06-29,10929.1416015625,11625.0673828125,11912.697265625,11553.1591796875,11792.8515625,6531504
2018-07-02,10410.853515625,11073.775390625,11601.09765625,10882.021484375,11505.220703125,12354808
2018-07-03,9689.7548828125,10306.7607421875,11169.65234375,10306.7607421875,11073.775390625,26292230
2018-07-04,9870.0283203125,10498.513671875,10498.513671875,10067.068359375,10498.513671875,8705439
2018-07-05,9239.0673828125,9827.3759765625,10498.513671875,9803.4072265625,10402.6376953125,11643208
2018-07-06,9870.0283203125,10498.513671875,10498.513671875,9731.4990234375,9827.3759765625,15609254
2018-07-09,9960.166015625,10594.390625,10977.8984375,10546.4521484375,10810.1142578125,12217048
2018-07-10,10072.837890625,10714.2373046875,10882.021484375,10546.4521484375,10642.3291015625,9893150
2018-07-11,9419.341796875,10019.1298828125,10450.5751953125,9995.16015625,10306.7607421875,13392097
2018-07-12,9824.958984375,10450.5751953125,10714.2373046875,9995.16015625,10067.068359375,9610537
2018-07-13,10185.5087890625,10834.0830078125,11025.8369140625,10666.298828125,10738.2060546875,10776929
2018-07-16,10275.646484375,10929.9599609375,11121.7138671875,10834.0830078125,11025.8369140625,10633829
2018-07-17,10816.4697265625,11505.220703125,11553.1591796875,10714.2373046875,10834.0830078125,20157902
2018-07-18,11222.087890625,11936.6669921875,11936.6669921875,11553.1591796875,11601.09765625,11571887
2018-07-19,10996.744140625,11696.974609375,11960.6357421875,11649.0361328125,11744.9130859375,13686892
2018-07-20,11131.9501953125,11840.7900390625,11864.7587890625,11313.466796875,11505.220703125,14967639
2018-07-23,10636.1943359375,11313.466796875,11984.60546875,11313.466796875,11744.9130859375,9721805
2018-07-24,10636.1943359375,11313.466796875,11313.466796875,11313.466796875,11313.466796875,0
2018-07-25,10275.646484375,10929.9599609375,11457.2822265625,10929.9599609375,11457.2822265625,9257877
2018-07-26,10365.783203125,11025.8369140625,11073.775390625,10834.0830078125,10929.9599609375,7995987
2018-07-27,10546.05859375,11217.5908203125,11409.34375,11001.8671875,11169.65234375,7638549
2018-07-30,10748.8671875,11433.3134765625,11457.2822265625,11241.5595703125,11361.4052734375,6269397
2018-07-31,10636.1943359375,11313.466796875,11601.09765625,11241.5595703125,11409.34375,11181302
2018-08-01,10455.921875,11121.7138671875,11385.375,11025.8369140625,11313.466796875,8643359
2018-08-02,10343.248046875,11001.8671875,11097.744140625,10834.0830078125,11025.8369140625,9301683
2018-08-03,10298.1806640625,10953.9287109375,11193.62109375,10929.9599609375,11097.744140625,6963433
2018-08-06,10298.1806640625,10953.9287109375,11169.65234375,10834.0830078125,10929.9599609375,6353150
2018-08-07,10388.31640625,11049.8056640625,11265.5283203125,10834.0830078125,10834.0830078125,7490150
2018-08-08,10793.9365234375,11481.251953125,11481.251953125,11073.775390625,11097.744140625,11611646
2018-08-09,10839.00390625,11529.1904296875,11768.8818359375,11505.220703125,11601.09765625,14668714
2018-08-10,10929.1416015625,11625.0673828125,11649.0361328125,11409.34375,11457.2822265625,9412408
2018-08-13,11605.1708984375,12344.1435546875,12344.1435546875,11577.12890625,11625.0673828125,23778589
2018-08-14,11402.3623046875,12128.419921875,12487.958984375,12128.419921875,12368.1123046875,11387150
2018-08-15,11357.29296875,12080.4814453125,12607.8046875,11984.60546875,12392.08203125,20389512
2018-08-16,11785.4453125,12535.896484375,12607.8046875,11744.9130859375,11888.728515625,23420942
2018-08-17,11717.8427734375,12463.9892578125,12871.4658203125,12463.9892578125,12799.55859375,18038329
2018-08-20,11582.6357421875,12320.173828125,12583.8349609375,12320.173828125,12440.0205078125,11114342
2018-08-21,11943.185546875,12703.681640625,12703.681640625,12176.3583984375,12272.2353515625,14829942
2018-08-22,11830.5126953125,12583.8349609375,12847.4970703125,12487.958984375,12727.650390625,13563942
2018-08-23,11762.9111328125,12511.927734375,12679.7119140625,12392.08203125,12583.8349609375,12804906
2018-08-24,11762.9111328125,12511.927734375,12751.6201171875,12248.2666015625,12487.958984375,17444191
2018-08-27,12258.666015625,13039.25,13135.126953125,12631.7734375,12679.7119140625,19687423
2018-08-28,12281.2001953125,13063.2197265625,13159.0966796875,12991.3115234375,13087.1884765625,13109046
2018-08-29,12168.52734375,12943.373046875,13087.1884765625,12895.435546875,13063.2197265625,11545916
2018-08-30,12438.9404296875,13231.00390625,13398.7880859375,12895.435546875,12943.373046875,15482633
2018-08-31,12236.130859375,13015.28125,13278.9423828125,12919.404296875,13207.03515625,11672725
2018-09-03,12236.130859375,13015.28125,13015.28125,13015.28125,13015.28125,0
2018-09-04,11672.7734375,12416.05078125,12991.3115234375,12416.05078125,12919.404296875,16836787
2018-09-05,11740.3779296875,12487.958984375,12607.8046875,12320.173828125,12416.05078125,13931915
2018-09-06,11672.7734375,12416.05078125,12583.8349609375,12320.173828125,12511.927734375,7570879
2018-09-07,11943.185546875,12703.681640625,12727.650390625,12344.1435546875,12368.1123046875,8987801
2018-09-10,11807.9794921875,12559.8662109375,12751.6201171875,12511.927734375,12679.7119140625,5701460
2018-09-11,12145.994140625,12919.404296875,12991.3115234375,12511.927734375,12511.927734375,13053705
2018-09-12,11943.185546875,12703.681640625,13039.25,12703.681640625,13015.28125,10198938
2018-09-13,12010.7880859375,12775.5888671875,12991.3115234375,12727.650390625,12847.4970703125,9369395
2018-09-14,12145.994140625,12919.404296875,13111.158203125,12847.4970703125,12895.435546875,13928535
2018-09-17,11988.25390625,12751.6201171875,12919.404296875,12751.6201171875,12919.404296875,6076232
2018-09-18,12123.4599609375,12895.435546875,12895.435546875,12583.8349609375,12703.681640625,7666460
2018-09-19,12078.392578125,12847.4970703125,13087.1884765625,12847.4970703125,13039.25,10758301
2018-09-20,12371.337890625,13159.0966796875,13159.0966796875,12799.55859375,12895.435546875,11767283
2018-09-21,12664.2841796875,13470.6962890625,13566.5732421875,13183.0654296875,13231.00390625,24371579
2018-09-24,12619.21484375,13422.7578125,13566.5732421875,13326.880859375,13470.6962890625,9037698
2018-09-25,12529.0771484375,13326.880859375,13518.634765625,13254.9736328125,13326.880859375,12069692
2018-09-26,12461.474609375,13254.9736328125,13518.634765625,13254.9736328125,13302.912109375,12149273
2018-09-27,12438.9404296875,13231.00390625,13398.7880859375,13207.03515625,13326.880859375,9954791
2018-09-28,12416.40625,13207.03515625,13470.6962890625,13207.03515625,13278.9423828125,12669107
2018-10-01,12191.0625,12967.3427734375,13326.880859375,12847.4970703125,13231.00390625,13479522
2018-10-02,12213.595703125,12991.3115234375,13159.0966796875,12775.5888671875,12967.3427734375,16158354
2018-10-03,12393.87109375,13183.0654296875,13278.9423828125,13063.2197265625,13087.1884765625,8609274
2018-10-04,12484.0087890625,13278.9423828125,13374.8193359375,13207.03515625,13350.849609375,7246650
2018-10-05,12213.595703125,12991.3115234375,13326.880859375,12991.3115234375,13278.9423828125,10843807
2018-10-08,12100.92578125,12871.4658203125,13063.2197265625,12847.4970703125,12895.435546875,9716611
2018-10-09,12033.3232421875,12799.55859375,12943.373046875,12751.6201171875,12871.4658203125,6959282
2018-10-10,11920.6513671875,12679.7119140625,12871.4658203125,12631.7734375,12847.4970703125,7398074
2018-10-11,11086.8818359375,11792.8515625,12320.173828125,11792.8515625,12080.4814453125,25204251
2018-10-12,11447.4306640625,12176.3583984375,12176.3583984375,11553.1591796875,11601.09765625,11241901
2018-10-15,11154.484375,11864.7587890625,12224.296875,11864.7587890625,12176.3583984375,6017615
2018-10-16,11334.759765625,12056.5126953125,12056.5126953125,11840.7900390625,11888.728515625,4183533
2018-10-17,11402.3623046875,12128.419921875,12320.173828125,12104.451171875,12272.2353515625,6688706
2018-10-18,11199.552734375,11912.697265625,12224.296875,11912.697265625,11984.60546875,6486425
2018-10-19,11131.9501953125,11840.7900390625,11936.6669921875,11601.09765625,11744.9130859375,6491828
2018-10-22,11019.2783203125,11720.943359375,11984.60546875,11720.943359375,11936.6669921875,4375092
2018-10-23,10658.7294921875,11337.4365234375,11696.974609375,11145.6826171875,11696.974609375,12349363
2018-10-24,10455.921875,11121.7138671875,11481.251953125,11121.7138671875,11337.4365234375,6299206
2018-10-25,10365.783203125,11025.8369140625,11097.744140625,10594.390625,10738.2060546875,9942192
2018-10-26,10140.4404296875,10786.14453125,11217.5908203125,10786.14453125,11217.5908203125,4162611
2018-10-29,9960.166015625,10594.390625,10905.990234375,10594.390625,10690.267578125,7685171
2018-10-30,10005.2333984375,10642.3291015625,10810.1142578125,10546.4521484375,10594.390625,5275413
2018-10-31,10546.05859375,11217.5908203125,11217.5908203125,10738.2060546875,10834.0830078125,12109806
2018-11-01,10298.1806640625,10953.9287109375,11289.498046875,10929.9599609375,11265.5283203125,5355224
2018-11-02,10591.126953125,11265.5283203125,11409.34375,11001.8671875,11025.8369140625,9509950
2018-11-05,10591.126953125,11265.5283203125,11289.498046875,11097.744140625,11121.7138671875,4422840
2018-11-06,10478.455078125,11145.6826171875,11409.34375,11145.6826171875,11361.4052734375,5620773
2018-11-07,10478.455078125,11145.6826171875,11265.5283203125,10953.9287109375,11145.6826171875,5744265
2018-11-08,10455.921875,11121.7138671875,11385.375,11121.7138671875,11361.4052734375,5611428
2018-11-09,10185.5087890625,10834.0830078125,11145.6826171875,10810.1142578125,10977.8984375,6418692
2018-11-12,10117.9072265625,10762.17578125,10858.0517578125,10594.390625,10786.14453125,4933954
2018-11-13,9915.09765625,10546.4521484375,10738.2060546875,10546.4521484375,10546.4521484375,6907152
2018-11-14,9554.548828125,10162.9453125,10714.2373046875,10043.0986328125,10546.4521484375,11831094
2018-11-15,9577.0830078125,10186.9140625,10402.6376953125,10067.068359375,10162.9453125,7763772
2018-11-16,9892.5634765625,10522.4833984375,10618.3603515625,10258.822265625,10354.69921875,6390052
2018-11-19,10388.31640625,11049.8056640625,11049.8056640625,10522.4833984375,10618.3603515625,11500524
2018-11-20,10455.921875,11121.7138671875,11241.5595703125,10858.0517578125,10882.021484375,10200878
2018-11-21,10500.9892578125,11169.65234375,11265.5283203125,10905.990234375,10929.9599609375,7258582
2018-11-22,10343.248046875,11001.8671875,11313.466796875,11001.8671875,11313.466796875,6930161
2018-11-23,10117.9072265625,10762.17578125,11073.775390625,10762.17578125,10953.9287109375,6621828
2018-11-26,10140.4404296875,10786.14453125,10858.0517578125,10738.2060546875,10738.2060546875,3676424
2018-11-27,10050.302734375,10690.267578125,10953.9287109375,10618.3603515625,10882.021484375,4630732
2018-11-28,10253.1123046875,10905.990234375,10905.990234375,10690.267578125,10690.267578125,5125951
2018-11-29,10298.1806640625,10953.9287109375,11121.7138671875,10882.021484375,11001.8671875,8719770
2018-11-30,10365.783203125,11025.8369140625,11145.6826171875,10882.021484375,10905.990234375,7395216
2018-12-03,10884.0732421875,11577.12890625,11601.09765625,11265.5283203125,11313.466796875,14239392
2018-12-04,10771.40234375,11457.2822265625,11649.0361328125,11361.4052734375,11529.1904296875,8447879
2018-12-05,10861.5380859375,11553.1591796875,11696.974609375,11265.5283203125,11265.5283203125,10551119
2018-12-06,10793.9365234375,11481.251953125,11577.12890625,11385.375,11481.251953125,8869482
2018-12-07,10839.00390625,11529.1904296875,11696.974609375,11481.251953125,11529.1904296875,8998627
2018-12-10,10410.853515625,11073.775390625,11385.375,11073.775390625,11313.466796875,13940947
2018-12-11,10500.9892578125,11169.65234375,11217.5908203125,11049.8056640625,11073.775390625,6791754
2018-12-12,10500.9892578125,11169.65234375,11169.65234375,11169.65234375,11169.65234375,0
2018-12-13,10433.3876953125,11097.744140625,11361.4052734375,11097.744140625,11289.498046875,8687395
2018-12-14,10072.837890625,10714.2373046875,11121.7138671875,10594.390625,11025.8369140625,23613669
2018-12-17,9757.3564453125,10378.66796875,10618.3603515625,10354.69921875,10546.4521484375,11433522
2018-12-18,9667.2197265625,10282.791015625,10474.544921875,10162.9453125,10210.8837890625,10278436
2018-12-19,9193.9990234375,9779.4375,10282.791015625,9563.71484375,10234.8525390625,23384458
2018-12-20,9103.861328125,9683.560546875,10019.1298828125,9611.6533203125,9827.3759765625,12906620
2018-12-21,9396.8076171875,9995.16015625,9995.16015625,9611.6533203125,9635.6220703125,7555004
2018-12-24,9171.4658203125,9755.46875,10067.068359375,9731.4990234375,9875.314453125,5767607
2018-12-25,8878.51953125,9443.869140625,9539.74609375,9180.20703125,9491.8076171875,9601922
2018-12-26,8698.244140625,9252.115234375,9587.68359375,9180.20703125,9539.74609375,6506284
2018-12-27,8720.77734375,9276.083984375,9611.6533203125,9276.083984375,9587.68359375,8012466
2018-12-28,8698.244140625,9252.115234375,9443.869140625,9228.1455078125,9347.9921875,4820058
2018-12-31,8698.244140625,9252.115234375,9252.115234375,9252.115234375,9252.115234375,0
2019-01-01,8698.244140625,9252.115234375,9252.115234375,9252.115234375,9252.115234375,0
2019-01-02,8563.0390625,9108.2998046875,9324.0224609375,9108.2998046875,9228.1455078125,5048852
2019-01-03,8157.42041015625,8676.8544921875,9204.1767578125,8652.884765625,9108.2998046875,11500921
2019-01-04,8270.0927734375,8796.7001953125,8892.5771484375,8485.1005859375,8652.884765625,7935785
2019-01-07,8179.95458984375,8700.8232421875,9012.4228515625,8700.8232421875,9012.4228515625,8307866
2019-01-08,8067.2841796875,8580.9775390625,8748.76171875,8533.0390625,8748.76171875,11757333
2019-01-09,8270.0927734375,8796.7001953125,8964.484375,8580.9775390625,8628.916015625,12421936
2019-01-10,8495.4345703125,9036.392578125,9180.20703125,8772.73046875,8820.6689453125,15283065
2019-01-11,8472.9013671875,9012.4228515625,9228.1455078125,8964.484375,9012.4228515625,8397752
2019-01-14,8472.9013671875,9012.4228515625,9132.26953125,8892.5771484375,8916.5458984375,10029909
2019-01-15,8517.96875,9060.361328125,9156.23828125,8988.4541015625,9012.4228515625,6413373
2019-01-16,8427.8330078125,8964.484375,9156.23828125,8916.5458984375,9108.2998046875,7618753
2019-01-17,8315.162109375,8844.638671875,9060.361328125,8844.638671875,8964.484375,6617447
2019-01-18,8202.490234375,8724.79296875,8916.5458984375,8724.79296875,8916.5458984375,7100254
2019-01-21,8765.84765625,9324.0224609375,9324.0224609375,8772.73046875,8796.7001953125,23881074
2019-01-22,8810.916015625,9371.9609375,9635.6220703125,9324.0224609375,9443.869140625,19077495
2019-01-23,8991.1904296875,9563.71484375,9611.6533203125,9252.115234375,9324.0224609375,14472608
2019-01-24,9216.5341796875,9803.4072265625,9827.3759765625,9539.74609375,9587.68359375,18384085
2019-01-25,9103.861328125,9683.560546875,9875.314453125,9611.6533203125,9779.4375,12467473
2019-01-28,9171.4658203125,9755.46875,9803.4072265625,9635.6220703125,9683.560546875,9264301
2019-01-29,9351.7392578125,9947.22265625,9971.19140625,9635.6220703125,9707.5302734375,13764137
2019-01-30,9216.5341796875,9803.4072265625,9995.16015625,9803.4072265625,9947.22265625,5368616
2019-01-31,8878.51953125,9443.869140625,9899.2841796875,9395.9306640625,9851.345703125,18857317
2019-02-01,9058.79296875,9635.6220703125,9659.591796875,9347.9921875,9347.9921875,7582769
2019-02-04,9058.79296875,9635.6220703125,9635.6220703125,9635.6220703125,9635.6220703125,0
2019-02-05,9058.79296875,9635.6220703125,9635.6220703125,9635.6220703125,9635.6220703125,0
2019-02-06,9058.79296875,9635.6220703125,9635.6220703125,9635.6220703125,9635.6220703125,0
2019-02-07,9058.79296875,9635.6220703125,9635.6220703125,9635.6220703125,9635.6220703125,0
2019-02-08,9058.79296875,9635.6220703125,9635.6220703125,9635.6220703125,9635.6220703125,0
2019-02-11,9329.205078125,9923.2529296875,10019.1298828125,9731.4990234375,9875.314453125,7608657
2019-02-12,9396.8076171875,9995.16015625,10186.9140625,9875.314453125,9923.2529296875,15880769
2019-02-13,9396.8076171875,9995.16015625,10186.9140625,9947.22265625,9971.19140625,15828994
2019-02-14,9396.8076171875,9995.16015625,10115.0068359375,9971.19140625,10019.1298828125,10505414
2019-02-15,9374.2734375,9971.19140625,10115.0068359375,9875.314453125,9923.2529296875,8859032
2019-02-18,9374.2734375,9971.19140625,9971.19140625,9971.19140625,9971.19140625,0
2019-02-19,9239.0673828125,9827.3759765625,10091.037109375,9827.3759765625,9995.16015625,18550068
2019-02-20,9284.13671875,9875.314453125,10019.1298828125,9803.4072265625,9827.3759765625,11425929
2019-02-21,9193.9990234375,9779.4375,9899.2841796875,9731.4990234375,9899.2841796875,14908522
2019-02-22,9509.48046875,10115.0068359375,10162.9453125,9683.560546875,9779.4375,27509354
2019-02-25,9599.6171875,10210.8837890625,10354.69921875,10210.8837890625,10306.7607421875,12372184
2019-02-26,9622.1513671875,10234.8525390625,10282.791015625,10067.068359375,10162.9453125,13671768
2019-02-27,9532.013671875,10138.9755859375,10282.791015625,10115.0068359375,10282.791015625,10492043
2019-02-28,9374.2734375,9971.19140625,10186.9140625,9899.2841796875,10138.9755859375,16789914
2019-03-01,9374.2734375,9971.19140625,10043.0986328125,9899.2841796875,10019.1298828125,9336936
2019-03-04,9554.548828125,10162.9453125,10234.8525390625,9995.16015625,10019.1298828125,14186887
2019-03-05,9577.0830078125,10186.9140625,10402.6376953125,10091.037109375,10162.9453125,16572156
2019-03-06,9599.6171875,10210.8837890625,10258.822265625,10115.0068359375,10210.8837890625,7515266
2019-03-07,9689.7548828125,10306.7607421875,10402.6376953125,10234.8525390625,10306.7607421875,16760543
2019-03-08,9689.7548828125,10306.7607421875,10306.7607421875,10306.7607421875,10306.7607421875,0
2019-03-11,9509.48046875,10115.0068359375,10210.8837890625,10067.068359375,10162.9453125,6634407
2019-03-12,9960.166015625,10594.390625,10594.390625,10067.068359375,10210.8837890625,18979703
2019-03-13,10162.974609375,10810.1142578125,10905.990234375,10594.390625,10714.2373046875,30489824
2019-03-14,10140.4404296875,10786.14453125,10905.990234375,10714.2373046875,10786.14453125,10792220
2019-03-15,10230.578125,10882.021484375,10977.8984375,10642.3291015625,10690.267578125,17884903
2019-03-18,10546.05859375,11217.5908203125,11241.5595703125,10953.9287109375,10977.8984375,21098233
2019-03-19,10410.853515625,11073.775390625,11217.5908203125,11001.8671875,11217.5908203125,15643944
2019-03-20,10365.783203125,11025.8369140625,11097.744140625,10810.1142578125,10977.8984375,18807253
2019-03-21,9960.166015625,10594.390625,11073.775390625,10594.390625,11025.8369140625,14972729
2019-03-22,10140.4404296875,10786.14453125,10834.0830078125,10570.421875,10714.2373046875,12902093
2019-03-25,9982.69921875,10618.3603515625,10642.3291015625,10378.66796875,10546.4521484375,15001120
2019-03-26,10072.837890625,10714.2373046875,10858.0517578125,10642.3291015625,10762.17578125,6252083
2019-03-27,10140.4404296875,10786.14453125,10929.9599609375,10690.267578125,10786.14453125,7025116
2019-03-28,10208.0419921875,10858.0517578125,10905.990234375,10690.267578125,10690.267578125,5411943
2019-03-29,10117.9072265625,10762.17578125,10929.9599609375,10738.2060546875,10905.990234375,8681074
2019-04-01,10027.7685546875,10666.298828125,10810.1142578125,10618.3603515625,10810.1142578125,5785776
2019-04-02,9915.09765625,10546.4521484375,10810.1142578125,10546.4521484375,10786.14453125,5279564
2019-04-03,9824.958984375,10450.5751953125,10522.4833984375,10354.69921875,10474.544921875,10472393
2019-04-04,9915.09765625,10546.4521484375,10690.267578125,10402.6376953125,10594.390625,4231783
2019-04-05,9870.0283203125,10498.513671875,10666.298828125,10498.513671875,10594.390625,4909089
2019-04-08,10050.302734375,10690.267578125,10690.267578125,10474.544921875,10498.513671875,5459587
2019-04-09,9982.69921875,10618.3603515625,10834.0830078125,10618.3603515625,10738.2060546875,8122962
2019-04-10,9870.0283203125,10498.513671875,10618.3603515625,10474.544921875,10498.513671875,4672682
2019-04-11,9892.5634765625,10522.4833984375,10666.298828125,10474.544921875,10498.513671875,4304981
2019-04-12,9847.4951171875,10474.544921875,10570.421875,10474.544921875,10498.513671875,3203484
2019-04-15,9847.4951171875,10474.544921875,10474.544921875,10474.544921875,10474.544921875,0
2019-04-16,9712.2880859375,10330.7294921875,10402.6376953125,10210.8837890625,10354.69921875,6571430
2019-04-17,9667.2197265625,10282.791015625,10474.544921875,10282.791015625,10378.66796875,4499376
2019-04-18,9464.41015625,10067.068359375,10306.7607421875,10019.1298828125,10234.8525390625,7951868
2019-04-19,9374.2734375,9971.19140625,10186.9140625,9971.19140625,10138.9755859375,4190897
2019-04-22,9239.0673828125,9827.3759765625,10067.068359375,9803.4072265625,9971.19140625,4818431
2019-04-23,9396.8076171875,9995.16015625,10162.9453125,9827.3759765625,9923.2529296875,5105925
2019-04-24,9644.6845703125,10258.822265625,10330.7294921875,10067.068359375,10115.0068359375,5104006
2019-04-25,9486.9453125,10091.037109375,10258.822265625,10091.037109375,10210.8837890625,2702404
2019-04-26,9577.0830078125,10186.9140625,10210.8837890625,10067.068359375,10091.037109375,3019874
2019-04-29,9577.0830078125,10186.9140625,10186.9140625,10186.9140625,10186.9140625,0
2019-04-30,9577.0830078125,10186.9140625,10186.9140625,10186.9140625,10186.9140625,0
2019-05-01,9577.0830078125,10186.9140625,10186.9140625,10186.9140625,10186.9140625,0
2019-05-02,9464.41015625,10067.068359375,10210.8837890625,10019.1298828125,10210.8837890625,4004220
2019-05-03,9419.341796875,10019.1298828125,10138.9755859375,9995.16015625,10019.1298828125,3597803
2019-05-06,9216.5341796875,9803.4072265625,9923.2529296875,9755.46875,9875.314453125,5157512
2019-05-07,9193.9990234375,9779.4375,9971.19140625,9707.5302734375,9827.3759765625,3116456
2019-05-08,9216.5341796875,9803.4072265625,9803.4072265625,9635.6220703125,9659.591796875,3727824
2019-05-09,9058.79296875,9635.6220703125,9875.314453125,9611.6533203125,9779.4375,4165573
2019-05-10,9148.9296875,9731.4990234375,9827.3759765625,9659.591796875,9683.560546875,3539165
2019-05-13,9216.5341796875,9803.4072265625,9995.16015625,9731.4990234375,9779.4375,4025289
2019-05-14,9261.6025390625,9851.345703125,9899.2841796875,9707.5302734375,9707.5302734375,4382768
2019-05-15,9532.013671875,10138.9755859375,10138.9755859375,9899.2841796875,9899.2841796875,7669923
2019-05-16,9509.48046875,10115.0068359375,10234.8525390625,10067.068359375,10138.9755859375,5102900
2019-05-17,9554.548828125,10162.9453125,10234.8525390625,10067.068359375,10115.0068359375,5374144
2019-05-20,9622.1513671875,10234.8525390625,10306.7607421875,10115.0068359375,10162.9453125,5953512
2019-05-21,9577.0830078125,10186.9140625,10306.7607421875,10162.9453125,10234.8525390625,4801451
2019-05-22,9712.2880859375,10330.7294921875,10402.6376953125,10186.9140625,10210.8837890625,10426939
2019-05-23,9689.7548828125,10306.7607421875,10354.69921875,10210.8837890625,10306.7607421875,3917776
2019-05-24,9554.548828125,10162.9453125,10306.7607421875,10162.9453125,10234.8525390625,4589262
2019-05-27,9554.548828125,10162.9453125,10186.9140625,10067.068359375,10138.9755859375,3568786
2019-05-28,9464.41015625,10067.068359375,10162.9453125,10019.1298828125,10162.9453125,4223793
2019-05-29,9306.671875,9899.2841796875,10043.0986328125,9899.2841796875,10019.1298828125,4852746
2019-05-30,9306.671875,9899.2841796875,9995.16015625,9827.3759765625,9875.314453125,3274868
2019-05-31,9148.9296875,9731.4990234375,9947.22265625,9731.4990234375,9947.22265625,4218766
2019-06-03,8968.6572265625,9539.74609375,9755.46875,9539.74609375,9635.6220703125,6418880
2019-06-04,9013.7236328125,9587.68359375,9683.560546875,9539.74609375,9587.68359375,4237373
2019-06-05,9058.79296875,9635.6220703125,9851.345703125,9635.6220703125,9731.4990234375,3996210
2019-06-06,9148.9296875,9731.4990234375,9755.46875,9563.71484375,9635.6220703125,4133928
2019-06-07,9216.5341796875,9803.4072265625,9803.4072265625,9731.4990234375,9779.4375,2898218
2019-06-10,9239.0673828125,9827.3759765625,9947.22265625,9803.4072265625,9923.2529296875,5166357
2019-06-11,9239.0673828125,9827.3759765625,9851.345703125,9803.4072265625,9827.3759765625,2385143
2019-06-12,9126.396484375,9707.5302734375,9827.3759765625,9707.5302734375,9803.4072265625,2531101
2019-06-13,9081.3271484375,9659.591796875,9755.46875,9659.591796875,9683.560546875,2783591
2019-06-14,9148.9296875,9731.4990234375,9875.314453125,9659.591796875,9707.5302734375,5827726
2019-06-17,9216.5341796875,9803.4072265625,9875.314453125,9755.46875,9779.4375,5067083
2019-06-18,9126.396484375,9707.5302734375,9875.314453125,9707.5302734375,9827.3759765625,3709154
2019-06-19,9126.396484375,9707.5302734375,9827.3759765625,9707.5302734375,9779.4375,2980427
2019-06-20,9464.41015625,10067.068359375,10067.068359375,9683.560546875,9707.5302734375,11245197
2019-06-21,9644.6845703125,10258.822265625,10258.822265625,10043.0986328125,10162.9453125,9728459
2019-06-24,9644.6845703125,10258.822265625,10306.7607421875,10138.9755859375,10234.8525390625,8050453
2019-06-25,9486.9453125,10091.037109375,10258.822265625,10091.037109375,10138.9755859375,7571108
2019-06-26,9419.341796875,10019.1298828125,10234.8525390625,10019.1298828125,10043.0986328125,6487176
2019-06-27,9306.671875,9899.2841796875,10019.1298828125,9875.314453125,9995.16015625,8842656
2019-06-28,8788.3818359375,9347.9921875,9947.22265625,9347.9921875,9923.2529296875,8643088
2019-07-01,9396.8076171875,9995.16015625,9995.16015625,9731.4990234375,9803.4072265625,7585836
2019-07-02,9374.2734375,9971.19140625,10138.9755859375,9947.22265625,10067.068359375,5385408
2019-07-03,9486.9453125,10091.037109375,10138.9755859375,9899.2841796875,9923.2529296875,8492394
2019-07-04,9532.013671875,10138.9755859375,10186.9140625,10043.0986328125,10138.9755859375,5052189
2019-07-05,9532.013671875,10138.9755859375,10282.791015625,10067.068359375,10138.9755859375,6641103
2019-07-08,9419.341796875,10019.1298828125,10138.9755859375,9947.22265625,10138.9755859375,6774545
2019-07-09,9441.8759765625,10043.0986328125,10115.0068359375,9995.16015625,10019.1298828125,5084147
2019-07-10,9464.41015625,10067.068359375,10210.8837890625,10067.068359375,10067.068359375,5561489
2019-07-11,9712.2880859375,10330.7294921875,10378.66796875,10115.0068359375,10115.0068359375,11306067
2019-07-12,9667.2197265625,10282.791015625,10426.6064453125,10234.8525390625,10354.69921875,7125850
2019-07-15,9689.7548828125,10306.7607421875,10354.69921875,10234.8525390625,10282.791015625,4169640
2019-07-16,9779.8916015625,10402.6376953125,10426.6064453125,10306.7607421875,10306.7607421875,10852088
2019-07-17,9870.0283203125,10498.513671875,10546.4521484375,10378.66796875,10450.5751953125,9192313
2019-07-18,9757.3564453125,10378.66796875,10498.513671875,10378.66796875,10402.6376953125,5876330
2019-07-19,9847.4951171875,10474.544921875,10618.3603515625,10450.5751953125,10522.4833984375,14052402
2019-07-22,9734.8232421875,10354.69921875,10570.421875,10330.7294921875,10474.544921875,6873651
2019-07-23,9757.3564453125,10378.66796875,10426.6064453125,10330.7294921875,10354.69921875,6097927
2019-07-24,9577.0830078125,10186.9140625,10450.5751953125,10186.9140625,10426.6064453125,8020164
2019-07-25,9577.0830078125,10186.9140625,10186.9140625,10186.9140625,10186.9140625,0
2019-07-26,9577.0830078125,10186.9140625,10186.9140625,10186.9140625,10186.9140625,0
2019-07-29,9577.0830078125,10186.9140625,10186.9140625,10186.9140625,10186.9140625,0
2019-07-30,9577.0830078125,10186.9140625,10186.9140625,10186.9140625,10186.9140625,0
2019-07-31,9351.7392578125,9947.22265625,9995.16015625,9899.2841796875,9923.2529296875,4591160
2019-08-01,9193.9990234375,9779.4375,9971.19140625,9731.4990234375,9971.19140625,5854907
2019-08-02,9171.4658203125,9755.46875,9923.2529296875,9659.591796875,9683.560546875,6914850
2019-08-05,9171.4658203125,9755.46875,9803.4072265625,9707.5302734375,9803.4072265625,5864461
2019-08-06,9171.4658203125,9755.46875,9755.46875,9755.46875,9755.46875,0
2019-08-07,9103.861328125,9683.560546875,9779.4375,9611.6533203125,9683.560546875,2975838
2019-08-08,9216.5341796875,9803.4072265625,9803.4072265625,9635.6220703125,9731.4990234375,4708790
2019-08-09,9239.0673828125,9827.3759765625,9923.2529296875,9755.46875,9803.4072265625,4526035
2019-08-12,9171.4658203125,9755.46875,9851.345703125,9707.5302734375,9827.3759765625,4786202
2019-08-13,9284.13671875,9875.314453125,9875.314453125,9659.591796875,9683.560546875,4823604
2019-08-14,9239.0673828125,9827.3759765625,9995.16015625,9827.3759765625,9971.19140625,5650436
2019-08-15,9193.9990234375,9779.4375,9779.4375,9635.6220703125,9635.6220703125,4799511
2019-08-16,9239.0673828125,9827.3759765625,9971.19140625,9731.4990234375,9851.345703125,6790273
2019-08-19,9239.0673828125,9827.3759765625,9971.19140625,9827.3759765625,9875.314453125,2619402
2019-08-20,9284.13671875,9875.314453125,9899.2841796875,9803.4072265625,9827.3759765625,4564710
2019-08-21,9351.7392578125,9947.22265625,10043.0986328125,9827.3759765625,9875.314453125,9599252
2019-08-22,9284.13671875,9875.314453125,10043.0986328125,9875.314453125,10043.0986328125,4124833
2019-08-23,9239.0673828125,9827.3759765625,9923.2529296875,9827.3759765625,9875.314453125,3905280
2019-08-26,9148.9296875,9731.4990234375,9779.4375,9659.591796875,9707.5302734375,7183027
2019-08-27,9148.9296875,9731.4990234375,9827.3759765625,9683.560546875,9803.4072265625,4065152
2019-08-28,9126.396484375,9707.5302734375,9755.46875,9683.560546875,9731.4990234375,1899937
2019-08-29,9103.861328125,9683.560546875,9731.4990234375,9635.6220703125,9731.4990234375,2027851
2019-08-30,9103.861328125,9683.560546875,9755.46875,9683.560546875,9683.560546875,3011989
2019-09-02,9103.861328125,9683.560546875,9683.560546875,9683.560546875,9683.560546875,0
2019-09-03,8991.1904296875,9563.71484375,9731.4990234375,9563.71484375,9683.560546875,3429086
2019-09-04,9013.7236328125,9587.68359375,9659.591796875,9515.7763671875,9587.68359375,3508313
2019-09-05,8991.1904296875,9563.71484375,9683.560546875,9563.71484375,9659.591796875,2756786
2019-09-06,8968.6572265625,9539.74609375,9659.591796875,9539.74609375,9563.71484375,2554840
2019-09-09,8991.1904296875,9563.71484375,9611.6533203125,9539.74609375,9539.74609375,2334828
2019-09-10,8901.052734375,9467.837890625,9611.6533203125,9443.869140625,9587.68359375,4528079
2019-09-11,8923.587890625,9491.8076171875,9515.7763671875,9443.869140625,9491.8076171875,2308315
2019-09-12,9081.3271484375,9659.591796875,9683.560546875,9491.8076171875,9515.7763671875,2245610
2019-09-13,9396.8076171875,9995.16015625,10019.1298828125,9611.6533203125,9659.591796875,13279640
2019-09-16,9351.7392578125,9947.22265625,10138.9755859375,9923.2529296875,9923.2529296875,6957926
2019-09-17,9351.7392578125,9947.22265625,9971.19140625,9875.314453125,9899.2841796875,2948866
2019-09-18,9374.2734375,9971.19140625,10115.0068359375,9899.2841796875,9923.2529296875,10295020
2019-09-19,9577.0830078125,10186.9140625,10210.8837890625,9995.16015625,9995.16015625,9800823
2019-09-20,9509.48046875,10115.0068359375,10210.8837890625,10091.037109375,10186.9140625,3817209
2019-09-23,9464.41015625,10067.068359375,10186.9140625,10067.068359375,10115.0068359375,4915848
2019-09-24,9351.7392578125,9947.22265625,10115.0068359375,9947.22265625,10067.068359375,7289435
2019-09-25,9374.2734375,9971.19140625,10019.1298828125,9899.2841796875,9923.2529296875,3488996
2019-09-26,9532.013671875,10138.9755859375,10138.9755859375,10019.1298828125,10019.1298828125,4817284
2019-09-27,9532.013671875,10138.9755859375,10210.8837890625,10138.9755859375,10138.9755859375,5015455
2019-09-30,9532.013671875,10138.9755859375,10282.791015625,10115.0068359375,10186.9140625,7390877
2019-10-01,9599.6171875,10210.8837890625,10210.8837890625,10091.037109375,10210.8837890625,5228290
2019-10-02,9464.41015625,10067.068359375,10258.822265625,10043.0986328125,10186.9140625,4820079
2019-10-03,9464.41015625,10067.068359375,10067.068359375,9947.22265625,9995.16015625,4235767
2019-10-04,9284.13671875,9875.314453125,10091.037109375,9875.314453125,10091.037109375,4563917
2019-10-07,9261.6025390625,9851.345703125,9947.22265625,9851.345703125,9899.2841796875,3947772
2019-10-08,9351.7392578125,9947.22265625,9971.19140625,9827.3759765625,9875.314453125,2390191
2019-10-09,9599.6171875,10210.8837890625,10282.791015625,9971.19140625,9971.19140625,12791597
2019-10-10,9532.013671875,10138.9755859375,10258.822265625,10138.9755859375,10210.8837890625,4767366
2019-10-11,9532.013671875,10138.9755859375,10234.8525390625,10138.9755859375,10138.9755859375,3257887
2019-10-14,9779.8916015625,10402.6376953125,10522.4833984375,10234.8525390625,10282.791015625,14810396
2019-10-15,9779.8916015625,10402.6376953125,10450.5751953125,10354.69921875,10402.6376953125,5192745
2019-10-16,9870.0283203125,10498.513671875,10594.390625,10450.5751953125,10474.544921875,8601076
2019-10-17,9870.0283203125,10498.513671875,10546.4521484375,10450.5751953125,10474.544921875,6929765
2019-10-18,9734.8232421875,10354.69921875,10522.4833984375,10306.7607421875,10498.513671875,6129676
2019-10-21,9577.0830078125,10186.9140625,10354.69921875,10186.9140625,10306.7607421875,7322915
2019-10-22,9734.8232421875,10354.69921875,10354.69921875,10186.9140625,10186.9140625,4016194
2019-10-23,9667.2197265625,10282.791015625,10450.5751953125,10234.8525390625,10354.69921875,4047296
2019-10-24,9689.7548828125,10306.7607421875,10354.69921875,10258.822265625,10306.7607421875,3295686
2019-10-25,9915.09765625,10546.4521484375,10546.4521484375,10258.822265625,10306.7607421875,9100758
2019-10-28,9915.09765625,10546.4521484375,10714.2373046875,10546.4521484375,10594.390625,6307508
2019-10-29,9937.6318359375,10570.421875,10762.17578125,10546.4521484375,10594.390625,6809006
2019-10-30,9982.69921875,10618.3603515625,10714.2373046875,10546.4521484375,10546.4521484375,6318522
2019-10-31,9915.09765625,10546.4521484375,10738.2060546875,10546.4521484375,10690.267578125,4983601
2019-11-01,10050.302734375,10690.267578125,10690.267578125,10474.544921875,10498.513671875,8866207
2019-11-04,10117.9072265625,10762.17578125,10905.990234375,10714.2373046875,10738.2060546875,12197857
2019-11-05,10095.3720703125,10738.2060546875,10810.1142578125,10738.2060546875,10786.14453125,5547220
2019-11-06,10050.302734375,10690.267578125,10834.0830078125,10690.267578125,10738.2060546875,6785809
2019-11-07,10027.7685546875,10666.298828125,10738.2060546875,10618.3603515625,10690.267578125,6173920
2019-11-08,10050.302734375,10690.267578125,10786.14453125,10666.298828125,10738.2060546875,4538635
2019-11-11,9892.5634765625,10522.4833984375,10810.1142578125,10522.4833984375,10714.2373046875,8087855
2019-11-12,9915.09765625,10546.4521484375,10618.3603515625,10498.513671875,10522.4833984375,5729204
2019-11-13,9847.4951171875,10474.544921875,10762.17578125,10354.69921875,10570.421875,18362077
2019-11-14,9734.8232421875,10354.69921875,10450.5751953125,10354.69921875,10450.5751953125,4759585
2019-11-15,9779.8916015625,10402.6376953125,10498.513671875,10306.7607421875,10354.69921875,5246355
2019-11-18,9644.6845703125,10258.822265625,10378.66796875,10258.822265625,10378.66796875,12161894
2019-11-19,9689.7548828125,10306.7607421875,10354.69921875,10258.822265625,10282.791015625,7721635
2019-11-20,9599.6171875,10210.8837890625,10330.7294921875,10210.8837890625,10306.7607421875,6080279
2019-11-21,9599.6171875,10210.8837890625,10306.7607421875,10138.9755859375,10210.8837890625,9908211
2019-11-22,9509.48046875,10115.0068359375,10282.791015625,9971.19140625,10258.822265625,8469302
2019-11-25,9532.013671875,10138.9755859375,10162.9453125,10019.1298828125,10162.9453125,4648254
2019-11-26,9554.548828125,10162.9453125,10186.9140625,10091.037109375,10186.9140625,4434438
2019-11-27,9486.9453125,10091.037109375,10210.8837890625,10091.037109375,10162.9453125,3484157
2019-11-28,9216.5341796875,9803.4072265625,10091.037109375,9803.4072265625,10091.037109375,7588381
2019-11-29,9216.5341796875,9803.4072265625,9851.345703125,9707.5302734375,9827.3759765625,6587117
2019-12-02,8923.587890625,9491.8076171875,9803.4072265625,9491.8076171875,9779.4375,8218022
2019-12-06,9148.9296875,9731.4990234375,9755.46875,9611.6533203125,9611.6533203125,3849334
2019-12-09,9081.3271484375,9659.591796875,9755.46875,9659.591796875,9683.560546875,4585883
2019-12-10,9036.2587890625,9611.6533203125,9683.560546875,9563.71484375,9683.560546875,4783261
2019-12-11,8946.123046875,9515.7763671875,9659.591796875,9443.869140625,9611.6533203125,5361607
2019-12-12,9081.3271484375,9659.591796875,9707.5302734375,9539.74609375,9539.74609375,3983193
2019-12-13,9284.13671875,9875.314453125,9923.2529296875,9707.5302734375,9707.5302734375,8266354
2019-12-16,9148.9296875,9731.4990234375,9875.314453125,9731.4990234375,9875.314453125,2998555
2019-12-17,9126.396484375,9707.5302734375,9851.345703125,9707.5302734375,9755.46875,3524479
2019-12-18,9081.3271484375,9659.591796875,9779.4375,9659.591796875,9683.560546875,3643883
2019-12-19,9081.3271484375,9659.591796875,9731.4990234375,9587.68359375,9683.560546875,2793312
2019-12-20,9171.4658203125,9755.46875,9803.4072265625,9635.6220703125,9659.591796875,2227983
2019-12-23,9261.6025390625,9851.345703125,9971.19140625,9779.4375,9779.4375,6901917
2019-12-24,9284.13671875,9875.314453125,9899.2841796875,9779.4375,9899.2841796875,2617149
2019-12-25,9284.13671875,9875.314453125,9971.19140625,9827.3759765625,9827.3759765625,2881363
2019-12-26,9284.13671875,9875.314453125,9923.2529296875,9803.4072265625,9875.314453125,4329491
2019-12-27,9306.671875,9899.2841796875,9899.2841796875,9755.46875,9899.2841796875,3314794
2019-12-30,9486.9453125,10091.037109375,10115.0068359375,9899.2841796875,9923.2529296875,9647627
2019-12-31,9419.341796875,10019.1298828125,10162.9453125,9995.16015625,10138.9755859375,3635267
2020-01-01,9419.341796875,10019.1298828125,10019.1298828125,10019.1298828125,10019.1298828125,0
2020-01-02,9689.7548828125,10306.7607421875,10426.6064453125,9995.16015625,10019.1298828125,9069155
2020-01-03,9599.6171875,10210.8837890625,10474.544921875,10186.9140625,10426.6064453125,7565205
2020-01-06,9622.1513671875,10234.8525390625,10402.6376953125,10115.0068359375,10162.9453125,6619909
2020-01-07,9779.8916015625,10402.6376953125,10474.544921875,10282.791015625,10354.69921875,8685309
2020-01-08,9757.3564453125,10378.66796875,10618.3603515625,10210.8837890625,10330.7294921875,20577023
2020-01-09,10117.9072265625,10762.17578125,10834.0830078125,10474.544921875,10474.544921875,17923619
2020-01-10,10613.6611328125,11289.498046875,11505.220703125,10786.14453125,10786.14453125,30668156
2020-01-13,10455.921875,11121.7138671875,11505.220703125,11121.7138671875,11169.65234375,11092292
2020-01-14,10591.126953125,11265.5283203125,11409.34375,11121.7138671875,11145.6826171875,14687133
2020-01-15,10636.1943359375,11313.466796875,11361.4052734375,11145.6826171875,11265.5283203125,9105118
2020-01-16,11222.087890625,11936.6669921875,11960.6357421875,11337.4365234375,11361.4052734375,16693666
2020-01-17,11244.62109375,11960.6357421875,12176.3583984375,11792.8515625,12080.4814453125,13377057
2020-01-20,11312.2236328125,12032.5439453125,12128.419921875,11864.7587890625,11936.6669921875,9882303
2020-01-21,11402.3623046875,12128.419921875,12368.1123046875,12032.5439453125,12080.4814453125,12648205
2020-01-22,11537.5673828125,12272.2353515625,12344.1435546875,12008.57421875,12128.419921875,9902725
2020-01-23,11537.5673828125,12272.2353515625,12272.2353515625,12272.2353515625,12272.2353515625,0
2020-01-24,11537.5673828125,12272.2353515625,12272.2353515625,12272.2353515625,12272.2353515625,0
2020-01-27,11537.5673828125,12272.2353515625,12272.2353515625,12272.2353515625,12272.2353515625,0
2020-01-28,11537.5673828125,12272.2353515625,12272.2353515625,12272.2353515625,12272.2353515625,0
2020-01-29,11537.5673828125,12272.2353515625,12272.2353515625,12272.2353515625,12272.2353515625,0
2020-01-30,10974.208984375,11673.0048828125,12152.3896484375,11505.220703125,11936.6669921875,23611958
2020-01-31,10996.744140625,11696.974609375,12104.451171875,11696.974609375,11792.8515625,24647975
2020-02-03,11334.759765625,12056.5126953125,12080.4814453125,11145.6826171875,11265.5283203125,28931804
2020-02-04,12123.4599609375,12895.435546875,12895.435546875,12152.3896484375,12176.3583984375,30983019
2020-02-05,11965.7197265625,12727.650390625,13326.880859375,12727.650390625,13135.126953125,24473605
2020-02-06,12506.54296875,13302.912109375,13470.6962890625,12631.7734375,12799.55859375,22042027
2020-02-07,12123.4599609375,12895.435546875,13254.9736328125,12775.5888671875,13183.0654296875,18691375
2020-02-10,11988.25390625,12751.6201171875,13087.1884765625,12559.8662109375,12583.8349609375,13115909
2020-02-11,12506.54296875,13302.912109375,13302.912109375,12871.4658203125,12895.435546875,14106263
2020-02-12,12258.666015625,13039.25,13638.48046875,13039.25,13638.48046875,21675370
2020-02-13,12281.2001953125,13063.2197265625,13231.00390625,12703.681640625,13111.158203125,19787406
2020-02-14,12078.392578125,12847.4970703125,13111.158203125,12799.55859375,13111.158203125,12742535
2020-02-17,11965.7197265625,12727.650390625,12967.3427734375,12655.7431640625,12895.435546875,12136590
2020-02-18,12033.3232421875,12799.55859375,13063.2197265625,12751.6201171875,12799.55859375,15085061
2020-02-19,12168.52734375,12943.373046875,13039.25,12847.4970703125,12847.4970703125,12297776
2020-02-20,12123.4599609375,12895.435546875,13278.9423828125,12775.5888671875,13111.158203125,18797281
2020-02-21,11650.2392578125,12392.08203125,12895.435546875,12296.205078125,12847.4970703125,25135517
2020-02-24,10996.744140625,11696.974609375,12176.3583984375,11673.0048828125,12032.5439453125,25693754
2020-02-25,11762.9111328125,12511.927734375,12511.927734375,11673.0048828125,11696.974609375,20368005
2020-02-26,11627.7041015625,12368.1123046875,12559.8662109375,12176.3583984375,12248.2666015625,12994191
2020-02-27,11807.9794921875,12559.8662109375,12559.8662109375,12272.2353515625,12344.1435546875,11524326
2020-02-28,11605.1708984375,12344.1435546875,12487.958984375,11984.60546875,12224.296875,16463600
2020-03-02,11492.498046875,12224.296875,12487.958984375,12176.3583984375,12440.0205078125,10167147
2020-03-03,11920.6513671875,12679.7119140625,12919.404296875,12440.0205078125,12559.8662109375,19846523
2020-03-05,11785.4453125,12535.896484375,12871.4658203125,12535.896484375,12847.4970703125,12511113
2020-03-06,11627.7041015625,12368.1123046875,12487.958984375,12200.328125,12368.1123046875,11167118
2020-03-09,10816.4697265625,11505.220703125,11840.7900390625,11505.220703125,11553.1591796875,22474165
2020-03-10,11041.8134765625,11744.9130859375,12008.57421875,11097.744140625,11505.220703125,23094899
2020-03-11,10455.921875,11121.7138671875,11984.60546875,10953.9287109375,11888.728515625,17777828
2020-03-12,9824.958984375,10450.5751953125,10738.2060546875,10354.69921875,10546.4521484375,23601153
2020-03-13,9892.5634765625,10522.4833984375,10738.2060546875,9731.4990234375,9827.3759765625,21987937
2020-03-16,9239.0673828125,9827.3759765625,10570.421875,9827.3759765625,10522.4833984375,15658087
2020-03-17,9464.41015625,10067.068359375,10162.9453125,9300.0537109375,9587.68359375,16575535
2020-03-18,9441.8759765625,10043.0986328125,10330.7294921875,10043.0986328125,10210.8837890625,13401505
2020-03-19,9058.79296875,9635.6220703125,9875.314453125,9515.7763671875,9827.3759765625,9855164
2020-03-20,8923.587890625,9491.8076171875,9827.3759765625,9419.8994140625,9779.4375,13406407
2020-03-23,8315.162109375,8844.638671875,9108.2998046875,8844.638671875,9012.4228515625,13452320
2020-03-24,8247.55859375,8772.73046875,8964.484375,8461.130859375,8844.638671875,13269669
2020-03-25,8810.916015625,9371.9609375,9371.9609375,9012.4228515625,9108.2998046875,14687676
2020-03-26,8472.9013671875,9012.4228515625,9395.9306640625,9012.4228515625,9132.26953125,10684060
2020-03-27,8563.0390625,9108.2998046875,9156.23828125,8964.484375,9132.26953125,13061569
2020-03-30,7977.14697265625,8485.1005859375,8628.916015625,8485.1005859375,8557.0078125,15292869
2020-03-31,7751.80322265625,8245.408203125,8868.607421875,7957.77783203125,8628.916015625,12730018
2020-04-01,8247.55859375,8772.73046875,8796.7001953125,8149.53125,8149.53125,11503403
2020-04-02,8247.55859375,8772.73046875,8772.73046875,8772.73046875,8772.73046875,0
2020-04-03,8472.9013671875,9012.4228515625,9108.2998046875,8868.607421875,8916.5458984375,9649024
2020-04-06,9058.79296875,9635.6220703125,9635.6220703125,9108.2998046875,9252.115234375,22022023
2020-04-07,8946.123046875,9515.7763671875,9707.5302734375,9395.9306640625,9683.560546875,15136272
2020-04-08,8878.51953125,9443.869140625,9587.68359375,9156.23828125,9252.115234375,9673368
2020-04-09,8923.587890625,9491.8076171875,9755.46875,9491.8076171875,9587.68359375,15155443
2020-04-10,8765.84765625,9324.0224609375,9635.6220703125,9252.115234375,9491.8076171875,11892298
2020-04-13,8833.4501953125,9395.9306640625,9587.68359375,9228.1455078125,9300.0537109375,8726403
2020-04-14,8653.17578125,9204.1767578125,9467.837890625,9012.4228515625,9371.9609375,15415422
2020-04-15,8946.123046875,9515.7763671875,9563.71484375,9204.1767578125,9204.1767578125,14097335
2020-04-16,8923.587890625,9491.8076171875,9539.74609375,9300.0537109375,9395.9306640625,7739762
2020-04-17,9058.79296875,9635.6220703125,9827.3759765625,9587.68359375,9827.3759765625,17895291
2020-04-20,8946.123046875,9515.7763671875,9803.4072265625,9515.7763671875,9731.4990234375,13124587
2020-04-21,8472.9013671875,9012.4228515625,9467.837890625,8988.4541015625,9419.8994140625,19399658
2020-04-22,8675.708984375,9228.1455078125,9443.869140625,8820.6689453125,8820.6689453125,13274947
2020-04-23,8653.17578125,9204.1767578125,9443.869140625,9204.1767578125,9347.9921875,6153957
2020-04-24,8653.17578125,9204.1767578125,9252.115234375,9108.2998046875,9204.1767578125,5989141
2020-04-27,8495.4345703125,9036.392578125,9300.0537109375,9036.392578125,9300.0537109375,8982127
2020-04-28,8585.57421875,9132.26953125,9252.115234375,8964.484375,9036.392578125,8224801
2020-04-29,9013.7236328125,9587.68359375,9587.68359375,9156.23828125,9252.115234375,19477633
2020-04-30,9013.7236328125,9587.68359375,9587.68359375,9587.68359375,9587.68359375,0
2020-05-01,9013.7236328125,9587.68359375,9587.68359375,9587.68359375,9587.68359375,0
2020-05-04,9036.2587890625,9611.6533203125,9803.4072265625,9371.9609375,9467.837890625,15700892
2020-05-05,8946.123046875,9515.7763671875,9659.591796875,9419.8994140625,9611.6533203125,6208756
2020-05-06,9103.861328125,9683.560546875,9731.4990234375,9371.9609375,9563.71484375,14374003
2020-05-07,9193.9990234375,9779.4375,9899.2841796875,9635.6220703125,9683.560546875,15694780
2020-05-08,9419.341796875,10019.1298828125,10378.66796875,9875.314453125,9923.2529296875,26421855
2020-05-11,9577.0830078125,10186.9140625,10330.7294921875,10019.1298828125,10282.791015625,15966504
2020-05-12,9757.3564453125,10378.66796875,10450.5751953125,9995.16015625,10138.9755859375,13719225
2020-05-13,9757.3564453125,10378.66796875,10522.4833984375,10138.9755859375,10258.822265625,14516540
2020-05-14,9622.1513671875,10234.8525390625,10426.6064453125,10234.8525390625,10258.822265625,12158181
2020-05-15,9622.1513671875,10234.8525390625,10234.8525390625,10234.8525390625,10234.8525390625,0
2020-05-18,9622.1513671875,10234.8525390625,10234.8525390625,10234.8525390625,10234.8525390625,0
2020-05-19,10117.9072265625,10762.17578125,10762.17578125,10450.5751953125,10546.4521484375,22994166
2020-05-20,10117.9072265625,10762.17578125,10762.17578125,10762.17578125,10762.17578125,0
2020-05-21,10343.248046875,11001.8671875,11145.6826171875,10690.267578125,10714.2373046875,22145598
2020-05-22,10636.1943359375,11313.466796875,11313.466796875,10858.0517578125,10929.9599609375,15932627
2020-05-25,10388.31640625,11049.8056640625,11193.62109375,10882.021484375,10977.8984375,14041493
2020-05-26,10500.9892578125,11169.65234375,11169.65234375,10953.9287109375,11049.8056640625,13106355
2020-05-27,10095.3720703125,10738.2060546875,11241.5595703125,10738.2060546875,11169.65234375,17566265
2020-05-28,10162.974609375,10810.1142578125,11001.8671875,10714.2373046875,10810.1142578125,12382781
2020-05-29,10140.4404296875,10786.14453125,10882.021484375,10762.17578125,10762.17578125,7429593
2020-06-01,10591.126953125,11265.5283203125,11265.5283203125,10882.021484375,10929.9599609375,14853222
2020-06-02,10568.591796875,11241.5595703125,11649.0361328125,11217.5908203125,11409.34375,20001514
2020-06-03,10816.4697265625,11505.220703125,11529.1904296875,11289.498046875,11313.466796875,14397428
2020-06-04,11109.416015625,11816.8203125,11936.6669921875,11553.1591796875,11601.09765625,18660877
2020-06-05,11019.2783203125,11720.943359375,11840.7900390625,11601.09765625,11744.9130859375,11315141
2020-06-08,11019.2783203125,11720.943359375,11720.943359375,11720.943359375,11720.943359375,0
2020-06-09,11019.2783203125,11720.943359375,11720.943359375,11720.943359375,11720.943359375,0
2020-06-10,11109.416015625,11816.8203125,11984.60546875,11553.1591796875,11601.09765625,17206157
2020-06-11,10343.248046875,11001.8671875,11888.728515625,11001.8671875,11840.7900390625,19311775
2020-06-12,10500.9892578125,11169.65234375,11169.65234375,10594.390625,10594.390625,14798777
2020-06-15,10050.302734375,10690.267578125,11265.5283203125,10594.390625,11121.7138671875,16540344
2020-06-16,10478.455078125,11145.6826171875,11145.6826171875,10882.021484375,11025.8369140625,8415921
2020-06-17,10365.783203125,11025.8369140625,11145.6826171875,10977.8984375,11025.8369140625,5150607
2020-06-18,10320.71484375,10977.8984375,11121.7138671875,10882.021484375,10882.021484375,4076500
2020-06-19,10523.5234375,11193.62109375,11217.5908203125,11001.8671875,11097.744140625,5976938
2020-06-22,10568.591796875,11241.5595703125,11361.4052734375,11145.6826171875,11169.65234375,6230430
2020-06-23,10478.455078125,11145.6826171875,11289.498046875,11049.8056640625,11217.5908203125,6042668
2020-06-24,10275.646484375,10929.9599609375,11289.498046875,10882.021484375,11217.5908203125,6373572
2020-06-25,10230.578125,10882.021484375,10953.9287109375,10738.2060546875,10786.14453125,5319699
2020-06-26,10162.974609375,10810.1142578125,11049.8056640625,10738.2060546875,11025.8369140625,4875463
2020-06-29,9870.0283203125,10498.513671875,10810.1142578125,10378.66796875,10738.2060546875,9602277
2020-06-30,9712.2880859375,10330.7294921875,10738.2060546875,10258.822265625,10666.298828125,5866797
2020-07-01,10050.302734375,10690.267578125,10690.267578125,10330.7294921875,10378.66796875,4389714
2020-07-02,10050.302734375,10690.267578125,10786.14453125,10594.390625,10738.2060546875,3636415
2020-07-03,10050.302734375,10690.267578125,10762.17578125,10690.267578125,10714.2373046875,4484836
2020-07-06,10388.31640625,11049.8056640625,11169.65234375,10762.17578125,10834.0830078125,10115435
2020-07-07,10568.591796875,11241.5595703125,11361.4052734375,11121.7138671875,11169.65234375,13885104
2020-07-08,10658.7294921875,11337.4365234375,11505.220703125,11169.65234375,11241.5595703125,11065508
2020-07-09,10861.5380859375,11553.1591796875,11601.09765625,11289.498046875,11361.4052734375,12616060
2020-07-10,10861.5380859375,11553.1591796875,11553.1591796875,11553.1591796875,11553.1591796875,0
2020-07-13,10793.9365234375,11481.251953125,11792.8515625,11481.251953125,11505.220703125,12781564
2020-07-14,10839.00390625,11529.1904296875,11649.0361328125,11409.34375,11481.251953125,8379458
2020-07-15,10839.00390625,11529.1904296875,11529.1904296875,11529.1904296875,11529.1904296875,0
2020-07-16,10861.5380859375,11553.1591796875,11553.1591796875,11361.4052734375,11505.220703125,7886847
2020-07-17,10861.5380859375,11553.1591796875,11649.0361328125,11409.34375,11505.220703125,7201113
2020-07-20,10726.33203125,11409.34375,11553.1591796875,11385.375,11553.1591796875,6099429
2020-07-21,10748.8671875,11433.3134765625,11481.251953125,11241.5595703125,11457.2822265625,5726471
2020-07-22,10523.5234375,11193.62109375,11481.251953125,11193.62109375,11481.251953125,5629096
2020-07-23,10523.5234375,11193.62109375,11265.5283203125,11025.8369140625,11265.5283203125,6237084
2020-07-24,10027.7685546875,10666.298828125,11145.6826171875,10450.5751953125,11049.8056640625,17650602
2020-07-27,9329.205078125,9923.2529296875,10498.513671875,9923.2529296875,10210.8837890625,15719291
2020-07-28,9779.8916015625,10402.6376953125,10450.5751953125,10067.068359375,10138.9755859375,8925033
2020-07-29,9396.8076171875,9995.16015625,10210.8837890625,9779.4375,10162.9453125,9822205
2020-07-30,9622.1513671875,10234.8525390625,10282.791015625,10067.068359375,10091.037109375,5371098
2020-07-31,9554.548828125,10162.9453125,10306.7607421875,10019.1298828125,10067.068359375,6108962
2020-08-03,9802.4267578125,10426.6064453125,10450.5751953125,10138.9755859375,10162.9453125,5616559
2020-08-04,9937.6318359375,10570.421875,10690.267578125,10498.513671875,10594.390625,6499692
2020-08-05,10208.0419921875,10858.0517578125,10882.021484375,10546.4521484375,10594.390625,9544640
2020-08-06,10095.3720703125,10738.2060546875,10929.9599609375,10714.2373046875,10858.0517578125,5965695
2020-08-07,10253.1123046875,10905.990234375,10977.8984375,10762.17578125,10834.0830078125,8074191
2020-08-10,10275.646484375,10929.9599609375,11217.5908203125,10929.9599609375,11073.775390625,8490454
2020-08-11,10455.921875,11121.7138671875,11169.65234375,10929.9599609375,11145.6826171875,8079385
2020-08-12,10546.05859375,11217.5908203125,11409.34375,11121.7138671875,11169.65234375,9099006
2020-08-13,10703.7978515625,11385.375,11457.2822265625,11361.4052734375,11409.34375,10703877
2020-08-14,10591.126953125,11265.5283203125,11433.3134765625,11145.6826171875,11337.4365234375,10928019
2020-08-17,10591.126953125,11265.5283203125,11289.498046875,11097.744140625,11145.6826171875,6045547
2020-08-18,10455.921875,11121.7138671875,11289.498046875,11073.775390625,11265.5283203125,5594573
2020-08-19,10500.9892578125,11169.65234375,11265.5283203125,11097.744140625,11121.7138671875,5340288
2020-08-20,10500.9892578125,11169.65234375,11289.498046875,11145.6826171875,11217.5908203125,8782475
2020-08-21,10951.67578125,11649.0361328125,11696.974609375,11265.5283203125,11265.5283203125,19979423
2020-08-24,10996.744140625,11696.974609375,11888.728515625,11696.974609375,11840.7900390625,9194796
2020-08-25,11131.9501953125,11840.7900390625,11912.697265625,11696.974609375,11768.8818359375,10854237
2020-08-26,11131.9501953125,11840.7900390625,12032.5439453125,11720.943359375,11744.9130859375,14176854
2020-08-27,11154.484375,11864.7587890625,12008.57421875,11792.8515625,11792.8515625,6435923
2020-08-28,11312.2236328125,12032.5439453125,12176.3583984375,11888.728515625,11936.6669921875,20004810
2020-08-31,11582.6357421875,12320.173828125,12559.8662109375,12080.4814453125,12320.173828125,15352633
2020-09-01,11785.4453125,12535.896484375,12535.896484375,12272.2353515625,12320.173828125,9958275
2020-09-02,11785.4453125,12535.896484375,12535.896484375,12535.896484375,12535.896484375,0
2020-09-03,11695.30859375,12440.0205078125,12751.6201171875,12392.08203125,12631.7734375,17404849
2020-09-04,11717.8427734375,12463.9892578125,12655.7431640625,12272.2353515625,12272.2353515625,13723084
2020-09-07,11267.15625,11984.60546875,12535.896484375,11984.60546875,12511.927734375,16732653
2020-09-08,11515.0341796875,12248.2666015625,12248.2666015625,11888.728515625,12104.451171875,11485484
2020-09-09,11402.3623046875,12128.419921875,12224.296875,12008.57421875,12032.5439453125,8077612
2020-09-10,11402.3623046875,12128.419921875,12296.205078125,12128.419921875,12176.3583984375,5539502
2020-09-11,11402.3623046875,12128.419921875,12128.419921875,12128.419921875,12128.419921875,0
2020-09-14,11537.5673828125,12272.2353515625,12463.9892578125,12248.2666015625,12463.9892578125,5888929
2020-09-15,11447.4306640625,12176.3583984375,12344.1435546875,12176.3583984375,12296.205078125,6811029
2020-09-16,11357.29296875,12080.4814453125,12200.328125,12056.5126953125,12200.328125,8282458
2020-09-17,11402.3623046875,12128.419921875,12296.205078125,12104.451171875,12128.419921875,8336278
2020-09-18,11627.7041015625,12368.1123046875,12392.08203125,12176.3583984375,12224.296875,8788420
2020-09-21,11605.1708984375,12344.1435546875,12535.896484375,12272.2353515625,12463.9892578125,10581658
2020-09-22,11627.7041015625,12368.1123046875,12392.08203125,12224.296875,12272.2353515625,8842823
2020-09-23,11830.5126953125,12583.8349609375,12751.6201171875,12416.05078125,12440.0205078125,13388467
2020-09-24,11717.8427734375,12463.9892578125,12607.8046875,12392.08203125,12559.8662109375,7473337
2020-09-25,11807.9794921875,12559.8662109375,12559.8662109375,12320.173828125,12511.927734375,9660247
2020-09-28,12236.130859375,13015.28125,13159.0966796875,12655.7431640625,12655.7431640625,25063237
2020-09-29,11988.25390625,12751.6201171875,13135.126953125,12751.6201171875,13135.126953125,12412361
2020-09-30,11965.7197265625,12727.650390625,12823.52734375,12583.8349609375,12751.6201171875,9939167
2020-10-01,11988.25390625,12751.6201171875,12943.373046875,12727.650390625,12871.4658203125,11245906
2020-10-02,12145.994140625,12919.404296875,13135.126953125,12607.8046875,12991.3115234375,27622583
2020-10-05,12393.87109375,13183.0654296875,13254.9736328125,13063.2197265625,13183.0654296875,12389248
2020-10-06,12258.666015625,13039.25,13254.9736328125,13039.25,13231.00390625,12326396
2020-10-07,12168.52734375,12943.373046875,13302.912109375,12943.373046875,12991.3115234375,17434387
2020-10-08,12236.130859375,13015.28125,13135.126953125,12847.4970703125,13039.25,13588954
2020-10-09,12461.474609375,13254.9736328125,13326.880859375,13039.25,13039.25,21097128
2020-10-12,13114.96875,13950.080078125,14165.802734375,13782.2958984375,14165.802734375,35101991
2020-10-13,13768.4638671875,14645.1875,14860.91015625,13782.2958984375,13902.1416015625,22779828
2020-10-14,13520.587890625,14381.5263671875,14789.0029296875,14381.5263671875,14717.0947265625,17394649
2020-10-15,13543.1220703125,14405.4951171875,14621.2177734375,14381.5263671875,14477.4033203125,21083652
2020-10-16,14038.8759765625,14932.818359375,15076.6328125,14477.4033203125,14621.2177734375,27027903
2020-10-19,14489.5634765625,15412.2021484375,15556.017578125,15292.3564453125,15388.2333984375,20127238
2020-10-20,14467.029296875,15388.2333984375,15484.109375,15196.4794921875,15268.38671875,20783955
2020-10-21,13993.8076171875,14884.8798828125,15556.017578125,14884.8798828125,15436.1708984375,19173451
2020-10-22,14421.958984375,15340.294921875,15340.294921875,14765.033203125,14860.91015625,18181366
2020-10-23,14331.822265625,15244.41796875,15460.140625,15148.541015625,15436.1708984375,13843864
2020-10-26,13745.9306640625,14621.2177734375,15292.3564453125,14621.2177734375,15292.3564453125,18575142
2020-10-27,13858.6025390625,14741.064453125,14908.8486328125,14501.3720703125,14621.2177734375,23421839
2020-10-28,13475.517578125,14333.587890625,14836.94140625,14333.587890625,14621.2177734375,16554946
2020-10-29,13114.96875,13950.080078125,14477.4033203125,13950.080078125,14237.7109375,24424939
2020-10-30,13069.900390625,13902.1416015625,14141.833984375,13518.634765625,14045.95703125,18981163
2020-11-02,13700.861328125,14573.2802734375,14573.2802734375,13998.0185546875,14045.95703125,10836798
2020-11-03,13610.724609375,14477.4033203125,14717.0947265625,14429.46484375,14693.1259765625,10341934
2020-11-04,13790.998046875,14669.15625,14860.91015625,14429.46484375,14525.341796875,14920391
2020-11-05,13633.2587890625,14501.3720703125,14812.9716796875,14501.3720703125,14621.2177734375,12121404
2020-11-06,13633.2587890625,14501.3720703125,14693.1259765625,14477.4033203125,14525.341796875,11227111
2020-11-09,13948.7392578125,14836.94140625,14908.8486328125,14693.1259765625,14693.1259765625,16460325
2020-11-10,13790.998046875,14669.15625,15076.6328125,14669.15625,14956.787109375,18161236
2020-11-11,13745.9306640625,14621.2177734375,14812.9716796875,14573.2802734375,14741.064453125,12649290
2020-11-12,13971.2734375,14860.91015625,14980.7568359375,14669.15625,14669.15625,11701866
2020-11-13,14399.4248046875,15316.3251953125,15340.294921875,14956.787109375,14956.787109375,22346188
2020-11-16,14376.8916015625,15292.3564453125,15675.86328125,15244.41796875,15556.017578125,32906466
2020-11-17,14647.302734375,15579.986328125,15651.89453125,15340.294921875,15436.1708984375,18163260
2020-11-18,14759.974609375,15699.8330078125,15771.740234375,15508.0791015625,15579.986328125,15225136
2020-11-19,15007.8525390625,15963.494140625,15963.494140625,15603.9560546875,15699.8330078125,28368915
2020-11-20,14962.7822265625,15915.5556640625,16035.4013671875,15795.7099609375,15987.462890625,15098015
2020-11-23,14827.578125,15771.740234375,15915.5556640625,15627.9248046875,15915.5556640625,14886556
2020-11-24,14759.974609375,15699.8330078125,15891.5859375,15579.986328125,15891.5859375,18457658
2020-11-25,14872.646484375,15819.6787109375,16059.37109375,15771.740234375,15915.5556640625,22353260
2020-11-26,15345.8662109375,16323.0322265625,16418.908203125,15795.7099609375,15819.6787109375,24245855
2020-11-27,15345.8662109375,16323.0322265625,16538.755859375,16299.0625,16394.939453125,12983782
2020-11-30,15097.9892578125,16059.37109375,16394.939453125,16059.37109375,16323.0322265625,22950860
2020-12-01,15278.2626953125,16251.1240234375,16299.0625,15771.740234375,15819.6787109375,20262390
2020-12-02,15210.6611328125,16179.216796875,16394.939453125,16107.3095703125,16251.1240234375,18059356
2020-12-03,15233.1962890625,16203.1865234375,16323.0322265625,16155.248046875,16203.1865234375,13050805
2020-12-04,15638.8125,16634.6328125,16730.5078125,16251.1240234375,16299.0625,39549092
2020-12-07,15638.8125,16634.6328125,16826.384765625,16586.693359375,16778.447265625,15254507
2020-12-08,15548.67578125,16538.755859375,16658.6015625,16442.87890625,16634.6328125,17950090
2020-12-09,15548.67578125,16538.755859375,16730.5078125,16514.78515625,16538.755859375,16998369
2020-12-10,15323.3310546875,16299.0625,16730.5078125,16299.0625,16538.755859375,21253829
2020-12-11,15661.3466796875,16658.6015625,16682.5703125,16275.09375,16490.81640625,16883743
2020-12-14,15954.2939453125,16970.201171875,17066.078125,16730.5078125,16922.26171875,22628175
2020-12-15,15774.0185546875,16778.447265625,16970.201171875,16610.662109375,16970.201171875,22921572
2020-12-16,15954.2939453125,16970.201171875,17018.138671875,16826.384765625,16826.384765625,16079190
2020-12-17,15588.578125,16347.0009765625,16826.384765625,16347.0009765625,16730.5078125,29887822
2020-12-18,15817.1494140625,16586.693359375,16586.693359375,16347.0009765625,16442.87890625,11807815
2020-12-21,15931.435546875,16706.5390625,16994.169921875,16538.755859375,16610.662109375,16438860
2020-12-22,15908.5791015625,16682.5703125,16970.201171875,16658.6015625,16826.384765625,13415982
2020-12-23,15771.4365234375,16538.755859375,16778.447265625,16490.81640625,16778.447265625,11992009
2020-12-24,15520.0068359375,16275.09375,16682.5703125,15436.1708984375,16538.755859375,17330107
2020-12-25,15862.865234375,16634.6328125,16634.6328125,15963.494140625,16347.0009765625,16702490
2020-12-28,15680.0078125,16442.87890625,16874.32421875,16394.939453125,16778.447265625,13308010
2020-12-29,15611.435546875,16370.970703125,16562.724609375,16347.0009765625,16442.87890625,10450511
2020-12-30,15702.8642578125,16466.84765625,16754.478515625,16370.970703125,16466.84765625,11641893
2020-12-31,15794.2939453125,16562.724609375,16658.6015625,16466.84765625,16514.78515625,9414494
2021-01-01,15794.2939453125,16562.724609375,16562.724609375,16562.724609375,16562.724609375,0
2021-01-04,16228.5771484375,17018.138671875,17257.83203125,16730.5078125,16778.447265625,2929070
2021-01-05,16182.865234375,16970.201171875,17233.861328125,16874.32421875,16970.201171875,1922299
2021-01-06,17302.86328125,18144.69140625,18144.69140625,17114.015625,17257.83203125,3216605
2021-01-07,17760.0078125,18624.076171875,19007.583984375,18408.353515625,18456.291015625,2227774
2021-01-08,17691.435546875,18552.16796875,18935.67578125,18456.291015625,18935.67578125,1748096
2021-01-11,17691.435546875,18552.16796875,18983.615234375,18504.23046875,18648.044921875,2276190
2021-01-12,17600.005859375,18456.291015625,18648.044921875,18264.5390625,18552.16796875,1909574
2021-01-13,17668.578125,18528.19921875,18911.70703125,18456.291015625,18528.19921875,1890738
2021-01-14,17897.1484375,18767.890625,18863.767578125,18456.291015625,18695.984375,1726318
2021-01-15,18057.150390625,18935.67578125,19223.306640625,18839.798828125,18935.67578125,2361738
2021-01-18,17645.720703125,18504.23046875,19103.4609375,18504.23046875,18983.615234375,1501301
2021-01-19,16411.435546875,17209.892578125,18504.23046875,17209.892578125,18456.291015625,3017725
2021-01-20,16297.1494140625,17090.046875,17449.5859375,16203.1865234375,17257.83203125,2332993
2021-01-21,16914.291015625,17737.21484375,17737.21484375,17018.138671875,17305.76953125,1578879
2021-01-22,17188.578125,18024.845703125,18360.4140625,17593.400390625,17713.24609375,2364116
2021-01-25,16822.86328125,17641.337890625,18000.876953125,17497.5234375,17881.03125,1372698
2021-01-26,15771.4365234375,16538.755859375,17521.4921875,16538.755859375,17497.5234375,1728446
2021-01-27,14902.86328125,15627.9248046875,16850.35546875,15579.986328125,16394.939453125,1990950
2021-01-28,13874.291015625,14549.310546875,15292.3564453125,14549.310546875,14741.064453125,2773850
2021-01-29,13942.86328125,14621.2177734375,15532.0478515625,13806.2646484375,13806.2646484375,3091340
2021-02-01,14628.578125,15340.294921875,15627.9248046875,15100.6025390625,15244.41796875,2568941
2021-02-02,15497.1494140625,16251.1240234375,16299.0625,15196.4794921875,15244.41796875,1620266
2021-02-03,15954.2919921875,16730.5078125,16898.29296875,16299.0625,16538.755859375,2101779
2021-02-04,15862.865234375,16634.6328125,16802.416015625,16418.908203125,16682.5703125,1963602
2021-02-05,16365.720703125,17161.955078125,17161.955078125,16658.6015625,16754.478515625,1772419
2021-02-08,15565.7216796875,16323.0322265625,17305.76953125,16251.1240234375,17257.83203125,2679541
2021-02-09,15565.7216796875,16323.0322265625,16323.0322265625,16323.0322265625,16323.0322265625,0
2021-02-10,15565.7216796875,16323.0322265625,16323.0322265625,16323.0322265625,16323.0322265625,0
2021-02-11,15565.7216796875,16323.0322265625,16323.0322265625,16323.0322265625,16323.0322265625,0
2021-02-12,15565.7216796875,16323.0322265625,16323.0322265625,16323.0322265625,16323.0322265625,0
2021-02-15,15565.7216796875,16323.0322265625,16323.0322265625,16323.0322265625,16323.0322265625,0
2021-02-16,15565.7216796875,16323.0322265625,16323.0322265625,16323.0322265625,16323.0322265625,0
2021-02-17,16822.86328125,17641.337890625,17641.337890625,17185.923828125,17449.5859375,2064398
2021-02-18,16822.86328125,17641.337890625,17761.185546875,17401.646484375,17593.400390625,2092747
2021-02-19,16914.291015625,17737.21484375,17976.908203125,17305.76953125,17401.646484375,2535461
2021-02-22,16914.291015625,17737.21484375,18240.568359375,17641.337890625,17737.21484375,2367599
2021-02-23,16937.150390625,17761.185546875,18024.845703125,17737.21484375,17785.154296875,1741254
2021-02-24,16937.150390625,17761.185546875,17761.185546875,17761.185546875,17761.185546875,0
2021-02-25,17051.435546875,17881.03125,18168.662109375,17761.185546875,18120.72265625,1771084
2021-02-26,17028.580078125,17857.0625,17905.0,17497.5234375,17617.369140625,1846327
2021-03-01,17417.150390625,18264.5390625,18312.4765625,18024.845703125,18120.72265625,2910817
2021-03-02,17371.435546875,18216.599609375,18504.23046875,18216.599609375,18456.291015625,1527084
2021-03-03,17645.720703125,18504.23046875,18600.107421875,18360.4140625,18408.353515625,2727311
2021-03-04,17508.578125,18360.4140625,18695.984375,17976.908203125,18695.984375,2151885
2021-03-05,17371.435546875,18216.599609375,18432.322265625,17976.908203125,18264.5390625,2118634
2021-03-08,17325.72265625,18168.662109375,18504.23046875,18000.876953125,18408.353515625,1580131
2021-03-09,17005.720703125,17833.091796875,18168.662109375,17785.154296875,18168.662109375,2109769
2021-03-10,17165.72265625,18000.876953125,18120.72265625,17761.185546875,17857.0625,1557936
2021-03-11,17462.865234375,18312.4765625,18432.322265625,18120.72265625,18192.630859375,1593565
2021-03-12,17348.580078125,18192.630859375,18456.291015625,18192.630859375,18384.384765625,1459685
2021-03-15,17371.435546875,18216.599609375,18312.4765625,18096.75390625,18216.599609375,1410580
2021-03-16,17234.29296875,18072.78515625,18312.4765625,18048.814453125,18288.5078125,1473056
2021-03-17,18080.0078125,18959.64453125,18983.615234375,18024.845703125,18096.75390625,4940901
2021-03-18,18514.294921875,19415.060546875,19870.474609375,19271.244140625,19750.62890625,3347419
2021-03-19,18491.439453125,19391.091796875,19606.814453125,19319.18359375,19343.15234375,1728717
2021-03-22,18788.580078125,19702.69140625,20014.291015625,19415.060546875,19630.783203125,4314305
2021-03-23,18514.294921875,19415.060546875,19774.59765625,19271.244140625,19750.62890625,3055983
2021-03-24,17828.580078125,18695.984375,19391.091796875,18648.044921875,19175.3671875,3809178
2021-03-25,18011.435546875,18887.73828125,19247.275390625,18648.044921875,18935.67578125,3061031
2021-03-26,17851.4375,18719.953125,19079.4921875,18120.72265625,18839.798828125,3390266
2021-03-29,18285.720703125,19175.3671875,19199.337890625,18839.798828125,18983.615234375,2417643
2021-03-30,18468.578125,19367.12109375,19558.875,19103.4609375,19319.18359375,2326442
2021-03-31,18354.29296875,19247.275390625,19582.84375,19175.3671875,19367.12109375,2470169
2021-04-01,18765.72265625,19678.720703125,19822.537109375,19319.18359375,19319.18359375,3899961
2021-04-02,18880.009765625,19798.568359375,19918.4140625,19654.751953125,19894.4453125,2544681
2021-04-05,19200.009765625,20134.13671875,20277.951171875,19894.4453125,20134.13671875,3382672
2021-04-06,19657.15234375,20613.521484375,20877.181640625,19942.3828125,20110.16796875,4698965
2021-04-07,19657.15234375,20613.521484375,20997.02734375,20517.64453125,20613.521484375,2534647
2021-04-08,19474.294921875,20421.767578125,20757.3359375,20421.767578125,20613.521484375,2430639
2021-04-09,19428.580078125,20373.828125,20469.705078125,20277.951171875,20373.828125,3056129
2021-04-12,19748.580078125,20709.3984375,20757.3359375,20349.859375,20421.767578125,2816780
2021-04-13,19222.8671875,20158.10546875,20853.212890625,20134.13671875,20853.212890625,3154359
2021-04-14,19542.865234375,20493.673828125,20613.521484375,19894.4453125,20086.197265625,2985121
2021-04-15,19291.4375,20230.013671875,20613.521484375,20134.13671875,20565.58203125,2907542
2021-04-16,19200.009765625,20134.13671875,20709.3984375,19558.875,20325.890625,4472779
2021-04-19,19428.580078125,20373.828125,20373.828125,19798.568359375,20230.013671875,3344290
2021-04-20,19200.009765625,20134.13671875,20685.427734375,19894.4453125,20445.736328125,4848219
2021-04-21,19200.009765625,20134.13671875,20134.13671875,20134.13671875,20134.13671875,0
2021-04-22,17897.1484375,18767.890625,20110.16796875,18767.890625,20014.291015625,4470005
2021-04-23,18880.009765625,19798.568359375,19846.505859375,18695.984375,18911.70703125,3662761
2021-04-26,18148.580078125,19031.552734375,19798.568359375,19007.583984375,19798.568359375,2645414
2021-04-27,18125.72265625,19007.583984375,19223.306640625,18839.798828125,18959.64453125,1493958
2021-04-28,18171.4375,19055.521484375,19391.091796875,18959.64453125,18983.615234375,1665991
2021-04-29,18651.435546875,19558.875,19582.84375,19055.521484375,19175.3671875,2961173
2021-04-30,18651.435546875,19558.875,19558.875,19558.875,19558.875,0
2021-05-03,18651.435546875,19558.875,19558.875,19558.875,19558.875,0
2021-05-04,19657.15234375,20613.521484375,20613.521484375,19199.337890625,19199.337890625,5301321
2021-05-05,19817.150390625,20781.3046875,21284.658203125,20781.3046875,20901.150390625,4623827
2021-05-06,19611.435546875,20565.58203125,20949.08984375,20469.705078125,20613.521484375,4156832
2021-05-07,20022.865234375,20997.02734375,21044.966796875,20277.951171875,20397.798828125,5337639
2021-05-10,20480.009765625,21476.412109375,21620.228515625,21332.59765625,21572.2890625,5253781
2021-05-11,20205.72265625,21188.78125,21524.3515625,21188.78125,21452.443359375,3278748
2021-05-12,20571.4375,21572.2890625,21572.2890625,21020.998046875,21044.966796875,4089162
2021-05-13,21257.150390625,22291.365234375,22602.96484375,21404.50390625,21428.474609375,7096604
2021-05-14,21485.72265625,22531.056640625,22746.78125,22363.2734375,22531.056640625,3559274
2021-05-17,21371.435546875,22411.2109375,22818.6875,22243.427734375,22555.02734375,3551493
2021-05-18,21280.0078125,22315.333984375,22507.087890625,22147.55078125,22363.2734375,3682557
2021-05-19,21942.865234375,23010.44140625,23130.287109375,22291.365234375,22435.181640625,3644425
2021-05-20,22354.294921875,23441.88671875,23441.88671875,23034.41015625,23322.041015625,2932199
2021-05-21,22057.150390625,23130.287109375,23633.640625,23106.318359375,23441.88671875,3306950
2021-05-24,23405.724609375,24544.470703125,24736.224609375,23298.072265625,23393.94921875,6363351
2021-05-25,23360.01171875,24496.533203125,24927.978515625,24496.533203125,24688.287109375,2268702
2021-05-26,23542.869140625,24688.287109375,24832.1015625,24352.716796875,24544.470703125,2891230
2021-05-27,22948.58203125,24065.087890625,24784.1640625,23969.2109375,24736.224609375,4112943
2021-05-28,23405.724609375,24544.470703125,24592.41015625,24017.1484375,24256.83984375,3527170
2021-05-31,24274.296875,25455.30078125,25455.30078125,24448.59375,24544.470703125,3684560
2021-06-01,24045.7265625,25215.609375,25838.80859375,25167.669921875,25647.0546875,2237516
2021-06-02,23771.439453125,24927.978515625,25359.423828125,24736.224609375,24832.1015625,3094657
2021-06-03,24502.8671875,25694.994140625,25982.623046875,24927.978515625,25407.36328125,3646073
2021-06-04,24685.72265625,25886.74609375,26318.193359375,25694.994140625,25742.931640625,2707640
2021-06-07,23771.439453125,24927.978515625,25790.87109375,24448.59375,25742.931640625,37120121
2021-06-08,23771.439453125,24927.978515625,24927.978515625,24927.978515625,24927.978515625,0
2021-06-09,23085.724609375,24208.90234375,24448.59375,23250.134765625,23729.517578125,31051711
2021-06-10,22628.580078125,23729.517578125,24400.65625,23729.517578125,24208.90234375,24107594
2021-06-11,24182.869140625,25359.423828125,25359.423828125,23777.45703125,23969.2109375,37456177
2021-06-14,24000.009765625,25167.669921875,25886.74609375,24927.978515625,25551.177734375,29425667
2021-06-15,23817.15625,24975.91796875,25407.36328125,24832.1015625,25167.669921875,33773536
2021-06-16,23085.724609375,24208.90234375,24736.224609375,24208.90234375,24736.224609375,44600134
2021-06-17,23085.724609375,24208.90234375,24448.59375,23681.580078125,23729.517578125,36360605
2021-06-18,23405.724609375,24544.470703125,25167.669921875,24448.59375,24640.34765625,27571621
2021-06-21,22994.294921875,24113.025390625,24688.287109375,23969.2109375,24304.779296875,23504737
2021-06-22,23725.7265625,24880.041015625,25119.732421875,24017.1484375,24304.779296875,45705719
2021-06-23,24091.439453125,25263.546875,25647.0546875,24880.041015625,25023.85546875,35266702
2021-06-24,24411.439453125,25599.1171875,26222.31640625,25455.30078125,25886.74609375,51304986
2021-06-25,24594.294921875,25790.87109375,25790.87109375,25119.732421875,25503.240234375,29826598
2021-06-28,24868.58203125,26078.5,26270.25390625,25790.87109375,26126.439453125,29015349
2021-06-29,24640.009765625,25838.80859375,26222.31640625,25647.0546875,26078.5,38895733
2021-06-30,24091.439453125,25263.546875,26126.439453125,25167.669921875,25886.74609375,65429773
2021-07-01,23954.296875,25119.732421875,25551.177734375,24880.041015625,25263.546875,60997420
2021-07-02,24091.439453125,25263.546875,25503.240234375,25119.732421875,25263.546875,34522205
2021-07-05,24091.439453125,25263.546875,25263.546875,25263.546875,25263.546875,0
2021-07-06,24091.439453125,25263.546875,25263.546875,25263.546875,25263.546875,0
2021-07-07,24091.439453125,25263.546875,25263.546875,25263.546875,25263.546875,0
2021-07-08,24091.439453125,25263.546875,25263.546875,25263.546875,25263.546875,0
2021-07-09,22185.2109375,23264.578125,24007.064453125,22893.3359375,23635.822265625,29573222
2021-07-12,22185.2109375,23264.578125,23264.578125,23264.578125,23264.578125,0
2021-07-13,20415.115234375,21408.361328125,22243.66015625,20913.37109375,21965.2265625,19016101
2021-07-14,20415.115234375,21408.361328125,21408.361328125,21408.361328125,21408.361328125,0
2021-07-15,20651.12890625,21655.857421875,21934.291015625,20789.623046875,20913.37109375,24420967
2021-07-16,20651.12890625,21655.857421875,21655.857421875,21655.857421875,21655.857421875,0
2021-07-19,19028.541015625,19954.326171875,21006.181640625,19954.326171875,20727.75,33498950
2021-07-20,19618.572265625,20573.064453125,20604.001953125,19583.08203125,19985.263671875,32380061
2021-07-21,19382.560546875,20325.5703125,20944.30859375,20232.7578125,20696.8125,16072210
2021-07-22,19766.08203125,20727.75,21006.181640625,20263.6953125,20325.5703125,21501803
2021-07-23,19176.048828125,20109.01171875,20851.498046875,20109.01171875,20511.19140625,26282981
2021-07-26,18969.5390625,19892.453125,20109.01171875,19675.89453125,19923.388671875,16405792
2021-07-27,19176.048828125,20109.01171875,20634.939453125,20047.13671875,20109.01171875,25691778
2021-07-28,19412.060546875,20356.505859375,20480.25390625,20109.01171875,20109.01171875,11555441
2021-07-29,20002.09375,20975.24609375,21129.9296875,20542.12890625,20604.001953125,27512417
2021-07-30,20297.109375,21284.615234375,21470.236328125,21006.181640625,21037.119140625,33583315
2021-08-02,19913.587890625,20882.43359375,21160.8671875,20820.560546875,20913.37109375,40574310
2021-08-03,20120.099609375,21098.9921875,21098.9921875,20573.064453125,20882.43359375,36012935
2021-08-04,20120.099609375,21098.9921875,21098.9921875,21098.9921875,21098.9921875,0
2021-08-05,20179.103515625,21160.8671875,21160.8671875,20789.623046875,20975.24609375,21584067
2021-08-06,20149.6015625,21129.9296875,21593.984375,21098.9921875,21253.677734375,30613726
2021-08-09,20385.61328125,21377.42578125,21408.361328125,21006.181640625,21098.9921875,25049019
2021-08-10,20385.61328125,21377.42578125,21377.42578125,21377.42578125,21377.42578125,0
2021-08-11,20238.10546875,21222.740234375,21717.732421875,21222.740234375,21439.298828125,27967375
2021-08-12,20297.109375,21284.615234375,21501.173828125,21222.740234375,21346.48828125,21200707
2021-08-13,20238.10546875,21222.740234375,21408.361328125,20851.498046875,21284.615234375,19735791
2021-08-16,20710.1328125,21717.732421875,21934.291015625,21098.9921875,21222.740234375,35010735
2021-08-17,20710.1328125,21717.732421875,21717.732421875,21717.732421875,21717.732421875,0
2021-08-18,20356.11328125,21346.48828125,21532.109375,21222.740234375,21470.236328125,18012770
2021-08-19,20238.10546875,21222.740234375,21346.48828125,21129.9296875,21253.677734375,18379645
2021-08-20,19294.0546875,20232.7578125,21501.173828125,19799.640625,21222.740234375,37870423
2021-08-23,19294.0546875,20232.7578125,20696.8125,20201.822265625,20232.7578125,31832495
2021-08-24,19323.5546875,20263.6953125,20542.12890625,20201.822265625,20356.505859375,18066589
2021-08-25,18969.5390625,19892.453125,20294.6328125,19614.01953125,20232.7578125,29425664
2021-08-26,18409.005859375,19304.650390625,20232.7578125,19242.77734375,19985.263671875,34097102
2021-08-27,18379.50390625,19273.712890625,19304.650390625,18624.037109375,18995.28125,32144258
2021-08-30,19058.04296875,19985.263671875,19985.263671875,19366.5234375,19428.3984375,21396427
2021-08-31,18763.025390625,19675.89453125,20139.947265625,19675.89453125,20109.01171875,19783469
2021-09-01,18910.533203125,19830.578125,19985.263671875,19552.146484375,19675.89453125,24718508
2021-09-02,18910.533203125,19830.578125,19830.578125,19830.578125,19830.578125,0
2021-09-03,18910.533203125,19830.578125,19830.578125,19830.578125,19830.578125,0
2021-09-06,18910.533203125,19830.578125,19985.263671875,19675.89453125,19830.578125,18671368
2021-09-07,19264.552734375,20201.822265625,20387.443359375,19892.453125,19892.453125,17483306
2021-09-08,19264.552734375,20201.822265625,20201.822265625,20201.822265625,20201.822265625,0
2021-09-09,19117.044921875,20047.13671875,20047.13671875,19861.515625,19892.453125,12358850
2021-09-10,19058.04296875,19985.263671875,20232.7578125,19985.263671875,20109.01171875,10752841
2021-09-13,18792.52734375,19706.830078125,20016.19921875,19675.89453125,19954.326171875,13670388
2021-09-14,18409.005859375,19304.650390625,19830.578125,19304.650390625,19737.767578125,14540384
2021-09-15,18379.50390625,19273.712890625,19490.271484375,19180.90234375,19180.90234375,11520855
2021-09-16,18674.51953125,19583.08203125,19830.578125,19428.3984375,19490.271484375,10299338
2021-09-17,18763.025390625,19675.89453125,19892.453125,19614.01953125,19644.95703125,11043917
2021-09-20,18792.52734375,19706.830078125,19985.263671875,19706.830078125,19985.263671875,14127286
2021-09-21,18792.52734375,19706.830078125,19706.830078125,19706.830078125,19706.830078125,0
2021-09-22,18792.52734375,19706.830078125,19706.830078125,19706.830078125,19706.830078125,0
2021-09-23,18645.01953125,19552.146484375,19737.767578125,19428.3984375,19490.271484375,13211390
2021-09-24,18704.0234375,19614.01953125,19737.767578125,19614.01953125,19614.01953125,1025877164
2021-09-27,18291.0,19180.90234375,19737.767578125,19180.90234375,19675.89453125,12539055
2021-09-28,18261.49609375,19149.96484375,19211.83984375,18995.28125,19057.154296875,10870338
2021-09-29,17936.98046875,18809.66015625,19180.90234375,18778.72265625,19149.96484375,16616866
2021-09-30,17936.98046875,18809.66015625,19088.091796875,18809.66015625,18809.66015625,10855954
2021-10-01,17553.458984375,18407.478515625,18902.470703125,18376.54296875,18809.66015625,19546212
2021-10-04,16933.92578125,17757.802734375,18376.54296875,17757.802734375,18314.66796875,3261780282
2021-10-05,17405.951171875,18252.794921875,18283.73046875,17943.42578125,17943.42578125,14080739
2021-10-06,17405.951171875,18252.794921875,18252.794921875,18252.794921875,18252.794921875,0
2021-10-07,17317.447265625,18159.984375,18345.60546875,18098.109375,18190.919921875,12797645
2021-10-08,17317.447265625,18159.984375,18159.984375,18159.984375,18159.984375,0
2021-10-11,17317.447265625,18159.984375,18159.984375,18159.984375,18159.984375,0
2021-10-12,18172.9921875,19057.154296875,19490.271484375,19026.21875,19273.712890625,17480397
2021-10-13,18113.990234375,18995.28125,19366.5234375,18995.28125,19057.154296875,11334669
2021-10-14,18113.990234375,18995.28125,18995.28125,18995.28125,18995.28125,0
2021-10-15,18084.486328125,18964.34375,19149.96484375,18871.533203125,18995.28125,13326786
2021-10-18,18084.486328125,18964.34375,18964.34375,18964.34375,18964.34375,0
2021-10-19,17877.9765625,18747.78515625,18902.470703125,18685.912109375,18809.66015625,11185495
2021-10-20,17700.966796875,18562.1640625,18809.66015625,18283.73046875,18809.66015625,14972392
2021-10-21,17553.458984375,18407.478515625,18624.037109375,18407.478515625,18593.1015625,11907286
2021-10-22,17494.45703125,18345.60546875,18500.2890625,18345.60546875,18438.416015625,6907276
2021-10-25,17494.45703125,18345.60546875,18345.60546875,18345.60546875,18345.60546875,0
2021-10-26,17494.45703125,18345.60546875,18345.60546875,18345.60546875,18345.60546875,0
2021-10-27,17494.45703125,18345.60546875,18345.60546875,18345.60546875,18345.60546875,0
2021-10-28,18468.009765625,19366.5234375,19428.3984375,19180.90234375,19397.4609375,23267168
2021-10-29,18586.015625,19490.271484375,19644.95703125,19335.587890625,19490.271484375,21038603
2021-11-01,18586.015625,19490.271484375,19490.271484375,19490.271484375,19490.271484375,0
2021-11-02,19235.05078125,20170.884765625,20047.13671875,19830.578125,19923.388671875,19106123
2021-11-03,19471.064453125,20418.380859375,20573.064453125,20016.19921875,20109.01171875,3358541630
2021-11-04,19235.05078125,20170.884765625,20542.12890625,20139.947265625,20542.12890625,18380615
2021-11-05,19294.0546875,20232.7578125,20294.6328125,19923.388671875,20263.6953125,16955943
2021-11-08,19353.05859375,20294.6328125,20387.443359375,19799.640625,20232.7578125,18131722
2021-11-09,19441.5625,20387.443359375,20634.939453125,20263.6953125,20387.443359375,25199809
2021-11-10,19176.048828125,20109.01171875,20480.25390625,20109.01171875,20418.380859375,13758471
2021-11-11,18851.53125,19768.705078125,20109.01171875,19490.271484375,20047.13671875,22658996
2021-11-12,19294.0546875,20232.7578125,20232.7578125,19552.146484375,19644.95703125,17571065
2021-11-15,19176.048828125,20109.01171875,20511.19140625,19954.326171875,20418.380859375,15440118
2021-11-16,19117.044921875,20047.13671875,20263.6953125,19923.388671875,19985.263671875,14288581
2021-11-17,19028.541015625,19954.326171875,20109.01171875,19892.453125,20078.07421875,10866621
2021-11-18,18969.5390625,19892.453125,20109.01171875,19737.767578125,19954.326171875,16053300
2021-11-19,19353.05859375,20294.6328125,20542.12890625,19892.453125,19923.388671875,35042412
2021-11-22,20356.11328125,21346.48828125,21563.046875,20418.380859375,20449.31640625,45016087
2021-11-23,20120.099609375,21098.9921875,21315.55078125,20851.498046875,21315.55078125,15926429
2021-11-24,20887.142578125,21903.353515625,21903.353515625,21068.056640625,21160.8671875,41175371
2021-11-25,20739.6328125,21748.66796875,22150.849609375,21686.794921875,22150.849609375,23031528
2021-11-26,20238.10546875,21222.740234375,21934.291015625,21098.9921875,21779.60546875,24572242
2021-11-29,20208.60546875,21191.8046875,21470.236328125,20758.6875,20758.6875,22244766
2021-11-30,19795.58203125,20758.6875,21717.732421875,20604.001953125,21655.857421875,17887677
2021-12-01,20061.095703125,21037.119140625,21037.119140625,20573.064453125,20758.6875,14679376
2021-12-02,19943.08984375,20913.37109375,21501.173828125,20913.37109375,21284.615234375,12697118
2021-12-03,19471.064453125,20418.380859375,21160.8671875,20418.380859375,21160.8671875,15884085
2021-12-06,18940.03515625,19861.515625,20634.939453125,19552.146484375,20418.380859375,20769992
2021-12-07,19294.0546875,20232.7578125,20356.505859375,20016.19921875,20109.01171875,10213679
2021-12-08,19471.064453125,20418.380859375,20573.064453125,20232.7578125,20387.443359375,10335055
2021-12-09,19913.587890625,20882.43359375,20882.43359375,20356.505859375,20418.380859375,9605668
2021-12-10,19795.58203125,20758.6875,21160.8671875,20727.75,20913.37109375,9544576
2021-12-13,19766.08203125,20727.75,21098.9921875,20727.75,20975.24609375,13117974
2021-12-14,19584.740234375,20047.13671875,20449.31640625,20016.19921875,20418.380859375,11768778
2021-12-15,19494.0703125,19954.326171875,20232.7578125,19923.388671875,20047.13671875,8727269
2021-12-16,19645.1875,20109.01171875,20232.7578125,19923.388671875,20078.07421875,10789528
2021-12-17,19917.197265625,20387.443359375,20542.12890625,19985.263671875,20109.01171875,12989649
2021-12-20,19614.96484375,20078.07421875,20418.380859375,20047.13671875,20356.505859375,7950851
2021-12-21,19342.953125,19799.640625,20232.7578125,19799.640625,20047.13671875,11088200
2021-12-22,19131.388671875,19583.08203125,19954.326171875,19521.208984375,19954.326171875,15098940
2021-12-23,19463.845703125,19923.388671875,19923.388671875,19211.83984375,19614.01953125,14443089
2021-12-24,19886.97265625,20356.505859375,20418.380859375,19706.830078125,19768.705078125,10728759
2021-12-27,20189.20703125,20665.875,20696.8125,20325.5703125,20418.380859375,13102297
2021-12-28,20491.44140625,20975.24609375,21191.8046875,20665.875,20727.75,21959993
2021-12-29,20642.55859375,21129.9296875,21315.55078125,20975.24609375,21037.119140625,16527167
2021-12-30,20430.994140625,20913.37109375,21284.615234375,20913.37109375,21098.9921875,10164709
2021-12-31,20491.44140625,20975.24609375,21593.984375,20975.24609375,21037.119140625,21429559
2022-01-03,20491.44140625,20975.24609375,20975.24609375,20975.24609375,20975.24609375,0
2022-01-04,21005.23828125,21501.173828125,21624.919921875,21160.8671875,21315.55078125,19444877
2022-01-05,21005.23828125,21501.173828125,21779.60546875,21470.236328125,21655.857421875,16879174
2022-01-06,20551.888671875,21037.119140625,21377.42578125,20944.30859375,21346.48828125,18996384
2022-01-07,20068.314453125,20542.12890625,21315.55078125,20480.25390625,21037.119140625,20060807
2022-01-10,20128.76171875,20604.001953125,20820.560546875,20449.31640625,20604.001953125,13424727
2022-01-11,19947.421875,20418.380859375,20851.498046875,20263.6953125,20727.75,11412570
2022-01-12,20642.55859375,21129.9296875,21160.8671875,19954.326171875,20418.380859375,20657828
2022-01-13,21247.0234375,21748.66796875,22398.34375,21129.9296875,21284.615234375,56764017
2022-01-14,21428.365234375,21934.291015625,22150.849609375,21408.361328125,21655.857421875,14963503
2022-01-17,21156.35546875,21655.857421875,22738.650390625,21222.740234375,22027.1015625,44438461
2022-01-18,20884.345703125,21377.42578125,22058.037109375,21160.8671875,21470.236328125,24355026
2022-01-19,20430.994140625,20913.37109375,21748.66796875,20882.43359375,21593.984375,15744608
2022-01-20,21216.802734375,21717.732421875,21934.291015625,20480.25390625,20727.75,22262382
2022-01-21,21488.8125,21996.1640625,22583.966796875,21532.109375,21717.732421875,24929097
2022-01-24,21549.2578125,22058.037109375,22553.029296875,21872.416015625,21965.2265625,28243582
2022-01-25,22365.2890625,22893.3359375,22893.3359375,22027.1015625,22027.1015625,30467137
2022-01-26,22758.193359375,23295.515625,23635.822265625,22924.271484375,23202.705078125,35525976
2022-01-27,22304.841796875,22831.4609375,23295.515625,22707.712890625,22986.146484375,18974727
2022-01-28,22304.841796875,22831.4609375,23140.830078125,22707.712890625,22769.587890625,14105629
2022-01-31,22304.841796875,22831.4609375,22831.4609375,22831.4609375,22831.4609375,0
2022-02-01,22304.841796875,22831.4609375,22831.4609375,22831.4609375,22831.4609375,0
2022-02-02,22304.841796875,22831.4609375,22831.4609375,22831.4609375,22831.4609375,0
2022-02-03,22304.841796875,22831.4609375,22831.4609375,22831.4609375,22831.4609375,0
2022-02-04,22304.841796875,22831.4609375,22831.4609375,22831.4609375,22831.4609375,0
2022-02-07,21942.162109375,22460.21875,23140.830078125,22460.21875,23140.830078125,24054092
2022-02-08,22063.056640625,22583.966796875,22893.3359375,22305.533203125,22398.34375,14702650
2022-02-09,21972.384765625,22491.154296875,22955.208984375,22491.154296875,22583.966796875,14872026
2022-02-10,22214.171875,22738.650390625,22831.4609375,22336.470703125,22522.091796875,14528909
2022-02-11,22244.396484375,22769.587890625,23078.95703125,22769.587890625,22800.525390625,16819860
2022-02-14,20914.56640625,21408.361328125,22583.966796875,21408.361328125,22491.154296875,24434058
2022-02-15,20914.56640625,21408.361328125,21408.361328125,21408.361328125,21408.361328125,0
2022-02-16,20944.791015625,21439.298828125,21903.353515625,21377.42578125,21841.478515625,12700674
2022-02-17,21095.908203125,21593.984375,21748.66796875,21439.298828125,21501.173828125,9609224
2022-02-18,20914.56640625,21408.361328125,21624.919921875,21377.42578125,21439.298828125,13420525
2022-02-21,20793.67578125,21284.615234375,21563.046875,20913.37109375,21408.361328125,19424351
2022-02-22,20914.56640625,21408.361328125,21470.236328125,20882.43359375,21037.119140625,14551859
2022-02-23,21065.685546875,21563.046875,21748.66796875,21470.236328125,21593.984375,10875348
2022-02-24,20461.21875,20944.30859375,21470.236328125,20480.25390625,21408.361328125,26629977
2022-02-25,20461.21875,20944.30859375,21222.740234375,20851.498046875,21098.9921875,16505995
2022-02-28,20038.091796875,20511.19140625,20944.30859375,20511.19140625,20944.30859375,20559564
2022-03-01,20128.76171875,20604.001953125,20789.623046875,20511.19140625,20604.001953125,12504953
2022-03-02,19342.953125,19799.640625,20573.064453125,19737.767578125,20542.12890625,33008112
2022-03-03,19705.634765625,20170.884765625,20170.884765625,19830.578125,19861.515625,10573444
2022-03-04,19796.3046875,20263.6953125,20387.443359375,20047.13671875,20201.822265625,9590153
2022-03-07,19433.625,19892.453125,20109.01171875,19861.515625,19861.515625,16002552
2022-03-08,19373.17578125,19830.578125,20078.07421875,19768.705078125,19799.640625,11596169
2022-03-09,19342.953125,19799.640625,20016.19921875,19614.01953125,19861.515625,9265137
2022-03-10,19403.400390625,19861.515625,20232.7578125,19861.515625,20109.01171875,6158495
2022-03-11,19494.0703125,19954.326171875,20047.13671875,19830.578125,19861.515625,6033240
2022-03-14,19282.5078125,19737.767578125,20047.13671875,19675.89453125,19985.263671875,8052509
2022-03-15,19312.73046875,19768.705078125,19954.326171875,19706.830078125,19768.705078125,5952431
2022-03-16,19342.953125,19799.640625,20016.19921875,19799.640625,19954.326171875,7012652
2022-03-17,19766.080078125,20232.7578125,20387.443359375,19923.388671875,19985.263671875,13496648
2022-03-18,19826.52734375,20294.6328125,20542.12890625,20294.6328125,20356.505859375,6827113
2022-03-21,19856.751953125,20325.5703125,20387.443359375,20139.947265625,20294.6328125,5571494
2022-03-22,19947.421875,20418.380859375,20573.064453125,20294.6328125,20294.6328125,9844703
2022-03-23,19856.751953125,20325.5703125,20696.8125,20325.5703125,20418.380859375,6498218
2022-03-24,19675.41015625,20139.947265625,20356.505859375,20139.947265625,20294.6328125,7256858
2022-03-25,19463.845703125,19923.388671875,20232.7578125,19861.515625,20109.01171875,8978263
2022-03-28,19222.060546875,19675.89453125,20139.947265625,19675.89453125,19923.388671875,10312429
2022-03-29,19342.953125,19799.640625,19861.515625,19737.767578125,19799.640625,4820935
2022-03-30,19373.17578125,19830.578125,20139.947265625,19706.830078125,19737.767578125,8142692
2022-03-31,19614.96484375,20078.07421875,20170.884765625,19861.515625,19861.515625,7747695
2022-04-01,19977.642578125,20449.31640625,20511.19140625,20078.07421875,20109.01171875,13996213
2022-04-04,19856.751953125,20325.5703125,20665.875,20325.5703125,20665.875,10785649
2022-04-05,19554.515625,20016.19921875,20294.6328125,20016.19921875,20109.01171875,9818521
2022-04-06,19705.634765625,20170.884765625,20201.822265625,19861.515625,19861.515625,9333179
2022-04-07,19675.41015625,20139.947265625,20418.380859375,20016.19921875,20232.7578125,9826925
2022-04-08,19373.17578125,19830.578125,20139.947265625,19830.578125,20109.01171875,8616721
2022-04-11,19373.17578125,19830.578125,19830.578125,19830.578125,19830.578125,0
2022-04-12,18738.486328125,19180.90234375,19923.388671875,19180.90234375,19892.453125,9196126
2022-04-13,19040.71875,19490.271484375,19583.08203125,19304.650390625,19304.650390625,6767637
2022-04-14,18859.380859375,19304.650390625,19737.767578125,19273.712890625,19490.271484375,4734146
2022-04-15,18738.486328125,19180.90234375,19459.3359375,19119.029296875,19459.3359375,8200390
2022-04-18,17650.4453125,18067.171875,19119.029296875,18067.171875,19119.029296875,13582144
2022-04-19,17378.435546875,17788.740234375,18500.2890625,17788.740234375,18252.794921875,7494438
2022-04-20,17348.2109375,17757.802734375,18129.046875,17664.9921875,17788.740234375,6883841
2022-04-21,17529.552734375,17943.42578125,18252.794921875,17572.181640625,17695.9296875,8577125
2022-04-22,17771.337890625,18190.919921875,18314.66796875,17881.55078125,18221.857421875,5794367
2022-04-25,16532.181640625,16922.505859375,18159.984375,16922.505859375,18159.984375,10158729
2022-04-26,16713.521484375,17108.126953125,17170.001953125,15777.8388671875,16705.947265625,9660942
2022-04-27,17106.42578125,17510.30859375,17510.30859375,17015.31640625,17108.126953125,5464018
2022-04-28,17045.978515625,17448.43359375,17603.119140625,17293.75,17510.30859375,3349232
2022-04-29,16773.96875,17170.001953125,17541.244140625,17170.001953125,17231.875,9611810
2022-05-02,16773.96875,17170.001953125,17170.001953125,17170.001953125,17170.001953125,0
2022-05-03,16773.96875,17170.001953125,17170.001953125,17170.001953125,17170.001953125,0
2022-05-04,16320.6162109375,16705.947265625,17324.685546875,16644.07421875,17170.001953125,7442074
2022-05-05,16864.638671875,17262.8125,17262.8125,16705.947265625,16953.443359375,7441912
2022-05-06,16320.6162109375,16705.947265625,17262.8125,16705.947265625,16891.568359375,3774775
2022-05-09,15202.3525390625,15561.2802734375,16582.19921875,15561.2802734375,16520.326171875,8780441
2022-05-10,15232.576171875,15592.2177734375,15654.091796875,14849.7314453125,14849.7314453125,10496190
2022-05-11,16139.27734375,16520.326171875,16644.07421875,15592.2177734375,15685.0283203125,9159115
2022-05-12,15111.6826171875,15468.4697265625,16458.451171875,15375.6591796875,16118.1455078125,10296428
2022-05-13,14446.7685546875,14787.857421875,15561.2802734375,14540.361328125,15468.4697265625,12985124
2022-05-16,14839.6708984375,15190.037109375,15685.0283203125,15159.1005859375,15468.4697265625,8442011
2022-05-17,15867.2666015625,16241.8935546875,16241.8935546875,15097.2265625,15097.2265625,9550395
2022-05-18,16078.8291015625,16458.451171875,16860.6328125,16272.830078125,16427.515625,10386450
2022-05-19,15776.5966796875,16149.0830078125,16334.7041015625,15963.4609375,16087.208984375,6901296
2022-05-20,15655.703125,16025.3349609375,16365.6416015625,15994.3974609375,16149.0830078125,8164673
2022-05-23,15111.6826171875,15468.4697265625,16210.9560546875,15468.4697265625,16056.271484375,6802224
2022-05-24,15716.150390625,16087.208984375,16087.208984375,15468.4697265625,15468.4697265625,7190594
2022-05-25,16260.169921875,16644.07421875,16705.947265625,16087.208984375,16087.208984375,7276091
2022-05-26,16139.27734375,16520.326171875,16860.6328125,16427.515625,16860.6328125,6110171
2022-05-27,16320.6162109375,16705.947265625,16860.6328125,16520.326171875,16705.947265625,6350337
2022-05-30,16501.95703125,16891.568359375,16953.443359375,16705.947265625,16736.884765625,4555072
2022-05-31,16864.638671875,17262.8125,17293.75,16705.947265625,16736.884765625,9790076
2022-06-01,16773.96875,17170.001953125,17324.685546875,17015.31640625,17046.25390625,6686504
2022-06-02,16773.96875,17170.001953125,17170.001953125,17170.001953125,17170.001953125,0
2022-06-03,16562.404296875,16953.443359375,17077.19140625,16613.13671875,16953.443359375,3587135
2022-06-06,16441.509765625,16829.6953125,17170.001953125,16829.6953125,16953.443359375,6070574
2022-06-07,16562.404296875,16953.443359375,16953.443359375,16396.578125,16829.6953125,4669983
2022-06-08,16743.744140625,17139.064453125,17386.560546875,16891.568359375,16953.443359375,8619792
2022-06-09,16743.744140625,17139.064453125,17262.8125,17015.31640625,17262.8125,4161206
2022-06-10,16381.0634765625,16767.822265625,17077.19140625,16767.822265625,17015.31640625,5004373
2022-06-13,15262.798828125,15623.154296875,16458.451171875,15623.154296875,16396.578125,11162383
2022-06-14,15262.798828125,15623.154296875,15932.5244140625,15282.8486328125,15468.4697265625,4633134
2022-06-15,14809.4482421875,15159.1005859375,15715.9658203125,14880.66796875,15468.4697265625,5180538
2022-06-16,14930.3427734375,15282.8486328125,15592.2177734375,15159.1005859375,15344.7216796875,3582610
2022-06-17,14235.205078125,14571.298828125,14942.5419921875,14261.9296875,14849.7314453125,5093910
2022-06-20,13660.9609375,13983.4970703125,14756.919921875,13983.4970703125,14478.4873046875,7650886
2022-06-21,13932.9716796875,14261.9296875,14571.298828125,13921.623046875,13921.623046875,7415730
2022-06-22,14265.427734375,14602.2353515625,14849.7314453125,14447.55078125,14447.55078125,4480889
2022-06-23,15262.798828125,15623.154296875,15623.154296875,14540.361328125,14540.361328125,7546156
2022-06-24,14960.56640625,15313.78515625,15777.8388671875,15282.8486328125,15623.154296875,4759682
2022-06-27,15474.36328125,15839.712890625,15870.650390625,15282.8486328125,15313.78515625,6299588
2022-06-28,16139.27734375,16520.326171875,16922.505859375,15437.533203125,15777.8388671875,14291975
2022-06-29,16229.947265625,16613.13671875,16705.947265625,16427.515625,16427.515625,6091585
2022-06-30,15806.8203125,16180.01953125,16675.009765625,16149.0830078125,16582.19921875,4843400
2022-07-01,16290.3916015625,16675.009765625,16705.947265625,15808.7763671875,16210.9560546875,5712265
2022-07-04,16078.8291015625,16458.451171875,16798.7578125,16458.451171875,16798.7578125,6479632
2022-07-05,16320.6162109375,16705.947265625,17015.31640625,16427.515625,16427.515625,7975740
2022-07-06,15625.4794921875,15994.3974609375,16644.07421875,15963.4609375,16241.8935546875,6806426
2022-07-07,15897.490234375,16272.830078125,16582.19921875,15963.4609375,16025.3349609375,5387572
2022-07-08,15655.703125,16025.3349609375,16489.388671875,15932.5244140625,16396.578125,4291471
2022-07-11,15413.916015625,15777.8388671875,15994.3974609375,15746.90234375,15994.3974609375,3931061
2022-07-12,15413.916015625,15777.8388671875,15777.8388671875,15777.8388671875,15777.8388671875,0
2022-07-13,16048.607421875,16427.515625,16675.009765625,15932.5244140625,15932.5244140625,6252880
2022-07-14,16320.6162109375,16705.947265625,16829.6953125,16272.830078125,16396.578125,8504881
2022-07-15,16320.6162109375,16705.947265625,17015.31640625,16705.947265625,16829.6953125,11352609
2022-07-18,16260.169921875,16644.07421875,16829.6953125,16644.07421875,16767.822265625,5618687
2022-07-19,16048.607421875,16427.515625,16644.07421875,16272.830078125,16551.263671875,4368402
2022-07-20,16350.83984375,16736.884765625,16922.505859375,16458.451171875,16675.009765625,6976126
2022-07-21,16622.8515625,17015.31640625,17015.31640625,16736.884765625,16736.884765625,7797636
2022-07-22,16260.169921875,16644.07421875,17108.126953125,16644.07421875,17077.19140625,5257468
2022-07-25,16078.8291015625,16458.451171875,16767.822265625,16458.451171875,16551.263671875,3588105
2022-07-26,16048.607421875,16427.515625,16644.07421875,16396.578125,16613.13671875,3500669
2022-07-27,16320.6162109375,16705.947265625,16705.947265625,16241.8935546875,16334.7041015625,2582996
2022-07-28,16683.298828125,17077.19140625,17448.43359375,16705.947265625,16829.6953125,14864430
2022-07-29,16441.509765625,16829.6953125,17324.685546875,16829.6953125,17170.001953125,8831998
2022-08-01,17348.2109375,17757.802734375,17757.802734375,17046.25390625,17046.25390625,13960495
2022-08-02,17287.765625,17695.9296875,17912.48828125,17541.244140625,17695.9296875,7386962
2022-08-03,17589.998046875,18005.298828125,18098.109375,17510.30859375,17572.181640625,9924866
2022-08-04,17438.880859375,17850.61328125,18129.046875,17788.740234375,18067.171875,8470294
2022-08-05,17529.552734375,17943.42578125,18005.298828125,17757.802734375,17881.55078125,4774712
2022-08-08,17529.552734375,17943.42578125,18098.109375,17850.61328125,17974.361328125,5045263
2022-08-09,17408.66015625,17819.677734375,18005.298828125,17726.8671875,17974.361328125,5669274
2022-08-10,17197.095703125,17603.119140625,17850.61328125,17541.244140625,17695.9296875,5922531
2022-08-11,17227.318359375,17634.0546875,17943.42578125,17572.181640625,17788.740234375,6990672
2022-08-12,17317.990234375,17726.8671875,17757.802734375,17572.181640625,17664.9921875,2943891
2022-08-15,17801.5625,18221.857421875,18221.857421875,17819.677734375,17850.61328125,10061111
2022-08-16,17650.4453125,18067.171875,18252.794921875,18005.298828125,18221.857421875,6199061
2022-08-17,17589.998046875,18005.298828125,18221.857421875,18005.298828125,18129.046875,5918652
2022-08-18,17378.435546875,17788.740234375,18036.236328125,17788.740234375,18005.298828125,5889237
2022-08-19,17076.201171875,17479.37109375,17974.361328125,17448.43359375,17726.8671875,7918850
2022-08-22,16925.083984375,17324.685546875,17572.181640625,17231.875,17479.37109375,8952566
2022-08-23,16925.083984375,17324.685546875,17417.49609375,17108.126953125,17200.939453125,6921337
2022-08-24,17045.978515625,17448.43359375,17664.9921875,17417.49609375,17541.244140625,5055283
2022-08-25,17348.2109375,17757.802734375,17757.802734375,17386.560546875,17541.244140625,6740485
2022-08-26,17197.095703125,17603.119140625,17881.55078125,17541.244140625,17881.55078125,6328518
2022-08-29,16864.638671875,17262.8125,17448.43359375,17077.19140625,17417.49609375,6658544
2022-08-30,17166.87109375,17572.181640625,17664.9921875,17262.8125,17262.8125,5810852
2022-08-31,17076.201171875,17479.37109375,17634.0546875,17262.8125,17510.30859375,3354080
2022-09-01,17076.201171875,17479.37109375,17479.37109375,17479.37109375,17479.37109375,0
2022-09-02,17076.201171875,17479.37109375,17479.37109375,17479.37109375,17479.37109375,0
2022-09-05,16894.86328125,17293.75,17541.244140625,17262.8125,17479.37109375,2837707
2022-09-06,17076.201171875,17479.37109375,17726.8671875,17262.8125,17262.8125,4881542
2022-09-07,16532.181640625,16922.505859375,17572.181640625,16922.505859375,17479.37109375,6880932
2022-09-08,16229.947265625,16613.13671875,17077.19140625,16613.13671875,17015.31640625,5913804
2022-09-09,16229.947265625,16613.13671875,16829.6953125,16303.767578125,16675.009765625,2942113
2022-09-12,16350.83984375,16736.884765625,16860.6328125,16705.947265625,16705.947265625,2592208
2022-09-13,16622.8515625,17015.31640625,17108.126953125,16736.884765625,16767.822265625,3893242
2022-09-14,16320.6162109375,16705.947265625,16829.6953125,16644.07421875,16705.947265625,3415334
2022-09-15,16260.169921875,16644.07421875,16891.568359375,16644.07421875,16705.947265625,2060804
2022-09-16,15837.04296875,16210.9560546875,16644.07421875,16210.9560546875,16458.451171875,3205553
2022-09-19,15413.916015625,15777.8388671875,16180.01953125,15623.154296875,16056.271484375,3794169
2022-09-20,15716.150390625,16087.208984375,16087.208984375,15839.712890625,15839.712890625,3234321
2022-09-21,15444.1396484375,15808.7763671875,16056.271484375,15777.8388671875,16025.3349609375,2021693
2022-09-22,15353.4697265625,15715.9658203125,15839.712890625,15468.4697265625,15654.091796875,5182962
2022-09-23,15111.6826171875,15468.4697265625,15839.712890625,15468.4697265625,15715.9658203125,2566672
2022-09-26,14204.98046875,14540.361328125,15282.8486328125,14385.6767578125,15282.8486328125,10412309
2022-09-27,14174.7578125,14509.4248046875,14787.857421875,14416.6142578125,14540.361328125,3954495
2022-09-28,14084.087890625,14416.6142578125,14695.0458984375,14416.6142578125,14478.4873046875,4387635
2022-09-29,13660.9609375,13983.4970703125,14787.857421875,13983.4970703125,14571.298828125,5523170
2022-09-30,14023.6416015625,14354.740234375,14385.6767578125,13890.685546875,14014.43359375,8690743
2022-10-03,13056.4931640625,13364.7578125,14230.9921875,13364.7578125,14045.37109375,9196772
2022-10-04,12542.6962890625,12838.830078125,14045.37109375,12684.1455078125,13612.25390625,9108366
2022-10-05,13298.28125,13612.25390625,13736.0009765625,13179.13671875,13179.13671875,6909700
2022-10-06,12935.599609375,13241.009765625,13766.9384765625,13148.19921875,13612.25390625,6878831
2022-10-07,12059.123046875,12343.8388671875,13179.13671875,12343.8388671875,13179.13671875,13546265
2022-10-10,12512.47265625,12807.892578125,12962.578125,12065.40625,12189.154296875,7956830
2022-10-11,11968.453125,12251.0283203125,12838.830078125,12065.40625,12807.892578125,8876443
2022-10-12,12784.4833984375,13086.3251953125,13086.3251953125,12312.90234375,12374.7763671875,7627128
2022-10-13,13540.0673828125,13859.7490234375,13859.7490234375,13086.3251953125,13179.13671875,10090526
2022-10-14,13721.408203125,14045.37109375,14200.0556640625,13890.685546875,14138.181640625,9151196
2022-10-17,13630.7373046875,13952.5595703125,14076.3076171875,13550.3798828125,13983.4970703125,7620824
2022-10-18,13902.7470703125,14230.9921875,14478.4873046875,14138.181640625,14169.1181640625,6295709
2022-10-19,14023.6416015625,14354.740234375,14447.55078125,13952.5595703125,14230.9921875,6651918
2022-10-20,14053.8642578125,14385.6767578125,14664.109375,14014.43359375,14354.740234375,6268396
2022-10-21,13086.7177734375,13395.6953125,14385.6767578125,13395.6953125,14385.6767578125,10761568
2022-10-24,12693.8134765625,12993.5146484375,13612.25390625,12869.7666015625,13426.6318359375,7992063
2022-10-25,13570.2900390625,13890.685546875,13890.685546875,12962.578125,13117.2626953125,13972455
2022-10-26,13540.0673828125,13859.7490234375,14354.740234375,13828.8125,13890.685546875,5575212
2022-10-27,14476.9912109375,14818.7939453125,14818.7939453125,13921.623046875,14076.3076171875,12938577
2022-10-28,14537.4384765625,14880.66796875,15406.595703125,14849.7314453125,15035.3525390625,12333960
2022-10-31,14869.8955078125,15220.974609375,15251.9111328125,14447.55078125,15035.3525390625,16358276
2022-11-01,14779.224609375,15128.1630859375,15746.90234375,15097.2265625,15282.8486328125,14273389
2022-11-02,14507.21484375,14849.7314453125,15190.037109375,14756.919921875,14880.66796875,8711753
2022-11-03,14265.427734375,14602.2353515625,14911.6044921875,14540.361328125,14571.298828125,12103976
2022-11-04,14809.4482421875,15159.1005859375,15159.1005859375,13612.25390625,14478.4873046875,22557176
2022-11-07,14114.310546875,14447.55078125,15159.1005859375,14261.9296875,15035.3525390625,11366832
2022-11-08,14416.5439453125,14756.919921875,14942.5419921875,14230.9921875,14230.9921875,10140951
2022-11-09,14779.224609375,15128.1630859375,15375.6591796875,14849.7314453125,14911.6044921875,16499207
2022-11-10,13751.630859375,14076.3076171875,15035.3525390625,14076.3076171875,14911.6044921875,15553089
2022-11-11,14265.427734375,14602.2353515625,15035.3525390625,14478.4873046875,14695.0458984375,15823316
2022-11-14,14446.7685546875,14787.857421875,15066.2900390625,14076.3076171875,14354.740234375,14602123
2022-11-15,14144.5341796875,14478.4873046875,14787.857421875,13766.9384765625,14602.2353515625,17281605
2022-11-16,14990.7890625,15344.7216796875,15406.595703125,13766.9384765625,13797.875,21057674
2022-11-17,15111.6826171875,15468.4697265625,15963.4609375,15251.9111328125,15468.4697265625,18872907
2022-11-18,14930.3427734375,15282.8486328125,15468.4697265625,14540.361328125,15190.037109375,18773996
2022-11-21,14567.6611328125,14911.6044921875,15344.7216796875,14911.6044921875,15282.8486328125,9180449
2022-11-22,14446.7685546875,14787.857421875,15406.595703125,14540.361328125,14787.857421875,12363698
2022-11-23,14749.001953125,15097.2265625,15313.78515625,14725.9833984375,14787.857421875,9568334
2022-11-24,14869.8955078125,15220.974609375,15220.974609375,14725.9833984375,15004.416015625,6693777
2022-11-25,15595.2568359375,15963.4609375,15963.4609375,15251.9111328125,15406.595703125,22892859
2022-11-28,16501.95703125,16891.568359375,16984.380859375,16149.0830078125,16149.0830078125,17924203
2022-11-29,16562.404296875,16953.443359375,16953.443359375,16149.0830078125,16705.947265625,15635677
2022-11-30,16471.734375,16860.6328125,17324.685546875,16489.388671875,16736.884765625,10302893
2022-12-01,15806.8203125,16180.01953125,17139.064453125,16087.208984375,16922.505859375,17399426
2022-12-02,16894.86328125,17293.75,17293.75,16118.1455078125,16272.830078125,14452786
2022-12-05,17287.765625,17695.9296875,17695.9296875,17200.939453125,17634.0546875,12424467
2022-12-06,16320.6162109375,16705.947265625,17695.9296875,16613.13671875,17386.560546875,12383092
2022-12-07,16532.181640625,16922.505859375,17200.939453125,16551.263671875,16644.07421875,6625251
2022-12-08,16804.193359375,17200.939453125,17881.55078125,16953.443359375,17077.19140625,8537851
2022-12-09,16955.30859375,17355.623046875,17355.623046875,16736.884765625,17200.939453125,8064469
2022-12-12,16592.62890625,16984.380859375,17448.43359375,16984.380859375,17324.685546875,6224112
2022-12-13,17015.75390625,17417.49609375,17448.43359375,16767.822265625,16891.568359375,6322861
2022-12-14,16864.638671875,17262.8125,17603.119140625,17231.875,17572.181640625,3915868
2022-12-15,17076.201171875,17479.37109375,17479.37109375,17262.8125,17262.8125,5704022
2022-12-16,16955.30859375,17355.623046875,17479.37109375,17170.001953125,17170.001953125,5204296
2022-12-19,16653.07421875,17046.25390625,17634.0546875,17046.25390625,17324.685546875,8350696
2022-12-20,16925.083984375,17324.685546875,17324.685546875,16458.451171875,17046.25390625,10632596
2022-12-21,16622.8515625,17015.31640625,17324.685546875,16705.947265625,17324.685546875,4948291
2022-12-22,16683.298828125,17077.19140625,17417.49609375,17015.31640625,17015.31640625,5407774
2022-12-23,16713.521484375,17108.126953125,17293.75,16891.568359375,17015.31640625,4560082
2022-12-26,15746.373046875,16118.1455078125,17139.064453125,16087.208984375,17108.126953125,4782147
2022-12-27,16078.8291015625,16458.451171875,16551.263671875,16087.208984375,16149.0830078125,4190621
2022-12-28,16411.28515625,16798.7578125,16829.6953125,16272.830078125,16458.451171875,3054924
2022-12-29,16320.6162109375,16705.947265625,17015.31640625,16644.07421875,16767.822265625,2776777
2022-12-30,16471.734375,16860.6328125,16922.505859375,16551.263671875,16705.947265625,2253131
2023-01-02,16471.734375,16860.6328125,16860.6328125,16860.6328125,16860.6328125,0
2023-01-03,16925.083984375,17324.685546875,17324.685546875,16860.6328125,16922.505859375,5619818
2023-01-04,17227.318359375,17634.0546875,17881.55078125,17262.8125,17324.685546875,9347563
2023-01-05,17227.318359375,17634.0546875,17788.740234375,17479.37109375,17634.0546875,3415496
2023-01-06,17287.765625,17695.9296875,18098.109375,17355.623046875,17634.0546875,10885368
2023-01-09,17589.998046875,18005.298828125,18005.298828125,17757.802734375,17757.802734375,6871397
2023-01-10,17257.541015625,17664.9921875,18067.171875,17664.9921875,18067.171875,4937948
2023-01-11,17589.998046875,18005.298828125,18036.236328125,17695.9296875,17695.9296875,5535777
2023-01-12,17469.10546875,17881.55078125,18067.171875,17788.740234375,18005.298828125,3994415
2023-01-13,17589.998046875,18005.298828125,18067.171875,17572.181640625,18005.298828125,4807198
2023-01-16,18134.01953125,18562.1640625,18562.1640625,17881.55078125,18005.298828125,8639348
2023-01-17,18496.69921875,18933.40625,18964.34375,18624.037109375,18624.037109375,5617717
2023-01-18,18587.37109375,19026.21875,19088.091796875,18809.66015625,18933.40625,5179406
2023-01-19,18798.93359375,19242.77734375,19242.77734375,18654.974609375,18995.28125,8094530
2023-01-20,18798.93359375,19242.77734375,19242.77734375,19242.77734375,19242.77734375,0
2023-01-23,18798.93359375,19242.77734375,19242.77734375,19242.77734375,19242.77734375,0
2023-01-24,18798.93359375,19242.77734375,19242.77734375,19242.77734375,19242.77734375,0
2023-01-25,18798.93359375,19242.77734375,19242.77734375,19242.77734375,19242.77734375,0
2023-01-26,18798.93359375,19242.77734375,19242.77734375,19242.77734375,19242.77734375,0
2023-01-27,18345.583984375,18778.72265625,19335.587890625,18685.912109375,19242.77734375,5537393
2023-01-30,17982.90234375,18407.478515625,18654.974609375,18376.54296875,18562.1640625,6043745
2023-01-31,18436.251953125,18871.533203125,18871.533203125,18252.794921875,18376.54296875,5572626
2023-02-01,17529.552734375,17943.42578125,18964.34375,17634.0546875,18871.533203125,7023965
2023-02-02,17650.4453125,18067.171875,18221.857421875,17757.802734375,17943.42578125,5080819
2023-02-03,17559.775390625,17974.361328125,18190.919921875,17974.361328125,18067.171875,5846247
2023-02-06,18073.572265625,18500.2890625,18500.2890625,17664.9921875,17819.677734375,4250582
2023-02-07,17650.4453125,18067.171875,18685.912109375,18036.236328125,18438.416015625,5260216
2023-02-08,18073.572265625,18500.2890625,18685.912109375,18067.171875,18098.109375,5104577
2023-02-09,17771.337890625,18190.919921875,18685.912109375,18190.919921875,18500.2890625,4362584
2023-02-10,17589.998046875,18005.298828125,18438.416015625,18005.298828125,18190.919921875,3399334
2023-02-13,17620.22265625,18036.236328125,18129.046875,17819.677734375,17850.61328125,3448304
2023-02-14,17348.2109375,17757.802734375,18190.919921875,17757.802734375,18129.046875,2831889
2023-02-15,17469.10546875,17881.55078125,18159.984375,17695.9296875,17757.802734375,2381780
2023-02-16,17952.6796875,18376.54296875,18531.2265625,17912.48828125,17974.361328125,4688731
2023-02-17,17922.45703125,18345.60546875,18500.2890625,18190.919921875,18376.54296875,3615580
2023-02-20,18406.029296875,18840.595703125,18840.595703125,18376.54296875,18469.353515625,7392295
2023-02-21,18043.349609375,18469.353515625,18871.533203125,18469.353515625,18809.66015625,4776328
2023-02-22,17469.10546875,17881.55078125,18376.54296875,17881.55078125,18314.66796875,6375549
2023-02-23,17529.552734375,17943.42578125,17943.42578125,17510.30859375,17634.0546875,6599230
2023-02-24,17076.201171875,17479.37109375,17881.55078125,17479.37109375,17881.55078125,3536548
2023-02-27,16653.07421875,17046.25390625,17448.43359375,16984.380859375,17448.43359375,2826394
2023-02-28,16562.404296875,16953.443359375,17324.685546875,16953.443359375,17200.939453125,2061613
2023-03-01,17076.201171875,17479.37109375,17479.37109375,16767.822265625,16922.505859375,3504871
2023-03-02,16804.193359375,17200.939453125,17541.244140625,17170.001953125,17510.30859375,2957467
2023-03-03,16804.193359375,17200.939453125,17324.685546875,16984.380859375,17324.685546875,2825263
2023-03-06,17136.6484375,17541.244140625,17788.740234375,17231.875,17231.875,5161467
2023-03-07,17529.552734375,17943.42578125,17943.42578125,17541.244140625,17541.244140625,4658831
2023-03-08,17771.337890625,18190.919921875,18252.794921875,17603.119140625,17634.0546875,5521716
2023-03-09,17771.337890625,18190.919921875,18376.54296875,18098.109375,18190.919921875,3820028
2023-03-10,17650.4453125,18067.171875,18098.109375,17757.802734375,18098.109375,2608532
2023-03-13,17710.892578125,18129.046875,18190.919921875,17695.9296875,17726.8671875,3005145
2023-03-14,17529.552734375,17943.42578125,18098.109375,17541.244140625,18098.109375,3464790
2023-03-15,17831.787109375,18252.794921875,18314.66796875,17974.361328125,18129.046875,4519354
2023-03-16,17499.328125,17912.48828125,18067.171875,17634.0546875,17943.42578125,3475780
2023-03-17,17529.552734375,17943.42578125,18129.046875,17819.677734375,17974.361328125,1837447
2023-03-20,16925.083984375,17324.685546875,17912.48828125,17324.685546875,17912.48828125,2604329
2023-03-21,17106.42578125,17510.30859375,17695.9296875,17324.685546875,17695.9296875,1707182
2023-03-22,17227.318359375,17634.0546875,17757.802734375,17448.43359375,17603.119140625,2229535
2023-03-23,17348.2109375,17757.802734375,17757.802734375,17386.560546875,17448.43359375,2595764
2023-03-24,17227.318359375,17634.0546875,17850.61328125,17510.30859375,17757.802734375,4103670
2023-03-27,17378.435546875,17788.740234375,17881.55078125,17510.30859375,17634.0546875,2250869
2023-03-28,17469.10546875,17881.55078125,17943.42578125,17788.740234375,17788.740234375,3068338
2023-03-29,17529.552734375,17943.42578125,17974.361328125,17819.677734375,17819.677734375,2794878
2023-03-30,17529.552734375,17943.42578125,18067.171875,17819.677734375,18005.298828125,2337496
2023-03-31,17650.4453125,18067.171875,18067.171875,17757.802734375,17881.55078125,3768633
2023-04-03,18103.794921875,18531.2265625,18593.1015625,18190.919921875,18252.794921875,6032109
2023-04-04,17922.45703125,18345.60546875,18531.2265625,18283.73046875,18531.2265625,3588105
2023-04-05,18134.01953125,18562.1640625,18624.037109375,18159.984375,18345.60546875,5557918
2023-04-06,17862.0078125,18283.73046875,18562.1640625,18283.73046875,18562.1640625,3119733
2023-04-07,17831.787109375,18252.794921875,18283.73046875,18129.046875,18252.794921875,2491519
2023-04-10,17741.1171875,18159.984375,18376.54296875,18129.046875,18252.794921875,2989145
2023-04-11,17892.232421875,18314.66796875,18314.66796875,18067.171875,18221.857421875,1875104
2023-04-12,17831.787109375,18252.794921875,18376.54296875,18190.919921875,18376.54296875,2218706
2023-04-13,17771.337890625,18190.919921875,18252.794921875,18005.298828125,18190.919921875,2118664
2023-04-14,17589.998046875,18005.298828125,18252.794921875,18005.298828125,18221.857421875,2444327
2023-04-17,17650.4453125,18067.171875,18129.046875,17819.677734375,18005.298828125,2098300
2023-04-18,17589.998046875,18005.298828125,18129.046875,17943.42578125,18067.171875,1902579
2023-04-19,17348.2109375,17757.802734375,18036.236328125,17726.8671875,17974.361328125,2607400
2023-04-20,17378.435546875,17788.740234375,17788.740234375,17572.181640625,17726.8671875,2146947
2023-04-21,17287.765625,17695.9296875,17788.740234375,17634.0546875,17634.0546875,1512593
2023-04-24,17469.10546875,17881.55078125,18067.171875,17448.43359375,17664.9921875,4287592
2023-04-25,17227.318359375,17634.0546875,17943.42578125,17634.0546875,17943.42578125,2069694
2023-04-26,17166.87109375,17572.181640625,17819.677734375,17293.75,17634.0546875,6111464
2023-04-27,17136.6484375,17541.244140625,17757.802734375,17541.244140625,17572.181640625,3197310
2023-04-28,17438.880859375,17850.61328125,17850.61328125,17634.0546875,17634.0546875,7072289
2023-05-01,17438.880859375,17850.61328125,17850.61328125,17850.61328125,17850.61328125,0
2023-05-02,17438.880859375,17850.61328125,17850.61328125,17850.61328125,17850.61328125,0
2023-05-03,17438.880859375,17850.61328125,17850.61328125,17850.61328125,17850.61328125,0
2023-05-04,17076.201171875,17479.37109375,17695.9296875,17448.43359375,17695.9296875,3385758
2023-05-05,16834.4140625,17231.875,17510.30859375,17200.939453125,17479.37109375,6012876
2023-05-08,16864.638671875,17262.8125,17355.623046875,17231.875,17324.685546875,5320338
2023-05-09,16925.083984375,17324.685546875,17479.37109375,17324.685546875,17355.623046875,4637498
2023-05-10,17076.201171875,17479.37109375,17479.37109375,17293.75,17355.623046875,8960485
2023-05-11,17136.6484375,17541.244140625,17603.119140625,17479.37109375,17572.181640625,4813501
2023-05-12,17166.87109375,17572.181640625,17572.181640625,17417.49609375,17541.244140625,6247870
2023-05-15,16985.533203125,17386.560546875,17726.8671875,17386.560546875,17634.0546875,11042624
2023-05-16,16894.86328125,17293.75,17479.37109375,17293.75,17448.43359375,4909826
2023-05-17,16622.8515625,17015.31640625,17386.560546875,17015.31640625,17324.685546875,8472557
2023-05-18,16773.96875,17170.001953125,17262.8125,17015.31640625,17139.064453125,7506721
2023-05-19,16925.083984375,17324.685546875,17448.43359375,17108.126953125,17262.8125,3370242
2023-05-22,16894.86328125,17293.75,17448.43359375,17293.75,17324.685546875,4957019
2023-05-23,16864.638671875,17262.8125,17386.560546875,17139.064453125,17386.560546875,6543148
2023-05-24,16864.638671875,17262.8125,17262.8125,17262.8125,17262.8125,0
2023-05-25,16683.298828125,17077.19140625,17200.939453125,17046.25390625,17108.126953125,5009706
2023-05-26,16804.193359375,17200.939453125,17200.939453125,17015.31640625,17077.19140625,2879890
2023-05-29,16925.083984375,17324.685546875,17417.49609375,17200.939453125,17200.939453125,4623760
2023-05-30,16955.30859375,17355.623046875,17417.49609375,17262.8125,17386.560546875,4764692
2023-05-31,16925.083984375,17324.685546875,17355.623046875,17200.939453125,17355.623046875,4387796
2023-06-01,16894.86328125,17293.75,17386.560546875,17231.875,17324.685546875,3871100
2023-06-02,17317.990234375,17726.8671875,17788.740234375,17324.685546875,17355.623046875,14435655
2023-06-05,17378.435546875,17788.740234375,17974.361328125,17726.8671875,17881.55078125,7185261
2023-06-06,17348.2109375,17757.802734375,17943.42578125,17695.9296875,17850.61328125,8576478
2023-06-07,17469.10546875,17881.55078125,18067.171875,17788.740234375,17850.61328125,10257478
2023-06-08,17257.541015625,17664.9921875,17943.42578125,17664.9921875,17881.55078125,8348757
2023-06-09,17136.6484375,17541.244140625,17726.8671875,17386.560546875,17664.9921875,9876542
2023-06-12,17166.87109375,17572.181640625,17603.119140625,17231.875,17572.181640625,9106265
2023-06-13,17106.42578125,17510.30859375,17603.119140625,17448.43359375,17541.244140625,5193144
2023-06-14,17348.2109375,17757.802734375,18067.171875,17603.119140625,17603.119140625,13613660
2023-06-15,17529.552734375,17943.42578125,18159.984375,17757.802734375,17757.802734375,11610068
2023-06-16,17227.318359375,17634.0546875,18067.171875,17634.0546875,17974.361328125,12012661
2023-06-19,17287.765625,17695.9296875,17850.61328125,17664.9921875,17664.9921875,5502645
2023-06-20,17650.4453125,18067.171875,18067.171875,17664.9921875,17726.8671875,4495596
2023-06-21,17620.22265625,18036.236328125,18129.046875,17850.61328125,18005.298828125,7386315
2023-06-22,17620.22265625,18036.236328125,18036.236328125,18036.236328125,18036.236328125,0
2023-06-23,17680.66796875,18098.109375,18283.73046875,18036.236328125,18252.794921875,8054610
2023-06-26,17680.66796875,18098.109375,18221.857421875,17881.55078125,17974.361328125,10443987
2023-06-27,17741.1171875,18159.984375,18159.984375,17943.42578125,18129.046875,5908955
2023-06-28,18134.01953125,18562.1640625,18685.912109375,18159.984375,18190.919921875,13950798
2023-06-29,18073.572265625,18500.2890625,18624.037109375,18252.794921875,18562.1640625,8406132
2023-06-30,17831.787109375,18252.794921875,18407.478515625,18159.984375,18376.54296875,9053739
2023-07-03,17680.66796875,18098.109375,18314.66796875,18067.171875,18252.794921875,5138517
2023-07-04,17801.5625,18221.857421875,18252.794921875,17974.361328125,18036.236328125,8251462
2023-07-05,17862.0078125,18283.73046875,18376.54296875,18159.984375,18283.73046875,5812630
2023-07-06,17741.1171875,18159.984375,18314.66796875,17850.61328125,18283.73046875,10252145
2023-07-07,17892.232421875,18314.66796875,18314.66796875,17974.361328125,18098.109375,6325124
2023-07-10,17952.6796875,18376.54296875,18438.416015625,18252.794921875,18407.478515625,11252405
2023-07-11,18315.359375,18747.78515625,18933.40625,18531.2265625,18531.2265625,23448990
2023-07-12,18134.01953125,18562.1640625,18809.66015625,18438.416015625,18747.78515625,10204306
2023-07-13,18134.01953125,18562.1640625,18685.912109375,18469.353515625,18685.912109375,8570175
2023-07-14,18073.572265625,18500.2890625,18685.912109375,18190.919921875,18562.1640625,12876192
2023-07-17,17952.6796875,18376.54296875,18531.2265625,18283.73046875,18500.2890625,10637283
2023-07-18,18043.349609375,18469.353515625,18562.1640625,18376.54296875,18376.54296875,7387446
2023-07-19,18073.572265625,18500.2890625,18593.1015625,18252.794921875,18562.1640625,10893773
2023-07-20,17922.45703125,18345.60546875,18500.2890625,18283.73046875,18500.2890625,7424457
2023-07-21,17952.6796875,18376.54296875,18438.416015625,18252.794921875,18345.60546875,8949495
2023-07-24,18043.349609375,18469.353515625,18624.037109375,18407.478515625,18500.2890625,8346656
2023-07-25,18073.572265625,18500.2890625,18747.78515625,18469.353515625,18531.2265625,9845673
2023-07-26,18013.125,18438.416015625,18593.1015625,18376.54296875,18531.2265625,8960323
2023-07-27,17741.1171875,18159.984375,18500.2890625,18129.046875,18469.353515625,12802656
2023-07-28,17831.787109375,18252.794921875,18252.794921875,18129.046875,18190.919921875,8436193
2023-07-31,18134.01953125,18562.1640625,18562.1640625,18314.66796875,18500.2890625,9318795
2023-08-01,18375.806640625,18809.66015625,19057.154296875,18624.037109375,18685.912109375,23020538
2023-08-02,18768.7109375,19211.83984375,19273.712890625,18871.533203125,18871.533203125,21559016
2023-08-03,18678.041015625,19119.029296875,19242.77734375,18995.28125,19149.96484375,13055589
2023-08-04,18738.486328125,19180.90234375,19180.90234375,18964.34375,19180.90234375,12214039
2023-08-07,19705.634765625,20170.884765625,20170.884765625,19335.587890625,19459.3359375,21013552
2023-08-08,19705.634765625,20170.884765625,20325.5703125,19985.263671875,20325.5703125,14165589
2023-08-09,19645.1875,20109.01171875,20170.884765625,19830.578125,20109.01171875,12952315
2023-08-10,19131.388671875,19583.08203125,20201.822265625,19552.146484375,20109.01171875,12922577
2023-08-11,19403.400390625,19861.515625,19892.453125,19366.5234375,19644.95703125,11166262
2023-08-14,19524.294921875,19985.263671875,20047.13671875,19614.01953125,19861.515625,10295297
2023-08-15,19584.740234375,20047.13671875,20047.13671875,19830.578125,19985.263671875,8469809
2023-08-16,19554.515625,20016.19921875,20232.7578125,19737.767578125,19923.388671875,10299176
2023-08-17,19705.634765625,20170.884765625,20356.505859375,19954.326171875,20047.13671875,15778225
2023-08-18,18557.146484375,18995.28125,20078.07421875,18995.28125,19985.263671875,22135673
2023-08-21,19342.953125,19799.640625,19985.263671875,18933.40625,19119.029296875,16022108
2023-08-22,19070.943359375,19521.208984375,19830.578125,19119.029296875,19799.640625,9365987
2023-08-23,18919.826171875,19366.5234375,19644.95703125,19211.83984375,19583.08203125,7074713
2023-08-24,19191.837890625,19644.95703125,19737.767578125,19242.77734375,19490.271484375,8140591
2023-08-25,18829.15625,19273.712890625,19644.95703125,19211.83984375,19644.95703125,13942555
2023-08-28,18829.15625,19273.712890625,19366.5234375,19180.90234375,19211.83984375,8745693
2023-08-29,18889.603515625,19335.587890625,19675.89453125,19335.587890625,19428.3984375,6022573
2023-08-30,19403.400390625,19861.515625,19861.515625,19459.3359375,19459.3359375,11952054
2023-08-31,19614.96484375,20078.07421875,20170.884765625,19892.453125,19892.453125,8521851
2023-09-01,19614.96484375,20078.07421875,20078.07421875,20078.07421875,20078.07421875,0
2023-09-04,19614.96484375,20078.07421875,20078.07421875,20078.07421875,20078.07421875,0
2023-09-05,19735.857421875,20201.822265625,20418.380859375,20109.01171875,20109.01171875,9646396
2023-09-06,19735.857421875,20201.822265625,20263.6953125,19954.326171875,20232.7578125,7214514
2023-09-07,19735.857421875,20201.822265625,20604.001953125,20201.822265625,20232.7578125,12563459
2023-09-08,19524.294921875,19985.263671875,20232.7578125,19985.263671875,20232.7578125,5938531
2023-09-11,19282.5078125,19737.767578125,20263.6953125,19675.89453125,20109.01171875,12109310
2023-09-12,19524.294921875,19985.263671875,19985.263671875,19644.95703125,19799.640625,6350175
2023-09-13,19675.41015625,20139.947265625,20263.6953125,19768.705078125,19985.263671875,12928557
2023-09-14,20068.314453125,20542.12890625,20820.560546875,20263.6953125,20263.6953125,22829019
2023-09-15,19796.3046875,20263.6953125,20727.75,20201.822265625,20480.25390625,10480674
2023-09-18,19373.17578125,19830.578125,20263.6953125,19675.89453125,20263.6953125,14059406
2023-09-19,19403.400390625,19861.515625,19954.326171875,19521.208984375,19830.578125,7892183
2023-09-20,19373.17578125,19830.578125,20016.19921875,19644.95703125,19861.515625,10779023
2023-09-21,19161.61328125,19614.01953125,19892.453125,19614.01953125,19861.515625,9692781
2023-09-22,19131.388671875,19583.08203125,19644.95703125,19180.90234375,19490.271484375,13288321
2023-09-25,18013.125,18438.416015625,19614.01953125,18438.416015625,19459.3359375,10863065
2023-09-26,18315.359375,18747.78515625,19088.091796875,18407.478515625,18500.2890625,8494376
2023-09-27,18738.486328125,19180.90234375,19180.90234375,18562.1640625,18809.66015625,5896025
2023-09-28,18647.81640625,19088.091796875,19180.90234375,17850.61328125,18995.28125,12726533
2023-09-29,18164.244140625,18593.1015625,19211.83984375,18593.1015625,18902.470703125,8647752
2023-10-02,18103.794921875,18531.2265625,18778.72265625,17293.75,18624.037109375,8621893
2023-10-03,17589.998046875,18005.298828125,18252.794921875,17788.740234375,18252.794921875,12452912
2023-10-04,17469.10546875,17881.55078125,18005.298828125,17695.9296875,17757.802734375,4973342
2023-10-05,16985.533203125,17386.560546875,18036.236328125,17386.560546875,17974.361328125,7894284
2023-10-06,17348.2109375,17757.802734375,17788.740234375,17231.875,17634.0546875,5098274
2023-10-09,17620.22265625,18036.236328125,18067.171875,17726.8671875,17726.8671875,3073833
2023-10-10,17710.892578125,18129.046875,18283.73046875,18067.171875,18159.984375,4800733
2023-10-11,17831.787109375,18252.794921875,18252.794921875,17974.361328125,18129.046875,2843526
2023-10-12,17892.232421875,18314.66796875,18407.478515625,18159.984375,18376.54296875,3381717
2023-10-13,17710.892578125,18129.046875,18314.66796875,17943.42578125,18129.046875,2355598
2023-10-16,17408.66015625,17819.677734375,18129.046875,17819.677734375,18098.109375,3273109
2023-10-17,17287.765625,17695.9296875,18036.236328125,17695.9296875,17943.42578125,2667361
2023-10-18,17136.6484375,17541.244140625,17819.677734375,17355.623046875,17695.9296875,3435052
2023-10-19,17287.765625,17695.9296875,17695.9296875,17324.685546875,17541.244140625,2925628
2023-10-20,17771.337890625,18190.919921875,18407.478515625,17262.8125,17603.119140625,5821519
2023-10-23,17710.892578125,18129.046875,18190.919921875,17819.677734375,18190.919921875,2565541
2023-10-24,17831.787109375,18252.794921875,18252.794921875,17974.361328125,18129.046875,3988597
2023-10-25,17529.552734375,17943.42578125,18252.794921875,17912.48828125,18129.046875,2826717
2023-10-26,17136.6484375,17541.244140625,17664.9921875,17046.25390625,17541.244140625,9655124
2023-10-27,17045.978515625,17448.43359375,17603.119140625,17170.001953125,17541.244140625,4688569
2023-10-30,16713.521484375,17108.126953125,17448.43359375,17108.126953125,17108.126953125,2796818
2023-10-31,16743.744140625,17139.064453125,17324.685546875,17077.19140625,17170.001953125,4579153
2023-11-01,16562.404296875,16953.443359375,17200.939453125,16891.568359375,17200.939453125,4911765
2023-11-02,17076.201171875,17479.37109375,17634.0546875,17077.19140625,17077.19140625,3833443
2023-11-03,16925.083984375,17324.685546875,17603.119140625,17324.685546875,17572.181640625,5752993
2023-11-06,17257.541015625,17664.9921875,17757.802734375,17541.244140625,17541.244140625,3777684
2023-11-07,17257.541015625,17664.9921875,17757.802734375,17510.30859375,17572.181640625,3681036
2023-11-08,17680.66796875,18098.109375,18098.109375,17479.37109375,17695.9296875,4743197
2023-11-09,17831.787109375,18252.794921875,18407.478515625,18067.171875,18159.984375,7445629
2023-11-10,17771.337890625,18190.919921875,18190.919921875,17912.48828125,18098.109375,5620627
2023-11-13,17771.337890625,18190.919921875,18283.73046875,18067.171875,18129.046875,5057869
2023-11-14,18013.125,18438.416015625,18624.037109375,18314.66796875,18469.353515625,6032432
2023-11-15,18254.9140625,18685.912109375,18933.40625,18624.037109375,18624.037109375,8684116
2023-11-16,18285.134765625,18716.84765625,18747.78515625,18500.2890625,18531.2265625,3626893
2023-11-17,17952.6796875,18376.54296875,18747.78515625,18221.857421875,18685.912109375,6919074
2023-11-20,17862.0078125,18283.73046875,18407.478515625,18005.298828125,18067.171875,3505033
2023-11-21,17771.337890625,18190.919921875,18469.353515625,18190.919921875,18469.353515625,2970073
2023-11-22,17892.232421875,18314.66796875,18376.54296875,18159.984375,18252.794921875,2989953
2023-11-23,17650.4453125,18067.171875,18407.478515625,18067.171875,18407.478515625,3092742
2023-11-24,17892.232421875,18314.66796875,18314.66796875,17757.802734375,18067.171875,4991443
2023-11-27,17771.337890625,18190.919921875,18345.60546875,18005.298828125,18345.60546875,2313900
2023-11-28,17710.892578125,18129.046875,18129.046875,17850.61328125,18129.046875,3343575
2023-11-29,17771.337890625,18190.919921875,18283.73046875,18067.171875,18129.046875,4120963
2023-11-30,17764.091796875,18183.50390625,18460.060546875,18079.796875,18183.50390625,3835328
2023-12-01,17764.091796875,18183.50390625,18287.212890625,17976.087890625,18287.212890625,2838637
2023-12-04,17932.953125,18356.3515625,18390.921875,18148.935546875,18287.212890625,11047486
2023-12-05,17899.18359375,18321.783203125,18460.060546875,18321.783203125,18390.921875,3687220
2023-12-06,18000.498046875,18425.490234375,18460.060546875,18321.783203125,18321.783203125,4636614
2023-12-07,18169.357421875,18598.337890625,18736.615234375,18356.3515625,18494.62890625,8181513
2023-12-08,18169.357421875,18598.337890625,18736.615234375,18460.060546875,18667.4765625,5378889
2023-12-11,18135.5859375,18563.767578125,18702.044921875,18460.060546875,18632.90625,3186488
2023-12-12,18236.90234375,18667.4765625,18667.4765625,18460.060546875,18598.337890625,4839829
2023-12-13,18068.04296875,18494.62890625,18909.462890625,18460.060546875,18771.18359375,5250018
2023-12-14,18068.04296875,18494.62890625,18632.90625,18287.212890625,18632.90625,5602642
2023-12-15,18034.271484375,18460.060546875,18563.767578125,18218.07421875,18321.783203125,5741059
2023-12-18,17595.234375,18010.658203125,18460.060546875,18010.658203125,18321.783203125,5548982
2023-12-19,17899.18359375,18321.783203125,18321.783203125,17941.51953125,18045.2265625,3338646
2023-12-20,17932.953125,18356.3515625,18390.921875,18114.365234375,18183.50390625,3454355
2023-12-21,17932.953125,18356.3515625,18390.921875,18148.935546875,18252.642578125,3733504
2023-12-22,17865.41015625,18287.212890625,18390.921875,18218.07421875,18321.783203125,3137456
2023-12-25,18169.357421875,18598.337890625,18598.337890625,18321.783203125,18356.3515625,5906234
2023-12-26,18101.814453125,18529.19921875,18632.90625,18529.19921875,18563.767578125,4697651
2023-12-27,18135.5859375,18563.767578125,18598.337890625,18494.62890625,18529.19921875,4351970
2023-12-28,18304.4453125,18736.615234375,18736.615234375,18494.62890625,18563.767578125,4315521
2023-12-29,18304.4453125,18736.615234375,18909.462890625,18736.615234375,18805.75390625,6732832
2024-01-01,18304.4453125,18736.615234375,18736.615234375,18736.615234375,18736.615234375,0
2024-01-02,18371.990234375,18805.75390625,18840.32421875,18702.044921875,18771.18359375,4773007
2024-01-03,18642.166015625,19082.30859375,19082.30859375,18702.044921875,18805.75390625,4517868
2024-01-04,19317.607421875,19773.697265625,20395.947265625,19047.740234375,19116.87890625,21251597
2024-01-05,19587.783203125,20050.251953125,20153.9609375,19842.8359375,19877.40625,12677685
2024-01-08,19959.27734375,20430.515625,20603.36328125,20084.822265625,20395.947265625,17520552
2024-01-09,20263.224609375,20741.640625,20845.34765625,20257.66796875,20465.0859375,20757663
2024-01-10,20938.6640625,21433.02734375,21536.736328125,20637.931640625,20741.640625,20140499
2024-01-11,20938.6640625,21433.02734375,21778.72265625,21018.1953125,21502.16796875,14096426
2024-01-12,21276.38671875,21778.72265625,22020.708984375,21156.47265625,21294.75,24855073
2024-01-15,21208.841796875,21709.583984375,21917.0,21433.02734375,21813.291015625,10054701
2024-01-16,21208.841796875,21709.583984375,21709.583984375,21294.75,21467.59765625,10764433
2024-01-17,21039.98046875,21536.736328125,21778.72265625,21433.02734375,21467.59765625,9748216
2024-01-18,21276.38671875,21778.72265625,21847.861328125,21363.888671875,21536.736328125,12788766
2024-01-19,22019.37109375,22539.25,22539.25,21744.15234375,21917.0,20405763
2024-01-22,22053.142578125,22573.818359375,22573.818359375,22089.84765625,22504.6796875,12554166
2024-01-23,21749.1953125,22262.693359375,22677.52734375,22055.27734375,22573.818359375,13213998
2024-01-24,21614.10546875,22124.416015625,22400.970703125,22055.27734375,22089.84765625,7228502
2024-01-25,21614.10546875,22124.416015625,22124.416015625,22124.416015625,22124.416015625,0
2024-01-26,21681.650390625,22193.5546875,22297.263671875,22089.84765625,22193.5546875,5317419
2024-01-29,21816.73828125,22331.83203125,22642.95703125,22124.416015625,22193.5546875,8498556
2024-01-30,21749.1953125,22262.693359375,22435.541015625,22158.986328125,22366.40234375,5412156
2024-01-31,21343.931640625,21847.861328125,22470.109375,21640.4453125,22435.541015625,17248057
2024-02-01,21647.87890625,22158.986328125,22193.5546875,21744.15234375,21744.15234375,7414215
2024-02-02,21647.87890625,22158.986328125,22158.986328125,22158.986328125,22158.986328125,0
2024-02-05,22897.443359375,23438.052734375,23438.052734375,21951.568359375,21951.568359375,31356777
2024-02-06,23235.1640625,23783.748046875,23818.31640625,23403.484375,23507.19140625,12504700
2024-02-07,23978.1484375,24544.2734375,25097.384765625,23783.748046875,23783.748046875,19575115
2024-02-08,23978.1484375,24544.2734375,24544.2734375,24544.2734375,24544.2734375,0
2024-02-09,23978.1484375,24544.2734375,24544.2734375,24544.2734375,24544.2734375,0
2024-02-12,23978.1484375,24544.2734375,24544.2734375,24544.2734375,24544.2734375,0
2024-02-13,23978.1484375,24544.2734375,24544.2734375,24544.2734375,24544.2734375,0
2024-02-14,23978.1484375,24544.2734375,24544.2734375,24544.2734375,24544.2734375,0
2024-02-15,23640.4296875,24198.580078125,24751.69140625,24198.580078125,24613.4140625,12799903
2024-02-16,23809.2890625,24371.427734375,24405.99609375,23956.59375,24405.99609375,10854830
2024-02-19,23910.603515625,24475.134765625,24544.2734375,23852.88671875,24267.71875,15443571
2024-02-20,23775.515625,24336.857421875,24613.4140625,23991.1640625,24405.99609375,9881716
2024-02-21,24011.921875,24578.84375,25028.24609375,24233.150390625,24371.427734375,15030055
2024-02-22,24113.23828125,24682.552734375,24717.12109375,24371.427734375,24682.552734375,10205557
2024-02-23,23775.515625,24336.857421875,25685.064453125,24198.580078125,24751.69140625,37262867
2024-02-26,24079.466796875,24647.982421875,24786.259765625,24267.71875,24336.857421875,9244881
2024-02-27,24417.185546875,24993.67578125,25097.384765625,24509.705078125,24682.552734375,13112752
2024-02-28,24282.09765625,24855.3984375,25201.09375,24647.982421875,25166.5234375,14188270
2024-02-29,24011.921875,24578.84375,25097.384765625,24336.857421875,25028.24609375,18510734
2024-03-01,24045.6953125,24613.4140625,24682.552734375,24198.580078125,24682.552734375,13277204
2024-03-04,24315.869140625,24889.96875,25512.216796875,24302.2890625,24613.4140625,25412069
2024-03-05,24619.818359375,25201.09375,25201.09375,24717.12109375,24889.96875,10671721
2024-03-06,24383.4140625,24959.107421875,25546.787109375,24647.982421875,25166.5234375,16076211
2024-03-07,24180.78125,24751.69140625,24924.537109375,24509.705078125,24889.96875,12847923
2024-03-08,23302.708984375,23852.88671875,24786.259765625,23852.88671875,24751.69140625,30125341
2024-03-11,23066.3046875,23610.900390625,24025.732421875,23438.052734375,23852.88671875,11343268
2024-03-12,23302.708984375,23852.88671875,23922.025390625,23472.623046875,23507.19140625,9778300
2024-03-13,23741.744140625,24302.2890625,24302.2890625,23645.470703125,23922.025390625,8883289
2024-03-14,23268.935546875,23818.31640625,24336.857421875,23645.470703125,24336.857421875,10139169
2024-03-15,23471.568359375,24025.732421875,24475.134765625,23472.623046875,23783.748046875,13865586
2024-03-18,22492.1796875,23023.220703125,24198.580078125,22366.40234375,24025.732421875,16470057
2024-03-19,22492.1796875,23023.220703125,23368.9140625,22781.234375,23092.359375,10340937
2024-03-20,23201.392578125,23749.177734375,23852.88671875,22815.8046875,22954.08203125,13718635
2024-03-21,23572.884765625,24129.44140625,24129.44140625,23541.76171875,23922.025390625,13144138
2024-03-22,24113.23828125,24682.552734375,25166.5234375,24198.580078125,24267.71875,23081106
2024-03-25,23437.796875,23991.1640625,24682.552734375,23852.88671875,24544.2734375,13851845
2024-03-26,23775.515625,24336.857421875,24475.134765625,23956.59375,24025.732421875,5498070
2024-03-27,23978.1484375,24544.2734375,24544.2734375,24060.302734375,24198.580078125,7328157
2024-03-28,24147.0078125,24717.12109375,24820.830078125,24405.99609375,24820.830078125,10170121
2024-03-29,24011.921875,24578.84375,24717.12109375,24302.2890625,24717.12109375,6494327
2024-04-01,23640.4296875,24198.580078125,24475.134765625,24025.732421875,24475.134765625,11452613
2024-04-02,23640.4296875,24198.580078125,24336.857421875,23576.33203125,23852.88671875,10094187
2024-04-03,22998.759765625,23541.76171875,24198.580078125,23438.052734375,24129.44140625,13175235
2024-04-04,22661.041015625,23196.068359375,23714.609375,23161.498046875,23645.470703125,10275706
2024-04-05,22424.634765625,22954.08203125,23230.63671875,22884.943359375,22954.08203125,14223850
2024-04-08,22627.267578125,23161.498046875,23680.0390625,22781.234375,23023.220703125,17367816
2024-04-09,23133.84765625,23680.0390625,23680.0390625,23196.068359375,23438.052734375,7576787
2024-04-10,22728.5859375,23265.20703125,23749.177734375,23265.20703125,23749.177734375,6221542
2024-04-11,22762.353515625,23299.775390625,23299.775390625,22988.650390625,23023.220703125,6045375
2024-04-12,24248.326171875,24820.830078125,24924.537109375,23265.20703125,23368.9140625,34387637
2024-04-15,22593.49609375,23126.9296875,25097.384765625,23092.359375,24751.69140625,42367960
2024-04-16,22998.759765625,23541.76171875,23541.76171875,22677.52734375,23438.052734375,22294716
2024-04-17,22086.916015625,22608.388671875,23680.0390625,22573.818359375,23680.0390625,27619368
2024-04-18,22086.916015625,22608.388671875,22608.388671875,22608.388671875,22608.388671875,0
2024-04-19,21343.931640625,21847.861328125,22642.95703125,21605.875,22193.5546875,18861333
2024-04-22,21816.73828125,22331.83203125,22400.970703125,21917.0,22158.986328125,11235514
2024-04-23,21276.38671875,21778.72265625,22470.109375,21536.736328125,22297.263671875,15460493
2024-04-24,22255.775390625,22781.234375,22781.234375,21917.0,22124.416015625,13035806
2024-04-25,22289.546875,22815.8046875,22815.8046875,22297.263671875,22712.095703125,7034834
2024-04-26,22154.4609375,22677.52734375,22919.51171875,22228.125,22504.6796875,12978096
2024-04-29,22154.4609375,22677.52734375,22677.52734375,22677.52734375,22677.52734375,0
2024-04-30,22154.4609375,22677.52734375,22677.52734375,22677.52734375,22677.52734375,0
2024-05-01,22154.4609375,22677.52734375,22677.52734375,22677.52734375,22677.52734375,0
2024-05-02,21850.509765625,22366.40234375,22677.52734375,22124.416015625,22677.52734375,9200333
2024-05-03,21884.28125,22400.970703125,22712.095703125,22228.125,22435.541015625,8910336
2024-05-06,22424.634765625,22954.08203125,22988.650390625,22366.40234375,22539.25,11031721
2024-05-07,22154.4609375,22677.52734375,22988.650390625,22677.52734375,22954.08203125,7147506
2024-05-08,22019.37109375,22539.25,22815.8046875,22366.40234375,22573.818359375,12146580
2024-05-09,22222.00390625,22746.666015625,23092.359375,22435.541015625,22677.52734375,10409061
2024-05-10,22188.23046875,22712.095703125,22919.51171875,22504.6796875,22919.51171875,6735291
2024-05-13,21816.73828125,22331.83203125,22712.095703125,22297.263671875,22712.095703125,10130346
2024-05-14,21816.73828125,22331.83203125,22608.388671875,22297.263671875,22400.970703125,8163144
2024-05-15,21850.509765625,22366.40234375,22815.8046875,22297.263671875,22435.541015625,11467945
2024-05-16,22424.634765625,22954.08203125,23299.775390625,22504.6796875,22677.52734375,20529282
2024-05-17,22357.08984375,22884.943359375,23092.359375,22746.666015625,23057.791015625,8603707
2024-05-20,22525.953125,23057.791015625,23438.052734375,22850.373046875,23023.220703125,17570886
2024-05-21,22728.5859375,23265.20703125,23576.33203125,23057.791015625,23126.9296875,8792602
2024-05-22,22289.546875,22815.8046875,23438.052734375,22608.388671875,23403.484375,16839892
2024-05-23,22458.40625,22988.650390625,22988.650390625,22539.25,22781.234375,8061320
2024-05-24,21951.826171875,22470.109375,23438.052734375,22331.83203125,22884.943359375,20135726
2024-05-27,21884.28125,22400.970703125,22608.388671875,22193.5546875,22608.388671875,11885511
2024-05-28,21749.1953125,22262.693359375,22470.109375,21917.0,22435.541015625,35704553
2024-05-29,21377.701171875,21882.4296875,22262.693359375,21882.4296875,22262.693359375,22609446
2024-05-30,21479.017578125,21986.138671875,22193.5546875,21675.013671875,21675.013671875,13910568
2024-05-31,21546.5625,22055.27734375,22262.693359375,21986.138671875,21986.138671875,8953149
2024-06-03,21546.5625,22055.27734375,22055.27734375,22055.27734375,22055.27734375,0
2024-06-04,22154.4609375,22677.52734375,22781.234375,22435.541015625,22608.388671875,12790068
2024-06-05,21884.28125,22400.970703125,22781.234375,22400.970703125,22746.666015625,12125608
2024-06-06,22019.37109375,22539.25,22608.388671875,22366.40234375,22470.109375,10756767
2024-06-07,22154.4609375,22677.52734375,22746.666015625,22573.818359375,22677.52734375,6229786
2024-06-10,22627.267578125,23161.498046875,23472.623046875,22746.666015625,22781.234375,19259807
2024-06-11,22424.634765625,22954.08203125,23472.623046875,22919.51171875,23472.623046875,15497086
2024-06-12,22627.267578125,23161.498046875,23265.20703125,22712.095703125,22988.650390625,10979797
2024-06-13,22897.443359375,23438.052734375,23610.900390625,23161.498046875,23507.19140625,20259101
2024-06-14,22154.4609375,22677.52734375,23472.623046875,22677.52734375,23438.052734375,15085306
2024-06-17,22120.6875,22642.95703125,22781.234375,22331.83203125,22677.52734375,12175363
2024-06-18,21850.509765625,22366.40234375,22712.095703125,22366.40234375,22642.95703125,11204128
2024-06-19,21951.826171875,22470.109375,22504.6796875,22089.84765625,22400.970703125,9696725
2024-06-20,21749.1953125,22262.693359375,22504.6796875,22124.416015625,22331.83203125,10188345
2024-06-21,21749.1953125,22262.693359375,22435.541015625,22228.125,22400.970703125,7091676
2024-06-24,21377.701171875,21882.4296875,22366.40234375,21813.291015625,22262.693359375,12206025
2024-06-25,21343.931640625,21847.861328125,22055.27734375,21744.15234375,22055.27734375,7829756
2024-06-26,21141.298828125,21640.4453125,21882.4296875,21467.59765625,21847.861328125,9482808
2024-06-27,21141.298828125,21640.4453125,21709.583984375,21536.736328125,21640.4453125,5907825
2024-06-28,20938.6640625,21433.02734375,21744.15234375,21433.02734375,21640.4453125,6539887
2024-07-01,21614.10546875,22124.416015625,22124.416015625,21329.3203125,21329.3203125,5676407
2024-07-02,21816.73828125,22331.83203125,22366.40234375,22055.27734375,22124.416015625,7408575
2024-07-03,21850.509765625,22366.40234375,22470.109375,22158.986328125,22366.40234375,4796293
2024-07-04,21816.73828125,22331.83203125,22470.109375,22158.986328125,22400.970703125,3654387
2024-07-05,22086.916015625,22608.388671875,22712.095703125,22193.5546875,22366.40234375,8085185
2024-07-08,22019.37109375,22539.25,22642.95703125,22331.83203125,22642.95703125,5570967
2024-07-09,22086.916015625,22608.388671875,22677.52734375,22400.970703125,22539.25,6843913
2024-07-10,21884.28125,22400.970703125,22712.095703125,22400.970703125,22608.388671875,7528912
2024-07-11,21749.1953125,22262.693359375,22539.25,22262.693359375,22470.109375,5593675
2024-07-12,21614.10546875,22124.416015625,22331.83203125,22055.27734375,22262.693359375,5603221
2024-07-15,21681.650390625,22193.5546875,22262.693359375,22124.416015625,22158.986328125,3545042
2024-07-16,21951.826171875,22470.109375,22712.095703125,22193.5546875,22228.125,9530249
2024-07-17,22289.546875,22815.8046875,23368.9140625,22504.6796875,22608.388671875,32685843
2024-07-18,22593.49609375,23126.9296875,23126.9296875,22642.95703125,23023.220703125,11731473
2024-07-19,22559.72265625,23092.359375,23368.9140625,22642.95703125,22988.650390625,14677141
2024-07-22,22728.5859375,23265.20703125,23576.33203125,22919.51171875,22954.08203125,22951077
2024-07-23,21884.28125,22400.970703125,23299.775390625,22158.986328125,23299.775390625,14211556
2024-07-24,21749.1953125,22262.693359375,22470.109375,21917.0,22366.40234375,14921143
2024-07-25,21310.158203125,21813.291015625,22124.416015625,21709.583984375,22124.416015625,8831509
2024-07-26,21647.87890625,22158.986328125,22228.125,21813.291015625,21813.291015625,4745670
2024-07-29,21681.650390625,22193.5546875,22366.40234375,22193.5546875,22228.125,4512950
2024-07-30,21614.10546875,22124.416015625,22193.5546875,21986.138671875,22124.416015625,6196665
2024-07-31,21614.10546875,22124.416015625,22331.83203125,21986.138671875,22124.416015625,9462703
2024-08-01,21242.61328125,21744.15234375,22435.541015625,21640.4453125,22124.416015625,12744074
2024-08-02,21310.158203125,21813.291015625,21813.291015625,20914.48828125,21467.59765625,15054498
2024-08-05,20364.541015625,20845.34765625,21398.458984375,20741.640625,21363.888671875,15375592
2024-08-06,20634.716796875,21121.904296875,21156.47265625,20707.0703125,21087.333984375,7045392
2024-08-07,20398.314453125,20879.91796875,21191.04296875,20776.208984375,21191.04296875,5629979
2024-08-08,20398.314453125,20879.91796875,21052.765625,20776.208984375,20879.91796875,7456015
2024-08-09,21276.38671875,21778.72265625,21778.72265625,20983.626953125,20983.626953125,10384762
2024-08-12,21411.47265625,21917.0,21951.568359375,21571.306640625,21813.291015625,4414742
2024-08-13,21512.791015625,22020.708984375,22020.708984375,21675.013671875,22020.708984375,5444699
2024-08-14,21479.017578125,21986.138671875,22124.416015625,21847.861328125,22020.708984375,6751635
2024-08-15,21512.791015625,22020.708984375,22089.84765625,21744.15234375,21986.138671875,6395540
2024-08-16,21951.826171875,22470.109375,22470.109375,21986.138671875,22020.708984375,11362794
2024-08-19,22053.142578125,22573.818359375,22608.388671875,22366.40234375,22470.109375,8480187
2024-08-20,22424.634765625,22954.08203125,23057.791015625,22539.25,22573.818359375,15571719
2024-08-21,23100.078125,23645.470703125,23645.470703125,22815.8046875,22988.650390625,39746277
2024-08-22,23370.251953125,23922.025390625,24198.580078125,23714.609375,23749.177734375,16612234
2024-08-23,23606.658203125,24164.01171875,24164.01171875,23610.900390625,23783.748046875,14262324
2024-08-26,23370.251953125,23922.025390625,24198.580078125,23783.748046875,24198.580078125,13862548
2024-08-27,23539.11328125,24094.873046875,24198.580078125,23680.0390625,23922.025390625,16919732
2024-08-28,23572.884765625,24129.44140625,24164.01171875,23852.88671875,24129.44140625,8589822
2024-08-29,23640.4296875,24198.580078125,24440.56640625,23852.88671875,24164.01171875,18124699
2024-08-30,23674.201171875,24233.150390625,24267.71875,23956.59375,24198.580078125,11750420
2024-09-02,23674.201171875,24233.150390625,24233.150390625,24233.150390625,24233.150390625,0
2024-09-03,23674.201171875,24233.150390625,24233.150390625,24233.150390625,24233.150390625,0
2024-09-04,23843.060546875,24405.99609375,24405.99609375,23818.31640625,23922.025390625,15109894
2024-09-05,23640.4296875,24198.580078125,24544.2734375,23922.025390625,24336.857421875,12300473
2024-09-06,23978.1484375,24544.2734375,24544.2734375,23922.025390625,24060.302734375,13244805
2024-09-09,23944.376953125,24509.705078125,24509.705078125,24198.580078125,24336.857421875,7775084
2024-09-10,23606.658203125,24164.01171875,24578.84375,24060.302734375,24475.134765625,10810282
2024-09-11,23606.658203125,24164.01171875,24267.71875,23818.31640625,24164.01171875,7946767
2024-09-12,23640.4296875,24198.580078125,24371.427734375,23991.1640625,24371.427734375,7231250
2024-09-13,23572.884765625,24129.44140625,24198.580078125,23956.59375,24060.302734375,4975209
2024-09-16,23404.0234375,23956.59375,24164.01171875,23852.88671875,24164.01171875,8404542
2024-09-17,23606.658203125,24164.01171875,24164.01171875,23749.177734375,23887.455078125,7564637
2024-09-18,24113.23828125,24682.552734375,25097.384765625,24060.302734375,24164.01171875,25293467
2024-09-19,24315.869140625,24889.96875,25028.24609375,24613.4140625,24717.12109375,8440267
2024-09-20,24315.869140625,24889.96875,25339.37109375,24855.3984375,24924.537109375,19040393
2024-09-23,24248.326171875,24820.830078125,25097.384765625,24647.982421875,24855.3984375,6422298
2024-09-24,24349.640625,24924.537109375,25028.24609375,24647.982421875,24820.830078125,8022123
2024-09-25,24315.869140625,24889.96875,25304.80078125,24889.96875,25235.662109375,14171203
2024-09-26,24586.044921875,25166.5234375,25201.09375,24509.705078125,24889.96875,33020821
2024-09-27,24991.310546875,25581.35546875,25961.619140625,25201.09375,25201.09375,22589052
2024-09-30,24957.5390625,25546.787109375,25719.634765625,25339.37109375,25512.216796875,7004026
2024-10-01,24653.58984375,25235.662109375,25650.49609375,25131.955078125,25546.787109375,17812139
2024-10-02,24315.869140625,24889.96875,25201.09375,24855.3984375,24993.67578125,16303291
2024-10-03,24450.958984375,25028.24609375,25408.509765625,24820.830078125,24889.96875,13178706
2024-10-04,24045.6953125,24613.4140625,24993.67578125,24613.4140625,24993.67578125,12360063
2024-10-07,24180.78125,24751.69140625,24855.3984375,24544.2734375,24820.830078125,7663858
2024-10-08,24147.0078125,24717.12109375,24993.67578125,24578.84375,24751.69140625,9601988
2024-10-09,24383.4140625,24959.107421875,25304.80078125,24682.552734375,24751.69140625,13224846
2024-10-10,24417.185546875,24993.67578125,25339.37109375,24924.537109375,25201.09375,9005073
2024-10-11,24484.73046875,25062.814453125,25097.384765625,24751.69140625,25062.814453125,6100481
2024-10-14,24349.640625,24924.537109375,25201.09375,24924.537109375,25166.5234375,5845487
2024-10-15,24417.185546875,24993.67578125,25443.078125,24959.107421875,25062.814453125,15312964
2024-10-16,24518.501953125,25097.384765625,25201.09375,24820.830078125,24959.107421875,5464804
2024-10-17,24687.361328125,25270.232421875,25270.232421875,24924.537109375,25235.662109375,8968480
2024-10-18,24484.73046875,25062.814453125,25512.216796875,25062.814453125,25443.078125,10203243
2024-10-21,23978.1484375,24544.2734375,25131.955078125,24544.2734375,24959.107421875,11921091
2024-10-22,23640.4296875,24198.580078125,24647.982421875,24060.302734375,24544.2734375,13767956
2024-10-23,23674.201171875,24233.150390625,24302.2890625,24025.732421875,24198.580078125,6492013
2024-10-24,23539.11328125,24094.873046875,24302.2890625,23541.76171875,24198.580078125,9265274
2024-10-25,23370.251953125,23922.025390625,24060.302734375,23852.88671875,24025.732421875,6433869
2024-10-28,23437.796875,23991.1640625,24060.302734375,23887.455078125,23956.59375,3309429
2024-10-29,23606.658203125,24164.01171875,24164.01171875,23991.1640625,23991.1640625,4179997
2024-10-30,23471.568359375,24025.732421875,24198.580078125,23852.88671875,24129.44140625,3798735
2024-10-31,24113.23828125,24682.552734375,24717.12109375,24060.302734375,24129.44140625,12150196
2024-11-01,24045.6953125,24613.4140625,24855.3984375,24544.2734375,24578.84375,11546627
2024-11-04,24113.23828125,24682.552734375,24855.3984375,24440.56640625,24578.84375,7589949
2024-11-05,23674.201171875,24233.150390625,24682.552734375,24233.150390625,24544.2734375,5920120
2024-11-06,24248.326171875,24820.830078125,24820.830078125,24267.71875,24336.857421875,5125197
2024-11-07,24045.6953125,24613.4140625,24993.67578125,24613.4140625,24820.830078125,5528588
2024-11-08,23640.4296875,24198.580078125,24889.96875,24060.302734375,24682.552734375,7110768
2024-11-11,23606.658203125,24164.01171875,24198.580078125,23403.484375,24198.580078125,23612645
2024-11-12,23302.708984375,23852.88671875,24094.873046875,23645.470703125,24060.302734375,4834043
2024-11-13,23201.392578125,23749.177734375,23852.88671875,23472.623046875,23818.31640625,6138665
2024-11-14,22694.8125,23230.63671875,23714.609375,23230.63671875,23714.609375,7622637
2024-11-15,22357.08984375,22884.943359375,23230.63671875,22677.52734375,23230.63671875,12077733
2024-11-18,22492.1796875,23023.220703125,23265.20703125,22608.388671875,22884.943359375,5890903
2024-11-19,22525.953125,23057.791015625,23230.63671875,22815.8046875,23161.498046875,7637824
2024-11-20,22964.986328125,23507.19140625,23507.19140625,22850.373046875,22850.373046875,9392699
2024-11-21,23640.4296875,24198.580078125,24198.580078125,23230.63671875,23507.19140625,11297274
2024-11-22,23640.4296875,24198.580078125,24336.857421875,23991.1640625,24129.44140625,8940855
2024-11-25,23707.97265625,24267.71875,24267.71875,23991.1640625,24164.01171875,5531626
2024-11-26,23843.060546875,24405.99609375,24440.56640625,24129.44140625,24198.580078125,6564765
2024-11-27,23741.744140625,24302.2890625,24405.99609375,24164.01171875,24267.71875,3993560
2024-11-28,23910.603515625,24475.134765625,24475.134765625,24164.01171875,24405.99609375,4758254
2024-11-29,24147.0078125,24717.12109375,24786.259765625,24371.427734375,24544.2734375,7437791
2024-12-02,24214.552734375,24786.259765625,24889.96875,24682.552734375,24820.830078125,6462796
2024-12-03,24248.326171875,24820.830078125,24855.3984375,24509.705078125,24855.3984375,7609764
2024-12-04,23843.060546875,24405.99609375,24682.552734375,24405.99609375,24613.4140625,5984772
2024-12-05,24586.044921875,25166.5234375,25235.662109375,24233.150390625,24405.99609375,15035117
2024-12-06,24484.73046875,25062.814453125,25339.37109375,25062.814453125,25235.662109375,8136964
2024-12-09,24619.818359375,25201.09375,25235.662109375,24924.537109375,24993.67578125,6353161
2024-12-10,24552.275390625,25131.955078125,25235.662109375,24959.107421875,25201.09375,4763461
2024-12-11,24552.275390625,25131.955078125,25304.80078125,25028.24609375,25097.384765625,6349546
2024-12-12,24518.501953125,25097.384765625,25443.078125,25028.24609375,25166.5234375,7247016
2024-12-13,24552.275390625,25131.955078125,25235.662109375,24959.107421875,24993.67578125,6046243
2024-12-16,24484.73046875,25062.814453125,25373.939453125,25028.24609375,25131.955078125,4146007
2024-12-17,24484.73046875,25062.814453125,25131.955078125,24924.537109375,25062.814453125,4960890
2024-12-18,24484.73046875,25062.814453125,25166.5234375,24751.69140625,25028.24609375,4242624
2024-12-19,24450.958984375,25028.24609375,25028.24609375,24613.4140625,24786.259765625,9140308
2024-12-20,24417.185546875,24993.67578125,24993.67578125,24682.552734375,24889.96875,4943967
2024-12-23,24484.73046875,25062.814453125,25097.384765625,24959.107421875,25028.24609375,4479684
2024-12-24,24450.958984375,25028.24609375,25028.24609375,24820.830078125,24959.107421875,4094806
2024-12-25,25801.83984375,26411.021484375,26756.716796875,25028.24609375,25028.24609375,36434967
2024-12-26,25801.83984375,26411.021484375,26549.298828125,26272.744140625,26549.298828125,7010679
2024-12-27,26207.10546875,26825.85546875,26825.85546875,26272.744140625,26514.73046875,13797317
2024-12-30,26274.6484375,26894.994140625,26894.994140625,26514.73046875,26618.4375,10429165
2024-12-31,25531.662109375,26134.466796875,26756.716796875,26134.466796875,26687.578125,7882259
2025-01-01,25531.662109375,26134.466796875,26134.466796875,26134.466796875,26134.466796875,0
2025-01-02,25734.294921875,26341.8828125,26480.16015625,25996.189453125,26272.744140625,8305900
2025-01-03,25126.3984375,25719.634765625,26272.744140625,25719.634765625,26134.466796875,14875149
2025-01-06,25126.3984375,25719.634765625,26030.7578125,25615.92578125,25754.203125,8743715
2025-01-07,25295.2578125,25892.48046875,26272.744140625,25685.064453125,25927.05078125,9064953
2025-01-08,25531.662109375,26134.466796875,26203.60546875,25754.203125,25857.912109375,5300496
2025-01-09,25261.486328125,25857.912109375,26203.60546875,25754.203125,26134.466796875,5867472
2025-01-10,25329.03125,25927.05078125,26411.021484375,25719.634765625,25857.912109375,10849190
2025-01-13,25464.119140625,26065.328125,26065.328125,25028.24609375,25719.634765625,13563295
2025-01-14,24957.5390625,25546.787109375,26203.60546875,25512.216796875,25892.48046875,5375707
2025-01-15,24822.451171875,25408.509765625,25650.49609375,25304.80078125,25581.35546875,7203914
2025-01-16,24822.451171875,25408.509765625,25650.49609375,25304.80078125,25581.35546875,7203914
2025-01-17,25126.3984375,25719.634765625,25719.634765625,25304.80078125,25443.078125,5710686
2025-01-20,25193.943359375,25788.7734375,26065.328125,25685.064453125,25754.203125,6364009
2025-01-21,25193.943359375,25788.7734375,26134.466796875,25615.92578125,25892.48046875,7958772
2025-01-22,25193.943359375,25788.7734375,25996.189453125,25754.203125,25996.189453125,6505319
2025-01-23,25734.294921875,26341.8828125,26411.021484375,25788.7734375,25857.912109375,10968949
2025-01-24,25666.75,26272.744140625,26376.453125,26099.896484375,26341.8828125,7300676
2025-01-27,25666.75,26272.744140625,26272.744140625,26272.744140625,26272.744140625,0
2025-01-28,25666.75,26272.744140625,26272.744140625,26272.744140625,26272.744140625,0
2025-01-29,25666.75,26272.744140625,26272.744140625,26272.744140625,26272.744140625,0
2025-01-30,25666.75,26272.744140625,26272.744140625,26272.744140625,26272.744140625,0
2025-01-31,25666.75,26272.744140625,26272.744140625,26272.744140625,26272.744140625,0
2025-02-03,25700.5234375,26307.314453125,26687.578125,26134.466796875,26445.591796875,12042297
2025-02-04,26612.369140625,27240.6875,27482.673828125,26307.314453125,26445.591796875,21027845
2025-02-05,26578.59765625,27206.119140625,27448.103515625,27033.271484375,27413.53515625,9670402
2025-02-06,26679.912109375,27309.826171875,27551.8125,27102.41015625,27240.6875,9441442
2025-02-07,27557.986328125,28208.630859375,28485.185546875,27136.978515625,27309.826171875,21657448
2025-02-10,27220.265625,27862.9375,28416.046875,27690.08984375,28208.630859375,13792255
2025-02-11,27490.44140625,28139.4921875,28277.76953125,27759.228515625,27897.505859375,11023332
2025-02-12,27355.353515625,28001.21484375,28208.630859375,27932.076171875,28139.4921875,6993178
2025-02-13,27591.7578125,28243.201171875,28554.32421875,27862.9375,27862.9375,10045300
2025-02-14,27389.123046875,28035.783203125,28588.89453125,28001.21484375,28346.908203125,7977575
2025-02-17,27118.94921875,27759.228515625,28104.921875,27759.228515625,28001.21484375,8608624
2025-02-18,27220.265625,27862.9375,28346.908203125,27690.08984375,27759.228515625,9458220
2025-02-19,27355.353515625,28001.21484375,28312.33984375,27966.64453125,28035.783203125,8874900
2025-02-20,27591.7578125,28243.201171875,28381.478515625,27966.64453125,28381.478515625,7615405
2025-02-21,28030.79296875,28692.6015625,28692.6015625,28001.21484375,28243.201171875,11152348
2025-02-24,28300.970703125,28969.158203125,29003.7265625,28588.89453125,28692.6015625,9784375
2025-02-25,28267.197265625,28934.587890625,29107.435546875,28623.462890625,29003.7265625,8286085
2025-02-26,27929.478515625,28588.89453125,28900.01953125,28416.046875,28900.01953125,13640531
2025-02-27,28030.79296875,28692.6015625,28727.171875,28243.201171875,28519.755859375,8793470
2025-02-28,28030.79296875,28692.6015625,28761.7421875,28346.908203125,28554.32421875,7997390
2025-03-03,27861.93359375,28519.755859375,28519.755859375,28243.201171875,28485.185546875,11100134
2025-03-04,28098.33984375,28761.7421875,28900.01953125,28208.630859375,28346.908203125,10766458
2025-03-05,27828.16015625,28485.185546875,29211.142578125,28450.6171875,28761.7421875,11299154
2025-03-06,28132.111328125,28796.310546875,28865.44921875,28485.185546875,28623.462890625,8156346
2025-03-07,28638.69140625,29314.8515625,29314.8515625,28796.310546875,28830.880859375,15705942
2025-03-10,28672.46484375,29349.421875,29522.267578125,29107.435546875,29522.267578125,13253050
2025-03-11,28773.77734375,29453.12890625,29453.12890625,28900.01953125,29038.296875,10042841
2025-03-12,28807.55078125,29487.69921875,29937.1015625,29245.712890625,29591.40625,13524243
2025-03-13,28571.146484375,29245.712890625,29522.267578125,29142.00390625,29522.267578125,11447840
2025-03-14,28571.146484375,29245.712890625,29245.712890625,28900.01953125,29072.865234375,11263863
2025-03-17,28773.77734375,29453.12890625,29453.12890625,29176.57421875,29245.712890625,5004281
2025-03-18,28368.513671875,29038.296875,29660.544921875,29003.7265625,29660.544921875,7820066
2025-03-19,28064.56640625,28727.171875,29038.296875,28623.462890625,28969.158203125,12537966
2025-03-20,28098.33984375,28761.7421875,28900.01953125,28346.908203125,28727.171875,12742483
2025-03-21,28132.111328125,28796.310546875,28796.310546875,28381.478515625,28761.7421875,10646843
2025-03-24,28233.427734375,28900.01953125,28900.01953125,28416.046875,28623.462890625,9910064
2025-03-25,28571.146484375,29245.712890625,29245.712890625,28830.880859375,29003.7265625,7284332
2025-03-26,28199.654296875,28865.44921875,29349.421875,28761.7421875,29211.142578125,7910897
2025-03-27,28098.33984375,28761.7421875,28865.44921875,28519.755859375,28623.462890625,5075008
2025-03-28,27929.478515625,28588.89453125,28727.171875,28450.6171875,28692.6015625,5919830
2025-03-31,27997.021484375,28658.033203125,28658.033203125,28277.76953125,28485.185546875,6681776
2025-04-01,28267.197265625,28934.587890625,28934.587890625,28381.478515625,28796.310546875,6852158
2025-04-02,28334.7421875,29003.7265625,29245.712890625,28830.880859375,29003.7265625,8064791
2025-04-03,26375.96484375,26998.701171875,28139.4921875,26998.701171875,28139.4921875,28689678
2025-04-04,26139.560546875,26756.716796875,26756.716796875,25131.955078125,25131.955078125,25590550
2025-04-07,26139.560546875,26756.716796875,26756.716796875,26756.716796875,26756.716796875,0
2025-04-08,24315.869140625,24889.96875,26411.021484375,24889.96875,24959.107421875,27030552
2025-04-09,22829.8984375,23368.9140625,25581.35546875,23368.9140625,23368.9140625,25319935
2025-04-10,24417.185546875,24993.67578125,24993.67578125,24993.67578125,24993.67578125,4204730
2025-04-11,25936.927734375,26549.298828125,26618.4375,25270.232421875,25581.35546875,29283412
2025-04-14,25869.3828125,26480.16015625,26687.578125,26169.037109375,26687.578125,14102356
2025-04-15,25497.890625,26099.896484375,26272.744140625,25719.634765625,26134.466796875,14830601
2025-04-16,25126.3984375,25719.634765625,26341.8828125,25719.634765625,26099.896484375,9519256
2025-04-17,25160.169921875,25754.203125,25823.341796875,25339.37109375,25581.35546875,12581791
2025-04-18,25295.2578125,25892.48046875,26307.314453125,25892.48046875,26169.037109375,12308573
2025-04-21,25160.169921875,25754.203125,26169.037109375,25373.939453125,25961.619140625,14512400
2025-04-22,25058.85546875,25650.49609375,25685.064453125,23956.59375,25512.216796875,21788488
2025-04-23,25193.943359375,25788.7734375,26030.7578125,25581.35546875,25857.912109375,9698606
2025-04-24,25261.486328125,25857.912109375,25892.48046875,25477.6484375,25892.48046875,9825307
2025-04-25,25092.625,25685.064453125,25927.05078125,25615.92578125,25719.634765625,9351189
2025-04-28,24889.994140625,25477.6484375,25754.203125,25373.939453125,25754.203125,7383842
2025-04-29,25126.3984375,25719.634765625,25719.634765625,25373.939453125,25408.509765625,7135935
2025-04-30,25126.3984375,25719.634765625,25719.634765625,25719.634765625,25719.634765625,0
2025-05-01,25126.3984375,25719.634765625,25719.634765625,25719.634765625,25719.634765625,0
2025-05-02,25126.3984375,25719.634765625,25719.634765625,25719.634765625,25719.634765625,0
2025-05-05,25227.71484375,25823.341796875,25927.05078125,25615.92578125,25788.7734375,5238447
2025-05-06,25227.71484375,25823.341796875,25927.05078125,25615.92578125,25788.7734375,5238447
2025-05-07,25396.576171875,25996.189453125,26169.037109375,25719.634765625,25823.341796875,10466192
2025-05-08,25295.2578125,25892.48046875,25961.619140625,25685.064453125,25927.05078125,8862751
2025-05-09,25362.802734375,25961.619140625,25996.189453125,25719.634765625,25857.912109375,11486025
2025-05-12,25565.435546875,26169.037109375,26238.17578125,25892.48046875,25927.05078125,12969417
2025-05-13,25565.435546875,26169.037109375,26238.17578125,25892.48046875,25927.05078125,12969417
2025-05-14,26612.369140625,27240.6875,27240.6875,26341.8828125,26341.8828125,22777947
2025-05-15,26747.45703125,27378.96484375,27378.96484375,27033.271484375,27275.2578125,13479840
2025-05-16,26848.7734375,27482.673828125,27759.228515625,27136.978515625,27378.96484375,14146181
2025-05-19,26409.73828125,27033.271484375,27102.41015625,26653.0078125,26791.28515625,10469374
2025-05-20,26409.73828125,27033.271484375,27102.41015625,26653.0078125,26791.28515625,10469374
2025-05-21,26679.912109375,27309.826171875,27309.826171875,26756.716796875,26756.716796875,9505660
2025-05-22,26646.140625,27275.2578125,27932.076171875,27171.548828125,27171.548828125,12493708
2025-05-23,26240.875,26860.423828125,27309.826171875,26722.146484375,27206.119140625,10212789
2025-05-26,26511.05078125,27136.978515625,27136.978515625,26272.744140625,26791.28515625,10135119
2025-05-27,26511.05078125,27136.978515625,27136.978515625,26272.744140625,26791.28515625,10135119
2025-05-28,26747.45703125,27378.96484375,27378.96484375,26964.1328125,27136.978515625,11212806
2025-05-29,26713.685546875,27344.396484375,27482.673828125,27033.271484375,27448.103515625,8072023
2025-05-30,26274.6484375,26894.994140625,27309.826171875,26894.994140625,27275.2578125,10772822
2025-06-02,25936.927734375,26549.298828125,26722.146484375,26238.17578125,26445.591796875,6381510
2025-06-03,25936.927734375,26549.298828125,26722.146484375,26238.17578125,26445.591796875,6381510
2025-06-04,26038.2421875,26653.0078125,26791.28515625,26549.298828125,26722.146484375,6212430
2025-06-05,26004.470703125,26618.4375,26894.994140625,26583.869140625,26756.716796875,6010228
2025-06-06,26038.2421875,26653.0078125,26791.28515625,26272.744140625,26618.4375,6265656
2025-06-09,25666.75,26272.744140625,26445.591796875,26203.60546875,26411.021484375,4588740
2025-06-10,25666.75,26272.744140625,26445.591796875,26203.60546875,26411.021484375,4588740
2025-06-11,25565.435546875,26169.037109375,26411.021484375,26169.037109375,26272.744140625,6721695
2025-06-12,25666.75,26272.744140625,26272.744140625,25961.619140625,26272.744140625,8642614
2025-06-13,26004.470703125,26618.4375,26653.0078125,26203.60546875,26307.314453125,11922104
2025-06-16,27220.265625,27862.9375,27862.9375,27586.380859375,27620.951171875,8803594
2025-06-17,27220.265625,27862.9375,27862.9375,27586.380859375,27620.951171875,8803594
2025-06-18,27254.037109375,27897.505859375,27966.64453125,27517.2421875,27966.64453125,11384490
2025-06-19,27118.94921875,27759.228515625,27932.076171875,27620.951171875,27793.798828125,7990737
2025-06-20,27490.44140625,28139.4921875,28381.478515625,27690.08984375,27793.798828125,14660364
2025-06-23,27929.478515625,28588.89453125,28588.89453125,28035.783203125,28312.33984375,7012560
2025-06-24,27929.478515625,28588.89453125,28588.89453125,28035.783203125,28312.33984375,7012560
2025-06-25,28064.56640625,28727.171875,28900.01953125,28588.89453125,28727.171875,14192754
2025-06-26,28165.8828125,28830.880859375,29038.296875,28692.6015625,28830.880859375,12417050
2025-06-27,28300.970703125,28969.158203125,28969.158203125,28554.32421875,28900.01953125,8734169
2025-06-30,28300.970703125,28969.158203125,29038.296875,28727.171875,29038.296875,8553084
2025-07-01,28300.970703125,28969.158203125,29038.296875,28727.171875,29038.296875,8553084
2025-07-02,28300.970703125,28969.158203125,29038.296875,28727.171875,28830.880859375,5912888
2025-07-03,28300.970703125,28969.158203125,29107.435546875,28900.01953125,28934.587890625,6186685
2025-07-04,28706.236328125,29383.990234375,29556.837890625,28900.01953125,28934.587890625,14758283
2025-07-07,29989.572265625,30697.626953125,30697.626953125,29695.115234375,29729.68359375,16629446
2025-07-08,29989.572265625,30697.626953125,30697.626953125,29695.115234375,29729.68359375,16629446
2025-07-09,29989.572265625,30697.626953125,30835.904296875,30455.642578125,30766.765625,5760585
2025-07-10,30394.837890625,31112.4609375,31250.73828125,30628.48828125,30697.626953125,10946241
2025-07-11,30394.837890625,31112.4609375,31112.4609375,30628.48828125,31043.322265625,9469357
2025-07-14,29922.02734375,30628.48828125,30801.3359375,30213.65625,30766.765625,17449391
2025-07-15,29922.02734375,30628.48828125,30801.3359375,30213.65625,30766.765625,17449391
2025-07-16,29820.712890625,30524.78125,31008.751953125,30490.2109375,30628.48828125,10366103
2025-07-17,30361.064453125,31077.890625,31077.890625,30351.93359375,30524.78125,8228230
2025-07-18,30394.837890625,31112.4609375,31216.16796875,30835.904296875,31043.322265625,10878262
2025-07-21,30529.92578125,31250.73828125,31631.001953125,30905.044921875,31527.29296875,9488015
2025-07-22,30529.92578125,31250.73828125,31631.001953125,30905.044921875,31527.29296875,9488015
2025-07-23,30800.1015625,31527.29296875,31527.29296875,30905.044921875,31250.73828125,6968301
2025-07-24,30833.875,31561.86328125,31700.140625,30974.18359375,31596.431640625,9163884
2025-07-25,30867.646484375,31596.431640625,31769.279296875,31250.73828125,31561.86328125,7334376
2025-07-28,30800.1015625,31527.29296875,31803.84765625,31389.015625,31458.154296875,15288086
2025-07-29,30800.1015625,31527.29296875,31803.84765625,31389.015625,31458.154296875,15288086
2025-07-30,29584.30859375,30282.794921875,31838.41796875,30282.794921875,31665.5703125,21310609
2025-07-31,31205.3671875,31942.126953125,32391.52734375,30317.36328125,30421.072265625,32497236
2025-08-01,31002.734375,31734.708984375,32840.9296875,31147.029296875,32840.9296875,28047492
2025-08-04,30833.875,31561.86328125,31631.001953125,30144.517578125,30421.072265625,14027145
2025-08-05,30833.875,31561.86328125,31631.001953125,30144.517578125,30421.072265625,14027145
2025-08-06,31408.0,32149.54296875,33705.1640625,31527.29296875,31769.279296875,34823716
2025-08-07,32083.4375,32840.9296875,33013.77734375,32184.111328125,32633.513671875,13836080
2025-08-08,32319.845703125,33082.91796875,33186.625,32460.66796875,33186.625,13244082
2025-08-11,32083.4375,32840.9296875,33082.91796875,32598.9453125,33048.34765625,12818995
2025-08-12,32083.4375,32840.9296875,33082.91796875,32598.9453125,33048.34765625,12818995
2025-08-13,32421.158203125,33186.625,33497.75,32495.236328125,32840.9296875,20767499
2025-08-14,33501.86328125,34292.84375,34292.84375,32598.9453125,33255.76171875,25597204
2025-08-15,33907.12890625,34707.6796875,35329.92578125,34292.84375,34707.6796875,27029684
2025-08-18,32758.880859375,33532.3203125,34154.56640625,33324.90234375,33912.58203125,17925245
2025-08-19,32758.880859375,33532.3203125,34154.56640625,33324.90234375,33912.58203125,17925245
2025-08-20,33501.86328125,34292.84375,34431.12109375,33774.3046875,33808.875,16993786
2025-08-21,34177.30859375,34984.234375,35952.17578125,33947.15234375,34327.4140625,22760012
2025-08-22,34987.8359375,35813.8984375,36436.1484375,35260.7890625,35468.203125,25799116
2025-08-25,33164.14453125,33947.15234375,35675.62109375,33739.734375,35606.484375,22726312
2025-08-26,33164.14453125,33947.15234375,35675.62109375,33739.734375,35606.484375,22726312
2025-08-27,34582.5703125,35399.06640625,35399.06640625,33532.3203125,33566.88671875,14389170
2025-08-28,34515.0234375,35329.92578125,36781.84375,35122.51171875,35952.17578125,26855542
2025-08-29,34852.74609375,35675.62109375,35813.8984375,34845.95703125,35399.06640625,11903156
2025-09-01,34852.74609375,35675.62109375,35675.62109375,35675.62109375,35675.62109375,0
2025-09-02,34852.74609375,35675.62109375,35675.62109375,35675.62109375,35675.62109375,0
2025-09-03,34177.30859375,34984.234375,35399.06640625,34845.95703125,35329.92578125,14707949
2025-09-04,34177.30859375,34984.234375,35399.06640625,34845.95703125,35329.92578125,14707949
2025-09-05,34447.484375,35260.7890625,35813.8984375,34845.95703125,34984.234375,13045062
2025-09-08,33434.32421875,34223.70703125,34638.5390625,33912.58203125,34569.40234375,21359062
2025-09-09,33434.32421875,34223.70703125,34638.5390625,33912.58203125,34569.40234375,21359062
2025-09-10,33501.86328125,34292.84375,34431.12109375,33774.3046875,34223.70703125,10954630
2025-09-11,34109.76171875,34915.09375,35537.34375,34292.84375,34292.84375,17344385
2025-09-12,34177.30859375,34984.234375,34984.234375,33774.3046875,34707.6796875,9979201
2025-09-15,34177.30859375,34984.234375,34984.234375,34984.234375,34984.234375,0
2025-09-16,34852.74609375,35675.62109375,35675.62109375,34534.83203125,34984.234375,18623117
2025-09-17,35460.640625,36297.87109375,36712.703125,35813.8984375,35952.17578125,26790745
2025-09-18,34717.65625,35537.34375,36297.87109375,35537.34375,36297.87109375,11070484
2025-09-19,34582.5703125,35399.06640625,35675.62109375,34984.234375,35606.484375,11857162
2025-09-22,33299.234375,34085.4296875,35191.6484375,33912.58203125,35053.37109375,16885164
2025-09-23,33299.234375,34085.4296875,35191.6484375,33912.58203125,35053.37109375,16885164
2025-09-24,33772.04296875,34569.40234375,34569.40234375,34154.56640625,34223.70703125,6218649
2025-09-25,34109.76171875,34915.09375,34915.09375,34085.4296875,34361.984375,7449796
2025-09-26,33974.671875,34776.81640625,35122.51171875,34638.5390625,34915.09375,6787216
2025-09-29,34447.484375,35260.7890625,35399.06640625,34845.95703125,35053.37109375,6353740
2025-09-30,34447.484375,35260.7890625,35399.06640625,34845.95703125,35053.37109375,6353740
2025-10-01,34312.39453125,35122.51171875,35260.7890625,34569.40234375,35122.51171875,9396315
2025-10-02,34785.203125,35606.484375,35883.0390625,34845.95703125,35260.7890625,10275127
2025-10-03,34785.203125,35606.484375,36228.73046875,35399.06640625,35813.8984375,12146869
2025-10-06,35393.09765625,36228.73046875,36436.1484375,35260.7890625,35468.203125,13840853
2025-10-07,35393.09765625,36228.73046875,36436.1484375,35260.7890625,35468.203125,13840853
2025-10-08,34852.74609375,35675.62109375,36505.28515625,35675.62109375,36505.28515625,8756443
2025-10-09,35730.8203125,36574.42578125,36920.12109375,35952.17578125,36090.453125,17322979
2025-10-10,37149.24609375,38026.33984375,38026.33984375,36367.0078125,36574.42578125,31160216
2025-10-13,37824.6875,38717.73046875,38925.14453125,37749.78515625,37818.92578125,15828449
2025-10-14,38131.09765625,38717.73046875,38925.14453125,37749.78515625,37818.92578125,15828449
2025-10-15,37041.63671875,37611.5078125,38648.58984375,37611.5078125,38648.58984375,19800169
2025-10-16,37314.0,37888.0625,38164.6171875,37404.08984375,37680.6484375,11703847
2025-10-17,36633.08984375,37196.67578125,38026.33984375,36989.2578125,37957.203125,15871984
2025-10-20,33296.62109375,33808.875,36920.12109375,33739.734375,36505.28515625,36316076
2025-10-21,33296.62109375,33808.875,36920.12109375,33739.734375,36505.28515625,36316076
2025-10-22,34011.578125,34534.83203125,34845.95703125,33808.875,33878.01171875,19423102
2025-10-23,34386.078125,34915.09375,34915.09375,33532.3203125,34915.09375,16871423
2025-10-24,33841.34765625,34361.984375,34845.95703125,34292.84375,34569.40234375,12289770
2025-10-27,33092.34375,33601.45703125,34465.69140625,33601.45703125,34431.12109375,7755558
2025-10-28,33092.34375,33601.45703125,34465.69140625,33601.45703125,34431.12109375,7755558
2025-10-29,33364.7109375,33878.01171875,33878.01171875,33013.77734375,33566.88671875,9044848
2025-10-30,33807.30078125,34327.4140625,34776.81640625,33912.58203125,34016.2890625,9273519
2025-10-31,33500.890625,34016.2890625,34465.69140625,33947.15234375,34431.12109375,7001133
2025-11-03,33024.25390625,33532.3203125,34292.84375,33532.3203125,34085.4296875,8129733
2025-11-04,34011.578125,34534.83203125,34569.40234375,33082.91796875,33359.47265625,10673167
2025-11-05,34011.578125,34534.83203125,34569.40234375,33082.91796875,33359.47265625,10673167
2025-11-06,34794.625,35329.92578125,35399.06640625,34638.5390625,35399.06640625,10494107
2025-11-07,33364.7109375,33878.01171875,35399.06640625,33497.75,34915.09375,18884909
2025-11-10,32683.796875,33186.625,33878.01171875,32944.640625,33670.59765625,11096084
2025-11-11,33024.25390625,33532.3203125,33532.3203125,32495.236328125,33290.33203125,12744074
2025-11-12,33500.890625,34016.2890625,34223.70703125,33255.76171875,33532.3203125,9596637
2025-11-13,33262.57421875,33774.3046875,33981.71875,33463.1796875,33981.71875,8140870
2025-11-14,33058.296875,33566.88671875,33601.45703125,33221.1953125,33532.3203125,9435512
2025-11-17,33262.57421875,33774.3046875,33843.44140625,33428.609375,33705.1640625,7253235
2025-11-18,33637.07421875,34154.56640625,34258.27734375,33774.3046875,33808.875,7894843
2025-11-19,33603.03125,34120.0,34154.56640625,33705.1640625,34154.56640625,7260322
2025-11-20,33432.80078125,33947.15234375,34085.4296875,33636.02734375,34085.4296875,6571129
2025-11-21,33432.80078125,33947.15234375,34016.2890625,33394.0390625,33601.45703125,9431607
2025-11-24,33228.52734375,33739.734375,34016.2890625,33705.1640625,33947.15234375,5232662
2025-11-25,32785.93359375,33290.33203125,33843.44140625,33290.33203125,33670.59765625,8054088
2025-11-26,33296.62109375,33808.875,33808.875,33117.484375,33394.0390625,10227542
2025-11-27,33262.57421875,33774.3046875,34292.84375,33739.734375,33878.01171875,11039098
2025-11-28,33364.7109375,33878.01171875,33878.01171875,33324.90234375,33636.02734375,6759446
2025-12-01,32956.1640625,33463.1796875,33843.44140625,33463.1796875,33808.875,3962463
2025-12-02,33398.75390625,33912.58203125,34016.2890625,33463.1796875,33843.44140625,12941647
2025-12-03,35407.4453125,35952.17578125,36228.73046875,34223.70703125,34223.70703125,32785786
2025-12-04,35407.4453125,35952.17578125,36367.0078125,35744.76171875,36090.453125,10925847
2025-12-05,35066.9921875,35606.484375,36090.453125,35399.06640625,36021.31640625,9343089
2025-12-08,34794.625,35329.92578125,35537.34375,34984.234375,35537.34375,8841489
2025-12-09,34113.71484375,34638.5390625,35191.6484375,34534.83203125,35191.6484375,13795582
2025-12-10,34386.078125,34915.09375,35122.51171875,34638.5390625,34845.95703125,5593819
2025-12-11,34113.71484375,34638.5390625,35053.37109375,34569.40234375,35053.37109375,6585592
2025-12-12,33705.16796875,34223.70703125,34984.234375,34223.70703125,34776.81640625,11591754
2025-12-15,33841.34765625,34361.984375,34396.5546875,33912.58203125,34292.84375,7868374
2025-12-16,34726.53515625,35260.7890625,35260.7890625,33912.58203125,34569.40234375,21832024
2025-12-17,34174.2421875,34700.0,35550.0,34350.0,35500.0,10665100
2025-12-18,34174.2421875,34700.0,35550.0,34350.0,35500.0,10665100
2025-12-19,33928.03125,34450.0,34600.0,34050.0,34350.0,7234100
2025-12-22,34617.42578125,35150.0,35250.0,34300.0,34500.0,11776100
2025-12-23,34469.69921875,35000.0,35550.0,34650.0,35300.0,9893700
2025-12-24,34765.15234375,35300.0,35300.0,34700.0,35000.0,9502300
2025-12-25,34765.15234375,35300.0,35300.0,34700.0,35000.0,9502300
2025-12-26,34666.66796875,35200.0,35250.0,34250.0,34900.0,10622300
2025-12-29,34765.15234375,35300.0,35350.0,34900.0,35000.0,7192400
2025-12-30,35109.84765625,35650.0,35950.0,35200.0,35350.0,8456300
2025-12-31,35208.33203125,35750.0,35800.0,35400.0,35700.0,7920700
2026-01-01,35208.33203125,35750.0,35750.0,35750.0,35750.0,0
2026-01-02,35208.33203125,35750.0,35750.0,35750.0,35750.0,0
2026-01-05,34962.12109375,35500.0,36100.0,34550.0,35800.0,10427300
2026-01-06,35651.515625,36200.0,36200.0,34800.0,35400.0,14857900
2026-01-07,36882.578125,37450.0,37500.0,36350.0,36400.0,22144400
2026-01-08,37621.2109375,38200.0,39500.0,37100.0,37550.0,31939500
2026-01-09,40132.578125,40750.0,40850.0,38700.0,39000.0,38922900
2026-01-12,40871.2109375,41500.0,43500.0,41350.0,42000.0,37246900
2026-01-13,40674.2421875,41300.0,42350.0,40000.0,41500.0,32378300
2026-01-14,40821.96875,41450.0,43250.0,40650.0,40800.0,30568900
2026-01-15,39393.94140625,40000.0,41000.0,39600.0,40500.0,28177000
2026-01-16,39000.0,39600.0,41550.0,39500.0,40700.0,21678400
2026-01-19,39393.94140625,40000.0,40350.0,39550.0,39650.0,13549500
2026-01-20,39049.2421875,39650.0,40600.0,39650.0,40450.0,18904200
2026-01-21,39590.91015625,40200.0,40550.0,39000.0,39550.0,20390200
2026-01-22,39295.45703125,39900.0,41300.0,39850.0,40400.0,21656100
2026-01-23,38409.08984375,39000.0,40050.0,38850.0,40000.0,17979800
2026-01-26,37621.2109375,38200.0,39150.0,38050.0,39050.0,17221600
2026-01-27,37670.45703125,38250.0,38650.0,38100.0,38200.0,12601700
2026-01-28,37818.18359375,38400.0,39650.0,38300.0,38350.0,15308300
2026-01-29,37719.69921875,38300.0,38900.0,38100.0,38500.0,10027200
2026-01-30,38162.87890625,38750.0,39000.0,37800.0,38200.0,28474900
2026-02-02,38753.7890625,39350.0,39800.0,38700.0,38800.0,23383000
2026-02-03,39098.484375,39700.0,40300.0,39300.0,39750.0,23670600
2026-02-04,39000.0,39600.0,39900.0,39150.0,39900.0,18233300
2026-02-05,38015.15234375,38600.0,39700.0,38600.0,39650.0,16072100
2026-02-06,36833.33203125,37400.0,38350.0,37400.0,38200.0,24838700
2026-02-09,36537.87890625,37100.0,37850.0,36800.0,37700.0,9918300
2026-02-10,36537.87890625,37100.0,37600.0,36650.0,37500.0,12648100
2026-02-11,37325.7578125,37900.0,38250.0,37300.0,37450.0,13723100
2026-02-12,37424.2421875,38000.0,38300.0,37750.0,38300.0,8656700
2026-02-13,38015.15234375,38600.0,38600.0,37700.0,38000.0,9259700
2026-02-16,38015.15234375,38600.0,38600.0,38600.0,38600.0,0
2026-02-17,38015.15234375,38600.0,38600.0,38600.0,38600.0,0
2026-02-18,38015.15234375,38600.0,38600.0,38600.0,38600.0,0
2026-02-19,38015.15234375,38600.0,38600.0,38600.0,38600.0,0
2026-02-20,38015.15234375,38600.0,38600.0,38600.0,38600.0,0
2026-02-23,38113.63671875,38700.0,39000.0,38550.0,38950.0,8379600
2026-02-24,37621.2109375,38200.0,38700.0,38050.0,38550.0,12133300
2026-02-25,37916.66796875,38500.0,39100.0,38200.0,38350.0,10573600
2026-02-26,37916.66796875,38500.0,38750.0,38050.0,38550.0,11489400
2026-02-27,37670.45703125,38250.0,38450.0,38050.0,38450.0,8888400
2026-03-02,36291.66796875,36850.0,37850.0,36850.0,37500.0,25730000
2026-03-03,36291.66796875,36850.0,37850.0,36850.0,37500.0,25730000
2026-03-04,35848.484375,36400.0,36700.0,35450.0,35750.0,19451000
2026-03-05,35651.515625,36200.0,37100.0,36200.0,37000.0,8015700
2026-03-06,35109.84765625,35650.0,36300.0,35650.0,35900.0,8532000
2026-03-09,32696.970703125,33200.0,33500.0,33200.0,33200.0,17770800
2026-03-10,34518.94140625,35050.0,35150.0,33600.0,34200.0,24975700
2026-03-11,34568.18359375,35100.0,35600.0,34700.0,35000.0,12877000
2026-03-12,33780.3046875,34300.0,34900.0,34250.0,34800.0,12913700
2026-03-13,33484.84765625,34000.0,34500.0,33950.0,34300.0,8278900
2026-03-16,33632.578125,34150.0,34500.0,34000.0,34050.0,5159300
2026-03-17,33878.7890625,34400.0,34800.0,34400.0,34450.0,7184200
2026-03-18,34469.69921875,35000.0,35750.0,34600.0,34600.0,12546300
2026-03-19,34125.0,34650.0,34800.0,34300.0,34500.0,7530900
2026-03-20,33090.91015625,33600.0,34600.0,33600.0,34550.0,10708700
2026-03-23,32007.576171875,32500.0,33200.0,32000.0,33200.0,13238000
2026-03-24,33041.66796875,33550.0,33950.0,33100.0,33300.0,6410500
2026-03-25,33534.08984375,34050.0,34100.0,33700.0,33750.0,6241100
2026-03-26,33287.87890625,33800.0,34100.0,33450.0,34050.0,5738200
2026-03-27,34272.7265625,34800.0,35000.0,33600.0,33700.0,12073500
2026-03-30,33534.08984375,34050.0,34750.0,33900.0,34100.0,6061900
2026-03-31,34075.7578125,34600.0,34650.0,34100.0,34400.0,7394400
2026-04-01,34223.484375,34750.0,35300.0,34650.0,35200.0,8257700
2026-04-02,33780.3046875,34300.0,34550.0,34100.0,34450.0,6251200
2026-04-03,33287.87890625,33800.0,34500.0,33800.0,34400.0,8626800
2026-04-06,33189.39453125,33700.0,34050.0,33550.0,33750.0,6070500
2026-04-07,33189.39453125,33700.0,33850.0,33500.0,33750.0,4955000
2026-04-08,34962.12109375,35500.0,35500.0,34300.0,34800.0,13337900
2026-04-09,34469.69921875,35000.0,35300.0,34800.0,35050.0,6309300
2026-04-10,34469.69921875,35000.0,35800.0,35000.0,35250.0,8029500
2026-04-13,34272.7265625,34800.0,35000.0,34550.0,34800.0,4304400
2026-04-14,34371.2109375,34900.0,35150.0,34800.0,35100.0,5465100
2026-04-15,34518.94140625,35050.0,35300.0,34850.0,35200.0,5586500
2026-04-16,34075.7578125,34600.0,35150.0,34500.0,35150.0,5773800
2026-04-17,34321.96875,34850.0,34900.0,34550.0,34700.0,3775800
2026-04-20,34568.18359375,35100.0,35300.0,34900.0,34950.0,6020100
2026-04-21,34321.96875,34850.0,35450.0,34850.0,35300.0,5807100
2026-04-22,34371.2109375,34900.0,35100.0,34800.0,34900.0,3997500
2026-04-23,34962.12109375,35500.0,36800.0,34800.0,34800.0,22296200
2026-04-24,34469.69921875,35000.0,35700.0,35000.0,35600.0,4783100
2026-04-27,34469.69921875,35000.0,35000.0,35000.0,35000.0,0
2026-04-28,34272.7265625,34800.0,35350.0,34700.0,35300.0,6945200
2026-04-29,34420.453125,34950.0,35100.0,34750.0,35000.0,6648700
2026-04-30,34420.453125,34950.0,34950.0,34950.0,34950.0,0
2026-05-01,34420.453125,34950.0,34950.0,34950.0,34950.0,0
2026-05-04,34814.39453125,35350.0,35700.0,35200.0,35400.0,8318000
2026-05-05,34765.15234375,35300.0,35300.0,34850.0,35300.0,5731700
2026-05-06,35011.36328125,35550.0,35550.0,35000.0,35300.0,10173500
2026-05-07,35257.578125,35800.0,36000.0,35500.0,35650.0,10661200
2026-05-08,35651.515625,36200.0,36700.0,35900.0,35950.0,18248400
2026-05-11,35060.60546875,35600.0,36300.0,35600.0,36300.0,7072000
2026-05-12,34715.91015625,35250.0,35650.0,35000.0,35650.0,8809000
2026-05-13,35011.36328125,35550.0,35750.0,35000.0,35250.0,9697200
2026-05-14,35405.3046875,35950.0,36200.0,35600.0,35650.0,9116900
2026-05-15,35257.578125,35800.0,36300.0,35400.0,36250.0,10368400
2026-05-18,35750.0,36300.0,36700.0,35250.0,35600.0,18917500
2026-05-19,35257.578125,35800.0,36800.0,35500.0,36550.0,15681600
2026-05-20,34666.66796875,35200.0,35900.0,34300.0,35750.0,12361700
2026-05-21,34420.453125,34950.0,35500.0,34850.0,35400.0,9575600
2026-05-22,34272.7265625,34800.0,34950.0,34600.0,34900.0,8751400
2026-05-25,34272.7265625,34800.0,35250.0,34800.0,35150.0,4091100
2026-05-26,34715.91015625,35250.0,35300.0,34900.0,34900.0,6372000
2026-05-27,34814.39453125,35350.0,35500.0,35200.0,35300.0,7372900
2026-05-28,34321.96875,34850.0,35500.0,34850.0,35350.0,6013300
2026-05-29,34272.7265625,34800.0,35000.0,34700.0,34900.0,8348100
2026-06-01,34026.515625,34550.0,35050.0,34550.0,35050.0,5790000
2026-06-02,33337.12109375,33850.0,34700.0,33800.0,34550.0,16869000
2026-06-03,33435.60546875,33950.0,34100.0,33700.0,33800.0,6502700
2026-06-04,33583.33203125,34100.0,34400.0,33900.0,34000.0,4285800
2026-06-05,33386.36328125,33900.0,34350.0,33900.0,34100.0,4082400
2026-06-08,32746.212890625,33250.0,33700.0,33250.0,33350.0,10716000
2026-06-09,32893.94140625,33400.0,33450.0,33250.0,33300.0,3609500
2026-06-10,32992.42578125,33500.0,33800.0,33450.0,33600.0,3636500
2026-06-11,32844.69921875,33350.0,33450.0,33250.0,33350.0,3911700
2026-06-12,32893.94140625,33400.0,33650.0,33400.0,33550.0,4908900
2026-06-15,33189.39453125,33700.0,33950.0,33550.0,33750.0,7018000
2026-06-16,33189.39453125,33700.0,33900.0,33650.0,33850.0,4929500
2026-06-17,33780.3046875,34300.0,34450.0,33600.0,33700.0,11477900
2026-06-18,33435.60546875,33950.0,34450.0,33850.0,34350.0,4520800
2026-06-19,33238.63671875,33750.0,34050.0,33700.0,34000.0,3725600
2026-06-22,33337.12109375,33850.0,34000.0,33800.0,33900.0,3163900
2026-06-23,33484.84765625,34000.0,34500.0,34000.0,34000.0,9422800
2026-06-24,33386.36328125,33900.0,34100.0,33550.0,33900.0,7488700
2026-06-25,32992.42578125,33500.0,33800.0,33500.0,33750.0,8587100
2026-06-26,33090.91015625,33600.0,33600.0,33400.0,33500.0,4005400
2026-06-29,33386.36328125,33900.0,34050.0,33650.0,33650.0,9088800
2026-06-30,33435.60546875,33950.0,34300.0,33900.0,33900.0,6865000
2026-07-01,33435.60546875,33950.0,34300.0,33900.0,33900.0,6865000
2026-07-02,33731.0625,34250.0,34550.0,34050.0,34450.0,5071200
2026-07-03,33632.578125,34150.0,34450.0,34000.0,34350.0,7209500
2026-07-06,33632.578125,34150.0,34750.0,33650.0,34400.0,10591800
2026-07-07,33731.0625,34250.0,34250.0,33900.0,34150.0,4770700
2026-07-08,33977.2734375,34500.0,34700.0,34250.0,34250.0,8712700
2026-07-09,33534.08984375,34050.0,34500.0,34050.0,34400.0,5374200
2026-07-10,33189.39453125,33700.0,34300.0,33700.0,34200.0,5505900
2026-07-13,32106.060546875,32600.0,33700.0,32500.0,33700.0,17292700
2026-07-14,32106.060546875,32600.0,32800.0,32100.0,32550.0,11189700
2026-07-15,31662.87890625,32150.0,32750.0,32150.0,32700.0,6516900
2026-07-16,31810.607421875,32300.0,32350.0,31450.0,32100.0,10470800
2026-07-17,31515.15234375,32000.0,32350.0,31950.0,32250.0,3654100
2026-07-20,30333.333984375,30800.0,31900.0,30500.0,31900.0,11369200
2026-07-21,30431.818359375,30900.0,31150.0,30600.0,30600.0,5591400
2026-07-22,29250.0,29700.0,31150.0,29700.0,31150.0,15790100
2026-07-23,29050.0,29050.0,29850.0,28400.0,29150.0,11433200
2026-07-24,29000.0,29000.0,29600.0,28650.0,29050.0,7636700
2026-07-27,28750.0,28750.0,29600.0,28750.0,29300.0,6451500
2026-07-28,29000.0,29000.0,29200.0,28400.0,28400.0,4953400
2026-07-29,29350.0,29350.0,29500.0,29100.0,29250.0,9178500
2026-07-30,30450.0,30450.0,30600.0,29350.0,29450.0,11105400
