date,Adj Close,Close,High,Low,Open,Volume
2016-01-04,2393.00341796875,3052.12939453125,3117.068359375,3030.483154296875,3117.068359375,2460049
2016-01-05,2376.03173828125,3030.483154296875,3073.77587890625,3030.483154296875,3030.483154296875,1849091
2016-01-06,2393.00341796875,3052.12939453125,3052.12939453125,3030.483154296875,3030.483154296875,1159782
2016-01-07,2359.059814453125,3008.8369140625,3052.12939453125,3008.8369140625,3052.12939453125,2778626
2016-01-08,2342.088134765625,2987.1904296875,3008.8369140625,2965.544189453125,2987.1904296875,2985543
2016-01-11,2325.116455078125,2965.544189453125,3008.8369140625,2965.544189453125,2987.1904296875,1944257
2016-01-12,2359.059814453125,3008.8369140625,3008.8369140625,2965.544189453125,2965.544189453125,2159028
2016-01-13,2342.088134765625,2987.1904296875,3030.483154296875,2987.1904296875,3008.8369140625,1753001
2016-01-14,2342.088134765625,2987.1904296875,2987.1904296875,2943.89794921875,2965.544189453125,2116434
2016-01-15,2325.116455078125,2965.544189453125,2987.1904296875,2943.89794921875,2965.544189453125,850814
2016-01-18,2257.22998046875,2878.958984375,2943.89794921875,2835.666259765625,2943.89794921875,6695876
2016-01-19,2291.173095703125,2922.251708984375,2922.251708984375,2857.312744140625,2857.312744140625,2136623
2016-01-20,2274.20166015625,2900.605224609375,2943.89794921875,2900.605224609375,2922.251708984375,3227016
2016-01-21,2257.22998046875,2878.958984375,2922.251708984375,2857.312744140625,2878.958984375,4221043
2016-01-22,2308.14501953125,2943.89794921875,2943.89794921875,2857.312744140625,2878.958984375,4881571
2016-01-25,2409.974853515625,3073.77587890625,3073.77587890625,2965.544189453125,2965.544189453125,9504946
2016-01-26,2393.00341796875,3052.12939453125,3073.77587890625,3008.8369140625,3073.77587890625,10443120
2016-01-27,2409.974853515625,3073.77587890625,3095.422119140625,3052.12939453125,3073.77587890625,6259404
2016-01-28,2460.89013671875,3138.714599609375,3160.361083984375,3095.422119140625,3095.422119140625,13423859
2016-01-29,2443.91796875,3117.068359375,3138.714599609375,3095.422119140625,3138.714599609375,4206860
2016-02-01,2443.91796875,3117.068359375,3138.714599609375,3095.422119140625,3138.714599609375,5085855
2016-02-02,2443.91796875,3117.068359375,3117.068359375,3073.77587890625,3095.422119140625,4644117
2016-02-03,2426.946533203125,3095.422119140625,3117.068359375,3095.422119140625,3095.422119140625,1988468
2016-02-04,2460.89013671875,3138.714599609375,3160.361083984375,3095.422119140625,3117.068359375,3178093
2016-02-05,2494.83349609375,3182.00732421875,3203.653564453125,3138.714599609375,3138.714599609375,7190048
2016-02-15,2545.748291015625,3246.9462890625,3290.23876953125,3203.653564453125,3246.9462890625,13342459
2016-02-16,2545.748291015625,3246.9462890625,3246.9462890625,3203.653564453125,3246.9462890625,3276401
2016-02-17,2528.776611328125,3225.2998046875,3246.9462890625,3225.2998046875,3246.9462890625,5386646
2016-02-18,2528.776611328125,3225.2998046875,3268.592529296875,3225.2998046875,3246.9462890625,9931993
2016-02-19,2630.606689453125,3355.177734375,3376.823974609375,3225.2998046875,3268.592529296875,89069091
2016-02-22,2630.606689453125,3355.177734375,3398.470458984375,3355.177734375,3376.823974609375,40604845
2016-02-23,2596.663330078125,3311.88525390625,3376.823974609375,3311.88525390625,3355.177734375,28555261
2016-02-24,2596.663330078125,3311.88525390625,3333.531494140625,3246.9462890625,3268.592529296875,28414314
2016-02-25,2562.719970703125,3268.592529296875,3333.531494140625,3268.592529296875,3311.88525390625,9000518
2016-02-26,2545.748291015625,3246.9462890625,3268.592529296875,3225.2998046875,3268.592529296875,10776895
2016-02-29,2477.86181640625,3160.361083984375,3246.9462890625,3160.361083984375,3246.9462890625,8505561
2016-03-01,2562.719970703125,3268.592529296875,3268.592529296875,3138.714599609375,3138.714599609375,13375075
2016-03-02,2545.748291015625,3246.9462890625,3290.23876953125,3225.2998046875,3268.592529296875,15175751
2016-03-03,2545.748291015625,3246.9462890625,3268.592529296875,3225.2998046875,3268.592529296875,6664277
2016-03-04,2545.748291015625,3246.9462890625,3268.592529296875,3225.2998046875,3246.9462890625,11478955
2016-03-07,2511.8046875,3203.653564453125,3246.9462890625,3203.653564453125,3225.2998046875,6191725
2016-03-08,2511.8046875,3203.653564453125,3203.653564453125,3182.00732421875,3203.653564453125,4543407
2016-03-09,2535.098876953125,3233.36328125,3255.0634765625,3211.662841796875,3211.662841796875,11807188
2016-03-10,2552.11279296875,3255.0634765625,3255.0634765625,3211.662841796875,3233.36328125,4341021
2016-03-11,2535.098876953125,3233.36328125,3255.0634765625,3211.662841796875,3255.0634765625,2402671
2016-03-14,2501.070556640625,3189.96240234375,3233.36328125,3189.96240234375,3233.36328125,4825481
2016-03-15,2501.070556640625,3189.96240234375,3211.662841796875,3168.261962890625,3211.662841796875,6415635
2016-03-16,2501.070556640625,3189.96240234375,3189.96240234375,3168.261962890625,3189.96240234375,3988032
2016-03-17,2518.08447265625,3211.662841796875,3211.662841796875,3168.261962890625,3189.96240234375,6479090
2016-03-18,2518.08447265625,3211.662841796875,3211.662841796875,3189.96240234375,3189.96240234375,822841
2016-03-21,2501.070556640625,3189.96240234375,3211.662841796875,3168.261962890625,3189.96240234375,4174572
2016-03-22,2484.056640625,3168.261962890625,3211.662841796875,3168.261962890625,3189.96240234375,3654444
2016-03-23,2484.056640625,3168.261962890625,3189.96240234375,3168.261962890625,3189.96240234375,755607
2016-03-24,2467.042236328125,3146.5615234375,3189.96240234375,3146.5615234375,3168.261962890625,4577376
2016-03-25,2484.056640625,3168.261962890625,3168.261962890625,3146.5615234375,3146.5615234375,5449064
2016-03-28,2484.056640625,3168.261962890625,3168.261962890625,3146.5615234375,3168.261962890625,4595624
2016-03-29,2467.042236328125,3146.5615234375,3168.261962890625,3146.5615234375,3168.261962890625,2201201
2016-03-30,2450.028076171875,3124.861083984375,3168.261962890625,3103.16064453125,3146.5615234375,5163585
2016-03-31,2433.01416015625,3103.16064453125,3146.5615234375,3103.16064453125,3124.861083984375,3348229
2016-04-01,2398.98583984375,3059.759765625,3103.16064453125,3038.059326171875,3103.16064453125,4107062
2016-04-04,2398.98583984375,3059.759765625,3081.460205078125,3038.059326171875,3059.759765625,1997933
2016-04-05,2416.0,3081.460205078125,3103.16064453125,3059.759765625,3059.759765625,6203104
2016-04-06,2467.042236328125,3146.5615234375,3146.5615234375,3081.460205078125,3081.460205078125,5367268
2016-04-07,2467.042236328125,3146.5615234375,3168.261962890625,3103.16064453125,3124.861083984375,3469563
2016-04-08,2450.028076171875,3124.861083984375,3146.5615234375,3103.16064453125,3146.5615234375,3699098
2016-04-11,2467.042236328125,3146.5615234375,3146.5615234375,3103.16064453125,3124.861083984375,1671994
2016-04-12,2450.028076171875,3124.861083984375,3146.5615234375,3103.16064453125,3146.5615234375,3180997
2016-04-13,2450.028076171875,3124.861083984375,3124.861083984375,3081.460205078125,3103.16064453125,2979619
2016-04-14,2467.042236328125,3146.5615234375,3146.5615234375,3103.16064453125,3103.16064453125,1486007
2016-04-15,2433.01416015625,3103.16064453125,3146.5615234375,3103.16064453125,3124.861083984375,525381
2016-04-19,2450.028076171875,3124.861083984375,3124.861083984375,3081.460205078125,3103.16064453125,2070881
2016-04-20,2467.042236328125,3146.5615234375,3146.5615234375,3103.16064453125,3124.861083984375,3072474
2016-04-21,2484.056640625,3168.261962890625,3168.261962890625,3103.16064453125,3124.861083984375,2664786
2016-04-22,2535.098876953125,3233.36328125,3255.0634765625,3146.5615234375,3168.261962890625,8168181
2016-04-25,2535.098876953125,3233.36328125,3255.0634765625,3189.96240234375,3211.662841796875,5119208
2016-04-26,2535.098876953125,3233.36328125,3255.0634765625,3189.96240234375,3189.96240234375,3714627
2016-04-27,2501.070556640625,3189.96240234375,3233.36328125,3189.96240234375,3189.96240234375,4705622
2016-04-28,2518.08447265625,3211.662841796875,3211.662841796875,3189.96240234375,3211.662841796875,3527811
2016-04-29,2569.126708984375,3276.763916015625,3276.763916015625,3233.36328125,3233.36328125,10480762
2016-05-04,2569.126708984375,3276.763916015625,3276.763916015625,3233.36328125,3276.763916015625,7661785
2016-05-05,2569.126708984375,3276.763916015625,3276.763916015625,3255.0634765625,3255.0634765625,4845803
2016-05-06,2603.15478515625,3320.164794921875,3320.164794921875,3255.0634765625,3276.763916015625,10222749
2016-05-09,2603.15478515625,3320.164794921875,3341.865234375,3276.763916015625,3320.164794921875,6170202
2016-05-10,2586.140625,3298.46435546875,3320.164794921875,3233.36328125,3233.36328125,2472301
2016-05-11,2603.15478515625,3320.164794921875,3320.164794921875,3298.46435546875,3298.46435546875,4654102
2016-05-12,2569.126708984375,3276.763916015625,3320.164794921875,3276.763916015625,3320.164794921875,1492920
2016-05-13,2569.126708984375,3276.763916015625,3298.46435546875,3276.763916015625,3276.763916015625,1409465
2016-05-16,2552.11279296875,3255.0634765625,3276.763916015625,3255.0634765625,3276.763916015625,1490938
2016-05-17,2552.11279296875,3255.0634765625,3276.763916015625,3255.0634765625,3255.0634765625,2319079
2016-05-18,2603.15478515625,3320.164794921875,3363.565673828125,3255.0634765625,3276.763916015625,16047428
2016-05-19,2654.197021484375,3385.26611328125,3406.966552734375,3298.46435546875,3320.164794921875,26135987
2016-05-20,2671.2109375,3406.966552734375,3450.367431640625,3363.565673828125,3385.26611328125,22248090
2016-05-23,2620.16845703125,3341.865234375,3406.966552734375,3341.865234375,3406.966552734375,6633510
2016-05-24,2637.182861328125,3363.565673828125,3385.26611328125,3298.46435546875,3320.164794921875,10308277
2016-05-25,2586.140625,3298.46435546875,3363.565673828125,3298.46435546875,3363.565673828125,2664233
2016-05-26,2603.15478515625,3320.164794921875,3320.164794921875,3298.46435546875,3298.46435546875,3547534
2016-05-27,2620.16845703125,3341.865234375,3363.565673828125,3298.46435546875,3320.164794921875,10343761
2016-05-30,2654.197021484375,3385.26611328125,3385.26611328125,3341.865234375,3341.865234375,10139709
2016-05-31,2654.197021484375,3385.26611328125,3406.966552734375,3341.865234375,3385.26611328125,4283787
2016-06-01,2654.197021484375,3385.26611328125,3406.966552734375,3363.565673828125,3406.966552734375,15025973
2016-06-02,2654.197021484375,3385.26611328125,3385.26611328125,3363.565673828125,3363.565673828125,13559458
2016-06-03,2620.16845703125,3341.865234375,3385.26611328125,3341.865234375,3385.26611328125,1739735
2016-06-06,2603.15478515625,3320.164794921875,3363.565673828125,3320.164794921875,3341.865234375,5361968
2016-06-07,2637.182861328125,3363.565673828125,3363.565673828125,3320.164794921875,3320.164794921875,7512111
2016-06-08,2620.16845703125,3341.865234375,3385.26611328125,3341.865234375,3363.565673828125,7078893
2016-06-09,2637.182861328125,3363.565673828125,3385.26611328125,3320.164794921875,3341.865234375,6623418
2016-06-10,2620.16845703125,3341.865234375,3450.367431640625,3341.865234375,3363.565673828125,22323987
2016-06-13,2603.15478515625,3320.164794921875,3341.865234375,3320.164794921875,3341.865234375,396766
2016-06-14,2603.15478515625,3320.164794921875,3341.865234375,3320.164794921875,3320.164794921875,396858
2016-06-15,2603.15478515625,3320.164794921875,3341.865234375,3276.763916015625,3341.865234375,1340757
2016-06-16,2586.140625,3298.46435546875,3341.865234375,3298.46435546875,3341.865234375,1145737
2016-06-17,2586.140625,3298.46435546875,3320.164794921875,3276.763916015625,3298.46435546875,955050
2016-06-20,2569.126708984375,3276.763916015625,3320.164794921875,3276.763916015625,3320.164794921875,339993
2016-06-21,2569.126708984375,3276.763916015625,3298.46435546875,3276.763916015625,3298.46435546875,591324
2016-06-22,2552.11279296875,3255.0634765625,3298.46435546875,3255.0634765625,3298.46435546875,1190068
2016-06-23,2552.11279296875,3255.0634765625,3276.763916015625,3255.0634765625,3276.763916015625,625794
2016-06-24,2535.098876953125,3233.36328125,3298.46435546875,3103.16064453125,3298.46435546875,5337683
2016-06-27,2535.098876953125,3233.36328125,3233.36328125,3168.261962890625,3168.261962890625,1374397
2016-06-28,2535.098876953125,3233.36328125,3255.0634765625,3211.662841796875,3233.36328125,357965
2016-06-29,2552.11279296875,3255.0634765625,3276.763916015625,3255.0634765625,3255.0634765625,1246335
2016-06-30,2535.098876953125,3233.36328125,3255.0634765625,3233.36328125,3255.0634765625,911687
2016-07-01,2552.11279296875,3255.0634765625,3255.0634765625,3211.662841796875,3233.36328125,1228040
2016-07-04,2552.11279296875,3255.0634765625,3276.763916015625,3233.36328125,3233.36328125,3113072
2016-07-05,2586.140625,3298.46435546875,3320.164794921875,3255.0634765625,3255.0634765625,3291133
2016-07-06,2569.126708984375,3276.763916015625,3298.46435546875,3276.763916015625,3276.763916015625,699018
2016-07-07,2569.126708984375,3276.763916015625,3298.46435546875,3276.763916015625,3276.763916015625,1303707
2016-07-08,2569.126708984375,3276.763916015625,3320.164794921875,3276.763916015625,3320.164794921875,1128180
2016-07-11,2586.140625,3298.46435546875,3298.46435546875,3255.0634765625,3276.763916015625,1252786
2016-07-12,2552.11279296875,3255.0634765625,3298.46435546875,3255.0634765625,3298.46435546875,2521425
2016-07-13,2603.15478515625,3320.164794921875,3320.164794921875,3255.0634765625,3276.763916015625,3199154
2016-07-14,2637.182861328125,3363.565673828125,3428.6669921875,3320.164794921875,3320.164794921875,3739973
2016-07-15,2637.182861328125,3363.565673828125,3385.26611328125,3320.164794921875,3341.865234375,868830
2016-07-18,2637.182861328125,3363.565673828125,3385.26611328125,3320.164794921875,3363.565673828125,1548495
2016-07-19,2586.140625,3298.46435546875,3341.865234375,3298.46435546875,3320.164794921875,1897151
2016-07-20,2569.126708984375,3276.763916015625,3320.164794921875,3276.763916015625,3298.46435546875,971087
2016-07-21,2586.140625,3298.46435546875,3320.164794921875,3276.763916015625,3276.763916015625,1163848
2016-07-22,2586.140625,3298.46435546875,3298.46435546875,3255.0634765625,3298.46435546875,2352258
2016-07-25,2552.11279296875,3255.0634765625,3298.46435546875,3255.0634765625,3276.763916015625,1341310
2016-07-26,2569.126708984375,3276.763916015625,3320.164794921875,3276.763916015625,3320.164794921875,787864
2016-07-27,2569.126708984375,3276.763916015625,3276.763916015625,3276.763916015625,3276.763916015625,0
2016-07-28,2569.126708984375,3276.763916015625,3298.46435546875,3276.763916015625,3298.46435546875,945649
2016-07-29,2552.11279296875,3255.0634765625,3298.46435546875,3255.0634765625,3298.46435546875,1771117
2016-08-01,2552.11279296875,3255.0634765625,3276.763916015625,3255.0634765625,3276.763916015625,1664667
2016-08-02,2535.098876953125,3233.36328125,3276.763916015625,3233.36328125,3255.0634765625,1083204
2016-08-03,2535.098876953125,3233.36328125,3255.0634765625,3211.662841796875,3255.0634765625,536256
2016-08-04,2518.08447265625,3211.662841796875,3233.36328125,3211.662841796875,3233.36328125,1679552
2016-08-05,2518.08447265625,3211.662841796875,3211.662841796875,3189.96240234375,3189.96240234375,768233
2016-08-08,2518.08447265625,3211.662841796875,3233.36328125,3211.662841796875,3211.662841796875,418885
2016-08-09,2518.08447265625,3211.662841796875,3233.36328125,3211.662841796875,3211.662841796875,665655
2016-08-10,2535.098876953125,3233.36328125,3255.0634765625,3211.662841796875,3233.36328125,969243
2016-08-11,2552.11279296875,3255.0634765625,3255.0634765625,3233.36328125,3255.0634765625,1116568
2016-08-12,2535.098876953125,3233.36328125,3276.763916015625,3233.36328125,3276.763916015625,347228
2016-08-15,2535.098876953125,3233.36328125,3255.0634765625,3211.662841796875,3255.0634765625,253405
2016-08-16,2518.08447265625,3211.662841796875,3233.36328125,3211.662841796875,3233.36328125,649618
2016-08-17,2535.098876953125,3233.36328125,3255.0634765625,3211.662841796875,3211.662841796875,1098918
2016-08-18,2535.098876953125,3233.36328125,3255.0634765625,3211.662841796875,3211.662841796875,1818996
2016-08-19,2518.08447265625,3211.662841796875,3255.0634765625,3211.662841796875,3233.36328125,557823
2016-08-22,2518.08447265625,3211.662841796875,3233.36328125,3211.662841796875,3211.662841796875,653305
2016-08-23,2518.08447265625,3211.662841796875,3233.36328125,3211.662841796875,3211.662841796875,471511
2016-08-24,2518.08447265625,3211.662841796875,3233.36328125,3211.662841796875,3211.662841796875,645655
2016-08-25,2535.098876953125,3233.36328125,3233.36328125,3211.662841796875,3211.662841796875,288427
2016-08-26,2535.098876953125,3233.36328125,3233.36328125,3211.662841796875,3233.36328125,636807
2016-08-29,2518.08447265625,3211.662841796875,3233.36328125,3211.662841796875,3211.662841796875,603352
2016-08-30,2518.08447265625,3211.662841796875,3233.36328125,3211.662841796875,3233.36328125,547731
2016-08-31,2518.08447265625,3211.662841796875,3233.36328125,3211.662841796875,3211.662841796875,536026
2016-09-01,2518.08447265625,3211.662841796875,3211.662841796875,3189.96240234375,3211.662841796875,581417
2016-09-05,2501.070556640625,3189.96240234375,3211.662841796875,3189.96240234375,3211.662841796875,482663
2016-09-06,2501.070556640625,3189.96240234375,3211.662841796875,3189.96240234375,3211.662841796875,833209
2016-09-07,2518.08447265625,3211.662841796875,3211.662841796875,3189.96240234375,3189.96240234375,311929
2016-09-08,2535.098876953125,3233.36328125,3233.36328125,3211.662841796875,3211.662841796875,903715
2016-09-09,2535.098876953125,3233.36328125,3233.36328125,3211.662841796875,3233.36328125,1108780
2016-09-12,2535.098876953125,3233.36328125,3244.21337890625,3211.662841796875,3233.36328125,1170576
2016-09-13,2526.591552734375,3222.512939453125,3233.36328125,3211.662841796875,3211.662841796875,713073
2016-09-14,2518.08447265625,3211.662841796875,3222.512939453125,3200.8125,3222.512939453125,637591
2016-09-15,2526.591552734375,3222.512939453125,3222.512939453125,3211.662841796875,3222.512939453125,751367
2016-09-16,2509.577392578125,3200.8125,3222.512939453125,3200.8125,3211.662841796875,554367
2016-09-19,2509.577392578125,3200.8125,3211.662841796875,3200.8125,3211.662841796875,1115600
2016-09-20,2509.577392578125,3200.8125,3211.662841796875,3189.96240234375,3200.8125,613490
2016-09-21,2501.070556640625,3189.96240234375,3200.8125,3189.96240234375,3189.96240234375,927401
2016-09-22,2509.577392578125,3200.8125,3211.662841796875,3189.96240234375,3189.96240234375,1532781
2016-09-23,2509.577392578125,3200.8125,3211.662841796875,3189.96240234375,3200.8125,970580
2016-09-26,2509.577392578125,3200.8125,3200.8125,3189.96240234375,3189.96240234375,492340
2016-09-27,2501.070556640625,3189.96240234375,3211.662841796875,3189.96240234375,3189.96240234375,1967058
2016-09-28,2501.070556640625,3189.96240234375,3211.662841796875,3179.112060546875,3189.96240234375,4449590
2016-09-29,2518.08447265625,3211.662841796875,3222.512939453125,3189.96240234375,3211.662841796875,926018
2016-09-30,2535.098876953125,3233.36328125,3233.36328125,3200.8125,3211.662841796875,422157
2016-10-03,2518.08447265625,3211.662841796875,3233.36328125,3200.8125,3233.36328125,1365272
2016-10-04,2509.577392578125,3200.8125,3211.662841796875,3189.96240234375,3189.96240234375,2315162
2016-10-05,2509.577392578125,3200.8125,3211.662841796875,3189.96240234375,3189.96240234375,1667525
2016-10-06,2535.098876953125,3233.36328125,3233.36328125,3200.8125,3211.662841796875,2814921
2016-10-07,2543.605712890625,3244.21337890625,3255.0634765625,3233.36328125,3255.0634765625,2140879
2016-10-10,2526.591552734375,3222.512939453125,3244.21337890625,3211.662841796875,3244.21337890625,1282140
2016-10-11,2518.08447265625,3211.662841796875,3222.512939453125,3200.8125,3211.662841796875,1487482
2016-10-12,2518.08447265625,3211.662841796875,3222.512939453125,3211.662841796875,3222.512939453125,2126686
2016-10-13,2518.08447265625,3211.662841796875,3222.512939453125,3211.662841796875,3211.662841796875,1753744
2016-10-14,2526.591552734375,3222.512939453125,3276.763916015625,3222.512939453125,3222.512939453125,3246203
2016-10-17,2552.11279296875,3255.0634765625,3255.0634765625,3211.662841796875,3222.512939453125,2201155
2016-10-18,2552.11279296875,3255.0634765625,3255.0634765625,3233.36328125,3233.36328125,558468
2016-10-19,2552.11279296875,3255.0634765625,3276.763916015625,3244.21337890625,3255.0634765625,2855520
2016-10-20,2552.11279296875,3255.0634765625,3255.0634765625,3244.21337890625,3255.0634765625,1280574
2016-10-21,2543.605712890625,3244.21337890625,3255.0634765625,3233.36328125,3255.0634765625,825790
2016-10-24,2563.59716796875,3269.71142578125,3326.675048828125,3235.533203125,3303.8896484375,2151373
2016-10-25,2554.66455078125,3258.318603515625,3292.496826171875,3258.318603515625,3258.318603515625,938011
2016-10-26,2545.732177734375,3246.926025390625,3281.10400390625,3246.926025390625,3258.318603515625,500056
2016-10-27,2545.732177734375,3246.926025390625,3258.318603515625,3235.533203125,3246.926025390625,793796
2016-10-28,2545.732177734375,3246.926025390625,3258.318603515625,3246.926025390625,3246.926025390625,705055
2016-10-31,2554.66455078125,3258.318603515625,3258.318603515625,3246.926025390625,3258.318603515625,1160784
2016-11-01,2554.66455078125,3258.318603515625,3258.318603515625,3235.533203125,3258.318603515625,483159
2016-11-02,2536.800048828125,3235.533203125,3258.318603515625,3224.140380859375,3258.318603515625,747319
2016-11-03,2510.002685546875,3201.35498046875,3235.533203125,3201.35498046875,3235.533203125,396525
2016-11-04,2483.20556640625,3167.1767578125,3189.96240234375,3167.1767578125,3178.569580078125,1028946
2016-11-07,2492.13818359375,3178.569580078125,3189.96240234375,3144.391357421875,3167.1767578125,365584
2016-11-08,2501.070556640625,3189.96240234375,3212.747802734375,3167.1767578125,3212.747802734375,383622
2016-11-09,2465.340576171875,3144.391357421875,3189.96240234375,2984.893310546875,3189.96240234375,1177593
2016-11-10,2474.27294921875,3155.7841796875,3167.1767578125,3144.391357421875,3144.391357421875,950124
2016-11-11,2465.340576171875,3144.391357421875,3178.569580078125,3144.391357421875,3167.1767578125,380330
2016-11-14,2456.408447265625,3132.998779296875,3167.1767578125,3121.60595703125,3144.391357421875,418600
2016-11-15,2447.47607421875,3121.60595703125,3144.391357421875,3110.21337890625,3132.998779296875,767639
2016-11-16,2429.611083984375,3098.820556640625,3121.60595703125,3087.427734375,3087.427734375,712209
2016-11-17,2420.6787109375,3087.427734375,3121.60595703125,3076.03515625,3098.820556640625,703650
2016-11-18,2411.74658203125,3076.03515625,3098.820556640625,3076.03515625,3087.427734375,825219
2016-11-21,2393.881591796875,3053.249755859375,3087.427734375,3053.249755859375,3076.03515625,1103599
2016-11-22,2393.881591796875,3053.249755859375,3076.03515625,3053.249755859375,3076.03515625,1099649
2016-11-23,2402.81396484375,3064.642333984375,3087.427734375,3053.249755859375,3064.642333984375,1713988
2016-11-24,2402.81396484375,3064.642333984375,3076.03515625,3030.464111328125,3076.03515625,1091881
2016-11-25,2384.94921875,3041.85693359375,3064.642333984375,3030.464111328125,3064.642333984375,565141
2016-11-28,2358.152099609375,3007.6787109375,3041.85693359375,2996.2861328125,3041.85693359375,564878
2016-11-29,2376.0166015625,3030.464111328125,3030.464111328125,2996.2861328125,3007.6787109375,245419
2016-11-30,2384.94921875,3041.85693359375,3053.249755859375,3007.6787109375,3030.464111328125,288385
2016-12-01,2367.08447265625,3019.071533203125,3053.249755859375,3019.071533203125,3041.85693359375,656340
2016-12-02,2376.0166015625,3030.464111328125,3041.85693359375,3019.071533203125,3030.464111328125,307125
2016-12-05,2358.152099609375,3007.6787109375,3030.464111328125,3007.6787109375,3019.071533203125,1141562
2016-12-06,2376.0166015625,3030.464111328125,3030.464111328125,2984.893310546875,2984.893310546875,760704
2016-12-07,2349.2197265625,2996.2861328125,3053.249755859375,2996.2861328125,3007.6787109375,649361
2016-12-08,2349.2197265625,2996.2861328125,3007.6787109375,2984.893310546875,2984.893310546875,471002
2016-12-09,2376.0166015625,3030.464111328125,3030.464111328125,2984.893310546875,3030.464111328125,530250
2016-12-12,2358.152099609375,3007.6787109375,3019.071533203125,2996.2861328125,2996.2861328125,595775
2016-12-13,2358.152099609375,3007.6787109375,3007.6787109375,2984.893310546875,3007.6787109375,966362
2016-12-14,2358.152099609375,3007.6787109375,3019.071533203125,2996.2861328125,3007.6787109375,656340
2016-12-15,2349.2197265625,2996.2861328125,3007.6787109375,2996.2861328125,3007.6787109375,428958
2016-12-16,2349.2197265625,2996.2861328125,3007.6787109375,2996.2861328125,2996.2861328125,891314
2016-12-19,2367.08447265625,3019.071533203125,3053.249755859375,2996.2861328125,2996.2861328125,1108031
2016-12-20,2376.0166015625,3030.464111328125,3030.464111328125,3007.6787109375,3019.071533203125,699920
2016-12-21,2376.0166015625,3030.464111328125,3030.464111328125,3019.071533203125,3030.464111328125,748767
2016-12-22,2367.08447265625,3019.071533203125,3030.464111328125,3007.6787109375,3030.464111328125,910537
2016-12-23,2358.152099609375,3007.6787109375,3019.071533203125,3007.6787109375,3019.071533203125,316078
2016-12-26,2349.2197265625,2996.2861328125,3019.071533203125,2996.2861328125,3019.071533203125,710409
2016-12-27,2367.08447265625,3019.071533203125,3019.071533203125,2996.2861328125,3007.6787109375,604025
2016-12-28,2376.0166015625,3030.464111328125,3041.85693359375,3019.071533203125,3030.464111328125,1091179
2016-12-29,2393.881591796875,3053.249755859375,3053.249755859375,3030.464111328125,3030.464111328125,701456
2016-12-30,2501.070556640625,3189.96240234375,3189.96240234375,3030.464111328125,3064.642333984375,5730851
2017-01-03,2456.408447265625,3132.998779296875,3167.1767578125,3087.427734375,3098.820556640625,1554369
2017-01-04,2429.611083984375,3098.820556640625,3167.1767578125,3098.820556640625,3167.1767578125,1792503
2017-01-05,2411.74658203125,3076.03515625,3098.820556640625,3076.03515625,3098.820556640625,2157824
2017-01-06,2456.408447265625,3132.998779296875,3155.7841796875,3076.03515625,3098.820556640625,2240904
2017-01-09,2447.47607421875,3121.60595703125,3144.391357421875,3121.60595703125,3132.998779296875,1241757
2017-01-10,2447.47607421875,3121.60595703125,3132.998779296875,3110.21337890625,3132.998779296875,1161969
2017-01-11,2456.408447265625,3132.998779296875,3144.391357421875,3121.60595703125,3121.60595703125,1311933
2017-01-12,2474.27294921875,3155.7841796875,3189.96240234375,3144.391357421875,3144.391357421875,2741355
2017-01-13,2456.408447265625,3132.998779296875,3167.1767578125,3132.998779296875,3167.1767578125,1045623
2017-01-16,2438.5439453125,3110.21337890625,3132.998779296875,3098.820556640625,3132.998779296875,714666
2017-01-17,2527.86767578125,3224.140380859375,3224.140380859375,3144.391357421875,3144.391357421875,9032739
2017-01-18,2501.070556640625,3189.96240234375,3235.533203125,3189.96240234375,3235.533203125,1914248
2017-01-19,2483.20556640625,3167.1767578125,3212.747802734375,3155.7841796875,3212.747802734375,1760070
2017-01-20,2483.20556640625,3167.1767578125,3189.96240234375,3155.7841796875,3189.96240234375,2024713
2017-01-23,2465.340576171875,3144.391357421875,3189.96240234375,3144.391357421875,3155.7841796875,1752785
2017-01-24,2518.93505859375,3212.747802734375,3212.747802734375,3144.391357421875,3144.391357421875,2017121
2017-01-25,2527.86767578125,3224.140380859375,3224.140380859375,3189.96240234375,3212.747802734375,2972994
2017-01-26,2527.86767578125,3224.140380859375,3224.140380859375,3224.140380859375,3224.140380859375,0
2017-02-03,2527.86767578125,3224.140380859375,3258.318603515625,3212.747802734375,3235.533203125,2649805
2017-02-06,2518.93505859375,3212.747802734375,3224.140380859375,3178.569580078125,3224.140380859375,1129449
2017-02-07,2501.070556640625,3189.96240234375,3235.533203125,3189.96240234375,3224.140380859375,2948153
2017-02-08,2527.86767578125,3224.140380859375,3224.140380859375,3189.96240234375,3224.140380859375,1608877
2017-02-09,2545.732177734375,3246.926025390625,3246.926025390625,3212.747802734375,3212.747802734375,2415752
2017-02-10,2527.86767578125,3224.140380859375,3246.926025390625,3224.140380859375,3246.926025390625,933315
2017-02-13,2572.52978515625,3281.10400390625,3292.496826171875,3246.926025390625,3258.318603515625,4119779
2017-02-14,2554.66455078125,3258.318603515625,3303.8896484375,3258.318603515625,3303.8896484375,2536268
2017-02-15,2590.39453125,3303.8896484375,3303.8896484375,3258.318603515625,3258.318603515625,2345751
2017-02-16,2608.259033203125,3326.675048828125,3383.638671875,3315.2822265625,3315.2822265625,4126449
2017-02-17,2635.056396484375,3360.853271484375,3360.853271484375,3315.2822265625,3326.675048828125,2213649
2017-02-20,2617.19140625,3338.067626953125,3360.853271484375,3338.067626953125,3349.46044921875,2449633
2017-02-21,2617.19140625,3338.067626953125,3349.46044921875,3326.675048828125,3338.067626953125,2755092
2017-02-22,2617.19140625,3338.067626953125,3349.46044921875,3303.8896484375,3338.067626953125,4127898
2017-02-23,2645.133056640625,3235.533203125,3258.318603515625,3201.35498046875,3258.318603515625,2930247
2017-02-24,2635.8193359375,3224.140380859375,3246.926025390625,3189.96240234375,3189.96240234375,1556212
2017-02-27,2626.50537109375,3212.747802734375,3224.140380859375,3189.96240234375,3189.96240234375,1275595
2017-02-28,2607.87744140625,3189.96240234375,3212.747802734375,3178.569580078125,3212.747802734375,1906348
2017-03-01,2598.563720703125,3178.569580078125,3212.747802734375,3155.7841796875,3212.747802734375,1166095
2017-03-02,2589.249755859375,3167.1767578125,3189.96240234375,3144.391357421875,3178.569580078125,884907
2017-03-03,2570.622314453125,3144.391357421875,3178.569580078125,3121.60595703125,3144.391357421875,761275
2017-03-06,2598.563720703125,3178.569580078125,3201.35498046875,3167.1767578125,3167.1767578125,1174960
2017-03-07,2598.563720703125,3178.569580078125,3178.569580078125,3167.1767578125,3178.569580078125,1159161
2017-03-08,2626.50537109375,3212.747802734375,3212.747802734375,3155.7841796875,3178.569580078125,2531747
2017-03-09,2710.329833984375,3315.2822265625,3349.46044921875,3201.35498046875,3212.747802734375,9681794
2017-03-10,2682.388671875,3281.10400390625,3383.638671875,3281.10400390625,3315.2822265625,5343454
2017-03-13,2738.271728515625,3349.46044921875,3349.46044921875,3258.318603515625,3281.10400390625,3962178
2017-03-14,2728.957763671875,3338.067626953125,3360.853271484375,3315.2822265625,3349.46044921875,3331863
2017-03-15,2701.0166015625,3303.8896484375,3338.067626953125,3303.8896484375,3326.675048828125,1561610
2017-03-16,2701.0166015625,3303.8896484375,3326.675048828125,3292.496826171875,3303.8896484375,2787130
2017-03-17,2701.0166015625,3303.8896484375,3338.067626953125,3292.496826171875,3292.496826171875,3231712
2017-03-20,2803.468505859375,3429.20947265625,3486.173095703125,3326.675048828125,3326.675048828125,13575288
2017-03-21,2868.665283203125,3508.95849609375,3520.351318359375,3429.20947265625,3440.602294921875,15416990
2017-03-22,2868.665283203125,3508.95849609375,3531.743896484375,3497.56591796875,3520.351318359375,11555490
2017-03-23,2868.665283203125,3508.95849609375,3520.351318359375,3463.3876953125,3497.56591796875,7804763
2017-03-24,2915.234619140625,3565.922119140625,3600.100341796875,3508.95849609375,3508.95849609375,8979723
2017-03-27,2877.979248046875,3520.351318359375,3600.100341796875,3508.95849609375,3565.922119140625,4501601
2017-03-28,2859.3515625,3497.56591796875,3531.743896484375,3486.173095703125,3520.351318359375,5495262
2017-03-29,2850.037841796875,3486.173095703125,3497.56591796875,3440.602294921875,3486.173095703125,5749723
2017-03-30,2896.607177734375,3543.13671875,3577.31494140625,3474.7802734375,3474.7802734375,4129214
2017-03-31,2859.3515625,3497.56591796875,3543.13671875,3474.7802734375,3543.13671875,2163266
2017-04-03,2877.979248046875,3520.351318359375,3520.351318359375,3440.602294921875,3463.3876953125,4621810
2017-04-04,2877.979248046875,3520.351318359375,3531.743896484375,3497.56591796875,3520.351318359375,4730914
2017-04-05,2868.665283203125,3508.95849609375,3554.529541015625,3508.95849609375,3531.743896484375,3979733
2017-04-07,2859.3515625,3497.56591796875,3508.95849609375,3474.7802734375,3486.173095703125,1736196
2017-04-10,2850.037841796875,3486.173095703125,3497.56591796875,3474.7802734375,3474.7802734375,1475810
2017-04-11,2915.234619140625,3565.922119140625,3577.31494140625,3474.7802734375,3486.173095703125,5666512
2017-04-12,2859.3515625,3497.56591796875,3565.922119140625,3497.56591796875,3565.922119140625,2690928
2017-04-13,2887.29296875,3531.743896484375,3543.13671875,3486.173095703125,3531.743896484375,2106476
2017-04-14,2831.41015625,3463.3876953125,3520.351318359375,3440.602294921875,3520.351318359375,4699579
2017-04-17,2812.7822265625,3440.602294921875,3508.95849609375,3440.602294921875,3508.95849609375,4285060
2017-04-18,2831.41015625,3463.3876953125,3463.3876953125,3395.03125,3440.602294921875,2290409
2017-04-19,2794.154541015625,3417.816650390625,3440.602294921875,3406.424072265625,3440.602294921875,1116589
2017-04-20,2794.154541015625,3417.816650390625,3440.602294921875,3406.424072265625,3406.424072265625,1605937
2017-04-21,2812.7822265625,3440.602294921875,3463.3876953125,3417.816650390625,3440.602294921875,1306711
2017-04-24,2784.841064453125,3406.424072265625,3429.20947265625,3406.424072265625,3417.816650390625,2834660
2017-04-25,2775.52685546875,3395.03125,3406.424072265625,3372.245849609375,3395.03125,3326685
2017-04-26,2803.468505859375,3429.20947265625,3486.173095703125,3395.03125,3406.424072265625,3419112
2017-04-27,2831.41015625,3463.3876953125,3508.95849609375,3429.20947265625,3463.3876953125,5888495
2017-04-28,2831.41015625,3463.3876953125,3463.3876953125,3463.3876953125,3463.3876953125,0
2017-05-03,3129.453125,3827.954833984375,3827.954833984375,3600.100341796875,3600.100341796875,18247745
2017-05-04,3073.570068359375,3759.598388671875,3827.954833984375,3748.205810546875,3827.954833984375,9649010
2017-05-05,3110.825439453125,3805.16943359375,3873.525634765625,3736.81298828125,3736.81298828125,9918173
2017-05-08,3054.9423828125,3736.81298828125,3816.56201171875,3736.81298828125,3805.16943359375,7891880
2017-05-09,3101.511474609375,3793.776611328125,3805.16943359375,3736.81298828125,3736.81298828125,5034354
2017-05-10,3148.0810546875,3850.740234375,3919.0966796875,3782.3837890625,3782.3837890625,13498353
2017-05-11,3148.0810546875,3850.740234375,3873.525634765625,3816.56201171875,3850.740234375,4244156
2017-05-12,3110.825439453125,3805.16943359375,3850.740234375,3805.16943359375,3850.740234375,5053928
2017-05-15,3073.570068359375,3759.598388671875,3805.16943359375,3759.598388671875,3805.16943359375,8245834
2017-05-16,3073.570068359375,3759.598388671875,3816.56201171875,3748.205810546875,3759.598388671875,6690235
2017-05-17,3082.884033203125,3770.9912109375,3782.3837890625,3748.205810546875,3748.205810546875,4312928
2017-05-18,3203.96435546875,3919.0966796875,3964.66748046875,3782.3837890625,3782.3837890625,20664244
2017-05-19,3306.416259765625,4044.41650390625,4044.41650390625,3941.882080078125,3941.882080078125,15143790
2017-05-22,3408.86865234375,4169.736328125,4238.0927734375,4055.809326171875,4067.201904296875,13301956
2017-05-23,3278.474853515625,4010.23828125,4158.34375,4010.23828125,4101.3798828125,14609940
2017-05-24,3502.007080078125,4283.66357421875,4283.66357421875,4010.23828125,4010.23828125,26537335
2017-05-25,3557.89013671875,4352.02001953125,4488.73291015625,4329.234375,4397.5908203125,22668769
2017-05-26,3623.08740234375,4431.76904296875,4465.947265625,4329.234375,4329.234375,9470212
2017-05-29,3576.5185546875,4374.8056640625,4465.947265625,4363.41259765625,4431.76904296875,12223724
2017-05-30,3539.26220703125,4329.234375,4443.16162109375,4306.44921875,4374.8056640625,14177076
2017-05-31,3511.321044921875,4295.056640625,4374.8056640625,4283.66357421875,4329.234375,9136709
2017-06-01,3557.89013671875,4352.02001953125,4363.41259765625,4295.056640625,4329.234375,5255811
2017-06-02,3539.26220703125,4329.234375,4386.1982421875,4306.44921875,4374.8056640625,4224758
2017-06-05,3557.89013671875,4352.02001953125,4431.76904296875,4340.62744140625,4374.8056640625,8267734
2017-06-06,3613.773681640625,4420.37646484375,4431.76904296875,4352.02001953125,4352.02001953125,6557958
2017-06-07,3772.10888671875,4614.052734375,4625.4453125,4477.33984375,4477.33984375,25762805
2017-06-08,3734.853759765625,4568.48193359375,4659.62353515625,4545.6962890625,4614.052734375,10174784
2017-06-09,3734.853759765625,4568.48193359375,4625.4453125,4557.0888671875,4568.48193359375,6702524
2017-06-12,3697.597900390625,4522.91064453125,4591.26708984375,4522.91064453125,4568.48193359375,7687758
2017-06-13,3706.912109375,4534.3037109375,4579.87451171875,4431.76904296875,4511.51806640625,13576781
2017-06-14,3790.736083984375,4636.837890625,4659.62353515625,4545.6962890625,4557.0888671875,13080016
2017-06-15,3744.16748046875,4579.87451171875,4659.62353515625,4557.0888671875,4636.837890625,7257571
2017-06-16,3762.795166015625,4602.66015625,4625.4453125,4557.0888671875,4568.48193359375,8100039
2017-06-19,3865.24755859375,4727.97998046875,4750.76513671875,4591.26708984375,4602.66015625,12339280
2017-06-20,3986.326904296875,4876.08544921875,4898.87060546875,4762.158203125,4762.158203125,15842437
2017-06-21,4079.46630859375,4990.0126953125,4990.0126953125,4727.97998046875,4876.08544921875,21547966
2017-06-22,4042.210693359375,4944.44140625,5081.154296875,4921.65625,4921.65625,10554281
2017-06-23,4004.954345703125,4898.87060546875,4921.65625,4830.51416015625,4898.87060546875,9489786
2017-06-26,4042.210693359375,4944.44140625,4990.0126953125,4841.9072265625,4864.6923828125,8600183
2017-06-27,4042.210693359375,4944.44140625,4978.61962890625,4898.87060546875,4944.44140625,5321511
2017-06-28,4060.83837890625,4967.22705078125,4967.22705078125,4898.87060546875,4910.26318359375,4696068
2017-06-29,4153.9765625,5081.154296875,5103.93994140625,4978.61962890625,5012.7978515625,9658490
2017-06-30,4153.9765625,5081.154296875,5183.68896484375,5081.154296875,5081.154296875,9697945
2017-07-03,4144.6630859375,5069.76171875,5138.11767578125,5058.36865234375,5126.72509765625,6536628
2017-07-04,4098.09375,5012.7978515625,5069.76171875,4967.22705078125,5069.76171875,12304214
2017-07-05,4051.52392578125,4955.83447265625,5012.7978515625,4898.87060546875,4990.0126953125,14760080
2017-07-06,4060.83837890625,4967.22705078125,5001.4052734375,4944.44140625,5001.4052734375,7701407
2017-07-07,3986.326904296875,4876.08544921875,4990.0126953125,4864.6923828125,4955.83447265625,13929769
2017-07-10,3865.24755859375,4727.97998046875,4876.08544921875,4693.8017578125,4853.2998046875,14547839
2017-07-11,3949.072021484375,4830.51416015625,4830.51416015625,4671.01611328125,4727.97998046875,14050153
2017-07-12,3967.699951171875,4853.2998046875,4898.87060546875,4853.2998046875,4876.08544921875,6498183
2017-07-13,3967.699951171875,4853.2998046875,4853.2998046875,4853.2998046875,4853.2998046875,0
2017-07-14,3958.3857421875,4841.9072265625,4898.87060546875,4819.12158203125,4864.6923828125,3504693
2017-07-17,3837.30615234375,4693.8017578125,4876.08544921875,4682.4091796875,4796.33642578125,11393896
2017-07-18,3855.933349609375,4716.5869140625,4750.76513671875,4557.0888671875,4682.4091796875,6088755
2017-07-19,3818.677978515625,4671.01611328125,4773.55078125,4671.01611328125,4773.55078125,2804553
2017-07-20,3874.560791015625,4739.37255859375,4739.37255859375,4602.66015625,4671.01611328125,3736815
2017-07-21,3781.422607421875,4625.4453125,4762.158203125,4625.4453125,4739.37255859375,4713184
2017-07-24,3855.933349609375,4716.5869140625,4716.5869140625,4602.66015625,4648.23095703125,6388069
2017-07-25,4116.72119140625,5035.58349609375,5035.58349609375,4693.8017578125,4693.8017578125,15659338
2017-07-26,4116.72119140625,5035.58349609375,5160.9033203125,4990.0126953125,5058.36865234375,16733357
2017-07-27,4135.34912109375,5058.36865234375,5115.33251953125,5012.7978515625,5035.58349609375,9587041
2017-07-28,4377.5087890625,5354.57958984375,5354.57958984375,5058.36865234375,5058.36865234375,29041609
2017-07-31,4433.39208984375,5422.93603515625,5491.29248046875,5320.4013671875,5354.57958984375,21869574
2017-08-01,4414.76416015625,5400.150390625,5400.150390625,5309.0087890625,5377.365234375,11952059
2017-08-02,4377.5087890625,5354.57958984375,5468.5068359375,5240.65234375,5309.0087890625,19068400
2017-08-03,4377.5087890625,5354.57958984375,5400.150390625,5195.08154296875,5309.0087890625,33294324
2017-08-04,4340.25390625,5309.0087890625,5422.93603515625,5286.22314453125,5422.93603515625,6588811
2017-08-07,4414.76416015625,5400.150390625,5411.54345703125,5286.22314453125,5309.0087890625,16493511
2017-08-08,4340.25390625,5309.0087890625,5400.150390625,5263.43798828125,5400.150390625,15244731
2017-08-09,4181.91845703125,5115.33251953125,5309.0087890625,5012.7978515625,5309.0087890625,32515098
2017-08-10,4191.232421875,5126.72509765625,5160.9033203125,5035.58349609375,5081.154296875,14650975
2017-08-11,4172.6044921875,5103.93994140625,5160.9033203125,5069.76171875,5103.93994140625,13705415
2017-08-14,4321.6259765625,5286.22314453125,5297.6162109375,5092.546875,5103.93994140625,14852244
2017-08-15,4265.7421875,5217.86669921875,5309.0087890625,5217.86669921875,5309.0087890625,6398207
2017-08-16,4237.8017578125,5183.68896484375,5217.86669921875,5115.33251953125,5217.86669921875,7812399
2017-08-17,4107.40673828125,5024.1904296875,5183.68896484375,5024.1904296875,5183.68896484375,16285088
2017-08-18,4172.6044921875,5103.93994140625,5103.93994140625,4944.44140625,4990.0126953125,8801364
2017-08-21,4135.34912109375,5058.36865234375,5115.33251953125,5035.58349609375,5103.93994140625,5064022
2017-08-22,4098.09375,5012.7978515625,5081.154296875,4944.44140625,5058.36865234375,7925761
2017-08-23,4098.09375,5012.7978515625,5046.97607421875,4967.22705078125,5012.7978515625,389775137
2017-08-24,4247.11474609375,5195.08154296875,5195.08154296875,5001.4052734375,5001.4052734375,1811217633
2017-08-25,4275.05712890625,5229.259765625,5286.22314453125,5183.68896484375,5206.47412109375,13718889
2017-08-28,4293.68408203125,5252.044921875,5309.0087890625,5183.68896484375,5183.68896484375,9535912
2017-08-29,4275.05712890625,5229.259765625,5331.7939453125,5217.86669921875,5240.65234375,18460381
2017-08-30,4321.6259765625,5286.22314453125,5331.7939453125,5229.259765625,5274.83056640625,10429815
2017-08-31,4424.07861328125,5411.54345703125,5468.5068359375,5286.22314453125,5309.0087890625,29723228
2017-09-01,4368.1953125,5343.18701171875,5445.72119140625,5297.6162109375,5445.72119140625,15980332
2017-09-04,4368.1953125,5343.18701171875,5343.18701171875,5343.18701171875,5343.18701171875,0
2017-09-05,4349.56689453125,5320.4013671875,5388.7578125,5297.6162109375,5331.7939453125,12411958
2017-09-06,4349.56689453125,5320.4013671875,5320.4013671875,5252.044921875,5309.0087890625,10559942
2017-09-07,4321.6259765625,5286.22314453125,5377.365234375,5286.22314453125,5309.0087890625,12787680
2017-09-08,4237.8017578125,5183.68896484375,5309.0087890625,5183.68896484375,5286.22314453125,18893464
2017-09-11,4181.91845703125,5115.33251953125,5217.86669921875,5115.33251953125,5149.5107421875,16962100
2017-09-12,4284.37060546875,5240.65234375,5263.43798828125,5103.93994140625,5103.93994140625,28106231
2017-09-13,4284.37060546875,5240.65234375,5309.0087890625,5240.65234375,5263.43798828125,6557870
2017-09-14,4302.99853515625,5263.43798828125,5331.7939453125,5263.43798828125,5274.83056640625,9061925
2017-09-15,4265.7421875,5217.86669921875,5263.43798828125,5206.47412109375,5263.43798828125,8248072
2017-09-18,4284.37060546875,5240.65234375,5309.0087890625,5217.86669921875,5240.65234375,11574976
2017-09-19,4265.7421875,5217.86669921875,5309.0087890625,5217.86669921875,5240.65234375,11269035
2017-09-20,4275.05712890625,5229.259765625,5240.65234375,5206.47412109375,5217.86669921875,6630899
2017-09-21,4312.31103515625,5274.83056640625,5297.6162109375,5217.86669921875,5229.259765625,9505322
2017-09-22,4275.05712890625,5229.259765625,5331.7939453125,5229.259765625,5286.22314453125,16587869
2017-09-25,4265.7421875,5217.86669921875,5263.43798828125,5206.47412109375,5229.259765625,10503854
2017-09-26,4237.8017578125,5183.68896484375,5229.259765625,5160.9033203125,5229.259765625,13004529
2017-09-27,4228.4873046875,5172.2958984375,5195.08154296875,5160.9033203125,5195.08154296875,8054264
2017-09-28,4200.5458984375,5138.11767578125,5195.08154296875,5115.33251953125,5183.68896484375,28574995
2017-09-29,4254.10009765625,5203.6259765625,5299.32470703125,5191.66357421875,5215.58837890625,10861570
2017-10-02,4224.76220703125,5167.73876953125,5299.32470703125,5143.814453125,5203.6259765625,8280682
2017-10-03,4214.982421875,5155.7763671875,5191.66357421875,5072.0400390625,5191.66357421875,6775670
2017-10-04,4381.23486328125,5359.13671875,5359.13671875,5155.7763671875,5167.73876953125,14577977
2017-10-05,4322.55712890625,5287.3623046875,5442.873046875,5287.3623046875,5395.02392578125,17622653
2017-10-06,4518.14794921875,5526.60986328125,5550.53466796875,5287.3623046875,5287.3623046875,30210388
2017-10-09,4537.70751953125,5550.53466796875,5646.2333984375,5526.60986328125,5610.34619140625,23460047
2017-10-10,4567.0458984375,5586.42138671875,5658.19580078125,5526.60986328125,5526.60986328125,22092716
2017-10-11,4557.265625,5574.458984375,5658.19580078125,5538.572265625,5586.42138671875,16641659
2017-10-12,4518.14794921875,5526.60986328125,5622.30859375,5526.60986328125,5598.3837890625,17232094
2017-10-13,4567.0458984375,5586.42138671875,5586.42138671875,5526.60986328125,5526.60986328125,14083677
2017-10-16,4518.14794921875,5526.60986328125,5658.19580078125,5526.60986328125,5646.2333984375,16439859
2017-10-17,4586.60498046875,5610.34619140625,5610.34619140625,5526.60986328125,5526.60986328125,21053164
2017-10-18,4518.14794921875,5526.60986328125,5646.2333984375,5526.60986328125,5634.27099609375,19200059
2017-10-19,4420.35302734375,5406.986328125,5538.572265625,5406.986328125,5526.60986328125,26349569
2017-10-20,4400.79345703125,5383.0615234375,5466.7978515625,5371.09912109375,5406.986328125,15730760
2017-10-23,4342.1162109375,5311.287109375,5383.0615234375,5263.43798828125,5359.13671875,12549489
2017-10-24,4371.455078125,5347.17431640625,5347.17431640625,5287.3623046875,5287.3623046875,8582421
2017-10-25,4439.91162109375,5430.91064453125,5442.873046875,5371.09912109375,5383.0615234375,14463117
2017-10-26,4400.79345703125,5383.0615234375,5442.873046875,5335.2119140625,5418.94873046875,12642531
2017-10-27,4498.58935546875,5502.68505859375,5502.68505859375,5383.0615234375,5383.0615234375,12959944
2017-10-30,4420.35302734375,5406.986328125,5550.53466796875,5406.986328125,5526.60986328125,15498950
2017-10-31,4420.35302734375,5406.986328125,5490.72265625,5371.09912109375,5406.986328125,13853162
2017-11-01,4430.1328125,5418.94873046875,5466.7978515625,5406.986328125,5418.94873046875,10313350
2017-11-02,4391.013671875,5371.09912109375,5490.72265625,5311.287109375,5454.83544921875,16397727
2017-11-03,4430.1328125,5418.94873046875,5418.94873046875,5347.17431640625,5383.0615234375,7127440
2017-11-06,4479.0302734375,5478.76025390625,5478.76025390625,5406.986328125,5430.91064453125,11338942
2017-11-07,4547.48681640625,5562.49658203125,5598.3837890625,5454.83544921875,5478.76025390625,28312560
2017-11-08,4655.06103515625,5694.08251953125,5718.00732421875,5574.458984375,5586.42138671875,34750044
2017-11-09,4596.384765625,5622.30859375,5718.00732421875,5610.34619140625,5718.00732421875,21755659
2017-11-10,4606.16357421875,5634.27099609375,5741.93212890625,5562.49658203125,5610.34619140625,27155932
2017-11-13,4508.36865234375,5514.6474609375,5646.2333984375,5514.6474609375,5634.27099609375,26569425
2017-11-14,4518.14794921875,5526.60986328125,5598.3837890625,5430.91064453125,5538.572265625,18187842
2017-11-15,4479.0302734375,5478.76025390625,5550.53466796875,5466.7978515625,5526.60986328125,15368415
2017-11-16,4557.265625,5574.458984375,5586.42138671875,5466.7978515625,5478.76025390625,21916831
2017-11-17,4615.943359375,5646.2333984375,5682.12060546875,5574.458984375,5622.30859375,22881022
2017-11-20,4645.2822265625,5682.12060546875,5741.93212890625,5622.30859375,5658.19580078125,16877357
2017-11-21,4694.1796875,5741.93212890625,5909.4052734375,5670.158203125,5718.00732421875,39412921
2017-11-22,4733.2978515625,5789.78173828125,5837.630859375,5718.00732421875,5753.89453125,47277925
2017-11-23,4831.09375,5909.4052734375,6029.02880859375,5789.78173828125,5933.330078125,47740292
2017-11-24,4840.873046875,5921.36767578125,5993.1416015625,5837.630859375,5909.4052734375,17727189
2017-11-27,4772.41552734375,5837.630859375,5981.17919921875,5837.630859375,5933.330078125,24480665
2017-11-28,4743.07763671875,5801.744140625,5873.51806640625,5765.85693359375,5825.66845703125,26018029
2017-11-29,4889.7705078125,5981.17919921875,5981.17919921875,5801.744140625,5837.630859375,23053563
2017-11-30,5007.1259765625,6124.7275390625,6148.65234375,6005.10400390625,6005.10400390625,32494218
2017-12-01,4987.56640625,6100.802734375,6148.65234375,6076.87841796875,6124.7275390625,18777400
2017-12-04,5056.02294921875,6184.53955078125,6208.46435546875,6136.68994140625,6172.5771484375,20808939
2017-12-05,4870.21142578125,5957.25439453125,6208.46435546875,5957.25439453125,6184.53955078125,32724900
2017-12-06,4870.21142578125,5957.25439453125,5981.17919921875,5825.66845703125,5981.17919921875,25076409
2017-12-07,4831.09375,5909.4052734375,6029.02880859375,5885.48046875,5981.17919921875,10286182
2017-12-08,4870.21142578125,5957.25439453125,5993.1416015625,5873.51806640625,5933.330078125,10638370
2017-12-11,4694.1796875,5741.93212890625,5921.36767578125,5741.93212890625,5897.44287109375,15620623
2017-12-12,4694.1796875,5741.93212890625,5849.59326171875,5347.17431640625,5765.85693359375,32746677
2017-12-13,4547.48681640625,5562.49658203125,5789.78173828125,5562.49658203125,5777.8193359375,10198406
2017-12-14,4694.1796875,5741.93212890625,5789.78173828125,5574.458984375,5598.3837890625,12277511
2017-12-15,4743.07763671875,5801.744140625,5801.744140625,5718.00732421875,5753.89453125,10683887
2017-12-18,4831.09375,5909.4052734375,5909.4052734375,5801.744140625,5813.70654296875,19161187
2017-12-19,4801.75439453125,5873.51806640625,5921.36767578125,5825.66845703125,5897.44287109375,15022873
2017-12-20,4870.21142578125,5957.25439453125,5993.1416015625,5837.630859375,5885.48046875,22181578
2017-12-21,4879.99072265625,5969.216796875,6064.916015625,5945.29248046875,5981.17919921875,23693529
2017-12-22,4938.6689453125,6040.9912109375,6052.95361328125,5921.36767578125,5969.216796875,18591066
2017-12-25,4889.7705078125,5981.17919921875,6124.7275390625,5957.25439453125,6052.95361328125,17508043
2017-12-26,4889.7705078125,5981.17919921875,6005.10400390625,5897.44287109375,5909.4052734375,21336218
2017-12-27,4909.3291015625,6005.10400390625,6076.87841796875,5957.25439453125,5981.17919921875,29343585
2017-12-28,5016.904296875,6136.68994140625,6136.68994140625,5993.1416015625,6029.02880859375,43897112
2017-12-29,4968.0068359375,6076.87841796875,6184.53955078125,6076.87841796875,6160.61474609375,19681193
2018-01-01,4968.0068359375,6076.87841796875,6076.87841796875,6076.87841796875,6076.87841796875,0
2018-01-02,5192.93701171875,6352.0126953125,6352.0126953125,6064.916015625,6100.802734375,32869102
2018-01-03,5144.03857421875,6292.20068359375,6423.78662109375,6268.27587890625,6363.974609375,31658722
2018-01-04,5153.818359375,6304.1630859375,6352.0126953125,6256.3134765625,6328.087890625,27135492
2018-01-05,5114.69970703125,6256.3134765625,6328.087890625,6208.46435546875,6316.12548828125,40912165
2018-01-08,5368.96826171875,6567.3349609375,6567.3349609375,6232.388671875,6244.35107421875,38381477
2018-01-09,5417.8662109375,6627.146484375,6698.9208984375,6363.974609375,6603.22216796875,37158056
2018-01-10,5427.6455078125,6639.10888671875,6722.845703125,6531.44775390625,6579.29736328125,27609145
2018-01-11,5505.88232421875,6734.80810546875,6794.61962890625,6579.29736328125,6639.10888671875,40883199
2018-01-12,5378.74755859375,6579.29736328125,6890.31884765625,6555.37255859375,6794.61962890625,45859601
2018-01-15,5535.22021484375,6770.69482421875,6806.58203125,6567.3349609375,6651.0712890625,26517011
2018-01-16,5584.1181640625,6830.5068359375,6830.5068359375,6651.0712890625,6674.99609375,25399338
2018-01-17,5474.2333984375,6555.37255859375,6830.5068359375,6555.37255859375,6710.88330078125,39077493
2018-01-18,5594.10791015625,6698.9208984375,6698.9208984375,6435.7490234375,6507.52294921875,22884826
2018-01-19,5554.14990234375,6651.0712890625,6770.69482421875,6639.10888671875,6770.69482421875,26877182
2018-01-22,5554.14990234375,6651.0712890625,6651.0712890625,6651.0712890625,6651.0712890625,0
2018-01-23,5554.14990234375,6651.0712890625,6651.0712890625,6651.0712890625,6651.0712890625,0
2018-01-24,5554.14990234375,6651.0712890625,6651.0712890625,6651.0712890625,6651.0712890625,0
2018-01-25,5933.75048828125,7105.64111328125,7165.45263671875,6782.6572265625,6818.54443359375,72868112
2018-01-26,6293.37109375,7536.2861328125,7584.13525390625,7105.64111328125,7177.4150390625,36430231
2018-01-29,6613.0341796875,7919.08154296875,8026.74267578125,7631.98486328125,7631.98486328125,34213946
2018-01-30,6553.09765625,7847.30712890625,7931.0439453125,7608.06005859375,7679.83447265625,30157430
2018-01-31,6373.28662109375,7631.98486328125,7823.3828125,7620.0224609375,7655.90966796875,35482091
2018-02-01,6133.5390625,7344.88818359375,7631.98486328125,7320.96337890625,7631.98486328125,24062353
2018-02-02,6193.47705078125,7416.66259765625,7560.21044921875,7320.96337890625,7344.88818359375,22590277
2018-02-05,5793.8974609375,6938.16796875,7297.03857421875,6914.2431640625,7249.189453125,27622269
2018-02-06,5554.14990234375,6651.0712890625,6938.16796875,6459.673828125,6459.673828125,44240230
2018-02-07,5833.85498046875,6986.017578125,7057.79150390625,6890.31884765625,7033.86669921875,20504192
2018-02-08,5654.0439453125,6770.69482421875,6974.05517578125,6770.69482421875,6938.16796875,8213722
2018-02-09,5773.91796875,6914.2431640625,6938.16796875,6507.52294921875,6531.44775390625,17903576
2018-02-12,6173.4970703125,7392.73779296875,7392.73779296875,7057.79150390625,7177.4150390625,17939689
2018-02-13,6293.37109375,7536.2861328125,7631.98486328125,7464.51171875,7464.51171875,20931072
2018-02-14,6293.37109375,7536.2861328125,7536.2861328125,7536.2861328125,7536.2861328125,0
2018-02-15,6293.37109375,7536.2861328125,7536.2861328125,7536.2861328125,7536.2861328125,0
2018-02-16,6293.37109375,7536.2861328125,7536.2861328125,7536.2861328125,7536.2861328125,0
2018-02-19,6293.37109375,7536.2861328125,7536.2861328125,7536.2861328125,7536.2861328125,0
2018-02-20,6293.37109375,7536.2861328125,7536.2861328125,7536.2861328125,7536.2861328125,0
2018-02-21,6333.32861328125,7584.13525390625,7751.6083984375,7512.361328125,7584.13525390625,18878216
2018-02-22,6303.3603515625,7548.24853515625,7703.7587890625,7416.66259765625,7416.66259765625,25076200
2018-02-23,6593.05517578125,7895.15673828125,7895.15673828125,7524.32373046875,7560.21044921875,36322936
2018-02-26,6503.15087890625,7787.49560546875,8026.74267578125,7775.533203125,7990.85546875,35683848
2018-02-27,6553.09765625,7847.30712890625,7871.23193359375,7691.796875,7823.3828125,20321577
2018-02-28,6553.09765625,7847.30712890625,7847.30712890625,7847.30712890625,7847.30712890625,0
2018-03-01,6772.86572265625,8110.47900390625,8349.7265625,7978.89306640625,8134.40380859375,33046910
2018-03-02,6832.80322265625,8182.25341796875,8182.25341796875,7943.00634765625,7966.9306640625,19550784
2018-03-05,6493.16064453125,7775.533203125,8361.6884765625,7775.533203125,8254.02734375,24592223
2018-03-06,6792.845703125,8134.40380859375,8230.1025390625,7787.49560546875,7895.15673828125,28851040
2018-03-07,6593.05517578125,7895.15673828125,8218.140625,7775.533203125,8158.32861328125,34038897
2018-03-08,6603.044921875,7907.119140625,8014.7802734375,7883.1943359375,7943.00634765625,16205792
2018-03-09,6692.9501953125,8014.7802734375,8086.5546875,7943.00634765625,8050.66748046875,16783312
2018-03-12,6752.8876953125,8086.5546875,8206.177734375,8074.59228515625,8134.40380859375,27507952
2018-03-13,6932.6982421875,8301.876953125,8301.876953125,8038.705078125,8086.5546875,25542245
2018-03-14,6952.6767578125,8325.8017578125,8469.349609375,8301.876953125,8397.576171875,34025480
2018-03-15,7182.43408203125,8600.935546875,8708.5966796875,8277.9521484375,8325.8017578125,30717729
2018-03-16,7192.42431640625,8612.8984375,8720.5595703125,8445.4248046875,8612.8984375,24888444
2018-03-19,7172.4453125,8588.9736328125,8768.4091796875,8541.1240234375,8612.8984375,41261511
2018-03-20,7272.33984375,8708.5966796875,8792.333984375,8493.2744140625,8493.2744140625,36059109
2018-03-21,7352.25634765625,8804.2958984375,8864.107421875,8732.521484375,8756.4462890625,27291774
2018-03-22,7192.42431640625,8612.8984375,8828.220703125,8577.0107421875,8804.2958984375,29385927
2018-03-23,7092.52880859375,8493.2744140625,8493.2744140625,8242.0654296875,8373.6513671875,41457960
2018-03-26,7152.466796875,8565.048828125,8565.048828125,8397.576171875,8397.576171875,19545936
2018-03-27,7152.466796875,8565.048828125,8708.5966796875,8541.1240234375,8708.5966796875,20462770
2018-03-28,7072.5498046875,8469.349609375,8577.0107421875,8421.5009765625,8517.19921875,16904400
2018-03-29,7032.5927734375,8421.5009765625,8541.1240234375,8254.02734375,8541.1240234375,14337222
2018-03-30,6932.6982421875,8301.876953125,8469.349609375,8218.140625,8445.4248046875,19681611
2018-04-02,7152.466796875,8565.048828125,8600.935546875,8301.876953125,8301.876953125,20362246
2018-04-03,7332.2763671875,8780.37109375,8780.37109375,8565.048828125,8660.748046875,41014779
2018-04-04,7292.31884765625,8732.521484375,8959.806640625,8732.521484375,8852.1455078125,29847081
2018-04-05,7332.2763671875,8780.37109375,8828.220703125,8720.5595703125,8828.220703125,17241332
2018-04-06,7312.29736328125,8756.4462890625,8864.107421875,8744.484375,8828.220703125,18731213
2018-04-09,7352.25634765625,8804.2958984375,8852.1455078125,8612.8984375,8768.4091796875,33087370
2018-04-10,7302.30859375,8744.484375,8947.8447265625,8588.9736328125,8828.220703125,35805146
2018-04-11,7032.5927734375,8421.5009765625,8768.4091796875,8421.5009765625,8768.4091796875,41482454
2018-04-12,6952.6767578125,8325.8017578125,8445.4248046875,8254.02734375,8349.7265625,33079930
2018-04-13,6613.0341796875,7919.08154296875,8445.4248046875,7919.08154296875,8397.576171875,29755962
2018-04-16,6712.9296875,8038.705078125,8146.3662109375,7919.08154296875,7966.9306640625,29089288
2018-04-17,6892.73974609375,8254.02734375,8254.02734375,8026.74267578125,8110.47900390625,18246819
2018-04-18,6722.9189453125,8050.66748046875,8301.876953125,8050.66748046875,8289.9150390625,12799315
2018-04-19,6373.28662109375,7631.98486328125,8050.66748046875,7584.13525390625,8038.705078125,36842148
2018-04-20,6563.08642578125,7859.26953125,7895.15673828125,7584.13525390625,7775.533203125,23331059
2018-04-23,6113.560546875,7320.96337890625,7895.15673828125,7320.96337890625,7883.1943359375,34613282
2018-04-24,6103.57080078125,7309.0009765625,7440.5869140625,7081.71630859375,7261.15185546875,26174520
2018-04-25,6103.57080078125,7309.0009765625,7309.0009765625,7309.0009765625,7309.0009765625,0
2018-04-26,5694.00244140625,6818.54443359375,7368.81298828125,6818.54443359375,7356.8505859375,30618877
2018-04-27,5973.7080078125,7153.49072265625,7177.4150390625,6818.54443359375,6818.54443359375,20961125
2018-04-30,5973.7080078125,7153.49072265625,7153.49072265625,7153.49072265625,7153.49072265625,0
2018-05-01,5973.7080078125,7153.49072265625,7153.49072265625,7153.49072265625,7153.49072265625,0
2018-05-02,5853.833984375,7009.9423828125,7237.22705078125,6698.9208984375,7177.4150390625,20535749
2018-05-03,6043.63427734375,7237.22705078125,7237.22705078125,6722.845703125,6890.31884765625,27586908
2018-05-04,6133.5390625,7344.88818359375,7392.73779296875,7201.33984375,7297.03857421875,17504783
2018-05-07,6433.2236328125,7703.7587890625,7739.64599609375,7344.88818359375,7416.66259765625,21588551
2018-05-08,6293.37109375,7536.2861328125,7727.68359375,7512.361328125,7655.90966796875,21977814
2018-05-09,6233.43408203125,7464.51171875,7631.98486328125,7404.7001953125,7512.361328125,15446911
2018-05-10,5903.78125,7069.75390625,7476.47412109375,7045.8291015625,7416.66259765625,23275510
2018-05-11,6103.57080078125,7309.0009765625,7309.0009765625,6926.20556640625,7009.9423828125,14064241
2018-05-14,6193.47705078125,7416.66259765625,7416.66259765625,7213.30224609375,7392.73779296875,12014436
2018-05-15,6193.47705078125,7416.66259765625,7548.24853515625,7344.88818359375,7380.775390625,18275450
2018-05-16,6053.62353515625,7249.189453125,7416.66259765625,7213.30224609375,7356.8505859375,10325054
2018-05-17,5973.7080078125,7153.49072265625,7297.03857421875,7129.56591796875,7249.189453125,15030689
2018-05-18,6053.62353515625,7249.189453125,7249.189453125,6866.39404296875,7177.4150390625,16063554
2018-05-21,5913.77099609375,7081.71630859375,7320.96337890625,7081.71630859375,7320.96337890625,11324606
2018-05-22,5753.939453125,6890.31884765625,7069.75390625,6698.9208984375,6986.017578125,22899748
2018-05-23,5853.833984375,7009.9423828125,7057.79150390625,6782.6572265625,6818.54443359375,14101232
2018-05-24,5843.84521484375,6997.97998046875,7105.64111328125,6890.31884765625,7009.9423828125,14533212
2018-05-25,5634.06591796875,6746.7705078125,7069.75390625,6746.7705078125,6997.97998046875,15308268
2018-05-28,5254.46484375,6292.20068359375,6746.7705078125,6280.23828125,6603.22216796875,36751322
2018-05-29,5614.0859375,6722.845703125,6722.845703125,6292.20068359375,6411.82421875,26435254
2018-05-30,5504.20263671875,6591.259765625,6782.6572265625,6555.37255859375,6698.9208984375,16248258
2018-05-31,5813.8759765625,6962.0927734375,6974.05517578125,6555.37255859375,6555.37255859375,20210144
2018-06-01,5843.84521484375,6997.97998046875,7105.64111328125,6866.39404296875,6914.2431640625,27444921
2018-06-04,6083.5927734375,7285.07666015625,7285.07666015625,6938.16796875,6962.0927734375,28224701
2018-06-05,6083.5927734375,7285.07666015625,7368.81298828125,7129.56591796875,7273.1142578125,22705179
2018-06-06,6103.57080078125,7309.0009765625,7356.8505859375,7153.49072265625,7201.33984375,30719610
2018-06-07,6173.4970703125,7392.73779296875,7512.361328125,7320.96337890625,7368.81298828125,39186460
2018-06-08,6143.52880859375,7356.8505859375,7416.66259765625,7177.4150390625,7273.1142578125,20217960
2018-06-11,6053.62353515625,7249.189453125,7452.54931640625,7237.22705078125,7273.1142578125,23785860
2018-06-12,5883.802734375,7045.8291015625,7201.33984375,6854.431640625,7177.4150390625,46079039
2018-06-13,5893.79150390625,7057.79150390625,7105.64111328125,6890.31884765625,7033.86669921875,17192763
2018-06-14,5713.98193359375,6842.46923828125,7081.71630859375,6842.46923828125,7057.79150390625,12858459
2018-06-15,5873.8125,7033.86669921875,7057.79150390625,6770.69482421875,6770.69482421875,15815401
2018-06-18,5594.10791015625,6698.9208984375,7093.6787109375,6674.99609375,7045.8291015625,23864566
2018-06-19,5494.21240234375,6579.29736328125,6615.1845703125,6244.35107421875,6579.29736328125,34280446
2018-06-20,5574.12841796875,6674.99609375,6758.732421875,6543.41015625,6651.0712890625,20153717
2018-06-21,5414.29736328125,6483.5986328125,6674.99609375,6459.673828125,6674.99609375,10582319
2018-06-22,5574.12841796875,6674.99609375,6674.99609375,6363.974609375,6435.7490234375,13629628
2018-06-25,5634.06591796875,6746.7705078125,6842.46923828125,6710.88330078125,6746.7705078125,16387529
2018-06-26,5574.12841796875,6674.99609375,6722.845703125,6579.29736328125,6639.10888671875,10527480
2018-06-27,5454.25537109375,6531.44775390625,6722.845703125,6531.44775390625,6698.9208984375,9483121
2018-06-28,5294.42333984375,6340.05029296875,6531.44775390625,6292.20068359375,6435.7490234375,23028819
2018-06-29,5234.486328125,6268.27587890625,6435.7490234375,6244.35107421875,6340.05029296875,14781240
2018-07-02,4964.7705078125,5945.29248046875,6256.3134765625,5909.4052734375,6124.7275390625,24998915
2018-07-03,4685.06494140625,5610.34619140625,6017.06640625,5598.3837890625,5957.25439453125,27541725
2018-07-04,4774.970703125,5718.00732421875,5753.89453125,5586.42138671875,5741.93212890625,13779222
2018-07-05,4505.2548828125,5395.02392578125,5765.85693359375,5395.02392578125,5718.00732421875,19022837
2018-07-06,4814.4287109375,5765.2587890625,5765.2587890625,5395.1435546875,5466.3193359375,18955783
2018-07-09,4850.09130859375,5807.96435546875,6021.49267578125,5736.78857421875,5921.84619140625,14793005
2018-07-10,4897.6416015625,5864.9052734375,5964.5517578125,5807.96435546875,5907.61083984375,11346375
2018-07-11,4612.341796875,5523.26025390625,5722.55322265625,5480.5546875,5637.14208984375,18937799
2018-07-12,4802.5419921875,5751.0234375,5864.9052734375,5509.02490234375,5551.73046875,12340389
2018-07-13,4945.19140625,5921.84619140625,6007.25732421875,5836.4345703125,5893.37548828125,20652703
2018-07-16,5087.84130859375,6092.66845703125,6163.8447265625,5993.02197265625,6078.43310546875,23583780
2018-07-17,5313.703125,6363.1376953125,6405.84326171875,5978.787109375,5993.02197265625,21262564
2018-07-18,5492.015625,6576.66552734375,6605.1357421875,6377.37255859375,6391.60791015625,21212582
2018-07-19,5373.140625,6434.3134765625,6576.66552734375,6405.84326171875,6548.1953125,24968622
2018-07-20,5539.5654296875,6633.6064453125,6690.54736328125,6263.4912109375,6377.37255859375,30979458
2018-07-23,5432.578125,6505.48974609375,6761.72314453125,6505.48974609375,6619.37109375,20919576
2018-07-24,5432.578125,6505.48974609375,6505.48974609375,6505.48974609375,6505.48974609375,0
2018-07-25,5230.49072265625,6263.4912109375,6533.9599609375,6263.4912109375,6491.25439453125,19334316
2018-07-26,5349.36572265625,6405.84326171875,6405.84326171875,6163.8447265625,6263.4912109375,15360472
2018-07-27,5468.240234375,6548.1953125,6619.37109375,6391.60791015625,6448.548828125,25351370
2018-07-30,5587.11474609375,6690.54736328125,6690.54736328125,6590.90087890625,6633.6064453125,14462768
2018-07-31,5575.2275390625,6676.31201171875,6804.4287109375,6548.1953125,6605.1357421875,21857884
2018-08-01,5492.015625,6576.66552734375,6719.017578125,6519.724609375,6633.6064453125,16918405
2018-08-02,5456.3525390625,6533.9599609375,6562.43017578125,6377.37255859375,6562.43017578125,17934723
2018-08-03,5492.015625,6576.66552734375,6676.31201171875,6533.9599609375,6605.1357421875,15677643
2018-08-06,5432.578125,6505.48974609375,6633.6064453125,6477.01904296875,6519.724609375,12146433
2018-08-07,5420.69091796875,6491.25439453125,6619.37109375,6434.3134765625,6491.25439453125,14380015
2018-08-08,5539.5654296875,6633.6064453125,6690.54736328125,6505.48974609375,6548.1953125,18572613
2018-08-09,5503.90234375,6590.90087890625,6775.95849609375,6590.90087890625,6733.2529296875,23441001
2018-08-10,5527.677734375,6619.37109375,6619.37109375,6519.724609375,6576.66552734375,15815330
2018-08-13,5789.2021484375,6932.5458984375,6932.5458984375,6562.43017578125,6590.90087890625,45527754
2018-08-14,5670.3271484375,6790.19384765625,6975.25146484375,6790.19384765625,6932.5458984375,22209196
2018-08-15,5539.5654296875,6633.6064453125,6889.84033203125,6633.6064453125,6804.4287109375,38066078
2018-08-16,5634.6650390625,6747.48828125,6747.48828125,6491.25439453125,6548.1953125,26525852
2018-08-17,5563.33984375,6662.07666015625,6818.6640625,6662.07666015625,6804.4287109375,17205650
2018-08-20,5444.46533203125,6519.724609375,6704.7822265625,6519.724609375,6662.07666015625,18177185
2018-08-21,5575.2275390625,6676.31201171875,6676.31201171875,6505.48974609375,6505.48974609375,18009292
2018-08-22,5563.33984375,6662.07666015625,6747.48828125,6633.6064453125,6747.48828125,19045666
2018-08-23,5575.2275390625,6676.31201171875,6704.7822265625,6633.6064453125,6662.07666015625,13059522
2018-08-24,5587.11474609375,6690.54736328125,6761.72314453125,6548.1953125,6690.54736328125,23077992
2018-08-27,5682.21435546875,6804.4287109375,6875.60498046875,6704.7822265625,6747.48828125,39790605
2018-08-28,5682.21435546875,6804.4287109375,6904.0751953125,6775.95849609375,6847.13427734375,21643485
2018-08-29,5646.552734375,6761.72314453125,6818.6640625,6733.2529296875,6804.4287109375,14332106
2018-08-30,5729.7646484375,6861.36962890625,6875.60498046875,6733.2529296875,6747.48828125,22901528
2018-08-31,5634.6650390625,6747.48828125,6946.78076171875,6747.48828125,6889.84033203125,22941500
2018-09-03,5634.6650390625,6747.48828125,6747.48828125,6747.48828125,6747.48828125,0
2018-09-04,5492.015625,6576.66552734375,6761.72314453125,6576.66552734375,6719.017578125,24104602
2018-09-05,5408.802734375,6477.01904296875,6605.1357421875,6434.3134765625,6548.1953125,24923311
2018-09-06,5337.478515625,6391.60791015625,6533.9599609375,6363.1376953125,6477.01904296875,15151659
2018-09-07,5432.578125,6505.48974609375,6505.48974609375,6377.37255859375,6391.60791015625,13008030
2018-09-10,5385.0283203125,6448.548828125,6519.724609375,6420.078125,6505.48974609375,9608641
2018-09-11,5468.240234375,6548.1953125,6548.1953125,6434.3134765625,6448.548828125,13107150
2018-09-12,5408.802734375,6477.01904296875,6605.1357421875,6477.01904296875,6576.66552734375,11654695
2018-09-13,5420.69091796875,6491.25439453125,6576.66552734375,6477.01904296875,6519.724609375,12123146
2018-09-14,5373.140625,6434.3134765625,6519.724609375,6377.37255859375,6491.25439453125,37129667
2018-09-17,5254.26513671875,6291.96142578125,6434.3134765625,6263.4912109375,6405.84326171875,29720994
2018-09-18,5254.26513671875,6291.96142578125,6306.19677734375,6178.07958984375,6206.55029296875,19933956
2018-09-19,5325.59033203125,6377.37255859375,6420.078125,6291.96142578125,6291.96142578125,19871541
2018-09-20,5373.140625,6434.3134765625,6462.78369140625,6363.1376953125,6377.37255859375,14179421
2018-09-21,5456.3525390625,6533.9599609375,6562.43017578125,6420.078125,6462.78369140625,31446469
2018-09-24,5515.7900390625,6605.1357421875,6662.07666015625,6576.66552734375,6576.66552734375,23977523
2018-09-25,5444.46533203125,6519.724609375,6633.6064453125,6519.724609375,6605.1357421875,20981149
2018-09-26,5468.240234375,6548.1953125,6619.37109375,6491.25439453125,6505.48974609375,19552754
2018-09-27,5468.240234375,6548.1953125,6576.66552734375,6519.724609375,6576.66552734375,15326050
2018-09-28,5492.015625,6576.66552734375,6662.07666015625,6533.9599609375,6548.1953125,25976405
2018-10-01,5492.015625,6576.66552734375,6662.07666015625,6533.9599609375,6576.66552734375,18335490
2018-10-02,5444.46533203125,6519.724609375,6590.90087890625,6505.48974609375,6576.66552734375,17183979
2018-10-03,5492.015625,6576.66552734375,6576.66552734375,6519.724609375,6533.9599609375,12012891
2018-10-04,5705.98974609375,6832.8994140625,6918.310546875,6605.1357421875,6619.37109375,75356614
2018-10-05,5634.6650390625,6747.48828125,6904.0751953125,6747.48828125,6832.8994140625,26072926
2018-10-08,5646.552734375,6761.72314453125,6790.19384765625,6690.54736328125,6719.017578125,17993064
2018-10-09,5480.12744140625,6562.43017578125,6775.95849609375,6562.43017578125,6761.72314453125,45138648
2018-10-10,5408.802734375,6477.01904296875,6533.9599609375,6391.60791015625,6519.724609375,39356540
2018-10-11,5052.1787109375,6049.962890625,6320.431640625,6049.962890625,6263.4912109375,37886909
2018-10-12,5182.9404296875,6206.55029296875,6249.255859375,5978.787109375,5978.787109375,29793139
2018-10-15,5064.0654296875,6064.1982421875,6235.0205078125,6064.1982421875,6235.0205078125,14931886
2018-10-16,5171.05322265625,6192.31494140625,6235.0205078125,6064.1982421875,6064.1982421875,12384330
2018-10-17,5147.2783203125,6163.8447265625,6291.96142578125,6135.3740234375,6263.4912109375,24777651
2018-10-18,5028.4033203125,6021.49267578125,6163.8447265625,6021.49267578125,6163.8447265625,14685877
2018-10-19,4992.7412109375,5978.787109375,6078.43310546875,5893.37548828125,5921.84619140625,14696379
2018-10-22,5016.5166015625,6007.25732421875,6178.07958984375,6007.25732421875,6135.3740234375,13788910
2018-10-23,5087.84130859375,6092.66845703125,6149.609375,5936.0810546875,6007.25732421875,26567931
2018-10-24,5004.6279296875,5993.02197265625,6149.609375,5993.02197265625,6092.66845703125,11281536
2018-10-25,4992.7412109375,5978.787109375,5993.02197265625,5793.72900390625,5807.96435546875,18918411
2018-10-26,5004.6279296875,5993.02197265625,6106.90380859375,5950.31640625,6035.7275390625,18370158
2018-10-29,5052.1787109375,6049.962890625,6064.1982421875,5964.5517578125,5978.787109375,13563308
2018-10-30,5075.953125,6078.43310546875,6178.07958984375,6021.49267578125,6049.962890625,19170462
2018-10-31,5206.7158203125,6235.0205078125,6235.0205078125,6121.13916015625,6178.07958984375,17695317
2018-11-01,5111.61572265625,6121.13916015625,6235.0205078125,6121.13916015625,6206.55029296875,9790725
2018-11-02,5182.9404296875,6206.55029296875,6306.19677734375,6135.3740234375,6178.07958984375,15071294
2018-11-05,5194.82861328125,6220.78515625,6249.255859375,6135.3740234375,6178.07958984375,10808518
2018-11-06,5111.61572265625,6121.13916015625,6263.4912109375,6121.13916015625,6263.4912109375,12578004
2018-11-07,5111.61572265625,6121.13916015625,6163.8447265625,6078.43310546875,6163.8447265625,9777343
2018-11-08,5087.84130859375,6092.66845703125,6206.55029296875,6092.66845703125,6206.55029296875,7543620
2018-11-09,4968.9658203125,5950.31640625,6106.90380859375,5936.0810546875,6106.90380859375,15706059
2018-11-12,4945.19140625,5921.84619140625,5964.5517578125,5836.4345703125,5836.4345703125,5772132
2018-11-13,4885.75390625,5850.669921875,5893.37548828125,5807.96435546875,5836.4345703125,9930484
2018-11-14,4814.4287109375,5765.2587890625,5893.37548828125,5722.55322265625,5850.669921875,13776441
2018-11-15,4861.97802734375,5822.19970703125,5950.31640625,5765.2587890625,5765.2587890625,11587537
2018-11-16,5052.1787109375,6049.962890625,6078.43310546875,5893.37548828125,5893.37548828125,18174305
2018-11-19,5064.0654296875,6064.1982421875,6078.43310546875,5978.787109375,6049.962890625,11337313
2018-11-20,5016.5166015625,6007.25732421875,6035.7275390625,5950.31640625,5993.02197265625,13446590
2018-11-21,5075.953125,6078.43310546875,6078.43310546875,5950.31640625,5950.31640625,17883547
2018-11-22,5040.29052734375,6035.7275390625,6092.66845703125,6021.49267578125,6064.1982421875,14681978
2018-11-23,4980.8544921875,5964.5517578125,6035.7275390625,5964.5517578125,6035.7275390625,14417774
2018-11-26,4945.19140625,5921.84619140625,5964.5517578125,5921.84619140625,5964.5517578125,9233690
2018-11-27,4909.52880859375,5879.140625,5978.787109375,5850.669921875,5964.5517578125,14202322
2018-11-28,4957.07763671875,5936.0810546875,5936.0810546875,5864.9052734375,5893.37548828125,7795180
2018-11-29,4968.9658203125,5950.31640625,6007.25732421875,5921.84619140625,5936.0810546875,15046918
2018-11-30,5123.50341796875,6135.3740234375,6249.255859375,5921.84619140625,5921.84619140625,68748878
2018-12-03,5266.15283203125,6306.19677734375,6320.431640625,6163.8447265625,6163.8447265625,36136390
2018-12-04,5230.49072265625,6263.4912109375,6320.431640625,6235.0205078125,6291.96142578125,27070172
2018-12-05,5278.0400390625,6320.431640625,6377.37255859375,6135.3740234375,6178.07958984375,45272787
2018-12-06,5349.36572265625,6405.84326171875,6434.3134765625,6277.72607421875,6320.431640625,57264218
2018-12-07,5349.36572265625,6405.84326171875,6519.724609375,6405.84326171875,6420.078125,40046906
2018-12-10,5254.26513671875,6291.96142578125,6391.60791015625,6249.255859375,6348.90234375,27671744
2018-12-11,5289.92822265625,6334.6669921875,6348.90234375,6235.0205078125,6306.19677734375,31098705
2018-12-12,5289.92822265625,6334.6669921875,6334.6669921875,6334.6669921875,6334.6669921875,0
2018-12-13,5278.0400390625,6320.431640625,6448.548828125,6320.431640625,6434.3134765625,23732075
2018-12-14,5182.9404296875,6206.55029296875,6306.19677734375,6178.07958984375,6291.96142578125,29788292
2018-12-17,5052.1787109375,6049.962890625,6178.07958984375,6049.962890625,6149.609375,33002751
2018-12-18,5064.0654296875,6064.1982421875,6064.1982421875,5936.0810546875,5950.31640625,31091223
2018-12-19,5028.4033203125,6021.49267578125,6064.1982421875,5950.31640625,6064.1982421875,21407556
2018-12-20,4980.8544921875,5964.5517578125,6049.962890625,5950.31640625,5993.02197265625,13309044
2018-12-21,4980.8544921875,5964.5517578125,5964.5517578125,5879.140625,5936.0810546875,16800563
2018-12-24,4861.97802734375,5822.19970703125,5993.02197265625,5822.19970703125,5950.31640625,14951872
2018-12-25,4683.66650390625,5608.67138671875,5722.55322265625,5509.02490234375,5651.376953125,36036954
2018-12-26,4659.89208984375,5580.201171875,5665.6123046875,5580.201171875,5622.90673828125,9477698
2018-12-27,4683.66650390625,5608.67138671875,5722.55322265625,5565.9658203125,5694.08251953125,18598640
2018-12-28,4683.66650390625,5608.67138671875,5608.67138671875,5608.67138671875,5608.67138671875,0
2018-12-31,4683.66650390625,5608.67138671875,5608.67138671875,5608.67138671875,5608.67138671875,0
2019-01-01,4683.66650390625,5608.67138671875,5608.67138671875,5608.67138671875,5608.67138671875,0
2019-01-02,4600.4541015625,5509.02490234375,5608.67138671875,5509.02490234375,5551.73046875,12804485
2019-01-03,4398.3671875,5267.0263671875,5523.26025390625,5267.0263671875,5523.26025390625,30068583
2019-01-04,4422.1416015625,5295.4970703125,5380.908203125,5138.90966796875,5238.55615234375,21278124
2019-01-07,4505.35400390625,5395.1435546875,5480.5546875,5380.908203125,5409.37841796875,14538601
2019-01-08,4481.57958984375,5366.6728515625,5437.84912109375,5338.20263671875,5409.37841796875,11142057
2019-01-09,4600.4541015625,5509.02490234375,5537.49560546875,5395.1435546875,5409.37841796875,20772827
2019-01-10,4600.4541015625,5509.02490234375,5551.73046875,5480.5546875,5509.02490234375,10135609
2019-01-11,4576.6796875,5480.5546875,5537.49560546875,5452.083984375,5509.02490234375,11685007
2019-01-14,4517.2421875,5409.37841796875,5494.7900390625,5380.908203125,5452.083984375,16698738
2019-01-15,4636.1162109375,5551.73046875,5594.4365234375,5409.37841796875,5409.37841796875,20752209
2019-01-16,4624.2294921875,5537.49560546875,5622.90673828125,5509.02490234375,5580.201171875,8801733
2019-01-17,4695.5546875,5622.90673828125,5694.08251953125,5537.49560546875,5537.49560546875,23447428
2019-01-18,4695.5546875,5622.90673828125,5665.6123046875,5580.201171875,5651.376953125,10682212
2019-01-21,4992.7412109375,5978.787109375,6007.25732421875,5779.494140625,5836.4345703125,35021865
2019-01-22,4897.6416015625,5864.9052734375,5993.02197265625,5864.9052734375,5978.787109375,20023453
2019-01-23,4921.416015625,5893.37548828125,5921.84619140625,5836.4345703125,5850.669921875,8635420
2019-01-24,5040.29052734375,6035.7275390625,6035.7275390625,5893.37548828125,5907.61083984375,17253490
2019-01-25,5028.4033203125,6021.49267578125,6064.1982421875,5993.02197265625,6035.7275390625,11629370
2019-01-28,5004.6279296875,5993.02197265625,6035.7275390625,5964.5517578125,6007.25732421875,10093425
2019-01-29,5064.0654296875,6064.1982421875,6078.43310546875,5921.84619140625,5978.787109375,13932217
2019-01-30,5182.9404296875,6206.55029296875,6220.78515625,6035.7275390625,6064.1982421875,23590840
2019-01-31,5206.7158203125,6235.0205078125,6306.19677734375,6220.78515625,6263.4912109375,25781817
2019-02-01,5194.82861328125,6220.78515625,6249.255859375,6178.07958984375,6206.55029296875,13865341
2019-02-04,5194.82861328125,6220.78515625,6220.78515625,6220.78515625,6220.78515625,0
2019-02-05,5194.82861328125,6220.78515625,6220.78515625,6220.78515625,6220.78515625,0
2019-02-06,5194.82861328125,6220.78515625,6220.78515625,6220.78515625,6220.78515625,0
2019-02-07,5194.82861328125,6220.78515625,6220.78515625,6220.78515625,6220.78515625,0
2019-02-08,5194.82861328125,6220.78515625,6220.78515625,6220.78515625,6220.78515625,0
2019-02-11,5242.37841796875,6277.72607421875,6291.96142578125,6235.0205078125,6249.255859375,14888754
2019-02-12,5230.49072265625,6263.4912109375,6306.19677734375,6178.07958984375,6306.19677734375,28672642
2019-02-13,5230.49072265625,6263.4912109375,6291.96142578125,6249.255859375,6263.4912109375,27374663
2019-02-14,5254.26513671875,6291.96142578125,6291.96142578125,6249.255859375,6263.4912109375,17746212
2019-02-15,5242.37841796875,6277.72607421875,6306.19677734375,6263.4912109375,6291.96142578125,16844082
2019-02-18,5242.37841796875,6277.72607421875,6277.72607421875,6277.72607421875,6277.72607421875,0
2019-02-19,5218.60302734375,6249.255859375,6291.96142578125,6235.0205078125,6291.96142578125,47933760
2019-02-20,5242.37841796875,6277.72607421875,6277.72607421875,6206.55029296875,6206.55029296875,34049979
2019-02-21,5254.26513671875,6291.96142578125,6291.96142578125,6249.255859375,6263.4912109375,28095728
2019-02-22,5349.36572265625,6405.84326171875,6519.724609375,6263.4912109375,6291.96142578125,26166672
2019-02-25,5337.478515625,6391.60791015625,6491.25439453125,6391.60791015625,6434.3134765625,17434730
2019-02-26,5242.37841796875,6277.72607421875,6391.60791015625,6277.72607421875,6391.60791015625,23849390
2019-02-27,5242.37841796875,6277.72607421875,6320.431640625,6263.4912109375,6277.72607421875,41333681
2019-02-28,5111.61572265625,6121.13916015625,6277.72607421875,6121.13916015625,6263.4912109375,20503846
2019-03-01,5182.9404296875,6206.55029296875,6220.78515625,6135.3740234375,6163.8447265625,9167973
2019-03-04,5266.15283203125,6306.19677734375,6306.19677734375,6192.31494140625,6206.55029296875,12887448
2019-03-05,5266.15283203125,6306.19677734375,6377.37255859375,6277.72607421875,6277.72607421875,16813524
2019-03-06,5266.15283203125,6306.19677734375,6348.90234375,6263.4912109375,6306.19677734375,8043859
2019-03-07,5278.0400390625,6320.431640625,6348.90234375,6291.96142578125,6306.19677734375,11116136
2019-03-08,5278.0400390625,6320.431640625,6320.431640625,6320.431640625,6320.431640625,0
2019-03-11,5182.9404296875,6206.55029296875,6249.255859375,6192.31494140625,6249.255859375,5372489
2019-03-12,5361.25244140625,6420.078125,6434.3134765625,6178.07958984375,6249.255859375,23875381
2019-03-13,5373.140625,6434.3134765625,6491.25439453125,6405.84326171875,6434.3134765625,21160247
2019-03-14,5349.36572265625,6405.84326171875,6491.25439453125,6405.84326171875,6462.78369140625,12116051
2019-03-15,5349.36572265625,6405.84326171875,6462.78369140625,6363.1376953125,6405.84326171875,11325827
2019-03-18,5408.802734375,6477.01904296875,6491.25439453125,6405.84326171875,6434.3134765625,16671271
2019-03-19,5385.0283203125,6448.548828125,6562.43017578125,6434.3134765625,6505.48974609375,22621237
2019-03-20,5456.3525390625,6533.9599609375,6533.9599609375,6405.84326171875,6477.01904296875,28027587
2019-03-21,5420.69091796875,6491.25439453125,6633.6064453125,6491.25439453125,6576.66552734375,27407504
2019-03-22,5444.46533203125,6519.724609375,6576.66552734375,6477.01904296875,6533.9599609375,14413137
2019-03-25,5266.15283203125,6306.19677734375,6420.078125,6277.72607421875,6377.37255859375,23225127
2019-03-26,5266.15283203125,6306.19677734375,6405.84326171875,6306.19677734375,6348.90234375,15086222
2019-03-27,5325.59033203125,6377.37255859375,6434.3134765625,6320.431640625,6320.431640625,8668261
2019-03-28,5325.59033203125,6377.37255859375,6405.84326171875,6348.90234375,6348.90234375,6132085
2019-03-29,5325.59033203125,6377.37255859375,6420.078125,6363.1376953125,6391.60791015625,8746939
2019-04-01,5325.59033203125,6377.37255859375,6420.078125,6348.90234375,6391.60791015625,6239670
2019-04-02,5337.478515625,6391.60791015625,6434.3134765625,6363.1376953125,6420.078125,10995695
2019-04-03,5349.36572265625,6405.84326171875,6420.078125,6363.1376953125,6363.1376953125,11629125
2019-04-04,5385.0283203125,6448.548828125,6477.01904296875,6420.078125,6434.3134765625,11259372
2019-04-05,5409.44970703125,6306.19677734375,6377.37255859375,6306.19677734375,6363.1376953125,10119803
2019-04-08,5458.2939453125,6363.1376953125,6363.1376953125,6277.72607421875,6306.19677734375,11736288
2019-04-09,5433.8720703125,6334.6669921875,6391.60791015625,6291.96142578125,6377.37255859375,10465987
2019-04-10,5360.6064453125,6249.255859375,6320.431640625,6235.0205078125,6277.72607421875,8321691
2019-04-11,5372.81689453125,6263.4912109375,6277.72607421875,6220.78515625,6249.255859375,4927431
2019-04-12,5348.3955078125,6235.0205078125,6291.96142578125,6220.78515625,6291.96142578125,3731593
2019-04-15,5348.3955078125,6235.0205078125,6235.0205078125,6235.0205078125,6235.0205078125,0
2019-04-16,5250.7080078125,6121.13916015625,6178.07958984375,6078.43310546875,6078.43310546875,9946536
2019-04-17,5250.7080078125,6121.13916015625,6192.31494140625,6121.13916015625,6163.8447265625,9610187
2019-04-18,5262.91845703125,6135.3740234375,6220.78515625,6092.66845703125,6121.13916015625,13744443
2019-04-19,5275.1298828125,6149.609375,6178.07958984375,6106.90380859375,6149.609375,6311323
2019-04-22,5226.28564453125,6092.66845703125,6163.8447265625,6021.49267578125,6163.8447265625,10488502
2019-04-23,5201.86328125,6064.1982421875,6106.90380859375,6035.7275390625,6064.1982421875,7050196
2019-04-24,5250.7080078125,6121.13916015625,6121.13916015625,6064.1982421875,6078.43310546875,5523277
2019-04-25,5250.7080078125,6121.13916015625,6149.609375,6092.66845703125,6121.13916015625,3932819
2019-04-26,5323.97314453125,6206.55029296875,6206.55029296875,6092.66845703125,6121.13916015625,7625600
2019-04-29,5323.97314453125,6206.55029296875,6206.55029296875,6206.55029296875,6206.55029296875,0
2019-04-30,5323.97314453125,6206.55029296875,6206.55029296875,6206.55029296875,6206.55029296875,0
2019-05-01,5323.97314453125,6206.55029296875,6206.55029296875,6206.55029296875,6206.55029296875,0
2019-05-02,5348.3955078125,6235.0205078125,6291.96142578125,6206.55029296875,6220.78515625,10282604
2019-05-03,5397.23876953125,6291.96142578125,6306.19677734375,6178.07958984375,6235.0205078125,12720925
2019-05-06,5250.7080078125,6121.13916015625,6206.55029296875,6078.43310546875,6192.31494140625,12212643
2019-05-07,5238.49658203125,6106.90380859375,6178.07958984375,6106.90380859375,6163.8447265625,4528595
2019-05-08,5201.86328125,6064.1982421875,6106.90380859375,6007.25732421875,6007.25732421875,9012478
2019-05-09,5128.59814453125,5978.787109375,6106.90380859375,5921.84619140625,6064.1982421875,14490551
2019-05-10,5104.17626953125,5950.31640625,6035.7275390625,5921.84619140625,5978.787109375,11088704
2019-05-13,5189.65283203125,6049.962890625,6078.43310546875,5936.0810546875,5964.5517578125,9956757
2019-05-14,5201.86328125,6064.1982421875,6064.1982421875,5978.787109375,5978.787109375,5347481
2019-05-15,5238.49658203125,6106.90380859375,6149.609375,6049.962890625,6049.962890625,9093896
2019-05-16,5201.86328125,6064.1982421875,6121.13916015625,6064.1982421875,6121.13916015625,5469818
2019-05-17,5177.44140625,6035.7275390625,6092.66845703125,6007.25732421875,6064.1982421875,5233573
2019-05-20,5165.23095703125,6021.49267578125,6078.43310546875,5993.02197265625,5993.02197265625,9056419
2019-05-21,5201.86328125,6064.1982421875,6092.66845703125,6021.49267578125,6035.7275390625,8293451
2019-05-22,5262.91845703125,6135.3740234375,6220.78515625,6049.962890625,6064.1982421875,16917738
2019-05-23,5287.34033203125,6163.8447265625,6192.31494140625,6121.13916015625,6121.13916015625,6477390
2019-05-24,5214.07470703125,6078.43310546875,6178.07958984375,6078.43310546875,6163.8447265625,9370780
2019-05-27,5201.86328125,6064.1982421875,6092.66845703125,6049.962890625,6078.43310546875,5218961
2019-05-28,5214.07470703125,6078.43310546875,6092.66845703125,6035.7275390625,6064.1982421875,5807081
2019-05-29,5177.44140625,6035.7275390625,6078.43310546875,6021.49267578125,6078.43310546875,5261040
2019-05-30,5165.23095703125,6021.49267578125,6078.43310546875,6007.25732421875,6007.25732421875,4538184
2019-05-31,5091.96435546875,5936.0810546875,6035.7275390625,5936.0810546875,6007.25732421875,8280174
2019-06-03,4969.85595703125,5793.72900390625,5921.84619140625,5793.72900390625,5893.37548828125,7645902
2019-06-04,4969.85595703125,5793.72900390625,5836.4345703125,5779.494140625,5822.19970703125,5162868
2019-06-05,4945.43408203125,5765.2587890625,5864.9052734375,5765.2587890625,5836.4345703125,6235736
2019-06-06,4933.22314453125,5751.0234375,5836.4345703125,5722.55322265625,5765.2587890625,6328815
2019-06-07,5018.69970703125,5850.669921875,5850.669921875,5793.72900390625,5793.72900390625,3705144
2019-06-10,5030.91064453125,5864.9052734375,5936.0810546875,5836.4345703125,5921.84619140625,5591032
2019-06-11,5055.33251953125,5893.37548828125,5907.61083984375,5864.9052734375,5864.9052734375,3745467
2019-06-12,5030.91064453125,5864.9052734375,5907.61083984375,5864.9052734375,5879.140625,3075157
2019-06-13,5030.91064453125,5864.9052734375,5879.140625,5807.96435546875,5836.4345703125,3043931
2019-06-14,5055.33251953125,5893.37548828125,5964.5517578125,5850.669921875,5864.9052734375,5354154
2019-06-17,5055.33251953125,5893.37548828125,5936.0810546875,5879.140625,5921.84619140625,4780787
2019-06-18,5030.91064453125,5864.9052734375,5907.61083984375,5864.9052734375,5893.37548828125,2587984
2019-06-19,5043.12158203125,5879.140625,5921.84619140625,5864.9052734375,5893.37548828125,4466636
2019-06-20,5201.86328125,6064.1982421875,6064.1982421875,5879.140625,5879.140625,10351272
2019-06-21,5201.86328125,6064.1982421875,6106.90380859375,6035.7275390625,6064.1982421875,7559883
2019-06-24,5201.86328125,6064.1982421875,6078.43310546875,6035.7275390625,6064.1982421875,5300695
2019-06-25,5153.0205078125,6007.25732421875,6064.1982421875,5993.02197265625,6049.962890625,4661540
2019-06-26,5091.96435546875,5936.0810546875,6035.7275390625,5936.0810546875,5993.02197265625,9789495
2019-06-27,5030.91064453125,5864.9052734375,5978.787109375,5864.9052734375,5936.0810546875,7496132
2019-06-28,5104.17626953125,5950.31640625,5950.31640625,5807.96435546875,5893.37548828125,8559271
2019-07-01,5165.23095703125,6021.49267578125,6035.7275390625,5964.5517578125,5978.787109375,8034656
2019-07-02,5165.23095703125,6021.49267578125,6064.1982421875,5978.787109375,6021.49267578125,7234668
2019-07-03,5128.59814453125,5978.787109375,6021.49267578125,5950.31640625,6007.25732421875,6449080
2019-07-04,5165.23095703125,6021.49267578125,6064.1982421875,5993.02197265625,6021.49267578125,10505151
2019-07-05,5201.86328125,6064.1982421875,6092.66845703125,6035.7275390625,6035.7275390625,9288870
2019-07-08,5153.0205078125,6007.25732421875,6092.66845703125,5978.787109375,6049.962890625,8420811
2019-07-09,5153.0205078125,6007.25732421875,6007.25732421875,6007.25732421875,6007.25732421875,0
2019-07-10,5153.0205078125,6007.25732421875,6106.90380859375,6007.25732421875,6064.1982421875,8959476
2019-07-11,5226.28564453125,6092.66845703125,6106.90380859375,6007.25732421875,6035.7275390625,9597682
2019-07-12,5214.07470703125,6078.43310546875,6192.31494140625,6078.43310546875,6106.90380859375,18587857
2019-07-15,5238.49658203125,6106.90380859375,6121.13916015625,6049.962890625,6106.90380859375,10078006
2019-07-16,5311.76220703125,6192.31494140625,6249.255859375,6135.3740234375,6135.3740234375,17412251
2019-07-17,5397.23876953125,6291.96142578125,6320.431640625,6178.07958984375,6206.55029296875,28122176
2019-07-18,5421.66064453125,6320.431640625,6320.431640625,6235.0205078125,6235.0205078125,18061381
2019-07-19,5421.66064453125,6320.431640625,6391.60791015625,6320.431640625,6377.37255859375,16334430
2019-07-22,5421.66064453125,6320.431640625,6434.3134765625,6306.19677734375,6348.90234375,20322254
2019-07-23,5543.77001953125,6462.78369140625,6477.01904296875,6306.19677734375,6348.90234375,25518807
2019-07-24,5519.3486328125,6434.3134765625,6548.1953125,6434.3134765625,6491.25439453125,19184161
2019-07-25,5519.3486328125,6434.3134765625,6434.3134765625,6434.3134765625,6434.3134765625,0
2019-07-26,5519.3486328125,6434.3134765625,6434.3134765625,6434.3134765625,6434.3134765625,0
2019-07-29,5519.3486328125,6434.3134765625,6434.3134765625,6434.3134765625,6434.3134765625,0
2019-07-30,5519.3486328125,6434.3134765625,6434.3134765625,6434.3134765625,6434.3134765625,0
2019-07-31,5421.66064453125,6320.431640625,6320.431640625,6206.55029296875,6220.78515625,13594814
2019-08-01,5372.81689453125,6263.4912109375,6306.19677734375,6235.0205078125,6291.96142578125,6802430
2019-08-02,5360.6064453125,6249.255859375,6291.96142578125,6163.8447265625,6163.8447265625,12331257
2019-08-05,5323.97314453125,6206.55029296875,6249.255859375,6163.8447265625,6235.0205078125,11249608
2019-08-06,5323.97314453125,6206.55029296875,6206.55029296875,6206.55029296875,6206.55029296875,0
2019-08-07,5201.86328125,6064.1982421875,6135.3740234375,6049.962890625,6092.66845703125,6050667
2019-08-08,5275.1298828125,6149.609375,6192.31494140625,6064.1982421875,6106.90380859375,11018772
2019-08-09,5275.1298828125,6149.609375,6149.609375,6149.609375,6149.609375,0
2019-08-12,5348.3955078125,6235.0205078125,6249.255859375,6121.13916015625,6149.609375,14360100
2019-08-13,5421.66064453125,6320.431640625,6348.90234375,6178.07958984375,6206.55029296875,15445999
2019-08-14,5446.0830078125,6348.90234375,6434.3134765625,6348.90234375,6405.84326171875,10824991
2019-08-15,5446.0830078125,6348.90234375,6348.90234375,6220.78515625,6263.4912109375,10896750
2019-08-16,5446.0830078125,6348.90234375,6348.90234375,6348.90234375,6348.90234375,0
2019-08-19,5446.0830078125,6348.90234375,6348.90234375,6348.90234375,6348.90234375,0
2019-08-20,5409.44970703125,6306.19677734375,6363.1376953125,6277.72607421875,6291.96142578125,9530209
2019-08-21,5494.9267578125,6405.84326171875,6462.78369140625,6320.431640625,6348.90234375,21599370
2019-08-22,5507.13671875,6420.078125,6519.724609375,6420.078125,6462.78369140625,16779137
2019-08-23,5531.56005859375,6448.548828125,6491.25439453125,6405.84326171875,6462.78369140625,10088648
2019-08-26,5690.3017578125,6633.6064453125,6633.6064453125,6363.1376953125,6391.60791015625,51566795
2019-08-27,5690.3017578125,6633.6064453125,6761.72314453125,6590.90087890625,6690.54736328125,40098925
2019-08-28,5702.5126953125,6647.841796875,6662.07666015625,6562.43017578125,6633.6064453125,16733476
2019-08-29,5702.5126953125,6647.841796875,6676.31201171875,6548.1953125,6662.07666015625,17000244
2019-08-30,5641.45849609375,6576.66552734375,6676.31201171875,6576.66552734375,6647.841796875,13991085
2019-09-02,5641.45849609375,6576.66552734375,6576.66552734375,6576.66552734375,6576.66552734375,0
2019-09-03,5568.19287109375,6491.25439453125,6662.07666015625,6491.25439453125,6590.90087890625,30633204
2019-09-04,5617.0361328125,6548.1953125,6548.1953125,6448.548828125,6462.78369140625,11597407
2019-09-05,5519.3486328125,6434.3134765625,6576.66552734375,6434.3134765625,6562.43017578125,12681550
2019-09-06,5519.3486328125,6434.3134765625,6462.78369140625,6405.84326171875,6434.3134765625,10820847
2019-09-09,5519.3486328125,6434.3134765625,6477.01904296875,6420.078125,6462.78369140625,7161223
2019-09-10,5507.13671875,6420.078125,6519.724609375,6420.078125,6434.3134765625,16916157
2019-09-11,5531.56005859375,6448.548828125,6462.78369140625,6420.078125,6448.548828125,6639208
2019-09-12,5641.45849609375,6576.66552734375,6576.66552734375,6462.78369140625,6462.78369140625,16427193
2019-09-13,5690.3017578125,6633.6064453125,6690.54736328125,6533.9599609375,6576.66552734375,26256590
2019-09-16,5714.7236328125,6662.07666015625,6733.2529296875,6619.37109375,6633.6064453125,16358034
2019-09-17,5690.3017578125,6633.6064453125,6662.07666015625,6576.66552734375,6633.6064453125,15650246
2019-09-18,6089.78466796875,6718.4482421875,6810.6923828125,6718.4482421875,6795.318359375,21804019
2019-09-19,6131.59033203125,6764.5703125,6764.5703125,6703.07421875,6733.822265625,9489708
2019-09-20,6145.52587890625,6779.9443359375,6841.4404296875,6764.5703125,6764.5703125,13014550
2019-09-23,6145.52587890625,6779.9443359375,6856.814453125,6764.5703125,6779.9443359375,12422415
2019-09-24,6173.39697265625,6810.6923828125,6810.6923828125,6733.822265625,6795.318359375,12389209
2019-09-25,6173.39697265625,6810.6923828125,6810.6923828125,6749.1962890625,6779.9443359375,11638300
2019-09-26,6298.81591796875,6949.05859375,6949.05859375,6810.6923828125,6810.6923828125,14266109
2019-09-27,6326.6865234375,6979.806640625,6995.1806640625,6918.310546875,6949.05859375,14000791
2019-09-30,6354.5576171875,7010.5546875,7087.4248046875,6995.1806640625,6995.1806640625,20904124
2019-10-01,6424.234375,7087.4248046875,7087.4248046875,6995.1806640625,7041.302734375,12571790
2019-10-02,6410.29931640625,7072.05078125,7118.1728515625,7010.5546875,7056.6767578125,18294820
2019-10-03,6396.36376953125,7056.6767578125,7056.6767578125,6964.4326171875,7010.5546875,19990115
2019-10-04,6312.75146484375,6964.4326171875,7072.05078125,6964.4326171875,7072.05078125,15809329
2019-10-07,6243.07421875,6887.5625,7010.5546875,6887.5625,6979.806640625,16688702
2019-10-08,6326.6865234375,6979.806640625,6979.806640625,6872.1884765625,6872.1884765625,15993145
2019-10-09,6382.4287109375,7041.302734375,7041.302734375,6949.05859375,6964.4326171875,11963459
2019-10-10,6340.62158203125,6995.1806640625,7056.6767578125,6995.1806640625,7041.302734375,9938094
2019-10-11,6340.62158203125,6995.1806640625,7041.302734375,6979.806640625,7010.5546875,7481873
2019-10-14,6535.71826171875,7210.4169921875,7302.6611328125,7072.05078125,7072.05078125,38370827
2019-10-15,6507.84765625,7179.6689453125,7241.1650390625,7164.294921875,7241.1650390625,12274275
2019-10-16,6493.912109375,7164.294921875,7256.5390625,7164.294921875,7210.4169921875,9556021
2019-10-17,6466.041015625,7133.546875,7164.294921875,7102.798828125,7164.294921875,17285943
2019-10-18,6410.29931640625,7072.05078125,7179.6689453125,7056.6767578125,7148.9208984375,13265948
2019-10-21,6312.75146484375,6964.4326171875,7072.05078125,6949.05859375,7041.302734375,15878537
2019-10-22,6368.49267578125,7025.9287109375,7056.6767578125,6964.4326171875,6964.4326171875,6854419
2019-10-23,6382.4287109375,7041.302734375,7041.302734375,7010.5546875,7041.302734375,4890684
2019-10-24,6396.36376953125,7056.6767578125,7087.4248046875,7025.9287109375,7041.302734375,11827905
2019-10-25,6466.041015625,7133.546875,7148.9208984375,7025.9287109375,7056.6767578125,12199539
2019-10-28,6410.29931640625,7072.05078125,7195.04296875,7072.05078125,7148.9208984375,6782512
2019-10-29,6368.49267578125,7025.9287109375,7102.798828125,7025.9287109375,7072.05078125,9504245
2019-10-30,6424.234375,7087.4248046875,7102.798828125,7010.5546875,7025.9287109375,11763739
2019-10-31,6410.29931640625,7072.05078125,7118.1728515625,7041.302734375,7072.05078125,5805409
2019-11-01,6396.36376953125,7056.6767578125,7133.546875,7025.9287109375,7072.05078125,13110881
2019-11-04,6493.912109375,7164.294921875,7195.04296875,7056.6767578125,7072.05078125,23186058
2019-11-05,6479.97607421875,7148.9208984375,7195.04296875,7133.546875,7164.294921875,10443817
2019-11-06,6563.5888671875,7241.1650390625,7348.783203125,7148.9208984375,7164.294921875,35432169
2019-11-07,6549.6533203125,7225.791015625,7287.287109375,7195.04296875,7256.5390625,19559258
2019-11-08,6521.7822265625,7195.04296875,7271.9130859375,7179.6689453125,7241.1650390625,23139941
2019-11-11,6535.71826171875,7210.4169921875,7333.4091796875,7179.6689453125,7287.287109375,44256144
2019-11-12,6493.912109375,7164.294921875,7225.791015625,7164.294921875,7210.4169921875,14404687
2019-11-13,6479.97607421875,7148.9208984375,7210.4169921875,7118.1728515625,7179.6689453125,15131627
2019-11-14,6396.36376953125,7056.6767578125,7148.9208984375,7025.9287109375,7148.9208984375,23723523
2019-11-15,6340.62158203125,6995.1806640625,7056.6767578125,6979.806640625,7056.6767578125,19394467
2019-11-18,6298.81591796875,6949.05859375,7025.9287109375,6949.05859375,6979.806640625,12389339
2019-11-19,6340.62158203125,6995.1806640625,6995.1806640625,6918.310546875,6949.05859375,8210602
2019-11-20,6298.81591796875,6949.05859375,7010.5546875,6933.6845703125,6979.806640625,6788040
2019-11-21,6243.07421875,6887.5625,6964.4326171875,6795.318359375,6933.6845703125,20312412
2019-11-22,6229.13818359375,6872.1884765625,6979.806640625,6795.318359375,6949.05859375,16919383
2019-11-25,6243.07421875,6887.5625,6918.310546875,6826.06640625,6872.1884765625,12003754
2019-11-26,6312.75146484375,6964.4326171875,6979.806640625,6887.5625,6933.6845703125,9607049
2019-11-27,6298.81591796875,6949.05859375,7010.5546875,6902.9365234375,6964.4326171875,5197273
2019-11-28,6159.4609375,6795.318359375,6964.4326171875,6795.318359375,6933.6845703125,9683249
2019-11-29,6173.39697265625,6810.6923828125,6826.06640625,6733.822265625,6810.6923828125,6417123
2019-12-02,5964.365234375,6580.08203125,6872.1884765625,6580.08203125,6810.6923828125,11249625
2019-12-06,6089.78466796875,6718.4482421875,6733.822265625,6687.7001953125,6703.07421875,4330356
2019-12-09,5978.30078125,6595.4560546875,6718.4482421875,6580.08203125,6718.4482421875,13520110
2019-12-10,5880.7529296875,6487.837890625,6595.4560546875,6487.837890625,6580.08203125,13805527
2019-12-11,6075.8486328125,6703.07421875,6703.07421875,6487.837890625,6518.5859375,11403586
2019-12-12,6075.8486328125,6703.07421875,6779.9443359375,6687.7001953125,6703.07421875,8976310
2019-12-13,6075.8486328125,6703.07421875,6749.1962890625,6641.578125,6733.822265625,8102661
2019-12-16,5964.365234375,6580.08203125,6703.07421875,6580.08203125,6703.07421875,15519099
2019-12-17,5866.8173828125,6472.4638671875,6580.08203125,6457.08984375,6580.08203125,19694291
2019-12-18,5852.8818359375,6457.08984375,6533.9599609375,6457.08984375,6457.08984375,10375650
2019-12-19,5769.26953125,6364.845703125,6503.2119140625,6364.845703125,6487.837890625,15556175
2019-12-20,5852.8818359375,6457.08984375,6487.837890625,6364.845703125,6364.845703125,6265666
2019-12-23,5866.8173828125,6472.4638671875,6533.9599609375,6472.4638671875,6503.2119140625,6010235
2019-12-24,5783.20458984375,6380.2197265625,6472.4638671875,6364.845703125,6457.08984375,7684878
2019-12-25,5852.8818359375,6457.08984375,6487.837890625,6380.2197265625,6380.2197265625,9791874
2019-12-26,5811.0751953125,6410.9677734375,6472.4638671875,6410.9677734375,6457.08984375,6976638
2019-12-27,5825.0107421875,6426.341796875,6426.341796875,6395.59375,6410.9677734375,7729661
2019-12-30,5838.9462890625,6441.7158203125,6533.9599609375,6426.341796875,6457.08984375,11162432
2019-12-31,5797.140625,6395.59375,6472.4638671875,6395.59375,6457.08984375,7131867
2020-01-01,5797.140625,6395.59375,6395.59375,6395.59375,6395.59375,0
2020-01-02,5908.62353515625,6518.5859375,6533.9599609375,6395.59375,6426.341796875,9266247
2020-01-03,5922.55908203125,6533.9599609375,6610.830078125,6518.5859375,6595.4560546875,11305531
2020-01-06,5838.9462890625,6441.7158203125,6518.5859375,6441.7158203125,6503.2119140625,8485969
2020-01-07,5852.8818359375,6457.08984375,6503.2119140625,6410.9677734375,6457.08984375,8729595
2020-01-08,5769.26953125,6364.845703125,6457.08984375,6364.845703125,6395.59375,13542161
2020-01-09,5866.8173828125,6472.4638671875,6503.2119140625,6380.2197265625,6441.7158203125,10727413
2020-01-10,5964.365234375,6580.08203125,6656.9521484375,6503.2119140625,6503.2119140625,27949580
2020-01-13,5936.494140625,6549.333984375,6641.578125,6533.9599609375,6595.4560546875,9502457
2020-01-14,5992.236328125,6610.830078125,6656.9521484375,6533.9599609375,6549.333984375,14823445
2020-01-15,5978.30078125,6595.4560546875,6641.578125,6595.4560546875,6610.830078125,11792391
2020-01-16,6131.59033203125,6764.5703125,6810.6923828125,6610.830078125,6626.2041015625,26569329
2020-01-17,6131.59033203125,6764.5703125,6841.4404296875,6733.822265625,6779.9443359375,15533767
2020-01-20,6131.59033203125,6764.5703125,6795.318359375,6718.4482421875,6764.5703125,14013865
2020-01-21,6284.88037109375,6933.6845703125,6949.05859375,6779.9443359375,6795.318359375,17038935
2020-01-22,6243.07421875,6887.5625,6949.05859375,6872.1884765625,6933.6845703125,16233616
2020-01-23,6243.07421875,6887.5625,6887.5625,6887.5625,6887.5625,0
2020-01-24,6243.07421875,6887.5625,6887.5625,6887.5625,6887.5625,0
2020-01-27,6243.07421875,6887.5625,6887.5625,6887.5625,6887.5625,0
2020-01-28,6243.07421875,6887.5625,6887.5625,6887.5625,6887.5625,0
2020-01-29,6243.07421875,6887.5625,6887.5625,6887.5625,6887.5625,0
2020-01-30,5922.55908203125,6533.9599609375,6795.318359375,6518.5859375,6733.822265625,29253923
2020-01-31,5797.140625,6395.59375,6626.2041015625,6395.59375,6472.4638671875,26230901
2020-02-03,5671.72119140625,6257.2275390625,6395.59375,5995.869140625,6195.7314453125,46900897
2020-02-04,5894.6884765625,6503.2119140625,6626.2041015625,6195.7314453125,6349.4716796875,30772035
2020-02-05,5894.6884765625,6503.2119140625,6641.578125,6472.4638671875,6580.08203125,23341320
2020-02-06,6075.8486328125,6703.07421875,6764.5703125,6426.341796875,6503.2119140625,39413918
2020-02-07,5964.365234375,6580.08203125,6703.07421875,6580.08203125,6687.7001953125,26182476
2020-02-10,5852.8818359375,6457.08984375,6549.333984375,6441.7158203125,6487.837890625,19876384
2020-02-11,5908.62353515625,6518.5859375,6549.333984375,6472.4638671875,6487.837890625,14087398
2020-02-12,6034.04248046875,6656.9521484375,6733.822265625,6549.333984375,6595.4560546875,35711178
2020-02-13,5964.365234375,6580.08203125,6687.7001953125,6564.7080078125,6626.2041015625,21405034
2020-02-14,6061.91357421875,6687.7001953125,6733.822265625,6626.2041015625,6641.578125,29541876
2020-02-17,6117.65478515625,6749.1962890625,6826.06640625,6703.07421875,6764.5703125,31526002
2020-02-18,6061.91357421875,6687.7001953125,6795.318359375,6672.326171875,6779.9443359375,17565018
2020-02-19,6020.10693359375,6641.578125,6703.07421875,6610.830078125,6687.7001953125,14915158
2020-02-20,6034.04248046875,6656.9521484375,6733.822265625,6641.578125,6703.07421875,19853196
2020-02-21,5908.62353515625,6518.5859375,6672.326171875,6503.2119140625,6672.326171875,28604613
2020-02-24,5602.0439453125,6180.357421875,6395.59375,6180.357421875,6364.845703125,39476491
2020-02-25,5797.140625,6395.59375,6395.59375,6103.4873046875,6149.609375,38787536
2020-02-26,5713.52734375,6303.349609375,6426.341796875,6257.2275390625,6257.2275390625,16520171
2020-02-27,5825.0107421875,6426.341796875,6426.341796875,6287.9755859375,6318.7236328125,13158949
2020-02-28,5685.65673828125,6272.6015625,6380.2197265625,6257.2275390625,6303.349609375,22830946
2020-03-02,5769.26953125,6364.845703125,6395.59375,6287.9755859375,6303.349609375,16248544
2020-03-03,5825.0107421875,6426.341796875,6503.2119140625,6395.59375,6472.4638671875,18826236
2020-03-05,5755.33349609375,6349.4716796875,6441.7158203125,6349.4716796875,6426.341796875,14674785
2020-03-06,5755.33349609375,6349.4716796875,6364.845703125,6272.6015625,6303.349609375,12431553
2020-03-09,5365.14208984375,5918.9990234375,6118.861328125,5918.9990234375,6011.2431640625,39945496
2020-03-10,5337.27099609375,5888.2509765625,6011.2431640625,5765.2587890625,5811.380859375,23038211
2020-03-11,5072.498046875,5596.14453125,5995.869140625,5503.900390625,5980.4951171875,25988089
2020-03-12,4724.11181640625,5211.7939453125,5411.65625,5211.7939453125,5350.16015625,50357214
2020-03-13,4765.91796875,5257.916015625,5503.900390625,4858.19140625,4873.5654296875,37963387
2020-03-16,4584.75732421875,5058.0537109375,5319.412109375,5042.6796875,5273.2900390625,13841952
2020-03-17,4654.4345703125,5134.923828125,5134.923828125,4842.8173828125,4919.6875,30409053
2020-03-18,4598.69287109375,5073.427734375,5211.7939453125,5073.427734375,5211.7939453125,17195596
2020-03-19,4487.20947265625,4950.435546875,5042.6796875,4919.6875,4981.18359375,12616346
2020-03-20,4459.3388671875,4919.6875,5011.931640625,4904.3134765625,4965.8095703125,14142426
2020-03-23,4152.75927734375,4581.458984375,4796.6953125,4581.458984375,4673.703125,31276523
2020-03-24,4124.88818359375,4550.7109375,4612.20703125,4443.0927734375,4612.20703125,24107287
2020-03-25,4361.79052734375,4812.0693359375,4812.0693359375,4627.5810546875,4704.451171875,22523934
2020-03-26,4194.5654296875,4627.5810546875,4781.3212890625,4627.5810546875,4765.947265625,15049768
2020-03-27,4069.146240234375,4489.21484375,4658.3291015625,4458.466796875,4642.955078125,17492818
2020-03-30,3790.437744140625,4181.734375,4335.474609375,4181.734375,4304.7265625,23699651
2020-03-31,3776.50244140625,4166.3603515625,4335.474609375,4043.3681640625,4243.23046875,18505728
2020-04-01,3971.5986328125,4381.5966796875,4396.970703125,4104.8642578125,4135.6123046875,20834916
2020-04-02,3971.5986328125,4381.5966796875,4381.5966796875,4381.5966796875,4381.5966796875,0
2020-04-03,4110.95263671875,4535.3369140625,4596.8330078125,4381.5966796875,4396.970703125,16754592
2020-04-06,4389.6611328125,4842.8173828125,4842.8173828125,4658.3291015625,4673.703125,26005912
2020-04-07,4445.4033203125,4904.3134765625,4981.18359375,4827.443359375,4965.8095703125,40901167
2020-04-08,4375.72607421875,4827.443359375,4873.5654296875,4735.19921875,4765.947265625,16186036
2020-04-09,4403.5966796875,4858.19140625,4950.435546875,4827.443359375,4919.6875,23329286
2020-04-10,4333.919921875,4781.3212890625,4904.3134765625,4750.5732421875,4858.19140625,26735584
2020-04-13,4389.6611328125,4842.8173828125,4935.0615234375,4765.947265625,4781.3212890625,20481366
2020-04-14,4431.4677734375,4888.939453125,4919.6875,4765.947265625,4919.6875,22838621
2020-04-15,4556.88720703125,5027.3056640625,5073.427734375,4888.939453125,4919.6875,33533707
2020-04-16,4598.69287109375,5073.427734375,5073.427734375,4919.6875,4996.5576171875,14766498
2020-04-17,4738.04736328125,5227.16796875,5273.2900390625,5104.17578125,5134.923828125,24634377
2020-04-20,4640.49951171875,5119.5498046875,5273.2900390625,5104.17578125,5227.16796875,35438283
2020-04-21,4361.79052734375,4812.0693359375,5058.0537109375,4812.0693359375,5042.6796875,34691862
2020-04-22,4487.20947265625,4950.435546875,4965.8095703125,4689.0771484375,4689.0771484375,17004722
2020-04-23,4501.14453125,4965.8095703125,5058.0537109375,4935.0615234375,5042.6796875,11605029
2020-04-24,4473.2734375,4935.0615234375,4965.8095703125,4888.939453125,4919.6875,8664290
2020-04-27,4375.72607421875,4827.443359375,4981.18359375,4827.443359375,4950.435546875,15783148
2020-04-28,4403.5966796875,4858.19140625,4904.3134765625,4796.6953125,4858.19140625,9424403
2020-04-29,4445.4033203125,4904.3134765625,4950.435546875,4873.5654296875,4888.939453125,8894190
2020-04-30,4445.4033203125,4904.3134765625,4904.3134765625,4904.3134765625,4904.3134765625,0
2020-05-01,4445.4033203125,4904.3134765625,4904.3134765625,4904.3134765625,4904.3134765625,0
2020-05-04,4417.5322265625,4873.5654296875,4935.0615234375,4873.5654296875,4904.3134765625,7372630
2020-05-05,4403.5966796875,4858.19140625,4904.3134765625,4812.0693359375,4888.939453125,8171836
2020-05-06,4445.4033203125,4904.3134765625,4919.6875,4827.443359375,4888.939453125,12447847
2020-05-07,4542.951171875,5011.931640625,5027.3056640625,4904.3134765625,4904.3134765625,20287077
2020-05-08,4626.56396484375,5104.17578125,5227.16796875,5042.6796875,5042.6796875,41136076
2020-05-11,4682.30517578125,5165.671875,5227.16796875,5073.427734375,5196.419921875,45113304
2020-05-12,4793.78857421875,5288.6640625,5288.6640625,5104.17578125,5165.671875,38841524
2020-05-13,4877.4013671875,5380.908203125,5427.0302734375,5227.16796875,5350.16015625,34265493
2020-05-14,4821.65966796875,5319.412109375,5396.2822265625,5257.916015625,5319.412109375,23972417
2020-05-15,4821.65966796875,5319.412109375,5319.412109375,5319.412109375,5319.412109375,0
2020-05-18,4821.65966796875,5319.412109375,5319.412109375,5319.412109375,5319.412109375,0
2020-05-19,4877.4013671875,5380.908203125,5380.908203125,5304.0380859375,5350.16015625,29821113
2020-05-20,4877.4013671875,5380.908203125,5380.908203125,5380.908203125,5380.908203125,0
2020-05-21,4905.2724609375,5411.65625,5427.0302734375,5304.0380859375,5334.7861328125,28403397
2020-05-22,4807.72412109375,5304.0380859375,5427.0302734375,5288.6640625,5380.908203125,25059185
2020-05-25,4821.65966796875,5319.412109375,5365.5341796875,5288.6640625,5304.0380859375,13804454
2020-05-26,4905.2724609375,5411.65625,5411.65625,5334.7861328125,5350.16015625,29787160
2020-05-27,4821.65966796875,5319.412109375,5473.15234375,5319.412109375,5473.15234375,35160249
2020-05-28,4821.65966796875,5319.412109375,5380.908203125,5304.0380859375,5334.7861328125,11186271
2020-05-29,4793.78857421875,5288.6640625,5319.412109375,5273.2900390625,5319.412109375,14213162
2020-06-01,4974.94970703125,5488.5263671875,5550.0224609375,5304.0380859375,5304.0380859375,55770371
2020-06-02,4988.884765625,5503.900390625,5626.892578125,5503.900390625,5534.6484375,45595514
2020-06-03,5030.69140625,5550.0224609375,5565.396484375,5503.900390625,5534.6484375,14299997
2020-06-04,5016.755859375,5534.6484375,5626.892578125,5534.6484375,5580.7705078125,28071734
2020-06-05,4988.884765625,5503.900390625,5534.6484375,5473.15234375,5519.2744140625,22326133
2020-06-08,4988.884765625,5503.900390625,5503.900390625,5503.900390625,5503.900390625,0
2020-06-09,4988.884765625,5503.900390625,5503.900390625,5503.900390625,5503.900390625,0
2020-06-10,5183.9814453125,5719.13671875,5796.0068359375,5519.2744140625,5550.0224609375,33481703
2020-06-11,4877.4013671875,5380.908203125,5796.0068359375,5380.908203125,5749.884765625,32051076
2020-06-12,4919.2080078125,5427.0302734375,5427.0302734375,5257.916015625,5257.916015625,32632576
2020-06-15,4738.04736328125,5227.16796875,5457.7783203125,5196.419921875,5442.404296875,29345994
2020-06-16,4849.53076171875,5350.16015625,5380.908203125,5273.2900390625,5304.0380859375,19113311
2020-06-17,4821.65966796875,5319.412109375,5380.908203125,5304.0380859375,5350.16015625,7027178
2020-06-18,4821.65966796875,5319.412109375,5350.16015625,5288.6640625,5334.7861328125,7461221
2020-06-19,4877.4013671875,5380.908203125,5380.908203125,5319.412109375,5350.16015625,10120545
2020-06-22,4877.4013671875,5380.908203125,5457.7783203125,5365.5341796875,5396.2822265625,8530232
2020-06-23,4877.4013671875,5380.908203125,5427.0302734375,5365.5341796875,5380.908203125,11977378
2020-06-24,4891.3369140625,5396.2822265625,5473.15234375,5380.908203125,5411.65625,18665250
2020-06-25,4835.59521484375,5334.7861328125,5365.5341796875,5319.412109375,5350.16015625,8810738
2020-06-26,4835.59521484375,5334.7861328125,5380.908203125,5304.0380859375,5365.5341796875,6502201
2020-06-29,4696.24072265625,5181.0458984375,5319.412109375,5150.2978515625,5288.6640625,19386141
2020-06-30,4626.56396484375,5104.17578125,5257.916015625,5088.8017578125,5227.16796875,11056019
2020-07-01,4710.17626953125,5196.419921875,5196.419921875,5104.17578125,5119.5498046875,6724231
2020-07-02,4696.24072265625,5181.0458984375,5211.7939453125,5150.2978515625,5196.419921875,5295165
2020-07-03,4696.24072265625,5181.0458984375,5211.7939453125,5165.671875,5196.419921875,4037557
2020-07-06,4738.04736328125,5227.16796875,5273.2900390625,5181.0458984375,5196.419921875,9662174
2020-07-07,4765.91796875,5257.916015625,5288.6640625,5227.16796875,5273.2900390625,11587532
2020-07-08,4779.853515625,5273.2900390625,5288.6640625,5242.5419921875,5242.5419921875,5907497
2020-07-09,4863.46630859375,5365.5341796875,5380.908203125,5288.6640625,5304.0380859375,12286504
2020-07-10,4863.46630859375,5365.5341796875,5365.5341796875,5365.5341796875,5365.5341796875,0
2020-07-13,4793.78857421875,5288.6640625,5350.16015625,5273.2900390625,5304.0380859375,7554788
2020-07-14,4779.853515625,5273.2900390625,5288.6640625,5227.16796875,5273.2900390625,11554555
2020-07-15,4779.853515625,5273.2900390625,5273.2900390625,5273.2900390625,5273.2900390625,0
2020-07-16,4877.4013671875,5380.908203125,5380.908203125,5319.412109375,5380.908203125,12306342
2020-07-17,4877.4013671875,5380.908203125,5396.2822265625,5350.16015625,5380.908203125,12869272
2020-07-20,4793.78857421875,5288.6640625,5396.2822265625,5288.6640625,5380.908203125,9939850
2020-07-21,4821.65966796875,5319.412109375,5319.412109375,5273.2900390625,5319.412109375,9974292
2020-07-22,4779.853515625,5273.2900390625,5350.16015625,5273.2900390625,5350.16015625,8861310
2020-07-23,4751.98291015625,5242.5419921875,5288.6640625,5211.7939453125,5273.2900390625,10435199
2020-07-24,4598.69287109375,5073.427734375,5227.16796875,5042.6796875,5227.16796875,26954947
2020-07-27,4278.177734375,4719.8251953125,4950.435546875,4719.8251953125,4888.939453125,32484632
2020-07-28,4542.951171875,5011.931640625,5027.3056640625,4765.947265625,4888.939453125,21063126
2020-07-29,4361.79052734375,4812.0693359375,4888.939453125,4719.8251953125,4888.939453125,15908457
2020-07-30,4417.5322265625,4873.5654296875,4888.939453125,4827.443359375,4858.19140625,8912208
2020-07-31,4389.6611328125,4842.8173828125,4888.939453125,4765.947265625,4827.443359375,9180420
2020-08-03,4515.080078125,4981.18359375,4981.18359375,4827.443359375,4827.443359375,13643891
2020-08-04,4570.82177734375,5042.6796875,5073.427734375,4981.18359375,5011.931640625,8315975
2020-08-05,4612.62841796875,5088.8017578125,5088.8017578125,4981.18359375,5042.6796875,9558818
2020-08-06,4556.88720703125,5027.3056640625,5088.8017578125,5027.3056640625,5073.427734375,9920174
2020-08-07,4542.951171875,5011.931640625,5058.0537109375,5011.931640625,5027.3056640625,6645755
2020-08-10,4584.75732421875,5058.0537109375,5088.8017578125,5027.3056640625,5073.427734375,12017576
2020-08-11,4598.69287109375,5073.427734375,5104.17578125,5042.6796875,5088.8017578125,10665067
2020-08-12,4696.24072265625,5181.0458984375,5196.419921875,5073.427734375,5073.427734375,18189383
2020-08-13,4724.11181640625,5211.7939453125,5227.16796875,5165.671875,5211.7939453125,8881474
2020-08-14,4779.853515625,5273.2900390625,5288.6640625,5181.0458984375,5196.419921875,18487385
2020-08-17,4765.91796875,5257.916015625,5288.6640625,5181.0458984375,5273.2900390625,12546845
2020-08-18,4738.04736328125,5227.16796875,5273.2900390625,5196.419921875,5257.916015625,8826837
2020-08-19,4751.98291015625,5242.5419921875,5242.5419921875,5196.419921875,5227.16796875,12680577
2020-08-20,4751.98291015625,5242.5419921875,5273.2900390625,5211.7939453125,5242.5419921875,13647468
2020-08-21,4821.65966796875,5319.412109375,5319.412109375,5227.16796875,5242.5419921875,16701938
2020-08-24,4961.0146484375,5473.15234375,5488.5263671875,5350.16015625,5350.16015625,27137561
2020-08-25,5030.69140625,5550.0224609375,5626.892578125,5488.5263671875,5503.900390625,40170876
2020-08-26,4988.884765625,5503.900390625,5580.7705078125,5503.900390625,5534.6484375,17015682
2020-08-27,4988.884765625,5503.900390625,5534.6484375,5457.7783203125,5503.900390625,11700287
2020-08-28,4988.884765625,5503.900390625,5580.7705078125,5503.900390625,5534.6484375,19645442
2020-08-31,5002.8203125,5519.2744140625,5596.14453125,5503.900390625,5534.6484375,12736223
2020-09-01,5044.626953125,5565.396484375,5565.396484375,5503.900390625,5550.0224609375,16470639
2020-09-02,5044.626953125,5565.396484375,5565.396484375,5565.396484375,5565.396484375,0
2020-09-03,5072.498046875,5596.14453125,5642.2666015625,5565.396484375,5596.14453125,16101608
2020-09-04,5030.69140625,5550.0224609375,5565.396484375,5488.5263671875,5488.5263671875,16470932
2020-09-07,4933.1435546875,5442.404296875,5580.7705078125,5442.404296875,5580.7705078125,24893646
2020-09-08,4961.0146484375,5473.15234375,5488.5263671875,5396.2822265625,5473.15234375,11319775
2020-09-09,4947.07861328125,5457.7783203125,5473.15234375,5411.65625,5411.65625,12082328
2020-09-10,4961.0146484375,5473.15234375,5534.6484375,5473.15234375,5503.900390625,10176776
2020-09-11,4961.0146484375,5473.15234375,5473.15234375,5473.15234375,5473.15234375,0
2020-09-14,5058.56201171875,5580.7705078125,5611.5185546875,5519.2744140625,5534.6484375,14897466
2020-09-15,5044.626953125,5565.396484375,5611.5185546875,5550.0224609375,5580.7705078125,12018129
2020-09-16,5044.626953125,5565.396484375,5580.7705078125,5534.6484375,5550.0224609375,8501287
2020-09-17,5044.626953125,5565.396484375,5673.0146484375,5550.0224609375,5550.0224609375,24100847
2020-09-18,5225.78759765625,5765.2587890625,5780.6328125,5580.7705078125,5596.14453125,38326076
2020-09-21,5309.39990234375,5857.5029296875,5918.9990234375,5796.0068359375,5842.12890625,35176315
2020-09-22,5351.2060546875,5903.625,5918.9990234375,5842.12890625,5857.5029296875,32424205
2020-09-23,5351.2060546875,5903.625,5965.12109375,5872.876953125,5934.373046875,22001104
2020-09-24,5462.689453125,6026.6171875,6041.9912109375,5903.625,5949.7470703125,40188731
2020-09-25,5462.689453125,6026.6171875,6072.7392578125,5949.7470703125,6057.365234375,21155490
2020-09-28,5574.17333984375,6149.609375,6180.357421875,6041.9912109375,6072.7392578125,28179806
2020-09-29,5476.62548828125,6041.9912109375,6164.9833984375,6041.9912109375,6149.609375,25953616
2020-09-30,5504.49609375,6072.7392578125,6088.11328125,6011.2431640625,6041.9912109375,15520367
2020-10-01,5532.36669921875,6103.4873046875,6149.609375,6057.365234375,6118.861328125,25908474
2020-10-02,5532.36669921875,6103.4873046875,6149.609375,6041.9912109375,6118.861328125,35411094
2020-10-05,5673.11474609375,6258.76513671875,6294.125,6188.04443359375,6188.04443359375,30400545
2020-10-06,5721.19189453125,6311.80517578125,6347.16552734375,6258.76513671875,6347.16552734375,20116399
2020-10-07,5641.0634765625,6223.40478515625,6294.125,6223.40478515625,6276.44482421875,20489360
2020-10-08,5657.0888671875,6241.0849609375,6329.4853515625,6223.40478515625,6329.4853515625,19439962
2020-10-09,5625.037109375,6205.724609375,6258.76513671875,6205.724609375,6241.0849609375,10953513
2020-10-12,5625.037109375,6205.724609375,6276.44482421875,6170.3642578125,6241.0849609375,13654257
2020-10-13,5609.01123046875,6188.04443359375,6223.40478515625,6135.00390625,6223.40478515625,11463548
2020-10-14,5657.0888671875,6241.0849609375,6276.44482421875,6152.68408203125,6152.68408203125,13924164
2020-10-15,5641.0634765625,6223.40478515625,6258.76513671875,6205.724609375,6258.76513671875,12054240
2020-10-16,5721.19189453125,6311.80517578125,6329.4853515625,6258.76513671875,6276.44482421875,25877472
2020-10-19,5849.3974609375,6453.24609375,6488.6064453125,6364.845703125,6364.845703125,29948371
2020-10-20,5993.6298828125,6612.36767578125,6630.04736328125,6453.24609375,6470.92626953125,29777416
2020-10-21,5945.55224609375,6559.3271484375,6736.12841796875,6559.3271484375,6683.087890625,26867567
2020-10-22,6025.6806640625,6647.7275390625,6647.7275390625,6506.28662109375,6594.6875,20520865
2020-10-23,6041.70703125,6665.40771484375,6718.4482421875,6594.6875,6718.4482421875,18681200
2020-10-26,5897.474609375,6506.28662109375,6665.40771484375,6506.28662109375,6647.7275390625,25101007
2020-10-27,5737.2177734375,6329.4853515625,6506.28662109375,6329.4853515625,6506.28662109375,26969404
2020-10-28,5625.037109375,6205.724609375,6347.16552734375,6188.04443359375,6276.44482421875,19344403
2020-10-29,5705.16552734375,6294.125,6329.4853515625,6188.04443359375,6188.04443359375,17647158
2020-10-30,5705.16552734375,6294.125,6347.16552734375,6223.40478515625,6329.4853515625,16223130
2020-11-02,5769.26953125,6364.845703125,6364.845703125,6294.125,6347.16552734375,10441695
2020-11-03,5849.3974609375,6453.24609375,6488.6064453125,6364.845703125,6400.2060546875,10154112
2020-11-04,5913.5009765625,6523.966796875,6577.00732421875,6435.56640625,6577.00732421875,13249933
2020-11-05,5865.42333984375,6470.92626953125,6559.3271484375,6435.56640625,6541.64697265625,19199579
2020-11-06,5769.26953125,6364.845703125,6506.28662109375,6347.16552734375,6470.92626953125,11291151
2020-11-09,5849.3974609375,6453.24609375,6470.92626953125,6382.52587890625,6400.2060546875,10493278
2020-11-10,5801.32080078125,6400.2060546875,6541.64697265625,6400.2060546875,6506.28662109375,19163691
2020-11-11,5849.3974609375,6453.24609375,6488.6064453125,6382.52587890625,6435.56640625,26451506
2020-11-12,5993.6298828125,6612.36767578125,6612.36767578125,6453.24609375,6470.92626953125,29828009
2020-11-13,6185.9384765625,6824.52880859375,6824.52880859375,6647.7275390625,6647.7275390625,45561296
2020-11-16,6105.81005859375,6736.12841796875,6930.60986328125,6718.4482421875,6895.24951171875,56753269
2020-11-17,6266.0673828125,6912.9296875,6912.9296875,6753.80859375,6771.48876953125,28126919
2020-11-18,6298.11865234375,6948.2900390625,7072.05078125,6877.5693359375,6948.2900390625,31989165
2020-11-19,6250.04150390625,6895.24951171875,7001.330078125,6859.88916015625,6983.64990234375,37915904
2020-11-20,6185.9384765625,6824.52880859375,6895.24951171875,6806.8486328125,6877.5693359375,20131642
2020-11-23,6153.88671875,6789.1689453125,6859.88916015625,6736.12841796875,6824.52880859375,25490484
2020-11-24,6201.9638671875,6842.208984375,6895.24951171875,6789.1689453125,6859.88916015625,24222082
2020-11-25,6234.01611328125,6877.5693359375,6930.60986328125,6824.52880859375,6930.60986328125,18432644
2020-11-26,6250.04150390625,6895.24951171875,6895.24951171875,6789.1689453125,6806.8486328125,35122117
2020-11-27,6410.29931640625,7072.05078125,7072.05078125,6859.88916015625,6895.24951171875,45177927
2020-11-30,6522.47900390625,7195.8115234375,7284.21240234375,7142.771484375,7213.49169921875,52347616
2020-12-01,6682.73681640625,7372.61279296875,7372.61279296875,7089.73095703125,7089.73095703125,57751565
2020-12-02,6842.994140625,7549.4140625,7567.09423828125,7372.61279296875,7390.29296875,51105939
2020-12-03,6730.81396484375,7425.6533203125,7620.134765625,7372.61279296875,7620.134765625,63481246
2020-12-04,6714.7880859375,7407.97314453125,7478.69384765625,7372.61279296875,7425.6533203125,52081243
2020-12-07,6698.7626953125,7390.29296875,7443.33349609375,7354.9326171875,7407.97314453125,23340528
2020-12-08,6842.994140625,7549.4140625,7620.134765625,7354.9326171875,7390.29296875,46386997
2020-12-09,6859.02001953125,7567.09423828125,7690.85498046875,7549.4140625,7602.45458984375,36468092
2020-12-10,6746.83984375,7443.33349609375,7620.134765625,7425.6533203125,7584.7744140625,38468502
2020-12-11,6891.07080078125,7602.45458984375,7602.45458984375,7372.61279296875,7478.69384765625,24426097
2020-12-14,7003.251953125,7726.21533203125,7743.8955078125,7637.81494140625,7637.81494140625,39658397
2020-12-15,6891.07080078125,7602.45458984375,7726.21533203125,7567.09423828125,7726.21533203125,37000611
2020-12-16,7131.45751953125,7867.65625,7920.69677734375,7602.45458984375,7655.4951171875,55155175
2020-12-17,7083.38037109375,7814.6162109375,7885.33642578125,7708.53515625,7814.6162109375,47284700
2020-12-18,7403.89501953125,8168.21875,8168.21875,7832.29638671875,7956.05712890625,49496731
2020-12-21,7451.97216796875,8221.2587890625,8380.3798828125,8150.53857421875,8238.939453125,76144249
2020-12-22,7435.94677734375,8203.5791015625,8380.3798828125,8132.8583984375,8274.2998046875,64493456
2020-12-23,7339.79248046875,8097.498046875,8256.619140625,8097.498046875,8238.939453125,39121891
2020-12-24,7307.74072265625,8062.1376953125,8185.89892578125,7814.6162109375,8150.53857421875,45280727
2020-12-25,7403.89501953125,8168.21875,8185.89892578125,7991.41748046875,8062.1376953125,36220526
2020-12-28,7387.86962890625,8150.53857421875,8309.6591796875,8079.81787109375,8309.6591796875,46916603
2020-12-29,7355.81787109375,8115.17822265625,8150.53857421875,8079.81787109375,8150.53857421875,30860100
2020-12-30,7339.79248046875,8097.498046875,8185.89892578125,8097.498046875,8097.498046875,36202200
2020-12-31,7371.84423828125,8132.8583984375,8168.21875,8115.17822265625,8150.53857421875,39690495
2021-01-01,7371.84423828125,8132.8583984375,8132.8583984375,8132.8583984375,8132.8583984375,0
2021-01-04,7676.3330078125,8468.78125,8610.2216796875,8168.21875,8274.2998046875,11982606
2021-01-05,8060.95068359375,8893.103515625,8893.103515625,8468.78125,8539.5009765625,9628013
2021-01-06,8109.02734375,8946.14453125,9193.666015625,8840.0634765625,9016.8642578125,6239576
2021-01-07,8301.3369140625,9158.3056640625,9175.986328125,8928.4638671875,9016.8642578125,5350131
2021-01-08,8525.6982421875,9405.8271484375,9671.029296875,9193.666015625,9264.38671875,7313804
2021-01-11,8445.568359375,9317.4267578125,9617.9892578125,9264.38671875,9547.2685546875,6612395
2021-01-12,8381.46484375,9246.7060546875,9370.466796875,9087.5849609375,9317.4267578125,4680990
2021-01-13,8333.388671875,9193.666015625,9405.8271484375,9158.3056640625,9246.7060546875,5274226
2021-01-14,8461.595703125,9335.107421875,9335.107421875,9140.6259765625,9299.7470703125,5695321
2021-01-15,8573.775390625,9458.8681640625,9617.9892578125,9388.1474609375,9511.908203125,5634207
2021-01-18,8397.4912109375,9264.38671875,9494.228515625,9264.38671875,9458.8681640625,3913518
2021-01-19,7820.56494140625,8627.90234375,9264.38671875,8627.90234375,9264.38671875,6273965
2021-01-20,7820.56494140625,8627.90234375,8751.6630859375,8097.498046875,8627.90234375,6560501
2021-01-21,8269.2861328125,9122.9453125,9122.9453125,8627.90234375,8840.0634765625,4161338
2021-01-22,8205.181640625,9052.224609375,9175.986328125,8946.14453125,9087.5849609375,3506903
2021-01-25,8076.9775390625,8910.7841796875,9122.9453125,8893.103515625,8981.5048828125,3089598
2021-01-26,8205.181640625,9052.224609375,9052.224609375,8398.060546875,8893.103515625,5598687
2021-01-27,7692.35888671875,8486.4609375,8928.4638671875,8433.4208984375,8769.3427734375,6447351
2021-01-28,7163.5087890625,7903.0166015625,8132.8583984375,7903.0166015625,7956.05712890625,5758499
2021-01-29,7516.07568359375,8291.9794921875,8309.6591796875,7531.73388671875,7531.73388671875,5545124
2021-02-01,7051.3291015625,7779.255859375,8309.6591796875,7761.57568359375,8132.8583984375,4570951
2021-02-02,7484.0234375,8256.619140625,8274.2998046875,7761.57568359375,7991.41748046875,4071435
2021-02-03,7772.4873046875,8574.861328125,8610.2216796875,8274.2998046875,8380.3798828125,5610225
2021-02-04,7708.38427734375,8504.140625,8610.2216796875,8415.740234375,8592.5419921875,3136176
2021-02-05,7932.7451171875,8751.6630859375,8769.3427734375,8504.140625,8557.181640625,3361118
2021-02-08,7660.30712890625,8451.1005859375,8910.7841796875,8433.4208984375,8769.3427734375,6296250
2021-02-09,7660.30712890625,8451.1005859375,8451.1005859375,8451.1005859375,8451.1005859375,0
2021-02-10,7660.30712890625,8451.1005859375,8451.1005859375,8451.1005859375,8451.1005859375,0
2021-02-11,7660.30712890625,8451.1005859375,8451.1005859375,8451.1005859375,8451.1005859375,0
2021-02-12,7660.30712890625,8451.1005859375,8451.1005859375,8451.1005859375,8451.1005859375,0
2021-02-15,7660.30712890625,8451.1005859375,8451.1005859375,8451.1005859375,8451.1005859375,0
2021-02-16,7660.30712890625,8451.1005859375,8451.1005859375,8451.1005859375,8451.1005859375,0
2021-02-17,8269.2861328125,9122.9453125,9122.9453125,8840.0634765625,8893.103515625,5223378
2021-02-18,8397.4912109375,9264.38671875,9299.7470703125,9052.224609375,9193.666015625,6602328
2021-02-19,8605.8271484375,9494.228515625,9688.7099609375,9122.9453125,9158.3056640625,8485035
2021-02-22,8557.7490234375,9441.1875,9600.30859375,9299.7470703125,9494.228515625,5596990
2021-02-23,8782.1103515625,9688.7099609375,9724.0693359375,9405.8271484375,9458.8681640625,8933165
2021-02-24,8782.1103515625,9688.7099609375,9688.7099609375,9688.7099609375,9688.7099609375,0
2021-02-25,8782.1103515625,9688.7099609375,9688.7099609375,9688.7099609375,9688.7099609375,0
2021-02-26,8862.23828125,9777.1103515625,9830.150390625,9441.1875,9476.5478515625,6321278
2021-03-01,9086.5986328125,10024.6318359375,10059.9921875,9865.5107421875,9918.55078125,6240170
2021-03-02,9006.470703125,9936.2314453125,10148.392578125,9900.87109375,10130.712890625,3960689
2021-03-03,8974.4189453125,9900.87109375,10042.3125,9865.5107421875,9900.87109375,4657460
2021-03-04,8701.98046875,9600.30859375,9971.591796875,9511.908203125,9900.87109375,6547747
2021-03-05,8766.083984375,9671.029296875,9724.0693359375,9476.5478515625,9582.62890625,5383247
2021-03-08,8846.2119140625,9759.4296875,9847.8310546875,9635.6689453125,9794.7900390625,4188176
2021-03-09,8750.0576171875,9653.349609375,9741.75,9547.2685546875,9617.9892578125,3444517
2021-03-10,8958.392578125,9883.19140625,9936.2314453125,9582.62890625,9688.7099609375,6105753
2021-03-11,9054.546875,9989.271484375,10077.671875,9936.2314453125,9989.271484375,4654717
2021-03-12,9054.546875,9989.271484375,10059.9921875,9953.9111328125,10042.3125,4620753
2021-03-15,9262.8818359375,10219.11328125,10219.11328125,9971.591796875,10042.3125,6581796
2021-03-16,9182.75390625,10130.712890625,10307.513671875,10024.6318359375,10289.833984375,3605715
2021-03-17,9294.9326171875,10254.4736328125,10254.4736328125,10130.712890625,10130.712890625,4011594
2021-03-18,9359.037109375,10325.1943359375,10378.234375,10254.4736328125,10360.5546875,3690923
2021-03-19,9359.037109375,10325.1943359375,10378.234375,10254.4736328125,10254.4736328125,2804561
2021-03-22,9182.75390625,10130.712890625,10342.8740234375,10077.671875,10325.1943359375,4419849
2021-03-23,9086.5986328125,10024.6318359375,10148.392578125,9989.271484375,10130.712890625,4271830
2021-03-24,8846.2119140625,9759.4296875,9953.9111328125,9688.7099609375,9900.87109375,4546460
2021-03-25,8830.1875,9741.75,9900.87109375,9724.0693359375,9794.7900390625,3732948
2021-03-26,8814.1611328125,9724.0693359375,9812.470703125,9458.8681640625,9653.349609375,4047227
2021-03-29,9054.546875,9989.271484375,10006.9521484375,9724.0693359375,9777.1103515625,4774711
2021-03-30,9070.57421875,10006.9521484375,10148.392578125,9883.19140625,9989.271484375,3728734
2021-03-31,9022.4951171875,9953.9111328125,10095.3525390625,9936.2314453125,10024.6318359375,2972376
2021-04-01,9359.037109375,10325.1943359375,10325.1943359375,9971.591796875,9989.271484375,5539609
2021-04-02,9487.2421875,10466.634765625,10501.9951171875,10342.8740234375,10466.634765625,5059465
2021-04-05,9743.654296875,10749.517578125,10749.517578125,10537.35546875,10696.4765625,7381819
2021-04-06,10064.1708984375,11103.1201171875,11120.7998046875,10784.876953125,10855.59765625,9399423
2021-04-07,10192.375,11244.560546875,11332.9609375,11120.7998046875,11138.4794921875,6679929
2021-04-08,10000.0673828125,11032.3994140625,11244.560546875,10961.6787109375,11244.560546875,6325944
2021-04-09,10048.1435546875,11085.439453125,11120.7998046875,10908.638671875,10997.0390625,4780734
2021-04-12,10144.2978515625,11191.5205078125,11226.880859375,11085.439453125,11173.83984375,4701352
2021-04-13,9968.015625,10997.0390625,11244.560546875,10926.318359375,11244.560546875,6379648
2021-04-14,10016.0927734375,11050.0791015625,11085.439453125,10820.2373046875,10890.9580078125,4269398
2021-04-15,9807.7578125,10820.2373046875,11050.0791015625,10802.5576171875,11050.0791015625,5345153
2021-04-16,9679.55078125,10678.796875,10837.91796875,10537.35546875,10749.517578125,5007967
2021-04-19,9775.705078125,10784.876953125,10890.9580078125,10590.396484375,10767.197265625,3957465
2021-04-20,9775.705078125,10784.876953125,10961.6787109375,10643.4365234375,10855.59765625,3660154
2021-04-21,9775.705078125,10784.876953125,10784.876953125,10784.876953125,10784.876953125,0
2021-04-22,9359.037109375,10325.1943359375,10784.876953125,10325.1943359375,10749.517578125,3742620
2021-04-23,9711.603515625,10714.1572265625,10714.1572265625,10289.833984375,10325.1943359375,4725673
2021-04-26,9487.2421875,10466.634765625,10714.1572265625,10431.2744140625,10714.1572265625,4030966
2021-04-27,9487.2421875,10466.634765625,10590.396484375,10325.1943359375,10466.634765625,2843390
2021-04-28,9695.5771484375,10696.4765625,10890.9580078125,10466.634765625,10466.634765625,4917838
2021-04-29,9727.62890625,10731.8369140625,10943.9990234375,10731.8369140625,10784.876953125,5355617
2021-04-30,9727.62890625,10731.8369140625,10731.8369140625,10731.8369140625,10731.8369140625,0
2021-05-03,9727.62890625,10731.8369140625,10731.8369140625,10731.8369140625,10731.8369140625,0
2021-05-04,10016.0927734375,11050.0791015625,11085.439453125,10466.634765625,10466.634765625,6899582
2021-05-05,10160.3232421875,11209.2001953125,11456.72265625,11138.4794921875,11156.16015625,7317651
2021-05-06,10128.271484375,11173.83984375,11350.6416015625,11085.439453125,11209.2001953125,5349367
2021-05-07,10128.271484375,11173.83984375,11209.2001953125,11032.3994140625,11067.759765625,7003569
2021-05-10,10641.0966796875,11739.6044921875,11828.0048828125,11156.16015625,11173.83984375,10291187
2021-05-11,10480.837890625,11562.802734375,11810.3251953125,11562.802734375,11739.6044921875,5764975
2021-05-12,10641.0966796875,11739.6044921875,11739.6044921875,11474.40234375,11509.7626953125,5968848
2021-05-13,10560.9677734375,11651.2041015625,11951.765625,11598.1630859375,11598.1630859375,7606506
2021-05-14,10576.9931640625,11668.8837890625,11810.3251953125,11615.84375,11810.3251953125,6123230
2021-05-17,10544.9423828125,11633.5234375,11845.6845703125,11598.1630859375,11845.6845703125,5424678
2021-05-18,10673.1474609375,11774.96484375,11845.6845703125,11527.4423828125,11615.84375,6515168
2021-05-19,11057.7646484375,12199.287109375,12199.287109375,11810.3251953125,11916.4052734375,8306133
2021-05-20,11057.7646484375,12199.287109375,12287.6884765625,12110.88671875,12270.0078125,4896712
2021-05-21,11105.8427734375,12252.328125,12464.4892578125,12110.88671875,12163.927734375,5622782
2021-05-24,11137.89453125,12287.6884765625,12376.0888671875,12163.927734375,12305.3681640625,5793651
2021-05-25,11474.435546875,12658.970703125,12658.970703125,12287.6884765625,12305.3681640625,6445032
2021-05-26,12019.310546875,13260.0947265625,13260.0947265625,12941.8525390625,12994.8935546875,9522273
2021-05-27,11698.794921875,12906.4921875,13348.49609375,12747.37109375,13260.0947265625,7971888
2021-05-28,12083.4140625,13330.8154296875,13330.8154296875,12800.412109375,12941.8525390625,7460042
2021-05-31,12179.5693359375,13436.896484375,13542.9775390625,13083.2939453125,13436.896484375,8596007
2021-06-01,12243.669921875,13507.6171875,13737.458984375,13472.2568359375,13649.0576171875,4618575
2021-06-02,12339.82421875,13613.697265625,13684.41796875,13295.455078125,13401.5361328125,6697491
2021-06-03,13189.189453125,14550.744140625,14550.744140625,14091.0615234375,14144.1015625,8225902
2021-06-04,13317.396484375,14692.185546875,15098.828125,14533.064453125,14568.4248046875,9303128
2021-06-07,12740.4697265625,14055.701171875,14674.5048828125,13790.4990234375,14674.5048828125,87232122
2021-06-08,12740.4697265625,14055.701171875,14055.701171875,14055.701171875,14055.701171875,0
2021-06-09,12355.8515625,13631.3779296875,13719.7783203125,12994.8935546875,13118.654296875,86613066
2021-06-10,12147.5166015625,13401.5361328125,13772.8193359375,13330.8154296875,13613.697265625,43995159
2021-06-11,12628.2890625,13931.9404296875,14126.421875,13348.49609375,13507.6171875,70695759
2021-06-14,12596.2373046875,13896.580078125,14108.7412109375,13755.138671875,13931.9404296875,69532871
2021-06-15,12596.2373046875,13896.580078125,14126.421875,13666.73828125,13896.580078125,70391180
2021-06-16,12403.927734375,13684.41796875,13984.98046875,13666.73828125,13878.8994140625,58546525
2021-06-17,12788.5458984375,14108.7412109375,14144.1015625,13401.5361328125,13436.896484375,72861185
2021-06-18,12996.880859375,14338.5830078125,14497.7041015625,14303.22265625,14497.7041015625,73595908
2021-06-21,13028.9326171875,14373.943359375,14480.0244140625,14179.4619140625,14285.54296875,53219640
2021-06-22,13461.6279296875,14851.306640625,15010.427734375,14462.34375,14497.7041015625,100264269
2021-06-23,13429.576171875,14815.9462890625,15010.427734375,14674.5048828125,14939.70703125,66968410
2021-06-24,13461.6279296875,14851.306640625,15116.5087890625,14745.2255859375,15010.427734375,63553559
2021-06-25,13493.6796875,14886.6669921875,14922.02734375,14603.78515625,14851.306640625,53034970
2021-06-28,13814.193359375,15240.26953125,15310.990234375,15028.107421875,15063.4677734375,52628298
2021-06-29,13926.375,15364.0302734375,15487.791015625,15028.107421875,15275.6298828125,51766596
2021-06-30,13894.3232421875,15328.669921875,15717.6328125,15328.669921875,15381.7099609375,73515875
2021-07-01,13926.375,15364.0302734375,15452.4306640625,15116.5087890625,15346.3505859375,69288812
2021-07-02,13926.375,15364.0302734375,15487.791015625,15328.669921875,15487.791015625,50228711
2021-07-05,13926.375,15364.0302734375,15364.0302734375,15364.0302734375,15364.0302734375,0
2021-07-06,13926.375,15364.0302734375,15364.0302734375,15364.0302734375,15364.0302734375,0
2021-07-07,13926.375,15364.0302734375,15364.0302734375,15364.0302734375,15364.0302734375,0
2021-07-08,13926.375,15364.0302734375,15364.0302734375,15364.0302734375,15364.0302734375,0
2021-07-09,13413.5517578125,14798.2666015625,15063.4677734375,14568.4248046875,14727.5458984375,107649962
2021-07-12,13413.5517578125,14798.2666015625,14798.2666015625,14798.2666015625,14798.2666015625,0
2021-07-13,12894.31640625,14225.4296875,14607.3212890625,13986.748046875,14368.638671875,26302601
2021-07-14,12894.31640625,14225.4296875,14225.4296875,14225.4296875,14225.4296875,0
2021-07-15,12677.96875,13986.748046875,14058.3525390625,13604.857421875,13652.59375,33802966
2021-07-16,12677.96875,13986.748046875,13986.748046875,13986.748046875,13986.748046875,0
2021-07-19,11747.6748046875,12960.4169921875,13700.330078125,12936.548828125,13366.17578125,46402800
2021-07-20,12072.1953125,13318.439453125,13318.439453125,12650.130859375,13222.966796875,32531398
2021-07-21,12115.4658203125,13366.17578125,13652.59375,13318.439453125,13413.912109375,25661161
2021-07-22,12266.908203125,13533.2529296875,13604.857421875,13127.494140625,13366.17578125,21375956
2021-07-23,12007.2919921875,13246.8349609375,13557.12109375,13246.8349609375,13413.912109375,24819035
2021-07-26,11769.3095703125,12984.28515625,13199.0986328125,12793.33984375,13032.021484375,33515973
2021-07-27,11855.8466796875,13079.7578125,13246.8349609375,13032.021484375,13079.7578125,24291974
2021-07-28,11942.38671875,13175.23046875,13294.5712890625,13055.8896484375,13103.6259765625,12907985
2021-07-29,12288.5439453125,13557.12109375,13557.12109375,13270.703125,13318.439453125,31676075
2021-07-30,12504.890625,13795.802734375,13939.01171875,13557.12109375,13604.857421875,39736810
2021-08-02,12461.62109375,13748.06640625,13891.275390625,13652.59375,13795.802734375,2647123617
2021-08-03,12677.96875,13986.748046875,14034.484375,13748.06640625,13795.802734375,40473146
2021-08-04,12677.96875,13986.748046875,13986.748046875,13986.748046875,13986.748046875,0
2021-08-05,12980.8544921875,14320.90234375,14320.90234375,14034.484375,14129.95703125,34918050
2021-08-06,12829.4130859375,14153.8251953125,14368.638671875,14129.95703125,14320.90234375,28667256
2021-08-09,12937.5849609375,14273.166015625,14273.166015625,13891.275390625,13986.748046875,26926654
2021-08-10,12937.5849609375,14273.166015625,14273.166015625,14273.166015625,14273.166015625,0
2021-08-11,12851.046875,14177.693359375,14416.375,14082.220703125,14177.693359375,40918509
2021-08-12,12764.5078125,14082.220703125,14320.90234375,14082.220703125,14225.4296875,20407721
2021-08-13,12807.77734375,14129.95703125,14177.693359375,13891.275390625,14082.220703125,23587060
2021-08-16,13413.5517578125,14798.2666015625,14893.7392578125,14082.220703125,14129.95703125,66943126
2021-08-17,13413.5517578125,14798.2666015625,14798.2666015625,14798.2666015625,14798.2666015625,0
2021-08-18,13456.8193359375,14846.0029296875,14965.34375,14798.2666015625,14798.2666015625,26101077
2021-08-19,13456.8193359375,14846.0029296875,14846.0029296875,14464.1123046875,14702.7939453125,44160484
2021-08-20,12937.5849609375,14273.166015625,14798.2666015625,14058.3525390625,14798.2666015625,66809056
2021-08-23,12375.0810546875,13652.59375,14201.5615234375,13628.7255859375,14082.220703125,46082080
2021-08-24,12353.4482421875,13628.7255859375,13724.1982421875,13413.912109375,13652.59375,29287539
2021-08-25,12375.0810546875,13652.59375,13652.59375,13294.5712890625,13461.6484375,38421879
2021-08-26,12158.7353515625,13413.912109375,13676.4619140625,13366.17578125,13652.59375,26735395
2021-08-27,12115.4658203125,13366.17578125,13390.0439453125,13008.1533203125,13246.8349609375,38968632
2021-08-30,12288.5439453125,13557.12109375,13795.802734375,13366.17578125,13413.912109375,33186664
2021-08-31,12072.1953125,13318.439453125,13700.330078125,13318.439453125,13652.59375,21709664
2021-09-01,12072.1953125,13318.439453125,13461.6484375,13222.966796875,13318.439453125,26706277
2021-09-02,12072.1953125,13318.439453125,13318.439453125,13318.439453125,13318.439453125,0
2021-09-03,12072.1953125,13318.439453125,13318.439453125,13318.439453125,13318.439453125,0
2021-09-06,12245.2734375,13509.384765625,13533.2529296875,13222.966796875,13342.3076171875,36303996
2021-09-07,12375.0810546875,13652.59375,13771.9345703125,13533.2529296875,13604.857421875,42711692
2021-09-08,12375.0810546875,13652.59375,13652.59375,13652.59375,13652.59375,0
2021-09-09,12288.5439453125,13557.12109375,13604.857421875,13366.17578125,13461.6484375,21987440
2021-09-10,12202.00390625,13461.6484375,13557.12109375,13461.6484375,13557.12109375,17756701
2021-09-13,12072.1953125,13318.439453125,13509.384765625,13246.8349609375,13342.3076171875,28904183
2021-09-14,11942.38671875,13175.23046875,13366.17578125,13175.23046875,13222.966796875,20046571
2021-09-15,11877.482421875,13103.6259765625,13175.23046875,12984.28515625,13127.494140625,25035013
2021-09-16,12028.92578125,13270.703125,13270.703125,13127.494140625,13127.494140625,20475385
2021-09-17,12050.560546875,13294.5712890625,13366.17578125,13199.0986328125,13366.17578125,20354931
2021-09-20,12223.638671875,13485.5166015625,13604.857421875,13413.912109375,13437.7802734375,34909461
2021-09-21,12223.638671875,13485.5166015625,13485.5166015625,13485.5166015625,13485.5166015625,0
2021-09-22,12223.638671875,13485.5166015625,13485.5166015625,13485.5166015625,13485.5166015625,0
2021-09-23,12072.1953125,13318.439453125,13461.6484375,13270.703125,13366.17578125,24702562
2021-09-24,12418.3515625,13700.330078125,13771.9345703125,13366.17578125,13366.17578125,5731
2021-09-27,12115.4658203125,13366.17578125,13843.5390625,13366.17578125,13795.802734375,19516367
2021-09-28,12115.4658203125,13366.17578125,13413.912109375,13270.703125,13366.17578125,15482333
2021-09-29,12028.92578125,13270.703125,13461.6484375,13246.8349609375,13366.17578125,23266549
2021-09-30,12050.560546875,13294.5712890625,13437.7802734375,13246.8349609375,13270.703125,13919373
2021-10-01,11877.482421875,13103.6259765625,13342.3076171875,13008.1533203125,13318.439453125,28356592
2021-10-04,11726.0390625,12936.548828125,13127.494140625,12841.076171875,13103.6259765625,1634339467
2021-10-05,11855.8466796875,13079.7578125,13079.7578125,12912.6806640625,12912.6806640625,19823680
2021-10-06,11855.8466796875,13079.7578125,13079.7578125,13079.7578125,13079.7578125,0
2021-10-07,11964.021484375,13199.0986328125,13318.439453125,13151.3623046875,13318.439453125,13486579
2021-10-08,11964.021484375,13199.0986328125,13199.0986328125,13199.0986328125,13199.0986328125,0
2021-10-11,11964.021484375,13199.0986328125,13199.0986328125,13199.0986328125,13199.0986328125,0
2021-10-12,12439.9853515625,13724.1982421875,13915.1435546875,13628.7255859375,13915.1435546875,31161792
2021-10-13,12375.0810546875,13652.59375,13891.275390625,13652.59375,13891.275390625,20480622
2021-10-14,12375.0810546875,13652.59375,13652.59375,13652.59375,13652.59375,0
2021-10-15,12288.5439453125,13557.12109375,13724.1982421875,13533.2529296875,13724.1982421875,17155692
2021-10-18,12288.5439453125,13557.12109375,13557.12109375,13557.12109375,13557.12109375,0
2021-10-19,12202.00390625,13461.6484375,13604.857421875,13413.912109375,13604.857421875,16108062
2021-10-20,12202.00390625,13461.6484375,13604.857421875,13270.703125,13604.857421875,18723470
2021-10-21,12072.1953125,13318.439453125,13604.857421875,13318.439453125,13604.857421875,21358150
2021-10-22,12072.1953125,13318.439453125,13437.7802734375,13294.5712890625,13437.7802734375,15876582
2021-10-25,12072.1953125,13318.439453125,13318.439453125,13318.439453125,13318.439453125,0
2021-10-26,12072.1953125,13318.439453125,13318.439453125,13318.439453125,13318.439453125,0
2021-10-27,12072.1953125,13318.439453125,13318.439453125,13318.439453125,13318.439453125,0
2021-10-28,12331.8134765625,13604.857421875,13676.4619140625,13533.2529296875,13676.4619140625,18396675
2021-10-29,12331.8134765625,13604.857421875,13652.59375,13461.6484375,13604.857421875,22403266
2021-11-01,12331.8134765625,13604.857421875,13604.857421875,13604.857421875,13604.857421875,0
2021-11-02,12331.8134765625,13604.857421875,13557.12109375,13485.5166015625,13509.384765625,18022118
2021-11-03,12613.0634765625,13915.1435546875,14082.220703125,13557.12109375,13557.12109375,57497073
2021-11-04,12504.890625,13795.802734375,14010.6162109375,13771.9345703125,13962.8798828125,22605208
2021-11-05,12396.7158203125,13676.4619140625,13819.6708984375,13652.59375,13819.6708984375,16913947
2021-11-08,12331.8134765625,13604.857421875,13748.06640625,13557.12109375,13676.4619140625,28505535
2021-11-09,12375.0810546875,13652.59375,13819.6708984375,13604.857421875,13652.59375,25899973
2021-11-10,12375.0810546875,13652.59375,13748.06640625,13628.7255859375,13748.06640625,22200904
2021-11-11,12158.7353515625,13413.912109375,13652.59375,13366.17578125,13652.59375,26943832
2021-11-12,12353.4482421875,13628.7255859375,13628.7255859375,13366.17578125,13366.17578125,19849656
2021-11-15,12375.0810546875,13652.59375,13843.5390625,13580.9892578125,13700.330078125,26418446
2021-11-16,12396.7158203125,13676.4619140625,13819.6708984375,13604.857421875,13748.06640625,29088319
2021-11-17,12418.3515625,13700.330078125,13700.330078125,13557.12109375,13676.4619140625,14518079
2021-11-18,12245.2734375,13509.384765625,13700.330078125,13509.384765625,13700.330078125,19559102
2021-11-19,12245.2734375,13509.384765625,13819.6708984375,13366.17578125,13461.6484375,38278173
2021-11-22,12634.69921875,13939.01171875,14082.220703125,13557.12109375,13580.9892578125,49120855
2021-11-23,12504.890625,13795.802734375,14034.484375,13771.9345703125,14010.6162109375,20638363
2021-11-24,13370.28125,14750.5302734375,14750.5302734375,13724.1982421875,13795.802734375,90088175
2021-11-25,13370.28125,14750.5302734375,15013.080078125,14678.92578125,14941.4755859375,43344334
2021-11-26,13110.6640625,14464.1123046875,14869.87109375,14392.5068359375,14846.0029296875,35127534
2021-11-29,12894.31640625,14225.4296875,14297.0341796875,14034.484375,14177.693359375,35808147
2021-11-30,12548.1591796875,13843.5390625,14416.375,13795.802734375,14392.5068359375,43203980
2021-12-01,12764.5078125,14082.220703125,14082.220703125,13748.06640625,13843.5390625,22101818
2021-12-02,12591.4296875,13891.275390625,14177.693359375,13891.275390625,14153.8251953125,15315165
2021-12-03,12245.2734375,13509.384765625,14034.484375,13509.384765625,13986.748046875,26065256
2021-12-06,11899.1162109375,13127.494140625,13628.7255859375,12888.8125,13509.384765625,34223191
2021-12-07,12180.3701171875,13437.7802734375,13461.6484375,13199.0986328125,13222.966796875,16262661
2021-12-08,12288.5439453125,13557.12109375,13700.330078125,13390.0439453125,13461.6484375,15412785
2021-12-09,12353.4482421875,13628.7255859375,13652.59375,13413.912109375,13413.912109375,9612801
2021-12-10,12266.908203125,13533.2529296875,13700.330078125,13485.5166015625,13676.4619140625,13252586
2021-12-13,12288.5439453125,13557.12109375,13604.857421875,13509.384765625,13533.2529296875,18562796
2021-12-14,12223.638671875,13485.5166015625,13652.59375,13461.6484375,13533.2529296875,12845977
2021-12-15,12331.8134765625,13604.857421875,13676.4619140625,13461.6484375,13485.5166015625,13417659
2021-12-16,12223.638671875,13485.5166015625,13748.06640625,13461.6484375,13748.06640625,11847996
2021-12-17,12202.00390625,13461.6484375,13557.12109375,13413.912109375,13509.384765625,14817641
2021-12-20,12072.1953125,13318.439453125,13485.5166015625,13318.439453125,13461.6484375,15610119
2021-12-21,12093.830078125,13342.3076171875,13461.6484375,13294.5712890625,13413.912109375,13344130
2021-12-22,11964.021484375,13199.0986328125,13390.0439453125,13151.3623046875,13342.3076171875,18146551
2021-12-23,11812.578125,13032.021484375,13294.5712890625,12936.548828125,13270.703125,21246495
2021-12-24,12180.3701171875,13437.7802734375,13437.7802734375,13008.1533203125,13008.1533203125,14270678
2021-12-27,12180.3701171875,13437.7802734375,13557.12109375,13318.439453125,13509.384765625,8101374
2021-12-28,12245.2734375,13509.384765625,13557.12109375,13390.0439453125,13533.2529296875,13168373
2021-12-29,12245.2734375,13509.384765625,13771.9345703125,13485.5166015625,13580.9892578125,19339353
2021-12-30,12310.177734375,13580.9892578125,13724.1982421875,13509.384765625,13652.59375,10366944
2021-12-31,12504.890625,13795.802734375,14010.6162109375,13604.857421875,13700.330078125,27217837
2022-01-03,12504.890625,13795.802734375,13795.802734375,13795.802734375,13795.802734375,0
2022-01-04,12591.4296875,13891.275390625,14034.484375,13867.4072265625,13939.01171875,19006273
2022-01-05,12418.3515625,13700.330078125,13915.1435546875,13676.4619140625,13891.275390625,19094257
2022-01-06,12266.908203125,13533.2529296875,13652.59375,13437.7802734375,13604.857421875,22823281
2022-01-07,12375.0810546875,13652.59375,13771.9345703125,13509.384765625,13533.2529296875,19955864
2022-01-10,12158.7353515625,13413.912109375,13724.1982421875,13413.912109375,13628.7255859375,18713415
2022-01-11,12072.1953125,13318.439453125,13604.857421875,13318.439453125,13485.5166015625,14328077
2022-01-12,12634.69921875,13939.01171875,13939.01171875,13390.0439453125,13461.6484375,32028637
2022-01-13,12851.046875,14177.693359375,14726.662109375,14106.0888671875,14177.693359375,72799041
2022-01-14,12829.4130859375,14153.8251953125,14392.5068359375,13962.8798828125,14082.220703125,19842952
2022-01-17,12764.5078125,14082.220703125,14678.92578125,14082.220703125,14177.693359375,61651769
2022-01-18,12937.5849609375,14273.166015625,14487.98046875,14082.220703125,14177.693359375,30034140
2022-01-19,12807.77734375,14129.95703125,14702.7939453125,14129.95703125,14416.375,25950249
2022-01-20,13067.39453125,14416.375,14559.5849609375,13962.8798828125,14177.693359375,32743396
2022-01-21,13759.7080078125,15180.1572265625,15418.8388671875,14368.638671875,14416.375,106702979
2022-01-24,13889.5166015625,15323.3662109375,15752.9931640625,15108.552734375,15204.025390625,67298620
2022-01-25,14105.86328125,15562.0478515625,15609.7841796875,15227.8935546875,15275.6298828125,41557016
2022-01-26,14408.75,15896.2021484375,16182.6201171875,15657.5205078125,15729.125,58062470
2022-01-27,14278.94140625,15752.9931640625,15920.0703125,15538.1796875,15752.9931640625,36998016
2022-01-28,14581.8271484375,16087.1474609375,16325.8291015625,15848.4658203125,15896.2021484375,50333139
2022-01-31,14581.8271484375,16087.1474609375,16087.1474609375,16087.1474609375,16087.1474609375,0
2022-02-01,14581.8271484375,16087.1474609375,16087.1474609375,16087.1474609375,16087.1474609375,0
2022-02-02,14581.8271484375,16087.1474609375,16087.1474609375,16087.1474609375,16087.1474609375,0
2022-02-03,14581.8271484375,16087.1474609375,16087.1474609375,16087.1474609375,16087.1474609375,0
2022-02-04,14581.8271484375,16087.1474609375,16087.1474609375,16087.1474609375,16087.1474609375,0
2022-02-07,14625.0966796875,16134.8837890625,16469.0390625,16015.54296875,16373.5654296875,35195825
2022-02-08,14625.0966796875,16134.8837890625,16301.9609375,15896.2021484375,16039.4111328125,39096208
2022-02-09,14408.75,15896.2021484375,16301.9609375,15896.2021484375,16134.8837890625,44171377
2022-02-10,14603.462890625,16111.015625,16325.8291015625,15776.861328125,15848.4658203125,49634719
2022-02-11,14690.0009765625,16206.48828125,16301.9609375,16087.1474609375,16111.015625,29669009
2022-02-14,13846.24609375,15275.6298828125,16134.8837890625,15275.6298828125,15991.6748046875,57223277
2022-02-15,13846.24609375,15275.6298828125,15275.6298828125,15275.6298828125,15275.6298828125,0
2022-02-16,14127.498046875,15585.916015625,15776.861328125,15394.970703125,15729.125,19505055
2022-02-17,14365.48046875,15848.4658203125,15848.4658203125,15562.0478515625,15585.916015625,19554912
2022-02-18,14127.498046875,15585.916015625,15776.861328125,15538.1796875,15705.2568359375,26144650
2022-02-21,14127.498046875,15585.916015625,15705.2568359375,15204.025390625,15562.0478515625,39430335
2022-02-22,14884.71484375,16421.302734375,16421.302734375,15323.3662109375,15514.3115234375,78469354
2022-02-23,14863.0791015625,16397.43359375,16659.984375,16301.9609375,16516.775390625,36272992
2022-02-24,14711.6357421875,16230.3564453125,16612.248046875,15848.4658203125,16230.3564453125,62454721
2022-02-25,14754.9052734375,16278.0927734375,16659.984375,16278.0927734375,16445.169921875,35203786
2022-02-28,14884.71484375,16421.302734375,16612.248046875,16230.3564453125,16254.224609375,26750268
2022-03-01,14711.6357421875,16230.3564453125,16659.984375,16158.751953125,16516.775390625,34186531
2022-03-02,14062.59375,15514.3115234375,16134.8837890625,15466.5751953125,16134.8837890625,108140668
2022-03-03,14322.2109375,15800.7294921875,15896.2021484375,15084.6845703125,15705.2568359375,62818805
2022-03-04,14235.671875,15705.2568359375,15896.2021484375,15562.0478515625,15752.9931640625,23464512
2022-03-07,13932.7861328125,15371.1025390625,15585.916015625,15275.6298828125,15371.1025390625,39592057
2022-03-08,13413.5517578125,14798.2666015625,15275.6298828125,14798.2666015625,15180.1572265625,53700804
2022-03-09,13305.376953125,14678.92578125,14941.4755859375,14440.2431640625,14798.2666015625,50511201
2022-03-10,13435.185546875,14822.134765625,15156.2890625,14798.2666015625,14941.4755859375,24857790
2022-03-11,13608.263671875,15013.080078125,15132.4208984375,14822.134765625,14822.134765625,23596487
2022-03-14,13694.802734375,15108.552734375,15275.6298828125,14893.7392578125,15036.9482421875,33478475
2022-03-15,13673.16796875,15084.6845703125,15227.8935546875,14965.34375,15227.8935546875,18223222
2022-03-16,13889.5166015625,15323.3662109375,15466.5751953125,15227.8935546875,15347.234375,23517302
2022-03-17,13954.4208984375,15394.970703125,15633.65234375,15371.1025390625,15490.443359375,21455351
2022-03-18,13889.5166015625,15323.3662109375,15538.1796875,15275.6298828125,15514.3115234375,20833812
2022-03-21,13932.7861328125,15371.1025390625,15418.8388671875,15180.1572265625,15418.8388671875,24492659
2022-03-22,14040.9580078125,15490.443359375,15609.7841796875,15371.1025390625,15371.1025390625,23057903
2022-03-23,13911.150390625,15347.234375,15609.7841796875,15347.234375,15514.3115234375,19062834
2022-03-24,13867.880859375,15299.498046875,15442.70703125,15275.6298828125,15299.498046875,16999207
2022-03-25,13759.7080078125,15180.1572265625,15371.1025390625,15180.1572265625,15299.498046875,16955215
2022-03-28,13629.8984375,15036.9482421875,15251.76171875,14846.0029296875,15180.1572265625,27133624
2022-03-29,13846.24609375,15275.6298828125,15275.6298828125,15036.9482421875,15108.552734375,15637142
2022-03-30,14127.498046875,15585.916015625,15943.9384765625,15180.1572265625,15227.8935546875,63132402
2022-03-31,14257.3056640625,15729.125,15800.7294921875,15585.916015625,15585.916015625,26861295
2022-04-01,14408.75,15896.2021484375,15991.6748046875,15657.5205078125,15752.9931640625,34065450
2022-04-04,14278.94140625,15752.9931640625,16111.015625,15752.9931640625,16111.015625,25542174
2022-04-05,14127.498046875,15585.916015625,15848.4658203125,15585.916015625,15729.125,20880317
2022-04-06,14430.384765625,15920.0703125,15991.6748046875,15514.3115234375,15585.916015625,35166707
2022-04-07,14581.8271484375,16087.1474609375,16421.302734375,15991.6748046875,16015.54296875,50501355
2022-04-08,14365.48046875,15848.4658203125,16230.3564453125,15800.7294921875,16111.015625,23943602
2022-04-11,14365.48046875,15848.4658203125,15848.4658203125,15848.4658203125,15848.4658203125,0
2022-04-12,13954.4208984375,15394.970703125,15872.333984375,15371.1025390625,15848.4658203125,32144481
2022-04-13,14105.86328125,15562.0478515625,15657.5205078125,15371.1025390625,15394.970703125,28408125
2022-04-14,13976.0546875,15418.8388671875,15705.2568359375,15418.8388671875,15609.7841796875,16563061
2022-04-15,13586.62890625,14989.2119140625,15442.70703125,14941.4755859375,15418.8388671875,31654289
2022-04-18,13110.6640625,14464.1123046875,14941.4755859375,14392.5068359375,14941.4755859375,37481715
2022-04-19,12677.96875,13986.748046875,14726.662109375,13986.748046875,14559.5849609375,26711304
2022-04-20,12764.5078125,14082.220703125,14344.7705078125,13915.1435546875,14034.484375,27311267
2022-04-21,12980.8544921875,14320.90234375,14583.453125,13891.275390625,14082.220703125,26405039
2022-04-22,12980.8544921875,14320.90234375,14702.7939453125,14225.4296875,14464.1123046875,23993249
2022-04-25,12158.7353515625,13413.912109375,14559.5849609375,13318.439453125,14416.375,33933684
2022-04-26,12699.603515625,14010.6162109375,14058.3525390625,12888.8125,13366.17578125,30964249
2022-04-27,12851.046875,14177.693359375,14201.5615234375,13771.9345703125,13962.8798828125,15029010
2022-04-28,12742.8720703125,14058.3525390625,14273.166015625,14034.484375,14225.4296875,13126476
2022-04-29,12894.31640625,14225.4296875,14273.166015625,13986.748046875,14010.6162109375,17778488
2022-05-02,12894.31640625,14225.4296875,14225.4296875,14225.4296875,14225.4296875,0
2022-05-03,12894.31640625,14225.4296875,14225.4296875,14225.4296875,14225.4296875,0
2022-05-04,12504.890625,13795.802734375,14249.2978515625,13795.802734375,14225.4296875,16496446
2022-05-05,12548.1591796875,13843.5390625,13986.748046875,13485.5166015625,13986.748046875,14463613
2022-05-06,12115.4658203125,13366.17578125,13748.06640625,13366.17578125,13604.857421875,18543314
2022-05-09,11336.61328125,12506.921875,13270.703125,12483.0537109375,13175.23046875,32986188
2022-05-10,11704.4052734375,12912.6806640625,12912.6806640625,11981.822265625,12315.9765625,22711626
2022-05-11,11899.1162109375,13127.494140625,13127.494140625,12745.603515625,12912.6806640625,12075286
2022-05-12,11098.6318359375,12244.3720703125,13032.021484375,12244.3720703125,12888.8125,21333012
2022-05-13,10427.9541015625,11504.458984375,12506.921875,11504.458984375,12411.44921875,33794377
2022-05-16,10644.302734375,11743.140625,12101.1630859375,11695.404296875,12029.55859375,15464946
2022-05-17,11379.8828125,12554.658203125,12554.658203125,11719.2724609375,11767.0087890625,16969041
2022-05-18,11531.3271484375,12721.7353515625,13127.494140625,12602.39453125,12793.33984375,18173365
2022-05-19,11574.5966796875,12769.4716796875,12912.6806640625,12411.44921875,12506.921875,13087512
2022-05-20,11682.76953125,12888.8125,13008.1533203125,12697.8671875,12793.33984375,10568048
2022-05-23,11379.8828125,12554.658203125,12936.548828125,12459.185546875,12888.8125,13134646
2022-05-24,11617.8662109375,12817.2080078125,12817.2080078125,12483.0537109375,12650.130859375,14015527
2022-05-25,12137.099609375,13390.0439453125,13485.5166015625,12888.8125,12888.8125,22867901
2022-05-26,11964.021484375,13199.0986328125,13509.384765625,13199.0986328125,13509.384765625,15210214
2022-05-27,12115.4658203125,13366.17578125,13437.7802734375,13151.3623046875,13222.966796875,17541980
2022-05-30,12158.7353515625,13413.912109375,13485.5166015625,13318.439453125,13485.5166015625,16628630
2022-05-31,12007.2919921875,13246.8349609375,13366.17578125,13127.494140625,13366.17578125,11073114
2022-06-01,11942.38671875,13175.23046875,13366.17578125,13151.3623046875,13175.23046875,8229997
2022-06-02,11942.38671875,13175.23046875,13175.23046875,13175.23046875,13175.23046875,0
2022-06-03,11855.8466796875,13079.7578125,13079.7578125,12721.7353515625,13008.1533203125,10829065
2022-06-06,11790.9443359375,13008.1533203125,13151.3623046875,12841.076171875,13079.7578125,14542169
2022-06-07,11661.134765625,12864.9443359375,13032.021484375,12602.39453125,13032.021484375,11574409
2022-06-08,12093.830078125,13342.3076171875,13413.912109375,12864.9443359375,12984.28515625,24763313
2022-06-09,12028.92578125,13270.703125,13437.7802734375,13127.494140625,13437.7802734375,9499889
2022-06-10,11899.1162109375,13127.494140625,13366.17578125,13103.6259765625,13127.494140625,9828570
2022-06-13,11098.6318359375,12244.3720703125,12793.33984375,12220.50390625,12793.33984375,33756461
2022-06-14,11033.7275390625,12172.767578125,12363.712890625,11934.0859375,11934.0859375,18302407
2022-06-15,10774.109375,11886.349609375,12172.767578125,11552.1953125,12053.4267578125,32659393
2022-06-16,10774.109375,11886.349609375,12125.03125,11886.349609375,11934.0859375,14917984
2022-06-17,10081.796875,11122.5673828125,11504.458984375,11074.8310546875,11289.6455078125,43864902
2022-06-20,9735.640625,10740.6767578125,11289.6455078125,10430.390625,11122.5673828125,20265063
2022-06-21,9714.005859375,10716.80859375,10931.6220703125,10525.86328125,10740.6767578125,13093587
2022-06-22,10146.7021484375,11194.171875,11408.986328125,10812.28125,10812.28125,21923548
2022-06-23,10406.3203125,11480.5908203125,11480.5908203125,11098.69921875,11098.69921875,11813431
2022-06-24,10254.875,11313.513671875,11552.1953125,11313.513671875,11552.1953125,8070999
2022-06-27,10427.9541015625,11504.458984375,11552.1953125,11265.77734375,11361.25,11702823
2022-06-28,10687.572265625,11790.876953125,12029.55859375,11289.6455078125,11313.513671875,25962609
2022-06-29,10687.572265625,11790.876953125,11981.822265625,11623.7998046875,11719.2724609375,17963043
2022-06-30,10471.224609375,11552.1953125,11886.349609375,11552.1953125,11814.7451171875,15045350
2022-07-01,10471.224609375,11552.1953125,11647.66796875,11194.171875,11337.3818359375,15829658
2022-07-04,10644.302734375,11743.140625,11767.0087890625,11504.458984375,11623.7998046875,13240017
2022-07-05,11012.091796875,12148.8994140625,12315.9765625,11695.404296875,11767.0087890625,34561717
2022-07-06,10774.109375,11886.349609375,12196.6357421875,11862.4814453125,11934.0859375,15662909
2022-07-07,10860.6494140625,11981.822265625,12101.1630859375,11695.404296875,11886.349609375,13768545
2022-07-08,10839.013671875,11957.9541015625,12077.294921875,11910.2177734375,12077.294921875,11620705
2022-07-11,10557.763671875,11647.66796875,11957.9541015625,11599.931640625,11886.349609375,17321603
2022-07-12,10557.763671875,11647.66796875,11647.66796875,11647.66796875,11647.66796875,0
2022-07-13,10947.1875,12077.294921875,12292.1083984375,11981.822265625,12077.294921875,20224213
2022-07-14,11033.7275390625,12172.767578125,12196.6357421875,12005.6904296875,12005.6904296875,15241427
2022-07-15,11012.091796875,12148.8994140625,12268.240234375,12125.03125,12172.767578125,16958148
2022-07-18,10990.4580078125,12125.03125,12268.240234375,12125.03125,12172.767578125,12858127
2022-07-19,10903.9189453125,12029.55859375,12125.03125,11934.0859375,12101.1630859375,9941063
2022-07-20,11055.3623046875,12196.6357421875,12244.3720703125,12125.03125,12172.767578125,14416269
2022-07-21,11076.9970703125,12220.50390625,12292.1083984375,12172.767578125,12172.767578125,13995416
2022-07-22,11055.3623046875,12196.6357421875,12363.712890625,12196.6357421875,12220.50390625,14842150
2022-07-25,10925.5537109375,12053.4267578125,12196.6357421875,12029.55859375,12148.8994140625,7616419
2022-07-26,10882.2841796875,12005.6904296875,12148.8994140625,11981.822265625,12053.4267578125,7516914
2022-07-27,10774.109375,11886.349609375,11981.822265625,11814.7451171875,11934.0859375,12026685
2022-07-28,11055.3623046875,12196.6357421875,12292.1083984375,11981.822265625,12053.4267578125,19554283
2022-07-29,11098.6318359375,12244.3720703125,12292.1083984375,12172.767578125,12268.240234375,15538894
2022-08-01,11466.4228515625,12650.130859375,12650.130859375,12244.3720703125,12268.240234375,25139755
2022-08-02,11552.9609375,12745.603515625,12817.2080078125,12554.658203125,12626.2626953125,22857846
2022-08-03,11639.5009765625,12841.076171875,12841.076171875,12506.921875,12697.8671875,20720690
2022-08-04,11661.134765625,12864.9443359375,12984.28515625,12793.33984375,12864.9443359375,23442516
2022-08-05,11661.134765625,12864.9443359375,12864.9443359375,12673.9990234375,12841.076171875,15694541
2022-08-08,11726.0390625,12936.548828125,12984.28515625,12793.33984375,12888.8125,18966262
2022-08-09,11834.212890625,13055.8896484375,13175.23046875,12984.28515625,13079.7578125,22212216
2022-08-10,11769.3095703125,12984.28515625,13103.6259765625,12936.548828125,13079.7578125,13337217
2022-08-11,11596.23046875,12793.33984375,13127.494140625,12769.4716796875,13103.6259765625,23526519
2022-08-12,11704.4052734375,12912.6806640625,12936.548828125,12745.603515625,12793.33984375,9323713
2022-08-15,11834.212890625,13055.8896484375,13175.23046875,13008.1533203125,13032.021484375,16981610
2022-08-16,11790.9443359375,13008.1533203125,13079.7578125,12960.4169921875,13032.021484375,14743274
2022-08-17,12007.2919921875,13246.8349609375,13294.5712890625,13032.021484375,13032.021484375,32270172
2022-08-18,11964.021484375,13199.0986328125,13294.5712890625,13151.3623046875,13222.966796875,18962910
2022-08-19,11942.38671875,13175.23046875,13222.966796875,13127.494140625,13222.966796875,19115624
2022-08-22,11994.310546875,13232.5146484375,13433.0068359375,13175.23046875,13347.0810546875,18566043
2022-08-23,12046.2333984375,13289.7978515625,13318.439453125,13060.6630859375,13060.6630859375,9828116
2022-08-24,12098.1572265625,13347.0810546875,13404.365234375,13261.15625,13318.439453125,12666275
2022-08-25,12279.8896484375,13547.57421875,13547.57421875,13318.439453125,13404.365234375,20078517
2022-08-26,12253.9287109375,13518.9326171875,13690.783203125,13518.9326171875,13604.857421875,17514782
2022-08-29,12150.080078125,13404.365234375,13461.6484375,13117.947265625,13203.8720703125,20881190
2022-08-30,12279.8896484375,13547.57421875,13690.783203125,13433.0068359375,13490.2900390625,16137774
2022-08-31,12331.8134765625,13604.857421875,13719.4248046875,13490.2900390625,13547.57421875,12089670
2022-09-01,12331.8134765625,13604.857421875,13604.857421875,13604.857421875,13604.857421875,0
2022-09-02,12331.8134765625,13604.857421875,13604.857421875,13604.857421875,13604.857421875,0
2022-09-05,12253.9287109375,13518.9326171875,13690.783203125,13490.2900390625,13576.2158203125,11136518
2022-09-06,12279.8896484375,13547.57421875,13690.783203125,13490.2900390625,13518.9326171875,12026651
2022-09-07,11942.38671875,13175.23046875,13633.4990234375,13175.23046875,13576.2158203125,30390193
2022-09-08,11838.5400390625,13060.6630859375,13318.439453125,13032.021484375,13232.5146484375,13896644
2022-09-09,11786.6171875,13003.3798828125,13146.5888671875,12745.603515625,13146.5888671875,15099432
2022-09-12,11734.693359375,12946.095703125,13175.23046875,12946.095703125,13175.23046875,5259968
2022-09-13,11708.7314453125,12917.4541015625,13032.021484375,12888.8125,12974.73828125,9016016
2022-09-14,11630.8466796875,12831.529296875,12860.1708984375,12602.39453125,12631.0361328125,11916322
2022-09-15,11501.0380859375,12688.3203125,12917.4541015625,12631.0361328125,12860.1708984375,6263571
2022-09-16,11319.3056640625,12487.8271484375,12802.88671875,12459.185546875,12745.603515625,12247307
2022-09-19,10903.9189453125,12029.55859375,12487.8271484375,12029.55859375,12430.5439453125,14510258
2022-09-20,11085.650390625,12230.05078125,12230.05078125,12000.9169921875,12230.05078125,9018460
2022-09-21,11007.7666015625,12144.1259765625,12144.1259765625,12000.9169921875,12144.1259765625,7025744
2022-09-22,11033.7275390625,12172.767578125,12172.767578125,11943.6328125,12029.55859375,9302311
2022-09-23,10903.9189453125,12029.55859375,12230.05078125,12029.55859375,12144.1259765625,6491909
2022-09-26,10436.6083984375,11514.005859375,11972.2744140625,11399.4384765625,11800.423828125,17783096
2022-09-27,10488.5302734375,11571.2890625,11657.21484375,11456.72265625,11657.21484375,6943870
2022-09-28,10358.72265625,11428.080078125,11599.931640625,11428.080078125,11456.72265625,6113965
2022-09-29,10280.837890625,11342.1552734375,11599.931640625,11342.1552734375,11571.2890625,7534441
2022-09-30,10384.6845703125,11456.72265625,11456.72265625,11055.7373046875,11284.87109375,13145470
2022-10-03,9709.6796875,10712.03515625,11399.4384765625,10654.751953125,11399.4384765625,15829134
2022-10-04,9761.6025390625,10769.3193359375,10998.453125,10597.4677734375,10998.453125,14656198
2022-10-05,9969.296875,10998.453125,11141.662109375,10912.5283203125,10941.169921875,8779299
2022-10-06,9398.1396484375,10368.333984375,10969.8115234375,10339.69140625,10969.8115234375,13135345
2022-10-07,8801.01953125,9709.572265625,10196.482421875,9652.2880859375,10053.2734375,71867501
2022-10-10,8956.791015625,9881.4228515625,9967.3486328125,9480.4375,9709.572265625,19846863
2022-10-11,8333.708984375,9194.01953125,9910.064453125,9194.01953125,9910.064453125,33860819
2022-10-12,8904.8671875,9824.1396484375,9824.1396484375,9251.302734375,9251.302734375,21446273
2022-10-13,9034.67578125,9967.3486328125,10053.2734375,9738.2138671875,9824.1396484375,11888740
2022-10-14,9242.3681640625,10196.482421875,10482.900390625,10081.916015625,10253.7666015625,21199257
2022-10-17,9086.5986328125,10024.6318359375,10196.482421875,9795.4970703125,10139.19921875,17026335
2022-10-18,9112.5595703125,10053.2734375,10425.6171875,9995.990234375,10282.408203125,16685749
2022-10-19,9086.5986328125,10024.6318359375,10196.482421875,9881.4228515625,10139.19921875,9758288
2022-10-20,8904.8671875,9824.1396484375,10024.6318359375,9824.1396484375,9995.990234375,11840733
2022-10-21,8359.6708984375,9222.6611328125,9881.4228515625,9222.6611328125,9881.4228515625,23986965
2022-10-24,8100.052734375,8936.2431640625,9423.154296875,8850.318359375,9337.228515625,30406777
2022-10-25,8515.44140625,9394.5126953125,9537.7216796875,8878.9599609375,9022.1689453125,27994219
2022-10-26,8515.44140625,9394.5126953125,9623.646484375,9308.5869140625,9394.5126953125,12682335
2022-10-27,9086.5986328125,10024.6318359375,10024.6318359375,9451.7958984375,9451.7958984375,22865353
2022-10-28,9164.4833984375,10110.5576171875,10396.9755859375,9967.3486328125,10196.482421875,24353736
2022-10-31,9190.4453125,10139.19921875,10253.7666015625,9738.2138671875,10139.19921875,21290382
2022-11-01,9346.2158203125,10311.0498046875,10540.1845703125,10225.125,10311.0498046875,36404129
2022-11-02,9294.2919921875,10253.7666015625,10425.6171875,10196.482421875,10311.0498046875,17828484
2022-11-03,9164.4833984375,10110.5576171875,10311.0498046875,10081.916015625,10110.5576171875,15544934
2022-11-04,9294.2919921875,10253.7666015625,10253.7666015625,9451.7958984375,9938.7060546875,43608458
2022-11-07,8801.01953125,9709.572265625,10167.8408203125,9709.572265625,10081.916015625,20223410
2022-11-08,8930.8291015625,9852.78125,9995.990234375,9509.0791015625,9595.0048828125,15221456
2022-11-09,8801.01953125,9709.572265625,10053.2734375,9680.9306640625,9910.064453125,14729343
2022-11-10,8203.900390625,9050.810546875,9680.9306640625,9050.810546875,9652.2880859375,34977019
2022-11-11,8307.7470703125,9165.3779296875,9566.36328125,9136.736328125,9308.5869140625,20901440
2022-11-14,7892.36083984375,8707.109375,9136.736328125,8649.8251953125,9136.736328125,20998850
2022-11-15,7347.1640625,8105.630859375,8707.109375,8105.630859375,8592.5419921875,40990956
2022-11-16,7840.43701171875,8649.8251953125,8649.8251953125,7561.4365234375,7704.6455078125,45545313
2022-11-17,8151.9775390625,8993.52734375,9108.09375,8649.8251953125,8793.0341796875,25877733
2022-11-18,8151.9775390625,8993.52734375,9279.9453125,8592.5419921875,8878.9599609375,22519006
2022-11-21,8151.9775390625,8993.52734375,9222.6611328125,8936.2431640625,9108.09375,18728044
2022-11-22,8203.900390625,9050.810546875,9423.154296875,8936.2431640625,8993.52734375,23382254
2022-11-23,8151.9775390625,8993.52734375,9222.6611328125,8993.52734375,9050.810546875,12868602
2022-11-24,8151.9775390625,8993.52734375,9079.4521484375,8821.67578125,8964.884765625,11087289
2022-11-25,8411.595703125,9279.9453125,9279.9453125,9022.1689453125,9050.810546875,17204397
2022-11-28,8930.8291015625,9852.78125,9852.78125,9394.5126953125,9423.154296875,26979444
2022-11-29,8930.8291015625,9852.78125,9995.990234375,9623.646484375,9852.78125,26411219
2022-11-30,9034.67578125,9967.3486328125,10053.2734375,9709.572265625,9910.064453125,23025433
2022-12-01,9242.3681640625,10196.482421875,10540.1845703125,9995.990234375,10139.19921875,48322896
2022-12-02,9761.6025390625,10769.3193359375,10769.3193359375,10053.2734375,10196.482421875,28505709
2022-12-05,9865.4501953125,10883.8857421875,11055.7373046875,10740.6767578125,10883.8857421875,34795990
2022-12-06,9190.4453125,10139.19921875,10912.5283203125,10139.19921875,10883.8857421875,38535105
2022-12-07,8982.7529296875,9910.064453125,10253.7666015625,9881.4228515625,10110.5576171875,21218983
2022-12-08,9398.1396484375,10368.333984375,10597.4677734375,10053.2734375,10139.19921875,24117718
2022-12-09,9450.0634765625,10425.6171875,10482.900390625,10167.8408203125,10425.6171875,16459681
2022-12-12,9190.4453125,10139.19921875,10540.1845703125,10110.5576171875,10425.6171875,21768529
2022-12-13,9346.2158203125,10311.0498046875,10311.0498046875,10024.6318359375,10167.8408203125,13909563
2022-12-14,9424.1015625,10396.9755859375,10540.1845703125,10311.0498046875,10511.54296875,18218299
2022-12-15,9839.48828125,10855.244140625,10998.453125,10311.0498046875,10311.0498046875,42181523
2022-12-16,9761.6025390625,10769.3193359375,10941.169921875,10712.03515625,10712.03515625,20378952
2022-12-19,9527.9482421875,10511.54296875,11027.0947265625,10511.54296875,10769.3193359375,25094961
2022-12-20,9138.5224609375,10081.916015625,10568.826171875,9967.3486328125,10482.900390625,31778722
2022-12-21,9190.4453125,10139.19921875,10253.7666015625,9795.4970703125,10225.125,15091576
2022-12-22,9346.2158203125,10311.0498046875,10482.900390625,10139.19921875,10253.7666015625,13453237
2022-12-23,9216.4072265625,10167.8408203125,10282.408203125,10081.916015625,10282.408203125,7869615
2022-12-26,8723.134765625,9623.646484375,10167.8408203125,9623.646484375,10139.19921875,16461601
2022-12-27,8956.791015625,9881.4228515625,9910.064453125,9595.0048828125,9652.2880859375,9822006
2022-12-28,9060.63671875,9995.990234375,10081.916015625,9766.85546875,9910.064453125,8044883
2022-12-29,9034.67578125,9967.3486328125,10081.916015625,9910.064453125,9910.064453125,7301739
2022-12-30,8878.9052734375,9795.4970703125,10053.2734375,9795.4970703125,10053.2734375,7207820
2023-01-02,8878.9052734375,9795.4970703125,9795.4970703125,9795.4970703125,9795.4970703125,0
2023-01-03,9346.2158203125,10311.0498046875,10311.0498046875,9852.78125,9852.78125,13159086
2023-01-04,9320.25390625,10282.408203125,10454.2587890625,10282.408203125,10368.333984375,13529524
2023-01-05,9450.0634765625,10425.6171875,10454.2587890625,10196.482421875,10311.0498046875,13523763
2023-01-06,9476.0244140625,10454.2587890625,10740.6767578125,10311.0498046875,10339.69140625,19057981
2023-01-09,9476.0244140625,10454.2587890625,10597.4677734375,10425.6171875,10597.4677734375,10388486
2023-01-10,9450.0634765625,10425.6171875,10511.54296875,10368.333984375,10425.6171875,11173527
2023-01-11,9476.0244140625,10454.2587890625,10568.826171875,10425.6171875,10454.2587890625,11288394
2023-01-12,9476.0244140625,10454.2587890625,10540.1845703125,10396.9755859375,10482.900390625,12802440
2023-01-13,9476.0244140625,10454.2587890625,10626.1103515625,10454.2587890625,10540.1845703125,13964727
2023-01-16,9605.8330078125,10597.4677734375,10626.1103515625,10425.6171875,10482.900390625,10905038
2023-01-17,10073.14453125,11113.0205078125,11113.0205078125,10654.751953125,10712.03515625,32989540
2023-01-18,10151.029296875,11198.9462890625,11198.9462890625,10998.453125,11170.3037109375,17302156
2023-01-19,10176.990234375,11227.587890625,11313.513671875,11113.0205078125,11170.3037109375,19314773
2023-01-20,10176.990234375,11227.587890625,11227.587890625,11227.587890625,11227.587890625,0
2023-01-23,10176.990234375,11227.587890625,11227.587890625,11227.587890625,11227.587890625,0
2023-01-24,10176.990234375,11227.587890625,11227.587890625,11227.587890625,11227.587890625,0
2023-01-25,10176.990234375,11227.587890625,11227.587890625,11227.587890625,11227.587890625,0
2023-01-26,10176.990234375,11227.587890625,11227.587890625,11227.587890625,11227.587890625,0
2023-01-27,10228.9130859375,11284.87109375,11514.005859375,11256.2294921875,11399.4384765625,16066899
2023-01-30,9995.2587890625,11027.0947265625,11342.1552734375,11027.0947265625,11342.1552734375,22108068
2023-01-31,10151.029296875,11198.9462890625,11198.9462890625,10740.6767578125,10998.453125,26128066
2023-02-01,9813.5263671875,10826.6025390625,11428.080078125,10826.6025390625,11284.87109375,27478539
2023-02-02,9839.48828125,10855.244140625,10941.169921875,10626.1103515625,10941.169921875,21312902
2023-02-03,9657.755859375,10654.751953125,10941.169921875,10654.751953125,10855.244140625,17496452
2023-02-06,9709.6796875,10712.03515625,10826.6025390625,10597.4677734375,10654.751953125,11585338
2023-02-07,9527.9482421875,10511.54296875,10797.9609375,10511.54296875,10797.9609375,13398596
2023-02-08,9553.91015625,10540.1845703125,10712.03515625,10454.2587890625,10597.4677734375,9758463
2023-02-09,9579.8720703125,10568.826171875,10712.03515625,10511.54296875,10540.1845703125,11055168
2023-02-10,9501.986328125,10482.900390625,10654.751953125,10482.900390625,10626.1103515625,10459710
2023-02-13,9346.2158203125,10311.0498046875,10425.6171875,10167.8408203125,10425.6171875,17229535
2023-02-14,9268.3310546875,10225.125,10396.9755859375,10196.482421875,10311.0498046875,11515160
2023-02-15,9346.2158203125,10311.0498046875,10454.2587890625,10167.8408203125,10167.8408203125,11378996
2023-02-16,9476.0244140625,10454.2587890625,10511.54296875,10339.69140625,10368.333984375,8278458
2023-02-17,9398.1396484375,10368.333984375,10540.1845703125,10368.333984375,10454.2587890625,8367489
2023-02-20,9813.5263671875,10826.6025390625,10826.6025390625,10368.333984375,10368.333984375,15016511
2023-02-21,9657.755859375,10654.751953125,10941.169921875,10654.751953125,10883.8857421875,12135757
2023-02-22,9476.0244140625,10454.2587890625,10597.4677734375,10454.2587890625,10540.1845703125,17239834
2023-02-23,9424.1015625,10396.9755859375,10425.6171875,10139.19921875,10311.0498046875,28507281
2023-02-24,9190.4453125,10139.19921875,10454.2587890625,10139.19921875,10396.9755859375,17583214
2023-02-27,8956.791015625,9881.4228515625,10024.6318359375,9881.4228515625,9995.990234375,14045902
2023-02-28,8956.791015625,9881.4228515625,10110.5576171875,9824.1396484375,9938.7060546875,10758923
2023-03-01,9164.4833984375,10110.5576171875,10110.5576171875,9738.2138671875,9824.1396484375,11033173
2023-03-02,9034.67578125,9967.3486328125,10139.19921875,9938.7060546875,10110.5576171875,6696679
2023-03-03,8904.8671875,9824.1396484375,10024.6318359375,9824.1396484375,10024.6318359375,8276887
2023-03-06,8982.7529296875,9910.064453125,10139.19921875,9910.064453125,9967.3486328125,11926273
2023-03-07,9034.67578125,9967.3486328125,10081.916015625,9938.7060546875,9967.3486328125,10777078
2023-03-08,9138.5224609375,10081.916015625,10081.916015625,9852.78125,9910.064453125,12934240
2023-03-09,9242.3681640625,10196.482421875,10282.408203125,10081.916015625,10110.5576171875,14067898
2023-03-10,9216.4072265625,10167.8408203125,10196.482421875,10081.916015625,10196.482421875,9241910
2023-03-13,9086.5986328125,10024.6318359375,10081.916015625,9938.7060546875,9938.7060546875,14890122
2023-03-14,8930.8291015625,9852.78125,10053.2734375,9852.78125,10024.6318359375,14787999
2023-03-15,9242.3681640625,10196.482421875,10225.125,10024.6318359375,10081.916015625,10965614
2023-03-16,9060.63671875,9995.990234375,10139.19921875,9967.3486328125,10139.19921875,10042837
2023-03-17,9060.63671875,9995.990234375,10139.19921875,9995.990234375,10139.19921875,7449774
2023-03-20,8982.7529296875,9910.064453125,10081.916015625,9910.064453125,10081.916015625,10452727
2023-03-21,9008.7138671875,9938.7060546875,10024.6318359375,9852.78125,9995.990234375,14039617
2023-03-22,9034.67578125,9967.3486328125,10053.2734375,9938.7060546875,10024.6318359375,9230039
2023-03-23,9034.67578125,9967.3486328125,9995.990234375,9910.064453125,9910.064453125,6601364
2023-03-24,9216.4072265625,10167.8408203125,10282.408203125,10081.916015625,10139.19921875,28467129
2023-03-27,9320.25390625,10282.408203125,10311.0498046875,10139.19921875,10196.482421875,14032809
2023-03-28,9346.2158203125,10311.0498046875,10482.900390625,10311.0498046875,10339.69140625,21621541
2023-03-29,9501.986328125,10482.900390625,10540.1845703125,10368.333984375,10396.9755859375,18225108
2023-03-30,9476.0244140625,10454.2587890625,10597.4677734375,10454.2587890625,10540.1845703125,15673767
2023-03-31,9476.0244140625,10454.2587890625,10540.1845703125,10396.9755859375,10482.900390625,18399503
2023-04-03,9709.6796875,10712.03515625,10712.03515625,10540.1845703125,10597.4677734375,35652081
2023-04-04,9735.640625,10740.6767578125,10769.3193359375,10654.751953125,10740.6767578125,19749104
2023-04-05,9761.6025390625,10769.3193359375,10797.9609375,10654.751953125,10740.6767578125,17265496
2023-04-06,9605.8330078125,10597.4677734375,10826.6025390625,10597.4677734375,10797.9609375,21012641
2023-04-07,9657.755859375,10654.751953125,10654.751953125,10511.54296875,10597.4677734375,14914737
2023-04-10,9657.755859375,10654.751953125,10883.8857421875,10654.751953125,10712.03515625,22879318
2023-04-11,9735.640625,10740.6767578125,10769.3193359375,10568.826171875,10654.751953125,11586036
2023-04-12,9709.6796875,10712.03515625,10769.3193359375,10626.1103515625,10769.3193359375,13904675
2023-04-13,9631.794921875,10626.1103515625,10740.6767578125,10597.4677734375,10712.03515625,10398087
2023-04-14,9501.986328125,10482.900390625,10712.03515625,10482.900390625,10654.751953125,13700253
2023-04-17,9476.0244140625,10454.2587890625,10511.54296875,10396.9755859375,10425.6171875,9664195
2023-04-18,9424.1015625,10396.9755859375,10540.1845703125,10339.69140625,10511.54296875,10412751
2023-04-19,9398.1396484375,10368.333984375,10482.900390625,10368.333984375,10454.2587890625,7257224
2023-04-20,9424.1015625,10396.9755859375,10425.6171875,10339.69140625,10368.333984375,5452170
2023-04-21,9372.177734375,10339.69140625,10454.2587890625,10339.69140625,10396.9755859375,6735608
2023-04-24,9476.0244140625,10454.2587890625,10482.900390625,10311.0498046875,10339.69140625,9260240
2023-04-25,9476.0244140625,10454.2587890625,10540.1845703125,10396.9755859375,10540.1845703125,7968945
2023-04-26,9527.9482421875,10511.54296875,10511.54296875,10368.333984375,10454.2587890625,8724310
2023-04-27,9553.91015625,10540.1845703125,10568.826171875,10482.900390625,10540.1845703125,6326940
2023-04-28,9579.8720703125,10568.826171875,10626.1103515625,10511.54296875,10597.4677734375,7688586
2023-05-01,9579.8720703125,10568.826171875,10568.826171875,10568.826171875,10568.826171875,0
2023-05-02,9579.8720703125,10568.826171875,10568.826171875,10568.826171875,10568.826171875,0
2023-05-03,9579.8720703125,10568.826171875,10568.826171875,10568.826171875,10568.826171875,0
2023-05-04,9450.0634765625,10425.6171875,10568.826171875,10396.9755859375,10511.54296875,10182318
2023-05-05,9398.1396484375,10368.333984375,10454.2587890625,10368.333984375,10425.6171875,6992750
2023-05-08,9476.0244140625,10454.2587890625,10482.900390625,10396.9755859375,10425.6171875,7366679
2023-05-09,9501.986328125,10482.900390625,10511.54296875,10425.6171875,10482.900390625,7890913
2023-05-10,9605.8330078125,10597.4677734375,10597.4677734375,10454.2587890625,10482.900390625,11955426
2023-05-11,9605.8330078125,10597.4677734375,10683.3935546875,10568.826171875,10654.751953125,12917656
2023-05-12,9683.7177734375,10683.3935546875,10683.3935546875,10540.1845703125,10626.1103515625,12710267
2023-05-15,9787.5654296875,10797.9609375,10941.169921875,10712.03515625,10740.6767578125,31023532
2023-05-16,9761.6025390625,10769.3193359375,10855.244140625,10712.03515625,10797.9609375,11784347
2023-05-17,9579.8720703125,10568.826171875,10769.3193359375,10568.826171875,10740.6767578125,15865096
2023-05-18,9657.755859375,10654.751953125,10683.3935546875,10568.826171875,10626.1103515625,11625489
2023-05-19,9683.7177734375,10683.3935546875,10712.03515625,10626.1103515625,10654.751953125,6622662
2023-05-22,9787.5654296875,10797.9609375,10826.6025390625,10683.3935546875,10712.03515625,14414419
2023-05-23,9735.640625,10740.6767578125,10883.8857421875,10712.03515625,10826.6025390625,12975962
2023-05-24,9735.640625,10740.6767578125,10740.6767578125,10740.6767578125,10740.6767578125,0
2023-05-25,9579.8720703125,10568.826171875,10654.751953125,10568.826171875,10654.751953125,8264318
2023-05-26,9579.8720703125,10568.826171875,10597.4677734375,10540.1845703125,10597.4677734375,6816260
2023-05-29,9735.640625,10740.6767578125,10740.6767578125,10597.4677734375,10654.751953125,10417813
2023-05-30,9735.640625,10740.6767578125,10797.9609375,10683.3935546875,10769.3193359375,11497529
2023-05-31,9657.755859375,10654.751953125,10797.9609375,10654.751953125,10769.3193359375,12016700
2023-06-01,9761.6025390625,10769.3193359375,10769.3193359375,10626.1103515625,10654.751953125,14727074
2023-06-02,10228.9130859375,11284.87109375,11370.796875,10912.5283203125,10941.169921875,57590992
2023-06-05,10280.837890625,11342.1552734375,11514.005859375,11313.513671875,11399.4384765625,33970449
2023-06-06,10618.3388671875,11714.498046875,11714.498046875,11342.1552734375,11399.4384765625,39792882
2023-06-07,10566.4169921875,11657.21484375,11771.7822265625,11599.931640625,11714.498046875,23459938
2023-06-08,10384.6845703125,11456.72265625,11714.498046875,11456.72265625,11657.21484375,23888158
2023-06-09,10514.494140625,11599.931640625,11599.931640625,11456.72265625,11514.005859375,18078992
2023-06-12,10566.4169921875,11657.21484375,11685.8564453125,11456.72265625,11628.5732421875,15709205
2023-06-13,10540.455078125,11628.5732421875,11685.8564453125,11542.6474609375,11685.8564453125,18499532
2023-06-14,10513.8369140625,11313.513671875,11571.2890625,11313.513671875,11514.005859375,19089753
2023-06-15,10487.21875,11284.87109375,11370.796875,11256.2294921875,11313.513671875,16583626
2023-06-16,10487.21875,11284.87109375,11571.2890625,11284.87109375,11370.796875,24336454
2023-06-19,10407.3681640625,11198.9462890625,11342.1552734375,11198.9462890625,11284.87109375,12282396
2023-06-20,10460.6025390625,11256.2294921875,11256.2294921875,11141.662109375,11227.587890625,9578481
2023-06-21,10567.072265625,11370.796875,11370.796875,11256.2294921875,11284.87109375,10556073
2023-06-22,10567.072265625,11370.796875,11370.796875,11370.796875,11370.796875,0
2023-06-23,10753.392578125,11571.2890625,11628.5732421875,11485.3642578125,11542.6474609375,21487821
2023-06-26,10753.392578125,11571.2890625,11771.7822265625,11428.080078125,11571.2890625,18466538
2023-06-27,10700.158203125,11514.005859375,11628.5732421875,11456.72265625,11599.931640625,18749516
2023-06-28,11019.5654296875,11857.70703125,11914.9912109375,11514.005859375,11571.2890625,36400288
2023-06-29,10806.6279296875,11628.5732421875,11857.70703125,11628.5732421875,11857.70703125,24445735
2023-06-30,10753.392578125,11571.2890625,11685.8564453125,11542.6474609375,11628.5732421875,11669829
2023-07-03,10753.392578125,11571.2890625,11657.21484375,11514.005859375,11628.5732421875,17096687
2023-07-04,10833.2451171875,11657.21484375,11657.21484375,11514.005859375,11571.2890625,12006575
2023-07-05,10859.8623046875,11685.8564453125,11829.0654296875,11628.5732421875,11743.140625,22690957
2023-07-06,10753.392578125,11571.2890625,11771.7822265625,11542.6474609375,11714.498046875,26513167
2023-07-07,10886.4794921875,11714.498046875,11714.498046875,11514.005859375,11571.2890625,20803332
2023-07-10,11046.18359375,11886.349609375,11943.6328125,11771.7822265625,11800.423828125,29306462
2023-07-11,11285.740234375,12144.1259765625,12144.1259765625,11886.349609375,11886.349609375,30292782
2023-07-12,11179.2705078125,12029.55859375,12201.4091796875,11972.2744140625,12144.1259765625,22890142
2023-07-13,11232.50390625,12086.841796875,12172.767578125,11972.2744140625,12058.2001953125,31321349
2023-07-14,11417.494140625,12285.90234375,12351.7783203125,12121.2119140625,12285.90234375,28122012
2023-07-17,11386.884765625,12252.96484375,12417.6552734375,12187.087890625,12351.7783203125,16707563
2023-07-18,11386.884765625,12252.96484375,12285.90234375,12154.150390625,12252.96484375,11419610
2023-07-19,11264.4453125,12121.2119140625,12318.8408203125,12121.2119140625,12252.96484375,17737374
2023-07-20,11295.0556640625,12154.150390625,12187.087890625,12055.3359375,12121.2119140625,9792010
2023-07-21,11417.494140625,12285.90234375,12285.90234375,12121.2119140625,12220.0263671875,12729492
2023-07-24,11478.71484375,12351.7783203125,12351.7783203125,12220.0263671875,12285.90234375,13588073
2023-07-25,11509.32421875,12384.716796875,12582.3447265625,12318.8408203125,12351.7783203125,14485515
2023-07-26,11478.71484375,12351.7783203125,12417.6552734375,12285.90234375,12384.716796875,9004776
2023-07-27,11386.884765625,12252.96484375,12384.716796875,12187.087890625,12351.7783203125,14363619
2023-07-28,11448.10546875,12318.8408203125,12318.8408203125,12220.0263671875,12220.0263671875,10661369
2023-07-31,11539.9345703125,12417.6552734375,12450.5927734375,12318.8408203125,12417.6552734375,15143264
2023-08-01,11539.9345703125,12417.6552734375,12747.03515625,12417.6552734375,12450.5927734375,21741858
2023-08-02,11570.5439453125,12450.5927734375,12483.53125,12351.7783203125,12417.6552734375,9346781
2023-08-03,11539.9345703125,12417.6552734375,12582.3447265625,12384.716796875,12483.53125,16820199
2023-08-04,11631.7646484375,12516.46875,12615.283203125,12384.716796875,12417.6552734375,22600591
2023-08-07,11846.0341796875,12747.03515625,12779.9736328125,12549.4072265625,12615.283203125,23094396
2023-08-08,11754.2041015625,12648.2216796875,12845.849609375,12615.283203125,12845.849609375,14019337
2023-08-09,11723.5947265625,12615.283203125,12681.1591796875,12516.46875,12648.2216796875,16248975
2023-08-10,11570.5439453125,12450.5927734375,12648.2216796875,12450.5927734375,12648.2216796875,13975467
2023-08-11,11570.5439453125,12450.5927734375,12549.4072265625,12285.90234375,12516.46875,13166980
2023-08-14,11601.154296875,12483.53125,12582.3447265625,12351.7783203125,12483.53125,12282138
2023-08-15,11601.154296875,12483.53125,12516.46875,12384.716796875,12483.53125,8519775
2023-08-16,11631.7646484375,12516.46875,12648.2216796875,12384.716796875,12450.5927734375,14804143
2023-08-17,11539.9345703125,12417.6552734375,12516.46875,12417.6552734375,12516.46875,12011934
2023-08-18,11080.787109375,11923.583984375,12384.716796875,11791.8310546875,12384.716796875,33406018
2023-08-21,11111.396484375,11956.521484375,12088.2744140625,11758.8935546875,11857.70703125,13991861
2023-08-22,11142.005859375,11989.4599609375,12055.3359375,11693.017578125,12055.3359375,12228552
2023-08-23,11019.5654296875,11857.70703125,12055.3359375,11857.70703125,12055.3359375,8798935
2023-08-24,11172.615234375,12022.3974609375,12088.2744140625,11857.70703125,11923.583984375,10162554
2023-08-25,11080.787109375,11923.583984375,11989.4599609375,11923.583984375,11989.4599609375,7240556
2023-08-28,11142.005859375,11989.4599609375,12055.3359375,11890.6455078125,12022.3974609375,10645278
2023-08-29,11172.615234375,12022.3974609375,12088.2744140625,11956.521484375,12022.3974609375,14352993
2023-08-30,11264.4453125,12121.2119140625,12187.087890625,12022.3974609375,12055.3359375,10562851
2023-08-31,11325.6650390625,12187.087890625,12220.0263671875,12121.2119140625,12121.2119140625,9916486
2023-09-01,11325.6650390625,12187.087890625,12187.087890625,12187.087890625,12187.087890625,0
2023-09-04,11325.6650390625,12187.087890625,12187.087890625,12187.087890625,12187.087890625,0
2023-09-05,11723.5947265625,12615.283203125,12681.1591796875,12220.0263671875,12252.96484375,32594344
2023-09-06,11784.8134765625,12681.1591796875,12681.1591796875,12450.5927734375,12648.2216796875,20974357
2023-09-07,11815.4248046875,12714.09765625,12911.7255859375,12615.283203125,12681.1591796875,33792046
2023-09-08,11692.984375,12582.3447265625,12747.03515625,12582.3447265625,12714.09765625,16950898
2023-09-11,11478.71484375,12351.7783203125,12747.03515625,12351.7783203125,12747.03515625,22829961
2023-09-12,11784.8134765625,12681.1591796875,12681.1591796875,12351.7783203125,12417.6552734375,16576104
2023-09-13,11662.375,12549.4072265625,12747.03515625,12450.5927734375,12714.09765625,20441236
2023-09-14,11723.5947265625,12615.283203125,12747.03515625,12516.46875,12582.3447265625,22668445
2023-09-15,11876.6435546875,12779.9736328125,12977.6025390625,12582.3447265625,12648.2216796875,39971672
2023-09-18,11723.5947265625,12615.283203125,12779.9736328125,12516.46875,12779.9736328125,17890085
2023-09-19,11631.7646484375,12516.46875,12648.2216796875,12450.5927734375,12615.283203125,17522425
2023-09-20,11754.2041015625,12648.2216796875,12648.2216796875,12483.53125,12549.4072265625,13530085
2023-09-21,11601.154296875,12483.53125,12747.03515625,12417.6552734375,12648.2216796875,19114504
2023-09-22,11448.10546875,12318.8408203125,12384.716796875,12055.3359375,12351.7783203125,28785834
2023-09-25,11080.787109375,11923.583984375,12351.7783203125,11923.583984375,12318.8408203125,20382186
2023-09-26,11172.615234375,12022.3974609375,12154.150390625,11923.583984375,11956.521484375,16837807
2023-09-27,11325.6650390625,12187.087890625,12187.087890625,11956.521484375,11956.521484375,13163488
2023-09-28,11325.6650390625,12187.087890625,12220.0263671875,11989.4599609375,12088.2744140625,10179404
2023-09-29,11325.6650390625,12187.087890625,12285.90234375,12187.087890625,12187.087890625,6303039
2023-10-02,11386.884765625,12252.96484375,12318.8408203125,12121.2119140625,12220.0263671875,6865762
2023-10-03,11050.1767578125,11890.6455078125,12187.087890625,11857.70703125,12121.2119140625,17090099
2023-10-04,11111.396484375,11956.521484375,12022.3974609375,11824.76953125,11890.6455078125,11251871
2023-10-05,11050.1767578125,11890.6455078125,12055.3359375,11857.70703125,11989.4599609375,11258398
2023-10-06,11111.396484375,11956.521484375,11989.4599609375,11824.76953125,11890.6455078125,7379908
2023-10-09,11203.2255859375,12055.3359375,12055.3359375,11857.70703125,11956.521484375,16936629
2023-10-10,11295.0556640625,12154.150390625,12220.0263671875,12088.2744140625,12121.2119140625,11187204
2023-10-11,11325.6650390625,12187.087890625,12187.087890625,12055.3359375,12121.2119140625,7293382
2023-10-12,11233.8369140625,12088.2744140625,12220.0263671875,12088.2744140625,12187.087890625,8263992
2023-10-13,11295.0556640625,12154.150390625,12187.087890625,12022.3974609375,12055.3359375,8831268
2023-10-16,11142.005859375,11989.4599609375,12154.150390625,11989.4599609375,12154.150390625,8290557
2023-10-17,11080.787109375,11923.583984375,12154.150390625,11923.583984375,12055.3359375,8262170
2023-10-18,10866.517578125,11693.017578125,11989.4599609375,11594.203125,11923.583984375,16623466
2023-10-19,10805.2958984375,11627.140625,11791.8310546875,11594.203125,11693.017578125,8572146
2023-10-20,10988.9560546875,11824.76953125,11857.70703125,11528.3271484375,11627.140625,7865517
2023-10-23,10897.1259765625,11725.955078125,11857.70703125,11660.0791015625,11824.76953125,5643468
2023-10-24,10958.345703125,11791.8310546875,11857.70703125,11693.017578125,11725.955078125,6656733
2023-10-25,10897.1259765625,11725.955078125,11890.6455078125,11725.955078125,11824.76953125,6821133
2023-10-26,10529.8076171875,11330.6982421875,11627.140625,11231.8837890625,11627.140625,18750032
2023-10-27,10682.857421875,11495.388671875,11528.3271484375,11297.759765625,11363.63671875,13766590
2023-10-30,10407.3681640625,11198.9462890625,11495.388671875,11198.9462890625,11363.63671875,5067691
2023-10-31,10468.5888671875,11264.822265625,11396.57421875,11166.0078125,11330.6982421875,10003771
2023-11-01,10529.8076171875,11330.6982421875,11396.57421875,11264.822265625,11330.6982421875,8076974
2023-11-02,10835.90625,11660.0791015625,11693.017578125,11396.57421875,11429.5126953125,10515489
2023-11-03,10652.2470703125,11462.4501953125,11758.8935546875,11462.4501953125,11725.955078125,18012588
2023-11-06,10988.9560546875,11824.76953125,11857.70703125,11561.2646484375,11594.203125,13160149
2023-11-07,10897.1259765625,11725.955078125,11857.70703125,11660.0791015625,11824.76953125,6887014
2023-11-08,11233.8369140625,12088.2744140625,12121.2119140625,11660.0791015625,11725.955078125,16269165
2023-11-09,11233.8369140625,12088.2744140625,12187.087890625,12022.3974609375,12121.2119140625,14765130
2023-11-10,11019.5654296875,11857.70703125,12121.2119140625,11824.76953125,11989.4599609375,19437990
2023-11-13,11080.787109375,11923.583984375,11956.521484375,11758.8935546875,11857.70703125,10099557
2023-11-14,11295.0556640625,12154.150390625,12285.90234375,11956.521484375,11956.521484375,21000619
2023-11-15,11356.275390625,12220.0263671875,12351.7783203125,12154.150390625,12318.8408203125,20627646
2023-11-16,11325.6650390625,12187.087890625,12220.0263671875,12088.2744140625,12154.150390625,7698992
2023-11-17,11142.005859375,11989.4599609375,12252.96484375,11791.8310546875,12252.96484375,20173461
2023-11-20,11019.5654296875,11857.70703125,12022.3974609375,11693.017578125,11693.017578125,13633461
2023-11-21,11080.787109375,11923.583984375,12022.3974609375,11824.76953125,11989.4599609375,8889559
2023-11-22,11050.1767578125,11890.6455078125,11956.521484375,11824.76953125,11956.521484375,11552435
2023-11-23,10958.345703125,11791.8310546875,11956.521484375,11791.8310546875,11923.583984375,10667441
2023-11-24,10927.736328125,11758.8935546875,11857.70703125,11594.203125,11791.8310546875,12172386
2023-11-27,10774.6865234375,11594.203125,11824.76953125,11561.2646484375,11758.8935546875,10792524
2023-11-28,10927.736328125,11758.8935546875,11791.8310546875,11495.388671875,11594.203125,10091664
2023-11-29,10927.736328125,11758.8935546875,11791.8310546875,11660.0791015625,11725.955078125,8266724
2023-11-30,10897.1259765625,11725.955078125,11824.76953125,11693.017578125,11758.8935546875,8601898
2023-12-01,10897.1259765625,11725.955078125,11758.8935546875,11660.0791015625,11758.8935546875,6694835
2023-12-04,11050.1767578125,11890.6455078125,11923.583984375,11725.955078125,11725.955078125,26314378
2023-12-05,11050.1767578125,11890.6455078125,11923.583984375,11824.76953125,11890.6455078125,9284998
2023-12-06,11080.787109375,11923.583984375,11956.521484375,11857.70703125,11890.6455078125,10648162
2023-12-07,11172.615234375,12022.3974609375,12088.2744140625,11890.6455078125,11956.521484375,21124488
2023-12-08,11142.005859375,11989.4599609375,12088.2744140625,11956.521484375,12022.3974609375,11338549
2023-12-11,11111.396484375,11956.521484375,12022.3974609375,11890.6455078125,11989.4599609375,7400401
2023-12-12,11172.615234375,12022.3974609375,12022.3974609375,11923.583984375,11956.521484375,7402071
2023-12-13,11050.1767578125,11890.6455078125,12088.2744140625,11890.6455078125,12022.3974609375,10892409
2023-12-14,11050.1767578125,11890.6455078125,11989.4599609375,11857.70703125,11956.521484375,8047373
2023-12-15,11050.1767578125,11890.6455078125,11989.4599609375,11857.70703125,11890.6455078125,8411086
2023-12-18,11019.5654296875,11857.70703125,11956.521484375,11824.76953125,11890.6455078125,8008057
2023-12-19,11111.396484375,11956.521484375,11989.4599609375,11824.76953125,11857.70703125,8950887
2023-12-20,11111.396484375,11956.521484375,11989.4599609375,11890.6455078125,11956.521484375,4684548
2023-12-21,11111.396484375,11956.521484375,11956.521484375,11857.70703125,11923.583984375,6043613
2023-12-22,11203.2255859375,12055.3359375,12154.150390625,11923.583984375,11956.521484375,12974042
2023-12-25,11264.4453125,12121.2119140625,12220.0263671875,12055.3359375,12088.2744140625,9998610
2023-12-26,11295.0556640625,12154.150390625,12187.087890625,12055.3359375,12121.2119140625,6466831
2023-12-27,11264.4453125,12121.2119140625,12187.087890625,12088.2744140625,12187.087890625,8780871
2023-12-28,11356.275390625,12220.0263671875,12252.96484375,12088.2744140625,12121.2119140625,14997991
2023-12-29,11417.494140625,12285.90234375,12417.6552734375,12220.0263671875,12252.96484375,20970562
2024-01-01,11417.494140625,12285.90234375,12285.90234375,12285.90234375,12285.90234375,0
2024-01-02,11539.9345703125,12417.6552734375,12516.46875,12285.90234375,12318.8408203125,20926237
2024-01-03,11723.5947265625,12615.283203125,12648.2216796875,12318.8408203125,12351.7783203125,21031434
2024-01-04,12305.1826171875,13241.1064453125,13471.6728515625,12615.283203125,12615.283203125,75011818
2024-01-05,12550.0615234375,13504.611328125,13504.611328125,13241.1064453125,13241.1064453125,34181109
2024-01-08,12672.5009765625,13636.36328125,13735.177734375,13438.7353515625,13570.4873046875,30583601
2024-01-09,12764.3310546875,13735.177734375,13768.1162109375,13504.611328125,13669.3017578125,30047292
2024-01-10,12794.94140625,13768.1162109375,13932.806640625,13603.42578125,13735.177734375,37471374
2024-01-11,12641.8916015625,13603.42578125,13899.8681640625,13504.611328125,13768.1162109375,37470160
2024-01-12,13070.4296875,14064.55859375,14196.310546875,13438.7353515625,13504.611328125,69681361
2024-01-15,13131.6494140625,14130.4345703125,14426.8779296875,14097.4970703125,14163.373046875,38075083
2024-01-16,13162.2607421875,14163.373046875,14163.373046875,13932.806640625,14130.4345703125,26551945
2024-01-17,13162.2607421875,14163.373046875,14361.0009765625,14031.6201171875,14229.2490234375,31094863
2024-01-18,13284.69921875,14295.125,14328.0634765625,14031.6201171875,14097.4970703125,35860473
2024-01-19,13498.9677734375,14525.69140625,14591.5673828125,14295.125,14361.0009765625,32804435
2024-01-22,13529.578125,14558.6298828125,14855.072265625,14492.75390625,14690.3818359375,44218581
2024-01-23,13437.748046875,14459.8154296875,14723.3203125,14426.8779296875,14558.6298828125,24143334
2024-01-24,13407.1396484375,14426.8779296875,14591.5673828125,14361.0009765625,14393.939453125,19262964
2024-01-25,13407.1396484375,14426.8779296875,14426.8779296875,14426.8779296875,14426.8779296875,0
2024-01-26,13468.3583984375,14492.75390625,14591.5673828125,14426.8779296875,14426.8779296875,14410374
2024-01-29,13560.1884765625,14591.5673828125,14789.1962890625,14492.75390625,14492.75390625,23782506
2024-01-30,13529.578125,14558.6298828125,14657.4443359375,14393.939453125,14591.5673828125,21787398
2024-01-31,13315.30859375,14328.0634765625,14657.4443359375,14262.1875,14657.4443359375,42268861
2024-02-01,13407.1396484375,14426.8779296875,14459.8154296875,14229.2490234375,14295.125,17300190
2024-02-02,13407.1396484375,14426.8779296875,14426.8779296875,14426.8779296875,14426.8779296875,0
2024-02-05,14049.9462890625,15118.5771484375,15250.3291015625,14328.0634765625,14328.0634765625,56307629
2024-02-06,14111.1669921875,15184.453125,15250.3291015625,15118.5771484375,15151.515625,17486297
2024-02-07,14386.6552734375,15480.8955078125,15612.6484375,15217.3916015625,15217.3916015625,32153972
2024-02-08,14386.6552734375,15480.8955078125,15480.8955078125,15480.8955078125,15480.8955078125,0
2024-02-09,14386.6552734375,15480.8955078125,15480.8955078125,15480.8955078125,15480.8955078125,0
2024-02-12,14386.6552734375,15480.8955078125,15480.8955078125,15480.8955078125,15480.8955078125,0
2024-02-13,14386.6552734375,15480.8955078125,15480.8955078125,15480.8955078125,15480.8955078125,0
2024-02-14,14386.6552734375,15480.8955078125,15480.8955078125,15480.8955078125,15480.8955078125,0
2024-02-15,14784.5849609375,15909.0908203125,15942.029296875,15513.833984375,15612.6484375,36570593
2024-02-16,14692.7548828125,15810.2763671875,15876.15234375,15612.6484375,15876.15234375,24538773
2024-02-19,14662.14453125,15777.3388671875,15876.15234375,15546.7724609375,15810.2763671875,31806046
2024-02-20,14600.92578125,15711.462890625,15876.15234375,15579.7099609375,15711.462890625,30836044
2024-02-21,14692.7548828125,15810.2763671875,15942.029296875,15612.6484375,15711.462890625,37926015
2024-02-22,14662.14453125,15777.3388671875,15876.15234375,15711.462890625,15810.2763671875,22684840
2024-02-23,14631.5341796875,15744.400390625,16271.41015625,15645.5859375,15810.2763671875,74460632
2024-02-26,14692.7548828125,15810.2763671875,15843.21484375,15579.7099609375,15744.400390625,32460153
2024-02-27,14845.8046875,15974.966796875,16106.7197265625,15711.462890625,15843.21484375,34772370
2024-02-28,14937.634765625,16073.78125,16172.595703125,15909.0908203125,16040.8427734375,29260209
2024-02-29,14784.5849609375,15909.0908203125,16172.595703125,15777.3388671875,16139.6572265625,36484371
2024-03-01,14692.7548828125,15810.2763671875,15909.0908203125,15678.5244140625,15876.15234375,31080442
2024-03-04,14815.1953125,15942.029296875,16106.7197265625,15645.5859375,15876.15234375,48499796
2024-03-05,15060.0732421875,16205.533203125,16238.4716796875,15876.15234375,15942.029296875,34563190
2024-03-06,15060.0732421875,16205.533203125,16567.8515625,16040.8427734375,16205.533203125,45342811
2024-03-07,14937.634765625,16073.78125,16337.2861328125,16040.8427734375,16271.41015625,29994162
2024-03-08,14447.8759765625,15546.7724609375,16139.6572265625,15546.7724609375,16139.6572265625,74962179
2024-03-11,14049.9462890625,15118.5771484375,15546.7724609375,15019.7626953125,15513.833984375,52995353
2024-03-12,14141.7763671875,15217.3916015625,15316.205078125,14986.8251953125,15085.638671875,29024767
2024-03-13,14600.92578125,15711.462890625,15711.462890625,15217.3916015625,15217.3916015625,23172573
2024-03-14,14356.046875,15447.9580078125,15777.3388671875,15415.01953125,15777.3388671875,27868658
2024-03-15,14570.3154296875,15678.5244140625,15711.462890625,15250.3291015625,15447.9580078125,28669099
2024-03-18,14202.9970703125,15283.267578125,15678.5244140625,14756.2578125,15645.5859375,48245986
2024-03-19,14202.9970703125,15283.267578125,15382.08203125,15118.5771484375,15283.267578125,20652845
2024-03-20,14784.5849609375,15909.0908203125,16073.78125,15217.3916015625,15283.267578125,59744229
2024-03-21,15151.9033203125,16304.34765625,16304.34765625,15876.15234375,16007.9052734375,47019746
2024-03-22,15335.5634765625,16501.9765625,16930.171875,16370.2236328125,16469.0390625,63049522
2024-03-25,15121.2939453125,16271.41015625,16699.60546875,16205.533203125,16501.9765625,32204673
2024-03-26,15458.00390625,16633.728515625,16633.728515625,16205.533203125,16271.41015625,23690667
2024-03-27,15488.6123046875,16666.666015625,16732.54296875,16469.0390625,16633.728515625,17312638
2024-03-28,15611.052734375,16798.419921875,16930.171875,16600.791015625,16897.232421875,24271150
2024-03-29,15549.8330078125,16732.54296875,16831.357421875,16567.8515625,16831.357421875,17687887
2024-04-01,15243.732421875,16403.162109375,16633.728515625,16271.41015625,16600.791015625,29200551
2024-04-02,15182.513671875,16337.2861328125,16337.2861328125,15942.029296875,16205.533203125,43983139
2024-04-03,14815.1953125,15942.029296875,16337.2861328125,15942.029296875,16337.2861328125,34245776
2024-04-04,14570.3154296875,15678.5244140625,15974.966796875,15678.5244140625,15942.029296875,42190533
2024-04-05,14294.826171875,15382.08203125,15645.5859375,15349.1435546875,15513.833984375,38521830
2024-04-08,14386.6552734375,15480.8955078125,15678.5244140625,15250.3291015625,15415.01953125,37517066
2024-04-09,14692.7548828125,15810.2763671875,15810.2763671875,15415.01953125,15480.8955078125,23885426
2024-04-10,14570.3154296875,15678.5244140625,16040.8427734375,15678.5244140625,16007.9052734375,31996555
2024-04-11,14539.705078125,15645.5859375,15711.462890625,15415.01953125,15480.8955078125,13679608
2024-04-12,15090.6845703125,16238.4716796875,16271.41015625,15645.5859375,15711.462890625,36297201
2024-04-15,14325.4365234375,15415.01953125,16501.9765625,15151.515625,16106.7197265625,72249361
2024-04-16,14631.5341796875,15744.400390625,15744.400390625,15184.453125,15415.01953125,49665165
2024-04-17,14141.7763671875,15217.3916015625,15843.21484375,15217.3916015625,15810.2763671875,36401488
2024-04-18,14141.7763671875,15217.3916015625,15217.3916015625,15217.3916015625,15217.3916015625,0
2024-04-19,13896.8974609375,14953.88671875,15349.1435546875,14888.0107421875,14888.0107421875,42781338
2024-04-22,13835.677734375,14888.0107421875,15184.453125,14855.072265625,15019.7626953125,26688717
2024-04-23,13468.3583984375,14492.75390625,14953.88671875,14328.0634765625,14888.0107421875,48572964
2024-04-24,13805.0673828125,14855.072265625,14920.9482421875,14459.8154296875,14624.505859375,28311914
2024-04-25,13621.4091796875,14657.4443359375,14888.0107421875,14591.5673828125,14888.0107421875,19738857
2024-04-26,13621.4091796875,14657.4443359375,14789.1962890625,14492.75390625,14492.75390625,20238279
2024-04-29,13621.4091796875,14657.4443359375,14657.4443359375,14657.4443359375,14657.4443359375,0
2024-04-30,13621.4091796875,14657.4443359375,14657.4443359375,14657.4443359375,14657.4443359375,0
2024-05-01,13621.4091796875,14657.4443359375,14657.4443359375,14657.4443359375,14657.4443359375,0
2024-05-02,13713.2373046875,14756.2578125,14855.072265625,14624.505859375,14690.3818359375,16816859
2024-05-03,13713.2373046875,14756.2578125,15019.7626953125,14690.3818359375,14888.0107421875,18000140
2024-05-06,14019.3359375,15085.638671875,15118.5771484375,14855.072265625,14855.072265625,24590537
2024-05-07,13927.5078125,14986.8251953125,15184.453125,14920.9482421875,15151.515625,14579934
2024-05-08,13805.0673828125,14855.072265625,14953.88671875,14690.3818359375,14756.2578125,32542428
2024-05-09,13866.287109375,14920.9482421875,15019.7626953125,14723.3203125,14888.0107421875,23746377
2024-05-10,13835.677734375,14888.0107421875,15085.638671875,14822.134765625,14986.8251953125,17333131
2024-05-13,13866.287109375,14920.9482421875,15151.515625,14888.0107421875,14888.0107421875,21257313
2024-05-14,13988.7275390625,15052.701171875,15283.267578125,14953.88671875,15085.638671875,25302479
2024-05-15,14019.3359375,15085.638671875,15184.453125,15019.7626953125,15118.5771484375,23226159
2024-05-16,14325.4365234375,15415.01953125,15513.833984375,15151.515625,15250.3291015625,47711802
2024-05-17,14233.6064453125,15316.205078125,15447.9580078125,15250.3291015625,15447.9580078125,23477236
2024-05-20,14356.046875,15447.9580078125,15546.7724609375,15415.01953125,15546.7724609375,27210909
2024-05-21,14447.8759765625,15546.7724609375,15546.7724609375,15316.205078125,15447.9580078125,24898691
2024-05-22,14202.9970703125,15283.267578125,15579.7099609375,15283.267578125,15546.7724609375,30424515
2024-05-23,14265.564453125,15019.7626953125,15052.701171875,14822.134765625,14953.88671875,19856350
2024-05-24,14046.576171875,14789.1962890625,15349.1435546875,14591.5673828125,14855.072265625,55192658
2024-05-27,14046.576171875,14789.1962890625,14888.0107421875,14723.3203125,14888.0107421875,12134588
2024-05-28,14140.4287109375,14888.0107421875,14986.8251953125,14723.3203125,14953.88671875,19896881
2024-05-29,13952.7236328125,14690.3818359375,14920.9482421875,14690.3818359375,14888.0107421875,25970247
2024-05-30,13671.1669921875,14393.939453125,14591.5673828125,14295.125,14558.6298828125,43739652
2024-05-31,13608.59765625,14328.0634765625,14492.75390625,14328.0634765625,14393.939453125,22669053
2024-06-03,13608.59765625,14328.0634765625,14328.0634765625,14328.0634765625,14328.0634765625,0
2024-06-04,14077.861328125,14822.134765625,15019.7626953125,14822.134765625,14986.8251953125,13720594
2024-06-05,13890.1552734375,14624.505859375,14953.88671875,14624.505859375,14855.072265625,20731477
2024-06-06,13984.0078125,14723.3203125,14888.0107421875,14690.3818359375,14756.2578125,15197457
2024-06-07,14046.576171875,14789.1962890625,14920.9482421875,14690.3818359375,14855.072265625,12864291
2024-06-10,14171.7119140625,14920.9482421875,15085.638671875,14822.134765625,14855.072265625,20260746
2024-06-11,14109.1435546875,14855.072265625,14953.88671875,14789.1962890625,14920.9482421875,16027347
2024-06-12,14453.26953125,15217.3916015625,15217.3916015625,14756.2578125,14855.072265625,38258154
2024-06-13,14734.826171875,15513.833984375,15612.6484375,15250.3291015625,15283.267578125,59130957
2024-06-14,14453.26953125,15217.3916015625,15810.2763671875,15217.3916015625,15810.2763671875,38745735
2024-06-17,14547.1220703125,15316.205078125,15415.01953125,15118.5771484375,15415.01953125,25893285
2024-06-18,14547.1220703125,15316.205078125,15513.833984375,15316.205078125,15480.8955078125,18155583
2024-06-19,14578.4052734375,15349.1435546875,15447.9580078125,15184.453125,15415.01953125,20155548
2024-06-20,14547.1220703125,15316.205078125,15447.9580078125,15250.3291015625,15415.01953125,20787188
2024-06-21,14515.837890625,15283.267578125,15382.08203125,15217.3916015625,15316.205078125,15382501
2024-06-24,14171.7119140625,14920.9482421875,15283.267578125,14855.072265625,15217.3916015625,38607294
2024-06-25,14140.4287109375,14888.0107421875,15052.701171875,14822.134765625,14953.88671875,13483786
2024-06-26,14077.861328125,14822.134765625,14920.9482421875,14723.3203125,14888.0107421875,16825512
2024-06-27,14077.861328125,14822.134765625,14888.0107421875,14756.2578125,14789.1962890625,9363024
2024-06-28,13890.1552734375,14624.505859375,14855.072265625,14624.505859375,14855.072265625,14529081
2024-07-01,14046.576171875,14789.1962890625,14789.1962890625,14591.5673828125,14657.4443359375,6271313
2024-07-02,14202.9970703125,14953.88671875,15052.701171875,14789.1962890625,14822.134765625,15078749
2024-07-03,14328.1318359375,15085.638671875,15118.5771484375,14888.0107421875,15019.7626953125,10659396
2024-07-04,14265.564453125,15019.7626953125,15151.515625,14888.0107421875,15085.638671875,8673396
2024-07-05,14265.564453125,15019.7626953125,15052.701171875,14888.0107421875,15019.7626953125,9458354
2024-07-08,14202.9970703125,14953.88671875,15118.5771484375,14888.0107421875,15019.7626953125,10690666
2024-07-09,14484.5537109375,15250.3291015625,15250.3291015625,14920.9482421875,15019.7626953125,20384614
2024-07-10,14578.4052734375,15349.1435546875,15546.7724609375,15250.3291015625,15250.3291015625,29133759
2024-07-11,14453.26953125,15217.3916015625,15480.8955078125,15217.3916015625,15447.9580078125,11686019
2024-07-12,14390.7021484375,15151.515625,15283.267578125,15085.638671875,15118.5771484375,11187052
2024-07-15,14421.9853515625,15184.453125,15283.267578125,15118.5771484375,15184.453125,6693469
2024-07-16,14734.826171875,15513.833984375,15777.3388671875,15184.453125,15217.3916015625,37599949
2024-07-17,15329.224609375,16139.6572265625,16567.8515625,15513.833984375,15678.5244140625,109842631
2024-07-18,15579.498046875,16403.162109375,16469.0390625,15876.15234375,16205.533203125,45650662
2024-07-19,15892.33984375,16732.54296875,16897.232421875,16337.2861328125,16403.162109375,69195449
2024-07-22,15767.2041015625,16600.791015625,16963.109375,16238.4716796875,16666.666015625,51318418
2024-07-23,14953.8154296875,15744.400390625,16699.60546875,15678.5244140625,16699.60546875,72706431
2024-07-24,14985.099609375,15777.3388671875,15974.966796875,15579.7099609375,15678.5244140625,39223146
2024-07-25,14985.099609375,15777.3388671875,15876.15234375,15480.8955078125,15711.462890625,30946858
2024-07-26,15204.0888671875,16007.9052734375,16040.8427734375,15711.462890625,15744.400390625,18459487
2024-07-29,15078.951171875,15876.15234375,16106.7197265625,15876.15234375,16106.7197265625,14425554
2024-07-30,15329.224609375,16139.6572265625,16139.6572265625,15711.462890625,15876.15234375,29709840
2024-07-31,15266.6572265625,16073.78125,16403.162109375,15942.029296875,16139.6572265625,30961583
2024-08-01,14640.974609375,15415.01953125,16172.595703125,15316.205078125,16073.78125,49093941
2024-08-02,14891.248046875,15678.5244140625,15678.5244140625,15151.515625,15151.515625,36078306
2024-08-05,14359.4169921875,15118.5771484375,15513.833984375,15019.7626953125,15184.453125,47394692
2024-08-06,14640.974609375,15415.01953125,15480.8955078125,15151.515625,15283.267578125,25751048
2024-08-07,14609.6904296875,15382.08203125,15480.8955078125,15283.267578125,15415.01953125,15495136
2024-08-08,14421.9853515625,15184.453125,15480.8955078125,15151.515625,15349.1435546875,15490279
2024-08-09,14672.2587890625,15447.9580078125,15480.8955078125,15283.267578125,15283.267578125,12858067
2024-08-12,14828.6787109375,15612.6484375,15612.6484375,15382.08203125,15480.8955078125,15531720
2024-08-13,14766.111328125,15546.7724609375,15645.5859375,15415.01953125,15579.7099609375,10202781
2024-08-14,14640.974609375,15415.01953125,15645.5859375,15415.01953125,15645.5859375,9980242
2024-08-15,14547.1220703125,15316.205078125,15513.833984375,15316.205078125,15415.01953125,11967608
2024-08-16,15047.6689453125,15843.21484375,15876.15234375,15382.08203125,15415.01953125,31886956
2024-08-19,15047.6689453125,15843.21484375,15974.966796875,15777.3388671875,15876.15234375,13571527
2024-08-20,15172.8046875,15974.966796875,16139.6572265625,15843.21484375,15876.15234375,24861955
2024-08-21,15485.6455078125,16304.34765625,16337.2861328125,15843.21484375,15974.966796875,32675405
2024-08-22,15266.6572265625,16073.78125,16403.162109375,16073.78125,16370.2236328125,19840715
2024-08-23,15360.509765625,16172.595703125,16238.4716796875,16007.9052734375,16073.78125,14532876
2024-08-26,15297.9423828125,16106.7197265625,16337.2861328125,16007.9052734375,16271.41015625,15510924
2024-08-27,15266.6572265625,16073.78125,16139.6572265625,16007.9052734375,16040.8427734375,15328764
2024-08-28,15423.078125,16238.4716796875,16271.41015625,16040.8427734375,16106.7197265625,18358692
2024-08-29,15548.21484375,16370.2236328125,16600.791015625,16238.4716796875,16238.4716796875,34333972
2024-08-30,15548.21484375,16370.2236328125,16469.0390625,16337.2861328125,16370.2236328125,13463597
2024-09-02,15548.21484375,16370.2236328125,16370.2236328125,16370.2236328125,16370.2236328125,0
2024-09-03,15548.21484375,16370.2236328125,16370.2236328125,16370.2236328125,16370.2236328125,0
2024-09-04,15266.6572265625,16073.78125,16205.533203125,16040.8427734375,16106.7197265625,22996485
2024-09-05,14985.099609375,15777.3388671875,16271.41015625,15744.400390625,16073.78125,24983395
2024-09-06,15016.3837890625,15810.2763671875,15843.21484375,15645.5859375,15744.400390625,22285909
2024-09-09,14985.099609375,15777.3388671875,15777.3388671875,15645.5859375,15744.400390625,11790609
2024-09-10,14859.962890625,15645.5859375,15942.029296875,15579.7099609375,15843.21484375,18794813
2024-09-11,14953.8154296875,15744.400390625,15843.21484375,15480.8955078125,15645.5859375,14707902
2024-09-12,15016.3837890625,15810.2763671875,15909.0908203125,15777.3388671875,15810.2763671875,8544822
2024-09-13,14953.8154296875,15744.400390625,15843.21484375,15711.462890625,15843.21484375,6675253
2024-09-16,14953.8154296875,15744.400390625,15974.966796875,15711.462890625,15744.400390625,12778979
2024-09-17,15172.8046875,15974.966796875,15974.966796875,15678.5244140625,15810.2763671875,12568888
2024-09-18,15266.6572265625,16073.78125,16205.533203125,15909.0908203125,16007.9052734375,20575731
2024-09-19,15266.6572265625,16073.78125,16172.595703125,16040.8427734375,16106.7197265625,10201263
2024-09-20,15485.6455078125,16304.34765625,16469.0390625,16172.595703125,16172.595703125,39959224
2024-09-23,15516.9306640625,16337.2861328125,16732.54296875,16337.2861328125,16337.2861328125,28601245
2024-09-24,15798.4873046875,16633.728515625,16666.666015625,16337.2861328125,16403.162109375,26686288
2024-09-25,16111.3291015625,16963.109375,17061.923828125,16699.60546875,16732.54296875,48645979
2024-09-26,16080.044921875,16930.171875,17094.861328125,16798.419921875,16963.109375,40189657
2024-09-27,16080.044921875,16930.171875,17226.61328125,16864.294921875,16930.171875,27531055
2024-09-30,16080.044921875,16930.171875,16996.046875,16765.48046875,16765.48046875,21861628
2024-10-01,16048.759765625,16897.232421875,17226.61328125,16897.232421875,16963.109375,28490279
2024-10-02,16080.044921875,16930.171875,17028.986328125,16798.419921875,16831.357421875,19456357
2024-10-03,15954.9091796875,16798.419921875,17193.67578125,16732.54296875,16897.232421875,31871320
2024-10-04,15704.634765625,16534.9140625,16798.419921875,16534.9140625,16798.419921875,28236773
2024-10-07,15767.2041015625,16600.791015625,16732.54296875,16469.0390625,16666.666015625,15462651
2024-10-08,15767.2041015625,16600.791015625,16798.419921875,16534.9140625,16600.791015625,18168031
2024-10-09,16017.4765625,16864.294921875,16897.232421875,16633.728515625,16666.666015625,21763414
2024-10-10,15954.9091796875,16798.419921875,17094.861328125,16798.419921875,16930.171875,18712841
2024-10-11,15986.1923828125,16831.357421875,16864.294921875,16699.60546875,16798.419921875,9844230
2024-10-14,16173.8974609375,17028.986328125,17193.67578125,16798.419921875,16897.232421875,23639510
2024-10-15,16048.759765625,16897.232421875,17193.67578125,16897.232421875,17094.861328125,23397541
2024-10-16,15954.9091796875,16798.419921875,16897.232421875,16732.54296875,16897.232421875,16439029
2024-10-17,16205.1806640625,17061.923828125,17061.923828125,16699.60546875,16831.357421875,17731758
2024-10-18,16111.3291015625,16963.109375,17259.552734375,16930.171875,17127.798828125,28049604
2024-10-21,15986.1923828125,16831.357421875,17061.923828125,16831.357421875,16963.109375,14285139
2024-10-22,15798.4873046875,16633.728515625,16897.232421875,16567.8515625,16798.419921875,30856689
2024-10-23,15798.4873046875,16633.728515625,16699.60546875,16567.8515625,16633.728515625,17661171
2024-10-24,15454.3623046875,16271.41015625,16732.54296875,16271.41015625,16633.728515625,24662490
2024-10-25,15423.078125,16238.4716796875,16337.2861328125,16172.595703125,16337.2861328125,16100363
2024-10-28,15516.9306640625,16337.2861328125,16370.2236328125,16238.4716796875,16304.34765625,5879062
2024-10-29,15642.0673828125,16469.0390625,16534.9140625,16370.2236328125,16403.162109375,8109459
2024-10-30,15642.0673828125,16469.0390625,16567.8515625,16271.41015625,16469.0390625,9593760
2024-10-31,15673.3515625,16501.9765625,16600.791015625,16337.2861328125,16469.0390625,10113219
2024-11-01,15391.79296875,16205.533203125,16501.9765625,16205.533203125,16436.099609375,14143661
2024-11-04,15297.9423828125,16106.7197265625,16304.34765625,16073.78125,16271.41015625,18066477
2024-11-05,15297.9423828125,16106.7197265625,16205.533203125,16073.78125,16172.595703125,9861535
2024-11-06,15548.21484375,16370.2236328125,16403.162109375,16139.6572265625,16238.4716796875,9960205
2024-11-07,15516.9306640625,16337.2861328125,16469.0390625,16337.2861328125,16469.0390625,7167540
2024-11-08,15360.509765625,16172.595703125,16403.162109375,16073.78125,16370.2236328125,11660213
2024-11-11,15204.0888671875,16007.9052734375,16205.533203125,15777.3388671875,16172.595703125,26015484
2024-11-12,15078.951171875,15876.15234375,16040.8427734375,15876.15234375,16007.9052734375,13374794
2024-11-13,15110.236328125,15909.0908203125,15974.966796875,15711.462890625,15876.15234375,16180210
2024-11-14,14891.248046875,15678.5244140625,15876.15234375,15678.5244140625,15876.15234375,12796436
2024-11-15,14703.5419921875,15480.8955078125,15678.5244140625,15480.8955078125,15612.6484375,17889933
2024-11-18,14640.974609375,15415.01953125,15579.7099609375,15217.3916015625,15480.8955078125,22811896
2024-11-19,14484.5537109375,15250.3291015625,15546.7724609375,15250.3291015625,15480.8955078125,11509324
2024-11-20,14734.826171875,15513.833984375,15612.6484375,15250.3291015625,15250.3291015625,14745093
2024-11-21,15016.3837890625,15810.2763671875,15810.2763671875,15415.01953125,15546.7724609375,9988743
2024-11-22,15016.3837890625,15810.2763671875,15942.029296875,15744.400390625,15777.3388671875,11150469
2024-11-25,14985.099609375,15777.3388671875,15843.21484375,15744.400390625,15810.2763671875,7299758
2024-11-26,15078.951171875,15876.15234375,15942.029296875,15810.2763671875,15843.21484375,6734303
2024-11-27,15078.951171875,15876.15234375,15974.966796875,15744.400390625,15810.2763671875,6183724
2024-11-28,15016.3837890625,15810.2763671875,15974.966796875,15810.2763671875,15942.029296875,9999369
2024-11-29,15110.236328125,15909.0908203125,15909.0908203125,15777.3388671875,15843.21484375,6585235
2024-12-02,15110.236328125,15909.0908203125,16007.9052734375,15843.21484375,15942.029296875,6239435
2024-12-03,14985.099609375,15777.3388671875,15942.029296875,15777.3388671875,15909.0908203125,9983278
2024-12-04,14922.5322265625,15711.462890625,15810.2763671875,15678.5244140625,15744.400390625,9313992
2024-12-05,15360.509765625,16172.595703125,16205.533203125,15678.5244140625,15711.462890625,16029776
2024-12-06,15235.3720703125,16040.8427734375,16205.533203125,16040.8427734375,16205.533203125,9288642
2024-12-09,15266.6572265625,16073.78125,16172.595703125,15974.966796875,16073.78125,8878174
2024-12-10,15172.8046875,15974.966796875,16139.6572265625,15974.966796875,16073.78125,7604724
2024-12-11,15204.0888671875,16007.9052734375,16073.78125,15876.15234375,15974.966796875,8535714
2024-12-12,15204.0888671875,16007.9052734375,16172.595703125,16007.9052734375,16073.78125,8726223
2024-12-13,15172.8046875,15974.966796875,16040.8427734375,15942.029296875,15974.966796875,6673583
2024-12-16,15078.951171875,15876.15234375,16040.8427734375,15810.2763671875,15974.966796875,8639848
2024-12-17,15110.236328125,15909.0908203125,15942.029296875,15843.21484375,15843.21484375,5871472
2024-12-18,15141.5205078125,15942.029296875,15942.029296875,15843.21484375,15909.0908203125,5736066
2024-12-19,14922.5322265625,15711.462890625,15843.21484375,15678.5244140625,15678.5244140625,15872663
2024-12-20,15016.3837890625,15810.2763671875,15810.2763671875,15678.5244140625,15711.462890625,6259321
2024-12-23,15047.6689453125,15843.21484375,15909.0908203125,15810.2763671875,15810.2763671875,4995130
2024-12-24,14953.8154296875,15744.400390625,15843.21484375,15711.462890625,15843.21484375,5282336
2024-12-25,15297.9423828125,16106.7197265625,16337.2861328125,15777.3388671875,15777.3388671875,22496608
2024-12-26,15579.498046875,16403.162109375,16403.162109375,16106.7197265625,16139.6572265625,30215182
2024-12-27,15673.3515625,16501.9765625,16666.666015625,16469.0390625,16501.9765625,25353484
2024-12-30,15516.9306640625,16337.2861328125,16567.8515625,16337.2861328125,16567.8515625,16796518
2024-12-31,15704.634765625,16534.9140625,16534.9140625,16337.2861328125,16337.2861328125,17064293
2025-01-01,15704.634765625,16534.9140625,16534.9140625,16534.9140625,16534.9140625,0
2025-01-02,15767.2041015625,16600.791015625,16765.48046875,16501.9765625,16567.8515625,18877544
2025-01-03,15454.3623046875,16271.41015625,16600.791015625,16271.41015625,16600.791015625,16752040
2025-01-06,15266.6572265625,16073.78125,16403.162109375,16073.78125,16271.41015625,22095704
2025-01-07,15577.9345703125,16401.515625,16439.39453125,16060.6064453125,16439.39453125,15577716
2025-01-08,15541.9580078125,16363.63671875,16439.39453125,16250.0,16250.0,8627652
2025-01-09,15470.00390625,16287.87890625,16439.39453125,16250.0,16363.63671875,5765100
2025-01-10,15218.1669921875,16022.7275390625,16287.87890625,16022.7275390625,16250.0,11459844
2025-01-13,15470.00390625,16287.87890625,16287.87890625,15871.2119140625,16022.7275390625,10390512
2025-01-14,15326.0966796875,16136.36328125,16287.87890625,16022.7275390625,16212.12109375,7571520
2025-01-15,15362.0732421875,16174.2421875,16287.87890625,16136.36328125,16250.0,6238584
2025-01-16,15362.0732421875,16174.2421875,16287.87890625,16136.36328125,16250.0,6238584
2025-01-17,15470.00390625,16287.87890625,16287.87890625,16174.2421875,16287.87890625,5918484
2025-01-20,15721.8427734375,16553.03125,16628.787109375,16287.87890625,16287.87890625,10875216
2025-01-21,15721.8427734375,16553.03125,16704.544921875,16477.2734375,16628.787109375,8936664
2025-01-22,15685.865234375,16515.15234375,16628.787109375,16477.2734375,16628.787109375,7869576
2025-01-23,15973.6787109375,16818.181640625,16856.060546875,16515.15234375,16590.908203125,18130332
2025-01-24,16117.5859375,16969.697265625,17007.576171875,16704.544921875,16704.544921875,12933756
2025-01-27,16117.5859375,16969.697265625,16969.697265625,16969.697265625,16969.697265625,0
2025-01-28,16117.5859375,16969.697265625,16969.697265625,16969.697265625,16969.697265625,0
2025-01-29,16117.5859375,16969.697265625,16969.697265625,16969.697265625,16969.697265625,0
2025-01-30,16117.5859375,16969.697265625,16969.697265625,16969.697265625,16969.697265625,0
2025-01-31,16117.5859375,16969.697265625,16969.697265625,16969.697265625,16969.697265625,0
2025-02-03,15865.7470703125,16704.544921875,16856.060546875,16628.787109375,16704.544921875,11996028
2025-02-04,16153.5625,17007.576171875,17121.212890625,16742.423828125,16818.181640625,14595636
2025-02-05,16189.5390625,17045.455078125,17083.333984375,16893.939453125,17045.455078125,9542940
2025-02-06,16261.494140625,17121.212890625,17386.36328125,17083.333984375,17083.333984375,14198184
2025-02-07,16369.421875,17234.84765625,17424.2421875,16969.697265625,17196.96875,18734628
2025-02-10,16477.3515625,17348.484375,17613.63671875,17007.576171875,17196.96875,25523784
2025-02-11,16549.306640625,17424.2421875,17424.2421875,17310.60546875,17424.2421875,10215876
2025-02-12,16333.4453125,17196.96875,17462.12109375,17196.96875,17424.2421875,9485124
2025-02-13,16477.3515625,17348.484375,17348.484375,17121.212890625,17310.60546875,9844692
2025-02-14,16441.375,17310.60546875,17424.2421875,17272.7265625,17424.2421875,10771332
2025-02-17,16297.470703125,17159.091796875,17348.484375,17121.212890625,17348.484375,11456280
2025-02-18,16333.4453125,17196.96875,17386.36328125,17121.212890625,17159.091796875,13308900
2025-02-19,16441.375,17310.60546875,17386.36328125,17196.96875,17272.7265625,12099780
2025-02-20,16441.375,17310.60546875,17424.2421875,17310.60546875,17424.2421875,14297976
2025-02-21,16477.3515625,17348.484375,17537.87890625,17272.7265625,17348.484375,27078348
2025-02-24,16549.306640625,17424.2421875,17462.12109375,17272.7265625,17272.7265625,17767464
2025-02-25,16837.12109375,17727.2734375,17840.908203125,17462.12109375,17462.12109375,49758984
2025-02-26,16693.21484375,17575.7578125,17840.908203125,17575.7578125,17803.03125,11057376
2025-02-27,16693.21484375,17575.7578125,17613.63671875,17386.36328125,17575.7578125,16851912
2025-02-28,16549.306640625,17424.2421875,17537.87890625,17386.36328125,17500.0,14589696
2025-03-03,16621.259765625,17500.0,17500.0,17386.36328125,17424.2421875,12138192
2025-03-04,16837.12109375,17727.2734375,17878.787109375,17310.60546875,17462.12109375,28204440
2025-03-05,16945.05078125,17840.908203125,18257.576171875,17651.515625,17727.2734375,40069524
2025-03-06,17340.794921875,18257.576171875,18257.576171875,17803.03125,17954.544921875,34213212
2025-03-07,17628.609375,18560.60546875,18863.63671875,18257.576171875,18371.212890625,62589252
2025-03-10,17628.609375,18560.60546875,18863.63671875,18522.7265625,18750.0,25633872
2025-03-11,17844.46875,18787.87890625,18787.87890625,18295.455078125,18333.333984375,35005476
2025-03-12,17700.5625,18636.36328125,18939.39453125,18636.36328125,18863.63671875,40864032
2025-03-13,17484.703125,18409.091796875,18712.12109375,18333.333984375,18674.2421875,30444612
2025-03-14,17484.703125,18409.091796875,18522.7265625,18295.455078125,18371.212890625,26035680
2025-03-17,17484.703125,18409.091796875,18522.7265625,18257.576171875,18484.84765625,33794508
2025-03-18,17196.888671875,18106.060546875,18484.84765625,18106.060546875,18484.84765625,35130480
2025-03-19,17160.912109375,18068.181640625,18181.818359375,17954.544921875,18106.060546875,26909520
2025-03-20,17448.7265625,18371.212890625,18446.96875,18106.060546875,18181.818359375,27908232
2025-03-21,17484.703125,18409.091796875,18560.60546875,18333.333984375,18409.091796875,20549100
2025-03-24,17556.654296875,18484.84765625,18484.84765625,18143.939453125,18409.091796875,20554248
2025-03-25,17412.75,18333.333984375,18598.484375,18295.455078125,18560.60546875,16816008
2025-03-26,17268.841796875,18181.818359375,18484.84765625,18181.818359375,18295.455078125,24126036
2025-03-27,17196.888671875,18106.060546875,18257.576171875,18106.060546875,18181.818359375,16402056
2025-03-28,17196.888671875,18106.060546875,18257.576171875,18030.302734375,18181.818359375,17208972
2025-03-31,17340.794921875,18257.576171875,18257.576171875,18030.302734375,18068.181640625,24682944
2025-04-01,17700.5625,18636.36328125,18636.36328125,18181.818359375,18295.455078125,18373740
2025-04-02,17520.677734375,18446.96875,18674.2421875,18446.96875,18636.36328125,12920028
2025-04-03,16297.470703125,17159.091796875,17954.544921875,17159.091796875,17878.787109375,113873892
2025-04-04,16153.5625,17007.576171875,17007.576171875,15984.8486328125,15984.8486328125,96514308
2025-04-07,16153.5625,17007.576171875,17007.576171875,17007.576171875,17007.576171875,0
2025-04-08,15038.283203125,15833.3330078125,16590.908203125,15833.3330078125,16022.7275390625,85166004
2025-04-09,14858.3994140625,15643.939453125,16212.12109375,14734.8486328125,14734.8486328125,80816340
2025-04-10,15865.7470703125,16704.544921875,16704.544921875,16704.544921875,16704.544921875,2227104
2025-04-11,16873.09765625,17765.15234375,17803.03125,16969.697265625,17045.455078125,104215848
2025-04-14,16873.09765625,17765.15234375,17840.908203125,17537.87890625,17803.03125,41820372
2025-04-15,16549.306640625,17424.2421875,17727.2734375,17348.484375,17424.2421875,38956236
2025-04-16,16477.3515625,17348.484375,17613.63671875,17234.84765625,17424.2421875,28904040
2025-04-17,16549.306640625,17424.2421875,17424.2421875,17121.212890625,17196.96875,28477020
2025-04-18,16729.19140625,17613.63671875,17765.15234375,17462.12109375,17500.0,41663028
2025-04-21,16513.330078125,17386.36328125,17803.03125,17272.7265625,17803.03125,49029816
2025-04-22,16621.259765625,17500.0,17537.87890625,16325.7578125,17310.60546875,59895000
2025-04-23,16837.12109375,17727.2734375,17954.544921875,17500.0,17765.15234375,44695992
2025-04-24,16729.19140625,17613.63671875,17727.2734375,17462.12109375,17727.2734375,23890812
2025-04-25,16945.05078125,17840.908203125,17992.423828125,17651.515625,17803.03125,53738784
2025-04-28,17052.98046875,17954.544921875,18068.181640625,17840.908203125,18030.302734375,30453060
2025-04-29,16945.05078125,17840.908203125,17992.423828125,17840.908203125,17954.544921875,17396016
2025-04-30,16945.05078125,17840.908203125,17840.908203125,17840.908203125,17840.908203125,0
2025-05-01,16945.05078125,17840.908203125,17840.908203125,17840.908203125,17840.908203125,0
2025-05-02,16945.05078125,17840.908203125,17840.908203125,17840.908203125,17840.908203125,0
2025-05-05,16945.05078125,17840.908203125,17992.423828125,17765.15234375,17954.544921875,24891504
2025-05-06,16945.05078125,17840.908203125,17992.423828125,17765.15234375,17954.544921875,24891504
2025-05-07,16945.05078125,17840.908203125,17954.544921875,17803.03125,17878.787109375,30087552
2025-05-08,16729.19140625,17613.63671875,17878.787109375,17575.7578125,17840.908203125,28899288
2025-05-09,16945.05078125,17840.908203125,17878.787109375,17575.7578125,17651.515625,27741648
2025-05-12,17124.93359375,18030.302734375,18106.060546875,17689.39453125,17727.2734375,45799512
2025-05-13,17124.93359375,18030.302734375,18106.060546875,17689.39453125,17727.2734375,45799512
2025-05-14,17628.609375,18560.60546875,18560.60546875,18181.818359375,18219.697265625,52922892
2025-05-15,17628.609375,18560.60546875,18712.12109375,18446.96875,18560.60546875,39163476
2025-05-16,18024.353515625,18977.2734375,19280.302734375,18636.36328125,18636.36328125,91189692
2025-05-19,17700.5625,18636.36328125,18863.63671875,18446.96875,18560.60546875,33384780
2025-05-20,17700.5625,18636.36328125,18863.63671875,18446.96875,18560.60546875,33384780
2025-05-21,17880.447265625,18825.7578125,19015.15234375,18560.60546875,18712.12109375,41426352
2025-05-22,18024.353515625,18977.2734375,19356.060546875,18825.7578125,19090.908203125,40084836
2025-05-23,17736.5390625,18674.2421875,19204.544921875,18560.60546875,19204.544921875,34004256
2025-05-26,17844.46875,18787.87890625,18787.87890625,18181.818359375,18712.12109375,24090000
2025-05-27,17844.46875,18787.87890625,18787.87890625,18181.818359375,18712.12109375,24090000
2025-05-28,17808.4921875,18750.0,18939.39453125,18674.2421875,18939.39453125,23689776
2025-05-29,17700.5625,18636.36328125,18825.7578125,18598.484375,18825.7578125,18944376
2025-05-30,17628.609375,18560.60546875,18750.0,18522.7265625,18750.0,16851912
2025-06-02,17700.5625,18636.36328125,18712.12109375,18295.455078125,18522.7265625,25323276
2025-06-03,17700.5625,18636.36328125,18712.12109375,18295.455078125,18522.7265625,25323276
2025-06-04,17772.515625,18712.12109375,18787.87890625,18674.2421875,18674.2421875,25405248
2025-06-05,17664.5859375,18598.484375,18787.87890625,18560.60546875,18750.0,17797164
2025-06-06,17556.654296875,18484.84765625,18674.2421875,18484.84765625,18598.484375,13195776
2025-06-09,17448.7265625,18371.212890625,18409.091796875,18257.576171875,18295.455078125,17213328
2025-06-10,17448.7265625,18371.212890625,18409.091796875,18257.576171875,18295.455078125,17213328
2025-06-11,17412.75,18333.333984375,18598.484375,18257.576171875,18409.091796875,17078424
2025-06-12,17448.7265625,18371.212890625,18409.091796875,18295.455078125,18333.333984375,8142948
2025-06-13,17772.515625,18712.12109375,18712.12109375,18409.091796875,18409.091796875,29756628
2025-06-16,18060.33203125,19015.15234375,19090.908203125,18787.87890625,18825.7578125,27877476
2025-06-17,18060.33203125,19015.15234375,19090.908203125,18787.87890625,18825.7578125,27877476
2025-06-18,17988.376953125,18939.39453125,19242.423828125,18825.7578125,19128.787109375,29007132
2025-06-19,18024.353515625,18977.2734375,19166.666015625,18863.63671875,19015.15234375,34570536
2025-06-20,18060.33203125,19015.15234375,19090.908203125,18901.515625,19090.908203125,20043672
2025-06-23,18635.958984375,19621.212890625,19772.7265625,19318.181640625,19356.060546875,31260240
2025-06-24,18635.958984375,19621.212890625,19772.7265625,19318.181640625,19356.060546875,31260240
2025-06-25,18635.958984375,19621.212890625,20000.0,19621.212890625,19772.7265625,34299144
2025-06-26,18420.09765625,19393.939453125,19734.84765625,19393.939453125,19696.96875,27713400
2025-06-27,18635.958984375,19621.212890625,19621.212890625,19318.181640625,19469.697265625,25666608
2025-06-30,18564.005859375,19545.455078125,19621.212890625,19469.697265625,19507.576171875,14155416
2025-07-01,18564.005859375,19545.455078125,19621.212890625,19469.697265625,19507.576171875,14155416
2025-07-02,18707.91015625,19696.96875,19810.60546875,19545.455078125,19621.212890625,29494212
2025-07-03,18743.88671875,19734.84765625,19924.2421875,19696.96875,19734.84765625,18474324
2025-07-04,18671.935546875,19659.091796875,19962.12109375,19659.091796875,19810.60546875,33749100
2025-07-07,18995.7265625,20000.0,20075.7578125,19772.7265625,19772.7265625,24533388
2025-07-08,18995.7265625,20000.0,20075.7578125,19772.7265625,19772.7265625,24533388
2025-07-09,18995.7265625,20000.0,20227.2734375,19962.12109375,20075.7578125,21264408
2025-07-10,19139.6328125,20151.515625,20303.03125,20000.0,20113.63671875,33370260
2025-07-11,19031.703125,20037.87890625,20227.2734375,20000.0,20227.2734375,19024236
2025-07-14,19283.541015625,20303.03125,20378.787109375,20000.0,20265.15234375,19865076
2025-07-15,19283.541015625,20303.03125,20378.787109375,20000.0,20265.15234375,19865076
2025-07-16,19139.6328125,20151.515625,20530.302734375,20151.515625,20303.03125,25506360
2025-07-17,19211.587890625,20227.2734375,20265.15234375,20037.87890625,20075.7578125,23255364
2025-07-18,19247.564453125,20265.15234375,20378.787109375,20113.63671875,20265.15234375,22889988
2025-07-21,19391.46875,20416.666015625,20946.96875,20378.787109375,20681.818359375,23693208
2025-07-22,19391.46875,20416.666015625,20946.96875,20378.787109375,20681.818359375,23693208
2025-07-23,19535.376953125,20568.181640625,20568.181640625,20189.39453125,20378.787109375,20413272
2025-07-24,19715.26171875,20757.576171875,20909.091796875,20530.302734375,20606.060546875,35892516
2025-07-25,20434.796875,21515.15234375,21553.03125,20871.212890625,20871.212890625,52806600
2025-07-28,20686.6328125,21780.302734375,21780.302734375,21477.2734375,21553.03125,32868264
2025-07-29,20686.6328125,21780.302734375,21780.302734375,21477.2734375,21553.03125,32868264
2025-07-30,19319.515625,20340.908203125,21856.060546875,20340.908203125,21818.181640625,64665348
2025-07-31,19715.26171875,20757.576171875,21098.484375,20340.908203125,20606.060546875,42378336
2025-08-01,19751.23828125,20795.455078125,21060.60546875,20416.666015625,20946.96875,32961456
2025-08-04,20003.07421875,21060.60546875,21060.60546875,20492.423828125,20530.302734375,28041024
2025-08-05,20003.07421875,21060.60546875,21060.60546875,20492.423828125,20530.302734375,28041024
2025-08-06,21370.19140625,22500.0,22500.0,20946.96875,21893.939453125,93857148
2025-08-07,22017.7734375,23181.818359375,23446.96875,22878.787109375,23106.060546875,40108332
2025-08-08,22125.703125,23295.455078125,23446.96875,22992.423828125,23409.091796875,35614524
2025-08-11,22881.21484375,24090.908203125,24583.333984375,23257.576171875,23333.333984375,64244004
2025-08-12,23312.9375,24545.455078125,24545.455078125,23977.2734375,24469.697265625,74742888
2025-08-13,24807.69140625,25800.0,25800.0,24700.0,25400.0,79609900
2025-08-14,24807.69140625,25800.0,25800.0,24700.0,25400.0,79609900
2025-08-15,26538.4609375,27600.0,27600.0,27600.0,27600.0,40320900
2025-08-18,26730.767578125,27800.0,28600.0,27650.0,28550.0,51031700
2025-08-19,26730.767578125,27800.0,28600.0,27650.0,28550.0,51031700
2025-08-20,27115.384765625,28200.0,29400.0,27900.0,28350.0,54011900
2025-08-21,26730.767578125,27800.0,28300.0,26850.0,28200.0,77393200
2025-08-22,27115.384765625,28200.0,28700.0,27750.0,28050.0,57150300
2025-08-25,25192.306640625,26200.0,27300.0,25800.0,27150.0,56190300
2025-08-26,25192.306640625,26200.0,27300.0,25800.0,27150.0,56190300
2025-08-27,26490.384765625,27550.0,27600.0,26100.0,26200.0,40433700
2025-08-28,26346.15234375,27400.0,28250.0,27400.0,28200.0,39077600
2025-08-29,26153.845703125,27200.0,27550.0,26700.0,27400.0,32467000
2025-09-01,26153.845703125,27200.0,27200.0,27200.0,27200.0,0
2025-09-02,26153.845703125,27200.0,27200.0,27200.0,27200.0,0
2025-09-03,27355.767578125,28450.0,28800.0,27500.0,27800.0,46653600
2025-09-04,27355.767578125,28450.0,28800.0,27500.0,27800.0,46653600
2025-09-05,27163.4609375,28250.0,28600.0,28100.0,28450.0,28054200
2025-09-08,25673.076171875,26700.0,27250.0,26700.0,27200.0,62869000
2025-09-09,25673.076171875,26700.0,27250.0,26700.0,27200.0,62869000
2025-09-10,25625.0,26650.0,27000.0,26300.0,26700.0,32840700
2025-09-11,25913.4609375,26950.0,27550.0,26800.0,27000.0,28898300
2025-09-12,25673.076171875,26700.0,26950.0,26050.0,26800.0,31166200
2025-09-15,25673.076171875,26700.0,26700.0,26700.0,26700.0,0
2025-09-16,25817.306640625,26850.0,26850.0,26550.0,26750.0,21483300
2025-09-17,26442.306640625,27500.0,27850.0,27050.0,27100.0,51366800
2025-09-18,25961.537109375,27000.0,27550.0,27000.0,27400.0,15819100
2025-09-19,25769.23046875,26800.0,27100.0,26600.0,26950.0,17716200
2025-09-22,25144.23046875,26150.0,26600.0,26100.0,26550.0,26372700
2025-09-23,25144.23046875,26150.0,26600.0,26100.0,26550.0,26372700
2025-09-24,25336.537109375,26350.0,26550.0,26150.0,26450.0,10100400
2025-09-25,25769.23046875,26800.0,26800.0,25900.0,26350.0,22752100
2025-09-26,25528.845703125,26550.0,27000.0,26400.0,27000.0,15489700
2025-09-29,25144.23046875,26150.0,26350.0,26100.0,26250.0,16253000
2025-09-30,25144.23046875,26150.0,26350.0,26100.0,26250.0,16253000
2025-10-01,25192.306640625,26200.0,26600.0,26050.0,26200.0,19759800
2025-10-02,25384.615234375,26400.0,26600.0,26150.0,26250.0,11544600
2025-10-03,25769.23046875,26800.0,27350.0,26450.0,26500.0,44086100
2025-10-06,26298.076171875,27350.0,27500.0,26650.0,26950.0,38982400
2025-10-07,26298.076171875,27350.0,27500.0,26650.0,26950.0,38982400
2025-10-08,25817.306640625,26850.0,27550.0,26850.0,27500.0,22188300
2025-10-09,25817.306640625,26850.0,27300.0,26850.0,27200.0,32173000
2025-10-10,26298.076171875,27350.0,27400.0,26850.0,27000.0,38667700
2025-10-13,26298.076171875,27350.0,27400.0,27000.0,27150.0,46449900
2025-10-14,26298.076171875,27350.0,27400.0,27000.0,27150.0,46449900
2025-10-15,26009.615234375,27050.0,27700.0,27050.0,27500.0,49401300
2025-10-16,26201.921875,27250.0,27650.0,27100.0,27150.0,31486300
2025-10-17,26153.845703125,27200.0,27550.0,27150.0,27300.0,26482800
2025-10-20,24278.845703125,25250.0,27100.0,25250.0,26950.0,74530200
2025-10-21,24278.845703125,25250.0,27100.0,25250.0,26950.0,74530200
2025-10-22,24326.921875,25300.0,26000.0,24800.0,25350.0,51668400
2025-10-23,24471.15234375,25450.0,25650.0,24800.0,25600.0,29596300
2025-10-24,24230.767578125,25200.0,25700.0,25200.0,25500.0,19904800
2025-10-27,22884.615234375,23800.0,24650.0,23800.0,24550.0,52326000
2025-10-28,22884.615234375,23800.0,24650.0,23800.0,24550.0,52326000
2025-10-29,23076.921875,24000.0,24000.0,23150.0,23800.0,49519800
2025-10-30,23413.4609375,24350.0,24600.0,24050.0,24200.0,24107400
2025-10-31,23028.845703125,23950.0,24400.0,23850.0,24400.0,24498600
2025-11-03,22211.537109375,23100.0,24000.0,23100.0,23700.0,29961200
2025-11-04,23076.921875,24000.0,24350.0,23200.0,23500.0,38226500
2025-11-05,23076.921875,24000.0,24350.0,23200.0,23500.0,38226500
2025-11-06,22788.4609375,23700.0,24100.0,23600.0,24000.0,10717900
2025-11-07,22403.845703125,23300.0,23750.0,23150.0,23750.0,21326700
2025-11-10,22211.537109375,23100.0,23600.0,23050.0,23300.0,17025200
2025-11-11,22307.69140625,23200.0,23350.0,23000.0,23150.0,15211100
2025-11-12,22788.4609375,23700.0,23800.0,23200.0,23350.0,17528300
2025-11-13,22596.15234375,23500.0,23800.0,23500.0,23750.0,19631300
2025-11-14,22596.15234375,23500.0,23650.0,23300.0,23450.0,16560800
2025-11-17,22884.615234375,23800.0,23950.0,23600.0,23600.0,16843400
2025-11-18,22788.4609375,23700.0,23950.0,23700.0,23800.0,19492900
2025-11-19,22596.15234375,23500.0,23800.0,23400.0,23750.0,16581700
2025-11-20,22451.921875,23350.0,23700.0,23300.0,23700.0,13622300
2025-11-21,22307.69140625,23200.0,23250.0,23000.0,23250.0,26669000
2025-11-24,22259.615234375,23150.0,23400.0,23050.0,23250.0,10531000
2025-11-25,21971.15234375,22850.0,23300.0,22800.0,23200.0,18502700
2025-11-26,22355.76953125,23250.0,23450.0,22850.0,22900.0,21635300
2025-11-27,22596.15234375,23500.0,23650.0,23300.0,23350.0,22892300
2025-11-28,22355.76953125,23250.0,23500.0,23250.0,23500.0,11759400
2025-12-01,22307.69140625,23200.0,23400.0,23200.0,23300.0,7796300
2025-12-02,22644.23046875,23550.0,23600.0,23000.0,23200.0,19166400
2025-12-03,23605.76953125,24550.0,24600.0,23550.0,23550.0,56674900
2025-12-04,23605.76953125,24550.0,24600.0,23550.0,23550.0,56674900
2025-12-05,24182.69140625,25150.0,25800.0,25100.0,25800.0,29444500
2025-12-08,24326.921875,25300.0,25550.0,24850.0,25000.0,22616800
2025-12-09,23750.0,24700.0,25200.0,24350.0,25050.0,34378900
2025-12-10,24182.69140625,25150.0,25450.0,24600.0,24700.0,25865300
2025-12-11,23894.23046875,24850.0,25300.0,24700.0,25250.0,15190600
2025-12-12,23076.921875,24000.0,24950.0,24000.0,24900.0,21849200
2025-12-15,22836.537109375,23750.0,24200.0,23650.0,24000.0,16023100
2025-12-16,23509.615234375,24450.0,24750.0,23500.0,23850.0,21422000
2025-12-17,23461.537109375,24400.0,24700.0,24350.0,24550.0,9524600
2025-12-18,23461.537109375,24400.0,24700.0,24350.0,24550.0,9524600
2025-12-19,23750.0,24700.0,24700.0,24500.0,24650.0,10343600
2025-12-22,24278.845703125,25250.0,25400.0,24650.0,24850.0,26664100
2025-12-23,24134.615234375,25100.0,25650.0,24900.0,25350.0,21996200
2025-12-24,24326.921875,25300.0,25550.0,24950.0,25100.0,24794700
2025-12-25,24326.921875,25300.0,25550.0,24950.0,25100.0,24794700
2025-12-26,23894.23046875,24850.0,25000.0,24200.0,24700.0,24369500
2025-12-29,23894.23046875,24850.0,25000.0,24700.0,24850.0,11448200
2025-12-30,24038.4609375,25000.0,25200.0,24850.0,24900.0,12056900
2025-12-31,24326.921875,25300.0,25300.0,24950.0,25000.0,23824800
2026-01-01,24326.921875,25300.0,25300.0,25300.0,25300.0,0
2026-01-02,24326.921875,25300.0,25300.0,25300.0,25300.0,0
2026-01-05,24375.0,25350.0,25750.0,24000.0,25350.0,36858500
2026-01-06,25625.0,26650.0,26750.0,25000.0,25450.0,72144100
2026-01-07,25673.076171875,26700.0,26850.0,26450.0,26750.0,33897900
2026-01-08,25576.921875,26600.0,27150.0,26500.0,26750.0,47534900
2026-01-09,26250.0,27300.0,27700.0,26700.0,26750.0,66065300
2026-01-12,27115.384765625,28200.0,28200.0,27550.0,27550.0,56968300
2026-01-13,26490.384765625,27550.0,28300.0,27450.0,28250.0,45769000
2026-01-14,26105.767578125,27150.0,27950.0,26850.0,27600.0,45126300
2026-01-15,26201.921875,27250.0,27550.0,26800.0,27050.0,34596800
2026-01-16,26009.615234375,27050.0,27700.0,27050.0,27400.0,20359500
2026-01-19,26442.306640625,27500.0,27600.0,27150.0,27200.0,27218600
2026-01-20,26346.15234375,27400.0,28000.0,27100.0,27750.0,28109000
2026-01-21,25961.537109375,27000.0,27500.0,26900.0,27300.0,27066700
2026-01-22,25913.4609375,26950.0,27450.0,26900.0,27150.0,17506700
2026-01-23,25913.4609375,26950.0,27100.0,26650.0,26950.0,23036800
2026-01-26,25096.15234375,26100.0,26850.0,26000.0,26750.0,31708000
2026-01-27,25480.767578125,26500.0,26600.0,26100.0,26150.0,19201000
2026-01-28,25528.845703125,26550.0,26750.0,26200.0,26550.0,17954900
2026-01-29,25673.076171875,26700.0,26950.0,26300.0,26900.0,19308300
2026-01-30,26153.845703125,27200.0,27200.0,26600.0,26750.0,28064600
2026-02-02,26250.0,27300.0,27600.0,26950.0,27200.0,25977600
2026-02-03,26634.615234375,27700.0,28100.0,27500.0,27500.0,50769200
2026-02-04,26730.767578125,27800.0,28100.0,27550.0,27850.0,25733700
2026-02-05,26009.615234375,27050.0,27900.0,27050.0,27850.0,25285900
2026-02-06,26298.076171875,27350.0,28100.0,26450.0,27000.0,49957800
2026-02-09,26538.4609375,27600.0,28100.0,27400.0,27800.0,25413800
2026-02-10,26778.845703125,27850.0,28500.0,27500.0,27800.0,51318500
2026-02-11,27884.615234375,29000.0,29500.0,28050.0,28100.0,104577300
2026-02-12,27259.615234375,28350.0,29300.0,28300.0,29300.0,27983900
2026-02-13,27211.537109375,28300.0,28600.0,28300.0,28600.0,21371900
2026-02-16,27211.537109375,28300.0,28300.0,28300.0,28300.0,0
2026-02-17,27211.537109375,28300.0,28300.0,28300.0,28300.0,0
2026-02-18,27211.537109375,28300.0,28300.0,28300.0,28300.0,0
2026-02-19,27211.537109375,28300.0,28300.0,28300.0,28300.0,0
2026-02-20,27211.537109375,28300.0,28300.0,28300.0,28300.0,0
2026-02-23,27259.615234375,28350.0,28850.0,28300.0,28800.0,19036000
2026-02-24,27163.4609375,28250.0,28500.0,28150.0,28500.0,27187100
2026-02-25,27644.23046875,28750.0,29300.0,28300.0,28500.0,28088400
2026-02-26,27692.306640625,28800.0,29100.0,28450.0,28900.0,16056700
2026-02-27,27403.845703125,28500.0,28850.0,28500.0,28750.0,14848500
2026-03-02,26586.537109375,27650.0,28200.0,27600.0,28000.0,51175400
2026-03-03,26586.537109375,27650.0,28200.0,27600.0,28000.0,51175400
2026-03-04,25913.4609375,26950.0,27400.0,26350.0,27100.0,42105200
2026-03-05,26009.615234375,27050.0,27550.0,27000.0,27450.0,17308700
2026-03-06,25673.076171875,26700.0,27150.0,26650.0,27100.0,22166600
2026-03-09,23894.23046875,24850.0,25650.0,24850.0,24900.0,73057300
2026-03-10,25528.845703125,26550.0,26550.0,25600.0,26100.0,37844500
2026-03-11,25769.23046875,26800.0,27000.0,26450.0,26550.0,22212600
2026-03-12,25240.384765625,26250.0,26800.0,26000.0,26500.0,19075600
2026-03-13,25144.23046875,26150.0,26500.0,25800.0,26200.0,17314700
2026-03-16,25096.15234375,26100.0,26500.0,26100.0,26150.0,12448200
2026-03-17,25336.537109375,26350.0,26750.0,26250.0,26400.0,9514500
2026-03-18,25288.4609375,26300.0,26900.0,25750.0,26700.0,14929500
2026-03-19,25384.615234375,26400.0,26500.0,25900.0,26050.0,19724200
2026-03-20,24951.921875,25950.0,26350.0,25950.0,26300.0,13305900
2026-03-23,24038.4609375,25000.0,25650.0,24850.0,25600.0,21672100
2026-03-24,24615.384765625,25600.0,26000.0,25400.0,25750.0,13041100
2026-03-25,25000.0,26000.0,26250.0,25850.0,25950.0,13825500
2026-03-26,24807.69140625,25800.0,26350.0,25700.0,26350.0,13683600
2026-03-27,25144.23046875,26150.0,26200.0,25600.0,25750.0,12866700
2026-03-30,24759.615234375,25750.0,26100.0,25650.0,25800.0,11214500
2026-03-31,25432.69140625,26450.0,26700.0,25950.0,25950.0,20965700
2026-04-01,25480.767578125,26500.0,27100.0,26500.0,27000.0,18947700
2026-04-02,25288.4609375,26300.0,26550.0,25900.0,26500.0,23391700
2026-04-03,24951.921875,25950.0,26450.0,25950.0,26300.0,10974700
2026-04-06,24663.4609375,25650.0,26000.0,25600.0,26000.0,11655100
2026-04-07,24615.384765625,25600.0,25800.0,25450.0,25750.0,15315200
2026-04-08,25576.921875,26600.0,26650.0,26100.0,26450.0,33405300
2026-04-09,25480.767578125,26500.0,26700.0,26350.0,26500.0,14977100
2026-04-10,25673.076171875,26700.0,27100.0,26650.0,26800.0,30327300
2026-04-13,25432.69140625,26450.0,26650.0,26250.0,26350.0,15029500
2026-04-14,25673.076171875,26700.0,26800.0,26500.0,26700.0,16255100
2026-04-15,25576.921875,26600.0,26850.0,26600.0,26700.0,11553900
2026-04-16,25288.4609375,26300.0,26600.0,26200.0,26500.0,12841800
2026-04-17,25432.69140625,26450.0,26600.0,26300.0,26300.0,8604100
2026-04-20,25336.537109375,26350.0,26600.0,26350.0,26450.0,13276300
2026-04-21,25288.4609375,26300.0,26600.0,26300.0,26400.0,13041700
2026-04-22,25192.306640625,26200.0,26400.0,26100.0,26350.0,8424700
2026-04-23,25384.615234375,26400.0,27000.0,26150.0,26200.0,15289400
2026-04-24,25192.306640625,26200.0,26400.0,26200.0,26400.0,9074600
2026-04-27,25192.306640625,26200.0,26200.0,26200.0,26200.0,0
2026-04-28,25000.0,26000.0,26250.0,26000.0,26200.0,12572800
2026-04-29,25048.076171875,26050.0,26150.0,25850.0,26000.0,13290000
2026-04-30,25048.076171875,26050.0,26050.0,26050.0,26050.0,0
2026-05-01,25048.076171875,26050.0,26050.0,26050.0,26050.0,0
2026-05-04,25096.15234375,26100.0,26400.0,26050.0,26150.0,10177100
2026-05-05,24951.921875,25950.0,26100.0,25750.0,26000.0,12314500
2026-05-06,25048.076171875,26050.0,26150.0,25850.0,26000.0,16164500
2026-05-07,25096.15234375,26100.0,26300.0,26000.0,26150.0,16786200
2026-05-08,25144.23046875,26150.0,26550.0,26050.0,26100.0,22204000
2026-05-11,25000.0,26000.0,26350.0,25950.0,26200.0,16618800
2026-05-12,24903.845703125,25900.0,26100.0,25900.0,26000.0,11264200
2026-05-13,24807.69140625,25800.0,26000.0,25750.0,25900.0,12652300
2026-05-14,24855.767578125,25850.0,26100.0,25800.0,25850.0,13084300
2026-05-15,24663.4609375,25650.0,26050.0,25600.0,26050.0,22577500
2026-05-18,24519.23046875,25500.0,25650.0,25400.0,25650.0,18793500
2026-05-19,24086.537109375,25050.0,25600.0,25050.0,25550.0,30322900
2026-05-20,23653.845703125,24600.0,25300.0,24500.0,25100.0,38940600
2026-05-21,23846.15234375,24800.0,24900.0,24600.0,24700.0,18632200
2026-05-22,23701.921875,24650.0,24900.0,24500.0,24850.0,14993300
2026-05-25,23846.15234375,24800.0,25000.0,24750.0,24800.0,10183000
2026-05-26,24519.23046875,25500.0,25550.0,24800.0,24800.0,18673500
2026-05-27,24423.076171875,25400.0,25650.0,25300.0,25550.0,12599300
2026-05-28,24038.4609375,25000.0,25600.0,25000.0,25400.0,9614600
2026-05-29,24038.4609375,25000.0,25200.0,24850.0,25000.0,8171700
2026-06-01,24134.615234375,25100.0,25150.0,24900.0,25100.0,5172200
2026-06-02,23701.921875,24650.0,25150.0,24650.0,25100.0,12839400
2026-06-03,24230.767578125,25200.0,25200.0,24650.0,24650.0,14476800
2026-06-04,24038.4609375,25000.0,25200.0,24900.0,25050.0,8558000
2026-06-05,24038.4609375,25000.0,25150.0,25000.0,25050.0,8343500
2026-06-08,23653.845703125,24600.0,24900.0,24550.0,24900.0,12089800
2026-06-09,23701.921875,24650.0,24850.0,24550.0,24650.0,9759500
2026-06-10,23750.0,24700.0,24850.0,24650.0,24650.0,9375900
2026-06-11,23798.076171875,24750.0,24750.0,24550.0,24650.0,4549700
2026-06-12,23894.23046875,24850.0,25200.0,24850.0,25000.0,20423200
2026-06-15,24230.767578125,25200.0,25350.0,25050.0,25050.0,15663000
2026-06-16,24134.615234375,25100.0,25300.0,25100.0,25250.0,11650300
2026-06-17,24230.767578125,25200.0,25300.0,25100.0,25150.0,11616400
2026-06-18,24278.845703125,25250.0,25300.0,25150.0,25200.0,6966700
2026-06-19,24038.4609375,25000.0,25250.0,25000.0,25250.0,7101000
2026-06-22,23846.15234375,24800.0,25100.0,24800.0,25050.0,7728200
2026-06-23,23846.15234375,24800.0,25300.0,24750.0,24950.0,18566900
2026-06-24,23846.15234375,24800.0,24950.0,24650.0,24850.0,12609600
2026-06-25,23750.0,24700.0,24900.0,24700.0,24800.0,7581600
2026-06-26,23798.076171875,24750.0,24800.0,24650.0,24700.0,6906000
2026-06-29,24134.615234375,25100.0,25250.0,24800.0,24850.0,15811500
2026-06-30,24230.767578125,25200.0,25250.0,25050.0,25100.0,13531800
2026-07-01,24230.767578125,25200.0,25250.0,25050.0,25100.0,13531800
2026-07-02,24663.4609375,25650.0,25900.0,25600.0,25800.0,9990900
2026-07-03,24615.384765625,25600.0,25800.0,25400.0,25800.0,13552000
2026-07-06,24326.921875,25300.0,25800.0,25250.0,25700.0,12882800
2026-07-07,24759.615234375,25750.0,25750.0,25300.0,25400.0,12368800
2026-07-08,25000.0,26000.0,26150.0,25700.0,25750.0,20204000
2026-07-09,24600.0,24600.0,25000.0,24600.0,24950.0,11216900
2026-07-10,24650.0,24650.0,25000.0,24550.0,24600.0,10507600
2026-07-13,24450.0,24450.0,24650.0,24000.0,24600.0,16165400
2026-07-14,24550.0,24550.0,24550.0,24000.0,24000.0,12268700
2026-07-15,23950.0,23950.0,24450.0,23950.0,24250.0,12725100
2026-07-16,24150.0,24150.0,24250.0,23500.0,23950.0,14637000
2026-07-17,23750.0,23750.0,24100.0,23750.0,24050.0,10399600
2026-07-20,22800.0,22800.0,23700.0,22800.0,23600.0,20670900
2026-07-21,22700.0,22700.0,23050.0,22600.0,22700.0,11291200
2026-07-22,22350.0,22350.0,23200.0,22350.0,22800.0,21154000
2026-07-23,22050.0,22050.0,22700.0,21600.0,22300.0,20982400
2026-07-24,21900.0,21900.0,22100.0,21700.0,22050.0,10335400
2026-07-27,21650.0,21650.0,22200.0,21650.0,21950.0,13775200
2026-07-28,22150.0,22150.0,22150.0,21350.0,21500.0,17345000
2026-07-29,22100.0,22100.0,22200.0,21950.0,22200.0,8827700
2026-07-30,22500.0,22500.0,22600.0,22050.0,22050.0,11202100
