date,Open,High,Low,Close,Adj Close,Volume
2016-01-04,2710.0,2710.0,2680.0,2690.0,2690.0,36439
2016-01-05,2680.0,2680.0,2640.0,2650.0,2650.0,47676
2016-01-06,2650.0,2660.0,2640.0,2660.0,2660.0,40589
2016-01-07,2640.0,2650.0,2590.0,2610.0,2610.0,94027
2016-01-08,2590.0,2610.0,2590.0,2610.0,2610.0,84809
2016-01-11,2590.0,2610.0,2580.0,2590.0,2590.0,37405
2016-01-12,2590.0,2640.0,2590.0,2590.0,2590.0,48154
2016-01-13,2640.0,2640.0,2590.0,2590.0,2590.0,81357
2016-01-14,2630.0,2630.0,2580.0,2590.0,2590.0,315858
2016-01-15,2590.0,2630.0,2590.0,2610.0,2610.0,260588
2016-01-18,2520.0,2580.0,2520.0,2540.0,2540.0,325887
2016-01-19,2570.0,2580.0,2560.0,2580.0,2580.0,71934
2016-01-20,2580.0,2580.0,2560.0,2580.0,2580.0,195341
2016-01-21,2580.0,2580.0,2520.0,2580.0,2580.0,91172
2016-01-22,2560.0,2570.0,2520.0,2540.0,2540.0,29413
2016-01-25,2560.0,2640.0,2560.0,2610.0,2610.0,143015
2016-01-26,2610.0,2610.0,2560.0,2590.0,2590.0,43819
2016-01-27,2610.0,2610.0,2570.0,2590.0,2590.0,154443
2016-01-28,2850.0,2850.0,2560.0,2590.0,2590.0,29261
2016-01-29,2580.0,2590.0,2570.0,2590.0,2590.0,85979
2016-02-01,2580.0,2590.0,2560.0,2580.0,2580.0,158690
2016-02-02,2570.0,2590.0,2560.0,2590.0,2590.0,113430
2016-02-03,2590.0,2590.0,2580.0,2590.0,2590.0,80000
2016-02-04,2590.0,2590.0,2580.0,2590.0,2590.0,120031
2016-02-05,2580.0,2640.0,2580.0,2610.0,2610.0,59764
2016-02-15,2590.0,2630.0,2570.0,2590.0,2590.0,25161
2016-02-16,2590.0,2660.0,2590.0,2650.0,2650.0,114193
2016-02-17,2650.0,2650.0,2590.0,2630.0,2630.0,141492
2016-02-18,2610.0,2660.0,2610.0,2630.0,2630.0,65316
2016-02-19,2650.0,2650.0,2610.0,2630.0,2630.0,162020
2016-02-22,2590.0,2660.0,2590.0,2630.0,2630.0,93741
2016-02-23,2640.0,2660.0,2630.0,2630.0,2630.0,268334
2016-02-24,2480.0,2760.0,2480.0,2740.0,2740.0,613706
2016-02-25,2830.0,2960.0,2690.0,2710.0,2710.0,170309
2016-02-26,2710.0,2710.0,2690.0,2710.0,2710.0,54693
2016-02-29,2710.0,2710.0,2660.0,2690.0,2690.0,192525
2016-03-01,2690.0,2710.0,2680.0,2680.0,2680.0,140511
2016-03-02,2680.0,2680.0,2650.0,2660.0,2660.0,187244
2016-03-03,2680.0,2680.0,2640.0,2660.0,2660.0,209795
2016-03-04,2650.0,2690.0,2640.0,2690.0,2690.0,106154
2016-03-07,2660.0,2710.0,2660.0,2710.0,2710.0,168692
2016-03-08,2690.0,2690.0,2590.0,2590.0,2590.0,349888
2016-03-09,2650.0,2650.0,2610.0,2650.0,2650.0,72850
2016-03-10,2640.0,2650.0,2630.0,2640.0,2640.0,127860
2016-03-11,2630.0,2660.0,2630.0,2650.0,2650.0,38679
2016-03-14,2630.0,2650.0,2610.0,2610.0,2610.0,130070
2016-03-15,2680.0,2680.0,2610.0,2630.0,2630.0,75369
2016-03-16,2640.0,2640.0,2610.0,2630.0,2630.0,85539
2016-03-17,2640.0,2640.0,2590.0,2610.0,2610.0,51939
2016-03-18,2590.0,2630.0,2590.0,2610.0,2610.0,49217
2016-03-21,2580.0,2640.0,2480.0,2590.0,2590.0,48938
2016-03-22,2570.0,2590.0,2560.0,2580.0,2580.0,143433
2016-03-23,2570.0,2580.0,2540.0,2570.0,2570.0,349539
2016-03-24,2580.0,2580.0,2560.0,2560.0,2560.0,60102
2016-03-25,2590.0,2590.0,2540.0,2540.0,2540.0,28280
2016-03-28,2570.0,2570.0,2520.0,2540.0,2540.0,28313
2016-03-29,2520.0,2540.0,2520.0,2520.0,2520.0,72908
2016-03-30,2560.0,2560.0,2400.0,2420.0,2420.0,215414
2016-03-31,2520.0,2520.0,2460.0,2500.0,2500.0,104162
2016-04-01,2520.0,2560.0,2500.0,2500.0,2500.0,125723
2016-04-04,2520.0,2520.0,2460.0,2500.0,2500.0,69304
2016-04-05,2480.0,2480.0,2460.0,2460.0,2460.0,59056
2016-04-06,2460.0,2460.0,2440.0,2440.0,2440.0,164962
2016-04-07,2460.0,2500.0,2460.0,2480.0,2480.0,32738
2016-04-08,2500.0,2520.0,2480.0,2520.0,2520.0,51607
2016-04-11,2520.0,2520.0,2500.0,2520.0,2520.0,49001
2016-04-12,2520.0,2520.0,2500.0,2500.0,2500.0,71515
2016-04-13,2500.0,2500.0,2460.0,2470.0,2470.0,94770
2016-04-14,2460.0,2480.0,2440.0,2440.0,2440.0,89740
2016-04-15,2500.0,2500.0,2440.0,2440.0,2440.0,66580
2016-04-19,2480.0,2480.0,2420.0,2440.0,2440.0,27773
2016-04-20,2460.0,2460.0,2420.0,2420.0,2420.0,73200
2016-04-21,2420.0,2420.0,2390.0,2420.0,2420.0,76583
2016-04-22,2390.0,2480.0,2390.0,2480.0,2480.0,126434
2016-04-25,2460.0,2500.0,2440.0,2460.0,2460.0,19229
2016-04-26,2460.0,2470.0,2440.0,2460.0,2460.0,117712
2016-04-27,2470.0,2470.0,2440.0,2440.0,2440.0,241006
2016-04-28,2460.0,2460.0,2420.0,2420.0,2420.0,39419
2016-04-29,2420.0,2440.0,2400.0,2440.0,2440.0,75474
2016-05-04,2420.0,2460.0,2400.0,2440.0,2440.0,48056
2016-05-05,2420.0,2440.0,2400.0,2440.0,2440.0,151701
2016-05-06,2440.0,2440.0,2420.0,2440.0,2440.0,111028
2016-05-09,2440.0,2460.0,2420.0,2460.0,2460.0,233846
2016-05-10,2470.0,2470.0,2420.0,2440.0,2440.0,92709
2016-05-11,2440.0,2460.0,2420.0,2440.0,2440.0,362991
2016-05-12,2460.0,2610.0,2460.0,2570.0,2570.0,569423
2016-05-13,2570.0,2630.0,2540.0,2560.0,2560.0,303678
2016-05-16,2540.0,2590.0,2540.0,2590.0,2590.0,193462
2016-05-17,2590.0,2630.0,2570.0,2590.0,2590.0,266987
2016-05-18,2580.0,2710.0,2560.0,2640.0,2640.0,520514
2016-05-19,2640.0,2650.0,2590.0,2650.0,2650.0,102855
2016-05-20,2590.0,2650.0,2580.0,2610.0,2610.0,50349
2016-05-23,2580.0,2580.0,2520.0,2520.0,2520.0,144346
2016-05-24,2520.0,2560.0,2520.0,2520.0,2520.0,204898
2016-05-25,2520.0,2560.0,2520.0,2520.0,2520.0,174731
2016-05-26,2520.0,2540.0,2480.0,2500.0,2500.0,373996
2016-05-27,2500.0,2520.0,2500.0,2520.0,2520.0,170308
2016-05-30,2540.0,2540.0,2520.0,2520.0,2520.0,90100
2016-05-31,2570.0,2570.0,2520.0,2520.0,2520.0,190183
2016-06-01,2560.0,2560.0,2520.0,2520.0,2520.0,72389
2016-06-02,2520.0,2540.0,2520.0,2520.0,2520.0,49600
2016-06-03,2520.0,2560.0,2520.0,2520.0,2520.0,94742
2016-06-06,2520.0,2590.0,2520.0,2560.0,2560.0,142834
2016-06-07,2560.0,2560.0,2540.0,2560.0,2560.0,28025
2016-06-08,2560.0,2580.0,2540.0,2570.0,2570.0,42707
2016-06-09,2570.0,2580.0,2560.0,2580.0,2580.0,83647
2016-06-10,2570.0,2610.0,2570.0,2590.0,2590.0,82355
2016-06-13,2580.0,2630.0,2570.0,2590.0,2590.0,138648
2016-06-14,2590.0,2630.0,2580.0,2610.0,2610.0,113252
2016-06-15,2610.0,2610.0,2590.0,2610.0,2610.0,51430
2016-06-16,2610.0,2630.0,2590.0,2610.0,2610.0,135735
2016-06-17,2590.0,2610.0,2590.0,2610.0,2610.0,118867
2016-06-20,2590.0,2630.0,2590.0,2630.0,2630.0,49716
2016-06-21,2610.0,2630.0,2590.0,2630.0,2630.0,130676
2016-06-22,2590.0,2630.0,2590.0,2630.0,2630.0,108886
2016-06-23,2590.0,2630.0,2590.0,2630.0,2630.0,62511
2016-06-24,2590.0,2630.0,2460.0,2630.0,2630.0,153703
2016-06-27,2520.0,2610.0,2520.0,2610.0,2610.0,102503
2016-06-28,2540.0,2590.0,2540.0,2590.0,2590.0,18644
2016-06-29,2560.0,2590.0,2560.0,2590.0,2590.0,65672
2016-06-30,2590.0,2590.0,2570.0,2590.0,2590.0,20698
2016-07-01,2560.0,2590.0,2540.0,2590.0,2590.0,160733
2016-07-04,2560.0,2560.0,2520.0,2520.0,2520.0,289840
2016-07-05,2520.0,2560.0,2500.0,2520.0,2520.0,224536
2016-07-06,2520.0,2520.0,2500.0,2520.0,2520.0,119879
2016-07-07,2520.0,2580.0,2520.0,2560.0,2560.0,46124
2016-07-08,2560.0,2560.0,2520.0,2560.0,2560.0,213318
2016-07-11,2540.0,2560.0,2520.0,2520.0,2520.0,256181
2016-07-12,2520.0,2520.0,2500.0,2520.0,2520.0,26771
2016-07-13,2540.0,2650.0,2520.0,2590.0,2590.0,437147
2016-07-14,2590.0,2660.0,2590.0,2590.0,2590.0,855293
2016-07-15,2640.0,2640.0,2580.0,2590.0,2590.0,218899
2016-07-18,2560.0,2580.0,2520.0,2580.0,2580.0,59135
2016-07-19,2580.0,2580.0,2470.0,2520.0,2520.0,465733
2016-07-20,2520.0,2520.0,2500.0,2520.0,2520.0,109114
2016-07-21,2540.0,2560.0,2500.0,2500.0,2500.0,115206
2016-07-22,2500.0,2500.0,2470.0,2470.0,2470.0,70617
2016-07-25,2470.0,2500.0,2460.0,2470.0,2470.0,73600
2016-07-26,2470.0,2480.0,2440.0,2440.0,2440.0,143345
2016-07-27,2440.0,2470.0,2440.0,2440.0,2440.0,59291
2016-07-28,2460.0,2460.0,2440.0,2440.0,2440.0,33402
2016-07-29,2440.0,2470.0,2440.0,2470.0,2470.0,138157
2016-08-01,2460.0,2470.0,2440.0,2440.0,2440.0,39056
2016-08-02,2440.0,2440.0,2390.0,2390.0,2390.0,76750
2016-08-03,2390.0,2390.0,2360.0,2360.0,2360.0,75348
2016-08-04,2390.0,2420.0,2380.0,2390.0,2390.0,110262
2016-08-05,2390.0,2420.0,2380.0,2400.0,2400.0,70318
2016-08-08,2400.0,2400.0,2380.0,2400.0,2400.0,69544
2016-08-09,2400.0,2420.0,2390.0,2400.0,2400.0,32488
2016-08-10,2420.0,2420.0,2390.0,2420.0,2420.0,136283
2016-08-11,2420.0,2420.0,2400.0,2420.0,2420.0,16038
2016-08-12,2440.0,2440.0,2400.0,2420.0,2420.0,48499
2016-08-15,2400.0,2420.0,2390.0,2390.0,2390.0,39933
2016-08-16,2390.0,2460.0,2390.0,2440.0,2440.0,106540
2016-08-17,2440.0,2440.0,2400.0,2420.0,2420.0,117280
2016-08-18,2420.0,2460.0,2400.0,2400.0,2400.0,113815
2016-08-19,2400.0,2400.0,2390.0,2400.0,2400.0,126316
2016-08-22,2390.0,2400.0,2390.0,2390.0,2390.0,64989
2016-08-23,2390.0,2400.0,2380.0,2400.0,2400.0,100523
2016-08-24,2400.0,2420.0,2390.0,2390.0,2390.0,53493
2016-08-25,2400.0,2440.0,2390.0,2440.0,2440.0,86057
2016-08-26,2390.0,2440.0,2390.0,2440.0,2440.0,74750
2016-08-29,2440.0,2440.0,2440.0,2440.0,2440.0,133815
2016-08-30,2440.0,2440.0,2440.0,2440.0,2440.0,55861
2016-08-31,2440.0,2460.0,2440.0,2460.0,2460.0,192835
2016-09-01,2460.0,2460.0,2440.0,2440.0,2440.0,81398
2016-09-05,2440.0,2440.0,2420.0,2440.0,2440.0,78738
2016-09-06,2440.0,2440.0,2440.0,2440.0,2440.0,100607
2016-09-07,2440.0,2440.0,2420.0,2440.0,2440.0,37441
2016-09-08,2420.0,2440.0,2400.0,2440.0,2440.0,38923
2016-09-09,2360.0,2440.0,2360.0,2420.0,2420.0,9453
2016-09-12,2400.0,2400.0,2380.0,2400.0,2400.0,137291
2016-09-13,2390.0,2400.0,2380.0,2390.0,2390.0,76695
2016-09-14,2390.0,2390.0,2360.0,2380.0,2380.0,151529
2016-09-15,2360.0,2380.0,2340.0,2360.0,2360.0,160591
2016-09-16,2340.0,2360.0,2330.0,2360.0,2360.0,120039
2016-09-19,2340.0,2360.0,2340.0,2340.0,2340.0,39590
2016-09-20,2340.0,2360.0,2330.0,2340.0,2340.0,117888
2016-09-21,2340.0,2420.0,2340.0,2380.0,2380.0,181530
2016-09-22,2390.0,2390.0,2360.0,2360.0,2360.0,52251
2016-09-23,2340.0,2380.0,2340.0,2380.0,2380.0,54315
2016-09-26,2380.0,2380.0,2340.0,2340.0,2340.0,55181
2016-09-27,2340.0,2380.0,2340.0,2360.0,2360.0,112486
2016-09-28,2340.0,2480.0,2340.0,2480.0,2480.0,960835
2016-09-29,2500.0,2520.0,2480.0,2500.0,2500.0,413417
2016-09-30,2500.0,2520.0,2470.0,2500.0,2500.0,281903
2016-10-03,2520.0,2640.0,2500.0,2540.0,2540.0,584999
2016-10-04,2540.0,2650.0,2540.0,2610.0,2610.0,728172
2016-10-05,2610.0,2690.0,2610.0,2660.0,2660.0,650032
2016-10-06,2680.0,2680.0,2630.0,2660.0,2660.0,445683
2016-10-07,2640.0,2650.0,2560.0,2590.0,2590.0,474856
2016-10-10,2590.0,2640.0,2580.0,2590.0,2590.0,595489
2016-10-11,2590.0,2640.0,2580.0,2590.0,2590.0,325562
2016-10-12,2610.0,2710.0,2590.0,2640.0,2640.0,742105
2016-10-13,2630.0,2660.0,2630.0,2650.0,2650.0,297562
2016-10-14,2650.0,2660.0,2640.0,2640.0,2640.0,399942
2016-10-17,2630.0,2630.0,2610.0,2610.0,2610.0,379894
2016-10-18,2610.0,2630.0,2590.0,2630.0,2630.0,383550
2016-10-19,2630.0,2710.0,2630.0,2680.0,2680.0,894546
2016-10-20,2680.0,2690.0,2640.0,2660.0,2660.0,176834
2016-10-21,2660.0,2660.0,2640.0,2650.0,2650.0,115481
2016-10-24,2640.0,2650.0,2590.0,2590.0,2590.0,435877
2016-10-25,2590.0,2630.0,2570.0,2630.0,2630.0,228430
2016-10-26,2630.0,2630.0,2590.0,2610.0,2610.0,123409
2016-10-27,2610.0,2630.0,2590.0,2630.0,2630.0,184931
2016-10-28,2610.0,2650.0,2590.0,2650.0,2650.0,109185
2016-10-31,2640.0,2650.0,2590.0,2590.0,2590.0,200973
2016-11-01,2590.0,2640.0,2590.0,2630.0,2630.0,246218
2016-11-02,2610.0,2630.0,2590.0,2610.0,2610.0,74747
2016-11-03,2610.0,2610.0,2570.0,2590.0,2590.0,263536
2016-11-04,2590.0,2590.0,2580.0,2590.0,2590.0,51973
2016-11-07,2590.0,2610.0,2580.0,2610.0,2610.0,140965
2016-11-08,2610.0,2610.0,2590.0,2590.0,2590.0,240477
2016-11-09,2590.0,2590.0,2460.0,2560.0,2560.0,510554
2016-11-10,2560.0,2630.0,2560.0,2610.0,2610.0,149865
2016-11-11,2610.0,2630.0,2590.0,2610.0,2610.0,180044
2016-11-14,2610.0,2610.0,2590.0,2590.0,2590.0,189722
2016-11-15,2630.0,2630.0,2590.0,2610.0,2610.0,147050
2016-11-16,2610.0,2610.0,2580.0,2580.0,2580.0,165430
2016-11-17,2590.0,2610.0,2590.0,2590.0,2590.0,216720
2016-11-18,2590.0,2590.0,2580.0,2580.0,2580.0,232504
2016-11-21,2610.0,2630.0,2590.0,2590.0,2590.0,45941
2016-11-22,2610.0,2610.0,2590.0,2610.0,2610.0,289066
2016-11-23,2610.0,2640.0,2610.0,2640.0,2640.0,184640
2016-11-24,2640.0,2650.0,2630.0,2650.0,2650.0,154688
2016-11-25,2610.0,2650.0,2610.0,2650.0,2650.0,179786
2016-11-28,2650.0,2660.0,2610.0,2610.0,2610.0,110554
2016-11-29,2590.0,2610.0,2590.0,2610.0,2610.0,234984
2016-11-30,2590.0,2630.0,2590.0,2610.0,2610.0,151350
2016-12-01,2650.0,2710.0,2650.0,2700.0,2700.0,381829
2016-12-02,2700.0,2700.0,2630.0,2650.0,2650.0,71031
2016-12-05,2670.0,2670.0,2630.0,2630.0,2630.0,49063
2016-12-06,2650.0,2670.0,2560.0,2560.0,2560.0,239780
2016-12-07,2560.0,2560.0,2490.0,2520.0,2520.0,226091
2016-12-08,2580.0,2580.0,2520.0,2520.0,2520.0,220042
2016-12-09,2530.0,2580.0,2520.0,2560.0,2560.0,103048
2016-12-12,2560.0,2560.0,2530.0,2550.0,2550.0,30478
2016-12-13,2550.0,2550.0,2490.0,2490.0,2490.0,125191
2016-12-14,2520.0,2550.0,2490.0,2490.0,2490.0,93783
2016-12-15,2490.0,2550.0,2490.0,2510.0,2510.0,141933
2016-12-16,2550.0,2580.0,2520.0,2580.0,2580.0,112809
2016-12-19,2610.0,2610.0,2550.0,2550.0,2550.0,232663
2016-12-20,2560.0,2560.0,2530.0,2550.0,2550.0,273119
2016-12-21,2560.0,2730.0,2560.0,2690.0,2690.0,939567
2016-12-22,2690.0,2700.0,2630.0,2670.0,2670.0,430272
2016-12-23,2630.0,2670.0,2580.0,2590.0,2590.0,390028
2016-12-26,2610.0,2670.0,2590.0,2670.0,2670.0,142239
2016-12-27,2630.0,2670.0,2610.0,2610.0,2610.0,320223
2016-12-28,2650.0,2650.0,2630.0,2630.0,2630.0,220675
2016-12-29,2610.0,2670.0,2590.0,2650.0,2650.0,398898
2016-12-30,2670.0,2670.0,2630.0,2650.0,2650.0,132554
2017-01-03,2650.0,2850.0,2650.0,2850.0,2850.0,1609757
2017-01-04,2850.0,2930.0,2850.0,2870.0,2870.0,739000
2017-01-05,2880.0,2890.0,2830.0,2870.0,2870.0,471881
2017-01-06,2870.0,3140.0,2830.0,3020.0,3020.0,1409824
2017-01-09,3020.0,3140.0,3020.0,3120.0,3120.0,970791
2017-01-10,3120.0,3170.0,3040.0,3150.0,3150.0,942499
2017-01-11,3120.0,3270.0,3120.0,3230.0,3230.0,1447461
2017-01-12,3220.0,3330.0,3200.0,3230.0,3230.0,1158392
2017-01-13,3210.0,3300.0,3180.0,3220.0,3220.0,1230784
2017-01-16,3220.0,3270.0,3200.0,3270.0,3270.0,575469
2017-01-17,3300.0,3500.0,3280.0,3450.0,3450.0,1398174
2017-01-18,3450.0,3560.0,3440.0,3460.0,3460.0,1360520
2017-01-19,3460.0,3520.0,3400.0,3450.0,3450.0,542576
2017-01-20,3450.0,3560.0,3450.0,3460.0,3460.0,614473
2017-01-23,3460.0,3460.0,3350.0,3440.0,3440.0,867359
2017-01-24,3440.0,3570.0,3390.0,3520.0,3520.0,722901
2017-01-25,3520.0,3540.0,3460.0,3540.0,3540.0,437171
2017-02-02,3540.0,3580.0,3440.0,3570.0,3570.0,693910
2017-02-03,3570.0,3680.0,3570.0,3640.0,3640.0,1124649
2017-02-06,3640.0,3650.0,3520.0,3540.0,3540.0,1767267
2017-02-07,3560.0,3640.0,3520.0,3560.0,3560.0,820988
2017-02-08,3560.0,3580.0,3500.0,3560.0,3560.0,627023
2017-02-09,3560.0,3560.0,3520.0,3560.0,3560.0,480866
2017-02-10,3560.0,3610.0,3560.0,3580.0,3580.0,2354611
2017-02-13,3610.0,3610.0,3500.0,3520.0,3520.0,1102014
2017-02-14,3520.0,3540.0,3480.0,3520.0,3520.0,630201
2017-02-15,3520.0,3560.0,3480.0,3500.0,3500.0,1719050
2017-02-16,3520.0,3520.0,3400.0,3400.0,3400.0,1657991
2017-02-17,3390.0,3450.0,3380.0,3400.0,3400.0,886909
2017-02-20,3400.0,3460.0,3390.0,3400.0,3400.0,1208009
2017-02-21,3400.0,3440.0,3390.0,3400.0,3400.0,992334
2017-02-22,3400.0,3400.0,3310.0,3390.0,3390.0,890701
2017-02-23,3390.0,3390.0,3350.0,3390.0,3390.0,599354
2017-02-24,3400.0,3540.0,3390.0,3400.0,3400.0,2041146
2017-02-27,3400.0,3450.0,3400.0,3440.0,3440.0,652055
2017-02-28,3450.0,3460.0,3400.0,3440.0,3440.0,493768
2017-03-01,3420.0,3420.0,3330.0,3390.0,3390.0,947826
2017-03-02,3390.0,3390.0,3330.0,3380.0,3380.0,356057
2017-03-03,3380.0,3420.0,3300.0,3420.0,3420.0,658085
2017-03-06,3440.0,3460.0,3390.0,3390.0,3390.0,767074
2017-03-07,3420.0,3420.0,3350.0,3380.0,3380.0,342874
2017-03-08,3380.0,3610.0,3350.0,3500.0,3500.0,3300268
2017-03-09,3500.0,3580.0,3500.0,3520.0,3520.0,2499511
2017-03-10,3500.0,3610.0,3500.0,3560.0,3560.0,3996520
2017-03-13,3560.0,3560.0,3440.0,3440.0,3440.0,3149747
2017-03-14,3440.0,3480.0,3400.0,3420.0,3420.0,1043292
2017-03-15,3420.0,3520.0,3350.0,3460.0,3460.0,1841218
2017-03-16,3480.0,3520.0,3460.0,3480.0,3480.0,1849057
2017-03-17,3520.0,3660.0,3450.0,3520.0,3520.0,5329369
2017-03-20,3520.0,3610.0,3520.0,3580.0,3580.0,5125254
2017-03-21,3610.0,3760.0,3610.0,3750.0,3750.0,10618307
2017-03-22,3750.0,3830.0,3730.0,3750.0,3750.0,4597625
2017-03-23,3750.0,3760.0,3700.0,3730.0,3730.0,3086794
2017-03-24,3730.0,3880.0,3720.0,3830.0,3830.0,7262960
2017-03-27,3830.0,3880.0,3730.0,3780.0,3780.0,4647682
2017-03-28,3780.0,3790.0,3700.0,3700.0,3700.0,3883267
2017-03-29,3720.0,3730.0,3650.0,3700.0,3700.0,4693967
2017-03-30,3700.0,3750.0,3680.0,3700.0,3700.0,2636139
2017-03-31,3720.0,3750.0,3660.0,3680.0,3680.0,2374460
2017-04-03,3680.0,3750.0,3610.0,3750.0,3750.0,4561999
2017-04-04,3760.0,3850.0,3730.0,3790.0,3790.0,4282474
2017-04-05,3790.0,3850.0,3760.0,3780.0,3780.0,2922560
2017-04-07,3780.0,3780.0,3700.0,3720.0,3720.0,2654414
2017-04-10,3720.0,3750.0,3640.0,3660.0,3660.0,4172644
2017-04-11,3660.0,3660.0,3560.0,3560.0,3560.0,3447528
2017-04-12,3560.0,3580.0,3450.0,3460.0,3460.0,4187963
2017-04-13,3460.0,3520.0,3450.0,3450.0,3450.0,1942706
2017-04-14,3450.0,3480.0,3380.0,3440.0,3440.0,2869490
2017-04-17,3440.0,3500.0,3380.0,3380.0,3380.0,1791452
2017-04-18,3390.0,3440.0,3350.0,3440.0,3440.0,1966220
2017-04-19,3440.0,3440.0,3400.0,3400.0,3400.0,904604
2017-04-20,3400.0,3450.0,3390.0,3400.0,3400.0,1029547
2017-04-21,3400.0,3420.0,3380.0,3400.0,3400.0,1166146
2017-04-24,3380.0,3400.0,3380.0,3380.0,3380.0,1041557
2017-04-25,3350.0,3390.0,3310.0,3310.0,3310.0,1796943
2017-04-26,3350.0,3420.0,3310.0,3400.0,3400.0,1183165
2017-04-27,3400.0,3450.0,3390.0,3400.0,3400.0,867590
2017-04-28,3390.0,3520.0,3330.0,3480.0,3480.0,3189572
2017-05-03,3480.0,3580.0,3480.0,3570.0,3570.0,2622355
2017-05-04,3580.0,3610.0,3540.0,3570.0,3570.0,1511935
2017-05-05,3570.0,3610.0,3520.0,3520.0,3520.0,1540483
2017-05-08,3520.0,3540.0,3450.0,3460.0,3460.0,1334252
2017-05-09,3460.0,3570.0,3450.0,3560.0,3560.0,1873308
2017-05-10,3580.0,3610.0,3540.0,3560.0,3560.0,1722684
2017-05-11,3560.0,3580.0,3520.0,3520.0,3520.0,1225352
2017-05-12,3540.0,3560.0,3520.0,3540.0,3540.0,1408743
2017-05-15,3540.0,3560.0,3500.0,3520.0,3520.0,1557823
2017-05-16,3500.0,3650.0,3500.0,3580.0,3580.0,4063912
2017-05-17,3580.0,3660.0,3580.0,3660.0,3660.0,2463380
2017-05-18,3660.0,3760.0,3640.0,3680.0,3680.0,4440070
2017-05-19,3680.0,3760.0,3650.0,3700.0,3700.0,3380097
2017-05-22,3700.0,3850.0,3700.0,3760.0,3760.0,8110171
2017-05-23,3780.0,3810.0,3680.0,3680.0,3680.0,3154806
2017-05-24,3680.0,3830.0,3680.0,3780.0,3780.0,2741337
2017-05-25,3780.0,3880.0,3760.0,3760.0,3760.0,4482961
2017-05-26,3760.0,3780.0,3730.0,3750.0,3750.0,1931186
2017-05-29,3720.0,3830.0,3720.0,3760.0,3760.0,2434669
2017-05-30,3760.0,3830.0,3730.0,3750.0,3750.0,3271836
2017-05-31,3730.0,3810.0,3730.0,3750.0,3750.0,1808309
2017-06-01,3750.0,3810.0,3720.0,3720.0,3720.0,2213737
2017-06-02,3720.0,3730.0,3660.0,3700.0,3700.0,2358110
2017-06-05,3700.0,3780.0,3700.0,3720.0,3720.0,2071223
2017-06-06,3780.0,3790.0,3730.0,3790.0,3790.0,2786052
2017-06-07,3790.0,4010.0,3780.0,3960.0,3960.0,9677631
2017-06-08,3960.0,3990.0,3880.0,3910.0,3910.0,1793086
2017-06-09,3900.0,3970.0,3900.0,3930.0,3930.0,1633448
2017-06-12,3930.0,3960.0,3880.0,3900.0,3900.0,2711450
2017-06-13,3900.0,4019.9999999999995,3880.0,3970.0,3970.0,2560207
2017-06-14,3970.0,4030.0000000000005,3970.0,4010.0,4010.0,2095019
2017-06-15,4010.0,4019.9999999999995,3960.0,3960.0,3960.0,2027588
2017-06-16,3960.0,3970.0,3950.0,3960.0,3960.0,1073742
2017-06-19,3990.0,4010.0,3960.0,3990.0,3990.0,2509473
2017-06-20,4010.0,4059.9999999999995,4010.0,4019.9999999999995,4019.9999999999995,2009016
2017-06-21,4019.9999999999995,4030.0000000000005,3910.0,3950.0,3950.0,3907011
2017-06-22,3950.0,3970.0,3910.0,3910.0,3910.0,1990597
2017-06-23,3900.0,3910.0,3830.0,3850.0,3850.0,2881921
2017-06-26,3850.0,3930.0,3850.0,3910.0,3910.0,1201089
2017-06-27,3900.0,3930.0,3880.0,3880.0,3880.0,681015
2017-06-28,3880.0,3900.0,3830.0,3880.0,3880.0,861040
2017-06-29,3880.0,3910.0,3880.0,3900.0,3900.0,928253
2017-06-30,3910.0,3930.0,3880.0,3880.0,3880.0,663360
2017-07-03,3900.0,4010.0,3900.0,3960.0,3960.0,2832824
2017-07-04,3960.0,3990.0,3910.0,3930.0,3930.0,913620
2017-07-05,3930.0,3990.0,3910.0,3970.0,3970.0,1489515
2017-07-06,3970.0,3990.0,3950.0,3970.0,3970.0,1436039
2017-07-07,3970.0,4030.0000000000005,3950.0,3970.0,3970.0,2656919
2017-07-10,3970.0,3990.0,3880.0,3880.0,3880.0,2657063
2017-07-11,3880.0,3900.0,3850.0,3880.0,3880.0,1562679
2017-07-12,3880.0,3930.0,3880.0,3880.0,3880.0,1160871
2017-07-13,3880.0,3900.0,3850.0,3880.0,3880.0,734955
2017-07-14,3900.0,3900.0,3850.0,3880.0,3880.0,366894
2017-07-17,3880.0,3880.0,3730.0,3730.0,3730.0,3160757
2017-07-18,3730.0,3790.0,3720.0,3760.0,3760.0,2229835
2017-07-19,3760.0,3790.0,3760.0,3760.0,3760.0,584611
2017-07-20,3760.0,3780.0,3730.0,3780.0,3780.0,731184
2017-07-21,3780.0,3790.0,3750.0,3750.0,3750.0,357297
2017-07-24,3750.0,3750.0,3660.0,3700.0,3700.0,1117565
2017-07-25,3730.0,3760.0,3720.0,3760.0,3760.0,808354
2017-07-26,3760.0,3850.0,3760.0,3830.0,3830.0,651186
2017-07-27,3790.0,3850.0,3760.0,3810.0,3810.0,581124
2017-07-28,3830.0,3880.0,3830.0,3880.0,3880.0,718964
2017-07-31,3900.0,3930.0,3880.0,3900.0,3900.0,1567378
2017-08-01,3910.0,3970.0,3910.0,3910.0,3910.0,1566838
2017-08-02,3880.0,3910.0,3850.0,3910.0,3910.0,1578560
2017-08-03,3910.0,3910.0,3880.0,3900.0,3900.0,936752
2017-08-04,3880.0,3880.0,3850.0,3880.0,3880.0,1200627
2017-08-07,3880.0,3950.0,3880.0,3900.0,3900.0,1478734
2017-08-08,3990.0,4010.0,3910.0,3930.0,3930.0,382940
2017-08-09,3930.0,3930.0,3830.0,3880.0,3880.0,1649412
2017-08-10,3830.0,3880.0,3830.0,3830.0,3830.0,1139760
2017-08-11,3850.0,3850.0,3830.0,3830.0,3830.0,774623
2017-08-14,3830.0,3880.0,3830.0,3880.0,3880.0,657975
2017-08-15,3880.0,3910.0,3880.0,3900.0,3900.0,799795
2017-08-16,3900.0,3910.0,3880.0,3910.0,3910.0,487273
2017-08-17,3930.0,3950.0,3880.0,3880.0,3880.0,553039
2017-08-18,3810.0,3880.0,3810.0,3880.0,3880.0,1175485
2017-08-21,3880.0,4050.0,3880.0,3960.0,3960.0,4413094
2017-08-22,4010.0,4010.0,3930.0,3960.0,3960.0,986115
2017-08-23,3950.0,4010.0,3950.0,3990.0,3990.0,740021
2017-08-24,3990.0,4180.0,3990.0,4140.0,4140.0,7254759
2017-08-25,4140.0,4280.0,4140.0,4180.0,4180.0,2024567
2017-08-28,4180.0,4340.0,4180.0,4310.0,4310.0,2649215
2017-08-29,4310.0,4460.0,4260.0,4330.0,4330.0,4269159
2017-08-30,4330.0,4370.0,4280.0,4310.0,4310.0,1653058
2017-08-31,4340.0,4460.0,4330.0,4340.0,4340.0,2318417
2017-09-01,4340.0,4350.0,4260.0,4330.0,4330.0,709220
2017-09-05,4330.0,4410.0,4330.0,4390.0,4390.0,990815
2017-09-06,4400.0,4400.0,4340.0,4370.0,4370.0,626895
2017-09-07,4370.0,4400.0,4310.0,4330.0,4330.0,1174302
2017-09-08,4330.0,4340.0,4230.0,4260.0,4260.0,1334473
2017-09-11,4230.0,4310.0,4150.0,4150.0,4150.0,2132362
2017-09-12,4150.0,4260.0,4140.0,4200.0,4200.0,1235103
2017-09-13,4220.0,4290.0,4200.0,4290.0,4290.0,677371
2017-09-14,4280.0,4310.0,4260.0,4260.0,4260.0,1994968
2017-09-15,4260.0,4310.0,4230.0,4260.0,4260.0,1606884
2017-09-18,4260.0,4330.0,4260.0,4260.0,4260.0,1222983
2017-09-19,4260.0,4340.0,4260.0,4260.0,4260.0,1331569
2017-09-20,4280.0,4290.0,4260.0,4260.0,4260.0,882705
2017-09-21,4280.0,4330.0,4230.0,4290.0,4290.0,1389322
2017-09-22,4290.0,4440.0,4290.0,4410.0,4410.0,3958618
2017-09-25,4410.0,4590.0,4390.0,4560.0,4560.0,3381864
2017-09-26,4580.0,4660.0,4560.0,4630.0,4630.0,2766949
2017-09-27,4620.0,4620.0,4530.0,4560.0,4560.0,1153295
2017-09-28,5010.0,5010.0,4530.0,4580.0,4580.0,1223493
2017-09-29,4580.0,4640.0,4560.0,4630.0,4630.0,920886
2017-10-02,4640.0,4640.0,4580.0,4590.0,4590.0,755459
2017-10-03,4570.0,4620.0,4520.0,4580.0,4580.0,1368746
2017-10-04,4580.0,4670.0,4580.0,4670.0,4670.0,1937080
2017-10-05,4670.0,4750.0,4620.0,4620.0,4620.0,3049742
2017-10-06,4620.0,4750.0,4620.0,4740.0,4740.0,2764427
2017-10-09,4740.0,4890.0,4740.0,4820.0,4820.0,3064014
2017-10-10,4690.0,4890.0,4690.0,4820.0,4820.0,1666381
2017-10-11,4830.0,4870.0,4810.0,4830.0,4830.0,1813951
2017-10-12,4830.0,4860.0,4790.0,4810.0,4810.0,1384961
2017-10-13,4820.0,4920.0,4760.0,4890.0,4890.0,1752064
2017-10-16,4890.0,4960.0,4890.0,4950.0,4950.0,1321717
2017-10-17,4950.0,4960.0,4930.0,4960.0,4960.0,953781
2017-10-18,5050.0,5080.0,4960.0,4970.0,4970.0,2272988
2017-10-19,4970.0,4980.0,4870.0,4890.0,4890.0,1941687
2017-10-20,4890.0,4920.0,4760.0,4790.0,4790.0,2328487
2017-10-23,4790.0,4790.0,4640.0,4640.0,4640.0,2601188
2017-10-24,4180.0,4710.0,4180.0,4700.0,4700.0,2602005
2017-10-25,4710.0,4860.0,4690.0,4820.0,4820.0,1101897
2017-10-26,4820.0,4860.0,4750.0,4760.0,4760.0,1924655
2017-10-27,4760.0,4820.0,4710.0,4820.0,4820.0,909500
2017-10-30,4860.0,4890.0,4740.0,4740.0,4740.0,1998813
2017-10-31,4820.0,4820.0,4580.0,4630.0,4630.0,2365341
2017-11-01,4630.0,4690.0,4630.0,4640.0,4640.0,954826
2017-11-02,4640.0,4660.0,4510.0,4510.0,4510.0,3243328
2017-11-03,4510.0,4620.0,4440.0,4590.0,4590.0,2147564
2017-11-06,4530.0,4670.0,4530.0,4660.0,4660.0,798248
2017-11-07,4660.0,4700.0,4640.0,4660.0,4660.0,1229311
2017-11-08,4670.0,4750.0,4660.0,4750.0,4750.0,1340921
2017-11-09,4750.0,4790.0,4710.0,4760.0,4760.0,1171786
2017-11-10,4760.0,4890.0,4760.0,4830.0,4830.0,2280926
2017-11-13,4860.0,4890.0,4790.0,4810.0,4810.0,1861000
2017-11-14,4810.0,4970.0,4780.0,4870.0,4870.0,1848620
2017-11-15,4960.0,4980.0,4870.0,4920.0,4920.0,1475303
2017-11-16,4930.0,5010.0,4920.0,5010.0,5010.0,4200524
2017-11-17,5010.0,5050.0,4930.0,5010.0,5010.0,2288362
2017-11-20,5010.0,5010.0,4890.0,4960.0,4960.0,1424314
2017-11-21,4960.0,5060.0,4920.0,4960.0,4960.0,2009143
2017-11-22,4950.0,5120.0,4830.0,5120.0,5120.0,2907841
2017-11-23,5120.0,5260.0,5090.0,5140.0,5140.0,2520785
2017-11-24,5170.0,5170.0,5060.0,5150.0,5150.0,1537052
2017-11-27,5150.0,5230.0,5110.0,5170.0,5170.0,1772248
2017-11-28,5140.0,5210.0,5110.0,5140.0,5140.0,1486928
2017-11-29,5140.0,5230.0,5140.0,5210.0,5210.0,1466786
2017-11-30,5260.0,5360.0,5230.0,5270.0,5270.0,3947759
2017-12-01,5290.0,5330.0,5260.0,5320.0,5320.0,2204688
2017-12-04,5320.0,5540.0,5320.0,5510.0,5510.0,2828261
2017-12-05,5540.0,5540.0,5290.0,5290.0,5290.0,2451061
2017-12-06,5270.0,5360.0,5210.0,5270.0,5270.0,2935533
2017-12-07,5270.0,5470.0,5270.0,5470.0,5470.0,2485591
2017-12-08,5470.0,5470.0,5390.0,5450.0,5450.0,1018775
2017-12-11,5420.0,5420.0,5290.0,5350.0,5350.0,2361314
2017-12-12,5330.0,5380.0,4820.0,5230.0,5230.0,6629673
2017-12-13,5230.0,5260.0,4980.0,5110.0,5110.0,1608497
2017-12-14,5110.0,5190.0,5080.0,5170.0,5170.0,1835286
2017-12-15,5170.0,5210.0,5120.0,5170.0,5170.0,1141285
2017-12-18,5210.0,5320.0,5210.0,5310.0,5310.0,1869613
2017-12-19,5350.0,5350.0,5240.0,5260.0,5260.0,1988171
2017-12-20,5260.0,5350.0,5240.0,5260.0,5260.0,4205447
2017-12-21,5320.0,5320.0,5240.0,5240.0,5240.0,4333480
2017-12-22,5240.0,5270.0,5200.0,5230.0,5230.0,2073496
2017-12-25,5230.0,5290.0,5190.0,5210.0,5210.0,3242655
2017-12-26,5210.0,5240.0,5170.0,5240.0,5240.0,4904103
2017-12-27,5240.0,5540.0,5240.0,5510.0,5510.0,6668024
2017-12-28,5540.0,5610.0,5540.0,5570.0,5570.0,5694848
2017-12-29,5590.0,5670.0,5540.0,5570.0,5570.0,4466849
2018-01-02,5590.0,5880.0,5570.0,5870.0,5870.0,3657426
2018-01-03,5870.0,5910.0,5750.0,5840.0,5840.0,5056543
2018-01-04,5840.0,5880.0,5800.0,5870.0,5870.0,6365641
2018-01-05,5890.0,5970.0,5800.0,5870.0,5870.0,6453452
2018-01-08,5870.0,6070.0,5870.0,6070.0,6070.0,3879771
2018-01-09,6070.0,6150.0,5890.0,6090.0,6090.0,4745410
2018-01-10,6120.0,6150.0,5950.0,6020.0,6020.0,4638024
2018-01-11,6020.0,6050.0,5890.0,6050.0,6050.0,4924236
2018-01-12,6050.0,6070.0,5880.0,5910.0,5910.0,7568499
2018-01-15,5910.0,5940.0,5790.0,5890.0,5890.0,3366618
2018-01-16,5890.0,5940.0,5820.0,5870.0,5870.0,3387031
2018-01-17,5870.0,6070.0,5840.0,5890.0,5890.0,4081715
2018-01-18,5790.0,5970.0,5790.0,5970.0,5970.0,3733257
2018-01-19,5990.0,6110.0,5930.0,5970.0,5970.0,4677507
2018-01-22,5970.0,6120.0,5970.0,6070.0,6070.0,4545380
2018-01-23,6120.0,6320.0,6070.0,6260.0,6260.0,7923102
2018-01-24,6300.0,6400.0,6210.0,6210.0,6210.0,4139581
2018-01-25,6230.0,6450.0,6090.0,6320.0,6320.0,8429425
2018-01-26,6350.0,6430.0,6240.0,6370.0,6370.0,4970555
2018-01-29,6350.0,6470.0,6330.0,6350.0,6350.0,4937869
2018-01-30,6330.0,6330.0,6230.0,6290.0,6290.0,3927399
2018-01-31,6290.0,6430.0,6270.0,6300.0,6300.0,6436073
2018-02-01,6300.0,6330.0,6150.0,6190.0,6190.0,6434280
2018-02-02,6190.0,6300.0,6180.0,6270.0,6270.0,3810505
2018-02-05,6290.0,6370.0,6020.0,6050.0,6050.0,5066909
2018-02-06,5840.0,5970.0,5450.0,5880.0,5880.0,7329750
2018-02-07,5910.0,6330.0,5910.0,6150.0,6150.0,2625378
2018-02-08,6150.0,6230.0,5970.0,5970.0,5970.0,2011871
2018-02-09,5510.0,6070.0,5510.0,6020.0,6020.0,3861562
2018-02-12,6150.0,6350.0,6150.0,6350.0,6350.0,2149455
2018-02-13,6430.0,6680.0,6350.0,6610.0,6610.0,5453039
2018-02-21,6610.0,6850.0,6610.0,6730.0,6730.0,3300915
2018-02-22,6770.0,6810.0,6630.0,6680.0,6680.0,3505413
2018-02-23,6680.0,6810.0,6630.0,6760.0,6760.0,4133818
2018-02-26,6770.0,6980.0,6770.0,6850.0,6850.0,10048941
2018-02-27,6860.0,7020.0,6830.0,7010.0,7010.0,4107205
2018-02-28,7020.0,7160.0,6930.0,7100.0,7100.0,4274179
2018-03-01,7100.0,7180.0,6910.0,6950.0,6950.0,5379316
2018-03-02,6950.0,7060.0,6830.0,7020.0,7020.0,5264337
2018-03-05,7020.0,7120.0,6650.0,6650.0,6650.0,6171135
2018-03-06,6650.0,6940.0,6630.0,6940.0,6940.0,4279645
2018-03-07,6950.0,7010.0,6790.0,6830.0,6830.0,5017215
2018-03-08,6930.0,6930.0,6810.0,6850.0,6850.0,4041111
2018-03-09,6880.0,7080.0,6860.0,7060.0,7060.0,4829484
2018-03-12,7100.0,7350.0,7100.0,7350.0,7350.0,4944538
2018-03-13,7360.0,7440.0,7250.0,7440.0,7440.0,3683159
2018-03-14,7630.0,7710.0,7410.0,7440.0,7440.0,2974601
2018-03-15,7450.0,7500.0,7350.0,7460.0,7460.0,4032484
2018-03-16,7530.0,7660.0,7480.0,7620.0,7620.0,4163554
2018-03-19,7710.0,7810.0,7650.0,7810.0,7810.0,4889388
2018-03-20,7900.0,8060.000000000001,7810.0,8050.000000000001,8050.000000000001,4552573
2018-03-21,8050.000000000001,8119.999999999999,7900.0,7960.0,7960.0,6287554
2018-03-22,7960.0,7990.0,7770.0,7810.0,7810.0,5892543
2018-03-23,7810.0,7810.0,7400.0,7650.0,7650.0,6436238
2018-03-26,7650.0,7870.0,7580.0,7870.0,7870.0,2814607
2018-03-27,7920.0,8029.999999999999,7850.0,7900.0,7900.0,3305080
2018-03-28,7880.0,7920.0,7770.0,7810.0,7810.0,2276552
2018-03-29,7850.0,7850.0,7750.0,7750.0,7750.0,2039780
2018-03-30,7650.0,7810.0,7650.0,7770.0,7770.0,2092042
2018-04-02,7770.0,8180.0,7770.0,8180.0,8180.0,4372662
2018-04-03,8180.0,8230.0,8060.000000000001,8140.000000000001,8140.000000000001,3577394
2018-04-04,8140.000000000001,8280.0,8130.000000000001,8160.0,8160.0,3555414
2018-04-05,8180.0,8280.0,8140.000000000001,8280.0,8280.0,3934100
2018-04-06,8300.0,8550.0,8280.0,8460.0,8460.0,5500996
2018-04-09,8490.0,8560.0,8380.0,8500.0,8500.0,3474752
2018-04-10,8510.0,8570.0,8330.0,8390.0,8390.0,4550311
2018-04-11,8390.0,8460.0,8119.999999999999,8119.999999999999,8119.999999999999,6377260
2018-04-12,7990.0,8300.0,7990.0,8300.0,8300.0,3604332
2018-04-13,8310.0,8380.0,8050.000000000001,8060.000000000001,8060.000000000001,3102131
2018-04-16,8050.000000000001,8160.0,7930.0,8080.0,8080.0,2787061
2018-04-17,8080.0,8230.0,8029.999999999999,8230.0,8230.0,3122300
2018-04-18,8230.0,8370.0,8100.0,8130.000000000001,8130.000000000001,3237045
2018-04-19,7990.0,8140.000000000001,7850.0,7930.0,7930.0,4945285
2018-04-20,7990.0,8029.999999999999,7880.0,7990.0,7990.0,3450025
2018-04-23,8050.000000000001,8119.999999999999,7310.0,7400.0,7400.0,8144218
2018-04-24,7420.0,7550.0,7190.0,7380.0,7380.0,3660608
2018-04-26,7400.0,7400.0,6730.0,6750.0,6750.0,7285702
2018-04-27,6090.0,7310.0,6090.0,7050.0,7050.0,4667596
2018-05-02,7150.0,7160.0,6890.0,6980.0,6980.0,2669126
2018-05-03,6580.0,7290.0,6580.0,7240.0,7240.0,3695726
2018-05-04,7240.0,7350.0,7190.0,7250.0,7250.0,2929704
2018-05-07,7260.0,7650.0,7250.0,7650.0,7650.0,4340830
2018-05-08,7650.0,7690.0,7530.0,7550.0,7550.0,2703990
2018-05-09,7550.0,7550.0,7330.0,7380.0,7380.0,2964394
2018-05-10,7380.0,7450.0,6980.0,7050.0,7050.0,4538604
2018-05-11,7050.0,7350.0,6890.0,7310.0,7310.0,3944111
2018-05-14,7330.0,7420.0,7240.0,7370.0,7370.0,1239598
2018-05-15,7420.0,7530.0,7310.0,7400.0,7400.0,2883487
2018-05-16,7370.0,8130.000000000001,7150.0,7150.0,7150.0,3938151
2018-05-17,7060.0,7250.0,7060.0,7130.0,7130.0,2023797
2018-05-18,7130.0,7220.0,6830.0,7120.0,7120.0,2708148
2018-05-21,7160.0,7200.0,7010.0,7010.0,7010.0,1908680
2018-05-22,6980.0,6980.0,6680.0,6830.0,6830.0,4833825
2018-05-23,6850.0,6890.0,6680.0,6890.0,6890.0,2846035
2018-05-24,6940.0,6940.0,6800.0,6820.0,6820.0,1360084
2018-05-25,6820.0,6890.0,6630.0,6650.0,6650.0,3370106
2018-05-28,6570.0,6620.0,5990.0,6020.0,6020.0,6642188
2018-05-29,5420.0,6580.0,5420.0,6540.0,6540.0,4694583
2018-05-30,6570.0,6600.0,6370.0,6380.0,6380.0,3049815
2018-05-31,6380.0,6650.0,6350.0,6650.0,6650.0,3560671
2018-06-01,6650.0,6850.0,6550.0,6730.0,6730.0,5402896
2018-06-04,6650.0,6980.0,6570.0,6980.0,6980.0,5546226
2018-06-05,6980.0,7030.0,6860.0,6940.0,6940.0,4692768
2018-06-06,6940.0,7240.0,6860.0,7200.0,7200.0,5668743
2018-06-07,7200.0,7250.0,7050.0,7050.0,7050.0,5212644
2018-06-08,7050.0,7220.0,7030.0,7160.0,7160.0,3702961
2018-06-11,7190.0,7290.0,7030.0,7080.0,7080.0,4129106
2018-06-12,7310.0,7310.0,6720.0,6920.0,6920.0,6941376
2018-06-13,6940.0,7010.0,6820.0,6890.0,6890.0,2338458
2018-06-14,6890.0,6980.0,6750.0,6750.0,6750.0,3797018
2018-06-15,6780.0,6920.0,6680.0,6860.0,6860.0,3289834
2018-06-18,6890.0,6940.0,6600.0,6620.0,6620.0,5078608
2018-06-19,6620.0,6620.0,6140.0,6490.0,6490.0,8643727
2018-06-20,6490.0,6620.0,6420.0,6550.0,6550.0,2915611
2018-06-21,6570.0,6570.0,6330.0,6350.0,6350.0,1583386
2018-06-22,6330.0,6570.0,6240.0,6550.0,6550.0,2637598
2018-06-25,6500.0,6680.0,6330.0,6540.0,6540.0,2808160
2018-06-26,6540.0,6540.0,6380.0,6440.0,6440.0,2232783
2018-06-27,6490.0,6520.0,6240.0,6240.0,6240.0,2689583
2018-06-28,6240.0,6240.0,5970.0,6000.0,6000.0,5075935
2018-06-29,6020.0,6120.0,5910.0,5920.0,5920.0,3031531
2018-07-02,5920.0,5920.0,5450.0,5540.0,5540.0,6858520
2018-07-03,5550.0,5650.0,5080.0,5150.0,5150.0,7375018
2018-07-04,5070.0,5320.0,5070.0,5320.0,5320.0,4127586
2018-07-05,5200.0,5320.0,4900.0,4970.0,4970.0,4948503
2018-07-06,4820.0,5450.0,4820.0,5450.0,5450.0,7854475
2018-07-09,5490.0,5670.0,5450.0,5490.0,5490.0,4587386
2018-07-10,5490.0,5690.0,5470.0,5630.0,5630.0,3244193
2018-07-11,5550.0,5570.0,5150.0,5310.0,5310.0,7023863
2018-07-12,5820.0,5820.0,5310.0,5510.0,5510.0,4150902
2018-07-13,5510.0,5740.0,5150.0,5690.0,5690.0,3940996
2018-07-16,5740.0,5850.0,5690.0,5740.0,5740.0,3769038
2018-07-17,5970.0,5970.0,5630.0,5920.0,5920.0,5135363
2018-07-18,5990.0,6070.0,5820.0,6020.0,6020.0,4359010
2018-07-19,6020.0,6020.0,5850.0,5880.0,5880.0,6338767
2018-07-20,5880.0,6120.0,5760.0,6120.0,6120.0,8925712
2018-07-23,6140.0,6150.0,5940.0,5940.0,5940.0,4970456
2018-07-24,5940.0,6240.0,5740.0,5850.0,5850.0,4390214
2018-07-25,6240.0,6240.0,5650.0,5650.0,5650.0,4478560
2018-07-26,5080.0,5940.0,5080.0,5780.0,5780.0,6326835
2018-07-27,5820.0,5970.0,5800.0,5920.0,5920.0,4283058
2018-07-30,5940.0,6070.0,5920.0,6000.0,6000.0,3446870
2018-07-31,5990.0,6070.0,5920.0,5950.0,5950.0,4169999
2018-08-01,5950.0,6000.0,5840.0,5910.0,5910.0,3370615
2018-08-02,5910.0,5920.0,5760.0,5910.0,5910.0,4547726
2018-08-03,5950.0,6060.0,5910.0,5910.0,5910.0,3765836
2018-08-06,5910.0,5950.0,5800.0,5850.0,5850.0,2378607
2018-08-07,5880.0,5950.0,5800.0,5910.0,5910.0,3340719
2018-08-08,5920.0,6110.0,5910.0,6110.0,6110.0,6086041
2018-08-09,6110.0,6260.0,6110.0,6120.0,6120.0,6024097
2018-08-10,6120.0,6200.0,6020.0,6200.0,6200.0,4939666
2018-08-13,6200.0,6330.0,6120.0,6330.0,6330.0,7344210
2018-08-14,6380.0,6380.0,6240.0,6240.0,6240.0,3333384
2018-08-15,6270.0,6330.0,6140.0,6150.0,6150.0,6050256
2018-08-16,6120.0,6180.0,5990.0,6120.0,6120.0,6703679
2018-08-17,6120.0,6260.0,6120.0,6120.0,6120.0,3162682
2018-08-20,6140.0,6200.0,6070.0,6110.0,6110.0,3250515
2018-08-21,6110.0,6300.0,6110.0,6300.0,6300.0,5164728
2018-08-22,6320.0,6380.0,6270.0,6280.0,6280.0,4526943
2018-08-23,6300.0,6370.0,6270.0,6350.0,6350.0,3014955
2018-08-24,6350.0,6540.0,6300.0,6450.0,6450.0,7614923
2018-08-27,6490.0,6570.0,6450.0,6450.0,6450.0,3180882
2018-08-28,6460.0,6520.0,6450.0,6460.0,6460.0,5158953
2018-08-29,6540.0,6570.0,6450.0,6540.0,6540.0,4615659
2018-08-30,6550.0,6600.0,6520.0,6600.0,6600.0,4212097
2018-08-31,6600.0,6600.0,6460.0,6500.0,6500.0,4286128
2018-09-04,6460.0,6490.0,6280.0,6320.0,6320.0,5963473
2018-09-05,6300.0,6370.0,6180.0,6260.0,6260.0,4808542
2018-09-06,6500.0,6540.0,6240.0,6260.0,6260.0,3164832
2018-09-07,6260.0,6380.0,6260.0,6380.0,6380.0,2485961
2018-09-10,6380.0,6380.0,5880.0,6270.0,6270.0,3148899
2018-09-11,6260.0,6350.0,6260.0,6310.0,6310.0,3898476
2018-09-12,6350.0,6370.0,6290.0,6290.0,6290.0,2964205
2018-09-13,6310.0,6450.0,6290.0,6380.0,6380.0,6398577
2018-09-14,6380.0,6480.0,6380.0,6440.0,6440.0,4140257
2018-09-17,6440.0,6440.0,6350.0,6350.0,6350.0,1908269
2018-09-18,6310.0,6410.0,6290.0,6410.0,6410.0,2411600
2018-09-19,6430.0,6480.0,6380.0,6410.0,6410.0,2798730
2018-09-20,6410.0,6480.0,6380.0,6450.0,6450.0,3473652
2018-09-21,6480.0,6580.0,6450.0,6580.0,6580.0,7293427
2018-09-24,6590.0,6630.0,6560.0,6560.0,6560.0,2805624
2018-09-25,6540.0,6620.0,6500.0,6500.0,6500.0,3999558
2018-09-26,6500.0,6580.0,6450.0,6480.0,6480.0,2915363
2018-09-27,6480.0,6520.0,6440.0,6480.0,6480.0,2942652
2018-09-28,6500.0,6590.0,6480.0,6520.0,6520.0,3783478
2018-10-01,6520.0,6580.0,6440.0,6440.0,6440.0,3222310
2018-10-02,6440.0,6450.0,6310.0,6370.0,6370.0,5220366
2018-10-03,6500.0,6500.0,6350.0,6410.0,6410.0,1954922
2018-10-04,6410.0,6540.0,6410.0,6500.0,6500.0,3180913
2018-10-05,6500.0,6540.0,6430.0,6430.0,6430.0,4183777
2018-10-08,6410.0,6480.0,6380.0,6440.0,6440.0,2175364
2018-10-09,6440.0,6480.0,6430.0,6440.0,6440.0,3010019
2018-10-10,6440.0,6480.0,6410.0,6430.0,6430.0,2803041
2018-10-11,6370.0,6370.0,5810.0,5930.0,5930.0,9392018
2018-10-12,5840.0,6120.0,5730.0,6120.0,6120.0,4923922
2018-10-15,6150.0,6150.0,5930.0,5930.0,5930.0,2403128
2018-10-16,5930.0,6020.0,5930.0,5990.0,5990.0,1942897
2018-10-17,6070.0,6120.0,6000.0,6020.0,6020.0,2292759
2018-10-18,6020.0,6020.0,5910.0,5930.0,5930.0,1691619
2018-10-19,5910.0,6120.0,5770.0,5930.0,5930.0,2186199
2018-10-22,5930.0,5990.0,5880.0,5880.0,5880.0,1648420
2018-10-23,5880.0,5880.0,5640.0,5660.0,5660.0,4059421
2018-10-24,5660.0,5800.0,5600.0,5600.0,5600.0,3420367
2018-10-25,5530.0,5630.0,5270.0,5530.0,5530.0,5147562
2018-10-26,5570.0,5720.0,5410.0,5410.0,5410.0,2884427
2018-10-29,5410.0,5430.0,5260.0,5350.0,5350.0,3999762
2018-10-30,5350.0,5570.0,5320.0,5450.0,5450.0,3626018
2018-10-31,5460.0,5800.0,5460.0,5800.0,5800.0,4795396
2018-11-01,5800.0,5840.0,5600.0,5600.0,5600.0,2904172
2018-11-02,5640.0,5810.0,5640.0,5810.0,5810.0,4366028
2018-11-05,5810.0,5830.0,5660.0,5770.0,5770.0,3088300
2018-11-06,5770.0,5810.0,5630.0,5630.0,5630.0,2657882
2018-11-07,5640.0,5680.0,5540.0,5600.0,5600.0,2944403
2018-11-08,5680.0,5730.0,5600.0,5630.0,5630.0,2607660
2018-11-09,5630.0,5660.0,5490.0,5490.0,5490.0,2981239
2018-11-12,5490.0,5510.0,5410.0,5490.0,5490.0,1775059
2018-11-13,5460.0,5460.0,5350.0,5410.0,5410.0,2753099
2018-11-14,5380.0,5450.0,5230.0,5270.0,5270.0,3291576
2018-11-15,5190.0,5380.0,5190.0,5260.0,5260.0,2698586
2018-11-16,5260.0,5530.0,5260.0,5450.0,5450.0,3519615
2018-11-19,5410.0,5540.0,5410.0,5540.0,5540.0,2238672
2018-11-20,5540.0,5540.0,5460.0,5530.0,5530.0,2168097
2018-11-21,5460.0,5540.0,5410.0,5530.0,5530.0,2458849
2018-11-22,5720.0,5760.0,5570.0,5630.0,5630.0,4403748
2018-11-23,5640.0,5640.0,5540.0,5540.0,5540.0,2688110
2018-11-26,5450.0,5570.0,5450.0,5570.0,5570.0,1633057
2018-11-27,5570.0,5600.0,5460.0,5510.0,5510.0,2599848
2018-11-28,5120.0,5640.0,5120.0,5630.0,5630.0,3171523
2018-11-29,5640.0,5730.0,5640.0,5640.0,5640.0,3544622
2018-11-30,5260.0,5760.0,5260.0,5700.0,5700.0,2971296
2018-12-03,5720.0,5990.0,5720.0,5990.0,5990.0,4691062
2018-12-04,5990.0,6040.0,5880.0,5940.0,5940.0,2802120
2018-12-05,5910.0,5970.0,5810.0,5930.0,5930.0,3447060
2018-12-06,5880.0,5990.0,5840.0,5880.0,5880.0,3345040
2018-12-07,5910.0,5990.0,5840.0,5840.0,5840.0,2288776
2018-12-10,5830.0,5910.0,5720.0,5830.0,5830.0,2669530
2018-12-11,5260.0,5930.0,5260.0,5840.0,5840.0,2484639
2018-12-12,5800.0,5910.0,5800.0,5910.0,5910.0,1157684
2018-12-13,5930.0,5940.0,5880.0,5880.0,5880.0,1772531
2018-12-14,5880.0,5880.0,5810.0,5810.0,5810.0,2099130
2018-12-17,5800.0,5810.0,5660.0,5660.0,5660.0,2746380
2018-12-18,5630.0,5660.0,5540.0,5660.0,5660.0,2694145
2018-12-19,6210.0,6210.0,5580.0,5660.0,5660.0,1319853
2018-12-20,5630.0,5680.0,5600.0,5660.0,5660.0,1170804
2018-12-21,5640.0,5640.0,5570.0,5630.0,5630.0,1670803
2018-12-24,5350.0,5640.0,5350.0,5540.0,5540.0,2237789
2018-12-25,5510.0,5510.0,5380.0,5510.0,5510.0,4310235
2018-12-26,4970.0,5540.0,4970.0,5490.0,5490.0,1518665
2018-12-27,5630.0,5680.0,5540.0,5630.0,5630.0,2409678
2018-12-28,5640.0,5660.0,5540.0,5660.0,5660.0,2193351
2019-01-02,5660.0,5660.0,5530.0,5580.0,5580.0,1103106
2019-01-03,5020.0,5570.0,5020.0,5380.0,5380.0,1956382
2019-01-04,5350.0,5450.0,5270.0,5410.0,5410.0,2771983
2019-01-07,5530.0,5530.0,5450.0,5490.0,5490.0,1305819
2019-01-08,6000.0,6000.0,5450.0,5450.0,5450.0,846226
2019-01-09,5460.0,5570.0,5450.0,5540.0,5540.0,2196358
2019-01-10,5540.0,5570.0,5530.0,5530.0,5530.0,1378687
2019-01-11,5540.0,5570.0,5510.0,5530.0,5530.0,1250077
2019-01-14,5510.0,5530.0,5490.0,5490.0,5490.0,937155
2019-01-15,5380.0,5570.0,5070.0,5570.0,5570.0,901146
2019-01-16,5570.0,5600.0,5510.0,5510.0,5510.0,509354
2019-01-17,5530.0,5570.0,5510.0,5530.0,5530.0,737519
2019-01-18,5540.0,5540.0,5430.0,5460.0,5460.0,1412966
2019-01-21,5490.0,5730.0,5490.0,5640.0,5640.0,2079830
2019-01-22,5680.0,5700.0,5570.0,5570.0,5570.0,1845725
2019-01-23,5540.0,5580.0,5530.0,5570.0,5570.0,1160094
2019-01-24,5580.0,5640.0,5540.0,5580.0,5580.0,1743450
2019-01-25,5700.0,5700.0,5570.0,5580.0,5580.0,836534
2019-01-28,5580.0,5600.0,5350.0,5530.0,5530.0,997088
2019-01-29,5510.0,5540.0,5460.0,5540.0,5540.0,1091518
2019-01-30,5930.0,5930.0,5540.0,5600.0,5600.0,1565464
2019-01-31,5660.0,5700.0,5600.0,5630.0,5630.0,1674668
2019-02-01,5630.0,5660.0,5600.0,5640.0,5640.0,781100
2019-02-11,5700.0,5910.0,5660.0,5770.0,5770.0,1713857
2019-02-12,5770.0,5840.0,5770.0,5830.0,5830.0,2059630
2019-02-13,5840.0,5880.0,5800.0,5830.0,5830.0,2093177
2019-02-14,5830.0,5830.0,5760.0,5760.0,5760.0,1357835
2019-02-15,5760.0,5810.0,5730.0,5770.0,5770.0,2176902
2019-02-18,5770.0,5830.0,5770.0,5810.0,5810.0,1908779
2019-02-19,5830.0,5830.0,5770.0,5800.0,5800.0,2754758
2019-02-20,5800.0,5830.0,5770.0,5810.0,5810.0,1693486
2019-02-21,5810.0,5880.0,5760.0,5760.0,5760.0,2970459
2019-02-22,5770.0,5880.0,5730.0,5830.0,5830.0,3974330
2019-02-25,5880.0,6000.0,5830.0,5930.0,5930.0,3874034
2019-02-26,5880.0,5970.0,5840.0,5880.0,5880.0,2277127
2019-02-27,5880.0,5910.0,5830.0,5840.0,5840.0,1544839
2019-02-28,5880.0,5880.0,5680.0,5680.0,5680.0,3793504
2019-03-01,5700.0,5760.0,5640.0,5730.0,5730.0,1478830
2019-03-04,5730.0,5830.0,5720.0,5810.0,5810.0,3120806
2019-03-05,5810.0,5880.0,5760.0,5800.0,5800.0,2465893
2019-03-06,5770.0,5810.0,5730.0,5800.0,5800.0,1178516
2019-03-07,5810.0,5880.0,5800.0,5830.0,5830.0,3301746
2019-03-08,5810.0,5840.0,5770.0,5800.0,5800.0,1416810
2019-03-11,5800.0,5840.0,5770.0,5810.0,5810.0,1032198
2019-03-12,5830.0,5910.0,5800.0,5910.0,5910.0,2504257
2019-03-13,5940.0,6070.0,5910.0,6000.0,6000.0,5473410
2019-03-14,6000.0,6120.0,5990.0,6020.0,6020.0,2333220
2019-03-15,6040.0,6080.0,5990.0,6070.0,6070.0,2649931
2019-03-18,6080.0,6150.0,6070.0,6100.0,6100.0,3739699
2019-03-19,6120.0,6120.0,5970.0,5990.0,5990.0,2828856
2019-03-20,6000.0,6000.0,5880.0,5930.0,5930.0,3143264
2019-03-21,5930.0,6000.0,5810.0,5810.0,5810.0,2939770
2019-03-22,5810.0,5880.0,5810.0,5830.0,5830.0,1819172
2019-03-25,5810.0,5810.0,5720.0,5760.0,5760.0,2275202
2019-03-26,5770.0,5810.0,5760.0,5800.0,5800.0,1540206
2019-03-27,5810.0,5840.0,5770.0,5810.0,5810.0,856984
2019-03-28,5810.0,5830.0,5770.0,5800.0,5800.0,1366727
2019-03-29,5800.0,5830.0,5770.0,5800.0,5800.0,1915257
2019-04-01,5800.0,5830.0,5800.0,5800.0,5800.0,751744
2019-04-02,5830.0,5880.0,5800.0,5800.0,5800.0,1184570
2019-04-03,5830.0,5830.0,5720.0,5760.0,5760.0,1394796
2019-04-04,5720.0,5800.0,5720.0,5770.0,5770.0,1091143
2019-04-05,5770.0,5810.0,5760.0,5770.0,5770.0,767879
2019-04-08,5770.0,5910.0,5770.0,5880.0,5880.0,2224599
2019-04-09,5880.0,5930.0,5830.0,5830.0,5830.0,1801683
2019-04-10,5800.0,5830.0,5770.0,5770.0,5770.0,868574
2019-04-11,5840.0,5840.0,5760.0,5800.0,5800.0,905666
2019-04-12,5770.0,5800.0,5730.0,5770.0,5770.0,1051329
2019-04-16,5770.0,5770.0,5700.0,5730.0,5730.0,1328836
2019-04-17,5760.0,5800.0,5720.0,5720.0,5720.0,688254
2019-04-18,5600.0,5730.0,5600.0,5680.0,5680.0,1019057
2019-04-19,5700.0,5720.0,5660.0,5660.0,5660.0,599302
2019-04-22,5680.0,5680.0,5570.0,5600.0,5600.0,1362678
2019-04-23,5630.0,5720.0,5570.0,5660.0,5660.0,1651748
2019-04-24,5680.0,5770.0,5640.0,5760.0,5760.0,1062284
2019-04-25,5760.0,5810.0,5720.0,5730.0,5730.0,745480
2019-04-26,5730.0,5770.0,5720.0,5760.0,5760.0,1123078
2019-05-02,5770.0,5800.0,5680.0,5680.0,5680.0,1134878
2019-05-03,5700.0,5730.0,5700.0,5730.0,5730.0,1115126
2019-05-06,5730.0,5730.0,5630.0,5630.0,5630.0,1381176
2019-05-07,5730.0,5730.0,5580.0,5640.0,5640.0,869471
2019-05-08,5600.0,5660.0,5570.0,5640.0,5640.0,1019991
2019-05-09,5630.0,5640.0,5570.0,5570.0,5570.0,603773
2019-05-10,5570.0,5630.0,5540.0,5600.0,5600.0,646916
2019-05-13,5630.0,5660.0,5580.0,5580.0,5580.0,913337
2019-05-14,5580.0,5600.0,5530.0,5570.0,5570.0,1601854
2019-05-15,5570.0,5680.0,5570.0,5640.0,5640.0,1290890
2019-05-16,5660.0,5660.0,5580.0,5600.0,5600.0,1467241
2019-05-17,5600.0,5630.0,5580.0,5580.0,5580.0,852070
2019-05-20,5600.0,5640.0,5570.0,5600.0,5600.0,675438
2019-05-21,5630.0,5680.0,5600.0,5630.0,5630.0,1385291
2019-05-22,5630.0,5720.0,5630.0,5660.0,5660.0,1274690
2019-05-23,5720.0,5730.0,5600.0,5640.0,5640.0,630966
2019-05-24,5200.0,5640.0,5200.0,5580.0,5580.0,891367
2019-05-27,5570.0,5580.0,5540.0,5540.0,5540.0,911886
2019-05-28,5540.0,5580.0,5530.0,5530.0,5530.0,941132
2019-05-29,5530.0,5580.0,5490.0,5580.0,5580.0,1083726
2019-05-30,5570.0,5580.0,5540.0,5570.0,5570.0,725399
2019-05-31,5540.0,5570.0,5490.0,5540.0,5540.0,1025615
2019-06-03,5490.0,5540.0,5460.0,5490.0,5490.0,1150302
2019-06-04,5490.0,5540.0,5460.0,5460.0,5460.0,870018
2019-06-05,5460.0,5530.0,5460.0,5530.0,5530.0,1056785
2019-06-06,5530.0,5530.0,5430.0,5450.0,5450.0,912088
2019-06-07,5450.0,5510.0,5450.0,5490.0,5490.0,282088
2019-06-10,5490.0,5530.0,5460.0,5460.0,5460.0,463155
2019-06-11,5460.0,5490.0,5460.0,5460.0,5460.0,563995
2019-06-12,5460.0,5490.0,5450.0,5450.0,5450.0,557708
2019-06-13,5450.0,5490.0,5450.0,5460.0,5460.0,846792
2019-06-14,5460.0,5540.0,5460.0,5490.0,5490.0,1047441
2019-06-17,5490.0,5530.0,5460.0,5490.0,5490.0,896432
2019-06-18,5490.0,5540.0,5490.0,5530.0,5530.0,769216
2019-06-19,5530.0,5570.0,5510.0,5530.0,5530.0,506197
2019-06-20,5530.0,5660.0,5510.0,5660.0,5660.0,1436398
2019-06-21,5660.0,5730.0,5630.0,5640.0,5640.0,826692
2019-06-24,5640.0,5680.0,5630.0,5640.0,5640.0,1421227
2019-06-25,5640.0,5660.0,5540.0,5580.0,5580.0,1331315
2019-06-26,5540.0,5580.0,5540.0,5540.0,5540.0,389568
2019-06-27,5540.0,5570.0,5460.0,5460.0,5460.0,873525
2019-06-28,5460.0,5530.0,5450.0,5530.0,5530.0,670700
2019-07-01,5630.0,5630.0,5540.0,5580.0,5580.0,640739
2019-07-02,5580.0,5580.0,5530.0,5530.0,5530.0,388434
2019-07-03,5540.0,5570.0,5490.0,5510.0,5510.0,643573
2019-07-04,5530.0,5600.0,5530.0,5580.0,5580.0,925764
2019-07-05,5600.0,5630.0,5570.0,5580.0,5580.0,799873
2019-07-08,5580.0,5630.0,5530.0,5540.0,5540.0,428679
2019-07-09,5540.0,5700.0,5540.0,5700.0,5700.0,2778824
2019-07-10,5700.0,5730.0,5660.0,5660.0,5660.0,1121395
2019-07-11,5660.0,5810.0,5660.0,5770.0,5770.0,2082872
2019-07-12,5800.0,5810.0,5730.0,5760.0,5760.0,888185
2019-07-15,5760.0,5770.0,5720.0,5730.0,5730.0,933272
2019-07-16,5730.0,5810.0,5730.0,5770.0,5770.0,1196262
2019-07-17,5770.0,5910.0,5770.0,5880.0,5880.0,2508774
2019-07-18,5810.0,5880.0,5770.0,5880.0,5880.0,1601573
2019-07-19,6120.0,6120.0,5880.0,5970.0,5970.0,2877999
2019-07-22,6560.0,6560.0,5880.0,5930.0,5930.0,1903199
2019-07-23,5930.0,5940.0,5880.0,5880.0,5880.0,1951764
2019-07-24,5880.0,5940.0,5800.0,5880.0,5880.0,3961188
2019-07-25,5920.0,6000.0,5890.0,5890.0,5890.0,2097782
2019-07-26,5920.0,5920.0,5800.0,5820.0,5820.0,1052101
2019-07-29,5760.0,5820.0,5690.0,5720.0,5720.0,1258626
2019-07-30,5670.0,5800.0,5670.0,5690.0,5690.0,1100105
2019-07-31,5750.0,5750.0,5650.0,5670.0,5670.0,893714
2019-08-01,5650.0,5720.0,5570.0,5600.0,5600.0,1903052
2019-08-02,5600.0,5630.0,5470.0,5540.0,5540.0,1774559
2019-08-05,5540.0,5540.0,5420.0,5470.0,5470.0,2538864
2019-08-06,5100.0,5450.0,5100.0,5390.0,5390.0,1820835
2019-08-07,5420.0,5470.0,5370.0,5370.0,5370.0,1031673
2019-08-08,5120.0,5470.0,4970.0,5470.0,5470.0,1066927
2019-08-09,5320.0,5540.0,5320.0,5450.0,5450.0,726110
2019-08-12,5470.0,5470.0,5420.0,5470.0,5470.0,578401
2019-08-13,5450.0,5470.0,5370.0,5450.0,5450.0,574727
2019-08-14,5470.0,5520.0,5390.0,5390.0,5390.0,906910
2019-08-15,5390.0,5390.0,5300.0,5390.0,5390.0,1470311
2019-08-16,5450.0,5500.0,5350.0,5450.0,5450.0,1536110
2019-08-19,5470.0,5540.0,5450.0,5470.0,5470.0,1209980
2019-08-20,5500.0,5540.0,5500.0,5520.0,5520.0,1318890
2019-08-21,5520.0,5570.0,5500.0,5540.0,5540.0,2791144
2019-08-22,5600.0,5670.0,5570.0,5650.0,5650.0,1653260
2019-08-23,5650.0,5670.0,5570.0,5630.0,5630.0,815330
2019-08-26,5600.0,5600.0,5500.0,5600.0,5600.0,1015427
2019-08-27,5570.0,5630.0,5540.0,5600.0,5600.0,1016097
2019-08-28,5570.0,5600.0,5520.0,5520.0,5520.0,513225
2019-08-29,5540.0,5570.0,5470.0,5500.0,5500.0,636900
2019-08-30,5540.0,5600.0,5500.0,5520.0,5520.0,544010
2019-09-03,5520.0,5570.0,5450.0,5500.0,5500.0,484897
2019-09-04,5500.0,5500.0,5420.0,5470.0,5470.0,365320
2019-09-05,5500.0,5500.0,5450.0,5470.0,5470.0,625327
2019-09-06,5470.0,5500.0,5390.0,5450.0,5450.0,516662
2019-09-09,5420.0,5470.0,5390.0,5450.0,5450.0,369511
2019-09-10,5450.0,5450.0,5370.0,5390.0,5390.0,821441
2019-09-11,5390.0,5420.0,5370.0,5420.0,5420.0,429890
2019-09-12,5450.0,5520.0,5420.0,5520.0,5520.0,622048
2019-09-13,5540.0,5630.0,5500.0,5630.0,5630.0,1325067
2019-09-16,5630.0,5650.0,5540.0,5570.0,5570.0,1238267
2019-09-17,5570.0,5570.0,5500.0,5540.0,5540.0,1189898
2019-09-18,5540.0,5630.0,5520.0,5570.0,5570.0,1542208
2019-09-19,5570.0,5760.0,5540.0,5750.0,5750.0,3421555
2019-09-20,5840.0,6320.0,5750.0,5760.0,5760.0,2535289
2019-09-23,5760.0,5880.0,5750.0,5800.0,5800.0,2878182
2019-09-24,5800.0,5820.0,5750.0,5760.0,5760.0,1324749
2019-09-25,5750.0,5760.0,5690.0,5720.0,5720.0,1522720
2019-09-26,5720.0,5800.0,5690.0,5800.0,5800.0,2320597
2019-09-27,6220.0,6220.0,5760.0,5760.0,5760.0,2163685
2019-09-30,5800.0,5880.0,5760.0,5820.0,5820.0,2304040
2019-10-01,5820.0,5890.0,5800.0,5890.0,5890.0,1846967
2019-10-02,5840.0,5920.0,5840.0,5880.0,5880.0,2160049
2019-10-03,5840.0,5880.0,5800.0,5880.0,5880.0,1856827
2019-10-04,5880.0,5920.0,5840.0,5880.0,5880.0,1582366
2019-10-07,5880.0,5880.0,5760.0,5760.0,5760.0,1931392
2019-10-08,5760.0,5820.0,5750.0,5800.0,5800.0,1159716
2019-10-09,5820.0,5890.0,5800.0,5890.0,5890.0,1715656
2019-10-10,5890.0,6040.0,5890.0,5970.0,5970.0,4857384
2019-10-11,5970.0,6020.0,5940.0,5970.0,5970.0,1525076
2019-10-14,5970.0,6090.0,5970.0,6090.0,6090.0,3538655
2019-10-15,6090.0,6120.0,6040.0,6070.0,6070.0,2327203
2019-10-16,6090.0,6120.0,6070.0,6070.0,6070.0,2073772
2019-10-17,6040.0,6070.0,6000.0,6070.0,6070.0,1915729
2019-10-18,6090.0,6090.0,5970.0,6000.0,6000.0,1865732
2019-10-21,5970.0,6020.0,5820.0,5820.0,5820.0,2742188
2019-10-22,5820.0,5840.0,5800.0,5840.0,5840.0,1660272
2019-10-23,5840.0,5890.0,5840.0,5840.0,5840.0,983685
2019-10-24,5880.0,5880.0,5820.0,5880.0,5880.0,921275
2019-10-25,5880.0,5880.0,5820.0,5880.0,5880.0,1105479
2019-10-28,5880.0,5940.0,5880.0,5890.0,5890.0,1090296
2019-10-29,5920.0,5940.0,5880.0,5890.0,5890.0,1702377
2019-10-30,5920.0,6070.0,5880.0,6040.0,6040.0,7431303
2019-10-31,6040.0,6070.0,6000.0,6000.0,6000.0,1293107
2019-11-01,5890.0,6040.0,5890.0,6020.0,6020.0,1907428
2019-11-04,6020.0,6140.0,6020.0,6120.0,6120.0,3939389
2019-11-05,6140.0,6190.0,6120.0,6120.0,6120.0,3578931
2019-11-06,6170.0,6170.0,6090.0,6120.0,6120.0,2507149
2019-11-07,6120.0,6140.0,6090.0,6120.0,6120.0,2102499
2019-11-08,6190.0,6240.0,6120.0,6170.0,6170.0,3921492
2019-11-11,6170.0,6190.0,6140.0,6140.0,6140.0,1719955
2019-11-12,6140.0,6140.0,6090.0,6140.0,6140.0,1574994
2019-11-13,6140.0,6290.0,6140.0,6220.0,6220.0,3575361
2019-11-14,6220.0,6240.0,6090.0,6090.0,6090.0,2291325
2019-11-15,6070.0,6120.0,6070.0,6070.0,6070.0,1652242
2019-11-18,6070.0,6090.0,5970.0,6000.0,6000.0,2764302
2019-11-19,6000.0,6020.0,5970.0,6020.0,6020.0,1398481
2019-11-20,6040.0,6040.0,5940.0,5940.0,5940.0,1357644
2019-11-21,5470.0,6000.0,5470.0,5970.0,5970.0,1782516
2019-11-22,5970.0,5970.0,5750.0,5760.0,5760.0,3363603
2019-11-25,5800.0,5880.0,5760.0,5820.0,5820.0,1949233
2019-11-26,5840.0,5890.0,5840.0,5880.0,5880.0,577968
2019-11-27,5880.0,5890.0,5760.0,5760.0,5760.0,952900
2019-11-28,5800.0,5800.0,5670.0,5690.0,5690.0,1688171
2019-11-29,5690.0,5750.0,5670.0,5750.0,5750.0,800193
2019-12-02,5750.0,5760.0,5600.0,5630.0,5630.0,1640609
2019-12-03,5650.0,5690.0,5570.0,5630.0,5630.0,1422078
2019-12-04,5650.0,5750.0,5600.0,5750.0,5750.0,1314925
2019-12-05,5760.0,5760.0,5690.0,5720.0,5720.0,1242216
2019-12-06,5720.0,5750.0,5690.0,5720.0,5720.0,698762
2019-12-09,5720.0,5720.0,5650.0,5690.0,5690.0,814425
2019-12-10,5690.0,5720.0,5630.0,5670.0,5670.0,573899
2019-12-11,5670.0,5690.0,5630.0,5690.0,5690.0,785569
2019-12-12,5690.0,5750.0,5690.0,5720.0,5720.0,656342
2019-12-13,5720.0,5800.0,5720.0,5760.0,5760.0,1445939
2019-12-16,5760.0,5760.0,5720.0,5720.0,5720.0,951838
2019-12-17,5720.0,5720.0,5670.0,5670.0,5670.0,940104
2019-12-18,5650.0,5670.0,5600.0,5600.0,5600.0,1132793
2019-12-19,5630.0,5630.0,5570.0,5600.0,5600.0,625416
2019-12-20,5630.0,5650.0,5600.0,5650.0,5650.0,1043390
2019-12-23,5650.0,5720.0,5650.0,5670.0,5670.0,1786089
2019-12-24,5690.0,5690.0,5650.0,5650.0,5650.0,821359
2019-12-25,5670.0,5690.0,5630.0,5690.0,5690.0,1121331
2019-12-26,5670.0,5670.0,5630.0,5630.0,5630.0,893827
2019-12-27,5630.0,5650.0,5600.0,5650.0,5650.0,906262
2019-12-30,5650.0,5690.0,5630.0,5650.0,5650.0,1367912
2019-12-31,5650.0,5690.0,5600.0,5670.0,5670.0,1649842
2020-01-02,5670.0,5720.0,5650.0,5720.0,5720.0,1163109
2020-01-03,5720.0,5760.0,5690.0,5720.0,5720.0,1055528
2020-01-06,5720.0,5720.0,5600.0,5600.0,5600.0,1286035
2020-01-07,5600.0,5650.0,5600.0,5600.0,5600.0,1050934
2020-01-08,5600.0,5600.0,5470.0,5500.0,5500.0,2304937
2020-01-09,5520.0,5630.0,5520.0,5570.0,5570.0,1422248
2020-01-10,5600.0,5750.0,5600.0,5650.0,5650.0,2371501
2020-01-13,5690.0,5690.0,5650.0,5690.0,5690.0,1523181
2020-01-14,5690.0,5840.0,5690.0,5840.0,5840.0,2851982
2020-01-15,5840.0,5840.0,5760.0,5800.0,5800.0,1158657
2020-01-16,5800.0,5970.0,5800.0,5940.0,5940.0,2819687
2020-01-17,5970.0,6000.0,5890.0,5920.0,5920.0,2706194
2020-01-20,5920.0,6140.0,5920.0,6040.0,6040.0,4443379
2020-01-21,6090.0,6140.0,6040.0,6090.0,6090.0,1775816
2020-01-22,6120.0,6120.0,6040.0,6090.0,6090.0,1574379
2020-01-30,6020.0,6040.0,5760.0,5880.0,5880.0,4250097
2020-01-31,5840.0,5920.0,5690.0,5720.0,5720.0,4243264
2020-02-03,5540.0,5720.0,5390.0,5630.0,5630.0,4430186
2020-02-04,5690.0,5760.0,5600.0,5760.0,5760.0,2397062
2020-02-05,5820.0,5840.0,5690.0,5720.0,5720.0,2790275
2020-02-06,5750.0,5970.0,5720.0,5970.0,5970.0,2980981
2020-02-07,5970.0,6000.0,5880.0,5920.0,5920.0,2007251
2020-02-10,5920.0,5940.0,5820.0,5880.0,5880.0,1271190
2020-02-11,5880.0,5920.0,5840.0,5890.0,5890.0,1862090
2020-02-12,5920.0,6390.0,5920.0,6370.0,6370.0,10516207
2020-02-13,6370.0,6390.0,6240.0,6340.0,6340.0,3773365
2020-02-14,6340.0,6680.0,6340.0,6570.0,6570.0,8018099
2020-02-17,6540.0,6630.0,6460.0,6570.0,6570.0,3764464
2020-02-18,6570.0,6740.0,6540.0,6620.0,6620.0,6293208
2020-02-19,6590.0,6630.0,6440.0,6540.0,6540.0,5091969
2020-02-20,6540.0,6710.0,6490.0,6570.0,6570.0,5578717
2020-02-21,6190.0,6620.0,6190.0,6390.0,6390.0,6333926
2020-02-24,6340.0,6370.0,5920.0,5970.0,5970.0,10321149
2020-02-25,5840.0,6240.0,5750.0,6240.0,6240.0,8279866
2020-02-26,6220.0,6240.0,6040.0,6120.0,6120.0,4519324
2020-02-27,6020.0,6340.0,6020.0,6340.0,6340.0,5309790
2020-02-28,5720.0,6290.0,5720.0,6270.0,6270.0,5959642
2020-03-02,6070.0,6340.0,6070.0,6270.0,6270.0,3629494
2020-03-03,6370.0,6440.0,6290.0,6370.0,6370.0,6364207
2020-03-04,6370.0,6410.0,6290.0,6410.0,6410.0,5047583
2020-03-05,6460.0,6570.0,6320.0,6370.0,6370.0,5965022
2020-03-06,6340.0,6340.0,6240.0,6290.0,6290.0,3959935
2020-03-09,6140.0,6140.0,5720.0,5800.0,5800.0,16776046
2020-03-10,5720.0,6170.0,5690.0,6020.0,6020.0,7582331
2020-03-11,6040.0,6070.0,5720.0,5820.0,5820.0,7841324
2020-03-12,5720.0,5720.0,5350.0,5500.0,5500.0,11082125
2020-03-13,5350.0,5600.0,5100.0,5470.0,5470.0,9020091
2020-03-16,5470.0,5540.0,5140.0,5200.0,5200.0,4614344
2020-03-17,5170.0,5320.0,5010.0,5250.0,5250.0,6568088
2020-03-18,5300.0,5370.0,5200.0,5270.0,5270.0,4944595
2020-03-19,5230.0,5300.0,5140.0,5250.0,5250.0,4083896
2020-03-20,5760.0,5760.0,5230.0,5320.0,5320.0,3341564
2020-03-23,5270.0,5320.0,4800.0,4800.0,4800.0,10024177
2020-03-24,4750.0,4950.0,4750.0,4880.0,4880.0,4315784
2020-03-25,4970.0,5170.0,4970.0,5100.0,5100.0,4115341
2020-03-26,5120.0,5120.0,4890.0,4890.0,4890.0,3631529
2020-03-27,4890.0,5010.0,4850.0,4890.0,4890.0,3980631
2020-03-30,4850.0,4850.0,4450.0,4520.0,4520.0,5925098
2020-03-31,4520.0,4680.0,4330.0,4430.0,4430.0,4532153
2020-04-01,4010.0,4720.0,4010.0,4630.0,4630.0,2761168
2020-04-03,4500.0,4820.0,4500.0,4750.0,4750.0,3574343
2020-04-06,4820.0,5170.0,4750.0,5120.0,5120.0,5757259
2020-04-07,5230.0,5230.0,4970.0,5050.0,5050.0,4467621
2020-04-08,5540.0,5540.0,4890.0,5020.0,5020.0,2331536
2020-04-09,5520.0,5520.0,4970.0,4970.0,4970.0,4068966
2020-04-10,4720.0,5020.0,4720.0,4930.0,4930.0,2517477
2020-04-13,4450.0,5070.0,4450.0,4970.0,4970.0,1926793
2020-04-14,4970.0,5020.0,4890.0,4970.0,4970.0,3167293
2020-04-15,4970.0,5140.0,4970.0,5020.0,5020.0,3686239
2020-04-16,5020.0,5070.0,5010.0,5070.0,5070.0,1895213
2020-04-17,5100.0,5250.0,5100.0,5230.0,5230.0,4809341
2020-04-20,5270.0,5270.0,5120.0,5140.0,5140.0,3064104
2020-04-21,5120.0,5120.0,4890.0,4930.0,4930.0,6015799
2020-04-22,4930.0,5070.0,4820.0,5070.0,5070.0,2637424
2020-04-23,5100.0,5170.0,5050.0,5050.0,5050.0,2076603
2020-04-24,5020.0,5070.0,4850.0,5050.0,5050.0,1264729
2020-04-27,5050.0,5120.0,4970.0,5010.0,5010.0,1806851
2020-04-28,5010.0,5070.0,4970.0,5050.0,5050.0,1246915
2020-04-29,5050.0,5100.0,5020.0,5100.0,5100.0,1196049
2020-05-04,5100.0,5100.0,5010.0,5050.0,5050.0,1193939
2020-05-05,5020.0,5070.0,5020.0,5050.0,5050.0,1126770
2020-05-06,5070.0,5270.0,5020.0,5170.0,5170.0,4453036
2020-05-07,5200.0,5270.0,5170.0,5270.0,5270.0,2973997
2020-05-08,5300.0,5450.0,5230.0,5320.0,5320.0,5995918
2020-05-11,5450.0,5450.0,5320.0,5390.0,5390.0,4108808
2020-05-12,5390.0,5470.0,4880.0,5420.0,5420.0,4057939
2020-05-13,5470.0,5470.0,5350.0,5390.0,5390.0,3453900
2020-05-14,5390.0,5420.0,5230.0,5320.0,5320.0,3827622
2020-05-15,5350.0,5520.0,5230.0,5390.0,5390.0,6937907
2020-05-18,5450.0,5450.0,5320.0,5420.0,5420.0,2771622
2020-05-19,5470.0,5600.0,5470.0,5520.0,5520.0,5561531
2020-05-20,5500.0,5570.0,5470.0,5520.0,5520.0,3116422
2020-05-21,5520.0,5650.0,5450.0,5570.0,5570.0,4622625
2020-05-22,5600.0,5650.0,5540.0,5570.0,5570.0,4841440
2020-05-25,5600.0,5650.0,5540.0,5630.0,5630.0,3519682
2020-05-26,5600.0,5840.0,5600.0,5800.0,5800.0,5267006
2020-05-27,5840.0,5890.0,5670.0,5670.0,5670.0,6389497
2020-05-28,5670.0,5760.0,5670.0,5690.0,5690.0,3568932
2020-05-29,5690.0,5720.0,5650.0,5690.0,5690.0,2394358
2020-06-01,5720.0,6240.0,5690.0,6240.0,6240.0,13859688
2020-06-02,6340.0,6590.0,6170.0,6170.0,6170.0,10935462
2020-06-03,6170.0,6340.0,6170.0,6340.0,6340.0,3758964
2020-06-04,6370.0,6390.0,6270.0,6290.0,6290.0,5159832
2020-06-05,6320.0,6320.0,6190.0,6270.0,6270.0,4025847
2020-06-08,6270.0,6460.0,6270.0,6320.0,6320.0,6087882
2020-06-09,6340.0,6370.0,6270.0,6340.0,6340.0,3531851
2020-06-10,6340.0,6440.0,6270.0,6370.0,6370.0,6494275
2020-06-11,6370.0,6410.0,6070.0,6090.0,6090.0,9172138
2020-06-12,5970.0,6090.0,5820.0,6090.0,6090.0,6648375
2020-06-15,6140.0,6140.0,5760.0,5800.0,5800.0,5885937
2020-06-16,5880.0,6020.0,5880.0,5920.0,5920.0,4198360
2020-06-17,6040.0,6040.0,5840.0,5890.0,5890.0,1599340
2020-06-18,5890.0,5940.0,5820.0,5920.0,5920.0,1301526
2020-06-19,5920.0,6090.0,5920.0,6070.0,6070.0,2334941
2020-06-22,6070.0,6140.0,5970.0,6000.0,6000.0,2256643
2020-06-23,6020.0,6070.0,5940.0,5970.0,5970.0,3282364
2020-06-24,5970.0,6040.0,5890.0,5920.0,5920.0,3013466
2020-06-25,5890.0,5920.0,5840.0,5890.0,5890.0,2500893
2020-06-26,5920.0,5970.0,5880.0,5880.0,5880.0,1400341
2020-06-29,5880.0,5880.0,5650.0,5690.0,5690.0,4353272
2020-06-30,5720.0,5800.0,5570.0,5670.0,5670.0,3585625
2020-07-01,5670.0,5800.0,5670.0,5760.0,5760.0,1676001
2020-07-02,5760.0,5820.0,5720.0,5750.0,5750.0,1070089
2020-07-03,5760.0,5800.0,5720.0,5720.0,5720.0,1271360
2020-07-06,5720.0,5890.0,5720.0,5880.0,5880.0,3204367
2020-07-07,5890.0,5970.0,5890.0,5890.0,5890.0,2389942
2020-07-08,5880.0,5970.0,5880.0,5940.0,5940.0,1647694
2020-07-09,5940.0,6040.0,5940.0,6040.0,6040.0,2248695
2020-07-10,6040.0,6070.0,5920.0,5970.0,5970.0,2284971
2020-07-13,6000.0,6020.0,5920.0,5940.0,5940.0,1840084
2020-07-14,5940.0,6000.0,5890.0,5970.0,5970.0,1406915
2020-07-15,6020.0,6020.0,5970.0,5970.0,5970.0,1570073
2020-07-16,6020.0,6020.0,5940.0,5970.0,5970.0,903322
2020-07-17,6000.0,6220.0,5970.0,6170.0,6170.0,7890281
2020-07-20,6170.0,6190.0,6090.0,6090.0,6090.0,2622350
2020-07-21,6090.0,6120.0,6020.0,6120.0,6120.0,2194410
2020-07-22,6120.0,6170.0,6020.0,6070.0,6070.0,1726317
2020-07-23,6070.0,6070.0,5970.0,6020.0,6020.0,1955757
2020-07-24,6040.0,6040.0,5600.0,5760.0,5760.0,5532575
2020-07-27,5200.0,5690.0,5200.0,5420.0,5420.0,6240477
2020-07-28,5420.0,5690.0,5350.0,5690.0,5690.0,2598740
2020-07-29,5650.0,5670.0,5370.0,5520.0,5520.0,4929532
2020-07-30,5390.0,5630.0,5390.0,5630.0,5630.0,1914488
2020-07-31,5650.0,5650.0,5500.0,5600.0,5600.0,2220749
2020-08-03,5500.0,5760.0,5500.0,5760.0,5760.0,3044620
2020-08-04,5800.0,5940.0,5800.0,5890.0,5890.0,2907562
2020-08-05,5940.0,6070.0,5890.0,5970.0,5970.0,5472736
2020-08-06,6000.0,6000.0,5890.0,5920.0,5920.0,1874899
2020-08-07,5940.0,6000.0,5840.0,5890.0,5890.0,2150978
2020-08-10,5890.0,6000.0,5890.0,5920.0,5920.0,2576760
2020-08-11,5970.0,6320.0,5940.0,6320.0,6320.0,15333430
2020-08-12,6410.0,6440.0,6270.0,6320.0,6320.0,6091725
2020-08-13,6320.0,6370.0,6290.0,6340.0,6340.0,3803166
2020-08-14,6340.0,6340.0,6220.0,6290.0,6290.0,6682494
2020-08-17,6290.0,6410.0,6270.0,6410.0,6410.0,6222301
2020-08-18,6460.0,6490.0,6370.0,6370.0,6370.0,4710796
2020-08-19,6390.0,6410.0,6320.0,6370.0,6370.0,9263369
2020-08-20,6660.0,6850.0,6460.0,6720.0,6720.0,19475136
2020-08-21,6720.0,6850.0,6660.0,6850.0,6850.0,7392791
2020-08-24,6850.0,6940.0,6790.0,6790.0,6790.0,6821518
2020-08-25,6790.0,6850.0,6720.0,6820.0,6820.0,7801079
2020-08-26,6820.0,6890.0,6750.0,6850.0,6850.0,6018699
2020-08-27,6850.0,6940.0,6820.0,6940.0,6940.0,4863627
2020-08-28,6980.0,7050.0,6890.0,6920.0,6920.0,6947593
2020-08-31,6920.0,6940.0,6820.0,6850.0,6850.0,7008237
2020-09-01,6850.0,6890.0,6790.0,6820.0,6820.0,7822064
2020-09-03,6820.0,6920.0,6790.0,6850.0,6850.0,6080561
2020-09-04,6790.0,6850.0,6720.0,6820.0,6820.0,4665691
2020-09-07,6820.0,6850.0,6720.0,6720.0,6720.0,6067374
2020-09-08,6720.0,6750.0,6660.0,6660.0,6660.0,12273484
2020-09-09,6660.0,6750.0,6560.0,6750.0,6750.0,5021412
2020-09-10,6750.0,6850.0,6750.0,6750.0,6750.0,3249267
2020-09-11,6750.0,6790.0,6690.0,6720.0,6720.0,2350091
2020-09-14,6720.0,6890.0,6720.0,6850.0,6850.0,5275848
2020-09-15,6850.0,6920.0,6820.0,6890.0,6890.0,4632880
2020-09-16,6850.0,6890.0,6820.0,6850.0,6850.0,2194115
2020-09-17,6890.0,7050.0,6820.0,6940.0,6940.0,12323866
2020-09-18,6940.0,7010.0,6920.0,7010.0,7010.0,3280690
2020-09-21,7050.0,7200.0,6980.0,7120.0,7120.0,7244851
2020-09-22,7120.0,7200.0,7010.0,7200.0,7200.0,8818518
2020-09-23,7200.0,7380.0,7200.0,7280.0,7280.0,6511427
2020-09-24,7240.0,7310.0,7120.0,7170.0,7170.0,5599785
2020-09-25,7170.0,7240.0,7070.0,7170.0,7170.0,6416344
2020-09-28,7170.0,7380.0,7170.0,7310.0,7310.0,8207740
2020-09-29,7330.0,7380.0,7200.0,7240.0,7240.0,5923046
2020-09-30,7240.0,7280.0,7170.0,7280.0,7280.0,3624221
2020-10-01,7200.0,7380.0,7170.0,7280.0,7280.0,6510267
2020-10-02,7240.0,7590.0,7240.0,7440.0,7440.0,23518516
2020-10-05,7440.0,7620.0,7400.0,7620.0,7620.0,12891936
2020-10-06,7620.0,7810.0,7620.0,7760.0,7760.0,10977492
2020-10-07,7760.0,7790.0,7530.0,7560.0,7560.0,17695173
2020-10-08,7500.0,7650.0,7440.0,7500.0,7500.0,13901830
2020-10-09,7500.0,7690.0,7460.0,7590.0,7590.0,8725441
2020-10-12,7650.0,7690.0,7530.0,7530.0,7530.0,8648083
2020-10-13,7560.0,7560.0,7460.0,7560.0,7560.0,5325101
2020-10-14,7590.0,7790.0,7560.0,7760.0,7760.0,20294474
2020-10-15,7760.0,8020.0,7730.0,7920.0,7920.0,16349453
2020-10-16,7920.0,8080.0,7810.0,7990.0,7990.0,8719031
2020-10-19,8080.0,8300.0,8050.000000000001,8180.0,8180.0,14160428
2020-10-20,8210.0,8270.0,8080.0,8180.0,8180.0,11362976
2020-10-21,8210.0,8270.0,8140.000000000001,8140.000000000001,8140.000000000001,8869815
2020-10-22,8180.0,8410.0,8080.0,8270.0,8270.0,9447256
2020-10-23,8340.0,8370.0,8250.0,8270.0,8270.0,8028985
2020-10-26,8270.0,8340.0,8020.0,8020.0,8020.0,11665717
2020-10-27,7990.0,8050.000000000001,7880.0,7880.0,7880.0,11726997
2020-10-28,7880.0,7920.0,7650.0,7690.0,7690.0,14916975
2020-10-29,7620.0,7860.0,7500.0,7730.0,7730.0,8515433
2020-10-30,7790.0,7860.0,7690.0,7790.0,7790.0,4395888
2020-11-02,7810.0,7920.0,7760.0,7920.0,7920.0,3777582
2020-11-03,7920.0,8140.000000000001,7920.0,8080.0,8080.0,7708705
2020-11-04,8119.999999999999,8300.0,8119.999999999999,8250.0,8250.0,12607096
2020-11-05,8250.0,8300.0,8050.000000000001,8050.000000000001,8050.000000000001,8550742
2020-11-06,8050.000000000001,8119.999999999999,8020.0,8119.999999999999,8119.999999999999,3672492
2020-11-09,8119.999999999999,8250.0,8119.999999999999,8210.0,8210.0,5900784
2020-11-10,8300.0,8410.0,8180.0,8180.0,8180.0,8857665
2020-11-11,8180.0,8250.0,8140.000000000001,8210.0,8210.0,4528033
2020-11-12,8210.0,8530.0,8210.0,8530.0,8530.0,18955350
2020-11-13,8530.0,8630.0,8500.0,8560.0,8560.0,6230740
2020-11-16,8560.0,8670.0,8470.0,8470.0,8470.0,8984187
2020-11-17,8470.0,8790.0,8470.0,8790.0,8790.0,16779929
2020-11-18,8790.0,8950.0,8690.0,8790.0,8790.0,7925873
2020-11-19,8820.0,8880.0,8730.0,8790.0,8790.0,6416782
2020-11-20,8820.0,8860.0,8670.0,8820.0,8820.0,9596358
2020-11-23,8880.0,8880.0,8730.0,8820.0,8820.0,10893510
2020-11-24,8820.0,8990.0,8750.0,8820.0,8820.0,10360554
2020-11-25,8820.0,8920.0,8750.0,8820.0,8820.0,6488827
2020-11-26,8820.0,8950.0,8730.0,8860.0,8860.0,10037160
2020-11-27,8880.0,8920.0,8790.0,8790.0,8790.0,5465478
2020-11-30,8860.0,8860.0,8730.0,8790.0,8790.0,8943902
2020-12-01,8790.0,8820.0,8670.0,8820.0,8820.0,9249711
2020-12-09,9080.0,9350.0,8990.0,9230.0,9230.0,24200930
2020-12-10,9310.0,9310.0,9010.0,9040.0,9040.0,9233750
2020-12-11,9080.0,9120.0,8990.0,9120.0,9120.0,4459820
2020-12-14,9150.0,9210.0,9080.0,9120.0,9120.0,7325960
2020-12-15,9120.0,9120.0,9010.0,9050.0,9050.0,7305490
2020-12-16,9050.0,9190.0,9050.0,9120.0,9120.0,10461450
2020-12-17,9080.0,9320.0,9060.0,9150.0,9150.0,13567290
2020-12-18,9190.0,9250.0,9150.0,9180.0,9180.0,11693630
2020-12-21,9210.0,9470.0,9170.0,9350.0,9350.0,22481640
2020-12-22,9350.0,9370.0,9240.0,9290.0,9290.0,7573290
2020-12-23,9310.0,9320.0,9050.0,9080.0,9080.0,11216860
2020-12-24,9080.0,9150.0,8560.0,8820.0,8820.0,15831250
2020-12-25,8820.0,9050.0,8790.0,9040.0,9040.0,9194080
2020-12-28,9150.0,9150.0,8940.0,8990.0,8990.0,6223680
2020-12-29,8990.0,9040.0,8920.0,8950.0,8950.0,6501920
2020-12-30,8970.0,9120.0,8970.0,8990.0,8990.0,6741290
2020-12-31,9010.0,9150.0,9000.0,9080.0,9080.0,6774680
2021-01-04,9230.0,9320.0,9210.0,9250.0,9250.0,10776300
2021-01-05,9240.0,9560.0,9150.0,9490.0,9490.0,18693900
2021-01-06,9600.0,9890.0,9470.0,9660.0,9660.0,15883900
2021-01-07,9660.0,9690.0,9560.0,9660.0,9660.0,11636100
2021-01-08,9680.0,9830.0,9630.0,9760.0,9760.0,15519300
2021-01-11,9860.0,9990.0,9740.0,9800.0,9800.0,9821800
2021-01-12,9770.0,9800.0,9680.0,9740.0,9740.0,9277600
2021-01-13,9800.0,9800.0,9600.0,9650.0,9650.0,9915300
2021-01-14,9660.0,9660.0,9430.0,9650.0,9650.0,8491200
2021-01-15,9690.0,9830.0,9680.0,9770.0,9770.0,8184100
2021-01-18,9800.0,9860.0,9660.0,9680.0,9680.0,8419100
2021-01-19,9630.0,9660.0,9010.0,9010.0,9010.0,13077400
2021-01-20,9050.0,9150.0,8500.0,9150.0,9150.0,12323000
2021-01-21,9310.0,9400.0,9170.0,9350.0,9350.0,6535000
2021-01-22,9350.0,9400.0,9210.0,9250.0,9250.0,5438100
2021-01-25,9150.0,9210.0,9060.0,9080.0,9080.0,7683600
2021-01-26,9060.0,9250.0,8880.0,8990.0,8990.0,8096200
2021-01-27,8990.0,9170.0,8790.0,8880.0,8880.0,6387700
2021-01-28,8410.0,8630.0,8270.0,8270.0,8270.0,15154800
2021-01-29,7920.0,8690.0,7920.0,8670.0,8670.0,7621200
2021-02-01,8670.0,8860.0,8500.0,8610.0,8610.0,7528200
2021-02-02,8610.0,8860.0,8510.0,8840.0,8840.0,6544600
2021-02-03,8840.0,9120.0,8790.0,9080.0,9080.0,7054500
2021-02-04,9080.0,9120.0,8990.0,9120.0,9120.0,4250800
2021-02-05,9120.0,9250.0,9090.0,9210.0,9210.0,5610600
2021-02-08,9210.0,9290.0,8790.0,8880.0,8880.0,5755400
2021-02-09,8880.0,9230.0,8820.0,9230.0,9230.0,5954800
2021-02-17,9310.0,9530.0,9280.0,9500.0,9500.0,6855800
2021-02-18,9500.0,9520.0,9310.0,9430.0,9430.0,5547900
2021-02-19,9370.0,10070.0,9350.0,10050.0,10050.0,31184200
2021-02-22,10180.0,10410.0,10050.0,10220.0,10220.0,12587300
2021-02-23,10300.0,10420.0,10170.0,10240.0,10240.0,13951000
2021-02-24,10230.0,10300.0,10010.0,10080.0,10080.0,18685200
2021-02-25,10180.0,10490.0,10050.0,10480.0,10480.0,15014200
2021-02-26,10300.0,10790.0,10300.0,10680.0,10680.0,13071400
2021-03-01,10790.0,10810.0,10630.0,10740.0,10740.0,8464900
2021-03-02,10790.0,10810.0,10600.0,10660.0,10660.0,9574100
2021-03-03,10630.0,10810.0,10570.0,10740.0,10740.0,9072300
2021-03-04,10790.0,10790.0,10360.0,10480.0,10480.0,9814000
2021-03-05,10370.0,10530.0,10220.0,10490.0,10490.0,10157000
2021-03-08,10500.0,10570.0,10200.0,10280.0,10280.0,16047000
2021-03-09,10180.0,10440.0,10050.0,10360.0,10360.0,8819900
2021-03-10,10370.0,10730.0,10300.0,10580.0,10580.0,12152700
2021-03-11,10660.0,10700.0,10580.0,10660.0,10660.0,7124300
2021-03-12,10660.0,10680.0,10550.0,10650.0,10650.0,5195500
2021-03-15,10660.0,10940.0,10530.0,10830.0,10830.0,18052500
2021-03-16,10790.0,10890.0,10680.0,10810.0,10810.0,6112900
2021-03-17,10810.0,10840.0,10730.0,10830.0,10830.0,6246400
2021-03-18,10960.0,11060.0,10830.0,10970.0,10970.0,10281900
2021-03-19,10970.0,11050.0,10890.0,10920.0,10920.0,7108900
2021-03-22,11010.0,11020.0,10790.0,10790.0,10790.0,8706000
2021-03-23,10840.0,10840.0,10600.0,10660.0,10660.0,10347000
2021-03-24,10480.0,10580.0,10360.0,10490.0,10490.0,9941600
2021-03-25,10490.0,10530.0,10300.0,10360.0,10360.0,8322000
2021-03-26,10340.0,10490.0,10130.0,10490.0,10490.0,7931700
2021-03-29,10630.0,10700.0,10480.0,10660.0,10660.0,6981300
2021-03-30,10700.0,10830.0,10580.0,10760.0,10760.0,8053200
2021-03-31,10830.0,10920.0,10740.0,10760.0,10760.0,4986100
2021-04-01,10810.0,10940.0,10760.0,10940.0,10940.0,10439300
2021-04-02,11050.0,11310.0,10990.0,11200.0,11200.0,13979400
2021-04-05,11410.0,11410.0,11180.0,11230.0,11230.0,7433500
2021-04-06,11210.0,11300.0,11040.0,11230.0,11230.0,7565000
2021-04-07,11150.0,11210.0,11100.0,11120.0,11120.0,6400900
2021-04-08,11100.0,11210.0,11050.0,11120.0,11120.0,4687900
2021-04-09,11100.0,11180.0,11050.0,11120.0,11120.0,5401500
2021-04-12,11180.0,11370.0,11130.0,11360.0,11360.0,12513500
2021-04-13,11430.0,11470.0,11120.0,11180.0,11180.0,8736000
2021-04-14,11100.0,11230.0,11040.0,11180.0,11180.0,5073300
2021-04-15,11200.0,11210.0,10920.0,10940.0,10940.0,9686700
2021-04-16,10920.0,11010.0,10570.0,10700.0,10700.0,8403400
2021-04-19,10830.0,10900.0,10600.0,10890.0,10890.0,4291900
2021-04-20,10990.0,11120.0,10730.0,10860.0,10860.0,7166900
2021-04-22,10790.0,10860.0,10500.0,10500.0,10500.0,7843500
2021-04-23,10480.0,10810.0,10370.0,10790.0,10790.0,6687700
2021-04-26,10790.0,10790.0,10530.0,10760.0,10760.0,7119100
2021-04-27,10660.0,10990.0,10550.0,10990.0,10990.0,6393000
2021-04-28,10830.0,11100.0,10790.0,10920.0,10920.0,5675200
2021-04-29,10920.0,11200.0,10860.0,11200.0,11200.0,16646300
2021-05-04,10990.0,11230.0,10830.0,11130.0,11130.0,9333200
2021-05-05,11180.0,11580.0,11180.0,11410.0,11410.0,17558400
2021-05-06,11410.0,11430.0,11200.0,11240.0,11240.0,7783800
2021-05-07,11150.0,11440.0,11150.0,11370.0,11370.0,12059100
2021-05-10,11370.0,11750.0,11370.0,11700.0,11700.0,13491300
2021-05-11,11760.0,11760.0,11580.0,11580.0,11580.0,9777000
2021-05-12,11490.0,11680.0,11440.0,11680.0,11680.0,8991300
2021-05-13,11540.0,11940.0,11540.0,11700.0,11700.0,11724300
2021-05-14,11760.0,11860.0,11660.0,11780.0,11780.0,6118400
2021-05-17,11960.0,12020.0,11780.0,11810.0,11810.0,9278700
2021-05-18,11830.0,11830.0,11610.0,11710.0,11710.0,7881100
2021-05-19,11700.0,11860.0,11610.0,11830.0,11830.0,8143500
2021-05-20,11830.0,12110.0,11830.0,12090.0,12090.0,12263200
2021-05-21,12090.0,12370.0,12050.0,12110.0,12110.0,9146500
2021-05-24,12230.0,12230.0,12040.0,12110.0,12110.0,7546600
2021-05-25,12110.0,12360.0,12050.0,12280.0,12280.0,8757400
2021-05-26,12290.0,12490.0,12290.0,12420.0,12420.0,9976000
2021-05-27,12440.0,12660.0,12250.0,12350.0,12350.0,9551700
2021-05-28,12350.0,12570.0,12290.0,12570.0,12570.0,9416000
2021-05-31,12760.0,13400.0,12600.0,13380.0,13380.0,16030300
2021-06-01,13730.0,13860.0,13580.0,13600.0,13600.0,11159800
2021-06-02,13790.0,14420.0,13730.0,14420.0,14420.0,16009600
2021-06-03,14960.0,14960.0,14420.0,14830.0,14830.0,12265700
2021-06-04,14540.0,14830.0,14540.0,14640.0,14640.0,9488100
2021-06-07,14510.0,14510.0,13660.0,13900.0,13900.0,18505000
2021-06-08,13750.0,14030.0,12980.0,12980.0,12980.0,14322800
2021-06-09,12980.0,13770.0,12930.0,13720.0,13720.0,12565100
2021-06-10,13940.0,14280.0,13780.0,13780.0,13780.0,14000300
2021-06-11,13900.0,14190.0,13660.0,14000.0,14000.0,9532300
2021-06-14,14000.0,14100.0,13680.0,13780.0,13780.0,10946100
2021-06-15,13780.0,14630.0,13540.0,14280.0,14280.0,18178200
2021-06-16,14280.0,14330.0,13940.0,14030.0,14030.0,8211200
2021-06-17,13730.0,14150.0,13620.0,14100.0,14100.0,6392600
2021-06-18,14220.0,14340.0,14100.0,14150.0,14150.0,9215200
2021-06-21,14100.0,14220.0,14000.0,14040.0,14040.0,5447600
2021-06-22,14220.0,14550.0,14080.0,14410.0,14410.0,14872000
2021-06-23,14510.0,14710.0,14420.0,14470.0,14470.0,10244600
2021-06-24,14550.0,14720.0,14380.0,14630.0,14630.0,11494200
2021-06-25,14630.0,14790.0,14570.0,14680.0,14680.0,7934000
2021-06-28,14830.0,14870.0,14670.0,14830.0,14830.0,7937700
2021-06-29,14910.0,14930.0,14720.0,14720.0,14720.0,6677700
2021-06-30,14710.0,14750.0,14380.0,14420.0,14420.0,9628000
2021-07-01,14370.0,14630.0,14190.0,14530.0,14530.0,10393200
2021-07-02,14670.0,14710.0,14550.0,14590.0,14590.0,6407100
2021-07-05,14670.0,15400.0,14510.0,15340.0,15340.0,16668600
2021-07-06,15350.0,15430.0,14550.0,14550.0,14550.0,7653200
2021-07-07,14550.0,14910.0,14190.0,14780.0,14780.0,10121600
2021-07-08,14780.0,15030.0,14550.0,14630.0,14630.0,7351900
2021-07-09,14550.0,14790.0,13730.0,14220.0,14220.0,11315400
2021-07-12,13940.0,14040.0,13240.0,13240.0,13240.0,18353700
2021-07-13,13460.0,13460.0,13050.0,13290.0,13290.0,6672200
2021-07-14,13290.0,13330.0,12560.0,12830.0,12830.0,10810500
2021-07-15,12680.0,13320.0,12670.0,13240.0,13240.0,5095200
2021-07-16,13400.0,13580.0,13250.0,13580.0,13580.0,5918700
2021-07-19,13290.0,13400.0,12910.0,12980.0,12980.0,10019200
2021-07-20,13130.0,13700.0,12930.0,13700.0,13700.0,8563400
2021-07-21,13760.0,13940.0,13630.0,13660.0,13660.0,8179300
2021-07-22,13660.0,13900.0,13410.0,13780.0,13780.0,7161900
2021-07-23,13700.0,13800.0,13330.0,13330.0,13330.0,7371300
2021-07-26,13170.0,13370.0,12950.0,13210.0,13210.0,7527900
2021-07-27,13360.0,13540.0,13330.0,13400.0,13400.0,5634700
2021-07-28,13410.0,13580.0,13360.0,13400.0,13400.0,4846400
2021-07-29,13510.0,13810.0,13460.0,13800.0,13800.0,7638000
2021-07-30,13850.0,14600.0,13850.0,14600.0,14600.0,35156000
2021-08-02,14340.0,14550.0,14280.0,14370.0,14370.0,8554700
2021-08-03,14330.0,14470.0,14150.0,14470.0,14470.0,8766300
2021-08-04,14550.0,14550.0,14270.0,14340.0,14340.0,8466500
2021-08-05,14280.0,14590.0,14270.0,14550.0,14550.0,13787200
2021-08-06,14590.0,14600.0,14330.0,14370.0,14370.0,8620800
2021-08-09,14300.0,14900.0,14210.0,14750.0,14750.0,19240200
2021-08-10,14870.0,14900.0,14630.0,14750.0,14750.0,10457700
2021-08-11,14750.0,14850.0,14550.0,14550.0,14550.0,16492300
2021-08-12,14470.0,14550.0,14270.0,14270.0,14270.0,12147100
2021-08-13,14220.0,14330.0,13850.0,14280.0,14280.0,15125200
2021-08-16,14280.0,14550.0,14070.0,14420.0,14420.0,12056700
2021-08-17,14550.0,14630.0,14300.0,14380.0,14380.0,8743100
2021-08-18,14330.0,14470.0,14270.0,14370.0,14370.0,7096100
2021-08-19,14340.0,14370.0,14120.0,14270.0,14270.0,9370500
2021-08-20,14270.0,14280.0,13360.0,13580.0,13580.0,20952900
2021-08-23,13540.0,13580.0,12930.0,12930.0,12930.0,15602700
2021-08-24,12930.0,13130.0,12800.0,13050.0,13050.0,9084200
2021-08-25,13020.0,13130.0,12890.0,13110.0,13110.0,4865700
2021-08-26,13160.0,13170.0,12850.0,12910.0,12910.0,4944800
2021-08-27,12800.0,12860.0,12450.0,12830.0,12830.0,8069600
2021-08-30,12850.0,13100.0,12770.0,12980.0,12980.0,8029600
2021-08-31,13130.0,13170.0,12930.0,12930.0,12930.0,5528600
2021-09-01,12930.0,13240.0,12910.0,12930.0,12930.0,8715300
2021-09-06,13020.0,13050.0,12910.0,12950.0,12950.0,7381200
2021-09-07,13100.0,13240.0,13020.0,13130.0,13130.0,7963700
2021-09-08,13130.0,13240.0,12980.0,12980.0,12980.0,4752900
2021-09-09,12930.0,13110.0,12910.0,13110.0,13110.0,3431900
2021-09-10,13130.0,13160.0,13030.0,13050.0,13050.0,4101100
2021-09-13,13050.0,13050.0,12890.0,12890.0,12890.0,5199800
2021-09-14,12860.0,12930.0,12730.0,12730.0,12730.0,4511400
2021-09-15,12730.0,12730.0,12590.0,12600.0,12600.0,4979200
2021-09-16,12630.0,12750.0,12600.0,12650.0,12650.0,3455500
2021-09-17,12770.0,12850.0,12670.0,12770.0,12770.0,4572300
2021-09-20,12930.0,13050.0,12860.0,12980.0,12980.0,6387800
2021-09-21,12850.0,12930.0,12720.0,12850.0,12850.0,3882100
2021-09-22,12850.0,12930.0,12770.0,12770.0,12770.0,2681700
2021-09-23,12800.0,12850.0,12730.0,12770.0,12770.0,4210800
2021-09-24,12850.0,12980.0,12770.0,12930.0,12930.0,6688700
2021-09-27,13020.0,13100.0,12730.0,12730.0,12730.0,4801300
2021-09-28,12730.0,12830.0,12680.0,12770.0,12770.0,2517400
2021-09-29,12770.0,12800.0,12590.0,12670.0,12670.0,3615100
2021-09-30,12670.0,12770.0,12650.0,12750.0,12750.0,4394800
2021-10-01,12730.0,12750.0,12560.0,12730.0,12730.0,6441900
2021-10-04,12650.0,12680.0,12360.0,12530.0,12530.0,5659000
2021-10-05,12530.0,12730.0,12530.0,12730.0,12730.0,2912300
2021-10-06,12750.0,12790.0,12560.0,12670.0,12670.0,3321300
2021-10-07,12730.0,12730.0,12600.0,12600.0,12600.0,2161800
2021-10-08,12680.0,12750.0,12630.0,12720.0,12720.0,3480900
2021-10-11,12770.0,13170.0,12770.0,13170.0,13170.0,6684100
2021-10-12,13290.0,13290.0,13100.0,13170.0,13170.0,3385300
2021-10-13,13170.0,13290.0,13130.0,13170.0,13170.0,3709300
2021-10-14,13170.0,13210.0,13020.0,13050.0,13050.0,4521600
2021-10-15,13130.0,13160.0,12980.0,13020.0,13020.0,2976800
2021-10-18,13070.0,13170.0,12930.0,12930.0,12930.0,4543400
2021-10-19,13100.0,13100.0,12890.0,13050.0,13050.0,3615400
2021-10-20,13050.0,13200.0,12850.0,13050.0,13050.0,3846400
2021-10-21,13050.0,13050.0,12830.0,12830.0,12830.0,4132200
2021-10-22,12890.0,12910.0,12720.0,12770.0,12770.0,3827100
2021-10-25,12800.0,12800.0,12560.0,12630.0,12630.0,5200400
2021-10-26,12630.0,12630.0,12450.0,12560.0,12560.0,5259100
2021-10-27,12590.0,12850.0,12590.0,12680.0,12680.0,5828100
2021-10-28,12790.0,12860.0,12730.0,12860.0,12860.0,4649100
2021-10-29,12860.0,13330.0,12830.0,13330.0,13330.0,13597100
2021-11-01,13250.0,13290.0,13100.0,13210.0,13210.0,5293300
2021-11-02,13210.0,13400.0,13160.0,13400.0,13400.0,7009200
2021-11-03,13460.0,13780.0,13430.0,13680.0,13680.0,13060100
2021-11-04,13760.0,13760.0,13510.0,13540.0,13540.0,4197400
2021-11-05,13660.0,13660.0,13460.0,13540.0,13540.0,3967400
2021-11-08,13540.0,13600.0,13410.0,13500.0,13500.0,5385300
2021-11-09,13500.0,13660.0,13480.0,13510.0,13510.0,5047900
2021-11-10,13540.0,13550.0,13400.0,13500.0,13500.0,4367400
2021-11-11,13460.0,13550.0,13130.0,13330.0,13330.0,7129400
2021-11-12,13330.0,13480.0,13200.0,13480.0,13480.0,4376100
2021-11-15,13500.0,13580.0,13430.0,13500.0,13500.0,4878900
2021-11-16,13480.0,13500.0,13250.0,13400.0,13400.0,5211500
2021-11-17,13400.0,13540.0,13250.0,13460.0,13460.0,4360500
2021-11-18,13540.0,13540.0,13130.0,13130.0,13130.0,5497600
2021-11-19,13210.0,13700.0,13160.0,13510.0,13510.0,9794000
2021-11-22,13540.0,14070.0,13330.0,13800.0,13800.0,9151000
2021-11-23,13850.0,13850.0,13620.0,13720.0,13720.0,3839600
2021-11-24,13700.0,14330.0,13630.0,14280.0,14280.0,14295800
2021-11-25,14340.0,14370.0,14120.0,14210.0,14210.0,7083400
2021-11-26,14210.0,14270.0,13980.0,13980.0,13980.0,6209000
2021-11-29,13660.0,13850.0,13660.0,13800.0,13800.0,6095500
2021-11-30,13900.0,13940.0,13410.0,13460.0,13460.0,6145400
2021-12-01,13370.0,13540.0,13360.0,13540.0,13540.0,3620400
2021-12-02,13580.0,13580.0,13410.0,13410.0,13410.0,2645000
2021-12-03,13500.0,13550.0,13160.0,13160.0,13160.0,4916300
2021-12-06,13050.0,13250.0,12790.0,13050.0,13050.0,6499000
2021-12-07,13130.0,13320.0,12980.0,13320.0,13320.0,2827600
2021-12-08,13200.0,13500.0,13160.0,13370.0,13370.0,2900500
2021-12-09,13330.0,13460.0,13250.0,13460.0,13460.0,2156000
2021-12-10,13410.0,13580.0,13370.0,13500.0,13500.0,4730500
2021-12-13,13550.0,13660.0,13460.0,13500.0,13500.0,3012700
2021-12-14,13460.0,13540.0,13370.0,13460.0,13460.0,2128100
2021-12-15,13370.0,13550.0,13360.0,13500.0,13500.0,2122900
2021-12-16,13540.0,13550.0,13330.0,13330.0,13330.0,2305800
2021-12-17,13400.0,13460.0,13360.0,13410.0,13410.0,2403500
2021-12-20,13410.0,13460.0,13280.0,13370.0,13370.0,3296100
2021-12-21,13320.0,13320.0,13250.0,13250.0,13250.0,2420400
2021-12-22,13200.0,13320.0,13200.0,13210.0,13210.0,3385200
2021-12-23,13170.0,13200.0,12930.0,13130.0,13130.0,4135300
2021-12-24,13130.0,13400.0,13020.0,13330.0,13330.0,4372600
2021-12-27,13460.0,13460.0,13290.0,13400.0,13400.0,2459500
2021-12-28,13400.0,13630.0,13360.0,13600.0,13600.0,3477400
2021-12-29,13680.0,13810.0,13620.0,13660.0,13660.0,3817200
2021-12-30,13620.0,13730.0,13540.0,13700.0,13700.0,1819600
2021-12-31,13730.0,13970.0,13730.0,13940.0,13940.0,5651800
2022-01-04,14070.0,14070.0,13850.0,13900.0,13900.0,4555000
2022-01-05,13880.0,13880.0,13600.0,13620.0,13620.0,5934500
2022-01-06,13540.0,13730.0,13370.0,13630.0,13630.0,5673600
2022-01-07,13700.0,13720.0,13460.0,13460.0,13460.0,3323800
2022-01-10,13330.0,13500.0,13320.0,13360.0,13360.0,5171800
2022-01-11,13330.0,13360.0,13210.0,13240.0,13240.0,6395100
2022-01-12,13210.0,13550.0,13160.0,13370.0,13370.0,7789000
2022-01-13,13600.0,13850.0,13400.0,13480.0,13480.0,6511900
2022-01-14,13480.0,13510.0,13330.0,13360.0,13360.0,1941100
2022-01-17,13370.0,13600.0,13240.0,13240.0,13240.0,7284700
2022-01-18,13240.0,13360.0,13050.0,13250.0,13250.0,4272600
2022-01-19,13250.0,13460.0,13250.0,13330.0,13330.0,2104000
2022-01-20,13330.0,13400.0,13210.0,13320.0,13320.0,3415900
2022-01-21,13320.0,13730.0,13290.0,13510.0,13510.0,4404000
2022-01-24,13540.0,14100.0,13540.0,13880.0,13880.0,13184600
2022-01-25,13880.0,14160.0,13880.0,14080.0,14080.0,4282700
2022-01-26,14150.0,14530.0,14150.0,14330.0,14330.0,8494500
2022-01-27,14300.0,14300.0,13970.0,14100.0,14100.0,6064400
2022-01-28,14100.0,14150.0,13900.0,13970.0,13970.0,10258100
2022-02-07,14150.0,14210.0,14000.0,14030.0,14030.0,4548000
2022-02-08,14030.0,14550.0,14030.0,14450.0,14450.0,32461200
2022-02-09,14510.0,14530.0,14340.0,14380.0,14380.0,10149700
2022-02-10,14380.0,14470.0,14280.0,14370.0,14370.0,7632500
2022-02-11,14270.0,14680.0,14250.0,14420.0,14420.0,9575200
2022-02-14,14300.0,14380.0,13730.0,13730.0,13730.0,13153200
2022-02-15,13760.0,13940.0,13730.0,13940.0,13940.0,6631900
2022-02-16,14030.0,14030.0,13730.0,13810.0,13810.0,5099500
2022-02-17,13800.0,13920.0,13780.0,13850.0,13850.0,3913100
2022-02-18,13780.0,13850.0,13620.0,13680.0,13680.0,7318400
2022-02-21,13700.0,13900.0,13550.0,13900.0,13900.0,7285100
2022-02-22,13730.0,14030.0,13580.0,14030.0,14030.0,8094700
2022-02-23,14070.0,14190.0,13980.0,13980.0,13980.0,5857600
2022-02-24,13880.0,13980.0,13510.0,13920.0,13920.0,8892700
2022-02-25,13940.0,14040.0,13850.0,13880.0,13880.0,5508400
2022-02-28,13850.0,13880.0,13700.0,13700.0,13700.0,3857100
2022-03-01,13730.0,13730.0,13550.0,13680.0,13680.0,5610900
2022-03-02,13620.0,13730.0,13290.0,13290.0,13290.0,13881600
2022-03-03,13330.0,13510.0,13290.0,13510.0,13510.0,8167100
2022-03-04,13500.0,13850.0,13330.0,13850.0,13850.0,6925100
2022-03-07,13540.0,13660.0,13400.0,13430.0,13430.0,4687100
2022-03-08,13330.0,13410.0,13160.0,13170.0,13170.0,7221800
2022-03-09,13240.0,13320.0,13100.0,13210.0,13210.0,4172000
2022-03-10,13330.0,13500.0,13290.0,13290.0,13290.0,2199800
2022-03-11,13250.0,13320.0,13170.0,13210.0,13210.0,2714900
2022-03-14,13130.0,13250.0,13110.0,13210.0,13210.0,2724900
2022-03-15,13250.0,13400.0,13210.0,13250.0,13250.0,2750200
2022-03-16,13290.0,13360.0,13200.0,13250.0,13250.0,3294200
2022-03-17,13400.0,13410.0,13280.0,13330.0,13330.0,2241200
2022-03-18,13330.0,13370.0,13250.0,13250.0,13250.0,2597000
2022-03-21,13290.0,13330.0,13210.0,13320.0,13320.0,3302500
2022-03-22,13330.0,13500.0,13330.0,13460.0,13460.0,3324000
2022-03-23,13410.0,13500.0,13400.0,13410.0,13410.0,2060000
2022-03-24,13360.0,13410.0,13280.0,13290.0,13290.0,2873100
2022-03-25,13290.0,13400.0,13210.0,13210.0,13210.0,3337700
2022-03-28,13210.0,13250.0,13050.0,13070.0,13070.0,4875800
2022-03-29,13110.0,13200.0,13050.0,13070.0,13070.0,3592800
2022-03-30,13100.0,13290.0,13050.0,13170.0,13170.0,4154500
2022-03-31,13210.0,13410.0,13170.0,13360.0,13360.0,5523400
2022-04-01,13360.0,13500.0,13330.0,13500.0,13500.0,5865500
2022-04-04,13580.0,13620.0,13500.0,13540.0,13540.0,4794400
2022-04-05,13500.0,13500.0,13320.0,13330.0,13330.0,4508400
2022-04-06,13280.0,13460.0,13240.0,13410.0,13410.0,4156600
2022-04-07,13500.0,13800.0,13430.0,13580.0,13580.0,9648900
2022-04-08,13620.0,13730.0,13600.0,13680.0,13680.0,8904400
2022-04-12,13680.0,13680.0,13480.0,13510.0,13510.0,4923200
2022-04-13,13540.0,13680.0,13460.0,13600.0,13600.0,5053900
2022-04-14,13600.0,13800.0,13580.0,13660.0,13660.0,4900700
2022-04-15,13660.0,13730.0,13510.0,13550.0,13550.0,5388100
2022-04-18,13540.0,13580.0,13250.0,13250.0,13250.0,5946400
2022-04-19,13170.0,13250.0,12770.0,12790.0,12790.0,5244400
2022-04-20,12800.0,13020.0,12790.0,12890.0,12890.0,4490500
2022-04-21,12930.0,13130.0,12730.0,12730.0,12730.0,5899800
2022-04-22,12800.0,13170.0,12800.0,13050.0,13050.0,5184700
2022-04-25,13050.0,13110.0,12320.0,12320.0,12320.0,8242600
2022-04-26,12320.0,12630.0,12120.0,12490.0,12490.0,6106000
2022-04-27,12240.0,12600.0,12240.0,12490.0,12490.0,2831800
2022-04-28,12360.0,12600.0,12360.0,12530.0,12530.0,1503700
2022-04-29,12530.0,13210.0,12420.0,13210.0,13210.0,4640900
2022-05-04,13030.0,13130.0,12830.0,12830.0,12830.0,2060200
2022-05-05,13050.0,13050.0,12650.0,12800.0,12800.0,3209000
2022-05-06,12600.0,12850.0,12470.0,12530.0,12530.0,1920300
2022-05-09,12530.0,12530.0,12000.0,12360.0,12360.0,5176200
2022-05-10,12240.0,12530.0,12080.0,12450.0,12450.0,3850100
2022-05-11,12450.0,12770.0,12360.0,12770.0,12770.0,2319300
2022-05-12,12410.0,12630.0,11920.0,11920.0,11920.0,3128000
2022-05-13,12080.0,12240.0,11110.0,11110.0,11110.0,6142600
2022-05-16,11170.0,11600.0,11110.0,11150.0,11150.0,5137600
2022-05-17,11150.0,11860.0,11110.0,11820.0,11820.0,2617900
2022-05-18,12000.0,12020.0,11640.0,11700.0,11700.0,3521100
2022-05-19,11480.0,11720.0,11360.0,11550.0,11550.0,1856400
2022-05-20,11550.0,11840.0,11550.0,11730.0,11730.0,1936000
2022-05-23,11760.0,11840.0,11430.0,11490.0,11490.0,1187500
2022-05-24,11640.0,11640.0,11370.0,11640.0,11640.0,1574100
2022-05-25,11640.0,12120.0,11640.0,12120.0,12120.0,3815600
2022-05-26,12290.0,12320.0,12120.0,12260.0,12260.0,2690700
2022-05-27,12450.0,12850.0,12360.0,12850.0,12850.0,4910800
2022-05-30,12930.0,12930.0,12730.0,12910.0,12910.0,2244200
2022-05-31,12800.0,12850.0,12730.0,12750.0,12750.0,2348500
2022-06-01,12850.0,12850.0,12560.0,12560.0,12560.0,3523400
2022-06-02,12930.0,13110.0,12800.0,12800.0,12800.0,3745600
2022-06-03,12880.0,12930.0,12580.0,12780.0,12780.0,1409500
2022-06-06,12780.0,12910.0,12730.0,12780.0,12780.0,1698800
2022-06-07,12780.0,12780.0,12280.0,12600.0,12600.0,2255000
2022-06-08,12580.0,12980.0,12450.0,12980.0,12980.0,4494800
2022-06-09,13030.0,13090.0,12660.0,13010.0,13010.0,3388400
2022-06-10,12730.0,13030.0,12710.0,12730.0,12730.0,2278300
2022-06-13,12630.0,12630.0,12020.0,12070.0,12070.0,3830300
2022-06-14,12070.0,12350.0,11870.0,12170.0,12170.0,2049600
2022-06-15,12350.0,12370.0,11670.0,11920.0,11920.0,3633100
2022-06-16,11920.0,12170.0,11920.0,12170.0,12170.0,1925600
2022-06-17,11870.0,12040.0,11550.0,11670.0,11670.0,3160900
2022-06-20,11670.0,11870.0,11520.0,11570.0,11570.0,3956000
2022-06-21,11360.0,11720.0,11360.0,11620.0,11620.0,2676500
2022-06-22,11720.0,12070.0,11720.0,12000.0,12000.0,2532000
2022-06-23,11820.0,12040.0,11640.0,12000.0,12000.0,2140900
2022-06-24,11970.0,12120.0,11870.0,12020.0,12020.0,1588100
2022-06-27,12020.0,12190.0,11950.0,12110.0,12110.0,2447600
2022-06-28,12020.0,12530.0,11970.0,12370.0,12370.0,2995800
2022-06-29,12230.0,12370.0,12120.0,12230.0,12230.0,1960600
2022-06-30,12370.0,12370.0,12110.0,12120.0,12120.0,2088400
2022-07-01,12040.0,12150.0,11870.0,12150.0,12150.0,1851900
2022-07-04,12320.0,12370.0,12120.0,12250.0,12250.0,1823900
2022-07-05,12350.0,12420.0,12250.0,12350.0,12350.0,2991000
2022-07-06,12320.0,12370.0,11920.0,12230.0,12230.0,2017800
2022-07-07,12280.0,12370.0,12170.0,12190.0,12190.0,2496700
2022-07-08,12230.0,12320.0,12120.0,12120.0,12120.0,2016000
2022-07-11,12040.0,12120.0,11870.0,11870.0,11870.0,1634700
2022-07-12,11920.0,12120.0,11870.0,12120.0,12120.0,728100
2022-07-13,12120.0,12320.0,12020.0,12120.0,12120.0,2126200
2022-07-14,12020.0,12190.0,12020.0,12150.0,12150.0,1429400
2022-07-15,12250.0,12350.0,12120.0,12120.0,12120.0,2642300
2022-07-18,12170.0,12230.0,12070.0,12070.0,12070.0,2425000
2022-07-19,12070.0,12110.0,12020.0,12070.0,12070.0,1507000
2022-07-20,12170.0,12300.0,12070.0,12280.0,12280.0,3039300
2022-07-21,12280.0,12580.0,12230.0,12450.0,12450.0,4313000
2022-07-22,12450.0,12530.0,12300.0,12300.0,12300.0,2039400
2022-07-25,12230.0,12320.0,12070.0,12150.0,12150.0,1850700
2022-07-26,12120.0,12250.0,12120.0,12150.0,12150.0,1484900
2022-07-27,12120.0,12230.0,12110.0,12230.0,12230.0,890000
2022-07-28,12480.0,12480.0,12320.0,12350.0,12350.0,3347500
2022-07-29,12410.0,12480.0,12350.0,12420.0,12420.0,3817300
2022-08-01,12450.0,12630.0,12370.0,12630.0,12630.0,4455500
2022-08-02,12630.0,12660.0,12480.0,12530.0,12530.0,2644800
2022-08-03,12630.0,12660.0,12480.0,12600.0,12600.0,6081900
2022-08-04,12630.0,12760.0,12580.0,12630.0,12630.0,4390100
2022-08-05,12630.0,12630.0,12370.0,12550.0,12550.0,3272800
2022-08-08,12530.0,12630.0,12450.0,12490.0,12490.0,3202100
2022-08-09,12580.0,12630.0,12480.0,12600.0,12600.0,3553300
2022-08-10,12600.0,12660.0,12490.0,12550.0,12550.0,1987700
2022-08-11,12630.0,12670.0,12480.0,12490.0,12490.0,3442200
2022-08-12,12480.0,12550.0,12420.0,12530.0,12530.0,1460000
2022-08-15,12580.0,12710.0,12530.0,12600.0,12600.0,3154600
2022-08-16,12580.0,12600.0,12450.0,12550.0,12550.0,3234500
2022-08-17,12600.0,12630.0,12550.0,12600.0,12600.0,3350600
2022-08-18,12600.0,12760.0,12530.0,12710.0,12710.0,5981500
2022-08-19,12710.0,12710.0,12530.0,12550.0,12550.0,1909000
2022-08-22,12530.0,12530.0,12420.0,12450.0,12450.0,2239300
2022-08-23,12300.0,12530.0,12230.0,12530.0,12530.0,2385000
2022-08-24,12480.0,12580.0,12450.0,12550.0,12550.0,2704900
2022-08-25,12550.0,12630.0,12490.0,12630.0,12630.0,3631800
2022-08-26,12670.0,12780.0,12490.0,12530.0,12530.0,3878700
2022-08-29,12350.0,12480.0,12280.0,12410.0,12410.0,3218300
2022-08-30,12420.0,12550.0,12410.0,12410.0,12410.0,2016400
2022-08-31,12410.0,12490.0,12410.0,12450.0,12450.0,1967000
2022-09-05,12410.0,12490.0,12350.0,12370.0,12370.0,2307700
2022-09-06,12370.0,12480.0,12350.0,12450.0,12450.0,2405200
2022-09-07,12370.0,12420.0,12280.0,12280.0,12280.0,3214400
2022-09-08,12320.0,12350.0,12120.0,12120.0,12120.0,2080700
2022-09-09,12230.0,12230.0,12000.0,12120.0,12120.0,2227900
2022-09-12,12120.0,12230.0,12000.0,12000.0,12000.0,1390800
2022-09-13,12070.0,12120.0,11920.0,12020.0,12020.0,1469500
2022-09-14,11870.0,11920.0,11800.0,11870.0,11870.0,2102100
2022-09-15,11920.0,11920.0,11850.0,11890.0,11890.0,1579800
2022-09-16,11870.0,11920.0,11670.0,11700.0,11700.0,2120100
2022-09-19,11700.0,11720.0,11470.0,11550.0,11550.0,2558900
2022-09-20,11570.0,11590.0,11420.0,11570.0,11570.0,1908000
2022-09-21,11550.0,11550.0,11420.0,11420.0,11420.0,1292200
2022-09-22,11360.0,11520.0,11360.0,11520.0,11520.0,1826800
2022-09-23,11440.0,11590.0,11420.0,11420.0,11420.0,1465600
2022-09-26,11310.0,11360.0,11010.0,11210.0,11210.0,4546500
2022-09-27,11210.0,11340.0,11170.0,11310.0,11310.0,1468900
2022-09-28,11140.0,11240.0,11100.0,11110.0,11110.0,2513100
2022-09-29,11180.0,11180.0,11050.0,11110.0,11110.0,3855500
2022-09-30,11110.0,11340.0,11040.0,11210.0,11210.0,4219300
2022-10-03,11140.0,11270.0,10750.0,10910.0,10910.0,3657900
2022-10-04,10970.0,11100.0,10610.0,10610.0,10610.0,3472500
2022-10-05,10660.0,10830.0,10500.0,10500.0,10500.0,3255800
2022-10-06,10530.0,10710.0,10110.0,10110.0,10110.0,2848400
2022-10-07,9870.0,10050.0,9390.0,9430.0,9430.0,8485400
2022-10-10,9190.0,9650.0,9190.0,9440.0,9440.0,6473000
2022-10-11,9440.0,9440.0,8820.0,8840.0,8840.0,6434000
2022-10-12,9040.0,9440.0,8990.0,9440.0,9440.0,3365500
2022-10-13,9440.0,10070.0,9350.0,10070.0,10070.0,3901800
2022-10-14,10350.0,10560.0,10200.0,10530.0,10530.0,3138200
2022-10-17,10260.0,10610.0,10230.0,10580.0,10580.0,3755100
2022-10-18,10750.0,10860.0,10660.0,10810.0,10810.0,2767600
2022-10-19,10910.0,10910.0,10610.0,10660.0,10660.0,1445700
2022-10-20,10660.0,10860.0,10450.0,10790.0,10790.0,4023500
2022-10-21,10790.0,10790.0,10230.0,10300.0,10300.0,3385500
2022-10-24,10330.0,10350.0,9690.0,9850.0,9850.0,2797800
2022-10-25,9960.0,10530.0,9680.0,10300.0,10300.0,4926800
2022-10-26,10410.0,10560.0,10200.0,10430.0,10430.0,2169100
2022-10-27,10450.0,11140.0,10350.0,11140.0,11140.0,4846000
2022-10-28,11310.0,11400.0,11140.0,11270.0,11270.0,3551700
2022-10-31,11290.0,11360.0,10930.0,11310.0,11310.0,3747300
2022-11-01,11360.0,11620.0,11290.0,11340.0,11340.0,3355400
2022-11-02,11310.0,11340.0,11010.0,11010.0,11010.0,3538200
2022-11-03,10860.0,11110.0,10790.0,10790.0,10790.0,3279300
2022-11-04,10790.0,10810.0,10070.0,10180.0,10180.0,12616400
2022-11-07,10560.0,10610.0,10200.0,10430.0,10430.0,4908600
2022-11-08,10410.0,10990.0,10180.0,10750.0,10750.0,4065900
2022-11-09,10810.0,10970.0,10450.0,10490.0,10490.0,3278700
2022-11-10,10430.0,10560.0,9850.0,10110.0,10110.0,5464700
2022-11-11,10450.0,10710.0,10330.0,10500.0,10500.0,4325500
2022-11-14,10350.0,10450.0,10070.0,10260.0,10260.0,5257100
2022-11-15,10230.0,10330.0,9650.0,9650.0,9650.0,6563300
2022-11-16,9550.0,10300.0,9040.0,10300.0,10300.0,7397800
2022-11-17,10500.0,10790.0,10500.0,10630.0,10630.0,4304700
2022-11-18,10500.0,10830.0,10410.0,10680.0,10680.0,3536700
2022-11-21,10710.0,10710.0,10410.0,10410.0,10410.0,2279000
2022-11-22,10300.0,10790.0,10280.0,10280.0,10280.0,4427400
2022-11-23,10300.0,10580.0,10280.0,10430.0,10430.0,2552100
2022-11-24,10410.0,10710.0,10300.0,10610.0,10610.0,2306700
2022-11-25,10860.0,10860.0,10630.0,10860.0,10860.0,2830000
2022-11-28,10910.0,11240.0,10880.0,11240.0,11240.0,5240700
2022-11-29,11240.0,11240.0,10970.0,11180.0,11180.0,3942700
2022-11-30,11240.0,11340.0,11010.0,11170.0,11170.0,4118400
2022-12-01,11270.0,11550.0,11110.0,11360.0,11360.0,6812100
2022-12-02,11360.0,11870.0,11180.0,11870.0,11870.0,4791400
2022-12-05,11890.0,12120.0,11720.0,11920.0,11920.0,4715700
2022-12-06,11920.0,12000.0,11270.0,11270.0,11270.0,5158400
2022-12-07,11360.0,11360.0,10990.0,11270.0,11270.0,3295000
2022-12-08,11340.0,12020.0,11170.0,11440.0,11440.0,4795900
2022-12-09,11490.0,11720.0,11340.0,11640.0,11640.0,3319800
2022-12-12,11640.0,11770.0,11360.0,11360.0,11360.0,3181800
2022-12-13,11310.0,11640.0,11240.0,11640.0,11640.0,2693700
2022-12-14,11670.0,11850.0,11490.0,11700.0,11700.0,3293000
2022-12-15,11620.0,11870.0,11620.0,11720.0,11720.0,4113600
2022-12-16,11620.0,11820.0,11550.0,11620.0,11620.0,2220500
2022-12-19,11570.0,11740.0,11490.0,11490.0,11490.0,3382600
2022-12-20,11490.0,11570.0,11210.0,11400.0,11400.0,2566900
2022-12-21,11420.0,11620.0,11270.0,11520.0,11520.0,1887300
2022-12-22,11620.0,11620.0,11490.0,11570.0,11570.0,1958400
2022-12-23,11570.0,11570.0,11270.0,11570.0,11570.0,1735100
2022-12-26,11570.0,11570.0,11170.0,11170.0,11170.0,1778000
2022-12-27,11170.0,11360.0,11110.0,11140.0,11140.0,418000
2022-12-27,11140.0,11420.0,11110.0,11170.0,11170.0,2040100
2022-12-28,11170.0,11340.0,11100.0,11110.0,11110.0,1826400
2022-12-29,11110.0,11310.0,11010.0,11110.0,11110.0,1809100
2022-12-30,11110.0,11210.0,11010.0,11050.0,11050.0,1339500
2023-01-03,11110.0,11470.0,11100.0,11470.0,11470.0,1547700
2023-01-04,11550.0,11550.0,11400.0,11440.0,11440.0,1641400
2023-01-05,11490.0,11620.0,11440.0,11550.0,11550.0,2104500
2023-01-06,11520.0,11800.0,11420.0,11700.0,11700.0,3403100
2023-01-09,11800.0,11800.0,11590.0,11670.0,11670.0,1746700
2023-01-10,11740.0,11850.0,11590.0,11850.0,11850.0,3061100
2023-01-11,11920.0,12350.0,11850.0,12230.0,12230.0,5336500
2023-01-12,12230.0,12450.0,12230.0,12370.0,12370.0,2879600
2023-01-13,12420.0,12530.0,12190.0,12190.0,12190.0,2154400
2023-01-16,12190.0,12630.0,12190.0,12630.0,12630.0,3538100
2023-01-17,12660.0,12850.0,12600.0,12780.0,12780.0,3983900
2023-01-18,12780.0,12980.0,12670.0,12880.0,12880.0,5435900
2023-01-19,12880.0,13130.0,12850.0,13130.0,13130.0,5521600
2023-01-27,13310.0,13390.0,13090.0,13310.0,13310.0,3756000
2023-01-30,13290.0,13310.0,12830.0,12830.0,12830.0,5399000
2023-01-31,12830.0,13160.0,12630.0,13160.0,13160.0,3480500
2023-02-01,13180.0,13260.0,12670.0,12730.0,12730.0,3482800
2023-02-02,12710.0,12930.0,12530.0,12630.0,12630.0,2884400
2023-02-03,12630.0,12760.0,12320.0,12370.0,12370.0,9532100
2023-02-06,12320.0,12710.0,12190.0,12580.0,12580.0,2395700
2023-02-07,12630.0,12670.0,12320.0,12420.0,12420.0,2469300
2023-02-08,12530.0,12660.0,12410.0,12450.0,12450.0,1922400
2023-02-09,12450.0,12670.0,12370.0,12370.0,12370.0,3226100
2023-02-10,12420.0,12490.0,12230.0,12230.0,12230.0,2007500
2023-02-13,12190.0,12190.0,12020.0,12070.0,12070.0,2591600
2023-02-14,12170.0,12170.0,12020.0,12040.0,12040.0,1438600
2023-02-15,12070.0,12450.0,12000.0,12410.0,12410.0,3330400
2023-02-16,12530.0,12530.0,12320.0,12530.0,12530.0,1623500
2023-02-17,12550.0,12600.0,12410.0,12530.0,12530.0,1716200
2023-02-20,12480.0,13030.0,12450.0,13030.0,13030.0,4901500
2023-02-21,13030.0,13130.0,12880.0,12880.0,12880.0,1717400
2023-02-22,12730.0,12910.0,12550.0,12550.0,12550.0,2652600
2023-02-23,12490.0,12880.0,12250.0,12830.0,12830.0,3860600
2023-02-24,12630.0,12780.0,12410.0,12420.0,12420.0,2227600
2023-02-27,12370.0,12420.0,12170.0,12250.0,12250.0,3107700
2023-02-28,12370.0,12490.0,12250.0,12320.0,12320.0,6149000
2023-03-01,12320.0,12730.0,12230.0,12710.0,12710.0,2535900
2023-03-02,12630.0,12850.0,12630.0,12660.0,12660.0,3337600
2023-03-03,12660.0,12780.0,12370.0,12370.0,12370.0,2396000
2023-03-06,12550.0,12670.0,12280.0,12280.0,12280.0,5224700
2023-03-07,12490.0,12630.0,12280.0,12370.0,12370.0,4641800
2023-03-08,12250.0,12630.0,12250.0,12630.0,12630.0,2784900
2023-03-09,12630.0,12850.0,12580.0,12800.0,12800.0,3737400
2023-03-10,12660.0,12730.0,12490.0,12580.0,12580.0,2422000
2023-03-13,12490.0,12600.0,12300.0,12370.0,12370.0,4017400
2023-03-14,12410.0,12480.0,12110.0,12150.0,12150.0,6765600
2023-03-15,12420.0,12530.0,12350.0,12530.0,12530.0,1959500
2023-03-16,12370.0,12490.0,12190.0,12320.0,12320.0,2498900
2023-03-17,12410.0,12450.0,12300.0,12300.0,12300.0,1248400
2023-03-20,12230.0,12300.0,12120.0,12120.0,12120.0,2456100
2023-03-21,12320.0,12320.0,12040.0,12230.0,12230.0,1488000
2023-03-22,12300.0,12300.0,12150.0,12280.0,12280.0,1634400
2023-03-23,12170.0,12420.0,12110.0,12350.0,12350.0,6903800
2023-03-24,12420.0,12550.0,12370.0,12420.0,12420.0,1581100
2023-03-27,12420.0,12490.0,12300.0,12410.0,12410.0,2178900
2023-03-28,12450.0,12530.0,12350.0,12370.0,12370.0,8116600
2023-03-29,12370.0,12420.0,12300.0,12350.0,12350.0,9895600
2023-03-30,12420.0,12480.0,12410.0,12420.0,12420.0,1906700
2023-03-31,12480.0,12760.0,12450.0,12660.0,12660.0,5332800
2023-04-03,12760.0,12830.0,12630.0,12780.0,12780.0,9828800
2023-04-04,12760.0,12800.0,12660.0,12730.0,12730.0,7088200
2023-04-05,12670.0,12760.0,12660.0,12730.0,12730.0,2620300
2023-04-06,12830.0,12850.0,12660.0,12670.0,12670.0,3150600
2023-04-07,12600.0,12670.0,12580.0,12630.0,12630.0,2334500
2023-04-10,12670.0,12710.0,12550.0,12580.0,12580.0,3526200
2023-04-11,12580.0,12660.0,12480.0,12580.0,12580.0,1552600
2023-04-12,12630.0,12660.0,12530.0,12550.0,12550.0,3120400
2023-04-13,12600.0,12660.0,12550.0,12600.0,12600.0,2459800
2023-04-14,12660.0,12670.0,12550.0,12550.0,12550.0,4919900
2023-04-17,12600.0,12630.0,12530.0,12630.0,12630.0,1437400
2023-04-18,12630.0,12630.0,12530.0,12550.0,12550.0,1844600
2023-04-19,12530.0,12530.0,12320.0,12320.0,12320.0,4316600
2023-04-20,12370.0,12410.0,12230.0,12230.0,12230.0,2319400
2023-04-21,12280.0,12320.0,12250.0,12250.0,12250.0,2240900
2023-04-24,12280.0,12350.0,12170.0,12170.0,12170.0,2227100
2023-04-25,12280.0,12350.0,12170.0,12230.0,12230.0,5860500
2023-04-26,12190.0,12230.0,12110.0,12170.0,12170.0,3544400
2023-04-27,12230.0,12350.0,12170.0,12170.0,12170.0,2027400
2023-04-28,12230.0,12320.0,12190.0,12300.0,12300.0,3101600
2023-05-04,12280.0,12490.0,12280.0,12410.0,12410.0,2610600
2023-05-05,12370.0,12490.0,12370.0,12420.0,12420.0,2440200
2023-05-08,12450.0,12630.0,12420.0,12630.0,12630.0,2068500
2023-05-09,12630.0,12660.0,12530.0,12600.0,12600.0,3009500
2023-05-10,12580.0,12600.0,12530.0,12580.0,12580.0,1787600
2023-05-11,12630.0,12670.0,12530.0,12630.0,12630.0,2460100
2023-05-12,12630.0,12660.0,12530.0,12600.0,12600.0,2156800
2023-05-15,12730.0,12780.0,12600.0,12600.0,12600.0,6205700
2023-05-16,12630.0,12660.0,12580.0,12630.0,12630.0,1330500
2023-05-17,12630.0,12710.0,12550.0,12580.0,12580.0,3155100
2023-05-18,12580.0,12670.0,12550.0,12660.0,12660.0,3136400
2023-05-19,12660.0,12660.0,12490.0,12600.0,12600.0,4006500
2023-05-22,12630.0,12660.0,12580.0,12630.0,12630.0,4189600
2023-05-23,12730.0,12930.0,12630.0,12710.0,12710.0,21032000
2023-05-24,12880.0,12880.0,12600.0,12710.0,12710.0,11048500
2023-05-25,12730.0,12730.0,12580.0,12670.0,12670.0,8790400
2023-05-26,12730.0,12730.0,12600.0,12630.0,12630.0,8560600
2023-05-29,12670.0,12780.0,12630.0,12710.0,12710.0,16572400
2023-05-30,12780.0,12780.0,12630.0,12730.0,12730.0,22595600
2023-05-31,12730.0,12830.0,12630.0,12830.0,12830.0,29153500
2023-06-01,13000.0,13160.0,12850.0,12940.0,12940.0,12761200
2023-06-02,13000.0,13360.0,12980.0,13180.0,13180.0,15030000
2023-06-05,13300.0,13400.0,13100.0,13160.0,13160.0,13842800
2023-06-06,13180.0,13210.0,13120.0,13180.0,13180.0,9941200
2023-06-07,13180.0,13300.0,13180.0,13210.0,13210.0,9178100
2023-06-08,13180.0,13240.0,13060.0,13060.0,13060.0,9677000
2023-06-09,13100.0,13100.0,12880.0,13030.0,13030.0,7464100
2023-06-12,13100.0,13100.0,12910.0,12980.0,12980.0,4285400
2023-06-13,13000.0,13060.0,12940.0,13060.0,13060.0,7969500
2023-06-14,13100.0,13240.0,13060.0,13100.0,13100.0,8030500
2023-06-15,13100.0,13120.0,13030.0,13120.0,13120.0,5405900
2023-06-16,13120.0,13360.0,13060.0,13180.0,13180.0,14410500
2023-06-19,13180.0,13210.0,13060.0,13100.0,13100.0,4658700
2023-06-20,13100.0,13120.0,13000.0,13100.0,13100.0,5637600
2023-06-21,13060.0,13120.0,13030.0,13120.0,13120.0,5482100
2023-06-22,13160.0,13240.0,13100.0,13100.0,13100.0,7973200
2023-06-23,13120.0,13240.0,13060.0,13240.0,13240.0,11433200
2023-06-26,13420.0,13600.0,13300.0,13460.0,13460.0,11784600
2023-06-27,13630.0,13630.0,13420.0,13420.0,13420.0,5619900
2023-06-28,13420.0,13540.0,13360.0,13480.0,13480.0,8230200
2023-06-29,13480.0,13540.0,13240.0,13240.0,13240.0,8151200
2023-06-30,13240.0,13330.0,13180.0,13330.0,13330.0,5117900
2023-07-03,13330.0,13360.0,13280.0,13330.0,13330.0,4029900
2023-07-04,13280.0,13330.0,13240.0,13300.0,13300.0,4346600
2023-07-05,13300.0,13360.0,13280.0,13280.0,13280.0,8124400
2023-07-06,13280.0,13300.0,13100.0,13120.0,13120.0,6424400
2023-07-07,13120.0,13160.0,13000.0,13120.0,13120.0,7142800
2023-07-10,13160.0,13360.0,13120.0,13280.0,13280.0,9032000
2023-07-11,13480.0,13480.0,13280.0,13300.0,13300.0,8848500
2023-07-12,13420.0,13420.0,13180.0,13210.0,13210.0,5185000
2023-07-13,13300.0,13300.0,13180.0,13300.0,13300.0,6741100
2023-07-14,13330.0,13360.0,13180.0,13300.0,13300.0,6897700
2023-07-17,13330.0,13330.0,13240.0,13300.0,13300.0,6533500
2023-07-18,13240.0,13300.0,13210.0,13300.0,13300.0,6780400
2023-07-19,13300.0,13400.0,13280.0,13300.0,13300.0,9552300
2023-07-20,13300.0,13330.0,13240.0,13300.0,13300.0,6284600
2023-07-21,13300.0,13360.0,13240.0,13360.0,13360.0,6679400
2023-07-24,13360.0,13420.0,13280.0,13330.0,13330.0,6759900
2023-07-25,13300.0,13600.0,13300.0,13480.0,13480.0,13703900
2023-07-26,13480.0,13580.0,13420.0,13480.0,13480.0,5967200
2023-07-27,13480.0,13510.0,13330.0,13400.0,13400.0,7207700
2023-07-28,13420.0,13540.0,13330.0,13420.0,13420.0,8610200
2023-07-31,13600.0,13880.0,13580.0,13880.0,13880.0,19206000
2023-08-01,14060.0,14060.0,13760.0,13810.0,13810.0,13714200
2023-08-02,13790.0,14000.0,13790.0,13970.0,13970.0,12406100
2023-08-03,13940.0,14210.0,13910.0,14180.0,14180.0,17006600
2023-08-04,14270.0,14760.0,14060.0,14760.0,14760.0,18672300
2023-08-07,14480.0,14540.0,14270.0,14360.0,14360.0,28085700
2023-08-08,14390.0,14460.0,14090.0,14160.0,14160.0,15266300
2023-08-09,14160.0,14270.0,14000.0,14030.0,14030.0,15555900
2023-08-10,14060.0,14110.0,13850.0,13850.0,13850.0,12692000
2023-08-11,13880.0,13910.0,13660.0,13850.0,13850.0,9157400
2023-08-14,13850.0,13940.0,13790.0,13940.0,13940.0,10439500
2023-08-15,14000.0,14060.0,13810.0,13810.0,13810.0,6458700
2023-08-16,13810.0,13940.0,13790.0,13850.0,13850.0,8397000
2023-08-17,13880.0,13910.0,13790.0,13810.0,13810.0,7675000
2023-08-18,13720.0,13720.0,13240.0,13240.0,13240.0,20451400
2023-08-21,13210.0,13420.0,13210.0,13300.0,13300.0,7974800
2023-08-22,13360.0,13400.0,13060.0,13330.0,13330.0,9067900
2023-08-23,13420.0,13480.0,13210.0,13210.0,13210.0,5544300
2023-08-24,13210.0,13460.0,13210.0,13330.0,13330.0,5311100
2023-08-25,13300.0,13330.0,13210.0,13280.0,13280.0,5378200
2023-08-28,13300.0,13360.0,13280.0,13330.0,13330.0,5156300
2023-08-29,13330.0,13420.0,13280.0,13330.0,13330.0,5774700
2023-08-30,13330.0,13600.0,13330.0,13580.0,13580.0,7222100
2023-08-31,13580.0,13660.0,13580.0,13660.0,13660.0,7206600
2023-09-05,13720.0,13940.0,13700.0,13760.0,13760.0,7626800
2023-09-06,13760.0,13880.0,13660.0,13880.0,13880.0,4778100
2023-09-07,13910.0,14000.0,13760.0,13850.0,13850.0,9854900
2023-09-08,13850.0,13880.0,13720.0,13760.0,13760.0,5525800
2023-09-11,13790.0,13850.0,13460.0,13510.0,13510.0,10535900
2023-09-12,13510.0,13760.0,13420.0,13760.0,13760.0,6681500
2023-09-13,13760.0,13790.0,13580.0,13630.0,13630.0,6938800
2023-09-14,13600.0,13790.0,13540.0,13580.0,13580.0,6192000
2023-09-15,13660.0,13760.0,13580.0,13700.0,13700.0,5249900
2023-09-18,13660.0,13700.0,13480.0,13580.0,13580.0,4363000
2023-09-19,13580.0,13660.0,13460.0,13480.0,13480.0,8079400
2023-09-20,13480.0,13630.0,13460.0,13580.0,13580.0,5294700
2023-09-21,13540.0,13630.0,13510.0,13540.0,13540.0,5426000
2023-09-22,13420.0,13600.0,13360.0,13480.0,13480.0,9793000
2023-09-25,13480.0,13510.0,13300.0,13300.0,13300.0,7623000
2023-09-26,13330.0,13460.0,13210.0,13240.0,13240.0,9404200
2023-09-27,13240.0,13300.0,13160.0,13300.0,13300.0,5685000
2023-09-28,13210.0,13300.0,13120.0,13160.0,13160.0,4991800
2023-09-29,13180.0,13330.0,13180.0,13210.0,13210.0,2338700
2023-10-02,13180.0,13280.0,13120.0,13240.0,13240.0,3809300
2023-10-03,13180.0,13240.0,13060.0,13060.0,13060.0,5507600
2023-10-04,13030.0,13120.0,13000.0,13060.0,13060.0,3178300
2023-10-05,13160.0,13280.0,13060.0,13060.0,13060.0,3350700
2023-10-06,13060.0,13240.0,13030.0,13180.0,13180.0,2440800
2023-10-09,13120.0,13630.0,13120.0,13600.0,13600.0,8978000
2023-10-10,13600.0,13810.0,13600.0,13790.0,13790.0,6535100
2023-10-11,13790.0,13790.0,13630.0,13720.0,13720.0,2844500
2023-10-12,13720.0,13850.0,13600.0,13720.0,13720.0,5633800
2023-10-13,13660.0,13720.0,13600.0,13700.0,13700.0,4691800
2023-10-16,13630.0,13720.0,13540.0,13660.0,13660.0,4219800
2023-10-17,13660.0,13700.0,13580.0,13580.0,13580.0,3657500
2023-10-18,13580.0,13580.0,13330.0,13330.0,13330.0,6208800
2023-10-19,13330.0,13400.0,13180.0,13180.0,13180.0,6209300
2023-10-20,13180.0,13360.0,13180.0,13240.0,13240.0,3670300
2023-10-23,13360.0,13360.0,13120.0,13180.0,13180.0,2398300
2023-10-24,13280.0,13360.0,13180.0,13240.0,13240.0,2550700
2023-10-25,13420.0,13460.0,13240.0,13240.0,13240.0,2487200
2023-10-26,13160.0,13160.0,12670.0,12760.0,12760.0,12593400
2023-10-27,12980.0,13120.0,12820.0,13030.0,13030.0,3180900
2023-10-30,13060.0,13100.0,12880.0,12880.0,12880.0,3856500
2023-10-31,12910.0,13030.0,12850.0,12940.0,12940.0,3489400
2023-11-01,12940.0,13100.0,12910.0,13060.0,13060.0,4832800
2023-11-02,13160.0,13480.0,13060.0,13480.0,13480.0,5148100
2023-11-03,13480.0,13540.0,13330.0,13330.0,13330.0,4885400
2023-11-06,13420.0,13510.0,13360.0,13420.0,13420.0,3789100
2023-11-07,13360.0,13460.0,13360.0,13360.0,13360.0,2325400
2023-11-08,13360.0,13850.0,13330.0,13790.0,13790.0,7911900
2023-11-09,13850.0,13850.0,13630.0,13630.0,13630.0,4763900
2023-11-10,13540.0,13660.0,13460.0,13540.0,13540.0,5047700
2023-11-13,13580.0,13660.0,13420.0,13580.0,13580.0,3415300
2023-11-14,13580.0,13850.0,13580.0,13720.0,13720.0,10301200
2023-11-15,13910.0,14210.0,13880.0,14060.0,14060.0,32333400
2023-11-16,14060.0,14160.0,13970.0,14090.0,14090.0,8080900
2023-11-17,14160.0,14160.0,13630.0,13720.0,13720.0,12350400
2023-11-20,13540.0,13880.0,13400.0,13600.0,13600.0,10207600
2023-11-21,13700.0,13790.0,13600.0,13660.0,13660.0,3711000
2023-11-22,13600.0,13760.0,13510.0,13720.0,13720.0,4392400
2023-11-23,13720.0,13760.0,13420.0,13420.0,13420.0,5181900
2023-11-24,13480.0,13480.0,13180.0,13330.0,13330.0,7898300
2023-11-27,13330.0,13360.0,13210.0,13210.0,13210.0,3259000
2023-11-28,13240.0,13360.0,13120.0,13240.0,13240.0,4187100
2023-11-29,13300.0,13510.0,13300.0,13330.0,13330.0,4828800
2023-11-30,13330.0,13480.0,13280.0,13280.0,13280.0,5243600
2023-12-01,13400.0,13400.0,13160.0,13280.0,13280.0,5734700
2023-12-04,13330.0,13580.0,13300.0,13480.0,13480.0,9041000
2023-12-05,13480.0,13580.0,13330.0,13400.0,13400.0,3557500
2023-12-06,13400.0,13480.0,13300.0,13480.0,13480.0,2791900
2023-12-07,13480.0,13600.0,13420.0,13540.0,13540.0,7237600
2023-12-08,13540.0,13630.0,13480.0,13540.0,13540.0,3812500
2023-12-11,13580.0,13600.0,13460.0,13540.0,13540.0,2274400
2023-12-12,13580.0,13600.0,13480.0,13600.0,13600.0,3228200
2023-12-13,13600.0,13630.0,13480.0,13480.0,13480.0,3929800
2023-12-14,13540.0,13760.0,13480.0,13600.0,13600.0,6945700
2023-12-15,13660.0,13810.0,13630.0,13760.0,13760.0,6189100
2023-12-18,13720.0,13790.0,13700.0,13790.0,13790.0,6388000
2023-12-19,13790.0,13970.0,13790.0,13940.0,13940.0,11470900
2023-12-20,13940.0,14060.0,13940.0,14030.0,14030.0,8859100
2023-12-21,14030.0,14060.0,13940.0,14060.0,14060.0,7082700
2023-12-22,14030.0,14090.0,14030.0,14030.0,14030.0,4510000
2023-12-25,14060.0,14180.0,14030.0,14110.0,14110.0,7582400
2023-12-26,14160.0,14160.0,14060.0,14060.0,14060.0,5728800
2023-12-27,14030.0,14160.0,14030.0,14090.0,14090.0,4866000
2023-12-28,14090.0,14480.0,14090.0,14360.0,14360.0,10513000
2023-12-29,14460.0,14570.0,14390.0,14460.0,14460.0,9195100
2024-01-02,14480.0,14970.0,14480.0,14780.0,14780.0,13883500
2024-01-03,14820.0,15120.0,14660.0,15120.0,15120.0,9803400
2024-01-04,15240.0,15520.0,15170.0,15300.0,15300.0,23587800
2024-01-05,15300.0,15390.0,15150.0,15390.0,15390.0,9272100
2024-01-08,15540.0,15570.0,15240.0,15330.0,15330.0,12389600
2024-01-09,15270.0,15330.0,15090.0,15120.0,15120.0,15449500
2024-01-10,15240.0,15420.0,15120.0,15270.0,15270.0,17603300
2024-01-11,15360.0,15570.0,15210.0,15270.0,15270.0,9933500
2024-01-12,15210.0,15840.0,15150.0,15600.0,15600.0,25561200
2024-01-15,15720.0,15720.0,15300.0,15300.0,15300.0,11719300
2024-01-16,15360.0,15450.0,15150.0,15360.0,15360.0,12380200
2024-01-17,15390.0,15600.0,15330.0,15360.0,15360.0,9714300
2024-01-18,15390.0,15570.0,15330.0,15470.0,15470.0,9611300
2024-01-19,15600.0,15690.0,15520.0,15690.0,15690.0,12771300
2024-01-22,15840.0,15900.0,15600.0,15900.0,15900.0,12001200
2024-01-23,15870.0,16000.0,15750.0,15750.0,15750.0,11731500
2024-01-24,15750.0,15780.0,15540.0,15600.0,15600.0,11341900
2024-01-25,15630.0,15660.0,15470.0,15600.0,15600.0,5086300
2024-01-26,15630.0,15970.0,15630.0,15900.0,15900.0,6856000
2024-01-29,16030.000000000002,16030.000000000002,15690.0,15690.0,15690.0,9276600
2024-01-30,15750.0,15840.0,15660.0,15690.0,15690.0,6379000
2024-01-31,15780.0,15780.0,15450.0,15570.0,15570.0,12158100
2024-02-01,15540.0,15780.0,15540.0,15720.0,15720.0,6281100
2024-02-02,15690.0,15900.0,15630.0,15870.0,15870.0,14529200
2024-02-05,15870.0,16930.0,15820.0,16810.0,16810.0,28121400
2024-02-06,16840.0,16870.0,16720.0,16840.0,16840.0,5447300
2024-02-07,16840.0,17050.0,16840.0,16930.0,16930.0,11893900
2024-02-15,16960.0,17180.0,16450.0,16450.0,16450.0,14244300
2024-02-16,16630.0,16690.0,16510.0,16690.0,16690.0,9495400
2024-02-19,16750.0,16750.0,16450.0,16750.0,16750.0,11856900
2024-02-20,16630.0,16780.0,16530.0,16650.0,16650.0,7316400
2024-02-21,16630.0,16870.0,16570.0,16750.0,16750.0,10251900
2024-02-22,16750.0,16780.0,16630.0,16720.0,16720.0,7401800
2024-02-23,16750.0,17180.0,16510.0,16510.0,16510.0,25975600
2024-02-26,16510.0,16750.0,16390.0,16630.0,16630.0,9785600
2024-02-27,16750.0,16750.0,16530.0,16690.0,16690.0,12054800
2024-02-28,16720.0,16930.0,16650.0,16930.0,16930.0,10460800
2024-02-29,16990.0,17090.0,16750.0,16930.0,16930.0,9951400
2024-03-01,16930.0,16930.0,16650.0,16810.0,16810.0,10193800
2024-03-04,16810.0,17050.0,16570.0,16810.0,16810.0,13216500
2024-03-05,16810.0,16930.0,16650.0,16900.0,16900.0,6332600
2024-03-06,16930.0,17020.0,16650.0,16690.0,16690.0,9791600
2024-03-07,16690.0,16750.0,16570.0,16630.0,16630.0,10165800
2024-03-08,16630.0,16720.0,16329.999999999998,16350.000000000002,16350.000000000002,23017000
2024-03-11,16350.000000000002,16390.0,16120.000000000002,16170.000000000002,16170.000000000002,12015800
2024-03-12,16120.000000000002,16230.0,16090.0,16170.000000000002,16170.000000000002,8312600
2024-03-13,16170.000000000002,16720.0,16170.000000000002,16720.0,16720.0,8935300
2024-03-14,16690.0,16690.0,16350.000000000002,16480.0,16480.0,8224300
2024-03-15,16480.0,16570.0,16329.999999999998,16530.0,16530.0,7822800
2024-03-18,16450.0,16530.0,16149.999999999998,16270.0,16270.0,14119300
2024-03-19,16210.0,16350.000000000002,16170.000000000002,16230.0,16230.0,7121300
2024-03-20,16230.0,16750.0,16210.0,16630.0,16630.0,14002400
2024-03-21,16750.0,16930.0,16650.0,16930.0,16930.0,12818200
2024-03-22,17090.0,17510.0,16870.0,17020.0,17020.0,22676200
2024-03-25,16960.0,16960.0,16630.0,16630.0,16630.0,10187100
2024-03-26,16690.0,16900.0,16530.0,16900.0,16900.0,6283500
2024-03-27,16900.0,16960.0,16690.0,16930.0,16930.0,5958200
2024-03-28,17110.0,17290.0,17050.0,17140.0,17140.0,12423400
2024-03-29,17180.0,17330.0,17020.0,17230.0,17230.0,13489800
2024-04-01,17050.0,17230.0,16990.0,17210.0,17210.0,6174900
2024-04-02,17110.0,17180.0,16870.0,17180.0,17180.0,10409700
2024-04-03,17050.0,17180.0,16870.0,16930.0,16930.0,10199400
2024-04-04,16960.0,16960.0,16650.0,16650.0,16650.0,11155900
2024-04-05,16510.0,16570.0,16390.0,16420.0,16420.0,12289500
2024-04-08,16420.0,16480.0,16300.0,16420.0,16420.0,6869300
2024-04-09,16420.0,16510.0,16350.000000000002,16510.0,16510.0,5371500
2024-04-10,16600.0,16690.0,16390.0,16390.0,16390.0,5122000
2024-04-11,16329.999999999998,16420.0,16270.0,16420.0,16420.0,11286500
2024-04-12,16450.0,16930.0,16329.999999999998,16930.0,16930.0,9767600
2024-04-15,16810.0,16930.0,16230.0,16230.0,16230.0,16253800
2024-04-16,16230.0,16420.0,16170.000000000002,16420.0,16420.0,17350400
2024-04-17,16450.0,16480.0,16170.000000000002,16170.000000000002,16170.000000000002,10479700
2024-04-19,16090.0,16210.0,16000.0,16090.0,16090.0,10862500
2024-04-22,16270.0,16300.0,16149.999999999998,16210.0,16210.0,6313700
2024-04-23,16210.0,16300.0,16050.0,16120.000000000002,16120.000000000002,8540500
2024-04-24,16210.0,16390.0,16149.999999999998,16350.000000000002,16350.000000000002,6681200
2024-04-25,16329.999999999998,16350.000000000002,16170.000000000002,16210.0,16210.0,5141600
2024-04-26,16210.0,16329.999999999998,16090.0,16230.0,16230.0,5444000
2024-05-02,16230.0,16420.0,16210.0,16329.999999999998,16329.999999999998,4797900
2024-05-03,16390.0,16630.0,16390.0,16630.0,16630.0,8718800
2024-05-06,16630.0,16750.0,16530.0,16690.0,16690.0,7445000
2024-05-07,16780.0,16810.0,16630.0,16720.0,16720.0,4300700
2024-05-08,16630.0,16720.0,16510.0,16650.0,16650.0,4037700
2024-05-09,16690.0,16810.0,16630.0,16690.0,16690.0,4100900
2024-05-10,16690.0,16750.0,16600.0,16750.0,16750.0,4909800
2024-05-13,16930.0,16930.0,16720.0,16750.0,16750.0,5551200
2024-05-14,16750.0,16870.0,16720.0,16780.0,16780.0,4470600
2024-05-15,16840.0,16840.0,16750.0,16750.0,16750.0,7803400
2024-05-16,16930.0,17180.0,16810.0,17090.0,17090.0,30203800
2024-05-17,17090.0,17180.0,17050.0,17090.0,17090.0,8504100
2024-05-20,17230.0,17270.0,17050.0,17090.0,17090.0,9333300
2024-05-21,17090.0,17110.0,16840.0,17050.0,17050.0,10824000
2024-05-22,17050.0,17090.0,16870.0,16900.0,16900.0,9283100
2024-05-23,16930.0,17230.0,16930.0,17210.0,17210.0,10449700
2024-05-24,17210.0,18270.0,17090.0,17690.0,17690.0,33848200
2024-05-27,17830.0,18050.0,17690.0,17810.0,17810.0,7535500
2024-05-28,17960.0,17960.0,17710.0,17930.0,17930.0,10686700
2024-05-29,17960.0,17990.0,17690.0,17690.0,17690.0,13447000
2024-05-30,17630.0,17780.0,17440.0,17780.0,17780.0,13111100
2024-05-31,18000.0,18210.0,17750.0,17750.0,17750.0,11122400
2024-06-03,17890.0,17960.0,17710.0,17850.0,17850.0,16242700
2024-06-04,17850.0,17850.0,17600.0,17640.0,17640.0,9722200
2024-06-05,17820.0,17820.0,17490.0,17530.0,17530.0,10785200
2024-06-06,17570.0,17640.0,17490.0,17530.0,17530.0,8027700
2024-06-07,17670.0,17750.0,17490.0,17710.0,17710.0,5887100
2024-06-10,17710.0,17780.0,17490.0,17570.0,17570.0,7670900
2024-06-11,17570.0,17600.0,17350.0,17390.0,17390.0,9200500
2024-06-12,17390.0,17670.0,17210.0,17670.0,17670.0,10388900
2024-06-13,17670.0,17920.0,17570.0,17850.0,17850.0,11713500
2024-06-14,17780.0,17920.0,17710.0,17710.0,17710.0,11038000
2024-06-17,17710.0,17710.0,17460.0,17670.0,17670.0,6368600
2024-06-18,17780.0,17780.0,17570.0,17670.0,17670.0,5724600
2024-06-19,17670.0,17780.0,17460.0,17750.0,17750.0,7612500
2024-06-20,17670.0,17890.0,17570.0,17850.0,17850.0,10170900
2024-06-21,17890.0,17890.0,17640.0,17670.0,17670.0,5122000
2024-06-24,17710.0,17710.0,17210.0,17350.0,17350.0,14215300
2024-06-25,17270.0,17420.0,17210.0,17310.0,17310.0,6698400
2024-06-26,17270.0,17350.0,16990.0,17350.0,17350.0,10135100
2024-06-27,17270.0,17350.0,17140.0,17240.0,17240.0,4901400
2024-06-28,17140.0,17270.0,17090.0,17140.0,17140.0,5751000
2024-07-01,17140.0,17170.0,16990.0,17140.0,17140.0,3933500
2024-07-02,17140.0,17350.0,17060.0,17310.0,17310.0,5696300
2024-07-03,17390.0,17570.0,17240.0,17460.0,17460.0,5848800
2024-07-04,17490.0,17530.0,17240.0,17390.0,17390.0,6368100
2024-07-05,17390.0,17490.0,17270.0,17490.0,17490.0,6335000
2024-07-08,17490.0,17530.0,17350.0,17460.0,17460.0,4943500
2024-07-09,17390.0,17570.0,17310.0,17490.0,17490.0,7986400
2024-07-10,17640.0,17640.0,17460.0,17460.0,17460.0,6470200
2024-07-11,17530.0,17530.0,17390.0,17390.0,17390.0,4990300
2024-07-12,17350.0,17390.0,17140.0,17270.0,17270.0,7151400
2024-07-15,17270.0,17310.0,17210.0,17240.0,17240.0,4481500
2024-07-16,17270.0,17490.0,17240.0,17350.0,17350.0,6992700
2024-07-17,17490.0,18140.0,17420.0,17640.0,17640.0,28890400
2024-07-18,17640.0,18070.0,17640.0,17850.0,17850.0,10659400
2024-07-19,17850.0,18210.0,17750.0,18070.0,18070.0,17067800
2024-07-22,18070.0,18140.0,17750.0,17820.0,17820.0,15146800
2024-07-23,17850.0,17920.0,17270.0,17270.0,17270.0,15105000
2024-07-24,17270.0,17570.0,17140.0,17420.0,17420.0,12248400
2024-07-25,17390.0,17390.0,17140.0,17310.0,17310.0,7155800
2024-07-26,17350.0,17390.0,17270.0,17350.0,17350.0,3447400
2024-07-29,17490.0,17490.0,17310.0,17390.0,17390.0,4102600
2024-07-30,17270.0,17390.0,17240.0,17390.0,17390.0,5489200
2024-07-31,17420.0,17670.0,17350.0,17670.0,17670.0,8548700
2024-08-01,17640.0,17710.0,17240.0,17240.0,17240.0,9174700
2024-08-02,17210.0,17270.0,17020.0,17240.0,17240.0,13706000
2024-08-05,16990.0,17170.0,16660.0,16700.0,16700.0,20086500
2024-08-06,16910.0,17020.0,16740.0,16910.0,16910.0,8020900
2024-08-07,16990.0,16990.0,16770.0,16840.0,16840.0,4400300
2024-08-08,16740.0,16910.0,16740.0,16740.0,16740.0,3649600
2024-08-09,16840.0,16990.0,16770.0,16990.0,16990.0,3006900
2024-08-12,16990.0,17140.0,16770.0,17140.0,17140.0,4197300
2024-08-13,16960.0,17140.0,16910.0,16990.0,16990.0,2850000
2024-08-14,17060.0,17140.0,16960.0,16960.0,16960.0,3316800
2024-08-15,16960.0,16990.0,16880.0,16910.0,16910.0,2655100
2024-08-16,16910.0,17270.0,16910.0,17270.0,17270.0,6516200
2024-08-19,17270.0,17390.0,17240.0,17310.0,17310.0,3836600
2024-08-20,17310.0,17490.0,17270.0,17350.0,17350.0,5413000
2024-08-21,17310.0,17570.0,17310.0,17570.0,17570.0,6556900
2024-08-22,17640.0,17670.0,17490.0,17570.0,17570.0,6789100
2024-08-23,17570.0,17640.0,17460.0,17600.0,17600.0,3892900
2024-08-26,17670.0,17670.0,17570.0,17600.0,17600.0,4921300
2024-08-27,17600.0,17640.0,17570.0,17600.0,17600.0,4154700
2024-08-28,17640.0,17670.0,17570.0,17640.0,17640.0,5222500
2024-08-29,17670.0,17920.0,17670.0,17750.0,17750.0,8588000
2024-08-30,17750.0,17850.0,17750.0,17850.0,17850.0,4483800
2024-09-04,17640.0,17780.0,17600.0,17750.0,17750.0,5632900
2024-09-05,17750.0,17780.0,17600.0,17640.0,17640.0,3534700
2024-09-06,17640.0,17710.0,17600.0,17710.0,17710.0,5003500
2024-09-09,17670.0,17710.0,17490.0,17600.0,17600.0,4686500
2024-09-10,17600.0,17670.0,17350.0,17460.0,17460.0,6133500
2024-09-11,17390.0,17460.0,17350.0,17390.0,17390.0,3584100
2024-09-12,17460.0,17640.0,17420.0,17600.0,17600.0,2617700
2024-09-13,17570.0,17600.0,17460.0,17570.0,17570.0,2370800
2024-09-16,17570.0,17670.0,17390.0,17390.0,17390.0,3712400
2024-09-17,17390.0,17640.0,17350.0,17640.0,17640.0,4078100
2024-09-18,17640.0,17820.0,17530.0,17750.0,17750.0,8718500
2024-09-19,17820.0,17850.0,17750.0,17850.0,17850.0,5219400
2024-09-20,17920.0,18580.0,17920.0,18460.0,18460.0,34310900
2024-09-23,18500.0,18710.0,18430.0,18460.0,18460.0,8574100
2024-09-24,18460.0,18580.0,18280.0,18580.0,18580.0,12775500
2024-09-25,18710.0,18860.0,18580.0,18860.0,18860.0,23014300
2024-09-26,18930.0,18970.0,18710.0,18710.0,18710.0,18172200
2024-09-27,18710.0,19010.0,18640.0,18640.0,18640.0,10807400
2024-09-30,18500.0,18680.0,18500.0,18530.0,18530.0,8455300
2024-10-01,18530.0,18830.0,18530.0,18530.0,18530.0,10408300
2024-10-02,18500.0,18790.0,18430.0,18580.0,18580.0,10112400
2024-10-03,18680.0,18930.0,18500.0,18500.0,18500.0,14798400
2024-10-04,18500.0,18530.0,18280.0,18280.0,18280.0,8664100
2024-10-07,18360.0,18500.0,18250.0,18320.0,18320.0,6769700
2024-10-08,18360.0,18460.0,18250.0,18360.0,18360.0,6522700
2024-10-09,18430.0,18890.0,18390.0,18890.0,18890.0,20003200
2024-10-10,19010.0,19080.0,18760.0,18860.0,18860.0,9079400
2024-10-11,18790.0,18830.0,18640.0,18790.0,18790.0,6560000
2024-10-14,18830.0,18890.0,18680.0,18680.0,18680.0,9026900
2024-10-15,18680.0,18860.0,18580.0,18610.0,18610.0,7109000
2024-10-16,18530.0,18610.0,18430.0,18530.0,18530.0,5395600
2024-10-17,18640.0,18830.0,18530.0,18830.0,18830.0,9195000
2024-10-18,18890.0,19080.0,18680.0,18790.0,18790.0,11490300
2024-10-21,18710.0,18790.0,18580.0,18580.0,18580.0,5532000
2024-10-22,18580.0,18610.0,18280.0,18280.0,18280.0,12115300
2024-10-23,18280.0,18390.0,18100.0,18280.0,18280.0,7699300
2024-10-24,18280.0,18320.0,18000.0,18000.0,18000.0,8926500
2024-10-25,18000.0,18070.0,17890.0,17920.0,17920.0,9220400
2024-10-28,17920.0,18100.0,17820.0,18100.0,18100.0,4995600
2024-10-29,18210.0,18210.0,18070.0,18140.0,18140.0,4176800
2024-10-30,18140.0,18180.0,17960.0,18070.0,18070.0,3872400
2024-10-31,18070.0,18320.0,18030.0,18280.0,18280.0,5074500
2024-11-01,18210.0,18280.0,17920.0,17920.0,17920.0,7855400
2024-11-04,18000.0,18030.0,17750.0,17820.0,17820.0,9116700
2024-11-05,17850.0,17920.0,17820.0,17820.0,17820.0,3066100
2024-11-06,17920.0,18140.0,17850.0,18070.0,18070.0,6242400
2024-11-07,18140.0,18210.0,17920.0,18070.0,18070.0,4841200
2024-11-08,18070.0,18140.0,17820.0,17920.0,17920.0,8221400
2024-11-11,17920.0,18000.0,17750.0,17890.0,17890.0,6742100
2024-11-12,17850.0,17960.0,17750.0,17890.0,17890.0,4142900
2024-11-13,17850.0,17920.0,17710.0,17920.0,17920.0,6390100
2024-11-14,17750.0,17890.0,17670.0,17670.0,17670.0,5795300
2024-11-15,17670.0,17710.0,17490.0,17570.0,17570.0,9277500
2024-11-18,17570.0,17710.0,17350.0,17640.0,17640.0,8106600
2024-11-19,17640.0,17670.0,17490.0,17490.0,17490.0,5784700
2024-11-20,17420.0,17670.0,17390.0,17640.0,17640.0,6237600
2024-11-21,17640.0,17890.0,17460.0,17890.0,17890.0,7581900
2024-11-22,17890.0,17960.0,17750.0,17960.0,17960.0,5693800
2024-11-25,17960.0,18000.0,17850.0,17920.0,17920.0,4108700
2024-11-26,17920.0,18070.0,17890.0,18000.0,18000.0,3558600
2024-11-27,17960.0,18140.0,17960.0,18030.0,18030.0,2744700
2024-11-28,18100.0,18140.0,17960.0,18100.0,18100.0,4592100
2024-11-29,18100.0,18140.0,18000.0,18140.0,18140.0,3880000
2024-12-02,18180.0,18250.0,18030.0,18100.0,18100.0,2487700
2024-12-03,18140.0,18140.0,17960.0,18000.0,18000.0,6127300
2024-12-04,17960.0,18030.0,17890.0,18030.0,18030.0,4616000
2024-12-05,18000.0,18500.0,17960.0,18500.0,18500.0,8267100
2024-12-06,18360.0,18530.0,18360.0,18460.0,18460.0,6049500
2024-12-09,18430.0,18460.0,18250.0,18360.0,18360.0,5414200
2024-12-10,18360.0,18360.0,18250.0,18250.0,18250.0,3399100
2024-12-11,18250.0,18360.0,18140.0,18280.0,18280.0,8827300
2024-12-12,18280.0,18360.0,18180.0,18210.0,18210.0,5863500
2024-12-13,18210.0,18210.0,18070.0,18100.0,18100.0,6040200
2024-12-16,18100.0,18180.0,18030.0,18100.0,18100.0,5161100
2024-12-17,18180.0,18180.0,18030.0,18140.0,18140.0,3329200
2024-12-18,18180.0,18180.0,18070.0,18100.0,18100.0,3381500
2024-12-19,18030.0,18030.0,17780.0,17850.0,17850.0,9712000
2024-12-20,17890.0,17920.0,17820.0,17850.0,17850.0,4724000
2024-12-23,17890.0,17960.0,17850.0,17920.0,17920.0,3465200
2024-12-24,17920.0,18000.0,17850.0,18000.0,18000.0,3230700
2024-12-25,18000.0,18430.0,17960.0,18320.0,18320.0,9512300
2024-12-26,18320.0,18390.0,18280.0,18390.0,18390.0,5579300
2024-12-27,18430.0,18500.0,18360.0,18390.0,18390.0,7689900
2024-12-30,18250.0,18460.0,18250.0,18280.0,18280.0,5000400
2024-12-31,18280.0,18580.0,18250.0,18580.0,18580.0,8841000
2025-01-02,18430.0,18500.0,18280.0,18430.0,18430.0,4567900
2025-01-03,18360.0,18390.0,18070.0,18070.0,18070.0,5017300
2025-01-06,18000.0,18030.0,17820.0,17850.0,17850.0,12052700
2025-01-07,17850.0,18030.0,17850.0,18000.0,18000.0,5022100
2025-01-08,18000.0,18000.0,17850.0,18000.0,18000.0,4088100
2025-01-09,17960.0,18000.0,17890.0,17960.0,17960.0,3839200
2025-01-10,17920.0,17960.0,17780.0,17780.0,17780.0,4710900
2025-01-13,17640.0,17890.0,17640.0,17820.0,17820.0,4625500
2025-01-14,17820.0,17850.0,17640.0,17750.0,17750.0,5059900
2025-01-15,17890.0,17960.0,17750.0,17920.0,17920.0,7425100
2025-01-16,17890.0,18030.0,17780.0,17890.0,17890.0,5005500
2025-01-17,17890.0,18000.0,17850.0,17960.0,17960.0,2378900
2025-01-20,17960.0,18030.0,17850.0,18000.0,18000.0,4004400
2025-01-21,18030.0,18070.0,17890.0,17960.0,17960.0,4342600
2025-01-22,18000.0,18000.0,17850.0,17890.0,17890.0,2787900
2025-01-23,17920.0,18280.0,17920.0,18210.0,18210.0,8896800
2025-01-24,18140.0,18360.0,18140.0,18250.0,18250.0,4898600
2025-02-03,18030.0,18210.0,17920.0,18070.0,18070.0,4767900
2025-02-04,18180.0,18250.0,18030.0,18180.0,18180.0,4903600
2025-02-05,18180.0,18280.0,18140.0,18280.0,18280.0,7492100
2025-02-06,18360.0,18460.0,18280.0,18360.0,18360.0,5593800
2025-02-07,18360.0,18580.0,18280.0,18500.0,18500.0,9875600
2025-02-10,18460.0,18830.0,18360.0,18580.0,18580.0,14032400
2025-02-11,18610.0,18680.0,18500.0,18610.0,18610.0,5420500
2025-02-12,18640.0,18710.0,18460.0,18460.0,18460.0,6789000
2025-02-13,18460.0,18530.0,18390.0,18500.0,18500.0,5749900
2025-02-14,18680.0,18680.0,18500.0,18530.0,18530.0,8139200
2025-02-17,18680.0,18680.0,18530.0,18580.0,18580.0,5734800
2025-02-18,18580.0,18710.0,18530.0,18530.0,18530.0,5157400
2025-02-19,18530.0,18640.0,18500.0,18580.0,18580.0,5028300
2025-02-20,18610.0,18680.0,18530.0,18680.0,18680.0,5709400
2025-02-21,18710.0,18970.0,18680.0,18860.0,18860.0,12719300
2025-02-24,18760.0,18890.0,18760.0,18830.0,18830.0,6396900
2025-02-25,18830.0,18890.0,18710.0,18710.0,18710.0,6475900
2025-02-26,18760.0,18790.0,18680.0,18680.0,18680.0,5056300
2025-02-27,18710.0,18790.0,18610.0,18790.0,18790.0,5656800
2025-02-28,18710.0,18860.0,18580.0,18710.0,18710.0,5469900
2025-03-03,18710.0,18760.0,18580.0,18710.0,18710.0,5597900
2025-03-04,18640.0,18860.0,18580.0,18830.0,18830.0,9957300
2025-03-05,18930.0,19190.0,18830.0,18830.0,18830.0,11670700
2025-03-06,18890.0,19010.0,18830.0,19010.0,19010.0,5071000
2025-03-07,19080.0,19290.0,18970.0,19190.0,19190.0,10705500
2025-03-10,19220.0,19260.0,19010.0,19040.0,19040.0,8494800
2025-03-11,18930.0,19040.0,18790.0,19040.0,19040.0,9142000
2025-03-12,19080.0,19220.0,18860.0,18930.0,18930.0,7796200
2025-03-13,18970.0,19040.0,18790.0,18790.0,18790.0,8885500
2025-03-14,18860.0,18860.0,18640.0,18710.0,18710.0,11548600
2025-03-17,18790.0,18890.0,18710.0,18860.0,18860.0,5664400
2025-03-18,18930.0,19110.0,18890.0,18930.0,18930.0,6008500
2025-03-19,18930.0,18930.0,18760.0,18860.0,18860.0,7913600
2025-03-20,19010.0,19040.0,18830.0,18890.0,18890.0,4862600
2025-03-21,18890.0,18930.0,18790.0,18790.0,18790.0,4131900
2025-03-24,18890.0,18970.0,18760.0,18970.0,18970.0,7888300
2025-03-25,19010.0,19040.0,18830.0,18930.0,18930.0,5597300
2025-03-26,18930.0,19040.0,18790.0,18830.0,18830.0,7433900
2025-03-27,18710.0,18860.0,18680.0,18710.0,18710.0,6649100
2025-03-28,18710.0,18760.0,18610.0,18680.0,18680.0,9728600
2025-03-31,18610.0,18710.0,18580.0,18710.0,18710.0,9126200
2025-04-01,18710.0,18760.0,18640.0,18760.0,18760.0,3049500
2025-04-02,18790.0,18860.0,18640.0,18680.0,18680.0,7480900
2025-04-03,18100.0,18250.0,17390.0,17390.0,17390.0,39685300
2025-04-04,16340.0,17140.0,16200.0,17140.0,17140.0,72249400
2025-04-08,16630.0,16770.0,15950.0,15950.0,15950.0,43676900
2025-04-09,14940.0,16450.0,14940.0,15690.0,15690.0,36854500
2025-04-10,16770.0,16770.0,16770.0,16770.0,16770.0,996700
2025-04-11,17850.0,17920.0,17240.0,17890.0,17890.0,35983500
2025-04-14,17890.0,18250.0,17710.0,17850.0,17850.0,19363500
2025-04-15,17710.0,17780.0,17350.0,17350.0,17350.0,14721800
2025-04-16,17600.0,17780.0,17390.0,17490.0,17490.0,11032100
2025-04-17,17640.0,17670.0,17350.0,17490.0,17490.0,10139900
2025-04-18,17640.0,17820.0,17600.0,17640.0,17640.0,10996500
2025-04-21,17530.0,17640.0,17350.0,17350.0,17350.0,7246000
2025-04-22,17490.0,17570.0,16300.0,17350.0,17350.0,13607200
2025-04-23,17710.0,17710.0,17390.0,17710.0,17710.0,6832100
2025-04-24,17570.0,17670.0,17390.0,17390.0,17390.0,6476600
2025-04-25,17570.0,17570.0,17210.0,17210.0,17210.0,13357000
2025-04-28,17310.0,17310.0,17170.0,17240.0,17240.0,4005500
2025-04-29,17240.0,17420.0,17240.0,17310.0,17310.0,3581800
2025-05-05,17350.0,17390.0,17310.0,17310.0,17310.0,4629000
2025-05-06,17310.0,17420.0,17270.0,17270.0,17270.0,8432500
2025-05-07,17420.0,17420.0,17240.0,17270.0,17270.0,7755800
2025-05-08,17350.0,17390.0,17240.0,17390.0,17390.0,7281600
2025-05-09,17600.0,17600.0,17350.0,17390.0,17390.0,5618200
2025-05-12,17460.0,17600.0,17390.0,17570.0,17570.0,9189800
2025-05-13,17670.0,17780.0,17600.0,17710.0,17710.0,9650200
2025-05-14,17750.0,17960.0,17750.0,17850.0,17850.0,10919100
2025-05-15,18360.0,18460.0,18070.0,18390.0,18390.0,24647200
2025-05-16,18500.0,18500.0,18320.0,18320.0,18320.0,10697100
2025-05-19,18320.0,18500.0,18210.0,18280.0,18280.0,13916200
2025-05-20,18360.0,18460.0,18280.0,18430.0,18430.0,11025800
2025-05-21,18530.0,18640.0,18430.0,18460.0,18460.0,12362200
2025-05-22,18500.0,18530.0,18360.0,18390.0,18390.0,18033200
2025-05-23,18570.0,18610.0,18480.0,18610.0,18610.0,11956100
2025-05-26,18610.0,18650.0,18180.0,18520.0,18520.0,9939200
2025-05-27,18610.0,18610.0,18440.0,18480.0,18480.0,9317300
2025-05-28,18520.0,18570.0,18390.0,18440.0,18440.0,7858900
2025-05-29,18480.0,18520.0,18350.0,18350.0,18350.0,9071600
2025-05-30,18350.0,18390.0,18180.0,18180.0,18180.0,7911500
2025-06-02,18180.0,18270.0,18090.0,18180.0,18180.0,8187500
2025-06-03,18220.0,18350.0,18220.0,18310.0,18310.0,7279100
2025-06-04,18350.0,18390.0,18180.0,18180.0,18180.0,5685500
2025-06-05,18220.0,18270.0,18090.0,18090.0,18090.0,5316500
2025-06-06,18140.0,18270.0,18090.0,18090.0,18090.0,6783000
2025-06-09,18090.0,18140.0,18010.0,18050.0,18050.0,5705200
2025-06-10,18140.0,18140.0,18010.0,18050.0,18050.0,5712500
2025-06-11,18090.0,18140.0,18010.0,18050.0,18050.0,3581900
2025-06-12,18140.0,18220.0,18050.0,18140.0,18140.0,6547500
2025-06-13,18090.0,18390.0,18010.0,18140.0,18140.0,10054700
2025-06-16,18090.0,18350.0,18050.0,18350.0,18350.0,8986600
2025-06-17,18440.0,18480.0,18220.0,18270.0,18270.0,7025500
2025-06-18,18270.0,18390.0,18220.0,18350.0,18350.0,7425200
2025-06-19,18350.0,18390.0,18220.0,18350.0,18350.0,7279500
2025-06-20,18350.0,18740.0,18350.0,18480.0,18480.0,15752600
2025-06-23,18440.0,18480.0,18310.0,18390.0,18390.0,8984400
2025-06-24,18480.0,18610.0,18350.0,18350.0,18350.0,8571600
2025-06-25,18390.0,18480.0,18310.0,18310.0,18310.0,7771700
2025-06-26,18350.0,18390.0,18220.0,18270.0,18270.0,9897400
2025-06-27,18350.0,18350.0,18220.0,18270.0,18270.0,6312400
2025-06-30,18310.0,18350.0,18220.0,18350.0,18350.0,5858100
2025-07-01,18350.0,18440.0,18310.0,18350.0,18350.0,7527600
2025-07-02,18350.0,18480.0,18310.0,18350.0,18350.0,7629500
2025-07-03,18390.0,18610.0,18350.0,18440.0,18440.0,15125500
2025-07-04,18480.0,19130.0,18480.0,18830.0,18830.0,26955100
2025-07-07,19000.0,19260.0,18870.0,19170.0,19170.0,17316100
2025-07-08,19300.0,19300.0,19040.0,19170.0,19170.0,14675400
2025-07-09,19170.0,19390.0,19170.0,19340.0,19340.0,18703900
2025-07-10,19510.0,19560.0,19300.0,19430.0,19430.0,9132500
2025-07-11,19430.0,19600.0,19390.0,19560.0,19560.0,15977200
2025-07-14,19600.0,19690.0,19260.0,19560.0,19560.0,12303700
2025-07-15,19560.0,19640.0,19340.0,19340.0,19340.0,12688100
2025-07-16,19340.0,19430.0,19210.0,19340.0,19340.0,10934500
2025-07-17,19340.0,19430.0,19300.0,19340.0,19340.0,15112900
2025-07-18,19390.0,19600.0,19300.0,19510.0,19510.0,17844500
2025-07-21,19560.0,19900.0,19510.0,19690.0,19690.0,17137200
2025-07-22,19690.0,19730.0,19470.0,19730.0,19730.0,12037900
2025-07-23,19860.0,19950.0,19730.0,19820.0,19820.0,15197600
2025-07-24,19950.0,20250.0,19900.0,19990.0,19990.0,15167000
2025-07-25,20200.0,20420.0,20200.0,20330.0,20330.0,17559600
2025-07-28,20420.0,20550.0,20250.0,20550.0,20550.0,16870500
2025-07-29,20590.0,20630.0,19600.0,19600.0,19600.0,34025200
2025-07-30,19600.0,19900.0,19560.0,19820.0,19820.0,15001100
2025-07-31,19990.0,20030.0,19560.0,19820.0,19820.0,10605400
2025-08-01,19820.0,19860.0,19640.0,19820.0,19820.0,7316600
2025-08-04,19820.0,20070.0,19640.0,20070.0,20070.0,11137700
2025-08-05,20250.0,21110.0,20070.0,20200.0,20200.0,42323400
2025-08-06,20420.0,21020.0,20420.0,20850.0,20850.0,16251000
2025-08-07,21020.0,21240.0,20760.0,21020.0,21020.0,19097800
2025-08-08,21110.0,21370.0,20680.0,20890.0,20890.0,15787100
2025-08-11,20940.0,21280.0,20890.0,21020.0,21020.0,16056300
2025-08-12,21110.0,21150.0,20760.0,20890.0,20890.0,14628100
2025-08-13,21020.0,21240.0,20810.0,21110.0,21110.0,19292100
2025-08-14,21320.0,22570.0,21280.0,22570.0,22570.0,34889500
2025-08-15,23520.0,23780.0,22700.0,22870.0,22870.0,29322600
2025-08-18,23090.0,23690.0,22700.0,23310.0,23310.0,28477800
2025-08-19,23310.0,24730.0,23260.0,24510.0,24510.0,41181100
2025-08-20,24560.0,24560.0,23180.0,24120.0,24120.0,33270000
2025-08-21,24380.0,25420.0,24120.0,25370.0,25370.0,45796400
2025-08-22,24990.0,25330.0,23820.0,23990.0,23990.0,43014300
2025-08-25,24300.0,24470.0,22360.0,22570.0,22570.0,37410300
2025-08-26,22620.0,23610.0,22490.0,23560.0,23560.0,20812100
2025-08-27,23950.0,24640.0,23740.0,23820.0,23820.0,18831800
2025-08-28,23950.0,24250.0,23350.0,23740.0,23740.0,13927700
2025-08-29,23910.0,24470.0,23690.0,23950.0,23950.0,21625300
2025-09-03,23870.0,23910.0,23430.0,23690.0,23690.0,18715200
2025-09-04,23780.0,23910.0,23610.0,23820.0,23820.0,11279900
2025-09-05,24080.0,24170.0,23390.0,23390.0,23390.0,23539400
2025-09-08,23260.0,23780.0,22870.0,22870.0,22870.0,26152700
2025-09-09,23220.0,23220.0,22790.0,22870.0,22870.0,15204500
2025-09-10,23000.0,23130.0,22790.0,22870.0,22870.0,14091100
2025-09-11,22830.0,22870.0,22230.0,22570.0,22570.0,20449900
2025-09-12,22870.0,22960.0,22570.0,22660.0,22660.0,12219900
2025-09-15,22660.0,22960.0,22490.0,22750.0,22750.0,27899800
2025-09-16,22920.0,22920.0,22570.0,22750.0,22750.0,40108800
2025-09-17,22750.0,22790.0,22440.0,22530.0,22530.0,13049100
2025-09-18,22570.0,22570.0,22010.0,22010.0,22010.0,21848000
2025-09-19,22230.0,22230.0,21800.0,21840.0,21840.0,13429700
2025-09-22,21930.0,21930.0,21580.0,21670.0,21670.0,19404800
2025-09-23,21670.0,22140.0,21670.0,21840.0,21840.0,9385500
2025-09-24,21970.0,22400.0,21750.0,22400.0,22400.0,10853300
2025-09-25,22530.0,22530.0,22100.0,22100.0,22100.0,8158200
2025-09-26,22100.0,22190.0,21930.0,22100.0,22100.0,8974500
2025-09-29,22010.0,22230.0,21840.0,22060.0,22060.0,8265200
2025-09-30,22190.0,22230.0,21930.0,21970.0,21970.0,9277900
2025-10-01,22140.0,22360.0,22010.0,22230.0,22230.0,10480500
2025-10-02,22310.0,22570.0,22140.0,22190.0,22190.0,10937500
2025-10-03,22190.0,22270.0,21970.0,22100.0,22100.0,9813400
2025-10-06,22530.0,23090.0,22310.0,23090.0,23090.0,20288600
2025-10-07,23180.0,23180.0,22790.0,22790.0,22790.0,12389800
2025-10-08,22960.0,23130.0,22920.0,23050.0,23050.0,18228000
2025-10-09,23090.0,23220.0,22920.0,23220.0,23220.0,16388600
2025-10-10,23310.0,23430.0,23090.0,23220.0,23220.0,16337400
2025-10-13,22870.0,23090.0,22750.0,23050.0,23050.0,18373300
2025-10-14,23050.0,23220.0,22620.0,22660.0,22660.0,18531600
2025-10-15,22750.0,22960.0,22530.0,22660.0,22660.0,14416100
2025-10-16,22750.0,22870.0,22530.0,22660.0,22660.0,13461000
2025-10-17,22660.0,22750.0,22190.0,22190.0,22190.0,16289600
2025-10-20,22060.0,22100.0,21190.0,21370.0,21370.0,32231800
2025-10-21,21410.0,21800.0,21410.0,21540.0,21540.0,19371400
2025-10-22,21710.0,21800.0,21240.0,21630.0,21630.0,15620500
2025-10-23,21630.0,21710.0,21500.0,21500.0,21500.0,8751200
2025-10-24,21500.0,21800.0,21370.0,21540.0,21540.0,11724500
2025-10-27,21800.0,22010.0,21500.0,21540.0,21540.0,10208700
2025-10-28,21630.0,21880.0,21580.0,21880.0,21880.0,10305300
2025-10-29,21880.0,22010.0,21800.0,21880.0,21880.0,6350700
2025-10-30,21970.0,22140.0,21540.0,21630.0,21630.0,9309300
2025-10-31,21800.0,21970.0,21580.0,21970.0,21970.0,12748200
2025-11-03,21880.0,22310.0,21800.0,21930.0,21930.0,13864900
2025-11-04,21930.0,22490.0,21880.0,22400.0,22400.0,17972000
2025-11-05,22230.0,22310.0,22010.0,22060.0,22060.0,6212200
2025-11-06,22010.0,22140.0,21800.0,21800.0,21800.0,6525200
2025-11-07,21750.0,21800.0,21410.0,21450.0,21450.0,12107200
2025-11-10,21450.0,21710.0,21280.0,21370.0,21370.0,7222900
2025-11-11,21410.0,21580.0,21370.0,21410.0,21410.0,6962300
2025-11-12,21540.0,21710.0,21370.0,21710.0,21710.0,6319100
2025-11-13,21710.0,21710.0,21540.0,21630.0,21630.0,5637200
2025-11-14,21630.0,21630.0,21450.0,21500.0,21500.0,6763400
2025-11-17,21540.0,21670.0,21500.0,21670.0,21670.0,3945100
2025-11-18,21710.0,21880.0,21580.0,21630.0,21630.0,6387000
2025-11-19,21670.0,21670.0,21410.0,21450.0,21450.0,5994400
2025-11-20,21540.0,21540.0,21370.0,21370.0,21370.0,6153200
2025-11-21,21320.0,21410.0,21190.0,21280.0,21280.0,7299200
2025-11-24,21280.0,21410.0,21190.0,21190.0,21190.0,7081700
2025-11-25,21240.0,21280.0,20760.0,20850.0,20850.0,15856700
2025-11-26,20850.0,21020.0,20810.0,20850.0,20850.0,9003200
2025-11-27,21070.0,21110.0,20940.0,20980.0,20980.0,7791600
2025-11-28,20980.0,21070.0,20890.0,20890.0,20890.0,5358800
2025-12-01,20940.0,20980.0,20680.0,20680.0,20680.0,9243000
2025-12-02,20720.0,20810.0,20550.0,20630.0,20630.0,15503200
2025-12-03,20680.0,21150.0,20680.0,21070.0,21070.0,16051700
2025-12-04,21150.0,21540.0,21110.0,21450.0,21450.0,12219800
2025-12-05,21450.0,21540.0,20980.0,20980.0,20980.0,8994300
2025-12-08,20890.0,21070.0,20850.0,20850.0,20850.0,4935600
2025-12-09,20850.0,20890.0,20680.0,20760.0,20760.0,11326500
2025-12-10,20810.0,20940.0,20720.0,20760.0,20760.0,5460100
2025-12-11,20890.0,20890.0,20630.0,20630.0,20630.0,7525800
2025-12-12,20720.0,20760.0,20250.0,20250.0,20250.0,13924900
2025-12-15,20250.0,20330.0,20200.0,20290.0,20290.0,9317100
2025-12-16,20290.0,21370.0,20200.0,20680.0,20680.0,9830200
2025-12-17,20720.0,20810.0,20590.0,20680.0,20680.0,6430600
2025-12-18,20680.0,20680.0,20510.0,20550.0,20550.0,3558000
2025-12-19,20590.0,20720.0,20550.0,20590.0,20590.0,3538700
2025-12-22,20680.0,21070.0,20590.0,20940.0,20940.0,10013100
2025-12-23,21070.0,21190.0,20630.0,20850.0,20850.0,8578300
2025-12-24,20810.0,21070.0,20630.0,20940.0,20940.0,8709200
2025-12-25,20940.0,21190.0,20680.0,20680.0,20680.0,7250600
2025-12-26,20590.0,20720.0,20380.0,20590.0,20590.0,7831900
2025-12-29,20550.0,20760.0,20510.0,20680.0,20680.0,3770400
2025-12-30,20680.0,20850.0,20590.0,20760.0,20760.0,5337300
2025-12-31,20810.0,20890.0,20590.0,20680.0,20680.0,5932900
2026-01-05,20680.0,20760.0,20550.0,20680.0,20680.0,8986200
2026-01-06,20720.0,20760.0,20460.0,20680.0,20680.0,12736300
2026-01-07,20850.0,21320.0,20760.0,21240.0,21240.0,22731900
2026-01-08,21320.0,21580.0,21110.0,21150.0,21150.0,24925700
2026-01-09,21280.0,21500.0,21110.0,21150.0,21150.0,16460000
2026-01-12,21240.0,21970.0,21240.0,21970.0,21970.0,22302500
2026-01-13,22140.0,22230.0,21450.0,21450.0,21450.0,24138300
2026-01-14,21540.0,21670.0,21110.0,21240.0,21240.0,19456100
2026-01-15,21410.0,21450.0,21150.0,21450.0,21450.0,14169900
2026-01-16,21540.0,21630.0,21240.0,21410.0,21410.0,10941400
2026-01-19,21450.0,21670.0,21320.0,21630.0,21630.0,10927600
2026-01-20,21630.0,21800.0,21540.0,21580.0,21580.0,18384900
2026-01-21,21540.0,21670.0,21320.0,21410.0,21410.0,12924400
2026-01-22,21450.0,21580.0,21370.0,21410.0,21410.0,10084800
2026-01-23,21540.0,21630.0,21450.0,21580.0,21580.0,11781000
2026-01-26,21580.0,21630.0,21240.0,21370.0,21370.0,13742900
2026-01-27,21190.0,21370.0,21070.0,21280.0,21280.0,12471600
2026-01-28,21070.0,21110.0,20550.0,20590.0,20590.0,32294900
2026-01-29,20680.0,20810.0,20460.0,20510.0,20510.0,20344800
2026-01-30,20550.0,20760.0,20510.0,20760.0,20760.0,15667300
2026-02-02,20720.0,20720.0,20420.0,20460.0,20460.0,14303300
2026-02-03,20510.0,20590.0,20420.0,20420.0,20420.0,17659700
2026-02-04,20420.0,20510.0,20290.0,20330.0,20330.0,17881700
2026-02-05,20380.0,20420.0,20200.0,20200.0,20200.0,14043600
2026-02-06,20160.0,20200.0,19820.0,19820.0,19820.0,18597300
2026-02-09,19990.0,20120.0,19730.0,19770.0,19770.0,11128300
2026-02-10,19900.0,19950.0,19690.0,19820.0,19820.0,14120400
2026-02-11,19860.0,20380.0,19860.0,20380.0,20380.0,17796900
2026-02-12,20380.0,20550.0,20290.0,20550.0,20550.0,17469600
2026-02-13,20550.0,20590.0,20420.0,20550.0,20550.0,13629700
2026-02-23,20680.0,20760.0,20550.0,20720.0,20720.0,11535400
2026-02-24,20760.0,20760.0,20680.0,20680.0,20680.0,13798400
2026-02-25,20760.0,21070.0,20720.0,21070.0,21070.0,16965000
2026-02-26,21110.0,21150.0,20890.0,21070.0,21070.0,13367200
2026-02-27,21070.0,21190.0,20850.0,21150.0,21150.0,11051000
2026-03-02,20680.0,20850.0,20590.0,20630.0,20630.0,19337800
2026-03-03,20630.0,20890.0,20250.0,20250.0,20250.0,14088200
2026-03-04,20250.0,20330.0,19900.0,19990.0,19990.0,21996800
2026-03-05,20250.0,20290.0,19990.0,20290.0,20290.0,9923300
2026-03-06,20250.0,20330.0,19990.0,20070.0,20070.0,11699100
2026-03-09,19040.0,19510.0,18700.0,18700.0,18700.0,35451400
2026-03-10,19430.0,19990.0,18950.0,19950.0,19950.0,23159600
2026-03-11,19860.0,20330.0,19820.0,19990.0,19990.0,18301200
2026-03-12,19820.0,20030.0,19470.0,19950.0,19950.0,15668600
2026-03-13,19770.0,20200.0,19640.0,20200.0,20200.0,15525700
2026-03-16,20160.0,20200.0,20030.0,20200.0,20200.0,9534100
2026-03-17,20250.0,20550.0,20250.0,20460.0,20460.0,9847800
2026-03-18,20460.0,20590.0,20290.0,20460.0,20460.0,10506600
2026-03-19,20250.0,20510.0,20030.0,20330.0,20330.0,16614600
2026-03-20,20160.0,20250.0,19820.0,19820.0,19820.0,13775200
2026-03-23,19770.0,19770.0,19340.0,19390.0,19390.0,15858400
2026-03-24,19600.0,19900.0,19600.0,19900.0,19900.0,14004000
2026-03-25,19990.0,20510.0,19950.0,20510.0,20510.0,12449400
2026-03-26,20420.0,20420.0,20070.0,20330.0,20330.0,8294500
2026-03-27,20160.0,20510.0,20070.0,20510.0,20510.0,7638400
2026-03-30,20070.0,20510.0,20070.0,20460.0,20460.0,7414700
2026-03-31,20380.0,20550.0,20200.0,20290.0,20290.0,13096000
2026-04-01,20550.0,20590.0,20420.0,20510.0,20510.0,9883500
2026-04-02,20420.0,20420.0,20070.0,20330.0,20330.0,9767900
2026-04-03,20330.0,20420.0,20030.0,20250.0,20250.0,11386300
2026-04-06,20250.0,20250.0,19990.0,20030.0,20030.0,5554000
2026-04-07,20030.0,20160.0,19950.0,19990.0,19990.0,10472700
2026-04-08,20420.0,20810.0,20290.0,20760.0,20760.0,19727300
2026-04-09,20720.0,20720.0,20460.0,20550.0,20550.0,5141500
2026-04-10,20760.0,20850.0,20550.0,20550.0,20550.0,8136300
2026-04-13,20510.0,20680.0,20290.0,20460.0,20460.0,8083900
2026-04-14,20630.0,20810.0,20510.0,20680.0,20680.0,15449600
2026-04-15,20810.0,20850.0,20510.0,20510.0,20510.0,7254600
2026-04-16,20590.0,20590.0,20330.0,20380.0,20380.0,8623100
2026-04-17,20420.0,20550.0,20380.0,20460.0,20460.0,6073500
2026-04-20,20550.0,20680.0,20460.0,20630.0,20630.0,8670200
2026-04-21,20680.0,20720.0,20460.0,20460.0,20460.0,6823700
2026-04-22,20460.0,20510.0,20290.0,20330.0,20330.0,8805900
2026-04-23,20290.0,20590.0,20250.0,20250.0,20250.0,14035700
2026-04-24,20290.0,20330.0,20070.0,20160.0,20160.0,17478700
2026-04-28,20160.0,20250.0,20120.0,20250.0,20250.0,7240400
2026-04-29,20250.0,20290.0,20070.0,20250.0,20250.0,8936800
2026-05-04,20290.0,20290.0,19900.0,19900.0,19900.0,12018500
2026-05-05,19900.0,19950.0,19390.0,19470.0,19470.0,28808700
2026-05-06,19510.0,20030.0,19510.0,19900.0,19900.0,19398600
2026-05-07,19900.0,19990.0,19690.0,19730.0,19730.0,20236200
2026-05-08,19730.0,19860.0,19690.0,19690.0,19690.0,15734200
2026-05-11,19820.0,19820.0,19600.0,19600.0,19600.0,12866600
2026-05-12,19640.0,19690.0,19510.0,19560.0,19560.0,10943200
2026-05-13,19560.0,19600.0,19300.0,19390.0,19390.0,21238100
2026-05-14,19390.0,19730.0,19390.0,19640.0,19640.0,16144400
2026-05-15,19640.0,20120.0,19640.0,20070.0,20070.0,21591900
2026-05-18,19900.0,20030.0,19730.0,19820.0,19820.0,11124600
2026-05-19,19820.0,19900.0,19640.0,19640.0,19640.0,15520700
2026-05-20,19640.0,19640.0,19340.0,19510.0,19510.0,22390400
2026-05-21,19560.0,19730.0,19510.0,19640.0,19640.0,13391700
2026-05-22,19640.0,19770.0,19560.0,19690.0,19690.0,10675400
2026-05-25,19770.0,20330.0,19770.0,20290.0,20290.0,30477300
2026-05-26,20330.0,21450.0,20290.0,21370.0,21370.0,58824300
2026-05-27,21410.0,21930.0,21150.0,21710.0,21710.0,40506300
2026-05-28,21630.0,21800.0,21240.0,21240.0,21240.0,21718800
2026-05-29,21110.0,21710.0,21110.0,21450.0,21450.0,16936300
2026-06-01,21450.0,21580.0,21150.0,21450.0,21450.0,15967100
2026-06-02,21450.0,21880.0,21320.0,21630.0,21630.0,33097100
2026-06-03,21450.0,22570.0,21450.0,22400.0,22400.0,60761100
2026-06-04,22400.0,22830.0,22310.0,22620.0,22620.0,46895000
2026-06-05,22570.0,22660.0,22270.0,22530.0,22530.0,27586000
2026-06-08,22140.0,22400.0,21670.0,21750.0,21750.0,27681100
2026-06-09,21840.0,22830.0,21840.0,22830.0,22830.0,48784500
2026-06-10,22830.0,23310.0,22530.0,22830.0,22830.0,38019700
2026-06-11,22570.0,22870.0,22570.0,22830.0,22830.0,23602400
2026-06-12,23000.0,23350.0,22830.0,22830.0,22830.0,61171200
2026-06-15,23100.0,23100.0,22500.0,22750.0,22750.0,15977500
2026-06-16,22800.0,22850.0,22300.0,22300.0,22300.0,13315500
2026-06-17,22300.0,22300.0,21900.0,22000.0,22000.0,20836600
2026-06-18,22000.0,22550.0,22000.0,22400.0,22400.0,12557300
2026-06-19,22400.0,22450.0,22050.0,22200.0,22200.0,7430200
2026-06-22,22200.0,22300.0,21950.0,22000.0,22000.0,9935100
2026-06-23,22000.0,22850.0,21900.0,22350.0,22350.0,22597900
2026-06-24,22350.0,22700.0,22300.0,22500.0,22500.0,10833000
2026-06-25,22550.0,22700.0,22350.0,22400.0,22400.0,10304900
2026-06-26,22350.0,22650.0,22350.0,22600.0,22600.0,10774200
2026-06-29,22600.0,23000.0,22600.0,22900.0,22900.0,13106300
2026-06-30,22950.0,22950.0,22600.0,22650.0,22650.0,6785500
2026-07-01,22650.0,22800.0,22450.0,22650.0,22650.0,10671800
2026-07-02,22650.0,23000.0,22550.0,22650.0,22650.0,10197900
2026-07-03,22550.0,22650.0,22450.0,22650.0,22650.0,10682700
2026-07-06,22650.0,22700.0,22050.0,22200.0,22200.0,12785000
2026-07-07,22200.0,22600.0,22150.0,22600.0,22600.0,11125100
2026-07-08,22600.0,22850.0,22550.0,22700.0,22700.0,9270600
2026-07-09,22600.0,23200.0,22450.0,22800.0,22800.0,18929000
2026-07-10,22800.0,22850.0,22550.0,22550.0,22550.0,7372900
2026-07-13,22500.0,22650.0,22300.0,22450.0,22450.0,15406600
2026-07-14,22350.0,23100.0,22300.0,22850.0,22850.0,18290500
2026-07-15,22850.0,23300.0,22750.0,23100.0,23100.0,23294700
2026-07-16,22950.0,23750.0,22950.0,23750.0,23750.0,45574000
2026-07-17,23800.0,23850.0,23350.0,23550.0,23550.0,10238300
2026-07-20,23500.0,23500.0,22650.0,22850.0,22850.0,22380200
2026-07-21,22600.0,23150.0,22600.0,22850.0,22850.0,16446800
2026-07-22,22950.0,23100.0,22400.0,22400.0,22400.0,30708700
2026-07-23,22400.0,22750.0,21650.0,22500.0,22500.0,27165000
2026-07-24,22100.0,22650.0,22100.0,22500.0,22500.0,13447000
2026-07-27,22500.0,22600.0,22300.0,22300.0,22300.0,18914800
2026-07-28,22150.0,22650.0,22100.0,22500.0,22500.0,15653800
2026-07-29,22350.0,22550.0,22100.0,22300.0,22300.0,11700900
2026-07-30,22200.0,22550.0,22150.0,22350.0,22350.0,12071600
