date,Adj Close,Close,High,Low,Open,Volume
2017-02-28,46692.08203125,49450.55078125,49450.55078125,49450.55078125,49450.55078125,26273
2017-03-01,49934.58984375,52884.6171875,52884.6171875,52884.6171875,52884.6171875,216434
2017-03-02,53393.2578125,56547.6171875,56547.6171875,56547.6171875,56547.6171875,416161
2017-03-03,57111.33203125,60485.34765625,60485.34765625,56547.6171875,60485.34765625,6006109
2017-03-06,59402.70703125,62912.08984375,63186.8125,60485.34765625,61355.3125,2523175
2017-03-07,57284.265625,60668.5,62957.875,59569.59765625,62912.08984375,1968919
2017-03-08,56203.42578125,59523.80859375,60668.5,57921.24609375,59569.59765625,2000980
2017-03-09,56462.83203125,59798.53515625,59981.68359375,58928.5703125,58928.5703125,1388849
2017-03-10,56635.76953125,59981.68359375,59981.68359375,58974.359375,59798.53515625,953272
2017-03-13,56635.76953125,59981.68359375,60393.7734375,59661.171875,60210.62109375,1237585
2017-03-14,55987.26171875,59294.87109375,59890.109375,59294.87109375,59706.9609375,895767
2017-03-15,52528.59375,55631.8671875,59294.87109375,55402.9296875,59065.93359375,1446987
2017-03-16,50366.91796875,53342.4921875,55860.8046875,53342.4921875,55631.8671875,1043537
2017-03-17,50799.25,53800.3671875,55402.9296875,51739.92578125,52930.40234375,1083831
2017-03-20,54344.39453125,57554.9453125,57554.9453125,54258.2421875,54945.0546875,671514
2017-03-21,54214.69140625,57417.58203125,59432.234375,57417.58203125,57554.9453125,760250
2017-03-22,54041.765625,57234.43359375,57646.51953125,56501.83203125,57234.43359375,830706
2017-03-23,54474.09765625,57692.30859375,58379.12109375,57097.0703125,57234.43359375,878055
2017-03-24,55338.76171875,58608.05859375,59020.1484375,58150.18359375,58150.18359375,1217863
2017-03-27,56160.19921875,59478.0234375,59981.68359375,58836.99609375,58836.99609375,993567
2017-03-28,56592.53125,59935.8984375,61217.94921875,59523.80859375,59981.68359375,1038885
2017-03-29,56938.3984375,60302.19921875,60393.7734375,59523.80859375,60393.7734375,930820
2017-03-30,55338.76171875,58608.05859375,60439.55859375,58608.05859375,60439.55859375,794932
2017-03-31,55382.0,58653.84765625,59478.0234375,58608.05859375,59478.0234375,696062
2017-04-03,54387.62890625,57600.734375,59294.87109375,57600.734375,58608.05859375,616958
2017-04-04,55338.76171875,58608.05859375,59478.0234375,57738.09375,59065.93359375,1002936
2017-04-05,55641.39453125,58928.5703125,59569.59765625,57921.24609375,58287.546875,1301969
2017-04-07,55814.328125,59111.72265625,59157.5078125,58928.5703125,59111.72265625,765208
2017-04-10,56549.296875,59890.109375,60210.62109375,59020.1484375,59111.72265625,1671917
2017-04-11,56981.62890625,60347.984375,60439.55859375,59935.8984375,59981.68359375,450908
2017-04-12,57976.00390625,61401.09765625,61630.03515625,60027.47265625,60027.47265625,1001123
2017-04-13,58019.23828125,61446.88671875,61538.4609375,61263.734375,61355.3125,607719
2017-04-14,57586.8984375,60989.01171875,61538.4609375,59981.68359375,61492.67578125,731923
2017-04-17,56938.3984375,60302.19921875,61263.734375,59523.80859375,60210.62109375,496204
2017-04-18,55771.08984375,59065.93359375,60347.984375,58608.05859375,59569.59765625,576510
2017-04-19,56808.703125,60164.8359375,60210.62109375,58562.26953125,59065.93359375,558230
2017-04-20,56895.1640625,60256.41015625,60347.984375,59294.87109375,60164.8359375,685251
2017-04-21,56808.703125,60164.8359375,60393.7734375,59844.32421875,60393.7734375,478099
2017-04-24,55944.03125,59249.0859375,60347.984375,59249.0859375,60164.8359375,500179
2017-04-25,55338.76171875,58608.05859375,59249.0859375,58379.12109375,59249.0859375,463816
2017-04-26,55857.5625,59157.5078125,59203.296875,58608.05859375,58608.05859375,446256
2017-04-27,55382.0,58653.84765625,59981.68359375,58653.84765625,59981.68359375,500245
2017-04-28,55382.0,58653.84765625,58653.84765625,58653.84765625,58653.84765625,0
2017-05-03,55295.52734375,58562.26953125,58928.5703125,58424.91015625,58928.5703125,533376
2017-05-04,56203.42578125,59523.80859375,59523.80859375,58562.26953125,58562.26953125,549625
2017-05-05,56116.96484375,59432.234375,59615.3828125,58836.99609375,59615.3828125,511995
2017-05-08,56030.5,59340.66015625,59478.0234375,59065.93359375,59478.0234375,535014
2017-05-09,56117.63671875,58974.359375,59294.87109375,58608.05859375,59065.93359375,639890
2017-05-10,56858.31640625,59752.74609375,59752.74609375,58791.20703125,58974.359375,919638
2017-05-11,56814.75,59706.9609375,59890.109375,59386.4453125,59615.3828125,929772
2017-05-12,56640.46875,59523.80859375,59890.109375,59294.87109375,59523.80859375,719824
2017-05-15,55986.93359375,58836.99609375,59478.0234375,58608.05859375,59065.93359375,747736
2017-05-16,55769.078125,58608.05859375,58836.99609375,58150.18359375,58836.99609375,833829
2017-05-17,55769.078125,58608.05859375,58928.5703125,57875.45703125,58699.6328125,789625
2017-05-18,55333.38671875,58150.18359375,58608.05859375,57875.45703125,58608.05859375,510859
2017-05-19,55681.9453125,58516.484375,58516.484375,57875.45703125,58150.18359375,759158
2017-05-22,55943.359375,58791.20703125,59065.93359375,57921.24609375,57921.24609375,522500
2017-05-23,55681.9453125,58516.484375,58745.421875,58150.18359375,58150.18359375,591514
2017-05-24,55333.38671875,58150.18359375,58516.484375,58104.39453125,58516.484375,600294
2017-05-25,54897.69140625,57692.30859375,58195.96875,57509.15625,58150.18359375,636526
2017-05-26,55246.25,58058.609375,58150.18359375,57738.09375,57738.09375,662669
2017-05-29,55681.9453125,58516.484375,58516.484375,57921.24609375,57921.24609375,509418
2017-05-30,55551.23828125,58379.12109375,58516.484375,58150.18359375,58516.484375,507190
2017-05-31,55681.9453125,58516.484375,58516.484375,58241.7578125,58333.33203125,636461
2017-06-01,56640.46875,59523.80859375,59523.80859375,58424.91015625,58516.484375,682063
2017-06-02,57076.171875,59981.68359375,60851.6484375,59798.53515625,59981.68359375,1115871
2017-06-05,56640.46875,59523.80859375,59981.68359375,59294.87109375,59981.68359375,683024
2017-06-06,56684.04296875,59569.59765625,59981.68359375,59432.234375,59523.80859375,752453
2017-06-07,55551.23828125,58379.12109375,59752.74609375,58150.18359375,59569.59765625,932371
2017-06-08,55725.5078125,58562.26953125,59386.4453125,58562.26953125,59294.87109375,781042
2017-06-09,55333.38671875,58150.18359375,58928.5703125,57921.24609375,58928.5703125,741402
2017-06-12,55333.38671875,58150.18359375,58745.421875,57829.671875,58470.6953125,537001
2017-06-13,55594.8046875,58424.91015625,58562.26953125,57967.03125,58562.26953125,615298
2017-06-14,55333.38671875,58150.18359375,58562.26953125,58150.18359375,58516.484375,950607
2017-06-15,55115.53515625,57921.24609375,58745.421875,57921.24609375,58745.421875,619688
2017-06-16,55333.38671875,58150.18359375,59432.234375,57967.03125,59432.234375,684138
2017-06-19,55289.81640625,58104.39453125,58608.05859375,57921.24609375,58608.05859375,595161
2017-06-20,55115.53515625,57921.24609375,58012.8203125,57692.30859375,57921.24609375,828107
2017-06-21,54505.55859375,57280.21875,58012.8203125,57234.43359375,58012.8203125,1037640
2017-06-22,54026.30078125,56776.55859375,57463.37109375,56684.98046875,57280.21875,778224
2017-06-23,54897.69140625,57692.30859375,57692.30859375,56868.1328125,56913.91796875,814522
2017-06-26,54897.69140625,57692.30859375,58150.18359375,57509.15625,57875.45703125,707375
2017-06-27,54461.99609375,57234.43359375,57692.30859375,57234.43359375,57692.30859375,850427
2017-06-28,54374.8515625,57142.85546875,57692.30859375,57051.28125,57646.51953125,697023
2017-06-29,55028.3984375,57829.671875,57829.671875,56776.55859375,57142.85546875,956788
2017-06-30,55028.3984375,57829.671875,58104.39453125,57142.85546875,58104.39453125,765950
2017-07-03,54766.98046875,57554.9453125,57554.9453125,57097.0703125,57554.9453125,991688
2017-07-04,54418.421875,57188.64453125,57646.51953125,56959.70703125,57646.51953125,726289
2017-07-05,54549.1328125,57326.0078125,57692.30859375,57097.0703125,57600.734375,931082
2017-07-06,54723.40625,57509.15625,57829.671875,57326.0078125,57829.671875,735287
2017-07-07,54723.40625,57509.15625,57554.9453125,57234.43359375,57554.9453125,744853
2017-07-10,54679.8359375,57463.37109375,57600.734375,57188.64453125,57509.15625,791306
2017-07-11,54636.26953125,57417.58203125,57600.734375,57005.49609375,57600.734375,780146
2017-07-12,54854.12109375,57646.51953125,57692.30859375,57417.58203125,57692.30859375,718863
2017-07-13,54854.12109375,57646.51953125,57646.51953125,57646.51953125,57646.51953125,0
2017-07-14,55289.81640625,58104.39453125,58104.39453125,57921.24609375,58104.39453125,759595
2017-07-17,55333.38671875,58150.18359375,58333.33203125,57829.671875,58150.18359375,722860
2017-07-18,55638.375,58470.6953125,58562.26953125,58104.39453125,58150.18359375,771039
2017-07-19,55943.359375,58791.20703125,59065.93359375,58470.6953125,58608.05859375,915227
2017-07-20,55333.38671875,58150.18359375,59020.1484375,58012.8203125,58882.78515625,676297
2017-07-21,54592.69921875,57371.79296875,58516.484375,57097.0703125,57692.30859375,696390
2017-07-24,54766.98046875,57554.9453125,57829.671875,56822.34375,57600.734375,625257
2017-07-25,54897.69140625,57692.30859375,58104.39453125,57005.49609375,58012.8203125,777329
2017-07-26,54897.69140625,57692.30859375,57692.30859375,57463.37109375,57692.30859375,702592
2017-07-27,54984.82421875,57783.8828125,58150.18359375,57371.79296875,57921.24609375,725350
2017-07-28,55870.25,57783.8828125,57783.8828125,57783.8828125,57783.8828125,0
2017-07-31,55073.3671875,56959.70703125,57142.85546875,56364.46875,56913.91796875,830444
2017-08-01,55206.18359375,57097.0703125,57142.85546875,56684.98046875,56959.70703125,941478
2017-08-02,55339.0,57234.43359375,57326.0078125,56776.55859375,57097.0703125,625191
2017-08-03,55339.0,57234.43359375,57463.37109375,56776.55859375,57234.43359375,740616
2017-08-04,55294.72265625,57188.64453125,57417.58203125,56868.1328125,57234.43359375,863903
2017-08-07,55294.72265625,57188.64453125,57417.58203125,56822.34375,57142.85546875,672519
2017-08-08,55206.18359375,57097.0703125,57280.21875,56868.1328125,56868.1328125,693856
2017-08-09,54674.92578125,56547.6171875,57142.85546875,56547.6171875,57142.85546875,639475
2017-08-10,54896.2890625,56776.55859375,57005.49609375,56547.6171875,56547.6171875,666403
2017-08-11,54940.5546875,56822.34375,57142.85546875,56730.76953125,56776.55859375,535626
2017-08-14,54940.5546875,56822.34375,57142.85546875,56730.76953125,56959.70703125,547004
2017-08-15,54896.2890625,56776.55859375,56959.70703125,56639.1953125,56913.91796875,621959
2017-08-16,54763.46875,56639.1953125,56730.76953125,56318.6796875,56318.6796875,660048
2017-08-17,54276.49609375,56135.53125,56639.1953125,56135.53125,56639.1953125,674135
2017-08-18,54453.5703125,56318.6796875,56318.6796875,55631.8671875,56181.3203125,662822
2017-08-21,54674.92578125,56547.6171875,56684.98046875,56456.04296875,56684.98046875,616521
2017-08-22,54674.92578125,56547.6171875,56730.76953125,56501.83203125,56547.6171875,713228
2017-08-23,54852.01171875,56730.76953125,56776.55859375,56547.6171875,56684.98046875,91679952
2017-08-24,55073.3671875,56959.70703125,57234.43359375,56684.98046875,56776.55859375,76343904
2017-08-25,55294.72265625,57188.64453125,57280.21875,57005.49609375,57234.43359375,577362
2017-08-28,55294.72265625,57188.64453125,57234.43359375,57005.49609375,57188.64453125,532437
2017-08-29,55294.72265625,57188.64453125,57188.64453125,57188.64453125,57188.64453125,0
2017-08-30,55206.18359375,57097.0703125,57234.43359375,56684.98046875,57005.49609375,595052
2017-08-31,55250.453125,57142.85546875,57280.21875,56913.91796875,57188.64453125,826775
2017-09-01,56357.23828125,58287.546875,58379.12109375,57463.37109375,57463.37109375,1117116
2017-09-04,56357.23828125,58287.546875,58287.546875,58287.546875,58287.546875,0
2017-09-05,57818.1875,59798.53515625,60393.7734375,59523.80859375,60393.7734375,1416324
2017-09-06,57906.7265625,59890.109375,60027.47265625,59661.171875,59935.8984375,794211
2017-09-07,57685.37109375,59661.171875,60119.046875,59478.0234375,59935.8984375,971093
2017-09-08,57685.37109375,59661.171875,59890.109375,59065.93359375,59752.74609375,784689
2017-09-11,59102.0546875,61126.375,61767.3984375,59706.9609375,59981.68359375,1655821
2017-09-12,59102.0546875,61126.375,61538.4609375,61080.5859375,61355.3125,1162630
2017-09-13,59456.22265625,61492.67578125,61538.4609375,61126.375,61538.4609375,1536662
2017-09-14,60961.4375,63049.44921875,63186.8125,61721.61328125,61813.1875,2024655
2017-09-15,60961.4375,63049.44921875,64010.98828125,63049.44921875,63644.6875,1091454
2017-09-18,60695.8125,62774.7265625,63553.11328125,62591.57421875,63553.11328125,1508314
2017-09-19,60430.18359375,62500.0,62774.7265625,62408.42578125,62545.7890625,1292491
2017-09-20,60695.8125,62774.7265625,63003.6640625,62545.7890625,62728.9375,1212251
2017-09-21,60695.8125,62774.7265625,63415.75,62683.1484375,63186.8125,1079485
2017-09-22,64892.7265625,67115.3828125,67115.3828125,63141.02734375,63205.12890625,2343042
2017-09-25,67805.765625,70128.203125,70897.4375,67307.6953125,67307.6953125,1591886
2017-09-26,66628.1484375,68910.2578125,70192.3046875,68397.4375,70192.3046875,978104
2017-09-27,66318.2578125,68589.7421875,68717.9453125,67307.6953125,68269.234375,1139455
2017-09-28,66876.0703125,69166.6640625,70128.203125,68589.7421875,68782.0546875,909168
2017-09-29,67062.0078125,69358.9765625,70064.1015625,68910.2578125,69551.28125,1032657
2017-10-02,66690.1328125,68974.359375,69871.796875,68397.4375,69551.28125,1075542
2017-10-03,64706.78515625,66923.078125,69038.4609375,66666.6640625,67948.71875,754712
2017-10-04,65078.65625,67307.6953125,67820.515625,66666.6640625,67307.6953125,1185927
2017-10-05,65326.57421875,67564.1015625,68076.921875,66987.1796875,67628.203125,1115524
2017-10-06,65264.59765625,67500.0,67692.3046875,66987.1796875,67307.6953125,656650
2017-10-09,65574.5,67820.515625,68461.5390625,66794.875,67756.4140625,1360632
2017-10-10,65078.65625,67307.6953125,68397.4375,67115.3828125,68397.4375,1511281
2017-10-11,65140.64453125,67371.796875,67628.203125,66730.765625,67307.6953125,1274785
2017-10-12,66876.0703125,69166.6640625,69743.5859375,66923.078125,67371.796875,2763493
2017-10-13,66938.046875,69230.765625,69551.28125,69102.5625,69423.078125,857844
2017-10-16,68859.421875,71217.9453125,71346.15625,69358.9765625,69487.1796875,2048857
2017-10-17,68797.4375,71153.84375,71923.078125,70833.3359375,71153.84375,992503
2017-10-18,68859.421875,71217.9453125,72628.203125,71153.84375,71730.765625,2019638
2017-10-19,68921.40625,71282.0546875,71987.1796875,70961.5390625,71346.15625,1192089
2017-10-20,68983.3828125,71346.15625,72243.5859375,71025.640625,71602.5625,1179921
2017-10-23,67557.8515625,69871.796875,71410.2578125,69871.796875,71346.15625,1136772
2017-10-24,67557.8515625,69871.796875,70320.515625,69358.9765625,69551.28125,744494
2017-10-25,67867.75,70192.3046875,70448.71875,69294.875,70192.3046875,880963
2017-10-26,67867.75,70192.3046875,70512.8203125,69871.796875,70320.515625,1223788
2017-10-27,70099.015625,72500.0,72500.0,70320.515625,70320.515625,3374982
2017-10-30,70966.734375,73397.4375,73782.0546875,72243.5859375,73076.921875,1651150
2017-10-31,69913.078125,72307.6953125,73397.4375,71858.9765625,73076.921875,810076
2017-11-01,70470.8984375,72884.6171875,73012.8203125,71794.875,72115.3828125,1356404
2017-11-02,69293.2734375,71666.6640625,73717.9453125,71474.359375,72307.6953125,1770771
2017-11-03,70284.953125,72692.3046875,72756.4140625,71025.640625,71666.6640625,1322318
2017-11-06,70346.9296875,72756.4140625,73397.4375,72307.6953125,72692.3046875,1362597
2017-11-07,70346.9296875,72756.4140625,72948.71875,72307.6953125,72564.1015625,1358760
2017-11-08,72020.3828125,74487.1796875,74935.8984375,72820.515625,72820.515625,3616579
2017-11-09,72640.171875,75128.203125,75833.3359375,74166.6640625,74166.6640625,2374788
2017-11-10,73074.0390625,75576.921875,75833.3359375,75128.203125,75576.921875,1865089
2017-11-13,72578.2109375,75064.1015625,75512.8203125,74551.28125,75320.515625,2191332
2017-11-14,73136.015625,75641.0234375,76730.765625,74102.5625,74871.796875,2903004
2017-11-15,73136.015625,75641.0234375,76666.6640625,75641.0234375,76282.0546875,1583322
2017-11-16,74685.5078125,77243.5859375,77564.1015625,75641.0234375,75641.0234375,1738214
2017-11-17,74685.5078125,77243.5859375,77756.4140625,76282.0546875,77243.5859375,1762722
2017-11-20,74871.4453125,77435.8984375,77628.203125,76923.078125,77371.796875,1156022
2017-11-21,76854.796875,79487.1796875,79807.6953125,77500.0,77500.0,2986136
2017-11-22,78094.3984375,80769.234375,81025.640625,79551.28125,79551.28125,1550047
2017-11-23,80511.6015625,83269.234375,83910.2578125,79487.1796875,80769.234375,2397454
2017-11-24,80263.6796875,83012.8203125,83653.84375,82051.28125,83333.3359375,1698715
2017-11-27,80139.7265625,82884.6171875,83269.234375,81858.9765625,82756.4140625,1843140
2017-11-28,82185.0546875,85000.0,85000.0,82564.1015625,82820.515625,2779405
2017-11-29,83424.6484375,86282.0546875,86730.765625,85320.515625,85833.3359375,1607502
2017-11-30,83672.5625,86538.4609375,88397.4375,86538.4609375,86538.4609375,2149024
2017-12-01,83610.578125,86474.359375,86858.9765625,85576.921875,86730.765625,1560780
2017-12-04,84106.421875,86987.1796875,87051.28125,86282.0546875,86666.6640625,1399616
2017-12-05,80573.578125,83333.3359375,87243.5859375,83333.3359375,86858.9765625,2586214
2017-12-06,80573.578125,83333.3359375,84423.078125,80128.203125,83653.84375,2264043
2017-12-07,78714.1953125,81410.2578125,84102.5625,80448.71875,83333.3359375,2040885
2017-12-08,80139.7265625,82884.6171875,83333.3359375,81282.0546875,81858.9765625,1382113
2017-12-11,82247.03125,85064.1015625,86153.84375,82692.3046875,82692.3046875,1311367
2017-12-12,82680.8984375,85512.8203125,86025.640625,82371.796875,85320.515625,1478131
2017-12-13,82990.7890625,85833.3359375,86410.2578125,85256.4140625,85705.125,1086196
2017-12-14,82680.8984375,85512.8203125,86025.640625,84935.8984375,85833.3359375,1231292
2017-12-15,86151.75,89102.5625,89102.5625,84935.8984375,84935.8984375,2333510
2017-12-18,87391.34375,90384.6171875,90961.5390625,89294.875,89358.9765625,1648795
2017-12-19,88878.859375,91923.078125,92115.3828125,89102.5625,90384.6171875,2016799
2017-12-20,88445.0,91474.359375,92179.484375,90705.125,91923.078125,1373049
2017-12-21,86647.578125,89615.3828125,91538.4609375,89423.078125,90384.6171875,1671056
2017-12-22,86275.71875,89230.765625,90192.3046875,87820.515625,89615.3828125,1516803
2017-12-25,87391.34375,90384.6171875,91282.0546875,89230.765625,89230.765625,1125711
2017-12-26,88630.9296875,91666.6640625,91923.078125,90384.6171875,90512.8203125,1524354
2017-12-27,88321.0390625,91346.15625,91730.765625,91025.640625,91666.6640625,1362894
2017-12-28,89870.53125,92948.71875,93141.0234375,91217.9453125,91346.15625,1878130
2017-12-29,90986.15625,94102.5625,94423.078125,92948.71875,92948.71875,1832376
2018-01-01,90986.15625,94102.5625,94102.5625,94102.5625,94102.5625,0
2018-01-02,91420.03125,94551.28125,95769.234375,94038.4609375,94038.4609375,1529517
2018-01-03,91915.859375,95064.1015625,95256.4140625,93846.15625,94615.3828125,2360732
2018-01-04,92287.7421875,95448.71875,95641.0234375,94423.078125,94871.796875,1435683
2018-01-05,92287.7421875,95448.71875,95705.125,94743.5859375,95512.8203125,1362254
2018-01-08,92039.8203125,95192.3046875,95576.921875,94679.484375,95448.71875,1148659
2018-01-09,91420.03125,94551.28125,95384.6171875,92948.71875,95256.4140625,1783704
2018-01-10,90862.2109375,93974.359375,94807.6953125,93717.9453125,94551.28125,1114136
2018-01-11,95386.71875,98653.84375,98653.84375,94230.765625,94294.875,2651563
2018-01-12,96378.3984375,99679.484375,99679.484375,97628.203125,98461.5390625,1858646
2018-01-15,99725.296875,103141.0234375,103205.125,98717.9453125,99679.484375,2017033
2018-01-16,100097.1875,103525.640625,104807.6953125,102884.6171875,103141.0234375,1715734
2018-01-17,100097.1875,103525.640625,103525.640625,103525.640625,103525.640625,0
2018-01-18,101584.6875,105064.1015625,105064.1015625,100705.125,100705.125,2025129
2018-01-19,108650.375,112371.796875,112371.796875,105192.3046875,105256.4140625,2827749
2018-01-22,109273.7265625,112371.796875,112371.796875,112371.796875,112371.796875,0
2018-01-23,109273.7265625,112371.796875,112371.796875,112371.796875,112371.796875,0
2018-01-24,109273.7265625,112371.796875,112371.796875,112371.796875,112371.796875,0
2018-01-25,124358.8671875,127884.6171875,127884.6171875,127884.6171875,127884.6171875,827673
2018-01-26,118437.015625,121794.875,136794.875,119038.4609375,136794.875,3358399
2018-01-29,118125.3359375,121474.359375,126923.078125,118589.7421875,121153.84375,2960146
2018-01-30,121553.7734375,125000.0,125000.0,117371.796875,121474.359375,2919212
2018-01-31,120307.0703125,123717.9453125,125320.515625,122948.71875,125000.0,1544712
2018-02-01,119683.71875,123076.921875,124038.4609375,121794.875,121794.875,1515930
2018-02-02,121242.09375,124679.484375,125320.515625,120320.515625,122435.8984375,2323604
2018-02-05,115320.2421875,118589.7421875,124358.9765625,118589.7421875,121153.84375,1087491
2018-02-06,107279.0,110320.515625,110320.515625,110320.515625,110320.515625,1728604
2018-02-07,114759.234375,118012.8203125,118012.8203125,111538.4609375,111538.4609375,1791223
2018-02-08,114696.8984375,117948.71875,121794.875,115384.6171875,118141.0234375,681829
2018-02-09,115320.2421875,118589.7421875,118589.7421875,110576.921875,113461.5390625,1156131
2018-02-12,122738.140625,126217.9453125,126217.9453125,119230.765625,119230.765625,1940593
2018-02-13,124047.1875,127564.1015625,128141.0234375,125000.0,126282.0546875,2937979
2018-02-14,124047.1875,127564.1015625,127564.1015625,127564.1015625,127564.1015625,0
2018-02-15,124047.1875,127564.1015625,127564.1015625,127564.1015625,127564.1015625,0
2018-02-16,124047.1875,127564.1015625,127564.1015625,127564.1015625,127564.1015625,0
2018-02-19,124047.1875,127564.1015625,127564.1015625,127564.1015625,127564.1015625,0
2018-02-20,124047.1875,127564.1015625,127564.1015625,127564.1015625,127564.1015625,0
2018-02-21,124047.1875,127564.1015625,129423.078125,127435.8984375,127692.3046875,1307202
2018-02-22,121553.7734375,125000.0,127564.1015625,123141.0234375,127564.1015625,1022252
2018-02-23,121553.7734375,125000.0,125769.234375,123525.640625,125000.0,1167956
2018-02-26,121616.109375,125064.1015625,126923.078125,124743.5859375,125128.203125,1436276
2018-02-27,125293.8984375,128846.15625,130576.921875,125128.203125,125128.203125,1752316
2018-02-28,125293.8984375,128846.15625,128846.15625,128846.15625,128846.15625,0
2018-03-01,124982.21875,128525.640625,130705.125,126602.5625,127564.1015625,997276
2018-03-02,125917.25,129487.1796875,129935.8984375,126666.6640625,127884.6171875,926031
2018-03-05,126540.5859375,130128.203125,136538.46875,129487.1796875,129487.1796875,1868677
2018-03-06,130779.3828125,134487.171875,134487.171875,130128.203125,130769.234375,1070674
2018-03-07,129345.6875,133012.828125,135256.40625,132051.28125,134487.171875,717038
2018-03-08,130280.71875,133974.359375,135256.40625,131730.765625,133269.234375,1098146
2018-03-09,130280.71875,133974.359375,136217.953125,133974.359375,134294.875,1080315
2018-03-12,130841.734375,134551.28125,135833.328125,133974.359375,133974.359375,849388
2018-03-13,128410.65625,132051.28125,134935.890625,128846.15625,134551.28125,1452547
2018-03-14,128722.328125,132371.796875,133653.84375,130128.203125,132692.3125,1633990
2018-03-15,128098.9765625,131730.765625,133333.328125,130833.3359375,132371.796875,927919
2018-03-16,127163.953125,130769.234375,132692.3125,130705.125,131923.078125,1243242
2018-03-19,129345.6875,133012.828125,133910.25,131217.953125,131730.765625,1418944
2018-03-20,127724.9765625,131346.15625,133333.328125,130769.234375,132692.3125,1311320
2018-03-21,126540.5859375,130128.203125,131730.765625,130128.203125,131410.25,1430192
2018-03-22,130218.3671875,133910.25,134358.96875,130705.125,130705.125,1569313
2018-03-23,129906.7109375,133589.75,133589.75,130128.203125,130128.203125,865066
2018-03-26,135828.546875,139679.484375,139743.59375,133974.359375,133974.359375,2630643
2018-03-27,138384.296875,142307.6875,142756.40625,140705.125,141025.640625,1224756
2018-03-28,140254.359375,144230.765625,144679.484375,141346.15625,142307.6875,983299
2018-03-29,138384.296875,142307.6875,144743.59375,141987.171875,144230.765625,883911
2018-03-30,139568.671875,143525.640625,144551.28125,142243.59375,142307.6875,1125961
2018-04-02,142186.765625,146217.953125,147051.28125,143717.953125,143717.953125,967309
2018-04-03,140254.359375,144230.765625,146730.765625,142307.6875,146217.953125,1346529
2018-04-04,137760.953125,141666.671875,145512.828125,141666.671875,144551.28125,1459005
2018-04-05,135890.90625,139743.59375,142884.609375,139102.5625,141666.671875,1429693
2018-04-06,135890.90625,139743.59375,141666.671875,137884.609375,140064.109375,1775326
2018-04-09,135890.90625,139743.59375,141858.96875,138269.234375,141025.640625,1826276
2018-04-10,135267.53125,139102.5625,141025.640625,138141.03125,140000.0,1497802
2018-04-11,132774.125,136538.46875,139743.59375,129423.078125,139743.59375,1758822
2018-04-12,130904.0625,134615.390625,137179.484375,133333.328125,135897.4375,1150921
2018-04-13,132026.125,135769.234375,136858.96875,134935.890625,135256.40625,932864
2018-04-16,132026.125,135769.234375,136666.671875,135064.109375,135897.4375,585748
2018-04-17,130904.0625,134615.390625,136858.96875,134615.390625,135769.234375,755383
2018-04-18,130779.3828125,134487.171875,135576.921875,133653.84375,135256.40625,940992
2018-04-19,122800.484375,126282.0546875,135256.40625,126282.0546875,134615.390625,1585287
2018-04-20,121990.1171875,125448.71875,128397.4375,124358.9765625,126282.0546875,1345219
2018-04-23,122800.484375,126282.0546875,131987.171875,126282.0546875,126923.078125,1297764
2018-04-24,121553.7734375,125000.0,127564.1015625,117500.0,126666.6640625,1589998
2018-04-25,121553.7734375,125000.0,125000.0,125000.0,125000.0,0
2018-04-26,119683.71875,123076.921875,126282.0546875,116474.359375,125641.0234375,1333285
2018-04-27,116566.953125,119871.796875,121794.875,117307.6953125,121794.875,800872
2018-04-30,116566.953125,119871.796875,119871.796875,119871.796875,119871.796875,0
2018-05-01,116566.953125,119871.796875,119871.796875,119871.796875,119871.796875,0
2018-05-02,111954.1484375,115128.203125,120512.8203125,115128.203125,120192.3046875,1473373
2018-05-03,107840.0234375,110897.4375,115128.203125,108910.2578125,115128.203125,934284
2018-05-04,110333.421875,113461.5390625,117243.5859375,111538.4609375,116025.640625,791310
2018-05-07,114073.546875,117307.6953125,117307.6953125,113141.0234375,114743.5859375,1135102
2018-05-08,117127.96875,120448.71875,121730.765625,117435.8984375,117628.203125,1041939
2018-05-09,121702.796875,124487.1796875,127564.1015625,118974.359375,120512.8203125,912194
2018-05-10,120386.7421875,123141.0234375,126602.5625,120512.8203125,125000.0,1348588
2018-05-11,119008.03125,121730.765625,122500.0,118589.7421875,122500.0,530478
2018-05-14,120449.4140625,123205.125,123717.9453125,121474.359375,122435.8984375,885846
2018-05-15,123457.5234375,126282.0546875,126858.9765625,123717.9453125,124358.9765625,949774
2018-05-16,122078.8046875,124871.796875,126217.9453125,123782.0546875,126153.84375,484723
2018-05-17,117817.328125,120512.8203125,125000.0,119038.4609375,125000.0,899168
2018-05-18,119070.7109375,121794.875,123717.9453125,112115.3828125,119871.796875,1525586
2018-05-21,115310.578125,117948.71875,123717.9453125,117435.8984375,122756.4140625,645028
2018-05-22,110861.09375,113397.4375,117243.5859375,110576.921875,112179.484375,925033
2018-05-23,111550.4453125,114102.5625,114102.5625,110641.0234375,113397.4375,913473
2018-05-24,107476.9765625,109935.8984375,115320.515625,108333.3359375,114743.5859375,970226
2018-05-25,99956.71875,102243.5859375,109935.8984375,102243.5859375,109935.8984375,1269777
2018-05-28,93000.484375,95128.203125,100641.0234375,95128.203125,98076.921875,564408
2018-05-29,95256.5625,97435.8984375,100641.0234375,88782.0546875,88782.0546875,1176333
2018-05-30,92123.125,94230.765625,97435.8984375,91858.9765625,96794.875,686290
2018-05-31,93251.1640625,95384.6171875,96794.875,94294.875,96153.84375,847329
2018-06-01,99768.7109375,102051.28125,102051.28125,96794.875,96794.875,839654
2018-06-04,106724.953125,109166.6640625,109166.6640625,104487.1796875,105769.234375,583861
2018-06-05,108417.015625,110897.4375,113782.0546875,109294.875,110897.4375,770218
2018-06-06,109419.7109375,111923.078125,111923.078125,107692.3046875,108974.359375,560944
2018-06-07,112177.1328125,114743.5859375,116346.15625,111923.078125,111923.078125,1121530
2018-06-08,112177.1328125,114743.5859375,115064.1015625,113782.0546875,114807.6953125,924081
2018-06-11,115310.578125,117948.71875,119871.796875,112820.515625,114743.5859375,991832
2018-06-12,112177.1328125,114743.5859375,117820.515625,110128.203125,117307.6953125,971802
2018-06-13,112615.8125,115192.3046875,116987.1796875,114423.078125,114743.5859375,590772
2018-06-14,109670.390625,112179.484375,115064.1015625,112179.484375,112243.5859375,653874
2018-06-15,108417.015625,110897.4375,112756.4140625,110256.4140625,112115.3828125,704184
2018-06-18,103403.515625,105769.234375,112115.3828125,103846.15625,111538.4609375,744291
2018-06-19,100270.0625,102564.1015625,105769.234375,99294.875,105769.234375,927607
2018-06-20,106536.9453125,108974.359375,108974.359375,100641.0234375,102564.1015625,1261306
2018-06-21,108479.6796875,110961.5390625,114102.5625,105833.3359375,108974.359375,610693
2018-06-22,109607.71875,112115.3828125,113461.5390625,109294.875,111538.4609375,878607
2018-06-25,108417.015625,110897.4375,113141.0234375,110320.515625,112371.796875,545157
2018-06-26,108354.34375,110833.3359375,110897.4375,108333.3359375,109615.3828125,376038
2018-06-27,106912.9609375,109358.9765625,110833.3359375,109358.9765625,110833.3359375,541632
2018-06-28,104092.859375,106474.359375,109615.3828125,106410.2578125,109615.3828125,741561
2018-06-29,106637.21875,109076.921875,110153.84375,107307.6953125,107692.3046875,604942
2018-07-02,104531.546875,106923.078125,109230.765625,106461.5390625,109076.921875,331123
2018-07-03,100019.3984375,102307.6953125,107461.5390625,101538.4609375,106923.078125,441402
2018-07-04,98515.34375,100769.234375,102307.6953125,98461.5390625,101538.4609375,512954
2018-07-05,97387.296875,99615.3828125,104769.234375,96923.078125,101153.84375,691080
2018-07-06,99944.1875,102230.765625,102692.3046875,97692.3046875,100000.0,653172
2018-07-09,98139.328125,100384.6171875,103307.6953125,99076.921875,102307.6953125,537134
2018-07-10,100395.3984375,102692.3046875,103461.5390625,99615.3828125,100538.4609375,932113
2018-07-11,98289.734375,100538.4609375,101461.5390625,98461.5390625,101461.5390625,523237
2018-07-12,98064.1328125,100307.6953125,101461.5390625,98461.5390625,100615.3828125,458848
2018-07-13,98515.34375,100769.234375,101153.84375,98923.078125,100769.234375,464074
2018-07-16,99267.3671875,101538.4609375,102923.078125,100538.4609375,101923.078125,548470
2018-07-17,99342.5703125,101615.3828125,101692.3046875,100230.765625,101538.4609375,511212
2018-07-18,101147.4296875,103461.5390625,103461.5390625,102307.6953125,102692.3046875,1299181
2018-07-19,105283.5625,107692.3046875,110307.6953125,104230.765625,104538.4609375,1551992
2018-07-20,98515.34375,100769.234375,109923.078125,100769.234375,108076.921875,928694
2018-07-23,105283.5625,107692.3046875,107692.3046875,104615.3828125,105384.6171875,1072435
2018-07-24,105283.5625,107692.3046875,107692.3046875,107692.3046875,107692.3046875,0
2018-07-25,102275.46875,104615.3828125,106923.078125,102846.15625,106153.84375,797745
2018-07-26,102952.296875,105307.6953125,105769.234375,102615.3828125,105384.6171875,966251
2018-07-27,103403.515625,105769.234375,106153.84375,104384.6171875,106153.84375,825201
2018-07-30,108667.6796875,111153.84375,111153.84375,105846.15625,106153.84375,2068248
2018-07-31,108592.484375,111076.921875,111923.078125,109230.765625,109615.3828125,1142531
2018-08-01,107539.640625,110000.0,111538.4609375,108769.234375,111076.921875,772213
2018-08-02,109795.7265625,112307.6953125,112307.6953125,108230.765625,110000.0,1188993
2018-08-03,111299.78125,113846.15625,114615.3828125,111692.3046875,113076.921875,1447966
2018-08-06,111224.578125,113769.234375,114230.765625,112692.3046875,113846.15625,544791
2018-08-07,110472.546875,113000.0,113692.3046875,112461.5390625,113615.3828125,645203
2018-08-08,110923.7578125,113461.5390625,114461.5390625,112769.234375,113076.921875,669110
2018-08-09,112954.234375,115538.4609375,116076.921875,113846.15625,113846.15625,1065987
2018-08-10,114608.6796875,117230.765625,117307.6953125,114615.3828125,115538.4609375,832962
2018-08-13,115811.9296875,118461.5390625,119461.5390625,116538.4609375,117230.765625,1007188
2018-08-14,116112.734375,118769.234375,119230.765625,116461.5390625,118461.5390625,1045707
2018-08-15,112051.796875,114615.3828125,118846.15625,113846.15625,118846.15625,887835
2018-08-16,111976.6015625,114538.4609375,114615.3828125,110769.234375,114615.3828125,1006460
2018-08-17,113555.8515625,116153.84375,116846.15625,115076.921875,115230.765625,673894
2018-08-20,113555.8515625,116153.84375,116846.15625,114615.3828125,116153.84375,678366
2018-08-21,114307.875,116923.078125,117307.6953125,115769.234375,116153.84375,711321
2018-08-22,114232.6796875,116846.15625,118461.5390625,116076.921875,117692.3046875,776620
2018-08-23,113555.8515625,116153.84375,117307.6953125,115769.234375,116846.15625,836823
2018-08-24,114157.46875,116769.234375,117230.765625,115769.234375,116307.6953125,768807
2018-08-27,115059.8984375,117692.3046875,117846.15625,116923.078125,117461.5390625,1413607
2018-08-28,116714.359375,119384.6171875,119846.15625,117615.3828125,117692.3046875,1497301
2018-08-29,116864.765625,119538.4609375,120000.0,118615.3828125,119615.3828125,790075
2018-08-30,117992.796875,120692.3046875,120692.3046875,118615.3828125,119230.765625,1396239
2018-08-31,117315.9765625,120000.0,121538.4609375,119615.3828125,120846.15625,1379326
2018-09-03,117315.9765625,120000.0,120000.0,120000.0,120000.0,0
2018-09-04,109118.8984375,111615.3828125,120384.6171875,111615.3828125,120000.0,681512
2018-09-05,113999.125,115000.0,115384.6171875,113076.921875,113461.5390625,1234688
2018-09-06,112092.7890625,113076.921875,115692.3046875,111538.4609375,115000.0,731081
2018-09-07,112474.0546875,113461.5390625,114000.0,112923.078125,113076.921875,468130
2018-09-10,112397.8046875,113384.6171875,114000.0,113076.921875,113692.3046875,416780
2018-09-11,114761.6640625,115769.234375,115769.234375,113538.4609375,113538.4609375,683358
2018-09-12,114380.3984375,115384.6171875,116538.4609375,114769.234375,115846.15625,624208
2018-09-13,112855.328125,113846.15625,115538.4609375,113846.15625,115538.4609375,524628
2018-09-14,113617.859375,114615.3828125,115076.921875,114000.0,114153.84375,450580
2018-09-17,112092.7890625,113076.921875,115000.0,112307.6953125,114692.3046875,607984
2018-09-18,113770.375,114769.234375,114769.234375,112153.84375,112307.6953125,1050894
2018-09-19,113922.875,114923.078125,115230.765625,114230.765625,115000.0,502632
2018-09-20,114075.3828125,115076.921875,115230.765625,114230.765625,115153.84375,684008
2018-09-21,113922.875,114923.078125,115769.234375,113846.15625,115384.6171875,606112
2018-09-24,115981.71875,117000.0,117230.765625,114923.078125,115000.0,1338350
2018-09-25,115981.71875,117000.0,117307.6953125,115923.078125,117076.921875,1314313
2018-09-26,116057.9765625,117076.921875,117076.921875,116153.84375,116923.078125,1544933
2018-09-27,116362.9921875,117384.6171875,118230.765625,116076.921875,117307.6953125,1588782
2018-09-28,115524.203125,116538.4609375,118076.921875,116000.0,117384.6171875,1504828
2018-10-01,113236.5859375,114230.765625,116769.234375,113461.5390625,116615.3828125,1609842
2018-10-02,110567.71875,111538.4609375,113846.15625,110769.234375,113846.15625,1787890
2018-10-03,110415.2109375,111384.6171875,112307.6953125,111076.921875,112153.84375,906191
2018-10-04,109500.1640625,110461.5390625,111538.4609375,109615.3828125,111538.4609375,1089270
2018-10-05,109118.8984375,110076.921875,110384.6171875,109538.4609375,110384.6171875,785421
2018-10-08,107212.5546875,108153.84375,110307.6953125,108153.84375,110076.921875,855426
2018-10-09,109042.640625,110000.0,110230.765625,108461.5390625,108461.5390625,762593
2018-10-10,110567.71875,111538.4609375,111538.4609375,110153.84375,110153.84375,973141
2018-10-11,107365.0703125,108307.6953125,110692.3046875,103846.15625,109230.765625,769132
2018-10-12,107517.5703125,108461.5390625,108461.5390625,106538.4609375,108307.6953125,954096
2018-10-15,106145.0078125,107076.921875,109230.765625,106153.84375,108461.5390625,477113
2018-10-16,104467.4296875,105384.6171875,107692.3046875,105230.765625,107230.765625,1062386
2018-10-17,106145.0078125,107076.921875,107153.84375,105769.234375,106076.921875,1105923
2018-10-18,104086.1640625,105000.0,107461.5390625,104615.3828125,107076.921875,849628
2018-10-19,100654.75,101538.4609375,104230.765625,101538.4609375,104230.765625,1201993
2018-10-22,98367.140625,99230.765625,102307.6953125,98230.765625,102307.6953125,1782560
2018-10-23,96842.0625,97692.3046875,99307.6953125,97461.5390625,98846.15625,868816
2018-10-24,96689.5625,97538.4609375,98461.5390625,97000.0,97923.078125,591344
2018-10-25,96079.53125,96923.078125,97692.3046875,93153.84375,94615.3828125,800358
2018-10-26,95164.4921875,96000.0,98461.5390625,95846.15625,98076.921875,549237
2018-10-29,95164.4921875,96000.0,96307.6953125,95000.0,96000.0,616525
2018-10-30,96079.53125,96923.078125,97307.6953125,95769.234375,96076.921875,689507
2018-10-31,101951.0625,102846.15625,102846.15625,97461.5390625,97692.3046875,1384487
2018-11-01,102027.3125,102923.078125,104307.6953125,102769.234375,103461.5390625,1230450
2018-11-02,103323.625,104230.765625,104307.6953125,103076.921875,103076.921875,1093066
2018-11-05,103399.8828125,104307.6953125,104461.5390625,103384.6171875,104230.765625,785317
2018-11-06,102179.8203125,103076.921875,105769.234375,103076.921875,104615.3828125,690807
2018-11-07,100654.75,101538.4609375,104538.4609375,100230.765625,103153.84375,830882
2018-11-08,101646.046875,102538.4609375,103076.921875,101923.078125,102076.921875,809120
2018-11-09,99815.953125,100692.3046875,103076.921875,100230.765625,102769.234375,639574
2018-11-12,98519.6484375,99384.6171875,100692.3046875,99153.84375,100692.3046875,595049
2018-11-13,97604.6015625,98461.5390625,99615.3828125,98076.921875,99230.765625,443547
2018-11-14,97223.3359375,98076.921875,99923.078125,98076.921875,98615.3828125,575588
2018-11-15,97375.84375,98230.765625,99615.3828125,97538.4609375,98153.84375,691899
2018-11-16,97528.3515625,98384.6171875,99615.3828125,97461.5390625,98769.234375,634582
2018-11-19,97909.625,98769.234375,99230.765625,98384.6171875,98615.3828125,652379
2018-11-20,98367.140625,99230.765625,100307.6953125,98769.234375,98846.15625,686686
2018-11-21,97604.6015625,98461.5390625,99230.765625,98076.921875,99230.765625,508677
2018-11-22,97680.859375,98538.4609375,98923.078125,98307.6953125,98461.5390625,765986
2018-11-23,96842.0625,97692.3046875,98846.15625,97615.3828125,98846.15625,434369
2018-11-26,96842.0625,97692.3046875,98076.921875,97538.4609375,97846.15625,485784
2018-11-27,96613.3125,97461.5390625,98461.5390625,97384.6171875,98307.6953125,510055
2018-11-28,98748.40625,99615.3828125,99846.15625,97538.4609375,97692.3046875,1154725
2018-11-29,101036.015625,101923.078125,102923.078125,100692.3046875,100769.234375,1491438
2018-11-30,99892.21875,100769.234375,101538.4609375,99923.078125,101153.84375,783796
2018-12-03,100654.75,101538.4609375,101923.078125,100846.15625,101384.6171875,803985
2018-12-04,101341.03125,102230.765625,102692.3046875,101307.6953125,101538.4609375,672412
2018-12-05,100197.2265625,101076.921875,101846.15625,101076.921875,101846.15625,721331
2018-12-06,100578.4921875,101461.5390625,102307.6953125,100769.234375,100769.234375,689078
2018-12-07,100959.765625,101846.15625,103000.0,101461.5390625,101692.3046875,764530
2018-12-10,99053.421875,99923.078125,101846.15625,99923.078125,101846.15625,774358
2018-12-11,98214.6328125,99076.921875,100769.234375,98846.15625,99923.078125,725816
2018-12-12,98214.6328125,99076.921875,99076.921875,99076.921875,99076.921875,0
2018-12-13,98748.40625,99615.3828125,101000.0,99384.6171875,100384.6171875,623584
2018-12-14,97604.6015625,98461.5390625,99923.078125,98461.5390625,99461.5390625,523263
2018-12-17,96460.8046875,97307.6953125,98846.15625,96538.4609375,98538.4609375,601237
2018-12-18,95240.7421875,96076.921875,96846.15625,94769.234375,96153.84375,795795
2018-12-19,95316.9921875,96153.84375,96615.3828125,96000.0,96076.921875,572195
2018-12-20,94706.96875,95538.4609375,96307.6953125,95384.6171875,96153.84375,524641
2018-12-21,94706.96875,95538.4609375,96153.84375,94538.4609375,95538.4609375,504530
2018-12-24,94783.21875,95615.3828125,95846.15625,95384.6171875,95538.4609375,308867
2018-12-25,92953.140625,93769.234375,94615.3828125,93076.921875,94615.3828125,484887
2018-12-26,93029.390625,93846.15625,94615.3828125,92307.6953125,93846.15625,396110
2018-12-27,91504.3203125,92307.6953125,94923.078125,92153.84375,94615.3828125,815425
2018-12-28,91504.3203125,92307.6953125,92307.6953125,92307.6953125,92307.6953125,0
2018-12-31,91504.3203125,92307.6953125,92307.6953125,92307.6953125,92307.6953125,0
2019-01-01,91504.3203125,92307.6953125,92307.6953125,92307.6953125,92307.6953125,0
2019-01-02,89216.7109375,90000.0,93307.6953125,89230.765625,92307.6953125,662896
2019-01-03,88606.6796875,89384.6171875,90384.6171875,88461.5390625,90000.0,753467
2019-01-04,87691.640625,88461.5390625,89461.5390625,87153.84375,88461.5390625,1146704
2019-01-07,88454.171875,89230.765625,89538.4609375,87000.0,89461.5390625,828867
2019-01-08,87691.640625,88461.5390625,89461.5390625,88076.921875,89461.5390625,294645
2019-01-09,87691.640625,88461.5390625,89230.765625,88153.84375,88461.5390625,721305
2019-01-10,87691.640625,88461.5390625,88846.15625,88307.6953125,88846.15625,495742
2019-01-11,89216.7109375,90000.0,91076.921875,88461.5390625,88461.5390625,1038999
2019-01-14,89597.9765625,90384.6171875,91461.5390625,89846.15625,90307.6953125,633529
2019-01-15,89369.2109375,90153.84375,90692.3046875,89461.5390625,90461.5390625,668707
2019-01-16,88454.171875,89230.765625,90230.765625,88461.5390625,90000.0,829764
2019-01-17,88072.90625,88846.15625,89230.765625,88076.921875,89230.765625,798941
2019-01-18,87844.140625,88615.3828125,89076.921875,87923.078125,89000.0,635804
2019-01-21,87844.140625,88615.3828125,88923.078125,88076.921875,88076.921875,382395
2019-01-22,87691.640625,88461.5390625,89076.921875,88307.6953125,88846.15625,457431
2019-01-23,88072.90625,88846.15625,89076.921875,88384.6171875,88461.5390625,517439
2019-01-24,89979.25,90769.234375,91076.921875,89230.765625,89230.765625,937547
2019-01-25,93410.65625,94230.765625,94230.765625,91076.921875,91076.921875,1012232
2019-01-28,93410.65625,94230.765625,95076.921875,93461.5390625,94461.5390625,396955
2019-01-29,92800.625,93615.3828125,94538.4609375,92846.15625,94230.765625,364208
2019-01-30,93944.4375,94769.234375,95230.765625,93615.3828125,93615.3828125,841087
2019-01-31,94173.1953125,95000.0,95153.84375,94000.0,94769.234375,592748
2019-02-01,95316.9921875,96153.84375,96153.84375,94923.078125,95000.0,1036828
2019-02-04,95316.9921875,96153.84375,96153.84375,96153.84375,96153.84375,0
2019-02-05,95316.9921875,96153.84375,96153.84375,96153.84375,96153.84375,0
2019-02-06,95316.9921875,96153.84375,96153.84375,96153.84375,96153.84375,0
2019-02-07,95316.9921875,96153.84375,96153.84375,96153.84375,96153.84375,0
2019-02-08,95316.9921875,96153.84375,96153.84375,96153.84375,96153.84375,0
2019-02-11,96003.28125,96846.15625,97000.0,96153.84375,96461.5390625,466908
2019-02-12,96003.28125,96846.15625,97384.6171875,96076.921875,96923.078125,937820
2019-02-13,94935.734375,95769.234375,96615.3828125,95538.4609375,96307.6953125,836004
2019-02-14,94096.9375,94923.078125,95846.15625,94615.3828125,95846.15625,615966
2019-02-15,92495.6171875,93307.6953125,94923.078125,92769.234375,94923.078125,719966
2019-02-18,92495.6171875,93307.6953125,93307.6953125,93307.6953125,93307.6953125,0
2019-02-19,92114.34375,92923.078125,94538.4609375,92692.3046875,92769.234375,1173250
2019-02-20,91351.8046875,92153.84375,92923.078125,91538.4609375,92923.078125,698789
2019-02-21,90741.78125,91538.4609375,92076.921875,90384.6171875,92000.0,1384591
2019-02-22,92648.125,93461.5390625,94692.3046875,91538.4609375,91538.4609375,1488786
2019-02-25,94935.734375,95769.234375,95769.234375,94230.765625,94230.765625,1463670
2019-02-26,94249.4453125,95076.921875,96153.84375,94692.3046875,96153.84375,1212822
2019-02-27,93563.1640625,94384.6171875,95076.921875,93846.15625,95076.921875,1733381
2019-02-28,90741.78125,91538.4609375,94692.3046875,91538.4609375,94615.3828125,2118818
2019-03-01,91504.3203125,92307.6953125,92307.6953125,90000.0,91615.3828125,1462916
2019-03-04,92190.6015625,93000.0,93230.765625,92076.921875,92692.3046875,1287858
2019-03-05,91504.3203125,92307.6953125,92846.15625,91923.078125,92769.234375,1397227
2019-03-06,92266.8515625,93076.921875,93076.921875,92307.6953125,92307.6953125,1221103
2019-03-07,92571.8671875,93384.6171875,93538.4609375,93000.0,93076.921875,1319357
2019-03-08,92038.09375,92846.15625,93076.921875,91923.078125,92692.3046875,1302990
2019-03-11,92495.6171875,93307.6953125,93538.4609375,92307.6953125,92692.3046875,1032603
2019-03-12,91885.5859375,92692.3046875,93615.3828125,92230.765625,93384.6171875,1362907
2019-03-13,91351.8046875,92153.84375,92846.15625,91153.84375,92461.5390625,1590303
2019-03-14,90284.2578125,91076.921875,92153.84375,90615.3828125,92153.84375,1503372
2019-03-15,90741.78125,91538.4609375,91615.3828125,91000.0,91000.0,778388
2019-03-18,91351.8046875,92153.84375,92153.84375,91384.6171875,91538.4609375,858390
2019-03-19,91351.8046875,92153.84375,92384.6171875,91538.4609375,92230.765625,1052467
2019-03-20,91351.8046875,92153.84375,92153.84375,90846.15625,92153.84375,770679
2019-03-21,90360.5078125,91153.84375,92230.765625,90923.078125,92153.84375,859248
2019-03-22,90665.53125,91461.5390625,91615.3828125,90615.3828125,91230.765625,626340
2019-03-25,89979.25,90769.234375,91076.921875,89923.078125,90769.234375,1060384
2019-03-26,89979.25,90769.234375,91615.3828125,90615.3828125,91076.921875,597571
2019-03-27,90208.0078125,91000.0,91153.84375,90384.6171875,90769.234375,596713
2019-03-28,89369.2109375,90153.84375,90923.078125,89615.3828125,90769.234375,806559
2019-03-29,88835.4375,89615.3828125,90461.5390625,89153.84375,90307.6953125,1227681
2019-04-01,87462.875,88230.765625,89846.15625,87769.234375,89538.4609375,1247350
2019-04-02,87462.875,88230.765625,89230.765625,88076.921875,88076.921875,655668
2019-04-03,86852.84375,87615.3828125,88384.6171875,86615.3828125,88230.765625,989716
2019-04-04,86319.0703125,87076.921875,88230.765625,86769.234375,87692.3046875,586352
2019-04-05,86014.0625,86769.234375,87461.5390625,86461.5390625,87076.921875,679055
2019-04-08,84260.2265625,85000.0,87076.921875,84923.078125,86769.234375,808262
2019-04-09,85785.296875,86538.4609375,87692.3046875,82538.4609375,85000.0,2073708
2019-04-10,86090.3125,86846.15625,87076.921875,85384.6171875,87076.921875,1305174
2019-04-11,86852.84375,87615.3828125,88461.5390625,86923.078125,87307.6953125,1438047
2019-04-12,86319.0703125,87076.921875,87692.3046875,86538.4609375,87000.0,1139437
2019-04-15,86319.0703125,87076.921875,87076.921875,87076.921875,87076.921875,0
2019-04-16,86395.3203125,87153.84375,87153.84375,85923.078125,86461.5390625,805103
2019-04-17,86547.8359375,87307.6953125,87307.6953125,86384.6171875,87230.765625,735293
2019-04-18,86929.1015625,87692.3046875,89230.765625,87153.84375,87307.6953125,1293682
2019-04-19,87615.3828125,88384.6171875,89000.0,88153.84375,88461.5390625,738868
2019-04-22,87615.3828125,88384.6171875,88923.078125,88230.765625,88461.5390625,582504
2019-04-23,88000.0,88000.0,88153.84375,87230.765625,87769.234375,561119
2019-04-24,88076.921875,88076.921875,88076.921875,87230.765625,88000.0,522132
2019-04-25,88615.3828125,88615.3828125,88923.078125,87615.3828125,88076.921875,871065
2019-04-26,89153.84375,89153.84375,89153.84375,87846.15625,88076.921875,747968
2019-04-29,89153.84375,89153.84375,89153.84375,89153.84375,89153.84375,0
2019-04-30,89153.84375,89153.84375,89153.84375,89153.84375,89153.84375,0
2019-05-01,89153.84375,89153.84375,89153.84375,89153.84375,89153.84375,0
2019-05-02,91153.84375,91153.84375,91153.84375,89230.765625,89615.3828125,1401322
2019-05-03,91153.84375,91153.84375,91230.765625,90615.3828125,91000.0,1129102
2019-05-06,90230.765625,90230.765625,90538.4609375,89538.4609375,90384.6171875,1100346
2019-05-07,90000.0,90000.0,90692.3046875,89230.765625,90384.6171875,609271
2019-05-08,88846.15625,88846.15625,89615.3828125,88230.765625,89230.765625,915772
2019-05-09,88846.15625,88846.15625,89153.84375,88153.84375,88846.15625,709241
2019-05-10,88769.234375,88769.234375,89153.84375,87692.3046875,88846.15625,728533
2019-05-13,89230.765625,89230.765625,89230.765625,88461.5390625,88692.3046875,800800
2019-05-14,89846.15625,89846.15625,89846.15625,89000.0,89230.765625,849745
2019-05-15,90769.234375,90769.234375,90923.078125,90000.0,90000.0,1066637
2019-05-16,90769.234375,90769.234375,91384.6171875,90615.3828125,90769.234375,968396
2019-05-17,90692.3046875,90692.3046875,90769.234375,90000.0,90769.234375,821587
2019-05-20,91000.0,91000.0,91461.5390625,90461.5390625,90692.3046875,1171157
2019-05-21,91384.6171875,91384.6171875,91461.5390625,91076.921875,91076.921875,797303
2019-05-22,91923.078125,91923.078125,92384.6171875,91153.84375,91538.4609375,920309
2019-05-23,91846.15625,91846.15625,92076.921875,91230.765625,91923.078125,830778
2019-05-24,92230.765625,92230.765625,92615.3828125,91153.84375,91384.6171875,1168570
2019-05-27,92692.3046875,92692.3046875,93076.921875,92230.765625,92692.3046875,550355
2019-05-28,96153.84375,96153.84375,96153.84375,92615.3828125,92692.3046875,1688310
2019-05-29,95000.0,95000.0,95769.234375,94461.5390625,95769.234375,576576
2019-05-30,95538.4609375,95538.4609375,95538.4609375,93846.15625,94615.3828125,537537
2019-05-31,95769.234375,95769.234375,96153.84375,95076.921875,95384.6171875,929292
2019-06-03,93846.15625,93846.15625,95384.6171875,93769.234375,95384.6171875,820963
2019-06-04,93307.6953125,93307.6953125,94307.6953125,92307.6953125,93846.15625,725803
2019-06-05,93384.6171875,93384.6171875,93769.234375,92923.078125,93692.3046875,689494
2019-06-06,93384.6171875,93384.6171875,93384.6171875,91846.15625,93307.6953125,759551
2019-06-07,94000.0,94000.0,94000.0,93461.5390625,93461.5390625,695084
2019-06-10,95384.6171875,95384.6171875,96000.0,94230.765625,94307.6953125,838461
2019-06-11,95384.6171875,95384.6171875,95538.4609375,94461.5390625,95076.921875,624013
2019-06-12,95000.0,95000.0,95461.5390625,94230.765625,95384.6171875,577603
2019-06-13,93538.4609375,93538.4609375,94923.078125,93153.84375,94923.078125,592618
2019-06-14,93615.3828125,93615.3828125,94615.3828125,93153.84375,93153.84375,630058
2019-06-17,92230.765625,92230.765625,92615.3828125,91538.4609375,91923.078125,739284
2019-06-18,90769.234375,90769.234375,92615.3828125,90769.234375,92230.765625,466661
2019-06-19,91923.078125,91923.078125,92153.84375,91000.0,91000.0,616902
2019-06-20,94846.15625,94846.15625,95000.0,91923.078125,92000.0,960388
2019-06-21,94769.234375,94769.234375,95000.0,94153.84375,94846.15625,727727
2019-06-24,95000.0,95000.0,95230.765625,94769.234375,94769.234375,816725
2019-06-25,95307.6953125,95307.6953125,95769.234375,94615.3828125,94692.3046875,852332
2019-06-26,95538.4609375,95538.4609375,95769.234375,95230.765625,95230.765625,897767
2019-06-27,95769.234375,95769.234375,95846.15625,95384.6171875,95538.4609375,862758
2019-06-28,98461.5390625,98461.5390625,98461.5390625,95538.4609375,95538.4609375,1270711
2019-07-01,97692.3046875,97692.3046875,98307.6953125,96923.078125,96923.078125,1014650
2019-07-02,98846.15625,98846.15625,99000.0,97615.3828125,97769.234375,791895
2019-07-03,98846.15625,98846.15625,98923.078125,97923.078125,98846.15625,638924
2019-07-04,98846.15625,98846.15625,98846.15625,98846.15625,98846.15625,0
2019-07-05,98846.15625,98846.15625,98846.15625,98846.15625,98846.15625,0
2019-07-08,98846.15625,98846.15625,98846.15625,98846.15625,98846.15625,0
2019-07-09,98846.15625,98846.15625,98846.15625,98846.15625,98846.15625,0
2019-07-10,98846.15625,98846.15625,98846.15625,98846.15625,98846.15625,0
2019-07-11,98846.15625,98846.15625,98846.15625,98846.15625,98846.15625,0
2019-07-12,98846.15625,98846.15625,98846.15625,98846.15625,98846.15625,0
2019-07-15,98846.15625,98846.15625,98846.15625,98846.15625,98846.15625,0
2019-07-16,98846.15625,98846.15625,98846.15625,98846.15625,98846.15625,0
2019-07-17,100000.0,100000.0,100846.15625,99615.3828125,100846.15625,777335
2019-07-18,98846.15625,98846.15625,100769.234375,98846.15625,100076.921875,795860
2019-07-19,100153.84375,100153.84375,100230.765625,99153.84375,99615.3828125,767559
2019-07-22,101538.4609375,101538.4609375,103846.15625,100769.234375,100769.234375,665249
2019-07-23,101461.5390625,101461.5390625,101615.3828125,100923.078125,100923.078125,553995
2019-07-24,102153.84375,102153.84375,103076.921875,101461.5390625,101461.5390625,882869
2019-07-25,102153.84375,102153.84375,102153.84375,102153.84375,102153.84375,0
2019-07-26,102153.84375,102153.84375,102153.84375,102153.84375,102153.84375,0
2019-07-29,102153.84375,102153.84375,102153.84375,102153.84375,102153.84375,0
2019-07-30,102153.84375,102153.84375,102153.84375,102153.84375,102153.84375,0
2019-07-31,102615.3828125,102615.3828125,103000.0,101538.4609375,102615.3828125,1104974
2019-08-01,102307.6953125,102307.6953125,102615.3828125,100923.078125,101923.078125,1155544
2019-08-02,101846.15625,101846.15625,101846.15625,101153.84375,101538.4609375,977730
2019-08-05,100538.4609375,100538.4609375,101153.84375,100307.6953125,101153.84375,1039714
2019-08-06,100538.4609375,100538.4609375,100538.4609375,100538.4609375,100538.4609375,0
2019-08-07,100692.3046875,100692.3046875,100846.15625,100230.765625,100230.765625,693563
2019-08-08,100846.15625,100846.15625,101153.84375,100076.921875,100846.15625,872911
2019-08-09,100846.15625,100846.15625,100846.15625,100846.15625,100846.15625,0
2019-08-12,103461.5390625,103461.5390625,103461.5390625,101461.5390625,101538.4609375,1042041
2019-08-13,101923.078125,101923.078125,103230.765625,101538.4609375,102923.078125,683995
2019-08-14,101230.765625,101230.765625,103076.921875,101153.84375,102076.921875,1305577
2019-08-15,100230.765625,100230.765625,101076.921875,99230.765625,100153.84375,688831
2019-08-16,100230.765625,100230.765625,100230.765625,100230.765625,100230.765625,0
2019-08-19,100230.765625,100230.765625,100230.765625,100230.765625,100230.765625,0
2019-08-20,100230.765625,100230.765625,100230.765625,100230.765625,100230.765625,0
2019-08-21,100692.3046875,100692.3046875,100692.3046875,99692.3046875,100153.84375,1109901
2019-08-22,101692.3046875,101692.3046875,101692.3046875,100538.4609375,100692.3046875,1362179
2019-08-23,103076.921875,103076.921875,103076.921875,101692.3046875,101769.234375,2222350
2019-08-26,101538.4609375,101538.4609375,102923.078125,101153.84375,102923.078125,518011
2019-08-27,102000.0,102000.0,102000.0,101230.765625,101538.4609375,631111
2019-08-28,101846.15625,101846.15625,102153.84375,101230.765625,101538.4609375,507312
2019-08-29,101538.4609375,101538.4609375,101846.15625,101307.6953125,101846.15625,493831
2019-08-30,101538.4609375,101538.4609375,101538.4609375,101538.4609375,101538.4609375,0
2019-09-02,101538.4609375,101538.4609375,101538.4609375,101538.4609375,101538.4609375,0
2019-09-03,101538.4609375,101538.4609375,101538.4609375,101538.4609375,101538.4609375,0
2019-09-04,100307.6953125,100307.6953125,101461.5390625,100230.765625,101153.84375,412763
2019-09-05,100307.6953125,100307.6953125,100538.4609375,99923.078125,100307.6953125,724139
2019-09-06,100307.6953125,100307.6953125,100384.6171875,99230.765625,100307.6953125,456001
2019-09-09,102153.84375,102153.84375,102307.6953125,100384.6171875,100461.5390625,967135
2019-09-10,102538.4609375,102538.4609375,102692.3046875,102000.0,102461.5390625,391274
2019-09-11,102769.234375,102769.234375,102769.234375,101692.3046875,102538.4609375,718211
2019-09-12,105384.6171875,105384.6171875,105384.6171875,102769.234375,102846.15625,880529
2019-09-13,106307.6953125,106307.6953125,106692.3046875,105384.6171875,105384.6171875,755430
2019-09-16,108076.921875,108076.921875,108153.84375,106307.6953125,106307.6953125,1194557
2019-09-17,107923.078125,107923.078125,108076.921875,107384.6171875,107692.3046875,2158169
2019-09-18,107461.5390625,107461.5390625,107923.078125,105846.15625,107923.078125,576784
2019-09-19,107307.6953125,107307.6953125,107615.3828125,106307.6953125,107461.5390625,667550
2019-09-20,106153.84375,106153.84375,107230.765625,106153.84375,106923.078125,4851418
2019-09-23,105846.15625,105846.15625,106153.84375,105692.3046875,106153.84375,415857
2019-09-24,105846.15625,105846.15625,106153.84375,105769.234375,105769.234375,581594
2019-09-25,104615.3828125,104615.3828125,105923.078125,103846.15625,105769.234375,538239
2019-09-26,104615.3828125,104615.3828125,104846.15625,104076.921875,104076.921875,423774
2019-09-27,105076.921875,105076.921875,105153.84375,104230.765625,104692.3046875,569374
2019-09-30,105923.078125,105923.078125,106000.0,104615.3828125,104615.3828125,634777
2019-10-01,105769.234375,105769.234375,106000.0,105230.765625,106000.0,442013
2019-10-02,105846.15625,105846.15625,106000.0,105384.6171875,105769.234375,521300
2019-10-03,105615.3828125,105615.3828125,105692.3046875,105230.765625,105692.3046875,437606
2019-10-04,105846.15625,105846.15625,106692.3046875,105461.5390625,105692.3046875,923624
2019-10-07,105692.3046875,105692.3046875,105846.15625,104923.078125,105846.15625,558272
2019-10-08,105692.3046875,105692.3046875,106000.0,105461.5390625,105615.3828125,648336
2019-10-09,105692.3046875,105692.3046875,105923.078125,105230.765625,105538.4609375,687479
2019-10-10,105769.234375,105769.234375,105769.234375,105230.765625,105769.234375,662181
2019-10-11,107230.765625,107230.765625,107307.6953125,105692.3046875,105769.234375,844909
2019-10-14,107230.765625,107230.765625,107846.15625,107230.765625,107230.765625,635843
2019-10-15,107384.6171875,107384.6171875,107846.15625,107230.765625,107230.765625,625690
2019-10-16,106923.078125,106923.078125,107461.5390625,106615.3828125,107307.6953125,427778
2019-10-17,106538.4609375,106538.4609375,107461.5390625,106461.5390625,107153.84375,596557
2019-10-18,107000.0,107000.0,107153.84375,106307.6953125,106538.4609375,520819
2019-10-21,107692.3046875,107692.3046875,108692.3046875,106923.078125,107000.0,636220
2019-10-22,110692.3046875,110692.3046875,110692.3046875,107923.078125,107923.078125,587249
2019-10-23,110769.234375,110769.234375,111076.921875,110000.0,110692.3046875,566462
2019-10-24,111461.5390625,111461.5390625,111461.5390625,110000.0,110692.3046875,609505
2019-10-25,112230.765625,112230.765625,112692.3046875,110769.234375,110769.234375,595465
2019-10-28,111538.4609375,111538.4609375,113153.84375,111538.4609375,112230.765625,405340
2019-10-29,110384.6171875,110384.6171875,111846.15625,110384.6171875,110923.078125,512551
2019-10-30,111384.6171875,111384.6171875,111769.234375,110769.234375,110769.234375,919516
2019-10-31,111538.4609375,111538.4609375,111692.3046875,110923.078125,111538.4609375,854932
2019-11-01,111923.078125,111923.078125,111923.078125,111538.4609375,111615.3828125,574483
2019-11-04,111769.234375,111769.234375,111769.234375,111000.0,111769.234375,486876
2019-11-05,112076.921875,112076.921875,112230.765625,111769.234375,111769.234375,659750
2019-11-06,110384.6171875,110384.6171875,111923.078125,110000.0,111538.4609375,619918
2019-11-07,110153.84375,110153.84375,110461.5390625,109538.4609375,110384.6171875,520351
2019-11-08,110153.84375,110153.84375,110230.765625,110000.0,110153.84375,506220
2019-11-11,109846.15625,109846.15625,110384.6171875,109615.3828125,110230.765625,556621
2019-11-12,110384.6171875,110384.6171875,110384.6171875,109692.3046875,109846.15625,513357
2019-11-13,110384.6171875,110384.6171875,110769.234375,110153.84375,110461.5390625,563056
2019-11-14,110307.6953125,110307.6953125,110615.3828125,110076.921875,110384.6171875,545844
2019-11-15,110230.765625,110230.765625,110538.4609375,109923.078125,110384.6171875,643721
2019-11-18,110384.6171875,110384.6171875,110538.4609375,109923.078125,110230.765625,661999
2019-11-19,110769.234375,110769.234375,110769.234375,110307.6953125,110384.6171875,758641
2019-11-20,111461.5390625,111461.5390625,111692.3046875,110923.078125,111000.0,755872
2019-11-21,110307.6953125,110307.6953125,111461.5390625,110307.6953125,111153.84375,783575
2019-11-22,110000.0,110000.0,110461.5390625,109615.3828125,110307.6953125,560599
2019-11-25,110000.0,110000.0,110000.0,108923.078125,109230.765625,512057
2019-11-26,110230.765625,110230.765625,110384.6171875,110000.0,110000.0,578981
2019-11-27,110538.4609375,110538.4609375,110615.3828125,110153.84375,110384.6171875,417352
2019-11-28,111230.765625,111230.765625,111307.6953125,110615.3828125,110615.3828125,651326
2019-11-29,111461.5390625,111461.5390625,111615.3828125,111230.765625,111230.765625,437385
2019-12-02,112384.6171875,112384.6171875,112461.5390625,111461.5390625,111615.3828125,729417
2019-12-06,111076.921875,111076.921875,111769.234375,110846.15625,111769.234375,501566
2019-12-09,111153.84375,111153.84375,111153.84375,110153.84375,111000.0,457509
2019-12-10,110615.3828125,110615.3828125,111153.84375,110230.765625,111153.84375,520702
2019-12-11,110692.3046875,110692.3046875,110846.15625,110307.6953125,110538.4609375,527137
2019-12-12,111692.3046875,111692.3046875,111692.3046875,110692.3046875,110769.234375,550199
2019-12-13,111153.84375,111153.84375,111846.15625,111153.84375,111692.3046875,453934
2019-12-16,110000.0,110000.0,111153.84375,109846.15625,111153.84375,532753
2019-12-17,109692.3046875,109692.3046875,110000.0,109461.5390625,109923.078125,402506
2019-12-18,109769.234375,109769.234375,109769.234375,109384.6171875,109692.3046875,505804
2019-12-19,109692.3046875,109692.3046875,110000.0,109461.5390625,109846.15625,588068
2019-12-20,109615.3828125,109615.3828125,109769.234375,109307.6953125,109692.3046875,1040260
2019-12-23,109923.078125,109923.078125,110615.3828125,109615.3828125,109615.3828125,529971
2019-12-24,110384.6171875,110384.6171875,110384.6171875,109846.15625,109923.078125,466193
2019-12-25,110615.3828125,110615.3828125,110615.3828125,110153.84375,110307.6953125,461279
2019-12-26,110538.4609375,110538.4609375,110769.234375,110384.6171875,110615.3828125,482859
2019-12-27,110461.5390625,110461.5390625,110538.4609375,110307.6953125,110384.6171875,468156
2019-12-30,111076.921875,111076.921875,111076.921875,110384.6171875,110461.5390625,540592
2019-12-31,112461.5390625,112461.5390625,112538.4609375,111076.921875,111230.765625,627627
2020-01-01,112461.5390625,112461.5390625,112461.5390625,112461.5390625,112461.5390625,0
2020-01-02,113846.15625,113846.15625,113846.15625,112538.4609375,112538.4609375,545623
2020-01-03,113846.15625,113846.15625,114461.5390625,113461.5390625,113846.15625,456027
2020-01-06,112307.6953125,112307.6953125,113692.3046875,112000.0,113692.3046875,434655
2020-01-07,112230.765625,112230.765625,112307.6953125,111923.078125,112153.84375,468988
2020-01-08,111384.6171875,111384.6171875,112153.84375,110769.234375,112076.921875,542360
2020-01-09,112461.5390625,112461.5390625,112461.5390625,111307.6953125,111384.6171875,586872
2020-01-10,112461.5390625,112461.5390625,112538.4609375,111769.234375,112461.5390625,629070
2020-01-13,112692.3046875,112692.3046875,112692.3046875,112230.765625,112461.5390625,606541
2020-01-14,112307.6953125,112307.6953125,112692.3046875,112153.84375,112692.3046875,631969
2020-01-15,112307.6953125,112307.6953125,112307.6953125,111769.234375,112230.765625,549809
2020-01-16,112307.6953125,112307.6953125,112538.4609375,112153.84375,112307.6953125,525902
2020-01-17,114000.0,114000.0,114153.84375,112307.6953125,112307.6953125,659035
2020-01-20,113076.921875,113076.921875,114000.0,113076.921875,114000.0,443703
2020-01-21,113076.921875,113076.921875,113230.765625,112692.3046875,113076.921875,479960
2020-01-22,112692.3046875,112692.3046875,113076.921875,112692.3046875,113076.921875,474539
2020-01-23,112692.3046875,112692.3046875,112692.3046875,112692.3046875,112692.3046875,0
2020-01-24,112692.3046875,112692.3046875,112692.3046875,112692.3046875,112692.3046875,0
2020-01-27,112692.3046875,112692.3046875,112692.3046875,112692.3046875,112692.3046875,0
2020-01-28,112692.3046875,112692.3046875,112692.3046875,112692.3046875,112692.3046875,0
2020-01-29,112692.3046875,112692.3046875,112692.3046875,112692.3046875,112692.3046875,0
2020-01-30,107692.3046875,107692.3046875,111538.4609375,107692.3046875,111538.4609375,735410
2020-01-31,100153.84375,100153.84375,107461.5390625,100153.84375,107461.5390625,635817
2020-02-03,96538.4609375,96538.4609375,96538.4609375,93153.84375,93153.84375,1416597
2020-02-04,99230.765625,99230.765625,99846.15625,96461.5390625,96538.4609375,353366
2020-02-05,97692.3046875,97692.3046875,99461.5390625,97538.4609375,99230.765625,620789
2020-02-06,98076.921875,98076.921875,98384.6171875,97153.84375,97538.4609375,549705
2020-02-07,100923.078125,100923.078125,101461.5390625,98000.0,98153.84375,652964
2020-02-10,99230.765625,99230.765625,100769.234375,99076.921875,100769.234375,350467
2020-02-11,99230.765625,99230.765625,99307.6953125,98692.3046875,99230.765625,448864
2020-02-12,99384.6171875,99384.6171875,99384.6171875,98769.234375,99307.6953125,484510
2020-02-13,99384.6171875,99384.6171875,99384.6171875,98769.234375,99153.84375,471562
2020-02-14,98923.078125,98923.078125,99384.6171875,98769.234375,99384.6171875,365144
2020-02-17,99000.0,99000.0,99153.84375,98846.15625,98846.15625,422175
2020-02-18,99000.0,99000.0,99076.921875,98769.234375,99076.921875,451412
2020-02-19,98769.234375,98769.234375,99000.0,98692.3046875,99000.0,490854
2020-02-20,98846.15625,98846.15625,99000.0,98461.5390625,98769.234375,335010
2020-02-21,98923.078125,98923.078125,99076.921875,98769.234375,98846.15625,483262
2020-02-24,98461.5390625,98461.5390625,98846.15625,97923.078125,98769.234375,398541
2020-02-25,97692.3046875,97692.3046875,98307.6953125,96307.6953125,98307.6953125,321360
2020-02-26,96153.84375,96153.84375,96615.3828125,96000.0,96538.4609375,504530
2020-02-27,94461.5390625,94461.5390625,96153.84375,94384.6171875,96153.84375,317174
2020-02-28,93769.234375,93769.234375,94384.6171875,93692.3046875,93846.15625,397046
2020-03-02,92923.078125,92923.078125,93076.921875,91846.15625,93076.921875,441675
2020-03-03,92923.078125,92923.078125,93769.234375,92538.4609375,92692.3046875,435890
2020-03-05,94615.3828125,94615.3828125,95307.6953125,93384.6171875,93461.5390625,537472
2020-03-06,92692.3046875,92692.3046875,94538.4609375,92230.765625,94538.4609375,389441
2020-03-09,87307.6953125,87307.6953125,91538.4609375,86230.765625,91538.4609375,442871
2020-03-10,88076.921875,88076.921875,88076.921875,82923.078125,83846.15625,451048
2020-03-11,81923.078125,81923.078125,88076.921875,81923.078125,88076.921875,888342
2020-03-12,77692.3046875,77692.3046875,81538.4609375,76230.765625,81153.84375,1029093
2020-03-13,77692.3046875,77692.3046875,77692.3046875,72307.6953125,76538.4609375,634738
2020-03-16,76923.078125,76923.078125,76923.078125,73846.15625,76384.6171875,516412
2020-03-17,78230.765625,78230.765625,78230.765625,75153.84375,75384.6171875,571935
2020-03-18,78000.0,78000.0,78461.5390625,75384.6171875,78230.765625,498784
2020-03-19,75384.6171875,75384.6171875,76923.078125,73153.84375,76307.6953125,702221
2020-03-20,79230.765625,79230.765625,79230.765625,74923.078125,75384.6171875,608140
2020-03-23,73692.3046875,73692.3046875,76923.078125,73692.3046875,76923.078125,520338
2020-03-24,74230.765625,74230.765625,75384.6171875,72769.234375,72923.078125,430872
2020-03-25,74692.3046875,74692.3046875,76538.4609375,74307.6953125,75384.6171875,403832
2020-03-26,74615.3828125,74615.3828125,74692.3046875,72769.234375,74692.3046875,270868
2020-03-27,74538.4609375,74538.4609375,74538.4609375,72461.5390625,74230.765625,288873
2020-03-30,74230.765625,74230.765625,74230.765625,71692.3046875,72307.6953125,171015
2020-03-31,74769.234375,74769.234375,76076.921875,73846.15625,74230.765625,200174
2020-04-01,76307.6953125,76307.6953125,76307.6953125,74615.3828125,74769.234375,326235
2020-04-02,76307.6953125,76307.6953125,76307.6953125,76307.6953125,76307.6953125,0
2020-04-03,76846.15625,76846.15625,78000.0,76153.84375,76307.6953125,490542
2020-04-06,76846.15625,76846.15625,77076.921875,76153.84375,76846.15625,606177
2020-04-07,76153.84375,76153.84375,76923.078125,74769.234375,76923.078125,343200
2020-04-08,76153.84375,76153.84375,76153.84375,75000.0,75769.234375,354146
2020-04-09,78461.5390625,78461.5390625,79230.765625,75846.15625,76153.84375,467688
2020-04-10,83923.078125,83923.078125,83923.078125,78461.5390625,78461.5390625,349544
2020-04-13,89000.0,89000.0,89769.234375,86153.84375,86923.078125,314535
2020-04-14,86769.234375,86769.234375,88076.921875,84230.765625,88076.921875,391209
2020-04-15,85230.765625,85230.765625,86307.6953125,81538.4609375,86000.0,317785
2020-04-16,89230.765625,89230.765625,89230.765625,85076.921875,85384.6171875,395252
2020-04-17,90307.6953125,90307.6953125,90769.234375,89230.765625,89230.765625,509457
2020-04-20,90153.84375,90153.84375,90461.5390625,89615.3828125,90461.5390625,494312
2020-04-21,88461.5390625,88461.5390625,89615.3828125,86923.078125,89615.3828125,351052
2020-04-22,88538.4609375,88538.4609375,88846.15625,87538.4609375,88230.765625,549133
2020-04-23,89538.4609375,89538.4609375,90230.765625,88846.15625,88846.15625,543244
2020-04-24,88615.3828125,88615.3828125,89615.3828125,88230.765625,89615.3828125,286390
2020-04-27,87307.6953125,87307.6953125,88615.3828125,86923.078125,88615.3828125,363896
2020-04-28,86846.15625,86846.15625,87307.6953125,86307.6953125,86923.078125,275041
2020-04-29,86846.15625,86846.15625,86846.15625,86846.15625,86846.15625,0
2020-04-30,86846.15625,86846.15625,86846.15625,86846.15625,86846.15625,0
2020-05-01,86846.15625,86846.15625,86846.15625,86846.15625,86846.15625,0
2020-05-04,87923.078125,87923.078125,89230.765625,87615.3828125,88846.15625,344851
2020-05-05,85769.234375,85769.234375,87923.078125,85538.4609375,87846.15625,334789
2020-05-06,86230.765625,86230.765625,86538.4609375,85923.078125,86000.0,535509
2020-05-07,88615.3828125,88615.3828125,88615.3828125,86307.6953125,86307.6953125,537966
2020-05-08,92307.6953125,92307.6953125,94769.234375,88538.4609375,88615.3828125,1198730
2020-05-11,91230.765625,91230.765625,91769.234375,90461.5390625,91769.234375,525434
2020-05-12,90307.6953125,90307.6953125,91230.765625,89692.3046875,91230.765625,583154
2020-05-13,88384.6171875,88384.6171875,90000.0,84000.0,90000.0,922701
2020-05-14,87692.3046875,87692.3046875,88307.6953125,86769.234375,88307.6953125,688779
2020-05-15,87692.3046875,87692.3046875,87692.3046875,87692.3046875,87692.3046875,0
2020-05-18,87692.3046875,87692.3046875,87692.3046875,87692.3046875,87692.3046875,0
2020-05-19,89230.765625,89230.765625,89230.765625,88076.921875,88461.5390625,735618
2020-05-20,89230.765625,89230.765625,89230.765625,89230.765625,89230.765625,0
2020-05-21,88461.5390625,88461.5390625,88461.5390625,87384.6171875,87461.5390625,587808
2020-05-22,87692.3046875,87692.3046875,88307.6953125,86923.078125,88307.6953125,517218
2020-05-25,87000.0,87000.0,87692.3046875,87000.0,87692.3046875,430638
2020-05-26,87153.84375,87153.84375,87153.84375,86461.5390625,86923.078125,603356
2020-05-27,86923.078125,86923.078125,88615.3828125,86923.078125,86923.078125,645931
2020-05-28,87153.84375,87153.84375,87846.15625,86923.078125,86923.078125,566878
2020-05-29,86923.078125,86923.078125,87153.84375,86846.15625,87153.84375,584792
2020-06-01,87153.84375,87153.84375,87692.3046875,86846.15625,86923.078125,528463
2020-06-02,88230.765625,88230.765625,88846.15625,87076.921875,87153.84375,772135
2020-06-03,87538.4609375,87538.4609375,88230.765625,87461.5390625,88230.765625,404768
2020-06-04,87923.078125,87923.078125,87923.078125,87538.4609375,87615.3828125,893945
2020-06-05,87923.078125,87923.078125,87923.078125,87923.078125,87923.078125,0
2020-06-08,87923.078125,87923.078125,87923.078125,87923.078125,87923.078125,0
2020-06-09,87923.078125,87923.078125,87923.078125,87923.078125,87923.078125,0
2020-06-10,90615.3828125,90615.3828125,91076.921875,90307.6953125,90692.3046875,707629
2020-06-11,87307.6953125,87307.6953125,90692.3046875,87307.6953125,90615.3828125,906854
2020-06-12,87230.765625,87230.765625,87230.765625,84076.921875,86153.84375,855296
2020-06-15,83846.15625,83846.15625,86307.6953125,83846.15625,86307.6953125,818545
2020-06-16,82846.15625,82846.15625,84923.078125,82384.6171875,84615.3828125,796224
2020-06-17,84461.5390625,84461.5390625,84461.5390625,82692.3046875,82846.15625,623922
2020-06-18,85384.6171875,85384.6171875,85615.3828125,83846.15625,84230.765625,449228
2020-06-19,84615.3828125,84615.3828125,86076.921875,84230.765625,85384.6171875,544453
2020-06-22,83846.15625,83846.15625,84615.3828125,83230.765625,84615.3828125,359606
2020-06-23,84153.84375,84153.84375,85384.6171875,83230.765625,83461.5390625,360776
2020-06-24,83461.5390625,83461.5390625,84153.84375,83076.921875,84153.84375,348283
2020-06-25,83461.5390625,83461.5390625,83461.5390625,82461.5390625,83076.921875,336089
2020-06-26,83461.5390625,83461.5390625,83615.3828125,82692.3046875,83230.765625,322738
2020-06-29,82153.84375,82153.84375,84230.765625,81923.078125,83846.15625,426582
2020-06-30,83076.921875,83076.921875,83076.921875,81846.15625,83000.0,376467
2020-07-01,83076.921875,83076.921875,83461.5390625,82384.6171875,83076.921875,407238
2020-07-02,83000.0,83000.0,83076.921875,82230.765625,83076.921875,317941
2020-07-03,83076.921875,83076.921875,83230.765625,82692.3046875,82692.3046875,369668
2020-07-06,82846.15625,82846.15625,83230.765625,82461.5390625,83076.921875,414076
2020-07-07,83307.6953125,83307.6953125,83846.15625,82692.3046875,82692.3046875,455819
2020-07-08,82769.234375,82769.234375,83153.84375,82692.3046875,83153.84375,376285
2020-07-09,83153.84375,83153.84375,84230.765625,82538.4609375,82769.234375,675623
2020-07-10,83153.84375,83153.84375,83153.84375,83153.84375,83153.84375,0
2020-07-13,83076.921875,83076.921875,84230.765625,82307.6953125,83076.921875,480012
2020-07-14,83076.921875,83076.921875,83384.6171875,82307.6953125,83076.921875,426153
2020-07-15,83076.921875,83076.921875,83076.921875,83076.921875,83076.921875,0
2020-07-16,86153.84375,86153.84375,86153.84375,82538.4609375,82923.078125,364247
2020-07-17,83846.15625,83846.15625,83846.15625,83076.921875,83846.15625,414999
2020-07-20,82692.3046875,82692.3046875,83615.3828125,82538.4609375,83615.3828125,283881
2020-07-21,83384.6171875,83384.6171875,83461.5390625,82307.6953125,82615.3828125,302263
2020-07-22,82615.3828125,82615.3828125,83307.6953125,82615.3828125,83307.6953125,321646
2020-07-23,83000.0,83000.0,83076.921875,82461.5390625,82615.3828125,328848
2020-07-24,79846.15625,79846.15625,83000.0,78769.234375,82692.3046875,457223
2020-07-27,75307.6953125,75307.6953125,76923.078125,74307.6953125,75384.6171875,471627
2020-07-28,74230.765625,74230.765625,75307.6953125,73000.0,75230.765625,434265
2020-07-29,73153.84375,73153.84375,74153.84375,72538.4609375,73846.15625,298610
2020-07-30,73846.15625,73846.15625,74615.3828125,73153.84375,73153.84375,271323
2020-07-31,72692.3046875,72692.3046875,73769.234375,72692.3046875,73076.921875,346827
2020-08-03,73846.15625,73846.15625,74000.0,72692.3046875,72692.3046875,386516
2020-08-04,74615.3828125,74615.3828125,75000.0,73846.15625,73846.15625,420927
2020-08-05,76769.234375,76769.234375,76923.078125,73923.078125,74615.3828125,537836
2020-08-06,77692.3046875,77692.3046875,78538.4609375,76923.078125,76923.078125,471133
2020-08-07,77153.84375,77153.84375,77846.15625,76307.6953125,77692.3046875,331526
2020-08-10,76923.078125,76923.078125,77692.3046875,76923.078125,77153.84375,441623
2020-08-11,76538.4609375,76538.4609375,77000.0,76230.765625,76923.078125,313079
2020-08-12,77307.6953125,77307.6953125,77307.6953125,76692.3046875,76769.234375,388583
2020-08-13,78153.84375,78153.84375,78153.84375,77384.6171875,77461.5390625,548561
2020-08-14,77384.6171875,77384.6171875,78230.765625,77153.84375,78153.84375,470925
2020-08-17,77076.921875,77076.921875,77384.6171875,76000.0,77384.6171875,344513
2020-08-18,76769.234375,76769.234375,77076.921875,76076.921875,76923.078125,347217
2020-08-19,76923.078125,76923.078125,76923.078125,76615.3828125,76769.234375,319072
2020-08-20,76615.3828125,76615.3828125,76923.078125,76000.0,76846.15625,625625
2020-08-21,76615.3828125,76615.3828125,76692.3046875,76230.765625,76692.3046875,351585
2020-08-24,76923.078125,76923.078125,77230.765625,76692.3046875,76692.3046875,698919
2020-08-25,76538.4609375,76538.4609375,77230.765625,76307.6953125,77000.0,729261
2020-08-26,77384.6171875,77384.6171875,77384.6171875,76615.3828125,76769.234375,598884
2020-08-27,76615.3828125,76615.3828125,77384.6171875,76538.4609375,77307.6953125,359437
2020-08-28,77384.6171875,77384.6171875,77538.4609375,76769.234375,76769.234375,624598
2020-08-31,79230.765625,79230.765625,79384.6171875,77461.5390625,77692.3046875,636844
2020-09-01,81153.84375,81153.84375,81153.84375,79692.3046875,79769.234375,892866
2020-09-02,81153.84375,81153.84375,81153.84375,81153.84375,81153.84375,0
2020-09-03,82769.234375,82769.234375,83000.0,81923.078125,82000.0,789724
2020-09-04,82769.234375,82769.234375,82769.234375,81153.84375,81153.84375,863057
2020-09-07,82307.6953125,82307.6953125,83076.921875,81230.765625,83076.921875,631319
2020-09-08,82153.84375,82153.84375,82307.6953125,81076.921875,82307.6953125,525226
2020-09-09,81538.4609375,81538.4609375,81538.4609375,80307.6953125,81538.4609375,685906
2020-09-10,81538.4609375,81538.4609375,81692.3046875,81153.84375,81538.4609375,598871
2020-09-11,81384.6171875,81384.6171875,81538.4609375,80384.6171875,81538.4609375,532467
2020-09-14,82615.3828125,82615.3828125,82615.3828125,81538.4609375,81538.4609375,716846
2020-09-15,82230.765625,82230.765625,83076.921875,81538.4609375,82692.3046875,540228
2020-09-16,82230.765625,82230.765625,82230.765625,82230.765625,82230.765625,0
2020-09-17,81461.5390625,81461.5390625,82230.765625,81461.5390625,82230.765625,736229
2020-09-18,81538.4609375,81538.4609375,81615.3828125,81000.0,81000.0,463242
2020-09-21,81923.078125,81923.078125,82307.6953125,81538.4609375,81538.4609375,541814
2020-09-22,82076.921875,82076.921875,82153.84375,81461.5390625,81923.078125,833599
2020-09-23,81923.078125,81923.078125,82153.84375,81538.4609375,82076.921875,481949
2020-09-24,81384.6171875,81384.6171875,81846.15625,81153.84375,81615.3828125,459797
2020-09-25,81230.765625,81230.765625,81692.3046875,81000.0,81384.6171875,408395
2020-09-28,81153.84375,81153.84375,81384.6171875,80769.234375,81307.6953125,430651
2020-09-29,80000.0,80000.0,81076.921875,80000.0,81076.921875,486681
2020-09-30,80461.5390625,80461.5390625,81000.0,79846.15625,79846.15625,537810
2020-10-01,81153.84375,81153.84375,81153.84375,80461.5390625,80538.4609375,578890
2020-10-02,80692.3046875,80692.3046875,81230.765625,80230.765625,81153.84375,500058
2020-10-05,80615.3828125,80615.3828125,81076.921875,80615.3828125,80769.234375,398541
2020-10-06,80384.6171875,80384.6171875,80692.3046875,79923.078125,80615.3828125,531375
2020-10-07,80000.0,80000.0,80230.765625,79230.765625,80230.765625,463073
2020-10-08,80000.0,80000.0,80000.0,79461.5390625,80000.0,526877
2020-10-09,80307.6953125,80307.6953125,80615.3828125,80000.0,80000.0,494260
2020-10-12,80769.234375,80769.234375,80769.234375,80153.84375,80307.6953125,645671
2020-10-13,80769.234375,80769.234375,81153.84375,80538.4609375,81000.0,440349
2020-10-14,80461.5390625,80461.5390625,80769.234375,80000.0,80769.234375,387166
2020-10-15,81538.4609375,81538.4609375,81538.4609375,79615.3828125,80384.6171875,650481
2020-10-16,80769.234375,80769.234375,81461.5390625,80461.5390625,81384.6171875,542724
2020-10-19,80384.6171875,80384.6171875,80769.234375,80000.0,80769.234375,435331
2020-10-20,80384.6171875,80384.6171875,80384.6171875,79615.3828125,80384.6171875,571259
2020-10-21,79923.078125,79923.078125,80461.5390625,79846.15625,80307.6953125,608140
2020-10-22,80769.234375,80769.234375,80769.234375,79538.4609375,79846.15625,658138
2020-10-23,81000.0,81000.0,81000.0,80000.0,80769.234375,880438
2020-10-26,80384.6171875,80384.6171875,81076.921875,80384.6171875,81000.0,790361
2020-10-27,80384.6171875,80384.6171875,80846.15625,80000.0,80384.6171875,803959
2020-10-28,80000.0,80000.0,80846.15625,78846.15625,80384.6171875,948298
2020-10-29,78692.3046875,78692.3046875,80000.0,77000.0,80000.0,765414
2020-10-30,77846.15625,77846.15625,78538.4609375,76461.5390625,78538.4609375,675506
2020-11-02,80692.3046875,80692.3046875,80692.3046875,77307.6953125,77692.3046875,660322
2020-11-03,81153.84375,81153.84375,81230.765625,79230.765625,80692.3046875,757237
2020-11-04,81153.84375,81153.84375,81307.6953125,81000.0,81153.84375,736190
2020-11-05,81307.6953125,81307.6953125,81384.6171875,81076.921875,81153.84375,705757
2020-11-06,81307.6953125,81307.6953125,81384.6171875,80615.3828125,81307.6953125,728702
2020-11-09,81538.4609375,81538.4609375,81538.4609375,81153.84375,81307.6953125,630760
2020-11-10,87230.765625,87230.765625,87230.765625,87230.765625,87230.765625,903292
2020-11-11,87538.4609375,87538.4609375,88076.921875,86846.15625,87692.3046875,897299
2020-11-12,86692.3046875,86692.3046875,87615.3828125,86461.5390625,87307.6953125,573040
2020-11-13,86692.3046875,86692.3046875,86692.3046875,85000.0,86307.6953125,639210
2020-11-16,85538.4609375,85538.4609375,87615.3828125,83000.0,86769.234375,876057
2020-11-17,86923.078125,86923.078125,86923.078125,84692.3046875,85923.078125,823030
2020-11-18,87307.6953125,87307.6953125,87461.5390625,86230.765625,87076.921875,989326
2020-11-19,87461.5390625,87461.5390625,87461.5390625,86000.0,87153.84375,866593
2020-11-20,91461.5390625,91461.5390625,92692.3046875,86923.078125,86923.078125,1078649
2020-11-23,91461.5390625,91461.5390625,91538.4609375,90692.3046875,91461.5390625,581308
2020-11-24,90769.234375,90769.234375,91461.5390625,90000.0,91461.5390625,525161
2020-11-25,91538.4609375,91538.4609375,92461.5390625,90769.234375,90923.078125,803088
2020-11-26,92384.6171875,92384.6171875,92384.6171875,90769.234375,91538.4609375,778765
2020-11-27,91538.4609375,91538.4609375,92461.5390625,91384.6171875,92461.5390625,528541
2020-11-30,90384.6171875,90384.6171875,91461.5390625,90307.6953125,91307.6953125,827684
2020-12-01,90769.234375,90769.234375,90846.15625,88461.5390625,89230.765625,725647
2020-12-02,91923.078125,91923.078125,91923.078125,90384.6171875,90384.6171875,796224
2020-12-03,91384.6171875,91384.6171875,92076.921875,90923.078125,92076.921875,583492
2020-12-04,91153.84375,91153.84375,91538.4609375,90692.3046875,90923.078125,646048
2020-12-07,90769.234375,90769.234375,91076.921875,90307.6953125,91076.921875,628992
2020-12-08,91153.84375,91153.84375,91307.6953125,90461.5390625,90692.3046875,679289
2020-12-09,92307.6953125,92307.6953125,92307.6953125,91000.0,91153.84375,887926
2020-12-10,92153.84375,92153.84375,92846.15625,91538.4609375,92538.4609375,852631
2020-12-11,94000.0,94000.0,94000.0,92076.921875,92153.84375,938223
2020-12-14,97692.3046875,97692.3046875,97692.3046875,94384.6171875,94384.6171875,939198
2020-12-15,96153.84375,96153.84375,99230.765625,96153.84375,97692.3046875,1233518
2020-12-16,98538.4609375,98538.4609375,98538.4609375,96000.0,96153.84375,690157
2020-12-17,95846.15625,95846.15625,98076.921875,95769.234375,97692.3046875,767390
2020-12-18,96153.84375,96153.84375,97307.6953125,95692.3046875,95692.3046875,1082003
2020-12-21,96769.234375,96769.234375,96769.234375,96000.0,96307.6953125,848159
2020-12-22,95076.921875,95076.921875,96615.3828125,94923.078125,96538.4609375,672971
2020-12-23,94307.6953125,94307.6953125,95076.921875,93923.078125,95076.921875,688493
2020-12-24,94615.3828125,94615.3828125,95153.84375,93769.234375,94461.5390625,680550
2020-12-25,96846.15625,96846.15625,96923.078125,94461.5390625,94615.3828125,1137383
2020-12-28,96076.921875,96076.921875,96923.078125,95692.3046875,96846.15625,794794
2020-12-29,96615.3828125,96615.3828125,96923.078125,95538.4609375,95846.15625,828893
2020-12-30,95769.234375,95769.234375,96692.3046875,95769.234375,96615.3828125,734201
2020-12-31,96153.84375,96153.84375,96846.15625,95384.6171875,95769.234375,816556
2021-01-01,96153.84375,96153.84375,96153.84375,96153.84375,96153.84375,0
2021-01-04,96769.234375,96769.234375,96923.078125,95384.6171875,96307.6953125,102973
2021-01-05,96000.0,96000.0,97076.921875,95846.15625,96769.234375,84955
2021-01-06,95153.84375,95153.84375,96153.84375,94384.6171875,96076.921875,82550
2021-01-07,95846.15625,95846.15625,96461.5390625,95000.0,95153.84375,80080
2021-01-08,97307.6953125,97307.6953125,97461.5390625,96230.765625,96230.765625,96174
2021-01-11,101000.0,101000.0,101538.4609375,97307.6953125,97307.6953125,102297
2021-01-12,101153.84375,101153.84375,101230.765625,100538.4609375,101076.921875,82355
2021-01-13,101000.0,101000.0,101538.4609375,100846.15625,101307.6953125,81003
2021-01-14,100538.4609375,100538.4609375,101076.921875,99615.3828125,100615.3828125,97461
2021-01-15,101384.6171875,101384.6171875,101384.6171875,100000.0,100923.078125,97760
2021-01-18,101538.4609375,101538.4609375,101769.234375,100923.078125,101461.5390625,110513
2021-01-19,98384.6171875,98384.6171875,101692.3046875,98384.6171875,101538.4609375,91091
2021-01-20,100000.0,100000.0,100000.0,96923.078125,98769.234375,82485
2021-01-21,100769.234375,100769.234375,101153.84375,99076.921875,100000.0,98176
2021-01-22,102923.078125,102923.078125,103076.921875,100769.234375,101230.765625,114231
2021-01-25,102769.234375,102769.234375,103000.0,102538.4609375,102769.234375,107159
2021-01-26,100769.234375,100769.234375,102769.234375,99615.3828125,102769.234375,61087
2021-01-27,100615.3828125,100615.3828125,100769.234375,98846.15625,100538.4609375,88829
2021-01-28,93615.3828125,93615.3828125,98076.921875,93615.3828125,97923.078125,56836
2021-01-29,96769.234375,96769.234375,100000.0,90769.234375,91538.4609375,88725
2021-02-01,96538.4609375,96538.4609375,97307.6953125,94076.921875,96769.234375,77207
2021-02-02,99769.234375,99769.234375,99846.15625,96230.765625,96384.6171875,78832
2021-02-03,100769.234375,100769.234375,101153.84375,99230.765625,99846.15625,78052
2021-02-04,100461.5390625,100461.5390625,100846.15625,99230.765625,100769.234375,78637
2021-02-05,100846.15625,100846.15625,100846.15625,100384.6171875,100615.3828125,64532
2021-02-08,95846.15625,95846.15625,100461.5390625,93846.15625,100384.6171875,170391
2021-02-09,99230.765625,99230.765625,99230.765625,95538.4609375,96384.6171875,85904
2021-02-10,99230.765625,99230.765625,99230.765625,99230.765625,99230.765625,0
2021-02-11,99230.765625,99230.765625,99230.765625,99230.765625,99230.765625,0
2021-02-12,99230.765625,99230.765625,99230.765625,99230.765625,99230.765625,0
2021-02-15,99230.765625,99230.765625,99230.765625,99230.765625,99230.765625,0
2021-02-16,99230.765625,99230.765625,99230.765625,99230.765625,99230.765625,0
2021-02-17,100769.234375,100769.234375,100769.234375,99307.6953125,99615.3828125,80418
2021-02-18,101384.6171875,101384.6171875,101384.6171875,99230.765625,100692.3046875,79092
2021-02-19,101384.6171875,101384.6171875,101461.5390625,99846.15625,101153.84375,69745
2021-02-22,101230.765625,101230.765625,101461.5390625,100000.0,101461.5390625,75010
2021-02-23,103076.921875,103076.921875,103461.5390625,99461.5390625,101000.0,159692
2021-02-24,103076.921875,103076.921875,103076.921875,103076.921875,103076.921875,0
2021-02-25,103076.921875,103076.921875,103076.921875,103076.921875,103076.921875,0
2021-02-26,103923.078125,103923.078125,104615.3828125,102692.3046875,103461.5390625,100373
2021-03-01,104769.234375,104769.234375,105307.6953125,103846.15625,104076.921875,86294
2021-03-02,105923.078125,105923.078125,106538.4609375,103923.078125,105153.84375,104364
2021-03-03,105538.4609375,105538.4609375,106000.0,104230.765625,105692.3046875,91572
2021-03-04,105230.765625,105230.765625,105923.078125,104076.921875,105000.0,45981
2021-03-05,105230.765625,105230.765625,105384.6171875,103846.15625,104923.078125,63713
2021-03-08,104615.3828125,104615.3828125,105615.3828125,103230.765625,105538.4609375,64207
2021-03-09,103769.234375,103769.234375,104307.6953125,102307.6953125,104307.6953125,61984
2021-03-10,104230.765625,104230.765625,104230.765625,102769.234375,103769.234375,99723
2021-03-11,104692.3046875,104692.3046875,105000.0,104000.0,104461.5390625,82290
2021-03-12,103846.15625,103846.15625,104846.15625,103076.921875,104230.765625,68757
2021-03-15,103846.15625,103846.15625,104153.84375,102692.3046875,103846.15625,64441
2021-03-16,103538.4609375,103538.4609375,103923.078125,102307.6953125,103846.15625,62010
2021-03-17,102692.3046875,102692.3046875,103307.6953125,100923.078125,103230.765625,73333
2021-03-18,103769.234375,103769.234375,103769.234375,102307.6953125,102692.3046875,64987
2021-03-19,100384.6171875,100384.6171875,103538.4609375,100384.6171875,103384.6171875,121459
2021-03-22,102076.921875,102076.921875,102307.6953125,101153.84375,101230.765625,65949
2021-03-23,100769.234375,100769.234375,102000.0,100076.921875,101538.4609375,46319
2021-03-24,98461.5390625,98461.5390625,100846.15625,98076.921875,100000.0,53963
2021-03-25,98538.4609375,98538.4609375,100692.3046875,98307.6953125,98461.5390625,66053
2021-03-26,100384.6171875,100384.6171875,100384.6171875,98615.3828125,98692.3046875,52455
2021-03-29,101230.765625,101230.765625,101230.765625,100384.6171875,100538.4609375,83213
2021-03-30,101230.765625,101230.765625,101307.6953125,100000.0,101230.765625,66287
2021-03-31,99769.234375,99769.234375,101230.765625,99769.234375,101153.84375,59319
2021-04-01,101923.078125,101923.078125,102230.765625,99769.234375,100000.0,69719
2021-04-02,101769.234375,101769.234375,103307.6953125,101769.234375,102923.078125,69017
2021-04-05,101769.234375,101769.234375,104615.3828125,101692.3046875,104615.3828125,57304
2021-04-06,102307.6953125,102307.6953125,102923.078125,101692.3046875,101923.078125,55536
2021-04-07,102307.6953125,102307.6953125,103076.921875,101615.3828125,102307.6953125,49543
2021-04-08,102307.6953125,102307.6953125,103076.921875,102000.0,102692.3046875,54392
2021-04-09,101384.6171875,101384.6171875,102692.3046875,101076.921875,102692.3046875,54327
2021-04-12,101384.6171875,101384.6171875,101615.3828125,100692.3046875,101615.3828125,80782
2021-04-13,101461.5390625,101461.5390625,101846.15625,100846.15625,101846.15625,64935
2021-04-14,101538.4609375,101538.4609375,101769.234375,100769.234375,101692.3046875,66066
2021-04-15,101307.6953125,101307.6953125,101846.15625,99230.765625,101538.4609375,83304
2021-04-16,99230.765625,99230.765625,101307.6953125,98615.3828125,101307.6953125,56056
2021-04-19,99384.6171875,99384.6171875,99692.3046875,98461.5390625,99230.765625,77038
2021-04-20,100769.234375,100769.234375,101538.4609375,99076.921875,99384.6171875,94835
2021-04-21,100769.234375,100769.234375,100769.234375,100769.234375,100769.234375,0
2021-04-22,100307.6953125,100307.6953125,101615.3828125,100230.765625,100384.6171875,100412
2021-04-23,99615.3828125,99615.3828125,100615.3828125,97307.6953125,100307.6953125,105638
2021-04-26,98076.921875,98076.921875,100461.5390625,95000.0,100461.5390625,73138
2021-04-27,97846.15625,97846.15625,98384.6171875,96923.078125,98076.921875,61711
2021-04-28,96923.078125,96923.078125,97846.15625,95923.078125,97846.15625,67223
2021-04-29,96076.921875,96076.921875,97000.0,95461.5390625,96923.078125,67678
2021-04-30,96076.921875,96076.921875,96076.921875,96076.921875,96076.921875,0
2021-05-03,96076.921875,96076.921875,96076.921875,96076.921875,96076.921875,0
2021-05-04,95384.6171875,95384.6171875,96153.84375,94615.3828125,96076.921875,66989
2021-05-05,95769.234375,95769.234375,96000.0,94923.078125,95384.6171875,65923
2021-05-06,93846.15625,93846.15625,95769.234375,93846.15625,95769.234375,55458
2021-05-07,91923.078125,91923.078125,94307.6953125,90769.234375,93076.921875,57135
2021-05-10,91692.3046875,91692.3046875,92307.6953125,90769.234375,91923.078125,61412
2021-05-11,91538.4609375,91538.4609375,92153.84375,91384.6171875,91846.15625,68601
2021-05-12,91538.4609375,91538.4609375,91692.3046875,90769.234375,91538.4609375,69173
2021-05-13,90000.0,90000.0,91769.234375,89846.15625,91538.4609375,62530
2021-05-14,90692.3046875,90692.3046875,91307.6953125,89769.234375,90000.0,85670
2021-05-17,87692.3046875,87692.3046875,90923.078125,87692.3046875,90769.234375,63076
2021-05-18,86923.078125,86923.078125,88307.6953125,86230.765625,87923.078125,50817
2021-05-19,84615.3828125,84615.3828125,87076.921875,84307.6953125,86923.078125,47151
2021-05-20,85384.6171875,85384.6171875,85384.6171875,83384.6171875,84153.84375,61841
2021-05-21,86692.3046875,86692.3046875,86692.3046875,85000.0,85153.84375,42848
2021-05-24,86692.3046875,86692.3046875,86692.3046875,86692.3046875,86692.3046875,0
2021-05-25,87153.84375,87153.84375,87307.6953125,86153.84375,87307.6953125,54990
2021-05-26,86923.078125,86923.078125,87230.765625,86307.6953125,86923.078125,61490
2021-05-27,86923.078125,86923.078125,86923.078125,84615.3828125,86923.078125,56940
2021-05-28,86153.84375,86153.84375,86923.078125,85000.0,86923.078125,65247
2021-05-31,84615.3828125,84615.3828125,86000.0,82307.6953125,86000.0,66651
2021-06-01,81692.3046875,81692.3046875,84538.4609375,81538.4609375,84538.4609375,36881
2021-06-02,82000.0,82000.0,82461.5390625,81538.4609375,81692.3046875,67431
2021-06-03,82230.765625,82230.765625,82461.5390625,81384.6171875,82000.0,76570
2021-06-04,82615.3828125,82615.3828125,82615.3828125,81692.3046875,81692.3046875,82433
2021-06-07,86000.0,86000.0,86000.0,82692.3046875,82692.3046875,889850
2021-06-08,86000.0,86000.0,86000.0,86000.0,86000.0,0
2021-06-09,88692.3046875,88692.3046875,90307.6953125,87153.84375,90153.84375,835120
2021-06-10,87538.4609375,87538.4609375,88153.84375,85769.234375,88153.84375,829140
2021-06-11,88846.15625,88846.15625,88846.15625,86769.234375,87615.3828125,1041560
2021-06-14,89000.0,89000.0,89076.921875,88461.5390625,88846.15625,835510
2021-06-15,90000.0,90000.0,90000.0,88923.078125,89000.0,867880
2021-06-16,89615.3828125,89615.3828125,90230.765625,89076.921875,89076.921875,692250
2021-06-17,89615.3828125,89615.3828125,89615.3828125,88461.5390625,89230.765625,764920
2021-06-18,89230.765625,89230.765625,89615.3828125,88769.234375,89307.6953125,475930
2021-06-21,87692.3046875,87692.3046875,89230.765625,87538.4609375,89230.765625,869700
2021-06-22,88461.5390625,88461.5390625,88769.234375,87692.3046875,88000.0,687570
2021-06-23,88538.4609375,88538.4609375,88692.3046875,88000.0,88538.4609375,764400
2021-06-24,88846.15625,88846.15625,89153.84375,88461.5390625,89153.84375,824720
2021-06-25,89153.84375,89153.84375,89230.765625,88461.5390625,88846.15625,611130
2021-06-28,88846.15625,88846.15625,89307.6953125,88153.84375,89230.765625,668460
2021-06-29,92307.6953125,92307.6953125,92307.6953125,88692.3046875,89000.0,866970
2021-06-30,93461.5390625,93461.5390625,93615.3828125,92153.84375,92307.6953125,773760
2021-07-01,92846.15625,92846.15625,93461.5390625,92000.0,93461.5390625,694590
2021-07-02,92769.234375,92769.234375,93153.84375,92153.84375,93076.921875,658840
2021-07-05,92769.234375,92769.234375,92769.234375,92769.234375,92769.234375,0
2021-07-06,92769.234375,92769.234375,92769.234375,92769.234375,92769.234375,0
2021-07-07,92769.234375,92769.234375,92769.234375,92769.234375,92769.234375,0
2021-07-08,92769.234375,92769.234375,92769.234375,92769.234375,92769.234375,0
2021-07-09,91461.5390625,91461.5390625,92461.5390625,90230.765625,92461.5390625,827710
2021-07-12,91461.5390625,91461.5390625,91461.5390625,91461.5390625,91461.5390625,0
2021-07-13,92230.765625,92230.765625,92307.6953125,90615.3828125,92307.6953125,707460
2021-07-14,92230.765625,92230.765625,92230.765625,92230.765625,92230.765625,0
2021-07-15,88307.6953125,88307.6953125,89923.078125,84000.0,89923.078125,1346280
2021-07-16,88307.6953125,88307.6953125,88307.6953125,88307.6953125,88307.6953125,0
2021-07-19,87692.3046875,87692.3046875,88230.765625,85384.6171875,88230.765625,748670
2021-07-20,88076.921875,88076.921875,88076.921875,84615.3828125,87384.6171875,670150
2021-07-21,87692.3046875,87692.3046875,88076.921875,86384.6171875,87692.3046875,668200
2021-07-22,87692.3046875,87692.3046875,87846.15625,86769.234375,87615.3828125,707980
2021-07-23,87230.765625,87230.765625,87615.3828125,85230.765625,87615.3828125,720720
2021-07-26,87692.3046875,87692.3046875,87692.3046875,85769.234375,86923.078125,804310
2021-07-27,88384.6171875,88384.6171875,88846.15625,87538.4609375,87692.3046875,809250
2021-07-28,88000.0,88000.0,88076.921875,87153.84375,88076.921875,676780
2021-07-29,88000.0,88000.0,88000.0,86384.6171875,88000.0,649480
2021-07-30,86923.078125,86923.078125,88076.921875,86461.5390625,88076.921875,690430
2021-08-02,88846.15625,88846.15625,89153.84375,86923.078125,86923.078125,654160
2021-08-03,89230.765625,89230.765625,89461.5390625,88000.0,88692.3046875,745940
2021-08-04,89230.765625,89230.765625,89230.765625,89230.765625,89230.765625,0
2021-08-05,89615.3828125,89615.3828125,89615.3828125,88076.921875,89538.4609375,481000
2021-08-06,90307.6953125,90307.6953125,90384.6171875,89230.765625,89846.15625,616200
2021-08-09,91923.078125,91923.078125,92076.921875,89230.765625,89846.15625,795730
2021-08-10,91923.078125,91923.078125,91923.078125,91923.078125,91923.078125,0
2021-08-11,91307.6953125,91307.6953125,91461.5390625,90769.234375,91384.6171875,668460
2021-08-12,91307.6953125,91307.6953125,91538.4609375,89923.078125,91307.6953125,623220
2021-08-13,90769.234375,90769.234375,91307.6953125,89615.3828125,91307.6953125,695760
2021-08-16,90230.765625,90230.765625,90846.15625,89461.5390625,90846.15625,623090
2021-08-17,90230.765625,90230.765625,90230.765625,90230.765625,90230.765625,0
2021-08-18,90769.234375,90769.234375,90923.078125,90076.921875,90230.765625,1102010
2021-08-19,92307.6953125,92307.6953125,92307.6953125,90538.4609375,90769.234375,1814020
2021-08-20,92153.84375,92153.84375,92307.6953125,90384.6171875,91538.4609375,2117570
2021-08-23,92538.4609375,92538.4609375,92538.4609375,90923.078125,91923.078125,2038530
2021-08-24,94461.5390625,94461.5390625,94461.5390625,92153.84375,92615.3828125,1964820
2021-08-25,97692.3046875,97692.3046875,97692.3046875,94615.3828125,95000.0,1835210
2021-08-26,96769.234375,96769.234375,97615.3828125,95615.3828125,96769.234375,1449370
2021-08-27,97538.4609375,97538.4609375,97538.4609375,96000.0,97000.0,1835470
2021-08-30,97615.3828125,97615.3828125,97692.3046875,95384.6171875,97307.6953125,1596530
2021-08-31,97307.6953125,97307.6953125,97538.4609375,96153.84375,97538.4609375,1369030
2021-09-01,96538.4609375,96538.4609375,97153.84375,95846.15625,96538.4609375,1124370
2021-09-02,96538.4609375,96538.4609375,96538.4609375,96538.4609375,96538.4609375,0
2021-09-03,96538.4609375,96538.4609375,96538.4609375,96538.4609375,96538.4609375,0
2021-09-06,96692.3046875,96692.3046875,96923.078125,95923.078125,95923.078125,1305590
2021-09-07,95846.15625,95846.15625,96538.4609375,95230.765625,96538.4609375,1067950
2021-09-08,95846.15625,95846.15625,95846.15625,95846.15625,95846.15625,0
2021-09-09,99230.765625,99230.765625,99230.765625,95384.6171875,95846.15625,1594840
2021-09-10,99846.15625,99846.15625,100000.0,99384.6171875,99615.3828125,1198340
2021-09-13,98461.5390625,98461.5390625,99846.15625,98461.5390625,99846.15625,1325480
2021-09-14,96769.234375,96769.234375,98307.6953125,96153.84375,98000.0,1152190
2021-09-15,96923.078125,96923.078125,97230.765625,96384.6171875,96384.6171875,894530
2021-09-16,96923.078125,96923.078125,97076.921875,96230.765625,96923.078125,927030
2021-09-17,96076.921875,96076.921875,97000.0,95384.6171875,96923.078125,1609010
2021-09-20,95538.4609375,95538.4609375,96846.15625,95000.0,96153.84375,915720
2021-09-21,95538.4609375,95538.4609375,95538.4609375,95538.4609375,95538.4609375,0
2021-09-22,95538.4609375,95538.4609375,95538.4609375,95538.4609375,95538.4609375,0
2021-09-23,95153.84375,95153.84375,95384.6171875,93846.15625,94846.15625,906360
2021-09-24,96153.84375,96153.84375,96307.6953125,95076.921875,95076.921875,135616000
2021-09-27,99230.765625,99230.765625,99769.234375,96153.84375,96230.765625,1596400
2021-09-28,99230.765625,99230.765625,99461.5390625,98461.5390625,99076.921875,1095640
2021-09-29,98846.15625,98846.15625,99307.6953125,97692.3046875,99230.765625,1112670
2021-09-30,98384.6171875,98384.6171875,99076.921875,97615.3828125,98461.5390625,989300
2021-10-01,99076.921875,99076.921875,99230.765625,96538.4609375,98076.921875,993460
2021-10-04,101384.6171875,101384.6171875,101538.4609375,98846.15625,99076.921875,134654000
2021-10-05,100615.3828125,100615.3828125,101307.6953125,99384.6171875,101076.921875,1058070
2021-10-06,100615.3828125,100615.3828125,100615.3828125,100615.3828125,100615.3828125,0
2021-10-07,99076.921875,99076.921875,100000.0,97923.078125,99538.4609375,968760
2021-10-08,99153.84375,99153.84375,99230.765625,97769.234375,99076.921875,942370
2021-10-11,99153.84375,99153.84375,99153.84375,99153.84375,99153.84375,0
2021-10-12,101923.078125,101923.078125,102153.84375,101384.6171875,101923.078125,1199640
2021-10-13,103000.0,103000.0,103153.84375,101923.078125,102153.84375,1059760
2021-10-14,103000.0,103000.0,103000.0,103000.0,103000.0,0
2021-10-15,101307.6953125,101307.6953125,103461.5390625,100692.3046875,103384.6171875,1276600
2021-10-18,101307.6953125,101307.6953125,101307.6953125,101307.6953125,101307.6953125,0
2021-10-19,104000.0,104000.0,104000.0,100000.0,100769.234375,1400100
2021-10-20,104538.4609375,104538.4609375,105000.0,102538.4609375,104000.0,1219920
2021-10-21,101384.6171875,101384.6171875,104538.4609375,101384.6171875,104538.4609375,1123850
2021-10-22,101384.6171875,101384.6171875,102153.84375,101230.765625,101461.5390625,1024920
2021-10-25,101384.6171875,101384.6171875,101384.6171875,101384.6171875,101384.6171875,0
2021-10-26,101923.078125,101923.078125,102000.0,100538.4609375,101384.6171875,1139190
2021-10-27,103076.921875,103076.921875,103846.15625,101769.234375,101923.078125,1199250
2021-10-28,102692.3046875,102692.3046875,103384.6171875,102153.84375,103076.921875,1154140
2021-10-29,101538.4609375,101538.4609375,103076.921875,101538.4609375,102307.6953125,992940
2021-11-01,101538.4609375,101538.4609375,101538.4609375,101538.4609375,101538.4609375,0
2021-11-02,101538.4609375,101538.4609375,101538.4609375,100000.0,100000.0,1195740
2021-11-03,99846.15625,99846.15625,101538.4609375,98461.5390625,101384.6171875,94705000
2021-11-04,99692.3046875,99692.3046875,99846.15625,98000.0,99461.5390625,886210
2021-11-05,100000.0,100000.0,100230.765625,99384.6171875,99692.3046875,1130090
2021-11-08,101384.6171875,101384.6171875,101538.4609375,99692.3046875,99846.15625,1362270
2021-11-09,100769.234375,100769.234375,101461.5390625,99461.5390625,101461.5390625,1038310
2021-11-10,99769.234375,99769.234375,100769.234375,99076.921875,100769.234375,931970
2021-11-11,98923.078125,98923.078125,99538.4609375,97923.078125,99384.6171875,1070550
2021-11-12,98923.078125,98923.078125,99153.84375,98076.921875,98615.3828125,981760
2021-11-15,97692.3046875,97692.3046875,98923.078125,96923.078125,98538.4609375,1044290
2021-11-16,98384.6171875,98384.6171875,98384.6171875,96538.4609375,97307.6953125,1037920
2021-11-17,98384.6171875,98384.6171875,98461.5390625,97692.3046875,98076.921875,969800
2021-11-18,97307.6953125,97307.6953125,98461.5390625,96615.3828125,98384.6171875,1180010
2021-11-19,98307.6953125,98307.6953125,98384.6171875,97076.921875,97307.6953125,1246440
2021-11-22,98461.5390625,98461.5390625,98769.234375,96923.078125,98615.3828125,1039090
2021-11-23,101538.4609375,101538.4609375,101615.3828125,98076.921875,98307.6953125,1709760
2021-11-24,101692.3046875,101692.3046875,101846.15625,100615.3828125,101846.15625,1534260
2021-11-25,101538.4609375,101538.4609375,102153.84375,100692.3046875,101692.3046875,1324050
2021-11-26,99615.3828125,99615.3828125,101384.6171875,98538.4609375,101384.6171875,1184820
2021-11-29,96153.84375,96153.84375,99153.84375,95769.234375,99153.84375,1135550
2021-11-30,94230.765625,94230.765625,95153.84375,93538.4609375,94615.3828125,869700
2021-12-01,92307.6953125,92307.6953125,93846.15625,89846.15625,93538.4609375,1064700
2021-12-02,92615.3828125,92615.3828125,93000.0,92076.921875,92307.6953125,1058590
2021-12-03,92615.3828125,92615.3828125,92923.078125,91000.0,92615.3828125,1046630
2021-12-06,92692.3046875,92692.3046875,92692.3046875,90769.234375,92153.84375,1008540
2021-12-07,94615.3828125,94615.3828125,94615.3828125,91153.84375,92307.6953125,1197300
2021-12-08,93384.6171875,93384.6171875,94615.3828125,92384.6171875,94461.5390625,952640
2021-12-09,95000.0,95000.0,95000.0,91923.078125,93000.0,1091610
2021-12-10,95769.234375,95769.234375,96153.84375,94230.765625,95076.921875,880100
2021-12-13,96769.234375,96769.234375,96923.078125,95384.6171875,95769.234375,1179750
2021-12-14,95384.6171875,95384.6171875,96923.078125,94692.3046875,96923.078125,1033240
2021-12-15,95384.6171875,95384.6171875,95615.3828125,94538.4609375,95307.6953125,1013740
2021-12-16,94461.5390625,94461.5390625,95384.6171875,93153.84375,94692.3046875,1003080
2021-12-17,94230.765625,94230.765625,95076.921875,93384.6171875,94538.4609375,967590
2021-12-20,93923.078125,93923.078125,94230.765625,92307.6953125,94230.765625,920400
2021-12-21,94230.765625,94230.765625,94230.765625,93461.5390625,93769.234375,885040
2021-12-22,94384.6171875,94384.6171875,94615.3828125,93076.921875,94230.765625,908180
2021-12-23,95307.6953125,95307.6953125,95307.6953125,92846.15625,94384.6171875,897650
2021-12-24,95384.6171875,95384.6171875,95769.234375,94461.5390625,95307.6953125,1009840
2021-12-27,96153.84375,96153.84375,96153.84375,94615.3828125,95384.6171875,934310
2021-12-28,96307.6953125,96307.6953125,96846.15625,94384.6171875,96692.3046875,1001910
2021-12-29,96307.6953125,96307.6953125,96461.5390625,94923.078125,96307.6953125,1122030
2021-12-30,96923.078125,96923.078125,96923.078125,95384.6171875,95846.15625,1146340
2021-12-31,98692.3046875,98692.3046875,98692.3046875,96769.234375,96923.078125,1163110
2022-01-03,98692.3046875,98692.3046875,98692.3046875,98692.3046875,98692.3046875,0
2022-01-04,96923.078125,96923.078125,98692.3046875,96923.078125,98692.3046875,896480
2022-01-05,94615.3828125,94615.3828125,96846.15625,94615.3828125,96769.234375,741130
2022-01-06,95230.765625,95230.765625,95692.3046875,94384.6171875,94615.3828125,815230
2022-01-07,95230.765625,95230.765625,95461.5390625,93692.3046875,95230.765625,835770
2022-01-10,95230.765625,95230.765625,95307.6953125,94230.765625,95307.6953125,887770
2022-01-11,95230.765625,95230.765625,95230.765625,93846.15625,95000.0,885820
2022-01-12,94769.234375,94769.234375,94769.234375,92923.078125,94615.3828125,811980
2022-01-13,93846.15625,93846.15625,94615.3828125,92307.6953125,94615.3828125,918840
2022-01-14,93846.15625,93846.15625,94076.921875,93076.921875,93769.234375,761020
2022-01-17,92692.3046875,92692.3046875,93846.15625,92307.6953125,93461.5390625,837590
2022-01-18,95769.234375,95769.234375,95769.234375,92307.6953125,92692.3046875,1094990
2022-01-19,97153.84375,97153.84375,97153.84375,93846.15625,95384.6171875,1320410
2022-01-20,95076.921875,95076.921875,97153.84375,95076.921875,96923.078125,1172340
2022-01-21,93846.15625,93846.15625,95153.84375,93076.921875,95076.921875,669630
2022-01-24,92692.3046875,92692.3046875,93846.15625,90230.765625,93692.3046875,787280
2022-01-25,93307.6953125,93307.6953125,93307.6953125,91153.84375,92692.3046875,749580
2022-01-26,93153.84375,93153.84375,93307.6953125,91538.4609375,93307.6953125,865930
2022-01-27,93153.84375,93153.84375,93692.3046875,91615.3828125,93076.921875,928980
2022-01-28,93769.234375,93769.234375,94384.6171875,93153.84375,93461.5390625,746590
2022-01-31,93769.234375,93769.234375,93769.234375,93769.234375,93769.234375,0
2022-02-01,93769.234375,93769.234375,93769.234375,93769.234375,93769.234375,0
2022-02-02,93769.234375,93769.234375,93769.234375,93769.234375,93769.234375,0
2022-02-03,93769.234375,93769.234375,93769.234375,93769.234375,93769.234375,0
2022-02-04,93769.234375,93769.234375,93769.234375,93769.234375,93769.234375,0
2022-02-07,100307.6953125,100307.6953125,100307.6953125,94461.5390625,94461.5390625,1373710
2022-02-08,101153.84375,101153.84375,102076.921875,100076.921875,100538.4609375,1077830
2022-02-09,103846.15625,103846.15625,103846.15625,99846.15625,100615.3828125,1504230
2022-02-10,102307.6953125,102307.6953125,103692.3046875,101769.234375,103692.3046875,1389960
2022-02-11,102153.84375,102153.84375,102230.765625,99846.15625,102153.84375,1134510
2022-02-14,107692.3046875,107692.3046875,107692.3046875,101538.4609375,101538.4609375,1667640
2022-02-15,107692.3046875,107692.3046875,107692.3046875,107692.3046875,107692.3046875,0
2022-02-16,107076.921875,107076.921875,107307.6953125,105461.5390625,107307.6953125,833170
2022-02-17,108923.078125,108923.078125,108923.078125,106384.6171875,106923.078125,1529970
2022-02-18,114615.3828125,114615.3828125,114615.3828125,107769.234375,107769.234375,1849120
2022-02-21,112307.6953125,112307.6953125,114307.6953125,112307.6953125,113461.5390625,1266590
2022-02-22,109846.15625,109846.15625,111000.0,108615.3828125,110769.234375,1039350
2022-02-23,114000.0,114000.0,114615.3828125,109230.765625,109538.4609375,1499420
2022-02-24,113846.15625,113846.15625,114000.0,110384.6171875,113000.0,950820
2022-02-25,111615.3828125,111615.3828125,113923.078125,111615.3828125,113923.078125,980720
2022-02-28,107769.234375,107769.234375,111153.84375,106615.3828125,111153.84375,1032590
2022-03-01,108384.6171875,108384.6171875,109615.3828125,106923.078125,106923.078125,1050790
2022-03-02,111538.4609375,111538.4609375,111538.4609375,107923.078125,108307.6953125,1451060
2022-03-03,110307.6953125,110307.6953125,111538.4609375,108692.3046875,111538.4609375,834470
2022-03-04,107230.765625,107230.765625,109846.15625,107230.765625,109615.3828125,899210
2022-03-07,103230.765625,103230.765625,106615.3828125,103076.921875,106615.3828125,1042470
2022-03-08,105384.6171875,105384.6171875,105384.6171875,102923.078125,103076.921875,1122420
2022-03-09,107692.3046875,107692.3046875,109000.0,105000.0,105307.6953125,1245660
2022-03-10,106923.078125,106923.078125,107923.078125,106923.078125,107692.3046875,1026090
2022-03-11,106538.4609375,106538.4609375,107538.4609375,105769.234375,106538.4609375,1313910
2022-03-14,111538.4609375,111538.4609375,112538.4609375,106461.5390625,106615.3828125,1855620
2022-03-15,113846.15625,113846.15625,113846.15625,111153.84375,111538.4609375,1837550
2022-03-16,113076.921875,113076.921875,113076.921875,110923.078125,113076.921875,1353430
2022-03-17,111538.4609375,111538.4609375,113076.921875,110769.234375,112307.6953125,1308970
2022-03-18,114000.0,114000.0,114000.0,109769.234375,110923.078125,3130140
2022-03-21,110230.765625,110230.765625,112384.6171875,110000.0,112384.6171875,1024660
2022-03-22,108307.6953125,108307.6953125,110230.765625,107692.3046875,110230.765625,967200
2022-03-23,108461.5390625,108461.5390625,108461.5390625,107076.921875,108307.6953125,938080
2022-03-24,110769.234375,110769.234375,110769.234375,107615.3828125,108461.5390625,1522430
2022-03-25,110000.0,110000.0,110769.234375,109538.4609375,110769.234375,1049750
2022-03-28,108307.6953125,108307.6953125,109923.078125,107307.6953125,109846.15625,960440
2022-03-29,109923.078125,109923.078125,109923.078125,107692.3046875,108307.6953125,1352390
2022-03-30,108076.921875,108076.921875,109615.3828125,107307.6953125,109230.765625,937560
2022-03-31,108076.921875,108076.921875,108692.3046875,107307.6953125,108000.0,777530
2022-04-01,108384.6171875,108384.6171875,108461.5390625,105000.0,108076.921875,865280
2022-04-04,109923.078125,109923.078125,110384.6171875,106923.078125,108384.6171875,1285570
2022-04-05,108846.15625,108846.15625,110384.6171875,108846.15625,109923.078125,866060
2022-04-06,108461.5390625,108461.5390625,108692.3046875,106846.15625,108461.5390625,792740
2022-04-07,105384.6171875,105384.6171875,108076.921875,105384.6171875,108076.921875,947570
2022-04-08,106461.5390625,106461.5390625,106769.234375,105000.0,105384.6171875,860210
2022-04-11,106461.5390625,106461.5390625,106461.5390625,106461.5390625,106461.5390625,0
2022-04-12,106153.84375,106153.84375,107692.3046875,105769.234375,107076.921875,1001650
2022-04-13,106230.765625,106230.765625,106538.4609375,105692.3046875,106230.765625,1003990
2022-04-14,105307.6953125,105307.6953125,106615.3828125,103846.15625,105769.234375,830830
2022-04-15,104538.4609375,104538.4609375,105538.4609375,104153.84375,105307.6953125,780780
2022-04-18,106384.6171875,106384.6171875,106923.078125,103846.15625,104615.3828125,1010880
2022-04-19,110076.921875,110076.921875,110076.921875,105538.4609375,106384.6171875,1314950
2022-04-20,109230.765625,109230.765625,111000.0,108846.15625,109846.15625,1003080
2022-04-21,105000.0,105000.0,109384.6171875,105000.0,107692.3046875,952380
2022-04-22,106307.6953125,106307.6953125,108461.5390625,105076.921875,105076.921875,1184040
2022-04-25,100769.234375,100769.234375,106538.4609375,98923.078125,106307.6953125,829270
2022-04-26,99230.765625,99230.765625,102000.0,95769.234375,99615.3828125,886470
2022-04-27,99230.765625,99230.765625,99615.3828125,96153.84375,99230.765625,628290
2022-04-28,99230.765625,99230.765625,99461.5390625,96923.078125,98461.5390625,511420
2022-04-29,99923.078125,99923.078125,100615.3828125,97307.6953125,98846.15625,711620
2022-05-02,99923.078125,99923.078125,99923.078125,99923.078125,99923.078125,0
2022-05-03,99923.078125,99923.078125,99923.078125,99923.078125,99923.078125,0
2022-05-04,100230.765625,100230.765625,101000.0,99230.765625,99615.3828125,635180
2022-05-05,100615.3828125,100615.3828125,100615.3828125,98769.234375,100000.0,560820
2022-05-06,98461.5390625,98461.5390625,100000.0,97538.4609375,100000.0,480610
2022-05-09,95384.6171875,95384.6171875,98461.5390625,94230.765625,97692.3046875,729300
2022-05-10,99307.6953125,99307.6953125,99307.6953125,94230.765625,95307.6953125,813020
2022-05-11,97307.6953125,97307.6953125,99230.765625,97000.0,99153.84375,691730
2022-05-12,96000.0,96000.0,97384.6171875,93461.5390625,97307.6953125,823680
2022-05-13,96846.15625,96846.15625,98000.0,95000.0,95769.234375,894270
2022-05-16,96923.078125,96923.078125,97692.3046875,94615.3828125,97153.84375,805610
2022-05-17,98461.5390625,98461.5390625,98461.5390625,95076.921875,96923.078125,793390
2022-05-18,96692.3046875,96692.3046875,98076.921875,95384.6171875,98076.921875,859170
2022-05-19,96384.6171875,96384.6171875,96769.234375,94000.0,95384.6171875,984100
2022-05-20,96384.6171875,96384.6171875,96538.4609375,94615.3828125,96461.5390625,652990
2022-05-23,96153.84375,96153.84375,96538.4609375,94076.921875,96384.6171875,843570
2022-05-24,96384.6171875,96384.6171875,96384.6171875,94615.3828125,96000.0,791440
2022-05-25,96692.3046875,96692.3046875,96846.15625,94923.078125,95769.234375,1012570
2022-05-26,96153.84375,96153.84375,96692.3046875,95000.0,96692.3046875,758810
2022-05-27,97692.3046875,97692.3046875,97692.3046875,95461.5390625,96153.84375,1116310
2022-05-30,101923.078125,101923.078125,101923.078125,97923.078125,97923.078125,1505140
2022-05-31,100692.3046875,100692.3046875,102000.0,99846.15625,102000.0,830310
2022-06-01,101000.0,101000.0,101153.84375,99692.3046875,100384.6171875,860860
2022-06-02,101000.0,101000.0,101000.0,101000.0,101000.0,0
2022-06-03,97692.3046875,97692.3046875,98923.078125,96461.5390625,98846.15625,820690
2022-06-06,98153.84375,98153.84375,98538.4609375,96153.84375,96538.4609375,885430
2022-06-07,97538.4609375,97538.4609375,97692.3046875,96538.4609375,97692.3046875,789750
2022-06-08,97692.3046875,97692.3046875,97846.15625,96769.234375,97307.6953125,853450
2022-06-09,98307.6953125,98307.6953125,98307.6953125,96769.234375,97153.84375,837070
2022-06-10,98230.765625,98230.765625,99153.84375,96923.078125,97923.078125,888550
2022-06-13,96076.921875,96076.921875,97538.4609375,95000.0,97307.6953125,759850
2022-06-14,96000.0,96000.0,96000.0,94846.15625,95384.6171875,812890
2022-06-15,95769.234375,95769.234375,96230.765625,94538.4609375,96000.0,899340
2022-06-16,96461.5390625,96461.5390625,98076.921875,94923.078125,95615.3828125,882310
2022-06-17,96076.921875,96076.921875,96230.765625,93923.078125,96153.84375,730210
2022-06-20,97692.3046875,97692.3046875,97846.15625,95923.078125,96153.84375,987350
2022-06-21,98307.6953125,98307.6953125,98461.5390625,96153.84375,96923.078125,923780
2022-06-22,99461.5390625,99461.5390625,100000.0,98076.921875,98307.6953125,1209910
2022-06-23,98615.3828125,98615.3828125,99692.3046875,97153.84375,99461.5390625,887510
2022-06-24,98692.3046875,98692.3046875,99230.765625,97307.6953125,98692.3046875,807300
2022-06-27,102307.6953125,102307.6953125,102307.6953125,98692.3046875,99230.765625,1253200
2022-06-28,102307.6953125,102307.6953125,102461.5390625,101153.84375,102307.6953125,818870
2022-06-29,101769.234375,101769.234375,102230.765625,100769.234375,102230.765625,703170
2022-06-30,100000.0,100000.0,101846.15625,99384.6171875,101384.6171875,729690
2022-07-01,100076.921875,100076.921875,100076.921875,97923.078125,99230.765625,673010
2022-07-04,99692.3046875,99692.3046875,100076.921875,99384.6171875,100000.0,760760
2022-07-05,96846.15625,96846.15625,99615.3828125,96846.15625,99615.3828125,673530
2022-07-06,97769.234375,97769.234375,97769.234375,95769.234375,96769.234375,822640
2022-07-07,99461.5390625,99461.5390625,99461.5390625,97384.6171875,97538.4609375,796900
2022-07-08,98307.6953125,98307.6953125,99461.5390625,97692.3046875,99461.5390625,585260
2022-07-11,98000.0,98000.0,98307.6953125,96923.078125,97692.3046875,662350
2022-07-12,98000.0,98000.0,98000.0,98000.0,98000.0,0
2022-07-13,96000.0,96000.0,97000.0,96000.0,96538.4609375,614250
2022-07-14,97461.5390625,97461.5390625,97846.15625,95384.6171875,95923.078125,687830
2022-07-15,95923.078125,95923.078125,97538.4609375,95692.3046875,97538.4609375,451620
2022-07-18,95538.4609375,95538.4609375,96000.0,95307.6953125,96000.0,518050
2022-07-19,95769.234375,95769.234375,95769.234375,94615.3828125,95615.3828125,475150
2022-07-20,96538.4609375,96538.4609375,96538.4609375,95384.6171875,95769.234375,639730
2022-07-21,96923.078125,96923.078125,97615.3828125,96230.765625,96615.3828125,619450
2022-07-22,96615.3828125,96615.3828125,97153.84375,95769.234375,97153.84375,639990
2022-07-25,96769.234375,96769.234375,96769.234375,95769.234375,96384.6171875,755950
2022-07-26,96230.765625,96230.765625,96846.15625,96153.84375,96692.3046875,556010
2022-07-27,96384.6171875,96384.6171875,96384.6171875,95846.15625,96153.84375,570960
2022-07-28,98000.0,98000.0,98000.0,96153.84375,96769.234375,723710
2022-07-29,96692.3046875,96692.3046875,98000.0,96538.4609375,98000.0,638040
2022-08-01,97769.234375,97769.234375,97769.234375,96692.3046875,96923.078125,570440
2022-08-02,98076.921875,98076.921875,98384.6171875,96692.3046875,96769.234375,468910
2022-08-03,97692.3046875,97692.3046875,98076.921875,96769.234375,97538.4609375,536250
2022-08-04,99384.6171875,99384.6171875,99384.6171875,97000.0,97769.234375,963690
2022-08-05,97307.6953125,97307.6953125,99384.6171875,97230.765625,99384.6171875,1037140
2022-08-08,96307.6953125,96307.6953125,97615.3828125,96153.84375,97307.6953125,504270
2022-08-09,97230.765625,97230.765625,97230.765625,96000.0,96153.84375,864240
2022-08-10,96461.5390625,96461.5390625,96923.078125,96230.765625,96923.078125,990600
2022-08-11,96307.6953125,96307.6953125,96923.078125,96307.6953125,96923.078125,910260
2022-08-12,95615.3828125,95615.3828125,96307.6953125,95384.6171875,96000.0,858390
2022-08-15,95692.3046875,95692.3046875,96384.6171875,95538.4609375,95615.3828125,868660
2022-08-16,94923.078125,94923.078125,95615.3828125,94846.15625,95538.4609375,879970
2022-08-17,95000.0,95000.0,95461.5390625,94846.15625,94923.078125,1000740
2022-08-18,95384.6171875,95384.6171875,95461.5390625,94846.15625,95307.6953125,1355640
2022-08-19,95384.6171875,95384.6171875,95384.6171875,94769.234375,95307.6953125,721500
2022-08-22,95307.6953125,95307.6953125,95384.6171875,94769.234375,95000.0,336830
2022-08-23,95000.0,95000.0,95153.84375,94307.6953125,94769.234375,798070
2022-08-24,95000.0,95000.0,95153.84375,94615.3828125,94615.3828125,660400
2022-08-25,94923.078125,94923.078125,95000.0,94615.3828125,95000.0,481910
2022-08-26,94615.3828125,94615.3828125,95153.84375,93692.3046875,95153.84375,861250
2022-08-29,93846.15625,93846.15625,94461.5390625,91923.078125,94461.5390625,579020
2022-08-30,94153.84375,94153.84375,94230.765625,92384.6171875,93846.15625,339430
2022-08-31,93538.4609375,93538.4609375,93769.234375,92692.3046875,93076.921875,684320
2022-09-01,93538.4609375,93538.4609375,93538.4609375,93538.4609375,93538.4609375,0
2022-09-02,93538.4609375,93538.4609375,93538.4609375,93538.4609375,93538.4609375,0
2022-09-05,92307.6953125,92307.6953125,93461.5390625,91923.078125,93461.5390625,720980
2022-09-06,92076.921875,92076.921875,92307.6953125,90846.15625,92307.6953125,666900
2022-09-07,87615.3828125,87615.3828125,91692.3046875,87615.3828125,91692.3046875,1222390
2022-09-08,88461.5390625,88461.5390625,88461.5390625,87538.4609375,87615.3828125,728130
2022-09-09,90769.234375,90769.234375,90846.15625,88461.5390625,88461.5390625,495300
2022-09-12,90384.6171875,90384.6171875,90769.234375,89461.5390625,90769.234375,512720
2022-09-13,90307.6953125,90307.6953125,90769.234375,90000.0,90769.234375,617500
2022-09-14,89384.6171875,89384.6171875,89615.3828125,88692.3046875,88692.3046875,624260
2022-09-15,89230.765625,89230.765625,89615.3828125,88461.5390625,89230.765625,882050
2022-09-16,89000.0,89000.0,89230.765625,88461.5390625,89230.765625,2790580
2022-09-19,88461.5390625,88461.5390625,89307.6953125,88076.921875,89307.6953125,429650
2022-09-20,89307.6953125,89307.6953125,89307.6953125,88153.84375,88153.84375,421850
2022-09-21,88461.5390625,88461.5390625,89230.765625,87846.15625,88230.765625,460070
2022-09-22,88461.5390625,88461.5390625,88461.5390625,86692.3046875,87769.234375,711880
2022-09-23,86769.234375,86769.234375,88000.0,86769.234375,87692.3046875,488020
2022-09-26,84692.3046875,84692.3046875,86076.921875,84692.3046875,86076.921875,655330
2022-09-27,85000.0,85000.0,85153.84375,84615.3828125,84769.234375,364780
2022-09-28,84692.3046875,84692.3046875,85000.0,83846.15625,85000.0,532870
2022-09-29,84692.3046875,84692.3046875,85461.5390625,84538.4609375,84769.234375,319410
2022-09-30,85307.6953125,85307.6953125,86923.078125,84538.4609375,84615.3828125,532870
2022-10-03,84615.3828125,84615.3828125,85384.6171875,83846.15625,84615.3828125,371670
2022-10-04,86846.15625,86846.15625,86846.15625,84538.4609375,84615.3828125,455780
2022-10-05,88461.5390625,88461.5390625,89846.15625,87384.6171875,87615.3828125,828880
2022-10-06,87846.15625,87846.15625,88461.5390625,86923.078125,87923.078125,402480
2022-10-07,88461.5390625,88461.5390625,88461.5390625,87384.6171875,87692.3046875,1071850
2022-10-10,84615.3828125,84615.3828125,88230.765625,84615.3828125,88230.765625,700180
2022-10-11,82307.6953125,82307.6953125,86000.0,81615.3828125,86000.0,803660
2022-10-12,83615.3828125,83615.3828125,83769.234375,80846.15625,82307.6953125,544310
2022-10-13,83615.3828125,83615.3828125,84538.4609375,80923.078125,84538.4609375,418600
2022-10-14,83846.15625,83846.15625,83846.15625,82307.6953125,83538.4609375,449150
2022-10-17,83846.15625,83846.15625,83846.15625,81923.078125,83692.3046875,309920
2022-10-18,83923.078125,83923.078125,84615.3828125,82615.3828125,83076.921875,398840
2022-10-19,83923.078125,83923.078125,84153.84375,83153.84375,83846.15625,221780
2022-10-20,83769.234375,83769.234375,84615.3828125,83307.6953125,84153.84375,288340
2022-10-21,83769.234375,83769.234375,84076.921875,81923.078125,83846.15625,268840
2022-10-24,82307.6953125,82307.6953125,83769.234375,81153.84375,83769.234375,270140
2022-10-25,83076.921875,83076.921875,83076.921875,81538.4609375,82307.6953125,232700
2022-10-26,82692.3046875,82692.3046875,83692.3046875,81538.4609375,83076.921875,168350
2022-10-27,83076.921875,83076.921875,83384.6171875,81692.3046875,82692.3046875,148720
2022-10-28,82923.078125,82923.078125,83692.3046875,81538.4609375,83692.3046875,177840
2022-10-31,82769.234375,82769.234375,83076.921875,81153.84375,82692.3046875,201110
2022-11-01,81769.234375,81769.234375,83076.921875,81692.3046875,82846.15625,144690
2022-11-02,80769.234375,80769.234375,82153.84375,77000.0,82153.84375,376480
2022-11-03,79000.0,79000.0,80384.6171875,75384.6171875,75384.6171875,217490
2022-11-04,77000.0,77000.0,78923.078125,73923.078125,77000.0,307060
2022-11-07,77076.921875,77076.921875,78461.5390625,74230.765625,74230.765625,299000
2022-11-08,77230.765625,77230.765625,79000.0,76538.4609375,77615.3828125,370370
2022-11-09,77384.6171875,77384.6171875,78461.5390625,74615.3828125,77384.6171875,273520
2022-11-10,76923.078125,76923.078125,78230.765625,76461.5390625,77384.6171875,283660
2022-11-11,77923.078125,77923.078125,78230.765625,75076.921875,75076.921875,204230
2022-11-14,78384.6171875,78384.6171875,78461.5390625,75384.6171875,77923.078125,489060
2022-11-15,78307.6953125,78307.6953125,78461.5390625,76769.234375,78000.0,422370
2022-11-16,78384.6171875,78384.6171875,83769.234375,77000.0,78230.765625,515970
2022-11-17,78538.4609375,78538.4609375,78923.078125,77692.3046875,78769.234375,433550
2022-11-18,78615.3828125,78615.3828125,78769.234375,77461.5390625,78538.4609375,413140
2022-11-21,77384.6171875,77384.6171875,78615.3828125,75461.5390625,78615.3828125,142480
2022-11-22,75461.5390625,75461.5390625,78692.3046875,75384.6171875,76076.921875,431340
2022-11-23,77230.765625,77230.765625,77769.234375,74384.6171875,75461.5390625,147290
2022-11-24,77846.15625,77846.15625,77846.15625,76153.84375,77153.84375,394290
2022-11-25,78461.5390625,78461.5390625,78461.5390625,77846.15625,78230.765625,360880
2022-11-28,78615.3828125,78615.3828125,78923.078125,77769.234375,78461.5390625,286520
2022-11-29,79076.921875,79076.921875,79153.84375,76384.6171875,76384.6171875,689260
2022-11-30,79230.765625,79230.765625,79307.6953125,75769.234375,79230.765625,767000
2022-12-01,79384.6171875,79384.6171875,79461.5390625,77000.0,78076.921875,968630
2022-12-02,81923.078125,81923.078125,81923.078125,79153.84375,79230.765625,999310
2022-12-05,82230.765625,82230.765625,83307.6953125,81923.078125,81923.078125,885560
2022-12-06,81538.4609375,81538.4609375,82846.15625,81153.84375,82153.84375,887380
2022-12-07,81538.4609375,81538.4609375,81692.3046875,79384.6171875,80769.234375,600080
2022-12-08,82307.6953125,82307.6953125,82846.15625,80384.6171875,81461.5390625,855400
2022-12-09,85769.234375,85769.234375,88000.0,81000.0,82307.6953125,639210
2022-12-12,85692.3046875,85692.3046875,86923.078125,84307.6953125,86538.4609375,605540
2022-12-13,86153.84375,86153.84375,86153.84375,84307.6953125,85615.3828125,626210
2022-12-14,86307.6953125,86307.6953125,86384.6171875,83846.15625,86230.765625,541840
2022-12-15,86846.15625,86846.15625,86846.15625,85000.0,86230.765625,348140
2022-12-16,86923.078125,86923.078125,86923.078125,84692.3046875,85461.5390625,747500
2022-12-19,85538.4609375,85538.4609375,86846.15625,84615.3828125,86846.15625,418600
2022-12-20,85615.3828125,85615.3828125,86076.921875,83846.15625,85384.6171875,487240
2022-12-21,85846.15625,85846.15625,86769.234375,85000.0,85615.3828125,456820
2022-12-22,85615.3828125,85615.3828125,86692.3046875,83923.078125,85923.078125,288600
2022-12-23,85769.234375,85769.234375,86000.0,82769.234375,85615.3828125,336440
2022-12-26,83769.234375,83769.234375,85769.234375,82846.15625,85769.234375,196560
2022-12-27,83076.921875,83076.921875,86846.15625,82615.3828125,85384.6171875,323960
2022-12-28,85000.0,85000.0,85461.5390625,81692.3046875,82923.078125,293280
2022-12-29,84000.0,84000.0,86307.6953125,83692.3046875,85076.921875,520000
2022-12-30,84230.765625,84230.765625,86846.15625,83461.5390625,86846.15625,172770
2023-01-02,84230.765625,84230.765625,84230.765625,84230.765625,84230.765625,0
2023-01-03,85923.078125,85923.078125,85923.078125,83923.078125,84230.765625,514670
2023-01-04,84923.078125,84923.078125,86538.4609375,83846.15625,86538.4609375,253760
2023-01-05,84615.3828125,84615.3828125,85384.6171875,84461.5390625,85307.6953125,505440
2023-01-06,82923.078125,82923.078125,84769.234375,82769.234375,84692.3046875,477750
2023-01-09,84000.0,84000.0,84076.921875,83153.84375,84076.921875,503620
2023-01-10,83923.078125,83923.078125,84230.765625,83076.921875,84000.0,530140
2023-01-11,84692.3046875,84692.3046875,85000.0,83769.234375,83846.15625,538980
2023-01-12,84461.5390625,84461.5390625,85076.921875,83461.5390625,85076.921875,336180
2023-01-13,82846.15625,82846.15625,84692.3046875,82846.15625,84461.5390625,306930
2023-01-16,82538.4609375,82538.4609375,84615.3828125,82538.4609375,83153.84375,189800
2023-01-17,85076.921875,85076.921875,85076.921875,82307.6953125,83923.078125,607620
2023-01-18,86384.6171875,86384.6171875,86384.6171875,83923.078125,83923.078125,607880
2023-01-19,88076.921875,88076.921875,88461.5390625,86153.84375,86153.84375,703560
2023-01-20,88076.921875,88076.921875,88076.921875,88076.921875,88076.921875,0
2023-01-23,88076.921875,88076.921875,88076.921875,88076.921875,88076.921875,0
2023-01-24,88076.921875,88076.921875,88076.921875,88076.921875,88076.921875,0
2023-01-25,88076.921875,88076.921875,88076.921875,88076.921875,88076.921875,0
2023-01-26,88076.921875,88076.921875,88076.921875,88076.921875,88076.921875,0
2023-01-27,89384.6171875,89384.6171875,90769.234375,88076.921875,88076.921875,299390
2023-01-30,86923.078125,86923.078125,90076.921875,86923.078125,90076.921875,438100
2023-01-31,89461.5390625,89461.5390625,89461.5390625,86153.84375,88000.0,384930
2023-02-01,87615.3828125,87615.3828125,89230.765625,85384.6171875,89230.765625,456950
2023-02-02,86153.84375,86153.84375,88384.6171875,86153.84375,88076.921875,410410
2023-02-03,83923.078125,83923.078125,87230.765625,83923.078125,86230.765625,215930
2023-02-06,84230.765625,84230.765625,85000.0,82692.3046875,83153.84375,309530
2023-02-07,84153.84375,84153.84375,84307.6953125,83076.921875,83307.6953125,179010
2023-02-08,83076.921875,83076.921875,84230.765625,83076.921875,84076.921875,178620
2023-02-09,78384.6171875,78384.6171875,83846.15625,78384.6171875,82846.15625,283140
2023-02-10,78461.5390625,78461.5390625,80000.0,76461.5390625,78461.5390625,197080
2023-02-13,79307.6953125,79307.6953125,79307.6953125,77692.3046875,78461.5390625,179140
2023-02-14,79076.921875,79076.921875,79307.6953125,77692.3046875,79307.6953125,241930
2023-02-15,79000.0,79000.0,79230.765625,77769.234375,79076.921875,239070
2023-02-16,79076.921875,79076.921875,79076.921875,77692.3046875,77692.3046875,179140
2023-02-17,78923.078125,78923.078125,79153.84375,77846.15625,79153.84375,278460
2023-02-20,78923.078125,78923.078125,79076.921875,78230.765625,78846.15625,297700
2023-02-21,78846.15625,78846.15625,80000.0,78692.3046875,79000.0,388310
2023-02-22,77538.4609375,77538.4609375,78769.234375,77538.4609375,78692.3046875,497120
2023-02-23,75538.4609375,75538.4609375,78615.3828125,75307.6953125,78615.3828125,767520
2023-02-24,74000.0,74000.0,76692.3046875,73846.15625,75615.3828125,780780
2023-02-27,75769.234375,75769.234375,76076.921875,72307.6953125,72307.6953125,215930
2023-02-28,76923.078125,76923.078125,76923.078125,74615.3828125,76076.921875,413140
2023-03-01,78076.921875,78076.921875,78076.921875,75230.765625,76153.84375,252720
2023-03-02,78153.84375,78153.84375,78153.84375,75461.5390625,76923.078125,384800
2023-03-03,77846.15625,77846.15625,78230.765625,75384.6171875,78230.765625,351780
2023-03-06,74076.921875,74076.921875,78307.6953125,74076.921875,77769.234375,421980
2023-03-07,74692.3046875,74692.3046875,77846.15625,74692.3046875,76153.84375,289250
2023-03-08,75615.3828125,75615.3828125,76153.84375,74769.234375,74769.234375,158860
2023-03-09,78307.6953125,78307.6953125,79230.765625,76923.078125,77230.765625,569920
2023-03-10,77384.6171875,77384.6171875,79076.921875,75846.15625,79076.921875,396370
2023-03-13,77461.5390625,77461.5390625,78615.3828125,76230.765625,77692.3046875,389090
2023-03-14,78230.765625,78230.765625,78846.15625,76769.234375,76769.234375,285870
2023-03-15,80692.3046875,80692.3046875,80692.3046875,78923.078125,79076.921875,338780
2023-03-16,78461.5390625,78461.5390625,81230.765625,76615.3828125,80692.3046875,416780
2023-03-17,83769.234375,83769.234375,83769.234375,78461.5390625,79923.078125,1079910
2023-03-20,81230.765625,81230.765625,82923.078125,79307.6953125,80923.078125,365950
2023-03-21,79846.15625,79846.15625,86846.15625,78153.84375,80384.6171875,543400
2023-03-22,80615.3828125,80615.3828125,81000.0,78538.4609375,80000.0,402350
2023-03-23,81307.6953125,81307.6953125,81538.4609375,78923.078125,80384.6171875,342420
2023-03-24,81692.3046875,81692.3046875,81692.3046875,80461.5390625,81461.5390625,368940
2023-03-27,81923.078125,81923.078125,81923.078125,79923.078125,81769.234375,240110
2023-03-28,81846.15625,81846.15625,82076.921875,80384.6171875,81230.765625,229710
2023-03-29,81692.3046875,81692.3046875,81846.15625,80000.0,81692.3046875,234130
2023-03-30,81769.234375,81769.234375,82692.3046875,80153.84375,81615.3828125,196560
2023-03-31,80846.15625,80846.15625,82000.0,80384.6171875,81769.234375,274690
2023-04-03,78923.078125,78923.078125,81538.4609375,78923.078125,80846.15625,388310
2023-04-04,78461.5390625,78461.5390625,79538.4609375,78461.5390625,79230.765625,402610
2023-04-05,79153.84375,79153.84375,79153.84375,77692.3046875,79153.84375,269620
2023-04-06,78615.3828125,78615.3828125,79538.4609375,78076.921875,79538.4609375,267540
2023-04-07,79230.765625,79230.765625,79230.765625,78076.921875,78692.3046875,238810
2023-04-10,78692.3046875,78692.3046875,79230.765625,77846.15625,79153.84375,395980
2023-04-11,78692.3046875,78692.3046875,78692.3046875,77692.3046875,78692.3046875,357760
2023-04-12,76692.3046875,76692.3046875,78461.5390625,76384.6171875,78461.5390625,301990
2023-04-13,76384.6171875,76384.6171875,76923.078125,75538.4609375,76230.765625,124930
2023-04-14,75769.234375,75769.234375,77000.0,75461.5390625,76615.3828125,127270
2023-04-17,76615.3828125,76615.3828125,76692.3046875,75384.6171875,75923.078125,262210
2023-04-18,76153.84375,76153.84375,77000.0,76000.0,76307.6953125,187200
2023-04-19,77000.0,77000.0,77000.0,75846.15625,76153.84375,184730
2023-04-20,76538.4609375,76538.4609375,78230.765625,76230.765625,76230.765625,120510
2023-04-21,75000.0,75000.0,76769.234375,75000.0,76615.3828125,171600
2023-04-24,74923.078125,74923.078125,75000.0,73769.234375,74769.234375,292370
2023-04-25,73769.234375,73769.234375,75076.921875,73076.921875,74923.078125,364520
2023-04-26,73230.765625,73230.765625,74538.4609375,72923.078125,73615.3828125,223730
2023-04-27,73153.84375,73153.84375,73769.234375,73076.921875,73230.765625,116090
2023-04-28,74615.3828125,74615.3828125,74615.3828125,73461.5390625,73769.234375,236730
2023-05-01,74615.3828125,74615.3828125,74615.3828125,74615.3828125,74615.3828125,0
2023-05-02,74615.3828125,74615.3828125,74615.3828125,74615.3828125,74615.3828125,0
2023-05-03,74615.3828125,74615.3828125,74615.3828125,74615.3828125,74615.3828125,0
2023-05-04,73461.5390625,73461.5390625,75384.6171875,73461.5390625,75384.6171875,276380
2023-05-05,73846.15625,73846.15625,74461.5390625,73461.5390625,73461.5390625,54860
2023-05-08,74076.921875,74076.921875,74692.3046875,73538.4609375,74000.0,83070
2023-05-09,73384.6171875,73384.6171875,74076.921875,73384.6171875,74000.0,122850
2023-05-10,74461.5390625,74461.5390625,74461.5390625,73384.6171875,73384.6171875,334230
2023-05-11,74384.6171875,74384.6171875,74615.3828125,73769.234375,74384.6171875,183170
2023-05-12,74769.234375,74769.234375,74769.234375,73615.3828125,74076.921875,459030
2023-05-15,74846.15625,74846.15625,75153.84375,74153.84375,75000.0,1051570
2023-05-16,75000.0,75000.0,75000.0,74615.3828125,75000.0,1266070
2023-05-17,75615.3828125,75615.3828125,76230.765625,75000.0,75000.0,1287260
2023-05-18,76461.5390625,76461.5390625,76538.4609375,75230.765625,75384.6171875,1412580
2023-05-19,75923.078125,75923.078125,76923.078125,75538.4609375,76307.6953125,1229020
2023-05-22,76307.6953125,76307.6953125,76461.5390625,75000.0,76000.0,1499940
2023-05-23,75923.078125,75923.078125,76692.3046875,75384.6171875,76307.6953125,1565850
2023-05-24,75923.078125,75923.078125,75923.078125,75923.078125,75923.078125,0
2023-05-25,75384.6171875,75384.6171875,75923.078125,74384.6171875,75692.3046875,1272440
2023-05-26,75461.5390625,75461.5390625,76153.84375,74923.078125,75384.6171875,1128920
2023-05-29,76538.4609375,76538.4609375,76538.4609375,75461.5390625,75461.5390625,671320
2023-05-30,75769.234375,75769.234375,76769.234375,75384.6171875,76538.4609375,699400
2023-05-31,75000.0,75000.0,76461.5390625,75000.0,75769.234375,763230
2023-06-01,75000.0,75000.0,75846.15625,74615.3828125,75461.5390625,639080
2023-06-02,74461.5390625,74461.5390625,76076.921875,74230.765625,75692.3046875,770380
2023-06-05,74461.5390625,74461.5390625,76153.84375,74153.84375,75384.6171875,785200
2023-06-06,75153.84375,75153.84375,75384.6171875,74307.6953125,74692.3046875,624780
2023-06-07,74307.6953125,74307.6953125,75307.6953125,74307.6953125,75307.6953125,621790
2023-06-08,74769.234375,74769.234375,75307.6953125,73923.078125,74538.4609375,992290
2023-06-09,73846.15625,73846.15625,74923.078125,73846.15625,74307.6953125,1023100
2023-06-12,74153.84375,74153.84375,74384.6171875,73153.84375,73846.15625,976170
2023-06-13,74230.765625,74230.765625,74538.4609375,73692.3046875,74230.765625,1348750
2023-06-14,74692.3046875,74692.3046875,75000.0,74000.0,74230.765625,1764750
2023-06-15,74692.3046875,74692.3046875,75153.84375,74461.5390625,74923.078125,1137890
2023-06-16,73461.5390625,73461.5390625,75076.921875,73461.5390625,74846.15625,1134250
2023-06-19,73538.4609375,73538.4609375,74153.84375,73384.6171875,73846.15625,823680
2023-06-20,73153.84375,73153.84375,73923.078125,72923.078125,73615.3828125,1008540
2023-06-21,72307.6953125,72307.6953125,73692.3046875,72000.0,73384.6171875,1092780
2023-06-22,72307.6953125,72307.6953125,72307.6953125,72307.6953125,72307.6953125,0
2023-06-23,72846.15625,72846.15625,72846.15625,71923.078125,72461.5390625,717210
2023-06-26,72923.078125,72923.078125,73846.15625,72538.4609375,72846.15625,1190670
2023-06-27,73230.765625,73230.765625,73538.4609375,72692.3046875,72923.078125,902200
2023-06-28,73000.0,73000.0,73461.5390625,72846.15625,73230.765625,895050
2023-06-29,72384.6171875,72384.6171875,73230.765625,72153.84375,73000.0,867490
2023-06-30,72538.4609375,72538.4609375,72769.234375,72153.84375,72153.84375,855400
2023-07-03,72615.3828125,72615.3828125,73076.921875,72384.6171875,72692.3046875,1372410
2023-07-04,72384.6171875,72384.6171875,72846.15625,72384.6171875,72538.4609375,1002300
2023-07-05,72538.4609375,72538.4609375,72769.234375,72230.765625,72769.234375,1123200
2023-07-06,72538.4609375,72538.4609375,72615.3828125,72076.921875,72538.4609375,1002950
2023-07-07,72153.84375,72153.84375,72615.3828125,72153.84375,72538.4609375,999180
2023-07-10,72461.5390625,72461.5390625,72538.4609375,71461.5390625,72461.5390625,1085240
2023-07-11,72461.5390625,72461.5390625,72538.4609375,71615.3828125,72461.5390625,1063920
2023-07-12,72230.765625,72230.765625,72307.6953125,71846.15625,72230.765625,1095640
2023-07-13,73000.0,73000.0,73000.0,72230.765625,72230.765625,1927120
2023-07-14,75307.6953125,75307.6953125,75307.6953125,73153.84375,73153.84375,2226770
2023-07-17,74846.15625,74846.15625,76000.0,74769.234375,75384.6171875,1020500
2023-07-18,74076.921875,74076.921875,74923.078125,74076.921875,74384.6171875,1180400
2023-07-19,74384.6171875,74384.6171875,74615.3828125,74000.0,74076.921875,1028300
2023-07-20,75230.765625,75230.765625,75230.765625,74076.921875,74461.5390625,1224860
2023-07-21,75384.6171875,75384.6171875,75384.6171875,74230.765625,75230.765625,1240460
2023-07-24,74461.5390625,74461.5390625,75615.3828125,74384.6171875,75384.6171875,1189110
2023-07-25,74692.3046875,74692.3046875,74692.3046875,73461.5390625,74538.4609375,1409720
2023-07-26,74230.765625,74230.765625,74615.3828125,73923.078125,74230.765625,937170
2023-07-27,74538.4609375,74538.4609375,74692.3046875,74076.921875,74307.6953125,995280
2023-07-28,75230.765625,75230.765625,75230.765625,74000.0,74538.4609375,1100320
2023-07-31,78461.5390625,78461.5390625,78461.5390625,74846.15625,75076.921875,1354860
2023-08-01,77846.15625,77846.15625,79461.5390625,77461.5390625,78461.5390625,1009840
2023-08-02,77538.4609375,77538.4609375,78000.0,76307.6953125,77846.15625,940160
2023-08-03,77692.3046875,77692.3046875,79000.0,76769.234375,77692.3046875,1080040
2023-08-04,77692.3046875,77692.3046875,78461.5390625,76846.15625,77692.3046875,1554020
2023-08-07,78384.6171875,78384.6171875,78384.6171875,76923.078125,77846.15625,1094340
2023-08-08,79230.765625,79230.765625,79538.4609375,77461.5390625,78461.5390625,1053130
2023-08-09,78153.84375,78153.84375,79615.3828125,78076.921875,79461.5390625,844480
2023-08-10,77461.5390625,77461.5390625,79076.921875,77384.6171875,78461.5390625,1076660
2023-08-11,77769.234375,77769.234375,77923.078125,76846.15625,77384.6171875,1105650
2023-08-14,77076.921875,77076.921875,78076.921875,76615.3828125,78076.921875,1341990
2023-08-15,78384.6171875,78384.6171875,78384.6171875,76538.4609375,77307.6953125,1070160
2023-08-16,77538.4609375,77538.4609375,78461.5390625,77076.921875,78461.5390625,967330
2023-08-17,76923.078125,76923.078125,77923.078125,76538.4609375,77538.4609375,1250860
2023-08-18,75307.6953125,75307.6953125,77000.0,73846.15625,76923.078125,1465360
2023-08-21,73846.15625,73846.15625,75769.234375,73846.15625,75153.84375,1393470
2023-08-22,74846.15625,74846.15625,76076.921875,73846.15625,75230.765625,1243840
2023-08-23,74230.765625,74230.765625,75769.234375,73846.15625,74846.15625,1141920
2023-08-24,75000.0,75000.0,75538.4609375,74076.921875,74538.4609375,1094210
2023-08-25,74615.3828125,74615.3828125,75153.84375,74153.84375,74230.765625,1180140
2023-08-28,75384.6171875,75384.6171875,75769.234375,74461.5390625,75000.0,1350830
2023-08-29,75000.0,75000.0,75615.3828125,74230.765625,75384.6171875,1012050
2023-08-30,74538.4609375,74538.4609375,75384.6171875,74153.84375,75000.0,1089920
2023-08-31,75384.6171875,75384.6171875,75384.6171875,73923.078125,74615.3828125,928460
2023-09-01,75384.6171875,75384.6171875,75384.6171875,75384.6171875,75384.6171875,0
2023-09-04,75384.6171875,75384.6171875,75384.6171875,75384.6171875,75384.6171875,0
2023-09-05,77307.6953125,77307.6953125,77384.6171875,74923.078125,75461.5390625,1836120
2023-09-06,78230.765625,78230.765625,78307.6953125,76538.4609375,77384.6171875,1324960
2023-09-07,77692.3046875,77692.3046875,78384.6171875,77076.921875,77769.234375,1175200
2023-09-08,78000.0,78000.0,78307.6953125,77153.84375,77230.765625,1110330
2023-09-11,76153.84375,76153.84375,78307.6953125,76153.84375,78076.921875,1601210
2023-09-12,78384.6171875,78384.6171875,78384.6171875,76307.6953125,76538.4609375,1300780
2023-09-13,76153.84375,76153.84375,78384.6171875,76153.84375,78384.6171875,1274260
2023-09-14,76153.84375,76153.84375,76923.078125,74615.3828125,76153.84375,1323010
2023-09-15,76692.3046875,76692.3046875,77076.921875,75923.078125,76538.4609375,1217450
2023-09-18,76000.0,76000.0,76615.3828125,75384.6171875,76538.4609375,1138800
2023-09-19,76461.5390625,76461.5390625,76461.5390625,75230.765625,76076.921875,1206790
2023-09-20,76461.5390625,76461.5390625,76615.3828125,75692.3046875,76461.5390625,1195610
2023-09-21,76384.6171875,76384.6171875,76538.4609375,75538.4609375,76153.84375,1437410
2023-09-22,75076.921875,75076.921875,75769.234375,74230.765625,75384.6171875,1110330
2023-09-25,75384.6171875,75384.6171875,75769.234375,73923.078125,74615.3828125,1444820
2023-09-26,75384.6171875,75384.6171875,76153.84375,74538.4609375,75769.234375,1855620
2023-09-27,76692.3046875,76692.3046875,76692.3046875,75230.765625,75384.6171875,1378390
2023-09-28,76384.6171875,76384.6171875,76538.4609375,73769.234375,76153.84375,2850380
2023-09-29,76384.6171875,76384.6171875,76692.3046875,75769.234375,76461.5390625,2712320
2023-10-02,75769.234375,75769.234375,76461.5390625,74769.234375,76384.6171875,1795300
2023-10-03,75307.6953125,75307.6953125,75615.3828125,73846.15625,75384.6171875,1466660
2023-10-04,74461.5390625,74461.5390625,75384.6171875,74076.921875,75307.6953125,1162980
2023-10-05,73461.5390625,73461.5390625,75000.0,73461.5390625,75000.0,1275690
2023-10-06,74615.3828125,74615.3828125,74615.3828125,72307.6953125,73461.5390625,1014000
2023-10-09,74692.3046875,74692.3046875,74923.078125,73538.4609375,74615.3828125,980200
2023-10-10,74846.15625,74846.15625,75000.0,73846.15625,74846.15625,1175850
2023-10-11,75076.921875,75076.921875,75076.921875,74230.765625,75000.0,1029210
2023-10-12,75153.84375,75153.84375,75384.6171875,74538.4609375,75153.84375,1109810
2023-10-13,79846.15625,79846.15625,80384.6171875,74307.6953125,75000.0,1707810
2023-10-16,78846.15625,78846.15625,79923.078125,77846.15625,79923.078125,1069510
2023-10-17,79153.84375,79153.84375,79230.765625,78307.6953125,78461.5390625,1223820
2023-10-18,80692.3046875,80692.3046875,80769.234375,78615.3828125,79230.765625,1686620
2023-10-19,80846.15625,80846.15625,81153.84375,80000.0,80692.3046875,1312610
2023-10-20,80923.078125,80923.078125,81000.0,79692.3046875,80846.15625,1166880
2023-10-23,79615.3828125,79615.3828125,81000.0,76846.15625,80923.078125,1390870
2023-10-24,79692.3046875,79692.3046875,79846.15625,78384.6171875,79615.3828125,1157910
2023-10-25,79076.921875,79076.921875,80000.0,77384.6171875,79692.3046875,1107080
2023-10-26,76769.234375,76769.234375,78692.3046875,76153.84375,78692.3046875,1032070
2023-10-27,76769.234375,76769.234375,76769.234375,74769.234375,76769.234375,1040390
2023-10-30,75384.6171875,75384.6171875,76692.3046875,74615.3828125,76692.3046875,915330
2023-10-31,76153.84375,76153.84375,76923.078125,74923.078125,76153.84375,1349530
2023-11-01,80307.6953125,80307.6953125,80769.234375,76153.84375,76307.6953125,1177020
2023-11-02,80692.3046875,80692.3046875,80692.3046875,78000.0,80692.3046875,980590
2023-11-03,81923.078125,81923.078125,81923.078125,80615.3828125,80692.3046875,1328080
2023-11-06,82538.4609375,82538.4609375,83000.0,81230.765625,81923.078125,1614470
2023-11-07,81538.4609375,81538.4609375,82538.4609375,80846.15625,82307.6953125,1152190
2023-11-08,86923.078125,86923.078125,87230.765625,80076.921875,81615.3828125,1298960
2023-11-09,83384.6171875,83384.6171875,86923.078125,83384.6171875,86923.078125,1198340
2023-11-10,83846.15625,83846.15625,84615.3828125,81153.84375,82692.3046875,1214850
2023-11-13,83076.921875,83076.921875,83846.15625,81615.3828125,83846.15625,1352780
2023-11-14,82923.078125,82923.078125,83923.078125,81923.078125,83461.5390625,1105650
2023-11-15,83615.3828125,83615.3828125,85076.921875,82769.234375,83076.921875,1197560
2023-11-16,83461.5390625,83461.5390625,83846.15625,82307.6953125,82769.234375,1172600
2023-11-17,81153.84375,81153.84375,84230.765625,80000.0,83615.3828125,1174160
2023-11-20,81307.6953125,81307.6953125,83846.15625,79615.3828125,81307.6953125,1356290
2023-11-21,82000.0,82000.0,82000.0,80461.5390625,81538.4609375,1151150
2023-11-22,83230.765625,83230.765625,83307.6953125,80769.234375,82230.765625,1015430
2023-11-23,80769.234375,80769.234375,83769.234375,80769.234375,83461.5390625,1086020
2023-11-24,81769.234375,81769.234375,82538.4609375,80076.921875,81461.5390625,1137240
2023-11-27,81538.4609375,81538.4609375,82230.765625,77692.3046875,81769.234375,972010
2023-11-28,81923.078125,81923.078125,82615.3828125,81076.921875,81846.15625,947180
2023-11-29,82153.84375,82153.84375,82769.234375,81076.921875,82153.84375,1079260
2023-11-30,78461.5390625,78461.5390625,82153.84375,78461.5390625,81538.4609375,1300520
2023-12-01,81076.921875,81076.921875,81076.921875,78461.5390625,80384.6171875,899210
2023-12-04,81384.6171875,81384.6171875,82769.234375,80000.0,81307.6953125,1126190
2023-12-05,80846.15625,80846.15625,81461.5390625,79846.15625,81384.6171875,1172470
2023-12-06,81384.6171875,81384.6171875,81538.4609375,80307.6953125,81307.6953125,1006460
2023-12-07,81307.6953125,81307.6953125,81538.4609375,78846.15625,79846.15625,1254500
2023-12-08,80153.84375,80153.84375,81307.6953125,79846.15625,81307.6953125,1061190
2023-12-11,80153.84375,80153.84375,80384.6171875,78307.6953125,80230.765625,933140
2023-12-12,80384.6171875,80384.6171875,80692.3046875,78538.4609375,80307.6953125,985270
2023-12-13,80769.234375,80769.234375,80769.234375,79384.6171875,80615.3828125,1379820
2023-12-14,81000.0,81000.0,81307.6953125,80615.3828125,80923.078125,1018810
2023-12-15,79230.765625,79230.765625,81153.84375,79230.765625,81000.0,1160770
2023-12-18,80769.234375,80769.234375,80769.234375,78461.5390625,80692.3046875,944840
2023-12-19,80230.765625,80230.765625,80769.234375,79769.234375,80769.234375,946790
2023-12-20,80230.765625,80230.765625,80769.234375,79307.6953125,80230.765625,1634620
2023-12-21,81000.0,81000.0,81692.3046875,79923.078125,80000.0,974870
2023-12-22,81692.3046875,81692.3046875,81692.3046875,80846.15625,81153.84375,921570
2023-12-25,82923.078125,82923.078125,82923.078125,81923.078125,82076.921875,1009710
2023-12-26,83076.921875,83076.921875,83230.765625,82692.3046875,83076.921875,1171820
2023-12-27,83000.0,83000.0,83153.84375,82692.3046875,83153.84375,1795300
2023-12-28,83076.921875,83076.921875,83076.921875,81846.15625,82923.078125,2072980
2023-12-29,83076.921875,83076.921875,83076.921875,82307.6953125,83076.921875,2671760
2024-01-01,83076.921875,83076.921875,83076.921875,83076.921875,83076.921875,0
2024-01-02,82307.6953125,82307.6953125,83307.6953125,82153.84375,83076.921875,1208740
2024-01-03,82846.15625,82846.15625,82846.15625,81076.921875,82307.6953125,1146990
2024-01-04,82923.078125,82923.078125,83076.921875,81076.921875,83000.0,867750
2024-01-05,82769.234375,82769.234375,83076.921875,81692.3046875,83000.0,823030
2024-01-08,82000.0,82000.0,82923.078125,81692.3046875,82923.078125,814190
2024-01-09,81923.078125,81923.078125,82076.921875,80923.078125,81846.15625,817310
2024-01-10,81307.6953125,81307.6953125,82076.921875,80230.765625,82076.921875,871260
2024-01-11,81384.6171875,81384.6171875,81538.4609375,80538.4609375,81461.5390625,801970
2024-01-12,81000.0,81000.0,81384.6171875,79923.078125,81230.765625,857090
2024-01-15,80923.078125,80923.078125,81384.6171875,80153.84375,81000.0,797290
2024-01-16,81076.921875,81076.921875,81076.921875,80230.765625,80384.6171875,952120
2024-01-17,80461.5390625,80461.5390625,81076.921875,79923.078125,81076.921875,956280
2024-01-18,80230.765625,80230.765625,80769.234375,79769.234375,80461.5390625,907270
2024-01-19,80769.234375,80769.234375,80923.078125,80230.765625,80230.765625,796900
2024-01-22,81230.765625,81230.765625,81384.6171875,80692.3046875,80769.234375,820170
2024-01-23,80769.234375,80769.234375,81384.6171875,79615.3828125,81230.765625,911950
2024-01-24,80538.4609375,80538.4609375,81153.84375,79846.15625,80769.234375,858000
2024-01-25,80538.4609375,80538.4609375,80538.4609375,80538.4609375,80538.4609375,0
2024-01-26,81307.6953125,81307.6953125,81384.6171875,80384.6171875,80384.6171875,882180
2024-01-29,81384.6171875,81384.6171875,81538.4609375,81000.0,81461.5390625,807690
2024-01-30,81230.765625,81230.765625,81538.4609375,81153.84375,81461.5390625,809250
2024-01-31,80461.5390625,80461.5390625,81384.6171875,79692.3046875,81230.765625,838370
2024-02-01,81153.84375,81153.84375,81153.84375,80000.0,80461.5390625,794040
2024-02-02,81153.84375,81153.84375,81153.84375,81153.84375,81153.84375,0
2024-02-05,81000.0,81000.0,81076.921875,79846.15625,80615.3828125,871650
2024-02-06,80384.6171875,80384.6171875,81153.84375,80384.6171875,81153.84375,802750
2024-02-07,81000.0,81000.0,81000.0,80230.765625,80538.4609375,800410
2024-02-08,81000.0,81000.0,81000.0,81000.0,81000.0,0
2024-02-09,81000.0,81000.0,81000.0,81000.0,81000.0,0
2024-02-12,81000.0,81000.0,81000.0,81000.0,81000.0,0
2024-02-13,81000.0,81000.0,81000.0,81000.0,81000.0,0
2024-02-14,81000.0,81000.0,81000.0,81000.0,81000.0,0
2024-02-15,80384.6171875,80384.6171875,81153.84375,80000.0,81076.921875,897910
2024-02-16,81000.0,81000.0,81000.0,80307.6953125,80384.6171875,825890
2024-02-19,80923.078125,80923.078125,81538.4609375,80307.6953125,81461.5390625,800150
2024-02-20,80230.765625,80230.765625,80923.078125,80230.765625,80769.234375,843050
2024-02-21,79384.6171875,79384.6171875,80384.6171875,79384.6171875,80230.765625,854750
2024-02-22,79692.3046875,79692.3046875,80538.4609375,79384.6171875,79384.6171875,807820
2024-02-23,79846.15625,79846.15625,80307.6953125,79538.4609375,79846.15625,872040
2024-02-26,80384.6171875,80384.6171875,80692.3046875,79923.078125,79923.078125,787280
2024-02-27,79615.3828125,79615.3828125,80615.3828125,79615.3828125,80615.3828125,842140
2024-02-28,79538.4609375,79538.4609375,80538.4609375,79461.5390625,79615.3828125,830180
2024-02-29,79307.6953125,79307.6953125,80230.765625,79307.6953125,79692.3046875,947180
2024-03-01,79461.5390625,79461.5390625,80230.765625,79384.6171875,79846.15625,845910
2024-03-04,79692.3046875,79692.3046875,80153.84375,79461.5390625,79615.3828125,869830
2024-03-05,80307.6953125,80307.6953125,80307.6953125,79615.3828125,80000.0,717600
2024-03-06,79923.078125,79923.078125,80384.6171875,79384.6171875,80307.6953125,611650
2024-03-07,79923.078125,79923.078125,80000.0,79461.5390625,79923.078125,767650
2024-03-08,79769.234375,79769.234375,80153.84375,79307.6953125,80000.0,827320
2024-03-11,79230.765625,79230.765625,80076.921875,79230.765625,79615.3828125,797290
2024-03-12,78846.15625,78846.15625,79615.3828125,78461.5390625,79615.3828125,856310
2024-03-13,78615.3828125,78615.3828125,79692.3046875,78461.5390625,79153.84375,872690
2024-03-14,78461.5390625,78461.5390625,79153.84375,77692.3046875,79153.84375,904280
2024-03-15,79000.0,79000.0,79153.84375,77307.6953125,78384.6171875,917280
2024-03-18,78307.6953125,78307.6953125,79230.765625,77307.6953125,79000.0,803790
2024-03-19,77692.3046875,77692.3046875,78461.5390625,76923.078125,78307.6953125,766870
2024-03-20,77846.15625,77846.15625,78461.5390625,77000.0,78076.921875,897000
2024-03-21,78923.078125,78923.078125,79307.6953125,77846.15625,78230.765625,963300
2024-03-22,78615.3828125,78615.3828125,79230.765625,78076.921875,78923.078125,779220
2024-03-25,77461.5390625,77461.5390625,78615.3828125,77461.5390625,78461.5390625,817180
2024-03-26,78384.6171875,78384.6171875,78923.078125,77076.921875,77076.921875,863720
2024-03-27,79230.765625,79230.765625,79307.6953125,77692.3046875,78230.765625,919880
2024-03-28,79384.6171875,79384.6171875,79384.6171875,78230.765625,79230.765625,825630
2024-03-29,79230.765625,79230.765625,79538.4609375,78769.234375,79538.4609375,863330
2024-04-01,79000.0,79000.0,79307.6953125,78461.5390625,79307.6953125,934830
2024-04-02,79230.765625,79230.765625,79230.765625,78000.0,78384.6171875,1059630
2024-04-03,78615.3828125,78615.3828125,79384.6171875,77615.3828125,78923.078125,1132820
2024-04-04,78615.3828125,78615.3828125,79307.6953125,78461.5390625,78692.3046875,1053000
2024-04-05,78384.6171875,78384.6171875,79230.765625,77923.078125,78615.3828125,975130
2024-04-08,77769.234375,77769.234375,78846.15625,77307.6953125,78769.234375,1041040
2024-04-09,78615.3828125,78615.3828125,78769.234375,77769.234375,77769.234375,1045330
2024-04-10,78461.5390625,78461.5390625,78846.15625,77692.3046875,78846.15625,1173510
2024-04-11,77692.3046875,77692.3046875,78461.5390625,77538.4609375,78076.921875,1231620
2024-04-12,82307.6953125,82307.6953125,82615.3828125,77692.3046875,77923.078125,1957800
2024-04-15,81461.5390625,81461.5390625,82000.0,80615.3828125,82000.0,1432470
2024-04-16,81538.4609375,81538.4609375,82538.4609375,80000.0,81384.6171875,1329770
2024-04-17,79538.4609375,79538.4609375,81615.3828125,78384.6171875,81615.3828125,1428700
2024-04-18,79538.4609375,79538.4609375,79538.4609375,79538.4609375,79538.4609375,0
2024-04-19,79461.5390625,79461.5390625,79692.3046875,78461.5390625,78461.5390625,1231490
2024-04-22,79461.5390625,79461.5390625,80153.84375,78538.4609375,79461.5390625,1053910
2024-04-23,79076.921875,79076.921875,80000.0,77692.3046875,80000.0,1443650
2024-04-24,79615.3828125,79615.3828125,79846.15625,78923.078125,79384.6171875,1166230
2024-04-25,79615.3828125,79615.3828125,79846.15625,78076.921875,79846.15625,1175850
2024-04-26,80000.0,80000.0,80000.0,78384.6171875,79230.765625,1174680
2024-04-29,80000.0,80000.0,80000.0,80000.0,80000.0,0
2024-04-30,80000.0,80000.0,80000.0,80000.0,80000.0,0
2024-05-01,80000.0,80000.0,80000.0,80000.0,80000.0,0
2024-05-02,79923.078125,79923.078125,80153.84375,78615.3828125,80000.0,1076010
2024-05-03,81538.4609375,81538.4609375,82000.0,79307.6953125,80000.0,1420250
2024-05-06,87230.765625,87230.765625,87230.765625,81692.3046875,81692.3046875,2258620
2024-05-07,91230.765625,91230.765625,91307.6953125,87692.3046875,87692.3046875,2028130
2024-05-08,90307.6953125,90307.6953125,90692.3046875,88923.078125,90692.3046875,1594060
2024-05-09,90692.3046875,90692.3046875,91461.5390625,89230.765625,90307.6953125,1470040
2024-05-10,89923.078125,89923.078125,90769.234375,89076.921875,90692.3046875,1201850
2024-05-13,91384.6171875,91384.6171875,92000.0,88846.15625,90000.0,1364740
2024-05-14,90000.0,90000.0,91538.4609375,89692.3046875,91538.4609375,1403090
2024-05-15,90230.765625,90230.765625,91076.921875,89692.3046875,89692.3046875,1714700
2024-05-16,90384.6171875,90384.6171875,90615.3828125,89230.765625,90384.6171875,1447680
2024-05-17,90307.6953125,90307.6953125,91846.15625,89769.234375,90615.3828125,1293630
2024-05-20,88153.84375,88153.84375,90615.3828125,88153.84375,90538.4609375,1307540
2024-05-21,86538.4609375,86538.4609375,88230.765625,85384.6171875,88153.84375,1195740
2024-05-22,83923.078125,83923.078125,87846.15625,83923.078125,86769.234375,1530360
2024-05-23,85692.3046875,85692.3046875,86000.0,83846.15625,84076.921875,1092390
2024-05-24,83076.921875,83076.921875,85384.6171875,83076.921875,85384.6171875,1009060
2024-05-27,83846.15625,83846.15625,84153.84375,82846.15625,83307.6953125,829920
2024-05-28,84307.6953125,84307.6953125,84538.4609375,83461.5390625,84538.4609375,892840
2024-05-29,83000.0,83000.0,84384.6171875,82538.4609375,84307.6953125,1060800
2024-05-30,82307.6953125,82307.6953125,83384.6171875,82307.6953125,82307.6953125,860470
2024-05-31,82384.6171875,82384.6171875,83692.3046875,82384.6171875,82692.3046875,934960
2024-06-03,82384.6171875,82384.6171875,82384.6171875,82384.6171875,82384.6171875,0
2024-06-04,83384.6171875,83384.6171875,83846.15625,83000.0,83846.15625,903630
2024-06-05,83076.921875,83076.921875,84153.84375,83076.921875,83846.15625,1021540
2024-06-06,83538.4609375,83538.4609375,84461.5390625,82923.078125,83153.84375,1237470
2024-06-07,83846.15625,83846.15625,84000.0,83076.921875,83769.234375,1290250
2024-06-10,83846.15625,83846.15625,85615.3828125,83538.4609375,83846.15625,1396720
2024-06-11,81384.6171875,81384.6171875,83846.15625,81076.921875,83846.15625,1992250
2024-06-12,81769.234375,81769.234375,81769.234375,80384.6171875,81461.5390625,1415960
2024-06-13,81538.4609375,81538.4609375,82000.0,81000.0,82000.0,1084720
2024-06-14,80615.3828125,80615.3828125,81692.3046875,80000.0,81538.4609375,1538420
2024-06-17,80615.3828125,80615.3828125,81076.921875,80000.0,80692.3046875,858130
2024-06-18,80461.5390625,80461.5390625,80769.234375,80076.921875,80692.3046875,1161550
2024-06-19,79461.5390625,79461.5390625,80615.3828125,78461.5390625,80615.3828125,1775150
2024-06-20,79846.15625,79846.15625,79923.078125,78692.3046875,79307.6953125,1406340
2024-06-21,78846.15625,78846.15625,80000.0,78384.6171875,79923.078125,1573130
2024-06-24,78153.84375,78153.84375,79230.765625,77615.3828125,78769.234375,1189630
2024-06-25,78153.84375,78153.84375,78461.5390625,77615.3828125,78153.84375,1023750
2024-06-26,78153.84375,78153.84375,78461.5390625,77769.234375,78384.6171875,1060540
2024-06-27,78461.5390625,78461.5390625,78538.4609375,77461.5390625,78153.84375,1108380
2024-06-28,78076.921875,78076.921875,78538.4609375,77461.5390625,78461.5390625,1026090
2024-07-01,77461.5390625,77461.5390625,78230.765625,76692.3046875,77769.234375,1213030
2024-07-02,77692.3046875,77692.3046875,77846.15625,76692.3046875,77692.3046875,1408680
2024-07-03,77846.15625,77846.15625,77846.15625,77000.0,77692.3046875,834730
2024-07-04,77846.15625,77846.15625,78000.0,77230.765625,77692.3046875,1062620
2024-07-05,78153.84375,78153.84375,78307.6953125,77307.6953125,77769.234375,1217580
2024-07-08,77923.078125,77923.078125,78461.5390625,77692.3046875,78153.84375,1053650
2024-07-09,78000.0,78000.0,78076.921875,77384.6171875,77692.3046875,1225770
2024-07-10,77692.3046875,77692.3046875,78076.921875,77461.5390625,77923.078125,1094600
2024-07-11,77692.3046875,77692.3046875,77846.15625,77461.5390625,77692.3046875,1229410
2024-07-12,78461.5390625,78461.5390625,78538.4609375,77461.5390625,77692.3046875,1156740
2024-07-15,80153.84375,80153.84375,80615.3828125,78769.234375,78769.234375,1496300
2024-07-16,81153.84375,81153.84375,81153.84375,79846.15625,80307.6953125,1056380
2024-07-17,81153.84375,81153.84375,81538.4609375,79384.6171875,81153.84375,1134510
2024-07-18,81307.6953125,81307.6953125,81307.6953125,79384.6171875,81153.84375,1299220
2024-07-19,81230.765625,81230.765625,81538.4609375,80384.6171875,81461.5390625,1092520
2024-07-22,81000.0,81000.0,81153.84375,80384.6171875,80615.3828125,963560
2024-07-23,81538.4609375,81538.4609375,81538.4609375,80461.5390625,81153.84375,1026220
2024-07-24,83000.0,83000.0,83000.0,81153.84375,81461.5390625,1048060
2024-07-25,83000.0,83000.0,83000.0,81923.078125,82615.3828125,1061190
2024-07-26,82923.078125,82923.078125,83000.0,81923.078125,82769.234375,821210
2024-07-29,81692.3046875,81692.3046875,83000.0,81615.3828125,82923.078125,815230
2024-07-30,81076.921875,81076.921875,81923.078125,80384.6171875,81615.3828125,895830
2024-07-31,81461.5390625,81461.5390625,81769.234375,80846.15625,81153.84375,557960
2024-08-01,80153.84375,80153.84375,82307.6953125,80076.921875,81846.15625,1013740
2024-08-02,80615.3828125,80615.3828125,80615.3828125,78307.6953125,79846.15625,813020
2024-08-05,76846.15625,76846.15625,80000.0,75538.4609375,80000.0,1145170
2024-08-06,77307.6953125,77307.6953125,79230.765625,76846.15625,76846.15625,540410
2024-08-07,76384.6171875,76384.6171875,77307.6953125,75538.4609375,77076.921875,953420
2024-08-08,76384.6171875,76384.6171875,76923.078125,74615.3828125,76000.0,815750
2024-08-09,77615.3828125,77615.3828125,77692.3046875,76153.84375,76384.6171875,638170
2024-08-12,77769.234375,77769.234375,78384.6171875,76076.921875,77615.3828125,740610
2024-08-13,79076.921875,79076.921875,79461.5390625,76923.078125,77000.0,571090
2024-08-14,78846.15625,78846.15625,79384.6171875,77846.15625,79384.6171875,618930
2024-08-15,79076.921875,79076.921875,79153.84375,78153.84375,79153.84375,746720
2024-08-16,80769.234375,80769.234375,81538.4609375,78461.5390625,79384.6171875,1407640
2024-08-19,80769.234375,80769.234375,81461.5390625,80153.84375,81000.0,645320
2024-08-20,81076.921875,81076.921875,81230.765625,79923.078125,80923.078125,725790
2024-08-21,80692.3046875,80692.3046875,81307.6953125,79923.078125,80923.078125,761800
2024-08-22,80384.6171875,80384.6171875,81000.0,79846.15625,80769.234375,770510
2024-08-23,80384.6171875,80384.6171875,80538.4609375,79846.15625,80538.4609375,759850
2024-08-26,80384.6171875,80384.6171875,80769.234375,80000.0,80384.6171875,843310
2024-08-27,80000.0,80000.0,80615.3828125,79923.078125,80384.6171875,889850
2024-08-28,79846.15625,79846.15625,80153.84375,79538.4609375,80153.84375,970840
2024-08-29,80538.4609375,80538.4609375,80615.3828125,79461.5390625,79846.15625,967850
2024-08-30,81000.0,81000.0,81153.84375,80538.4609375,80692.3046875,1012570
2024-09-02,81000.0,81000.0,81000.0,81000.0,81000.0,0
2024-09-03,81000.0,81000.0,81000.0,81000.0,81000.0,0
2024-09-04,80230.765625,80230.765625,80769.234375,79230.765625,80307.6953125,804440
2024-09-05,79846.15625,79846.15625,80769.234375,79230.765625,80000.0,1004510
2024-09-06,79846.15625,79846.15625,80615.3828125,79153.84375,80000.0,1003600
2024-09-09,79230.765625,79230.765625,80000.0,78538.4609375,80000.0,890240
2024-09-10,80153.84375,80153.84375,80615.3828125,79461.5390625,79538.4609375,1011400
2024-09-11,80769.234375,80769.234375,81384.6171875,79923.078125,80153.84375,1158950
2024-09-12,81000.0,81000.0,81307.6953125,80615.3828125,81153.84375,814450
2024-09-13,80615.3828125,80615.3828125,81153.84375,79846.15625,81153.84375,870610
2024-09-16,80000.0,80000.0,80923.078125,79538.4609375,80692.3046875,1005160
2024-09-17,80769.234375,80769.234375,80769.234375,79692.3046875,80000.0,1095120
2024-09-18,80846.15625,80846.15625,81153.84375,80153.84375,80769.234375,1078350
2024-09-19,80846.15625,80846.15625,80923.078125,80461.5390625,80769.234375,1002300
2024-09-20,80923.078125,80923.078125,81076.921875,80230.765625,80923.078125,1596140
2024-09-23,80769.234375,80769.234375,81153.84375,80384.6171875,81000.0,733070
2024-09-24,80846.15625,80846.15625,80923.078125,80384.6171875,80769.234375,902980
2024-09-25,80461.5390625,80461.5390625,81000.0,80153.84375,81000.0,1121900
2024-09-26,80846.15625,80846.15625,80846.15625,80153.84375,80538.4609375,1219920
2024-09-27,80846.15625,80846.15625,81000.0,80000.0,80923.078125,917930
2024-09-30,80769.234375,80769.234375,80923.078125,80230.765625,80846.15625,829270
2024-10-01,81000.0,81000.0,81153.84375,80615.3828125,80769.234375,1028950
2024-10-02,80769.234375,80769.234375,81000.0,79846.15625,80846.15625,857350
2024-10-03,81153.84375,81153.84375,81615.3828125,80461.5390625,80769.234375,1031940
2024-10-04,81000.0,81000.0,81307.6953125,80615.3828125,81230.765625,960180
2024-10-07,80769.234375,80769.234375,81153.84375,80000.0,81000.0,859820
2024-10-08,80615.3828125,80615.3828125,80923.078125,80000.0,80769.234375,1006850
2024-10-09,81230.765625,81230.765625,81461.5390625,80076.921875,80615.3828125,1157910
2024-10-10,81538.4609375,81538.4609375,81538.4609375,80461.5390625,81230.765625,2637700
2024-10-11,83769.234375,83769.234375,84230.765625,81538.4609375,81615.3828125,1825850
2024-10-14,82538.4609375,82538.4609375,84153.84375,81538.4609375,83846.15625,1435590
2024-10-15,81461.5390625,81461.5390625,82615.3828125,81000.0,82538.4609375,1197170
2024-10-16,81384.6171875,81384.6171875,81461.5390625,79846.15625,81153.84375,1058590
2024-10-17,81000.0,81000.0,81384.6171875,80153.84375,81384.6171875,1002170
2024-10-18,81923.078125,81923.078125,81923.078125,80307.6953125,81000.0,1296100
2024-10-21,81230.765625,81230.765625,81307.6953125,80230.765625,81307.6953125,1075100
2024-10-22,80153.84375,80153.84375,81076.921875,80153.84375,81076.921875,1027520
2024-10-23,80307.6953125,80307.6953125,80769.234375,79923.078125,80153.84375,1009060
2024-10-24,80153.84375,80153.84375,80384.6171875,79692.3046875,80384.6171875,1002820
2024-10-25,80153.84375,80153.84375,80230.765625,79538.4609375,80153.84375,955110
2024-10-28,79692.3046875,79692.3046875,80153.84375,79153.84375,80153.84375,1006460
2024-10-29,79923.078125,79923.078125,80000.0,79384.6171875,79769.234375,903110
2024-10-30,79923.078125,79923.078125,80000.0,79230.765625,79923.078125,937300
2024-10-31,80769.234375,80769.234375,80769.234375,79615.3828125,79846.15625,977860
2024-11-01,80538.4609375,80538.4609375,80692.3046875,79615.3828125,80692.3046875,839670
2024-11-04,80000.0,80000.0,80538.4609375,79538.4609375,80538.4609375,942370
2024-11-05,79615.3828125,79615.3828125,80076.921875,78923.078125,80000.0,945490
2024-11-06,80692.3046875,80692.3046875,80769.234375,79307.6953125,79692.3046875,905710
2024-11-07,80230.765625,80230.765625,80769.234375,80076.921875,80769.234375,843570
2024-11-08,80461.5390625,80461.5390625,80461.5390625,79615.3828125,80230.765625,898560
2024-11-11,80384.6171875,80384.6171875,80615.3828125,79538.4609375,80461.5390625,892840
2024-11-12,80384.6171875,80384.6171875,80769.234375,79307.6953125,80384.6171875,928590
2024-11-13,79692.3046875,79692.3046875,80307.6953125,79230.765625,80076.921875,916630
2024-11-14,79461.5390625,79461.5390625,79769.234375,78538.4609375,79692.3046875,864500
2024-11-15,79461.5390625,79461.5390625,79538.4609375,78076.921875,79307.6953125,983970
2024-11-18,78230.765625,78230.765625,79230.765625,77692.3046875,79153.84375,985270
2024-11-19,78230.765625,78230.765625,78615.3828125,77153.84375,78461.5390625,753870
2024-11-20,78461.5390625,78461.5390625,78692.3046875,77000.0,77923.078125,948090
2024-11-21,78230.765625,78230.765625,78615.3828125,77076.921875,78461.5390625,900900
2024-11-22,78230.765625,78230.765625,78769.234375,77692.3046875,78230.765625,786240
2024-11-25,79076.921875,79076.921875,79076.921875,78076.921875,78153.84375,1005680
2024-11-26,79384.6171875,79384.6171875,79461.5390625,78769.234375,79153.84375,752310
2024-11-27,78769.234375,78769.234375,79461.5390625,78538.4609375,79230.765625,739440
2024-11-28,78615.3828125,78615.3828125,79153.84375,78307.6953125,78846.15625,826540
2024-11-29,78769.234375,78769.234375,78769.234375,77230.765625,78615.3828125,876720
2024-12-02,78692.3046875,78692.3046875,79000.0,77923.078125,78923.078125,749190
2024-12-03,78076.921875,78076.921875,78692.3046875,77692.3046875,78461.5390625,904410
2024-12-04,78000.0,78000.0,78076.921875,77230.765625,78000.0,905190
2024-12-05,79230.765625,79230.765625,79230.765625,77615.3828125,78000.0,1027650
2024-12-06,79076.921875,79076.921875,79230.765625,78384.6171875,79076.921875,831220
2024-12-09,79000.0,79000.0,79615.3828125,78076.921875,78846.15625,885430
2024-12-10,78923.078125,78923.078125,79000.0,78384.6171875,78923.078125,713440
2024-12-11,79153.84375,79153.84375,79769.234375,78307.6953125,78923.078125,891020
2024-12-12,79153.84375,79153.84375,79615.3828125,78461.5390625,79153.84375,862160
2024-12-13,78769.234375,78769.234375,79076.921875,78307.6953125,79076.921875,747760
2024-12-16,78461.5390625,78461.5390625,78769.234375,77769.234375,78769.234375,836680
2024-12-17,78153.84375,78153.84375,78615.3828125,77538.4609375,78461.5390625,872820
2024-12-18,77461.5390625,77461.5390625,78000.0,77307.6953125,78000.0,787670
2024-12-19,76923.078125,76923.078125,77307.6953125,75384.6171875,77307.6953125,1476020
2024-12-20,76307.6953125,76307.6953125,77615.3828125,76307.6953125,76923.078125,1310010
2024-12-23,77384.6171875,77384.6171875,77769.234375,76538.4609375,77153.84375,907530
2024-12-24,77692.3046875,77692.3046875,77692.3046875,76769.234375,77384.6171875,878540
2024-12-25,78461.5390625,78461.5390625,78461.5390625,77307.6953125,77769.234375,1219660
2024-12-26,78076.921875,78076.921875,78615.3828125,77692.3046875,78461.5390625,807040
2024-12-27,77846.15625,77846.15625,78307.6953125,77692.3046875,78153.84375,846170
2024-12-30,77000.0,77000.0,77538.4609375,76692.3046875,77076.921875,977470
2024-12-31,76923.078125,76923.078125,77307.6953125,76461.5390625,77307.6953125,889590
2025-01-01,76923.078125,76923.078125,76923.078125,76923.078125,76923.078125,0
2025-01-02,76846.15625,76846.15625,77000.0,76153.84375,77000.0,970840
2025-01-03,76538.4609375,76538.4609375,76846.15625,76076.921875,76846.15625,966810
2025-01-06,76692.3046875,76692.3046875,76846.15625,76153.84375,76538.4609375,863070
2025-01-07,76538.4609375,76538.4609375,76846.15625,75769.234375,76692.3046875,800280
2025-01-08,76461.5390625,76461.5390625,76538.4609375,75692.3046875,76461.5390625,634270
2025-01-09,76384.6171875,76384.6171875,76461.5390625,75923.078125,76461.5390625,571480
2025-01-10,75846.15625,75846.15625,76615.3828125,75538.4609375,76384.6171875,611390
2025-01-13,75846.15625,75846.15625,76307.6953125,75461.5390625,76000.0,675610
2025-01-14,75769.234375,75769.234375,75923.078125,75307.6953125,75769.234375,638560
2025-01-15,75923.078125,75923.078125,76461.5390625,75615.3828125,75846.15625,619320
2025-01-16,75923.078125,75923.078125,76461.5390625,75615.3828125,75846.15625,619320
2025-01-17,76153.84375,76153.84375,76230.765625,75384.6171875,76076.921875,680160
2025-01-20,76000.0,76000.0,76153.84375,75461.5390625,75769.234375,547430
2025-01-21,76000.0,76000.0,76384.6171875,75461.5390625,76153.84375,625040
2025-01-22,76000.0,76000.0,76153.84375,75615.3828125,76000.0,616850
2025-01-23,76153.84375,76153.84375,76538.4609375,75846.15625,76000.0,740740
2025-01-24,76769.234375,76769.234375,76769.234375,75615.3828125,76076.921875,795730
2025-01-27,76769.234375,76769.234375,76769.234375,76769.234375,76769.234375,0
2025-01-28,76769.234375,76769.234375,76769.234375,76769.234375,76769.234375,0
2025-01-29,76769.234375,76769.234375,76769.234375,76769.234375,76769.234375,0
2025-01-30,76769.234375,76769.234375,76769.234375,76769.234375,76769.234375,0
2025-01-31,76769.234375,76769.234375,76769.234375,76769.234375,76769.234375,0
2025-02-03,76000.0,76000.0,76538.4609375,75307.6953125,76538.4609375,656760
2025-02-04,75538.4609375,75538.4609375,76000.0,75307.6953125,76000.0,707070
2025-02-05,75153.84375,75153.84375,75923.078125,75000.0,75538.4609375,696410
2025-02-06,75384.6171875,75384.6171875,75769.234375,74846.15625,75153.84375,539890
2025-02-07,75461.5390625,75461.5390625,75538.4609375,75000.0,75307.6953125,658840
2025-02-10,74461.5390625,74461.5390625,75384.6171875,74384.6171875,75384.6171875,605930
2025-02-11,74230.765625,74230.765625,74615.3828125,73153.84375,74461.5390625,835640
2025-02-12,73923.078125,73923.078125,74615.3828125,73923.078125,74076.921875,596310
2025-02-13,74000.0,74000.0,74000.0,73461.5390625,73615.3828125,579020
2025-02-14,74384.6171875,74384.6171875,74461.5390625,74000.0,74000.0,664560
2025-02-17,75000.0,75000.0,75000.0,74153.84375,74384.6171875,666120
2025-02-18,74923.078125,74923.078125,75230.765625,74384.6171875,75000.0,624390
2025-02-19,74923.078125,74923.078125,75000.0,74307.6953125,75000.0,708370
2025-02-20,74538.4609375,74538.4609375,75000.0,74461.5390625,74923.078125,793390
2025-02-21,74307.6953125,74307.6953125,74538.4609375,74000.0,74461.5390625,652080
2025-02-24,74307.6953125,74307.6953125,74307.6953125,73615.3828125,74000.0,820040
2025-02-25,73923.078125,73923.078125,74461.5390625,73846.15625,74384.6171875,767910
2025-02-26,74692.3046875,74692.3046875,74692.3046875,73846.15625,73923.078125,618800
2025-02-27,74538.4609375,74538.4609375,74769.234375,74076.921875,74692.3046875,665730
2025-02-28,73846.15625,73846.15625,74615.3828125,73846.15625,74384.6171875,715130
2025-03-03,74538.4609375,74538.4609375,74615.3828125,73846.15625,74000.0,729560
2025-03-04,74461.5390625,74461.5390625,74615.3828125,73923.078125,74307.6953125,740870
2025-03-05,74153.84375,74153.84375,74461.5390625,73923.078125,74230.765625,637520
2025-03-06,74230.765625,74230.765625,74461.5390625,74000.0,74230.765625,699530
2025-03-07,74615.3828125,74615.3828125,74615.3828125,73846.15625,74076.921875,986440
2025-03-10,75153.84375,75153.84375,75307.6953125,74153.84375,74615.3828125,771940
2025-03-11,75153.84375,75153.84375,75384.6171875,74461.5390625,74769.234375,664820
2025-03-12,74923.078125,74923.078125,75230.765625,74692.3046875,75153.84375,683670
2025-03-13,74846.15625,74846.15625,75000.0,74230.765625,74923.078125,690820
2025-03-14,75846.15625,75846.15625,76769.234375,74384.6171875,74923.078125,1183910
2025-03-17,76230.765625,76230.765625,76461.5390625,75923.078125,75923.078125,945880
2025-03-18,75692.3046875,75692.3046875,76461.5390625,75000.0,76230.765625,813020
2025-03-19,75230.765625,75230.765625,75615.3828125,74846.15625,75615.3828125,792220
2025-03-20,74000.0,74000.0,75307.6953125,74000.0,75307.6953125,711620
2025-03-21,74307.6953125,74307.6953125,75000.0,73769.234375,74076.921875,809120
2025-03-24,74307.6953125,74307.6953125,74461.5390625,73538.4609375,74384.6171875,738920
2025-03-25,74384.6171875,74384.6171875,74769.234375,73769.234375,74615.3828125,694070
2025-03-26,74384.6171875,74384.6171875,75076.921875,74000.0,74461.5390625,939900
2025-03-27,74230.765625,74230.765625,74384.6171875,73769.234375,74230.765625,667810
2025-03-28,73846.15625,73846.15625,74230.765625,73230.765625,74230.765625,980850
2025-03-31,73076.921875,73076.921875,73769.234375,72846.15625,73769.234375,682240
2025-04-01,73230.765625,73230.765625,73230.765625,72615.3828125,73076.921875,590070
2025-04-02,73076.921875,73076.921875,73307.6953125,72692.3046875,73307.6953125,669370
2025-04-03,68000.0,68000.0,73000.0,68000.0,73000.0,945750
2025-04-04,66384.6171875,66384.6171875,68000.0,63384.6171875,63384.6171875,1331460
2025-04-07,66384.6171875,66384.6171875,66384.6171875,66384.6171875,66384.6171875,0
2025-04-08,63538.4609375,63538.4609375,66153.84375,61769.23046875,66153.84375,824980
2025-04-09,60846.15234375,60846.15234375,63461.5390625,59307.69140625,60692.30859375,822250
2025-04-10,65076.921875,65076.921875,65076.921875,65076.921875,65076.921875,28210
2025-04-11,65692.3046875,65692.3046875,69615.3828125,65076.921875,69615.3828125,1296620
2025-04-14,65769.234375,65769.234375,65769.234375,64307.69140625,65692.3046875,784420
2025-04-15,64076.921875,64076.921875,65692.3046875,63384.6171875,65230.76953125,1033890
2025-04-16,65692.3046875,65692.3046875,65769.234375,64000.0,64076.921875,831870
2025-04-17,67692.3046875,67692.3046875,67692.3046875,64000.0,64384.6171875,1692080
2025-04-18,66538.4609375,66538.4609375,68307.6953125,66538.4609375,68307.6953125,963170
2025-04-21,64615.3828125,64615.3828125,67307.6953125,64615.3828125,67153.84375,833950
2025-04-22,64230.76953125,64230.76953125,64846.15234375,61615.3828125,64846.15234375,1209260
2025-04-23,65923.078125,65923.078125,66153.84375,65230.76953125,65384.6171875,950820
2025-04-24,65923.078125,65923.078125,66000.0,64846.15234375,66000.0,753220
2025-04-25,70000.0,70000.0,70000.0,64846.15234375,65923.078125,1831700
2025-04-28,68538.4609375,68538.4609375,69230.765625,67230.765625,68461.5390625,585390
2025-04-29,66153.84375,66153.84375,68538.4609375,66153.84375,68538.4609375,863070
2025-04-30,66153.84375,66153.84375,66153.84375,66153.84375,66153.84375,0
2025-05-01,66153.84375,66153.84375,66153.84375,66153.84375,66153.84375,0
2025-05-02,66153.84375,66153.84375,66153.84375,66153.84375,66153.84375,0
2025-05-05,68923.078125,68923.078125,69000.0,66153.84375,66230.765625,826930
2025-05-06,68923.078125,68923.078125,69000.0,66153.84375,66230.765625,826930
2025-05-07,68461.5390625,68461.5390625,69000.0,67769.234375,68923.078125,774800
2025-05-08,68384.6171875,68384.6171875,68538.4609375,67769.234375,68538.4609375,766740
2025-05-09,69076.921875,69076.921875,69384.6171875,67230.765625,68307.6953125,926770
2025-05-12,69538.4609375,69538.4609375,69615.3828125,68461.5390625,68846.15625,964600
2025-05-13,69538.4609375,69538.4609375,69615.3828125,68461.5390625,68846.15625,964600
2025-05-14,69615.3828125,69615.3828125,70384.6171875,68769.234375,70384.6171875,776750
2025-05-15,71538.4609375,71538.4609375,71538.4609375,68846.15625,69076.921875,1320800
2025-05-16,70000.0,70000.0,70769.234375,69153.84375,70769.234375,1358240
2025-05-19,67692.3046875,67692.3046875,68846.15625,67692.3046875,68846.15625,922220
2025-05-20,67692.3046875,67692.3046875,68846.15625,67692.3046875,68846.15625,922220
2025-05-21,67923.078125,67923.078125,68384.6171875,66769.234375,67692.3046875,1168310
2025-05-22,67923.078125,67923.078125,68000.0,67076.921875,68000.0,895960
2025-05-23,67076.921875,67076.921875,68153.84375,66923.078125,67307.6953125,1088880
2025-05-26,67538.4609375,67538.4609375,67538.4609375,66307.6953125,67538.4609375,747240
2025-05-27,67538.4609375,67538.4609375,67538.4609375,66307.6953125,67538.4609375,747240
2025-05-28,68000.0,68000.0,68307.6953125,67153.84375,67307.6953125,957840
2025-05-29,67692.3046875,67692.3046875,68153.84375,67307.6953125,67846.15625,822120
2025-05-30,67307.6953125,67307.6953125,67461.5390625,67076.921875,67307.6953125,680810
2025-06-02,68846.15625,68846.15625,69307.6953125,66538.4609375,66846.15625,1478620
2025-06-03,68846.15625,68846.15625,69307.6953125,66538.4609375,66846.15625,1478620
2025-06-04,69076.921875,69076.921875,70000.0,68461.5390625,69230.765625,989690
2025-06-05,70615.3828125,70615.3828125,71153.84375,68692.3046875,69076.921875,1789320
2025-06-06,70230.765625,70230.765625,70769.234375,70000.0,70769.234375,908050
2025-06-09,68307.6953125,68307.6953125,69230.765625,67692.3046875,69230.765625,1092130
2025-06-10,68307.6953125,68307.6953125,69230.765625,67692.3046875,69230.765625,1092130
2025-06-11,68461.5390625,68461.5390625,68846.15625,67769.234375,68461.5390625,746460
2025-06-12,67384.6171875,67384.6171875,68461.5390625,67384.6171875,68307.6953125,889850
2025-06-13,68384.6171875,68384.6171875,68692.3046875,67461.5390625,67461.5390625,859300
2025-06-16,67538.4609375,67538.4609375,67538.4609375,66769.234375,67538.4609375,972010
2025-06-17,67538.4609375,67538.4609375,67538.4609375,66769.234375,67538.4609375,972010
2025-06-18,67461.5390625,67461.5390625,67769.234375,67000.0,67692.3046875,871650
2025-06-19,67461.5390625,67461.5390625,67769.234375,67230.765625,67461.5390625,861120
2025-06-20,68076.921875,68076.921875,68615.3828125,66923.078125,67153.84375,1561170
2025-06-23,67307.6953125,67307.6953125,67615.3828125,66846.15625,67615.3828125,874640
2025-06-24,67307.6953125,67307.6953125,67615.3828125,66846.15625,67615.3828125,874640
2025-06-25,67769.234375,67769.234375,67769.234375,67153.84375,67307.6953125,832780
2025-06-26,67000.0,67000.0,67923.078125,67000.0,67384.6171875,864370
2025-06-27,67000.0,67000.0,67538.4609375,67000.0,67076.921875,683670
2025-06-30,67769.234375,67769.234375,68307.6953125,67307.6953125,67307.6953125,783120
2025-07-01,67769.234375,67769.234375,68307.6953125,67307.6953125,67307.6953125,783120
2025-07-02,69615.3828125,69615.3828125,70000.0,67846.15625,67846.15625,1670370
2025-07-03,69384.6171875,69384.6171875,69615.3828125,69153.84375,69615.3828125,777660
2025-07-04,68461.5390625,68461.5390625,69538.4609375,67153.84375,67153.84375,909740
2025-07-07,69230.765625,69230.765625,69461.5390625,68230.765625,69000.0,1025960
2025-07-08,69230.765625,69230.765625,69461.5390625,68230.765625,69000.0,1025960
2025-07-09,73076.921875,73076.921875,73076.921875,68846.15625,69230.765625,2779530
2025-07-10,72307.6953125,72307.6953125,73230.765625,72307.6953125,73076.921875,1389180
2025-07-11,73846.15625,73846.15625,73846.15625,72076.921875,72384.6171875,1653990
2025-07-14,76153.84375,76153.84375,77615.3828125,75538.4609375,77230.765625,1473290
2025-07-15,76153.84375,76153.84375,77615.3828125,75538.4609375,77230.765625,1473290
2025-07-16,75000.0,75000.0,77000.0,75000.0,76923.078125,1448460
2025-07-17,73846.15625,73846.15625,75000.0,73461.5390625,74615.3828125,2008890
2025-07-18,72538.4609375,72538.4609375,75230.765625,72538.4609375,73846.15625,2226640
2025-07-21,73153.84375,73153.84375,74076.921875,72230.765625,72307.6953125,2029170
2025-07-22,73153.84375,73153.84375,74076.921875,72230.765625,72307.6953125,2029170
2025-07-23,78230.765625,78230.765625,78230.765625,73461.5390625,73461.5390625,3790800
2025-07-24,83692.3046875,83692.3046875,83692.3046875,82692.3046875,83076.921875,2232230
2025-07-25,87692.3046875,87692.3046875,89538.4609375,84153.84375,89538.4609375,3759340
2025-07-28,97692.3046875,97692.3046875,99769.234375,95384.6171875,95615.3828125,3044860
2025-07-29,97692.3046875,97692.3046875,99769.234375,95384.6171875,95615.3828125,3044860
2025-07-30,91000.0,91000.0,98384.6171875,90923.078125,98384.6171875,4021030
2025-07-31,91307.6953125,91307.6953125,95307.6953125,90384.6171875,91000.0,2757430
2025-08-01,93230.765625,93230.765625,94230.765625,88461.5390625,92846.15625,3598270
2025-08-04,97923.078125,97923.078125,97923.078125,89384.6171875,90000.0,4246710
2025-08-05,97923.078125,97923.078125,97923.078125,89384.6171875,90000.0,4246710
2025-08-06,97923.078125,97923.078125,101461.5390625,92307.6953125,99230.765625,5185960
2025-08-07,99230.765625,99230.765625,99615.3828125,96384.6171875,97923.078125,2855190
2025-08-08,98230.765625,98230.765625,99461.5390625,96769.234375,99384.6171875,2885740
2025-08-11,95384.6171875,95384.6171875,96153.84375,93461.5390625,96153.84375,2650050
2025-08-12,95384.6171875,95384.6171875,96153.84375,93461.5390625,96153.84375,2650050
2025-08-13,97692.3046875,97692.3046875,99615.3828125,94384.6171875,96153.84375,4096300
2025-08-14,98000.0,98000.0,98076.921875,94692.3046875,98076.921875,3978520
2025-08-15,104846.15625,104846.15625,104846.15625,98461.5390625,99153.84375,5818800
2025-08-18,109538.4609375,109538.4609375,112000.0,107692.3046875,112000.0,2657070
2025-08-19,109538.4609375,109538.4609375,112000.0,107692.3046875,112000.0,2657070
2025-08-20,112307.6953125,112307.6953125,117153.84375,111000.0,116846.15625,3101800
2025-08-21,110615.3828125,110615.3828125,112307.6953125,105000.0,112307.6953125,3126240
2025-08-22,112153.84375,112153.84375,112307.6953125,107769.234375,110538.4609375,3592940
2025-08-25,109615.3828125,109615.3828125,111153.84375,107692.3046875,108076.921875,3155880
2025-08-26,109615.3828125,109615.3828125,111153.84375,107692.3046875,108076.921875,3155880
2025-08-27,110769.234375,110769.234375,111153.84375,108615.3828125,110000.0,2622360
2025-08-28,110846.15625,110846.15625,111615.3828125,109076.921875,111153.84375,2629380
2025-08-29,111538.4609375,111538.4609375,114000.0,110769.234375,111153.84375,2564510
2025-09-01,111538.4609375,111538.4609375,111538.4609375,111538.4609375,111538.4609375,0
2025-09-02,111538.4609375,111538.4609375,111538.4609375,111538.4609375,111538.4609375,0
2025-09-03,109230.765625,109230.765625,110769.234375,107692.3046875,110769.234375,2767050
2025-09-04,109230.765625,109230.765625,110769.234375,107692.3046875,110769.234375,2767050
2025-09-05,107692.3046875,107692.3046875,109384.6171875,107307.6953125,109384.6171875,2606760
2025-09-08,109153.84375,109153.84375,109692.3046875,107076.921875,108461.5390625,2810210
2025-09-09,109153.84375,109153.84375,109692.3046875,107076.921875,108461.5390625,2810210
2025-09-10,111538.4609375,111538.4609375,112769.234375,109153.84375,109230.765625,3097900
2025-09-11,111461.5390625,111461.5390625,112000.0,109076.921875,111923.078125,2563470
2025-09-12,111846.15625,111846.15625,112307.6953125,108076.921875,111538.4609375,2816190
2025-09-15,111846.15625,111846.15625,111846.15625,111846.15625,111846.15625,0
2025-09-16,112000.0,112000.0,112692.3046875,110384.6171875,112692.3046875,2909790
2025-09-17,109230.765625,109230.765625,113153.84375,109230.765625,112076.921875,2906540
2025-09-18,109230.765625,109230.765625,109615.3828125,108000.0,109230.765625,2628990
2025-09-19,107538.4609375,107538.4609375,109307.6953125,107076.921875,109307.6953125,2734290
2025-09-22,104230.765625,104230.765625,105153.84375,100769.234375,105000.0,3057600
2025-09-23,104230.765625,104230.765625,105153.84375,100769.234375,105000.0,3057600
2025-09-24,102307.6953125,102307.6953125,104615.3828125,102076.921875,104307.6953125,2292550
2025-09-25,102846.15625,102846.15625,103076.921875,100307.6953125,102307.6953125,1991470
2025-09-26,104538.4609375,104538.4609375,105615.3828125,103000.0,103076.921875,2197650
2025-09-29,99769.234375,99769.234375,101923.078125,98769.234375,101769.234375,2319720
2025-09-30,99769.234375,99769.234375,101923.078125,98769.234375,101769.234375,2319720
2025-10-01,99692.3046875,99692.3046875,101153.84375,99076.921875,99846.15625,2196610
2025-10-02,98461.5390625,98461.5390625,99846.15625,98461.5390625,99538.4609375,2178540
2025-10-03,99000.0,99000.0,101153.84375,98000.0,98615.3828125,2287870
2025-10-06,103307.6953125,103307.6953125,103307.6953125,99615.3828125,99615.3828125,2213770
2025-10-07,103307.6953125,103307.6953125,103307.6953125,99615.3828125,99615.3828125,2213770
2025-10-08,102615.3828125,102615.3828125,103692.3046875,101307.6953125,103692.3046875,2077920
2025-10-09,102615.3828125,102615.3828125,103846.15625,101769.234375,103846.15625,2359500
2025-10-10,102384.6171875,102384.6171875,102692.3046875,100846.15625,102692.3046875,2225990
2025-10-13,109692.3046875,109692.3046875,109692.3046875,100000.0,101461.5390625,4905030
2025-10-14,109692.3046875,109692.3046875,109692.3046875,100000.0,101461.5390625,4905030
2025-10-15,117307.6953125,117307.6953125,117307.6953125,110461.5390625,111923.078125,6130020
2025-10-16,125461.5390625,125461.5390625,125461.5390625,117538.4609375,120538.4609375,4489940
2025-10-17,133461.53125,133461.53125,133461.53125,124000.0,126153.84375,4783350
2025-10-20,134230.765625,134230.765625,138461.53125,127384.6171875,134230.765625,4531020
2025-10-21,134230.765625,134230.765625,138461.53125,127384.6171875,134230.765625,4531020
2025-10-22,138461.53125,138461.53125,143615.390625,134230.765625,134230.765625,5366790
2025-10-23,138615.390625,138615.390625,139461.53125,136230.765625,138846.15625,3797300
2025-10-24,141538.46875,141538.46875,142384.609375,138538.46875,138538.46875,3381820
2025-10-27,134846.15625,134846.15625,140769.234375,130769.234375,140769.234375,3932110
2025-10-28,134846.15625,134846.15625,140769.234375,130769.234375,140769.234375,3932110
2025-10-29,144230.765625,144230.765625,144230.765625,134076.921875,134076.921875,4841590
2025-10-30,150076.921875,150076.921875,151153.84375,145384.609375,145769.234375,3013660
2025-10-31,150384.609375,150384.609375,154769.234375,148153.84375,150076.921875,3102710
2025-11-03,141153.84375,141153.84375,146076.921875,140846.15625,143692.3125,3131830
2025-11-04,142923.078125,142923.078125,145384.609375,140615.390625,141538.46875,2768480
2025-11-05,142923.078125,142923.078125,145384.609375,140615.390625,141538.46875,2768480
2025-11-06,139153.84375,139153.84375,143461.53125,139153.84375,142153.84375,2299310
2025-11-07,136923.078125,136923.078125,138461.53125,133000.0,137307.6875,2686840
2025-11-10,135769.234375,135769.234375,139230.765625,134846.15625,137307.6875,2507050
2025-11-11,134538.46875,134538.46875,136538.46875,131153.84375,135769.234375,2621710
2025-11-12,135461.53125,135461.53125,136153.84375,131000.0,134615.390625,2498730
2025-11-13,135615.390625,135615.390625,136769.234375,134000.0,135230.765625,2415270
2025-11-14,135692.3125,135692.3125,136153.84375,133307.6875,135076.921875,2404090
2025-11-17,137692.3125,137692.3125,137692.3125,134230.765625,135692.3125,2486380
2025-11-18,137769.234375,137769.234375,138615.390625,136153.84375,138615.390625,2379000
2025-11-19,136923.078125,136923.078125,137769.234375,135461.53125,137461.53125,2355210
2025-11-20,146461.53125,146461.53125,146461.53125,136307.6875,136538.46875,3912350
2025-11-21,149692.3125,149692.3125,151615.390625,145076.921875,146923.078125,2500810
2025-11-24,157538.46875,157538.46875,157769.234375,148461.53125,149769.234375,3713970
2025-11-25,168538.46875,168538.46875,168538.46875,156538.46875,157923.078125,4176120
2025-11-26,159846.15625,159846.15625,169230.765625,159153.84375,168076.921875,2926040
2025-11-27,155384.609375,155384.609375,159846.15625,148692.3125,159230.765625,6347640
2025-11-28,156538.46875,156538.46875,159076.921875,151384.609375,154615.390625,1933490
2025-12-01,156846.15625,156846.15625,162076.921875,154384.609375,156692.3125,2410330
2025-12-02,167615.390625,167615.390625,167769.234375,155076.921875,156923.078125,4627220
2025-12-03,164615.390625,164615.390625,167923.078125,163230.765625,167846.15625,2200510
2025-12-04,158461.53125,158461.53125,164692.3125,158461.53125,164692.3125,2924870
2025-12-05,159615.390625,159615.390625,159615.390625,153846.15625,157076.921875,3016910
2025-12-08,158769.234375,158769.234375,159615.390625,154538.46875,157230.765625,2174900
2025-12-09,153846.15625,153846.15625,157692.3125,153846.15625,157692.3125,2575300
2025-12-10,151230.765625,151230.765625,154615.390625,148923.078125,154230.765625,3300570
2025-12-11,144615.390625,144615.390625,151000.0,144538.46875,150538.46875,2272400
2025-12-12,142307.6875,142307.6875,146538.46875,138307.6875,142307.6875,2592460
2025-12-15,143076.921875,143076.921875,143846.15625,140769.234375,141538.46875,1824550
2025-12-16,147307.6875,147307.6875,147307.6875,139846.15625,143153.84375,2062190
2025-12-17,142384.609375,142384.609375,147384.609375,142384.609375,147384.609375,1964430
2025-12-18,142384.609375,142384.609375,147384.609375,142384.609375,147384.609375,1964430
2025-12-19,153769.234375,153769.234375,153769.234375,147538.46875,149230.765625,2750540
2025-12-22,158461.53125,158461.53125,159230.765625,152000.0,153846.15625,2414620
2025-12-23,158846.15625,158846.15625,161538.46875,155615.390625,158076.921875,2396420
2025-12-24,153076.921875,153076.921875,158615.390625,153076.921875,158461.53125,2383160
2025-12-25,153076.921875,153076.921875,158615.390625,153076.921875,158461.53125,2383160
2025-12-26,159923.078125,159923.078125,163461.53125,157692.3125,160538.46875,2165280
2025-12-29,160153.84375,160153.84375,162461.53125,159000.0,160307.6875,2184520
2025-12-30,158000.0,158000.0,160153.84375,153538.46875,160000.0,2213380
2025-12-31,160769.234375,160769.234375,160769.234375,155153.84375,157307.6875,1813760
2026-01-01,160769.234375,160769.234375,160769.234375,160769.234375,160769.234375,0
2026-01-02,160769.234375,160769.234375,160769.234375,160769.234375,160769.234375,0
2026-01-05,159615.390625,159615.390625,161153.84375,156692.3125,159230.765625,2324400
2026-01-06,163230.765625,163230.765625,165769.234375,157846.15625,159615.390625,2717260
2026-01-07,161230.765625,161230.765625,163615.390625,159923.078125,163461.53125,1934140
2026-01-08,156153.84375,156153.84375,162461.53125,153461.53125,161538.46875,2898870
2026-01-09,152846.15625,152846.15625,155923.078125,146153.84375,155153.84375,3293680
2026-01-12,150000.0,150000.0,152307.6875,144615.390625,152153.84375,2556970
2026-01-13,150000.0,150000.0,151153.84375,146307.6875,149230.765625,2131220
2026-01-14,145692.3125,145692.3125,150153.84375,143076.921875,149384.609375,2473510
2026-01-15,138846.15625,138846.15625,145000.0,136538.46875,145000.0,2176850
2026-01-16,141538.46875,141538.46875,143846.15625,138153.84375,138846.15625,1794650
2026-01-19,142307.6875,142307.6875,143846.15625,140153.84375,141923.078125,1408290
2026-01-20,139846.15625,139846.15625,143076.921875,139461.53125,142692.3125,1841970
2026-01-21,139846.15625,139846.15625,141153.84375,137000.0,139615.390625,1902160
2026-01-22,139230.765625,139230.765625,140076.921875,137769.234375,139230.765625,1700010
2026-01-23,148923.078125,148923.078125,148923.078125,138384.609375,139615.390625,1963520
2026-01-26,140000.0,140000.0,146076.921875,140000.0,145923.078125,1587170
2026-01-27,137538.46875,137538.46875,141153.84375,137538.46875,140153.84375,1591720
2026-01-28,131923.078125,131923.078125,138615.390625,128153.84375,137692.3125,2560090
2026-01-29,126153.84375,126153.84375,133000.0,123846.15625,132307.6875,2317120
2026-01-30,131153.84375,131153.84375,131153.84375,122615.3828125,126384.6171875,2204800
2026-02-02,130769.234375,130769.234375,132076.921875,123307.6953125,131307.6875,1948180
2026-02-03,129230.765625,129230.765625,130769.234375,126769.234375,129846.15625,1696240
2026-02-04,126923.078125,126923.078125,128461.5390625,124000.0,127692.3046875,1705990
2026-02-05,128076.921875,128076.921875,130769.234375,124769.234375,126153.84375,1970020
2026-02-06,127692.3046875,127692.3046875,127769.234375,124153.84375,126923.078125,1648920
2026-02-09,126923.078125,126923.078125,129615.3828125,126538.4609375,127692.3046875,1355250
2026-02-10,125384.6171875,125384.6171875,126923.078125,124230.765625,126153.84375,1363700
2026-02-11,129230.765625,129230.765625,129230.765625,124000.0,125000.0,1544270
2026-02-12,129230.765625,129230.765625,130769.234375,127461.5390625,129230.765625,1402180
2026-02-13,130153.84375,130153.84375,130384.6171875,127307.6953125,129230.765625,1621750
2026-02-16,130153.84375,130153.84375,130153.84375,130153.84375,130153.84375,0
2026-02-17,130153.84375,130153.84375,130153.84375,130153.84375,130153.84375,0
2026-02-18,130153.84375,130153.84375,130153.84375,130153.84375,130153.84375,0
2026-02-19,130153.84375,130153.84375,130153.84375,130153.84375,130153.84375,0
2026-02-20,130153.84375,130153.84375,130153.84375,130153.84375,130153.84375,0
2026-02-23,134538.46875,134538.46875,134615.390625,130153.84375,130384.6171875,1646840
2026-02-24,143538.46875,143538.46875,143538.46875,131307.6875,134538.46875,2162420
2026-02-25,137307.6875,137307.6875,141153.84375,136153.84375,138615.390625,1538550
2026-02-26,137307.6875,137307.6875,137769.234375,133615.390625,136538.46875,1527240
2026-02-27,135230.765625,135230.765625,137307.6875,134769.234375,136769.234375,1474070
2026-03-02,130000.0,130000.0,132000.0,129384.6171875,131153.84375,1539980
2026-03-03,130000.0,130000.0,132000.0,129384.6171875,131153.84375,1539980
2026-03-04,125538.4609375,125538.4609375,127692.3046875,119846.15625,125846.15625,1908140
2026-03-05,120307.6953125,120307.6953125,125923.078125,120000.0,125615.3828125,2036970
2026-03-06,120307.6953125,120307.6953125,121923.078125,117076.921875,120000.0,1609530
2026-03-09,117692.3046875,117692.3046875,117692.3046875,111923.078125,115000.0,1444690
2026-03-10,119230.765625,119230.765625,120000.0,115923.078125,118692.3046875,1857700
2026-03-11,122846.15625,122846.15625,123076.921875,117538.4609375,120769.234375,1863810
2026-03-12,117538.4609375,117538.4609375,121461.5390625,117538.4609375,119230.765625,1811160
2026-03-13,120615.3828125,120615.3828125,120769.234375,117384.6171875,117384.6171875,1634490
2026-03-16,118461.5390625,118461.5390625,120000.0,117384.6171875,120000.0,1510730
2026-03-17,120769.234375,120769.234375,120769.234375,118461.5390625,118461.5390625,1616940
2026-03-18,123076.921875,123076.921875,123076.921875,119384.6171875,120153.84375,1671280
2026-03-19,122076.921875,122076.921875,122153.84375,119230.765625,121846.15625,2242890
2026-03-20,121000.0,121000.0,121153.84375,116384.6171875,121153.84375,2319460
2026-03-23,116769.234375,116769.234375,117923.078125,116230.765625,117307.6953125,1274130
2026-03-24,117692.3046875,117692.3046875,117692.3046875,112846.15625,116769.234375,2151110
2026-03-25,117692.3046875,117692.3046875,118076.921875,115384.6171875,117692.3046875,1677390
2026-03-26,119230.765625,119230.765625,119230.765625,116076.921875,117692.3046875,1514630
2026-03-27,120769.234375,120769.234375,121153.84375,117923.078125,119230.765625,1305590
2026-03-30,120846.15625,120846.15625,121923.078125,116923.078125,119230.765625,1620840
2026-03-31,120000.0,120000.0,121538.4609375,120000.0,120923.078125,1123720
2026-04-01,128384.6171875,128384.6171875,128384.6171875,120153.84375,120384.6171875,2192970
2026-04-02,127307.6953125,127307.6953125,130769.234375,124000.0,130769.234375,1378130
2026-04-03,123923.078125,123923.078125,131153.84375,123923.078125,126923.078125,1862900
2026-04-06,125615.3828125,125615.3828125,125769.234375,122307.6953125,122307.6953125,1310400
2026-04-07,125769.234375,125769.234375,125769.234375,122692.3046875,125615.3828125,1290770
2026-04-08,130384.6171875,130384.6171875,130384.6171875,126692.3046875,127692.3046875,1646450
2026-04-09,127692.3046875,127692.3046875,129076.921875,126923.078125,129000.0,1342640
2026-04-10,128461.5390625,128461.5390625,130384.6171875,127692.3046875,128076.921875,1351610
2026-04-13,128307.6953125,128307.6953125,128461.5390625,124076.921875,124153.84375,1369290
2026-04-14,128307.6953125,128307.6953125,130000.0,127230.765625,128461.5390625,1428960
2026-04-15,137076.921875,137076.921875,137230.765625,128307.6953125,128307.6953125,3433300
2026-04-16,137076.921875,137076.921875,137076.921875,131846.15625,135769.234375,2005380
2026-04-17,136769.234375,136769.234375,137000.0,132461.53125,137000.0,2123550
2026-04-20,134846.15625,134846.15625,136000.0,133230.765625,135307.6875,1196910
2026-04-21,135153.84375,135153.84375,138615.390625,134615.390625,134923.078125,1921790
2026-04-22,135153.84375,135153.84375,135692.3125,133076.921875,135230.765625,1631110
2026-04-23,134538.46875,134538.46875,136923.078125,132615.390625,135076.921875,1369160
2026-04-24,138846.15625,138846.15625,138846.15625,132461.53125,134461.53125,2056210
2026-04-27,138846.15625,138846.15625,138846.15625,138846.15625,138846.15625,0
2026-04-28,137461.53125,137461.53125,138846.15625,135461.53125,137538.46875,1759160
2026-04-29,138461.53125,138461.53125,139615.390625,135538.46875,136692.3125,1944670
2026-04-30,138461.53125,138461.53125,138461.53125,138461.53125,138461.53125,0
2026-05-01,138461.53125,138461.53125,138461.53125,138461.53125,138461.53125,0
2026-05-04,138384.609375,138384.609375,138461.53125,135538.46875,137307.6875,1526980
2026-05-05,139230.765625,139230.765625,140000.0,136307.6875,137692.3125,1927510
2026-05-06,139615.390625,139615.390625,146153.84375,137692.3125,139307.6875,2696330
2026-05-07,140000.0,140000.0,141923.078125,138615.390625,139615.390625,1643850
2026-05-08,135538.46875,135538.46875,140000.0,135538.46875,139923.078125,1773070
2026-05-11,131153.84375,131153.84375,135538.46875,131153.84375,135538.46875,1984060
2026-05-12,134615.390625,134615.390625,134615.390625,130307.6953125,130769.234375,1652820
2026-05-13,133153.84375,133153.84375,139615.390625,132923.078125,134615.390625,1437280
2026-05-14,133153.84375,133153.84375,135000.0,131846.15625,133461.53125,1556230
2026-05-15,131769.234375,131769.234375,133384.609375,131769.234375,133307.6875,1479660
2026-05-18,131615.390625,131615.390625,132538.46875,130384.6171875,130384.6171875,1808560
2026-05-19,132307.6875,132307.6875,132692.3125,130230.765625,131692.3125,1528280
2026-05-20,131230.765625,131230.765625,132769.234375,129923.078125,132307.6875,1736410
2026-05-21,133461.53125,133461.53125,133846.15625,131384.609375,131538.46875,1976520
2026-05-22,130846.15625,130846.15625,133461.53125,130615.3828125,133461.53125,1409720
2026-05-25,133692.3125,133692.3125,133846.15625,130538.4609375,130846.15625,1451190
2026-05-26,132769.234375,132769.234375,133846.15625,132153.84375,133692.3125,1295060
2026-05-27,132384.609375,132384.609375,132846.15625,130384.6171875,132769.234375,1361750
2026-05-28,131076.921875,131076.921875,132692.3125,130769.234375,132461.53125,1299090
2026-05-29,132230.765625,132230.765625,132307.6875,129615.3828125,130000.0,1298310
2026-06-01,131538.46875,131538.46875,132692.3125,130461.5390625,132230.765625,1145820
2026-06-02,130846.15625,130846.15625,131615.390625,129846.15625,131538.46875,1171560
2026-06-03,131384.609375,131384.609375,132307.6875,130000.0,130846.15625,1416740
2026-06-04,132769.234375,132769.234375,132769.234375,130153.84375,131384.609375,1344330
2026-06-05,142000.0,142000.0,142000.0,132538.46875,133076.921875,2325830
2026-06-08,136000.0,136000.0,138461.53125,134538.46875,136923.078125,1100970
2026-06-09,137692.3125,137692.3125,138000.0,134923.078125,136153.84375,1168570
2026-06-10,140000.0,140000.0,141153.84375,137461.53125,137923.078125,1310920
2026-06-11,136538.46875,136538.46875,140384.609375,136384.609375,139230.765625,1063140
2026-06-12,139076.921875,139076.921875,140846.15625,136692.3125,136769.234375,1179880
2026-06-15,141307.6875,141307.6875,142692.3125,139230.765625,139230.765625,1396850
2026-06-16,138000.0,138000.0,144100.0,137800.0,143800.0,969400
2026-06-17,143900.0,143900.0,144000.0,136300.0,136800.0,959700
2026-06-18,138400.0,138400.0,142800.0,138400.0,142800.0,1144100
2026-06-19,140500.0,140500.0,141000.0,138400.0,138900.0,1166800
2026-06-22,139500.0,139500.0,141000.0,138900.0,140500.0,1005000
2026-06-23,137500.0,137500.0,140200.0,137500.0,139500.0,938200
2026-06-24,136400.0,136400.0,138200.0,136100.0,137500.0,967200
2026-06-25,139400.0,139400.0,139900.0,136300.0,136500.0,965800
2026-06-26,139500.0,139500.0,140000.0,138000.0,138500.0,982800
2026-06-29,138800.0,138800.0,139500.0,136600.0,139500.0,1234200
2026-06-30,139500.0,139500.0,140000.0,137800.0,138700.0,744200
2026-07-01,139500.0,139500.0,140000.0,137800.0,138700.0,744200
2026-07-02,139000.0,139000.0,139400.0,137600.0,139300.0,761000
2026-07-03,141800.0,141800.0,142500.0,138000.0,139200.0,1006400
2026-07-06,140600.0,140600.0,142000.0,137700.0,141800.0,965100
2026-07-07,139700.0,139700.0,140000.0,138600.0,140000.0,818200
2026-07-08,138900.0,138900.0,139000.0,137200.0,139000.0,861400
2026-07-09,139000.0,139000.0,139000.0,137100.0,137500.0,884700
2026-07-10,138000.0,138000.0,138000.0,137100.0,138000.0,750900
2026-07-13,134400.0,134400.0,137500.0,128400.0,136800.0,967500
2026-07-14,133300.0,133300.0,133900.0,130900.0,133000.0,925900
2026-07-15,129700.0,129700.0,133300.0,129100.0,133300.0,920100
2026-07-16,132500.0,132500.0,132800.0,129800.0,130000.0,932800
2026-07-17,131300.0,131300.0,132000.0,129700.0,132000.0,980200
2026-07-20,132000.0,132000.0,134600.0,128200.0,131000.0,1110400
2026-07-21,130800.0,130800.0,132000.0,130200.0,130600.0,847200
2026-07-22,126000.0,126000.0,131600.0,126000.0,130800.0,1263300
2026-07-23,127600.0,127600.0,130000.0,126200.0,127000.0,1204100
2026-07-24,127400.0,127400.0,127400.0,124500.0,125800.0,828800
2026-07-27,126000.0,126000.0,129500.0,124200.0,127000.0,1058500
2026-07-28,123400.0,123400.0,127000.0,123300.0,125500.0,969700
2026-07-29,125500.0,125500.0,125500.0,118100.0,122200.0,1334100
2026-07-30,124200.0,124200.0,126500.0,123200.0,125000.0,1067400
