date,Adj Close,Close,High,Low,Open,Volume
2017-08-17,7265.587890625,8408.19140625,8408.19140625,7114.62353515625,8408.19140625,270411660
2017-08-18,6930.251953125,8020.12109375,8300.39453125,8020.12109375,8192.5966796875,5068956
2017-08-21,6678.75146484375,7729.068359375,7933.88330078125,7653.6103515625,7718.28857421875,3704498
2017-08-22,6706.69677734375,7761.40771484375,7761.40771484375,7502.6943359375,7502.6943359375,10649289
2017-08-23,6743.9560546875,7804.52685546875,7933.88330078125,7707.50927734375,7761.40771484375,241559786
2017-08-24,6753.2705078125,7815.306640625,7836.86572265625,7718.28857421875,7836.86572265625,314799077
2017-08-25,6762.58544921875,7826.0859375,7826.0859375,7718.28857421875,7739.84814453125,2854291
2017-08-28,6762.58544921875,7826.0859375,7826.0859375,7739.84814453125,7761.40771484375,3532879
2017-08-29,6762.58544921875,7826.0859375,7826.0859375,7826.0859375,7826.0859375,0
2017-08-30,6762.58544921875,7826.0859375,7826.0859375,7761.40771484375,7826.0859375,3850280
2017-08-31,6762.58544921875,7826.0859375,7826.0859375,7782.96728515625,7782.96728515625,5549209
2017-09-01,6762.58544921875,7826.0859375,7826.0859375,7782.96728515625,7782.96728515625,4536568
2017-09-04,6762.58544921875,7826.0859375,7826.0859375,7826.0859375,7826.0859375,0
2017-09-05,6781.21533203125,7847.6455078125,7847.6455078125,7772.1875,7772.1875,5909840
2017-09-06,7107.23583984375,8224.9365234375,8235.7158203125,7826.0859375,7847.6455078125,5886091
2017-09-07,7181.75341796875,8311.173828125,8472.8701171875,8235.7158203125,8235.7158203125,4175845
2017-09-08,7116.55029296875,8235.7158203125,8300.39453125,8224.9365234375,8300.39453125,1575363
2017-09-11,6892.99365234375,7977.00244140625,8214.15625,7955.44287109375,8192.5966796875,3040752
2017-09-12,6958.197265625,8052.46044921875,8084.7998046875,7847.6455078125,7977.00244140625,1531345
2017-09-13,6986.14208984375,8084.7998046875,8106.359375,7998.56201171875,8052.46044921875,1449340
2017-09-14,6976.82666015625,8074.02001953125,8106.359375,8041.6806640625,8084.7998046875,1247155
2017-09-15,6967.51220703125,8063.240234375,8106.359375,8052.46044921875,8074.02001953125,1634919
2017-09-18,6948.8828125,8041.6806640625,8084.7998046875,8030.90087890625,8063.240234375,1500872
2017-09-19,6883.6787109375,7966.22265625,8041.6806640625,7955.44287109375,8041.6806640625,3803526
2017-09-20,6874.36376953125,7955.44287109375,8041.6806640625,7944.6630859375,7966.22265625,3662753
2017-09-21,6874.36376953125,7955.44287109375,7966.22265625,7923.103515625,7955.44287109375,2484152
2017-09-22,6837.10498046875,7912.32421875,7955.44287109375,7869.205078125,7955.44287109375,5978023
2017-09-25,6827.7900390625,7901.54443359375,7944.6630859375,7901.54443359375,7912.32421875,2339390
2017-09-26,6818.47412109375,7890.7646484375,7955.44287109375,7890.7646484375,7955.44287109375,3332039
2017-09-27,6939.5673828125,8030.90087890625,8074.02001953125,7890.7646484375,7890.7646484375,6836069
2017-09-28,6939.5673828125,8030.90087890625,8149.47802734375,8020.12109375,8041.6806640625,5744993
2017-09-29,6986.14208984375,8084.7998046875,8138.6982421875,8030.90087890625,8030.90087890625,3489604
2017-10-02,6939.5673828125,8030.90087890625,8106.359375,7977.00244140625,8084.7998046875,2942327
2017-10-03,6874.36376953125,7955.44287109375,8041.6806640625,7923.103515625,8020.12109375,3059723
2017-10-04,6874.36376953125,7955.44287109375,7977.00244140625,7923.103515625,7955.44287109375,2121898
2017-10-05,6865.048828125,7944.6630859375,8009.341796875,7944.6630859375,7998.56201171875,1020387
2017-10-06,6930.251953125,8020.12109375,8020.12109375,7933.88330078125,7987.7822265625,1897588
2017-10-09,6976.82666015625,8074.02001953125,8106.359375,8030.90087890625,8106.359375,4345051
2017-10-10,7079.29052734375,8192.5966796875,8235.7158203125,8052.46044921875,8074.02001953125,4030758
2017-10-11,7358.73681640625,8515.9892578125,8515.9892578125,8224.9365234375,8235.7158203125,16214177
2017-10-12,7461.19921875,8634.56640625,8796.26171875,8472.8701171875,8526.7685546875,10955930
2017-10-13,7489.14404296875,8666.9052734375,8850.1611328125,8602.2265625,8602.2265625,6134196
2017-10-16,7582.29296875,8774.703125,8882.5,8666.9052734375,8666.9052734375,10287406
2017-10-17,7675.44189453125,8882.5,8947.1787109375,8774.703125,8774.703125,7834609
2017-10-18,7694.0712890625,8904.0595703125,9076.53515625,8904.0595703125,9054.9755859375,10956115
2017-10-19,7656.81201171875,8860.9404296875,8990.296875,8796.26171875,8882.5,4903553
2017-10-20,7694.0712890625,8904.0595703125,8968.73828125,8860.9404296875,8860.9404296875,6868723
2017-10-23,7600.92236328125,8796.26171875,9033.416015625,8774.703125,8904.0595703125,6950496
2017-10-24,7582.29296875,8774.703125,8828.6015625,8720.8037109375,8828.6015625,3832562
2017-10-25,7638.181640625,8839.380859375,8871.720703125,8688.46484375,8774.703125,5916333
2017-10-26,7582.29296875,8774.703125,8904.0595703125,8731.583984375,8839.380859375,3515068
2017-10-27,7610.23779296875,8807.0419921875,8839.380859375,8742.36328125,8753.1435546875,3427218
2017-10-30,7656.81201171875,8860.9404296875,9011.8564453125,8807.0419921875,8807.0419921875,9093360
2017-10-31,7572.9775390625,8763.9228515625,8904.0595703125,8753.1435546875,8860.9404296875,4764774
2017-11-01,7507.77392578125,8688.46484375,8817.8212890625,8656.1259765625,8753.1435546875,4610596
2017-11-02,7023.4013671875,8127.91845703125,8753.1435546875,8106.359375,8666.9052734375,11366329
2017-11-03,7489.14404296875,8666.9052734375,8666.9052734375,8149.47802734375,8149.47802734375,5831684
2017-11-06,7433.25439453125,8602.2265625,8666.9052734375,8515.9892578125,8666.9052734375,2274731
2017-11-07,7358.73681640625,8515.9892578125,8580.6669921875,8494.4296875,8580.6669921875,2689305
2017-11-08,7489.14404296875,8666.9052734375,8688.46484375,8440.53125,8515.9892578125,3832284
2017-11-09,7395.99609375,8559.1083984375,8688.46484375,8515.9892578125,8688.46484375,2493521
2017-11-10,7368.05078125,8526.7685546875,8559.1083984375,8515.9892578125,8548.328125,2335076
2017-11-13,7209.69873046875,8343.513671875,8537.548828125,8321.9541015625,8537.548828125,3406392
2017-11-14,7274.90283203125,8418.9716796875,8494.4296875,8343.513671875,8343.513671875,3606861
2017-11-15,7321.47705078125,8472.8701171875,8505.208984375,8365.0732421875,8462.0908203125,3598512
2017-11-16,7358.73681640625,8515.9892578125,8710.0244140625,8418.9716796875,8472.8701171875,4251775
2017-11-17,7358.73681640625,8515.9892578125,8623.7861328125,8505.208984375,8580.6669921875,2605166
2017-11-20,7284.21728515625,8429.7509765625,8537.548828125,8418.9716796875,8537.548828125,2918717
2017-11-21,7256.27294921875,8397.412109375,8483.6494140625,8354.29296875,8408.19140625,4653083
2017-11-22,7377.3662109375,8537.548828125,8666.9052734375,8386.6318359375,8408.19140625,7152635
2017-11-23,7451.88427734375,8623.7861328125,8817.8212890625,8429.7509765625,8623.7861328125,8652904
2017-11-24,7451.88427734375,8623.7861328125,8753.1435546875,8559.1083984375,8677.6845703125,4358920
2017-11-27,7414.625,8580.6669921875,8623.7861328125,8569.8876953125,8623.7861328125,4014153
2017-11-28,7414.625,8580.6669921875,8699.244140625,8559.1083984375,8580.6669921875,7108571
2017-11-29,7470.5146484375,8645.345703125,8720.8037109375,8580.6669921875,8580.6669921875,8918078
2017-11-30,7666.126953125,8871.720703125,8893.279296875,8688.46484375,8710.0244140625,20994722
2017-12-01,7666.126953125,8871.720703125,8968.73828125,8860.9404296875,8968.73828125,15135300
2017-12-04,7731.3310546875,8947.1787109375,9119.654296875,8882.5,8882.5,13265773
2017-12-05,7647.4970703125,8850.1611328125,9044.1962890625,8774.703125,8990.296875,14079662
2017-12-06,7545.033203125,8731.583984375,8860.9404296875,8645.345703125,8850.1611328125,9109733
2017-12-07,7377.3662109375,8537.548828125,8753.1435546875,8537.548828125,8731.583984375,8087769
2017-12-08,7358.73681640625,8515.9892578125,8623.7861328125,8494.4296875,8537.548828125,5805245
2017-12-11,7181.75341796875,8311.173828125,8505.208984375,8311.173828125,8408.19140625,6124455
2017-12-12,7209.69873046875,8343.513671875,8515.9892578125,7761.40771484375,8365.0732421875,13832346
2017-12-13,7060.6611328125,8171.03759765625,8354.29296875,8171.03759765625,8343.513671875,5326430
2017-12-14,7153.8095703125,8278.8349609375,8321.9541015625,8192.5966796875,8192.5966796875,3313764
2017-12-15,7116.55029296875,8235.7158203125,8375.8525390625,8235.7158203125,8278.8349609375,3426012
2017-12-18,7265.587890625,8408.19140625,8472.8701171875,8278.8349609375,8300.39453125,5654824
2017-12-19,7302.84716796875,8451.310546875,8505.208984375,8300.39453125,8505.208984375,5801581
2017-12-20,7517.08837890625,8699.244140625,8731.583984375,8451.310546875,8451.310546875,5997319
2017-12-21,7535.71826171875,8720.8037109375,8817.8212890625,8699.244140625,8710.0244140625,7362612
2017-12-22,7526.4033203125,8710.0244140625,8710.0244140625,8591.447265625,8688.46484375,4006917
2017-12-25,7433.25439453125,8602.2265625,8710.0244140625,8580.6669921875,8710.0244140625,4108821
2017-12-26,7414.625,8580.6669921875,8645.345703125,8559.1083984375,8623.7861328125,3256295
2017-12-27,7433.25439453125,8602.2265625,8688.46484375,8602.2265625,8623.7861328125,5085469
2017-12-28,7545.033203125,8731.583984375,8796.26171875,8666.9052734375,8666.9052734375,6198483
2017-12-29,7638.181640625,8839.380859375,8904.0595703125,8753.1435546875,8796.26171875,9895606
2018-01-01,7638.181640625,8839.380859375,8839.380859375,8839.380859375,8839.380859375,0
2018-01-02,8066.66650390625,9335.2490234375,9453.826171875,8850.1611328125,8850.1611328125,32343240
2018-01-03,8075.98046875,9346.0283203125,9572.4033203125,9313.689453125,9464.60546875,11102269
2018-01-04,8364.740234375,9680.2001953125,9701.759765625,9346.0283203125,9356.80859375,14507409
2018-01-05,8271.591796875,9572.4033203125,9680.2001953125,9378.3681640625,9680.2001953125,12111988
2018-01-08,8653.5009765625,10014.3720703125,10025.1513671875,9486.1650390625,9572.4033203125,12794982
2018-01-09,8923.6328125,10326.984375,10337.763671875,9701.759765625,10132.94921875,22326202
2018-01-10,8942.2626953125,10348.5439453125,10467.12109375,10219.1865234375,10359.3232421875,19450342
2018-01-11,9081.9833984375,10510.2392578125,10510.2392578125,10186.84765625,10208.4072265625,13167070
2018-01-12,8774.59375,10154.5087890625,10564.138671875,10089.830078125,10564.138671875,27989515
2018-01-15,8942.2626953125,10348.5439453125,10434.78125,10111.3896484375,10176.068359375,13215030
2018-01-16,8849.11328125,10240.74609375,10337.763671875,10046.7109375,10305.4248046875,19590930
2018-01-17,8849.11328125,10240.74609375,10240.74609375,10240.74609375,10240.74609375,0
2018-01-18,8942.2626953125,10348.5439453125,10348.5439453125,10025.1513671875,10089.830078125,14443446
2018-01-19,8979.521484375,10391.662109375,10801.2919921875,10348.5439453125,10348.5439453125,38269964
2018-01-22,8979.521484375,10391.662109375,10391.662109375,10391.662109375,10391.662109375,0
2018-01-23,8979.521484375,10391.662109375,10391.662109375,10391.662109375,10391.662109375,0
2018-01-24,8979.521484375,10391.662109375,10391.662109375,10391.662109375,10391.662109375,0
2018-01-25,9761.9697265625,11297.16015625,11340.279296875,10693.4951171875,10779.7333984375,53262126
2018-01-26,9687.4501953125,11210.921875,11512.7548828125,11167.8037109375,11318.7197265625,25130538
2018-01-29,9706.080078125,11232.4814453125,11642.111328125,11189.36328125,11340.279296875,23199647
2018-01-30,9855.1162109375,11404.95703125,11404.95703125,10952.208984375,11124.6845703125,24395409
2018-01-31,9929.63671875,11491.1953125,11663.6708984375,11404.95703125,11426.5166015625,16426891
2018-02-01,9724.708984375,11254.041015625,11534.314453125,11167.8037109375,11534.314453125,12971517
2018-02-02,10097.3037109375,11685.23046875,11685.23046875,11167.8037109375,11275.6005859375,13285765
2018-02-05,9594.3017578125,11103.125,11663.6708984375,10952.208984375,11555.8740234375,18857749
2018-02-06,9203.078125,10650.3759765625,11103.125,10326.984375,10326.984375,37449814
2018-02-07,9761.9697265625,11297.16015625,11383.3984375,11081.5654296875,11210.921875,27150486
2018-02-08,9687.4501953125,11210.921875,11340.279296875,11103.125,11232.4814453125,10745813
2018-02-09,9780.599609375,11318.7197265625,11404.95703125,10564.138671875,10564.138671875,18550227
2018-02-12,10283.6005859375,11900.8251953125,11900.8251953125,11426.5166015625,11491.1953125,29498365
2018-02-13,10525.7880859375,12181.0986328125,12267.3359375,11965.50390625,12267.3359375,11114932
2018-02-14,10525.7880859375,12181.0986328125,12181.0986328125,12181.0986328125,12181.0986328125,0
2018-02-15,10525.7880859375,12181.0986328125,12181.0986328125,12181.0986328125,12181.0986328125,0
2018-02-16,10525.7880859375,12181.0986328125,12181.0986328125,12181.0986328125,12181.0986328125,0
2018-02-19,10525.7880859375,12181.0986328125,12181.0986328125,12181.0986328125,12181.0986328125,0
2018-02-20,10525.7880859375,12181.0986328125,12181.0986328125,12181.0986328125,12181.0986328125,0
2018-02-21,10879.751953125,12590.728515625,12741.64453125,12332.0146484375,12396.693359375,16100723
2018-02-22,10637.564453125,12310.455078125,12655.40625,12181.0986328125,12504.490234375,19322510
2018-02-23,10898.3818359375,12612.287109375,12612.287109375,12245.7763671875,12375.1337890625,14095664
2018-02-26,10786.6025390625,12482.9306640625,12784.763671875,12461.37109375,12720.0849609375,20150545
2018-02-27,10972.9013671875,12698.525390625,12763.2041015625,12461.37109375,12590.728515625,15141005
2018-02-28,11103.3076171875,12849.44140625,13021.9169921875,12590.728515625,12698.525390625,15459102
2018-03-01,11028.7900390625,12763.2041015625,12914.1201171875,12633.8466796875,12720.0849609375,10903841
2018-03-02,11531.7919921875,13345.3095703125,13366.869140625,12569.1689453125,12612.287109375,26494580
2018-03-05,10898.3818359375,12612.287109375,13604.0234375,12612.287109375,13474.666015625,16323270
2018-03-06,11513.1611328125,13323.75,13323.75,12784.763671875,12957.2392578125,18708209
2018-03-07,11550.421875,13366.869140625,13690.2607421875,13129.71484375,13668.701171875,23581196
2018-03-08,12127.943359375,14035.2119140625,14035.2119140625,13366.869140625,13474.666015625,25187265
2018-03-09,11904.3857421875,13776.4990234375,14229.2470703125,13582.4638671875,14229.2470703125,39982715
2018-03-12,11718.0888671875,13560.904296875,13798.05859375,13323.75,13776.4990234375,34892237
2018-03-13,11960.2744140625,13841.1767578125,13841.1767578125,13280.630859375,13539.3447265625,19242127
2018-03-14,12016.1640625,13905.85546875,14035.2119140625,13690.2607421875,13905.85546875,13387344
2018-03-15,11885.7568359375,13754.939453125,13905.85546875,13625.58203125,13776.4990234375,13644261
2018-03-16,11978.904296875,13862.736328125,13992.09375,13582.4638671875,13776.4990234375,20154348
2018-03-19,11811.2373046875,13668.701171875,14078.3310546875,13647.1416015625,13992.09375,15315360
2018-03-20,12183.8310546875,14099.890625,14293.92578125,13711.8203125,13733.3798828125,31410471
2018-03-21,12109.314453125,14013.6533203125,14337.044921875,13970.5341796875,14229.2470703125,10988491
2018-03-22,12146.572265625,14056.771484375,14229.2470703125,13819.6181640625,14056.771484375,14956168
2018-03-23,11867.1259765625,13733.3798828125,13905.85546875,13604.0234375,13625.58203125,19009051
2018-03-26,11978.904296875,13862.736328125,13992.09375,13647.1416015625,13647.1416015625,13811984
2018-03-27,12090.6826171875,13992.09375,14229.2470703125,13927.4150390625,14013.6533203125,16387604
2018-03-28,12090.6826171875,13992.09375,14035.2119140625,13819.6181640625,13819.6181640625,8603088
2018-03-29,12146.572265625,14056.771484375,14207.6884765625,13992.09375,13992.09375,15874326
2018-03-30,12016.1640625,13905.85546875,14099.890625,13884.2958984375,14056.771484375,9536646
2018-04-02,12668.2041015625,14660.4365234375,14725.115234375,13862.736328125,13905.85546875,45812359
2018-04-03,12724.0927734375,14725.115234375,14854.4716796875,14595.7587890625,14660.4365234375,14141769
2018-04-04,12686.8330078125,14681.99609375,14876.03125,14617.318359375,14768.234375,9403294
2018-04-05,12575.0556640625,14552.6396484375,14703.5556640625,14401.7236328125,14703.5556640625,17431786
2018-04-06,12686.8330078125,14681.99609375,14746.6748046875,14509.5205078125,14574.19921875,16251237
2018-04-09,12910.3896484375,14940.7099609375,15026.9482421875,14617.318359375,14660.4365234375,16717018
2018-04-10,12724.0927734375,14725.115234375,15091.6259765625,14574.19921875,14983.8291015625,15276769
2018-04-11,12314.23828125,14250.806640625,14811.353515625,14121.4501953125,14725.115234375,21835837
2018-04-12,12370.12890625,14315.4853515625,14337.044921875,14035.2119140625,14229.2470703125,11887771
2018-04-13,11941.646484375,13819.6181640625,14444.841796875,13819.6181640625,14401.7236328125,15483639
2018-04-16,11904.3857421875,13776.4990234375,14078.3310546875,13560.904296875,13819.6181640625,14367795
2018-04-17,12127.943359375,14035.2119140625,14035.2119140625,13754.939453125,13841.1767578125,8402109
2018-04-18,11885.7568359375,13754.939453125,14143.009765625,13754.939453125,14143.009765625,8162215
2018-04-19,11326.865234375,13108.1552734375,13733.3798828125,13108.1552734375,13711.8203125,17120739
2018-04-20,11401.384765625,13194.3935546875,13215.9521484375,12720.0849609375,13108.1552734375,16386444
2018-04-23,10618.9365234375,12288.8955078125,13323.75,12288.8955078125,13323.75,44018622
2018-04-24,10618.9365234375,12288.8955078125,12482.9306640625,11555.8740234375,11857.7060546875,17842649
2018-04-25,10618.9365234375,12288.8955078125,12288.8955078125,12288.8955078125,12288.8955078125,0
2018-04-26,9892.376953125,11448.076171875,12310.455078125,11448.076171875,12245.7763671875,15844177
2018-04-27,9966.8955078125,11534.314453125,11836.146484375,10715.0546875,11124.6845703125,20398000
2018-04-30,9966.8955078125,11534.314453125,11534.314453125,11534.314453125,11534.314453125,0
2018-05-01,9966.8955078125,11534.314453125,11534.314453125,11534.314453125,11534.314453125,0
2018-05-02,9557.0419921875,11060.005859375,11814.5869140625,10930.6494140625,11534.314453125,13710914
2018-05-03,9631.5615234375,11146.244140625,11210.921875,10477.900390625,10887.5302734375,17611846
2018-05-04,9761.9697265625,11297.16015625,11534.314453125,11189.36328125,11318.7197265625,12540895
2018-05-07,10414.0087890625,12051.7412109375,12051.7412109375,11361.8388671875,11426.5166015625,8751608
2018-05-08,10153.193359375,11749.9091796875,12073.30078125,11749.9091796875,12008.6220703125,11595649
2018-05-09,9892.376953125,11448.076171875,11900.8251953125,11448.076171875,11663.6708984375,7299438
2018-05-10,9314.8564453125,10779.7333984375,11577.43359375,10779.7333984375,11448.076171875,11979192
2018-05-11,9631.5615234375,11146.244140625,11210.921875,10542.5791015625,10693.4951171875,12693171
2018-05-14,9296.2275390625,10758.173828125,11275.6005859375,10370.103515625,11275.6005859375,39356633
2018-05-15,9352.115234375,10822.8515625,10995.328125,10564.138671875,10779.7333984375,14773232
2018-05-16,8998.150390625,10413.2216796875,10844.4111328125,10413.2216796875,10736.6142578125,10321545
2018-05-17,8532.408203125,9874.2353515625,10413.2216796875,9712.5390625,10413.2216796875,23759308
2018-05-18,8672.130859375,10035.931640625,10348.5439453125,9701.759765625,10025.1513671875,11578858
2018-05-21,8755.96484375,10132.94921875,10370.103515625,10025.1513671875,10197.626953125,9134363
2018-05-22,8383.37109375,9701.759765625,10132.94921875,9486.1650390625,10132.94921875,12305499
2018-05-23,8402.0,9723.3193359375,9809.556640625,9313.689453125,9701.759765625,12070196
2018-05-24,8215.703125,9507.724609375,9809.556640625,9410.70703125,9809.556640625,8533189
2018-05-25,7768.59033203125,8990.296875,9529.2841796875,8947.1787109375,9486.1650390625,13475148
2018-05-28,7228.32861328125,8365.0732421875,8882.5,8365.0732421875,8839.380859375,12522805
2018-05-29,7731.3310546875,8947.1787109375,8947.1787109375,8020.12109375,8214.15625,35747545
2018-05-30,8048.03515625,9313.689453125,9572.4033203125,8947.1787109375,9054.9755859375,22461085
2018-05-31,8383.37109375,9701.759765625,9744.87890625,9205.8916015625,9227.451171875,10838533
2018-06-01,8569.6689453125,9917.3544921875,10068.2705078125,9507.724609375,9593.9619140625,17510730
2018-06-04,9165.818359375,10607.2568359375,10607.2568359375,10003.591796875,10003.591796875,18044927
2018-06-05,9203.078125,10650.3759765625,11146.244140625,10564.138671875,10909.08984375,21234013
2018-06-06,9212.392578125,10661.15625,10758.173828125,10456.3408203125,10650.3759765625,9480012
2018-06-07,9221.70703125,10671.935546875,10693.4951171875,10445.5615234375,10693.4951171875,9730574
2018-06-08,9650.19140625,11167.8037109375,11167.8037109375,10564.138671875,10564.138671875,18948614
2018-06-11,9911.005859375,11469.6357421875,11749.9091796875,11103.125,11189.36328125,13628909
2018-06-12,9780.599609375,11318.7197265625,11426.5166015625,10736.6142578125,11426.5166015625,20696106
2018-06-13,9761.9697265625,11297.16015625,11469.6357421875,11124.6845703125,11124.6845703125,11461183
2018-06-14,9314.8564453125,10779.7333984375,11275.6005859375,10779.7333984375,11254.041015625,11804513
2018-06-15,9221.70703125,10671.935546875,10909.08984375,10628.81640625,10779.7333984375,17057565
2018-06-18,9134.25,10570.724609375,11303.349609375,10431.177734375,11268.462890625,9183194
2018-06-19,8772.498046875,10152.08203125,10152.08203125,9838.1005859375,10117.1953125,9643367
2018-06-20,9375.41796875,10849.8203125,10849.8203125,10221.8564453125,10466.064453125,16075928
2018-06-21,9345.2734375,10814.93359375,11181.2451171875,10780.0458984375,10954.48046875,7875825
2018-06-22,9918.0478515625,11477.7841796875,11477.7841796875,10675.3857421875,10710.2724609375,12192634
2018-06-25,9812.5361328125,11355.6796875,11756.87890625,11285.90625,11512.6708984375,14499777
2018-06-26,9646.7333984375,11163.8017578125,11355.6796875,11024.2548828125,11163.8017578125,7699369
2018-06-27,9224.689453125,10675.3857421875,11303.349609375,10605.6123046875,11163.8017578125,10979112
2018-06-28,8893.0810546875,10291.6298828125,10692.8291015625,10186.9697265625,10361.4033203125,15408055
2018-06-29,8651.9150390625,10012.53515625,10466.064453125,9977.6484375,10291.6298828125,11083335
2018-07-02,8350.453125,9663.666015625,9977.6484375,9419.4580078125,9768.3271484375,11388722
2018-07-03,7777.6787109375,9000.8154296875,9872.9873046875,9000.8154296875,9663.666015625,9707029
2018-07-04,7958.55517578125,9210.13671875,9210.13671875,8651.9462890625,9000.8154296875,5971499
2018-07-05,7596.80322265625,8791.494140625,9349.6845703125,8669.3896484375,9210.13671875,5695522
2018-07-06,8124.3583984375,9402.0146484375,9402.0146484375,8547.2861328125,8791.494140625,11436390
2018-07-09,8169.57763671875,9454.3447265625,9803.2138671875,9419.4580078125,9593.892578125,6046628
2018-07-10,8380.599609375,9698.552734375,9820.6572265625,9489.2314453125,9593.892578125,6449215
2018-07-11,7807.82421875,9035.7021484375,9454.3447265625,9035.7021484375,9419.4580078125,15292539
2018-07-12,7943.48193359375,9192.693359375,9454.3447265625,8896.154296875,9035.7021484375,5863321
2018-07-13,8260.0166015625,9559.005859375,9593.892578125,9314.796875,9314.796875,7337543
2018-07-16,8320.306640625,9628.779296875,9750.8828125,9471.7880859375,9593.892578125,7000253
2018-07-17,8878.0087890625,10274.1865234375,10291.6298828125,9541.5615234375,9628.779296875,25005932
2018-07-18,9058.8857421875,10483.5078125,10640.4990234375,10343.9599609375,10343.9599609375,17472327
2018-07-19,8953.375,10361.4033203125,10605.6123046875,10361.4033203125,10483.5078125,15546101
2018-07-20,8893.0810546875,10291.6298828125,10361.4033203125,9698.552734375,10256.7431640625,36844881
2018-07-23,8290.162109375,9593.892578125,10082.30859375,9593.892578125,9977.6484375,24229337
2018-07-24,8290.162109375,9593.892578125,9593.892578125,9593.892578125,9593.892578125,0
2018-07-25,7928.40966796875,9175.25,9576.44921875,9175.25,9419.4580078125,9239461
2018-07-26,7898.2626953125,9140.36328125,9314.796875,9000.8154296875,9314.796875,7553670
2018-07-27,7958.55517578125,9210.13671875,9349.6845703125,8791.494140625,9140.36328125,18402906
2018-07-30,8229.8681640625,9524.1181640625,9681.109375,9384.5712890625,9419.4580078125,10767084
2018-07-31,8169.57763671875,9454.3447265625,9611.3359375,9384.5712890625,9471.7880859375,10781903
2018-08-01,8079.14013671875,9349.6845703125,9541.5615234375,9245.0234375,9419.4580078125,11265438
2018-08-02,8003.7734375,9262.466796875,9314.796875,9000.8154296875,9210.13671875,12807679
2018-08-03,8018.84716796875,9279.91015625,9419.4580078125,9279.91015625,9419.4580078125,8674378
2018-08-06,7883.189453125,9122.9189453125,9314.796875,9088.0322265625,9279.91015625,7699828
2018-08-07,7883.189453125,9122.9189453125,9297.353515625,9053.1455078125,9088.0322265625,7947428
2018-08-08,8018.84716796875,9279.91015625,9279.91015625,9140.36328125,9192.693359375,10205584
2018-08-09,8109.28515625,9384.5712890625,9576.44921875,9349.6845703125,9384.5712890625,20969515
2018-08-10,8079.14013671875,9349.6845703125,9402.0146484375,9210.13671875,9384.5712890625,6965340
2018-08-13,8184.64990234375,9471.7880859375,9559.005859375,9245.0234375,9314.796875,22574875
2018-08-14,8199.7236328125,9489.2314453125,9715.99609375,9489.2314453125,9593.892578125,27672178
2018-08-15,7988.70068359375,9245.0234375,9593.892578125,9245.0234375,9541.5615234375,16154869
2018-08-16,7988.70068359375,9245.0234375,9279.91015625,9070.5888671875,9175.25,12727735
2018-08-17,7837.97119140625,9070.5888671875,9349.6845703125,9070.5888671875,9314.796875,11483141
2018-08-20,7506.36376953125,8686.8330078125,9140.36328125,8599.6162109375,9053.1455078125,29923081
2018-08-21,7687.240234375,8896.154296875,8913.59765625,8651.9462890625,8686.8330078125,11025691
2018-08-22,7687.240234375,8896.154296875,9035.7021484375,8878.7109375,8965.9287109375,8562359
2018-08-23,7657.09375,8861.267578125,8913.59765625,8774.05078125,8896.154296875,8647204
2018-08-24,7551.583984375,8739.1640625,8861.267578125,8721.720703125,8808.9375,10713167
2018-08-27,7626.94775390625,8826.380859375,8896.154296875,8721.720703125,8756.607421875,11734955
2018-08-28,7672.16748046875,8878.7109375,8983.3720703125,8843.82421875,8896.154296875,10781445
2018-08-29,7611.875,8808.9375,8896.154296875,8791.494140625,8878.7109375,7006501
2018-08-30,7687.240234375,8896.154296875,8896.154296875,8756.607421875,8808.9375,8587640
2018-08-31,7807.82421875,9035.7021484375,9210.13671875,8896.154296875,8896.154296875,26924418
2018-09-03,7807.82421875,9035.7021484375,9035.7021484375,9035.7021484375,9035.7021484375,0
2018-09-04,7747.53271484375,8965.9287109375,9245.0234375,8965.9287109375,9035.7021484375,13459529
2018-09-05,7642.02197265625,8843.82421875,9018.2587890625,8756.607421875,8965.9287109375,8708087
2018-09-06,7415.92626953125,8582.1728515625,8896.154296875,8547.2861328125,8826.380859375,18643426
2018-09-07,7536.5107421875,8721.720703125,8721.720703125,8512.3994140625,8547.2861328125,10988342
2018-09-10,7355.634765625,8512.3994140625,8721.720703125,8512.3994140625,8721.720703125,9219052
2018-09-11,7446.072265625,8617.0595703125,8651.9462890625,8494.955078125,8529.8427734375,6038258
2018-09-12,7385.7802734375,8547.2861328125,8739.1640625,8547.2861328125,8651.9462890625,7971592
2018-09-13,7325.4873046875,8477.51171875,8617.0595703125,8460.068359375,8547.2861328125,8562645
2018-09-14,7340.56103515625,8494.955078125,8617.0595703125,8477.51171875,8547.2861328125,8207612
2018-09-17,7355.634765625,8512.3994140625,8686.8330078125,8477.51171875,8512.3994140625,8139105
2018-09-18,7370.70703125,8529.8427734375,8547.2861328125,8425.181640625,8529.8427734375,7576057
2018-09-19,7521.43701171875,8704.2763671875,8861.267578125,8512.3994140625,8582.1728515625,21743531
2018-09-20,7777.6787109375,9000.8154296875,9000.8154296875,8756.607421875,8756.607421875,16381086
2018-09-21,7928.40966796875,9175.25,9227.580078125,9000.8154296875,9070.5888671875,28011159
2018-09-24,7822.8974609375,9053.1455078125,9227.580078125,9035.7021484375,9210.13671875,13814677
2018-09-25,7807.82421875,9035.7021484375,9140.36328125,8965.9287109375,9035.7021484375,12326467
2018-09-26,7837.97119140625,9070.5888671875,9210.13671875,9035.7021484375,9035.7021484375,11710648
2018-09-27,7913.3359375,9157.806640625,9245.0234375,9088.0322265625,9088.0322265625,9242041
2018-09-28,8079.14013671875,9349.6845703125,9471.7880859375,9332.240234375,9332.240234375,23226782
2018-10-01,7958.55517578125,9210.13671875,9402.0146484375,9175.25,9402.0146484375,14189259
2018-10-02,7898.2626953125,9140.36328125,9279.91015625,9122.9189453125,9210.13671875,9925564
2018-10-03,7868.11572265625,9105.4755859375,9227.580078125,9035.7021484375,9140.36328125,9919144
2018-10-04,7943.48193359375,9192.693359375,9245.0234375,9105.4755859375,9140.36328125,11922848
2018-10-05,7762.60595703125,8983.3720703125,9262.466796875,8983.3720703125,9210.13671875,15949347
2018-10-08,7626.94775390625,8826.380859375,8983.3720703125,8826.380859375,8948.4853515625,12956159
2018-10-09,7596.80322265625,8791.494140625,8896.154296875,8756.607421875,8826.380859375,9209221
2018-10-10,7536.5107421875,8721.720703125,8843.82421875,8634.5029296875,8826.380859375,11834649
2018-10-11,7008.95458984375,8111.19970703125,8407.73828125,8111.19970703125,8233.3037109375,33891421
2018-10-12,7310.4150390625,8460.068359375,8477.51171875,8111.19970703125,8180.9736328125,24304580
2018-10-15,7144.611328125,8268.1904296875,8477.51171875,8233.3037109375,8477.51171875,7450164
2018-10-16,7204.904296875,8337.96484375,8337.96484375,8215.8603515625,8268.1904296875,7960098
2018-10-17,7235.05029296875,8372.8515625,8460.068359375,8303.078125,8460.068359375,11680637
2018-10-18,7174.75830078125,8303.078125,8355.408203125,8233.3037109375,8337.96484375,5584506
2018-10-19,7204.904296875,8337.96484375,8337.96484375,8076.31298828125,8198.4169921875,9390664
2018-10-22,7008.95458984375,8111.19970703125,8460.068359375,8111.19970703125,8355.408203125,7657950
2018-10-23,6873.29736328125,7954.208984375,8058.86962890625,7553.009765625,8058.86962890625,21010419
2018-10-24,6677.3486328125,7727.4443359375,7954.208984375,7710.00048828125,7849.54833984375,8484134
2018-10-25,6511.544921875,7535.56640625,7535.56640625,7186.697265625,7291.35791015625,16382719
2018-10-26,6345.74169921875,7343.6884765625,7622.78369140625,7239.02783203125,7535.56640625,10168521
2018-10-29,6149.79248046875,7116.923828125,7343.6884765625,6977.3759765625,7343.6884765625,15417457
2018-10-30,6134.7197265625,7099.48046875,7151.810546875,7012.26318359375,7012.26318359375,10176719
2018-10-31,6451.25244140625,7465.79248046875,7465.79248046875,7204.14111328125,7239.02783203125,8422077
2018-11-01,6179.9384765625,7151.810546875,7500.67919921875,7134.3671875,7465.79248046875,8112562
2018-11-02,6330.6689453125,7326.2451171875,7448.34912109375,7221.58447265625,7308.8017578125,7393094
2018-11-05,6390.96044921875,7396.0185546875,7413.46240234375,7186.697265625,7256.47119140625,6030834
2018-11-06,6315.595703125,7308.8017578125,7430.90576171875,7291.35791015625,7413.46240234375,4676141
2018-11-07,6225.1572265625,7204.14111328125,7361.1318359375,7151.810546875,7343.6884765625,7823227
2018-11-08,6240.23095703125,7221.58447265625,7361.1318359375,7221.58447265625,7326.2451171875,6552262
2018-11-09,6134.7197265625,7099.48046875,7343.6884765625,7099.48046875,7204.14111328125,6340492
2018-11-12,6164.865234375,7134.3671875,7151.810546875,6959.9326171875,7082.03662109375,16743313
2018-11-13,6089.50048828125,7047.14990234375,7064.59326171875,6977.3759765625,7047.14990234375,9220056
2018-11-14,5983.9892578125,6925.0458984375,7064.59326171875,6837.82861328125,7029.70654296875,11167206
2018-11-15,5727.74755859375,6628.50732421875,6942.4892578125,6576.17724609375,6890.1591796875,9372950
2018-11-16,6119.64599609375,7082.03662109375,7082.03662109375,6663.39404296875,6663.39404296875,15266369
2018-11-19,6541.69091796875,7570.453125,7570.453125,7326.2451171875,7570.453125,19219717
2018-11-20,6571.83642578125,7605.33984375,7744.8876953125,7483.23583984375,7500.67919921875,13471195
2018-11-21,6571.83642578125,7605.33984375,7640.22705078125,7361.1318359375,7430.90576171875,9828852
2018-11-22,6767.78662109375,7832.10498046875,7901.87841796875,7535.56640625,7675.11376953125,14344188
2018-11-23,6617.05615234375,7657.67041015625,7832.10498046875,7622.78369140625,7744.8876953125,5081709
2018-11-26,6511.544921875,7535.56640625,7570.453125,7465.79248046875,7570.453125,5028107
2018-11-27,6330.6689453125,7326.2451171875,7587.896484375,7256.47119140625,7535.56640625,8421618
2018-11-28,6330.6689453125,7326.2451171875,7326.2451171875,7169.25390625,7326.2451171875,7041042
2018-11-29,6270.37646484375,7256.47119140625,7500.67919921875,7256.47119140625,7413.46240234375,4655847
2018-11-30,6270.37646484375,7256.47119140625,7326.2451171875,7169.25390625,7221.58447265625,3827541
2018-12-03,6647.2021484375,7692.55712890625,7692.55712890625,7396.0185546875,7396.0185546875,11129943
2018-12-04,6752.712890625,7814.6611328125,7884.43505859375,7622.78369140625,7692.55712890625,15276172
2018-12-05,6782.859375,7849.54833984375,7849.54833984375,7640.22705078125,7675.11376953125,12697810
2018-12-06,6752.712890625,7814.6611328125,7814.6611328125,7657.67041015625,7779.7744140625,9558206
2018-12-07,6843.1513671875,7919.32177734375,8023.982421875,7814.6611328125,7814.6611328125,12251654
2018-12-10,6828.078125,7901.87841796875,7936.765625,7797.2177734375,7884.43505859375,10471730
2018-12-11,6782.859375,7849.54833984375,7919.32177734375,7710.00048828125,7884.43505859375,10528427
2018-12-12,6782.859375,7849.54833984375,7849.54833984375,7849.54833984375,7849.54833984375,0
2018-12-13,6767.78662109375,7832.10498046875,7919.32177734375,7814.6611328125,7866.99169921875,9851038
2018-12-14,6571.83642578125,7605.33984375,7832.10498046875,7605.33984375,7832.10498046875,10406175
2018-12-17,6330.6689453125,7326.2451171875,7570.453125,7256.47119140625,7570.453125,12590606
2018-12-18,6240.23095703125,7221.58447265625,7326.2451171875,7047.14990234375,7151.810546875,13433875
2018-12-19,6240.23095703125,7221.58447265625,7291.35791015625,7047.14990234375,7221.58447265625,7981596
2018-12-20,6119.64599609375,7082.03662109375,7239.02783203125,7082.03662109375,7134.3671875,7144204
2018-12-21,6240.23095703125,7221.58447265625,7221.58447265625,6994.81982421875,7012.26318359375,9456649
2018-12-24,6134.7197265625,7099.48046875,7291.35791015625,7099.48046875,7221.58447265625,2179472
2018-12-25,5908.6240234375,6837.82861328125,6977.3759765625,6733.16796875,6977.3759765625,6348059
2018-12-26,5878.47802734375,6802.94189453125,6959.9326171875,6802.94189453125,6907.6025390625,3130546
2018-12-27,5983.9892578125,6925.0458984375,7116.923828125,6872.71533203125,7116.923828125,3533333
2018-12-28,5983.9892578125,6925.0458984375,6925.0458984375,6925.0458984375,6925.0458984375,0
2018-12-31,5983.9892578125,6925.0458984375,6925.0458984375,6925.0458984375,6925.0458984375,0
2019-01-01,5983.9892578125,6925.0458984375,6925.0458984375,6925.0458984375,6925.0458984375,0
2019-01-02,5848.33203125,6768.0546875,6959.9326171875,6768.0546875,6959.9326171875,2973667
2019-01-03,5727.74755859375,6628.50732421875,6837.82861328125,6523.8466796875,6768.0546875,8653195
2019-01-04,5712.6748046875,6611.06396484375,6680.837890625,6401.74267578125,6593.62060546875,5527034
2019-01-07,5803.11328125,6715.724609375,6837.82861328125,6680.837890625,6733.16796875,4716271
2019-01-08,5772.966796875,6680.837890625,6733.16796875,6611.06396484375,6680.837890625,2392991
2019-01-09,5772.966796875,6680.837890625,6820.38525390625,6680.837890625,6698.28125,5812184
2019-01-10,5788.0400390625,6698.28125,6785.49853515625,6680.837890625,6698.28125,2834016
2019-01-11,5757.8935546875,6663.39404296875,6768.0546875,6645.95068359375,6733.16796875,3319471
2019-01-14,5742.82080078125,6645.95068359375,6698.28125,6576.17724609375,6663.39404296875,3295422
2019-01-15,5803.11328125,6715.724609375,6750.611328125,6628.50732421875,6645.95068359375,3350256
2019-01-16,5983.9892578125,6925.0458984375,6959.9326171875,6733.16796875,6733.16796875,11359456
2019-01-17,5727.74755859375,6628.50732421875,6942.4892578125,6628.50732421875,6907.6025390625,4069896
2019-01-18,5803.11328125,6715.724609375,6802.94189453125,6680.837890625,6733.16796875,4793922
2019-01-21,6029.2080078125,6977.3759765625,7047.14990234375,6733.16796875,6733.16796875,7256022
2019-01-22,5923.69677734375,6855.27197265625,7099.48046875,6855.27197265625,6977.3759765625,6543921
2019-01-23,5999.0625,6942.4892578125,6959.9326171875,6820.38525390625,6820.38525390625,4051264
2019-01-24,6089.50048828125,7047.14990234375,7047.14990234375,6872.71533203125,6942.4892578125,5900498
2019-01-25,6044.28173828125,6994.81982421875,7082.03662109375,6942.4892578125,7012.26318359375,3878936
2019-01-28,5938.77001953125,6872.71533203125,7029.70654296875,6802.94189453125,6994.81982421875,4058201
2019-01-29,6029.2080078125,6977.3759765625,6977.3759765625,6785.49853515625,6872.71533203125,4594592
2019-01-30,5999.0625,6942.4892578125,7029.70654296875,6925.0458984375,6994.81982421875,3703942
2019-01-31,6089.50048828125,7047.14990234375,7099.48046875,6994.81982421875,6994.81982421875,6836982
2019-02-01,6044.28173828125,6994.81982421875,7082.03662109375,6907.6025390625,7047.14990234375,9209135
2019-02-04,6044.28173828125,6994.81982421875,6994.81982421875,6994.81982421875,6994.81982421875,0
2019-02-05,6044.28173828125,6994.81982421875,6994.81982421875,6994.81982421875,6994.81982421875,0
2019-02-06,6044.28173828125,6994.81982421875,6994.81982421875,6994.81982421875,6994.81982421875,0
2019-02-07,6044.28173828125,6994.81982421875,6994.81982421875,6994.81982421875,6994.81982421875,0
2019-02-08,6044.28173828125,6994.81982421875,6994.81982421875,6994.81982421875,6994.81982421875,0
2019-02-11,6390.96044921875,7396.0185546875,7396.0185546875,7029.70654296875,7064.59326171875,9138965
2019-02-12,6436.1796875,7448.34912109375,7518.123046875,7378.5751953125,7465.79248046875,11410077
2019-02-13,6481.39892578125,7500.67919921875,7570.453125,7448.34912109375,7465.79248046875,9862188
2019-02-14,6406.0341796875,7413.46240234375,7518.123046875,7396.0185546875,7500.67919921875,6592707
2019-02-15,6406.0341796875,7413.46240234375,7500.67919921875,7291.35791015625,7396.0185546875,8079856
2019-02-18,6406.0341796875,7413.46240234375,7413.46240234375,7413.46240234375,7413.46240234375,0
2019-02-19,6390.96044921875,7396.0185546875,7605.33984375,7396.0185546875,7570.453125,8594061
2019-02-20,6390.96044921875,7396.0185546875,7396.0185546875,7396.0185546875,7396.0185546875,0
2019-02-21,6451.25244140625,7465.79248046875,7465.79248046875,7291.35791015625,7430.90576171875,7312462
2019-02-22,6436.1796875,7448.34912109375,7553.009765625,7361.1318359375,7378.5751953125,7914293
2019-02-25,6481.39892578125,7500.67919921875,7605.33984375,7483.23583984375,7570.453125,7178113
2019-02-26,6421.10693359375,7430.90576171875,7553.009765625,7361.1318359375,7465.79248046875,8269211
2019-02-27,6390.96044921875,7396.0185546875,7448.34912109375,7361.1318359375,7396.0185546875,4603908
2019-02-28,6240.23095703125,7221.58447265625,7396.0185546875,7186.697265625,7396.0185546875,7945393
2019-03-01,6300.5224609375,7291.35791015625,7291.35791015625,7186.697265625,7221.58447265625,6300305
2019-03-04,6451.25244140625,7465.79248046875,7535.56640625,7291.35791015625,7291.35791015625,8853270
2019-03-05,6451.25244140625,7465.79248046875,7570.453125,7413.46240234375,7448.34912109375,10397490
2019-03-06,6421.10693359375,7430.90576171875,7483.23583984375,7378.5751953125,7465.79248046875,4040458
2019-03-07,6421.10693359375,7430.90576171875,7518.123046875,7396.0185546875,7430.90576171875,7686471
2019-03-08,6345.74169921875,7343.6884765625,7413.46240234375,7291.35791015625,7361.1318359375,7952559
2019-03-11,6360.81494140625,7361.1318359375,7396.0185546875,7308.8017578125,7343.6884765625,2291979
2019-03-12,6481.39892578125,7500.67919921875,7500.67919921875,7308.8017578125,7396.0185546875,7341814
2019-03-13,6632.12841796875,7675.11376953125,7710.00048828125,7570.453125,7587.896484375,12921504
2019-03-14,6541.69091796875,7570.453125,7675.11376953125,7570.453125,7657.67041015625,4702627
2019-03-15,6571.83642578125,7605.33984375,7605.33984375,7518.123046875,7570.453125,4932140
2019-03-18,6782.859375,7849.54833984375,7849.54833984375,7622.78369140625,7640.22705078125,12842649
2019-03-19,6601.9833984375,7640.22705078125,7849.54833984375,7622.78369140625,7849.54833984375,4841361
2019-03-20,6556.76416015625,7587.896484375,7640.22705078125,7500.67919921875,7622.78369140625,6222195
2019-03-21,6330.6689453125,7326.2451171875,7622.78369140625,7326.2451171875,7587.896484375,9053775
2019-03-22,6330.6689453125,7326.2451171875,7413.46240234375,7273.91455078125,7413.46240234375,7146669
2019-03-25,6089.50048828125,7047.14990234375,7186.697265625,6977.3759765625,7064.59326171875,9742229
2019-03-26,6089.50048828125,7047.14990234375,7151.810546875,7047.14990234375,7082.03662109375,4706353
2019-03-27,6240.23095703125,7221.58447265625,7221.58447265625,7029.70654296875,7082.03662109375,5916837
2019-03-28,6164.865234375,7134.3671875,7221.58447265625,7116.923828125,7134.3671875,3128740
2019-03-29,6089.50048828125,7047.14990234375,7204.14111328125,7029.70654296875,7186.697265625,7021349
2019-04-01,6104.5732421875,7064.59326171875,7134.3671875,7029.70654296875,7082.03662109375,4372073
2019-04-02,6074.42724609375,7029.70654296875,7151.810546875,7029.70654296875,7134.3671875,4845517
2019-04-03,6014.13525390625,6959.9326171875,7029.70654296875,6890.1591796875,7012.26318359375,9540692
2019-04-04,6029.2080078125,6977.3759765625,7029.70654296875,6942.4892578125,6959.9326171875,2917572
2019-04-05,6044.28173828125,6994.81982421875,7029.70654296875,6942.4892578125,6977.3759765625,5430981
2019-04-08,5983.9892578125,6925.0458984375,7012.26318359375,6837.82861328125,7012.26318359375,4751212
2019-04-09,6014.13525390625,6959.9326171875,7029.70654296875,6925.0458984375,6942.4892578125,5934895
2019-04-10,5983.9892578125,6925.0458984375,6977.3759765625,6785.49853515625,6942.4892578125,6830590
2019-04-11,5923.69677734375,6855.27197265625,6942.4892578125,6837.82861328125,6942.4892578125,2579823
2019-04-12,5863.4052734375,6785.49853515625,6837.82861328125,6768.0546875,6820.38525390625,4974506
2019-04-15,5863.4052734375,6785.49853515625,6785.49853515625,6785.49853515625,6785.49853515625,0
2019-04-16,5772.966796875,6680.837890625,6768.0546875,6576.17724609375,6733.16796875,7629114
2019-04-17,5863.4052734375,6785.49853515625,6837.82861328125,6680.837890625,6698.28125,5937274
2019-04-18,5818.18603515625,6733.16796875,6802.94189453125,6680.837890625,6785.49853515625,3707468
2019-04-19,5848.33203125,6768.0546875,6768.0546875,6680.837890625,6768.0546875,2969339
2019-04-22,5833.2587890625,6750.611328125,6768.0546875,6628.50732421875,6768.0546875,3587509
2019-04-23,5757.8935546875,6663.39404296875,6768.0546875,6645.95068359375,6680.837890625,4414754
2019-04-24,5818.18603515625,6733.16796875,6750.611328125,6645.95068359375,6715.724609375,3837746
2019-04-25,5742.82080078125,6645.95068359375,6733.16796875,6645.95068359375,6733.16796875,2628208
2019-04-26,5742.82080078125,6645.95068359375,6698.28125,6611.06396484375,6645.95068359375,4120546
2019-04-29,5742.82080078125,6645.95068359375,6645.95068359375,6645.95068359375,6645.95068359375,0
2019-04-30,5742.82080078125,6645.95068359375,6645.95068359375,6645.95068359375,6645.95068359375,0
2019-05-01,5742.82080078125,6645.95068359375,6645.95068359375,6645.95068359375,6645.95068359375,0
2019-05-02,5712.6748046875,6611.06396484375,6680.837890625,6541.2900390625,6680.837890625,3143301
2019-05-03,5712.6748046875,6611.06396484375,6611.06396484375,6488.9599609375,6576.17724609375,7002030
2019-05-06,5561.94482421875,6436.62939453125,6541.2900390625,6279.638671875,6523.8466796875,6628451
2019-05-07,5501.65283203125,6366.85595703125,6488.9599609375,6366.85595703125,6454.07275390625,3095146
2019-05-08,5501.65283203125,6366.85595703125,6384.29931640625,6279.638671875,6297.08203125,4487876
2019-05-09,5501.65283203125,6366.85595703125,6419.18603515625,6314.525390625,6331.96875,5235492
2019-05-10,5531.798828125,6401.74267578125,6419.18603515625,6349.412109375,6401.74267578125,4078266
2019-05-13,5546.87158203125,6419.18603515625,6541.2900390625,6384.29931640625,6401.74267578125,3986541
2019-05-14,5577.01708984375,6454.07275390625,6454.07275390625,6366.85595703125,6384.29931640625,4008498
2019-05-15,5697.60205078125,6593.62060546875,6593.62060546875,6454.07275390625,6471.5166015625,5279090
2019-05-16,5697.60205078125,6593.62060546875,6645.95068359375,6541.2900390625,6611.06396484375,5232883
2019-05-17,5682.52880859375,6576.17724609375,6593.62060546875,6506.4033203125,6558.7333984375,2841841
2019-05-20,5667.45556640625,6558.7333984375,6611.06396484375,6506.4033203125,6523.8466796875,4007036
2019-05-21,5727.74755859375,6628.50732421875,6663.39404296875,6576.17724609375,6593.62060546875,5232654
2019-05-22,5757.8935546875,6663.39404296875,6733.16796875,6628.50732421875,6628.50732421875,7019314
2019-05-23,5652.3828125,6541.2900390625,6663.39404296875,6523.8466796875,6593.62060546875,3581604
2019-05-24,5622.236328125,6506.4033203125,6628.50732421875,6471.5166015625,6488.9599609375,3114895
2019-05-27,5652.3828125,6541.2900390625,6541.2900390625,6436.62939453125,6488.9599609375,2729192
2019-05-28,5577.01708984375,6454.07275390625,6593.62060546875,6454.07275390625,6593.62060546875,2903440
2019-05-29,5516.7255859375,6384.29931640625,6488.9599609375,6384.29931640625,6488.9599609375,2627835
2019-05-30,5546.87158203125,6419.18603515625,6436.62939453125,6349.412109375,6384.29931640625,5466295
2019-05-31,5486.5791015625,6349.412109375,6454.07275390625,6349.412109375,6401.74267578125,2768519
2019-06-03,5426.287109375,6279.638671875,6349.412109375,6105.2041015625,6331.96875,5915920
2019-06-04,5426.287109375,6279.638671875,6297.08203125,6140.0908203125,6244.75146484375,5184499
2019-06-05,5381.06787109375,6227.30810546875,6314.525390625,6227.30810546875,6279.638671875,3128711
2019-06-06,5411.21484375,6262.1953125,6262.1953125,6105.2041015625,6140.0908203125,3789332
2019-06-07,5411.21484375,6262.1953125,6314.525390625,6244.75146484375,6279.638671875,4503297
2019-06-10,5456.43359375,6314.525390625,6349.412109375,6174.97802734375,6331.96875,5294454
2019-06-11,5471.5068359375,6331.96875,6349.412109375,6262.1953125,6331.96875,3383220
2019-06-12,5471.5068359375,6331.96875,6349.412109375,6297.08203125,6331.96875,4189913
2019-06-13,5486.5791015625,6349.412109375,6419.18603515625,6297.08203125,6297.08203125,6041841
2019-06-14,5607.1640625,6488.9599609375,6541.2900390625,6349.412109375,6366.85595703125,9206813
2019-06-17,5607.1640625,6488.9599609375,6523.8466796875,6454.07275390625,6488.9599609375,6679014
2019-06-18,5561.94482421875,6436.62939453125,6488.9599609375,6349.412109375,6454.07275390625,7715192
2019-06-19,5592.0908203125,6471.5166015625,6506.4033203125,6349.412109375,6488.9599609375,3704458
2019-06-20,5788.0400390625,6698.28125,6698.28125,6419.18603515625,6419.18603515625,12460385
2019-06-21,5818.18603515625,6733.16796875,6768.0546875,6663.39404296875,6663.39404296875,6644532
2019-06-24,5818.18603515625,6733.16796875,6785.49853515625,6680.837890625,6698.28125,5752018
2019-06-25,5848.33203125,6768.0546875,6785.49853515625,6698.28125,6715.724609375,7461974
2019-06-26,5788.0400390625,6698.28125,6768.0546875,6698.28125,6733.16796875,3458262
2019-06-27,5682.52880859375,6576.17724609375,6698.28125,6541.2900390625,6645.95068359375,7657921
2019-06-28,5697.60205078125,6593.62060546875,6611.06396484375,6436.62939453125,6523.8466796875,5629308
2019-07-01,5848.33203125,6768.0546875,6768.0546875,6576.17724609375,6593.62060546875,4814445
2019-07-02,5818.18603515625,6733.16796875,6837.82861328125,6715.724609375,6750.611328125,4643923
2019-07-03,5788.0400390625,6698.28125,6733.16796875,6628.50732421875,6733.16796875,3827083
2019-07-04,5788.0400390625,6698.28125,6698.28125,6698.28125,6698.28125,0
2019-07-05,5788.0400390625,6698.28125,6698.28125,6698.28125,6698.28125,0
2019-07-08,5788.0400390625,6698.28125,6698.28125,6698.28125,6698.28125,0
2019-07-09,5788.0400390625,6698.28125,6698.28125,6698.28125,6698.28125,0
2019-07-10,5788.0400390625,6698.28125,6698.28125,6698.28125,6698.28125,0
2019-07-11,5788.0400390625,6698.28125,6698.28125,6698.28125,6698.28125,0
2019-07-12,5788.0400390625,6698.28125,6698.28125,6698.28125,6698.28125,0
2019-07-15,5788.0400390625,6698.28125,6698.28125,6698.28125,6698.28125,0
2019-07-16,5788.0400390625,6698.28125,6698.28125,6698.28125,6698.28125,0
2019-07-17,5848.33203125,6768.0546875,6890.1591796875,6733.16796875,6855.27197265625,7953734
2019-07-18,5818.18603515625,6733.16796875,6768.0546875,6680.837890625,6733.16796875,5718653
2019-07-19,5848.33203125,6768.0546875,6785.49853515625,6680.837890625,6733.16796875,7150280
2019-07-22,5757.8935546875,6663.39404296875,6768.0546875,6628.50732421875,6698.28125,2999293
2019-07-23,5757.8935546875,6663.39404296875,6698.28125,6611.06396484375,6663.39404296875,3472078
2019-07-24,5757.8935546875,6663.39404296875,6680.837890625,6593.62060546875,6680.837890625,2181479
2019-07-25,5757.8935546875,6663.39404296875,6663.39404296875,6663.39404296875,6663.39404296875,0
2019-07-26,5757.8935546875,6663.39404296875,6663.39404296875,6663.39404296875,6663.39404296875,0
2019-07-29,5757.8935546875,6663.39404296875,6663.39404296875,6663.39404296875,6663.39404296875,0
2019-07-30,5757.8935546875,6663.39404296875,6663.39404296875,6663.39404296875,6663.39404296875,0
2019-07-31,5592.0908203125,6471.5166015625,6523.8466796875,6436.62939453125,6523.8466796875,4211640
2019-08-01,5577.01708984375,6454.07275390625,6488.9599609375,6384.29931640625,6471.5166015625,2295590
2019-08-02,5742.82080078125,6645.95068359375,6768.0546875,6419.18603515625,6488.9599609375,11011044
2019-08-05,5712.6748046875,6611.06396484375,6768.0546875,6611.06396484375,6645.95068359375,8790840
2019-08-06,5712.6748046875,6611.06396484375,6611.06396484375,6611.06396484375,6611.06396484375,0
2019-08-07,5652.3828125,6541.2900390625,6558.7333984375,6471.5166015625,6558.7333984375,3691215
2019-08-08,5637.3095703125,6523.8466796875,6558.7333984375,6454.07275390625,6488.9599609375,3558128
2019-08-09,5637.3095703125,6523.8466796875,6523.8466796875,6523.8466796875,6523.8466796875,0
2019-08-12,5727.74755859375,6628.50732421875,6663.39404296875,6558.7333984375,6628.50732421875,2440086
2019-08-13,5757.8935546875,6663.39404296875,6768.0546875,6593.62060546875,6645.95068359375,8652048
2019-08-14,5803.11328125,6715.724609375,6750.611328125,6680.837890625,6733.16796875,3138056
2019-08-15,5818.18603515625,6733.16796875,6733.16796875,6593.62060546875,6593.62060546875,3804954
2019-08-16,5818.18603515625,6733.16796875,6733.16796875,6733.16796875,6733.16796875,0
2019-08-19,5818.18603515625,6733.16796875,6733.16796875,6733.16796875,6733.16796875,0
2019-08-20,5818.18603515625,6733.16796875,6733.16796875,6733.16796875,6733.16796875,0
2019-08-21,5953.84326171875,6890.1591796875,6890.1591796875,6768.0546875,6802.94189453125,5936644
2019-08-22,5968.916015625,6907.6025390625,6942.4892578125,6837.82861328125,6890.1591796875,4385144
2019-08-23,5968.916015625,6907.6025390625,6942.4892578125,6820.38525390625,6942.4892578125,4537264
2019-08-26,6059.3544921875,7012.26318359375,7029.70654296875,6837.82861328125,6872.71533203125,10263829
2019-08-27,6149.79248046875,7116.923828125,7239.02783203125,7012.26318359375,7012.26318359375,8993237
2019-08-28,6119.64599609375,7082.03662109375,7151.810546875,7047.14990234375,7116.923828125,2675188
2019-08-29,6149.79248046875,7116.923828125,7116.923828125,7012.26318359375,7082.03662109375,2981808
2019-08-30,6149.79248046875,7116.923828125,7116.923828125,7116.923828125,7116.923828125,0
2019-09-02,6149.79248046875,7116.923828125,7116.923828125,7116.923828125,7116.923828125,0
2019-09-03,6149.79248046875,7116.923828125,7116.923828125,7116.923828125,7116.923828125,0
2019-09-04,5968.916015625,6907.6025390625,7047.14990234375,6907.6025390625,7012.26318359375,3817996
2019-09-05,6104.5732421875,7064.59326171875,7064.59326171875,6942.4892578125,6977.3759765625,3910696
2019-09-06,6134.7197265625,7099.48046875,7204.14111328125,7099.48046875,7116.923828125,6055141
2019-09-09,6074.42724609375,7029.70654296875,7099.48046875,6977.3759765625,7082.03662109375,4472483
2019-09-10,6059.3544921875,7012.26318359375,7099.48046875,6959.9326171875,7012.26318359375,2583349
2019-09-11,6059.3544921875,7012.26318359375,7047.14990234375,6959.9326171875,7029.70654296875,2329815
2019-09-12,6179.9384765625,7151.810546875,7151.810546875,6994.81982421875,6994.81982421875,5320882
2019-09-13,6240.23095703125,7221.58447265625,7256.47119140625,7082.03662109375,7151.810546875,8275488
2019-09-16,6240.23095703125,7221.58447265625,7256.47119140625,7169.25390625,7221.58447265625,4642776
2019-09-17,6210.08447265625,7186.697265625,7239.02783203125,7151.810546875,7186.697265625,2653948
2019-09-18,6360.81494140625,7361.1318359375,7361.1318359375,7169.25390625,7204.14111328125,11343203
2019-09-19,6466.32568359375,7483.23583984375,7483.23583984375,7326.2451171875,7326.2451171875,7127406
2019-09-20,6451.25244140625,7465.79248046875,7500.67919921875,7396.0185546875,7483.23583984375,7827899
2019-09-23,6451.25244140625,7465.79248046875,7570.453125,7448.34912109375,7465.79248046875,10375619
2019-09-24,6436.1796875,7448.34912109375,7483.23583984375,7396.0185546875,7430.90576171875,4678348
2019-09-25,6451.25244140625,7465.79248046875,7483.23583984375,7413.46240234375,7430.90576171875,5702688
2019-09-26,6526.6181640625,7553.009765625,7570.453125,7483.23583984375,7483.23583984375,7188404
2019-09-27,6677.3486328125,7727.4443359375,7727.4443359375,7553.009765625,7605.33984375,11333228
2019-09-30,6647.2021484375,7692.55712890625,7832.10498046875,7675.11376953125,7779.7744140625,7330377
2019-10-01,6737.64013671875,7797.2177734375,7814.6611328125,7675.11376953125,7692.55712890625,7353165
2019-10-02,6813.0048828125,7884.43505859375,7954.208984375,7762.3310546875,7779.7744140625,19449488
2019-10-03,6813.0048828125,7884.43505859375,7884.43505859375,7727.4443359375,7849.54833984375,16558172
2019-10-04,6722.5673828125,7779.7744140625,7936.765625,7779.7744140625,7936.765625,15197661
2019-10-07,6556.76416015625,7587.896484375,7814.6611328125,7553.009765625,7814.6611328125,19456941
2019-10-08,6632.12841796875,7675.11376953125,7675.11376953125,7570.453125,7587.896484375,17964976
2019-10-09,6662.27490234375,7710.00048828125,7727.4443359375,7640.22705078125,7640.22705078125,16803709
2019-10-10,6692.4208984375,7744.8876953125,7779.7744140625,7710.00048828125,7710.00048828125,13276165
2019-10-11,6662.27490234375,7710.00048828125,7797.2177734375,7710.00048828125,7797.2177734375,14048805
2019-10-14,6722.5673828125,7779.7744140625,7779.7744140625,7692.55712890625,7710.00048828125,18051427
2019-10-15,6797.93212890625,7866.99169921875,7884.43505859375,7744.8876953125,7744.8876953125,10307972
2019-10-16,6797.93212890625,7866.99169921875,7919.32177734375,7832.10498046875,7866.99169921875,10287448
2019-10-17,6782.859375,7849.54833984375,7866.99169921875,7779.7744140625,7866.99169921875,9699376
2019-10-18,6752.712890625,7814.6611328125,7849.54833984375,7675.11376953125,7849.54833984375,15597783
2019-10-21,6632.12841796875,7675.11376953125,7744.8876953125,7587.896484375,7675.11376953125,17154872
2019-10-22,6601.9833984375,7640.22705078125,7675.11376953125,7587.896484375,7657.67041015625,18494172
2019-10-23,6677.3486328125,7727.4443359375,7727.4443359375,7553.009765625,7605.33984375,15736918
2019-10-24,6571.83642578125,7605.33984375,7710.00048828125,7587.896484375,7710.00048828125,5332749
2019-10-25,6632.12841796875,7675.11376953125,7675.11376953125,7587.896484375,7640.22705078125,4365939
2019-10-28,6647.2021484375,7692.55712890625,7710.00048828125,7657.67041015625,7675.11376953125,3879853
2019-10-29,6601.9833984375,7640.22705078125,7710.00048828125,7605.33984375,7710.00048828125,2069144
2019-10-30,6571.83642578125,7605.33984375,7640.22705078125,7570.453125,7640.22705078125,4070498
2019-10-31,6481.39892578125,7500.67919921875,7622.78369140625,7500.67919921875,7622.78369140625,3886389
2019-11-01,6481.39892578125,7500.67919921875,7553.009765625,7413.46240234375,7483.23583984375,6155408
2019-11-04,6632.12841796875,7675.11376953125,7675.11376953125,7518.123046875,7535.56640625,7340323
2019-11-05,6707.49462890625,7762.3310546875,7779.7744140625,7675.11376953125,7744.8876953125,8142545
2019-11-06,6677.3486328125,7727.4443359375,7814.6611328125,7692.55712890625,7727.4443359375,5608325
2019-11-07,6632.12841796875,7675.11376953125,7762.3310546875,7657.67041015625,7744.8876953125,4051436
2019-11-08,6677.3486328125,7727.4443359375,7762.3310546875,7675.11376953125,7675.11376953125,6395899
2019-11-11,6601.9833984375,7640.22705078125,7727.4443359375,7587.896484375,7710.00048828125,4633116
2019-11-12,6526.6181640625,7553.009765625,7605.33984375,7553.009765625,7605.33984375,4927066
2019-11-13,6481.39892578125,7500.67919921875,7587.896484375,7413.46240234375,7570.453125,6751563
2019-11-14,6330.6689453125,7326.2451171875,7500.67919921875,7326.2451171875,7430.90576171875,6520044
2019-11-15,6451.25244140625,7465.79248046875,7465.79248046875,7326.2451171875,7343.6884765625,3958393
2019-11-18,6390.96044921875,7396.0185546875,7465.79248046875,7378.5751953125,7465.79248046875,2271168
2019-11-19,6421.10693359375,7430.90576171875,7430.90576171875,7361.1318359375,7396.0185546875,1954717
2019-11-20,6300.5224609375,7291.35791015625,7430.90576171875,7256.47119140625,7430.90576171875,3340510
2019-11-21,6029.2080078125,6977.3759765625,7378.5751953125,6977.3759765625,7256.47119140625,10787206
2019-11-22,6089.50048828125,7047.14990234375,7134.3671875,6942.4892578125,7082.03662109375,4091509
2019-11-25,6089.50048828125,7047.14990234375,7082.03662109375,6977.3759765625,6977.3759765625,2785889
2019-11-26,6164.865234375,7134.3671875,7134.3671875,7047.14990234375,7047.14990234375,4202496
2019-11-27,6149.79248046875,7116.923828125,7151.810546875,7064.59326171875,7134.3671875,2325143
2019-11-28,6044.28173828125,6994.81982421875,7116.923828125,6977.3759765625,7082.03662109375,4177931
2019-11-29,6074.42724609375,7029.70654296875,7029.70654296875,6942.4892578125,6959.9326171875,2139256
2019-12-02,5878.47802734375,6802.94189453125,7029.70654296875,6802.94189453125,6977.3759765625,3099589
2019-12-06,5908.6240234375,6837.82861328125,6855.27197265625,6733.16796875,6750.611328125,2077829
2019-12-09,5848.33203125,6768.0546875,6872.71533203125,6698.28125,6785.49853515625,1952682
2019-12-10,5742.82080078125,6645.95068359375,6768.0546875,6628.50732421875,6768.0546875,1687969
2019-12-11,5803.11328125,6715.724609375,6733.16796875,6628.50732421875,6663.39404296875,3091477
2019-12-12,5923.69677734375,6855.27197265625,6872.71533203125,6715.724609375,6715.724609375,3470616
2019-12-13,5923.69677734375,6855.27197265625,6959.9326171875,6855.27197265625,6890.1591796875,2784800
2019-12-16,5908.6240234375,6837.82861328125,6890.1591796875,6715.724609375,6802.94189453125,3649050
2019-12-17,5818.18603515625,6733.16796875,6872.71533203125,6715.724609375,6872.71533203125,1964320
2019-12-18,5803.11328125,6715.724609375,6768.0546875,6698.28125,6698.28125,2974871
2019-12-19,5788.0400390625,6698.28125,6733.16796875,6645.95068359375,6698.28125,5759958
2019-12-20,5908.6240234375,6837.82861328125,6837.82861328125,6680.837890625,6698.28125,5312484
2019-12-23,5833.2587890625,6750.611328125,6855.27197265625,6715.724609375,6837.82861328125,8242095
2019-12-24,5818.18603515625,6733.16796875,6768.0546875,6680.837890625,6750.611328125,5105558
2019-12-25,5893.55126953125,6820.38525390625,6855.27197265625,6768.0546875,6768.0546875,4321022
2019-12-26,5938.77001953125,6872.71533203125,6890.1591796875,6802.94189453125,6820.38525390625,3301699
2019-12-27,5938.77001953125,6872.71533203125,6890.1591796875,6802.94189453125,6872.71533203125,5151076
2019-12-30,5968.916015625,6907.6025390625,6959.9326171875,6872.71533203125,6872.71533203125,6138955
2019-12-31,6029.2080078125,6977.3759765625,7029.70654296875,6907.6025390625,6907.6025390625,8044341
2020-01-01,6029.2080078125,6977.3759765625,6977.3759765625,6977.3759765625,6977.3759765625,0
2020-01-02,6195.01123046875,7169.25390625,7221.58447265625,6994.81982421875,6994.81982421875,4933717
2020-01-03,6149.79248046875,7116.923828125,7308.8017578125,7099.48046875,7186.697265625,4059634
2020-01-06,6014.13525390625,6959.9326171875,7099.48046875,6959.9326171875,7029.70654296875,4745078
2020-01-07,6134.7197265625,7099.48046875,7099.48046875,6977.3759765625,6977.3759765625,3722086
2020-01-08,6059.3544921875,7012.26318359375,7099.48046875,6942.4892578125,7029.70654296875,6929825
2020-01-09,6255.3037109375,7239.02783203125,7256.47119140625,7064.59326171875,7082.03662109375,9686363
2020-01-10,6345.74169921875,7343.6884765625,7430.90576171875,7239.02783203125,7239.02783203125,8894059
2020-01-13,6210.08447265625,7186.697265625,7378.5751953125,7186.697265625,7326.2451171875,3665188
2020-01-14,6375.8876953125,7378.5751953125,7430.90576171875,7204.14111328125,7221.58447265625,5875073
2020-01-15,6526.6181640625,7553.009765625,7570.453125,7378.5751953125,7378.5751953125,5802525
2020-01-16,6586.91015625,7622.78369140625,7657.67041015625,7553.009765625,7570.453125,8067215
2020-01-17,6601.9833984375,7640.22705078125,7727.4443359375,7570.453125,7657.67041015625,6845553
2020-01-20,6782.859375,7849.54833984375,7849.54833984375,7587.896484375,7605.33984375,7103300
2020-01-21,7099.392578125,8215.8603515625,8233.3037109375,7884.43505859375,7919.32177734375,15333872
2020-01-22,7114.4658203125,8233.3037109375,8303.078125,8058.86962890625,8198.4169921875,7819730
2020-01-23,7114.4658203125,8233.3037109375,8233.3037109375,8233.3037109375,8233.3037109375,0
2020-01-24,7114.4658203125,8233.3037109375,8233.3037109375,8233.3037109375,8233.3037109375,0
2020-01-27,7114.4658203125,8233.3037109375,8233.3037109375,8233.3037109375,8233.3037109375,0
2020-01-28,7114.4658203125,8233.3037109375,8233.3037109375,8233.3037109375,8233.3037109375,0
2020-01-29,7114.4658203125,8233.3037109375,8233.3037109375,8233.3037109375,8233.3037109375,0
2020-01-30,6843.1513671875,7919.32177734375,8163.5302734375,7797.2177734375,8023.982421875,12259766
2020-01-31,6767.78662109375,7832.10498046875,8058.86962890625,7832.10498046875,7849.54833984375,13370871
2020-02-03,6813.0048828125,7884.43505859375,8180.9736328125,7413.46240234375,7553.009765625,12989925
2020-02-04,7069.24658203125,8180.9736328125,8180.9736328125,7849.54833984375,7919.32177734375,13090966
2020-02-05,7280.2685546875,8425.181640625,8582.1728515625,8285.6337890625,8320.521484375,18349734
2020-02-06,7687.240234375,8896.154296875,8896.154296875,8215.8603515625,8372.8515625,24269352
2020-02-07,7642.02197265625,8843.82421875,8948.4853515625,8686.8330078125,8756.607421875,17029725
2020-02-10,7415.92626953125,8582.1728515625,8826.380859375,8582.1728515625,8651.9462890625,13838955
2020-02-11,7657.09375,8861.267578125,8861.267578125,8564.7294921875,8582.1728515625,14202588
2020-02-12,7792.75244140625,9018.2587890625,9367.1279296875,8965.9287109375,9035.7021484375,17684613
2020-02-13,8018.84716796875,9279.91015625,9279.91015625,8843.82421875,8948.4853515625,10666731
2020-02-14,8184.64990234375,9471.7880859375,9593.892578125,9279.91015625,9419.4580078125,16493420
2020-02-17,8169.57763671875,9454.3447265625,9524.1181640625,9332.240234375,9454.3447265625,8023589
2020-02-18,8260.0166015625,9559.005859375,9628.779296875,9384.5712890625,9419.4580078125,7623610
2020-02-19,8380.599609375,9698.552734375,9733.439453125,9593.892578125,9628.779296875,8675123
2020-02-20,8606.6943359375,9960.2041015625,9960.2041015625,9750.8828125,9820.6572265625,11435932
2020-02-21,8682.0595703125,10047.421875,10221.8564453125,9838.1005859375,9942.7607421875,13631169
2020-02-24,8079.14013671875,9349.6845703125,9872.9873046875,9349.6845703125,9768.3271484375,23169397
2020-02-25,8531.330078125,9872.9873046875,9872.9873046875,9140.36328125,9140.36328125,17329236
2020-02-26,8531.330078125,9872.9873046875,10082.30859375,9663.666015625,9698.552734375,11880884
2020-02-27,8546.4033203125,9890.4306640625,9960.2041015625,9715.99609375,9768.3271484375,8327170
2020-02-28,8199.7236328125,9489.2314453125,9750.8828125,9349.6845703125,9681.109375,14310278
2020-03-02,8109.28515625,9384.5712890625,9524.1181640625,9349.6845703125,9454.3447265625,8955544
2020-03-03,8184.64990234375,9471.7880859375,9628.779296875,9454.3447265625,9593.892578125,6983800
2020-03-05,8395.671875,9715.99609375,9925.3173828125,9489.2314453125,9593.892578125,14284481
2020-03-06,8290.162109375,9593.892578125,9663.666015625,9489.2314453125,9559.005859375,6173323
2020-03-09,7717.38720703125,8931.0419921875,9157.806640625,8931.0419921875,8931.0419921875,11044294
2020-03-10,7837.97119140625,9070.5888671875,9245.0234375,8564.7294921875,8931.0419921875,13366428
2020-03-11,7295.34228515625,8442.625,9210.13671875,8442.625,9070.5888671875,18513119
2020-03-12,6797.93212890625,7866.99169921875,8128.64306640625,7866.99169921875,7884.43505859375,8845216
2020-03-13,6782.859375,7849.54833984375,8041.42626953125,7326.2451171875,7326.2451171875,15360616
2020-03-16,6315.595703125,7308.8017578125,7762.3310546875,7308.8017578125,7744.8876953125,14434910
2020-03-17,6481.39892578125,7500.67919921875,7570.453125,6802.94189453125,6837.82861328125,17888099
2020-03-18,6496.47216796875,7518.123046875,7622.78369140625,7291.35791015625,7500.67919921875,9357672
2020-03-19,6270.37646484375,7256.47119140625,7326.2451171875,7012.26318359375,7326.2451171875,10965669
2020-03-20,6345.74169921875,7343.6884765625,7448.34912109375,7186.697265625,7256.47119140625,8128442
2020-03-23,5908.6240234375,6837.82861328125,7047.14990234375,6837.82861328125,7047.14990234375,10016917
2020-03-24,5878.47802734375,6802.94189453125,7029.70654296875,6488.9599609375,6837.82861328125,14574189
2020-03-25,6119.64599609375,7082.03662109375,7151.810546875,6872.71533203125,7116.923828125,7951499
2020-03-26,5908.6240234375,6837.82861328125,7029.70654296875,6768.0546875,6977.3759765625,8654198
2020-03-27,5893.55126953125,6820.38525390625,6855.27197265625,6558.7333984375,6837.82861328125,13698530
2020-03-30,5486.5791015625,6349.412109375,6419.18603515625,6349.412109375,6349.412109375,2445618
2020-03-31,5109.75390625,5913.326171875,6436.62939453125,5913.326171875,6349.412109375,12901009
2020-04-01,5200.19189453125,6017.98681640625,6105.2041015625,5581.90087890625,5913.326171875,10567897
2020-04-02,5200.19189453125,6017.98681640625,6017.98681640625,6017.98681640625,6017.98681640625,0
2020-04-03,5290.6298828125,6122.6474609375,6227.30810546875,6000.54345703125,6017.98681640625,9279591
2020-04-06,5652.3828125,6541.2900390625,6541.2900390625,6244.75146484375,6279.638671875,15083922
2020-04-07,5863.4052734375,6785.49853515625,6785.49853515625,6506.4033203125,6628.50732421875,12343063
2020-04-08,5697.60205078125,6593.62060546875,6680.837890625,6488.9599609375,6628.50732421875,10716062
2020-04-09,5667.45556640625,6558.7333984375,6733.16796875,6541.2900390625,6593.62060546875,17133546
2020-04-10,5622.236328125,6506.4033203125,6558.7333984375,6349.412109375,6488.9599609375,9745812
2020-04-13,6014.13525390625,6959.9326171875,6959.9326171875,6628.50732421875,6645.95068359375,13219582
2020-04-14,6421.10693359375,7430.90576171875,7430.90576171875,7047.14990234375,7361.1318359375,23240713
2020-04-15,6556.76416015625,7587.896484375,7884.43505859375,7500.67919921875,7587.896484375,14317015
2020-04-16,6556.76416015625,7587.896484375,7587.896484375,7326.2451171875,7343.6884765625,10829830
2020-04-17,6466.32568359375,7483.23583984375,7744.8876953125,7378.5751953125,7675.11376953125,14359294
2020-04-20,6330.6689453125,7326.2451171875,7570.453125,7256.47119140625,7570.453125,9640414
2020-04-21,5893.55126953125,6820.38525390625,7291.35791015625,6820.38525390625,7151.810546875,16205891
2020-04-22,6089.50048828125,7047.14990234375,7273.91455078125,6628.50732421875,6628.50732421875,16566542
2020-04-23,5999.0625,6942.4892578125,7221.58447265625,6942.4892578125,7221.58447265625,10719760
2020-04-24,6179.9384765625,7151.810546875,7151.810546875,6820.38525390625,6942.4892578125,9638150
2020-04-27,6330.6689453125,7326.2451171875,7640.22705078125,7308.8017578125,7640.22705078125,25591281
2020-04-28,6330.6689453125,7326.2451171875,7465.79248046875,7151.810546875,7291.35791015625,7033904
2020-04-29,6330.6689453125,7326.2451171875,7326.2451171875,7326.2451171875,7326.2451171875,0
2020-04-30,6330.6689453125,7326.2451171875,7326.2451171875,7326.2451171875,7326.2451171875,0
2020-05-01,6330.6689453125,7326.2451171875,7326.2451171875,7326.2451171875,7326.2451171875,0
2020-05-04,6044.28173828125,6994.81982421875,7116.923828125,6802.94189453125,6820.38525390625,10389951
2020-05-05,6134.7197265625,7099.48046875,7134.3671875,6977.3759765625,7064.59326171875,6661501
2020-05-06,6285.44921875,7273.91455078125,7273.91455078125,7082.03662109375,7099.48046875,7597354
2020-05-07,6451.25244140625,7465.79248046875,7465.79248046875,7256.47119140625,7256.47119140625,9678566
2020-05-08,6873.29736328125,7954.208984375,7971.65234375,7500.67919921875,7500.67919921875,42203658
2020-05-11,7265.1953125,8407.73828125,8425.181640625,8093.75634765625,8093.75634765625,24388451
2020-05-12,7250.12353515625,8390.294921875,8442.625,8146.0869140625,8442.625,19589054
2020-05-13,7204.904296875,8337.96484375,8442.625,8041.42626953125,8268.1904296875,20941281
2020-05-14,7129.53857421875,8250.7470703125,8337.96484375,8146.0869140625,8268.1904296875,14492410
2020-05-15,7129.53857421875,8250.7470703125,8250.7470703125,8250.7470703125,8250.7470703125,0
2020-05-18,7129.53857421875,8250.7470703125,8250.7470703125,8250.7470703125,8250.7470703125,0
2020-05-19,7837.97119140625,9070.5888671875,9070.5888671875,8704.2763671875,9070.5888671875,20817538
2020-05-20,7837.97119140625,9070.5888671875,9070.5888671875,9070.5888671875,9070.5888671875,0
2020-05-21,7446.072265625,8617.0595703125,8634.5029296875,8425.181640625,8547.2861328125,19186925
2020-05-22,7280.2685546875,8425.181640625,8634.5029296875,8407.73828125,8617.0595703125,13875903
2020-05-25,7235.05029296875,8372.8515625,8460.068359375,8233.3037109375,8372.8515625,14830875
2020-05-26,7461.14453125,8634.5029296875,8634.5029296875,8390.294921875,8477.51171875,14494560
2020-05-27,6933.58935546875,8023.982421875,8529.8427734375,8023.982421875,8477.51171875,22699277
2020-05-28,6963.73583984375,8058.86962890625,8198.4169921875,7936.765625,8058.86962890625,18502657
2020-05-29,7039.1005859375,8146.0869140625,8163.5302734375,8006.5390625,8058.86962890625,10595530
2020-06-01,7400.85400390625,8564.7294921875,8564.7294921875,8163.5302734375,8285.6337890625,25650788
2020-06-02,7265.1953125,8407.73828125,8669.3896484375,8355.408203125,8669.3896484375,17132543
2020-06-03,7325.4873046875,8477.51171875,8512.3994140625,8355.408203125,8425.181640625,11242334
2020-06-04,7235.05029296875,8372.8515625,8582.1728515625,8355.408203125,8547.2861328125,17105398
2020-06-05,7235.05029296875,8372.8515625,8372.8515625,8372.8515625,8372.8515625,0
2020-06-08,7235.05029296875,8372.8515625,8372.8515625,8372.8515625,8372.8515625,0
2020-06-09,7235.05029296875,8372.8515625,8372.8515625,8372.8515625,8372.8515625,0
2020-06-10,7280.2685546875,8425.181640625,8547.2861328125,8198.4169921875,8372.8515625,16056436
2020-06-11,6963.73583984375,8058.86962890625,8477.51171875,8058.86962890625,8477.51171875,22636589
2020-06-12,6963.73583984375,8058.86962890625,8128.64306640625,7710.00048828125,7710.00048828125,17351852
2020-06-15,6511.544921875,7535.56640625,8058.86962890625,7535.56640625,8058.86962890625,16671252
2020-06-16,6692.4208984375,7744.8876953125,7849.54833984375,7640.22705078125,7779.7744140625,8874138
2020-06-17,6737.64013671875,7797.2177734375,7866.99169921875,7675.11376953125,7779.7744140625,7986497
2020-06-18,6722.5673828125,7779.7744140625,7866.99169921875,7710.00048828125,7744.8876953125,4376086
2020-06-19,6873.29736328125,7954.208984375,7971.65234375,7797.2177734375,7814.6611328125,7024904
2020-06-22,6843.1513671875,7919.32177734375,8023.982421875,7849.54833984375,8023.982421875,5934981
2020-06-23,6858.224609375,7936.765625,7971.65234375,7814.6611328125,7919.32177734375,5830931
2020-06-24,6722.5673828125,7779.7744140625,7954.208984375,7744.8876953125,7919.32177734375,7230826
2020-06-25,6632.12841796875,7675.11376953125,7779.7744140625,7605.33984375,7605.33984375,6600790
2020-06-26,6632.12841796875,7675.11376953125,7814.6611328125,7605.33984375,7797.2177734375,4161678
2020-06-29,6330.6689453125,7326.2451171875,7570.453125,7273.91455078125,7570.453125,12555579
2020-06-30,6164.865234375,7134.3671875,7465.79248046875,7064.59326171875,7465.79248046875,8593602
2020-07-01,6511.544921875,7535.56640625,7535.56640625,7082.03662109375,7239.02783203125,6453801
2020-07-02,6466.32568359375,7483.23583984375,7570.453125,7396.0185546875,7500.67919921875,4764828
2020-07-03,6421.10693359375,7430.90576171875,7500.67919921875,7413.46240234375,7413.46240234375,2690036
2020-07-06,6632.12841796875,7675.11376953125,7710.00048828125,7430.90576171875,7465.79248046875,5841221
2020-07-07,6541.69091796875,7570.453125,7779.7744140625,7553.009765625,7710.00048828125,5817602
2020-07-08,6601.9833984375,7640.22705078125,7657.67041015625,7500.67919921875,7570.453125,4788160
2020-07-09,6888.37060546875,7971.65234375,8006.5390625,7692.55712890625,7692.55712890625,13755829
2020-07-10,6888.37060546875,7971.65234375,7971.65234375,7971.65234375,7971.65234375,0
2020-07-13,6737.64013671875,7797.2177734375,8006.5390625,7744.8876953125,7989.095703125,7351674
2020-07-14,6692.4208984375,7744.8876953125,7814.6611328125,7640.22705078125,7692.55712890625,9852156
2020-07-15,6692.4208984375,7744.8876953125,7744.8876953125,7744.8876953125,7744.8876953125,0
2020-07-16,6813.0048828125,7884.43505859375,7884.43505859375,7814.6611328125,7849.54833984375,5571635
2020-07-17,6948.6630859375,8041.42626953125,8093.75634765625,7832.10498046875,7849.54833984375,14574991
2020-07-20,6843.1513671875,7919.32177734375,8128.64306640625,7919.32177734375,8093.75634765625,8429128
2020-07-21,6858.224609375,7936.765625,7971.65234375,7849.54833984375,7919.32177734375,5228383
2020-07-22,6767.78662109375,7832.10498046875,7989.095703125,7797.2177734375,7954.208984375,6358435
2020-07-23,6782.859375,7849.54833984375,7849.54833984375,7710.00048828125,7814.6611328125,6827122
2020-07-24,6390.96044921875,7396.0185546875,7814.6611328125,7308.8017578125,7797.2177734375,19515387
2020-07-27,5953.84326171875,6890.1591796875,7308.8017578125,6890.1591796875,6977.3759765625,18535162
2020-07-28,6240.23095703125,7221.58447265625,7221.58447265625,6890.1591796875,7047.14990234375,13573927
2020-07-29,6014.13525390625,6959.9326171875,7064.59326171875,6768.0546875,6994.81982421875,9889018
2020-07-30,6119.64599609375,7082.03662109375,7221.58447265625,6977.3759765625,7047.14990234375,6601908
2020-07-31,6089.50048828125,7047.14990234375,7134.3671875,6872.71533203125,6942.4892578125,7115884
2020-08-03,6315.595703125,7308.8017578125,7308.8017578125,7012.26318359375,7047.14990234375,8113479
2020-08-04,6360.81494140625,7361.1318359375,7535.56640625,7308.8017578125,7396.0185546875,9881737
2020-08-05,6481.39892578125,7500.67919921875,7500.67919921875,7291.35791015625,7361.1318359375,9642707
2020-08-06,6436.1796875,7448.34912109375,7570.453125,7396.0185546875,7535.56640625,8729585
2020-08-07,6406.0341796875,7413.46240234375,7500.67919921875,7378.5751953125,7483.23583984375,6797741
2020-08-10,6436.1796875,7448.34912109375,7570.453125,7448.34912109375,7500.67919921875,9716288
2020-08-11,6466.32568359375,7483.23583984375,7535.56640625,7430.90576171875,7518.123046875,5840361
2020-08-12,6541.69091796875,7570.453125,7587.896484375,7483.23583984375,7535.56640625,10654635
2020-08-13,6556.76416015625,7587.896484375,7657.67041015625,7570.453125,7605.33984375,6685836
2020-08-14,6451.25244140625,7465.79248046875,7640.22705078125,7430.90576171875,7587.896484375,10086943
2020-08-17,6421.10693359375,7430.90576171875,7500.67919921875,7343.6884765625,7396.0185546875,7516349
2020-08-18,6421.10693359375,7430.90576171875,7518.123046875,7430.90576171875,7465.79248046875,5578171
2020-08-19,6451.25244140625,7465.79248046875,7518.123046875,7430.90576171875,7430.90576171875,4799540
2020-08-20,6436.1796875,7448.34912109375,7553.009765625,7430.90576171875,7465.79248046875,10220260
2020-08-21,6601.9833984375,7640.22705078125,7657.67041015625,7465.79248046875,7518.123046875,17528910
2020-08-24,6993.8818359375,8093.75634765625,8093.75634765625,7779.7744140625,7797.2177734375,20691588
2020-08-25,6933.58935546875,8023.982421875,8215.8603515625,7971.65234375,8128.64306640625,18004532
2020-08-26,6903.44384765625,7989.095703125,8093.75634765625,7954.208984375,7971.65234375,12747628
2020-08-27,6963.73583984375,8058.86962890625,8076.31298828125,7954.208984375,7989.095703125,11166977
2020-08-28,7114.4658203125,8233.3037109375,8355.408203125,8058.86962890625,8128.64306640625,20254261
2020-08-31,7039.1005859375,8146.0869140625,8355.408203125,8111.19970703125,8303.078125,9650303
2020-09-01,7054.17431640625,8163.5302734375,8198.4169921875,7954.208984375,8128.64306640625,14961870
2020-09-02,7054.17431640625,8163.5302734375,8163.5302734375,8163.5302734375,8163.5302734375,0
2020-09-03,7144.611328125,8268.1904296875,8337.96484375,8146.0869140625,8250.7470703125,12163741
2020-09-04,7069.24658203125,8180.9736328125,8268.1904296875,8076.31298828125,8093.75634765625,11776604
2020-09-07,6782.859375,7849.54833984375,8250.7470703125,7849.54833984375,8250.7470703125,16895892
2020-09-08,6903.44384765625,7989.095703125,8023.982421875,7849.54833984375,7884.43505859375,13625379
2020-09-09,6888.37060546875,7971.65234375,8023.982421875,7832.10498046875,7849.54833984375,14166729
2020-09-10,6873.29736328125,7954.208984375,8041.42626953125,7954.208984375,8006.5390625,9976816
2020-09-11,6888.37060546875,7971.65234375,8006.5390625,7884.43505859375,7919.32177734375,7102039
2020-09-14,6993.8818359375,8093.75634765625,8163.5302734375,7989.095703125,7989.095703125,9372233
2020-09-15,6948.6630859375,8041.42626953125,8111.19970703125,8023.982421875,8093.75634765625,11846745
2020-09-16,6948.6630859375,8041.42626953125,8041.42626953125,8041.42626953125,8041.42626953125,0
2020-09-17,6888.37060546875,7971.65234375,8128.64306640625,7971.65234375,8006.5390625,10028898
2020-09-18,7008.95458984375,8111.19970703125,8111.19970703125,7989.095703125,7989.095703125,10074761
2020-09-21,7039.1005859375,8146.0869140625,8233.3037109375,8111.19970703125,8198.4169921875,12604996
2020-09-22,7054.17431640625,8163.5302734375,8198.4169921875,8058.86962890625,8058.86962890625,9179381
2020-09-23,7174.75830078125,8303.078125,8337.96484375,8146.0869140625,8180.9736328125,24934415
2020-09-24,7069.24658203125,8180.9736328125,8303.078125,8146.0869140625,8233.3037109375,11579596
2020-09-25,7024.02734375,8128.64306640625,8198.4169921875,8076.31298828125,8198.4169921875,9124920
2020-09-28,7174.75830078125,8303.078125,8337.96484375,8128.64306640625,8128.64306640625,24329575
2020-09-29,7159.68408203125,8285.6337890625,8547.2861328125,8268.1904296875,8372.8515625,33194139
2020-09-30,7159.68408203125,8285.6337890625,8303.078125,8180.9736328125,8268.1904296875,14932059
2020-10-01,7265.1953125,8407.73828125,8477.51171875,8285.6337890625,8337.96484375,15140476
2020-10-02,7129.53857421875,8250.7470703125,8442.625,8111.19970703125,8425.181640625,22407792
2020-10-05,7295.34228515625,8442.625,8494.955078125,8337.96484375,8407.73828125,20225740
2020-10-06,7280.2685546875,8425.181640625,8512.3994140625,8355.408203125,8494.955078125,17596069
2020-10-07,7159.68408203125,8285.6337890625,8442.625,8285.6337890625,8425.181640625,17959903
2020-10-08,7069.24658203125,8180.9736328125,8337.96484375,8093.75634765625,8285.6337890625,21827259
2020-10-09,7054.17431640625,8163.5302734375,8233.3037109375,8093.75634765625,8180.9736328125,10021044
2020-10-12,7054.17431640625,8163.5302734375,8320.521484375,8093.75634765625,8268.1904296875,10229776
2020-10-13,7054.17431640625,8163.5302734375,8215.8603515625,8111.19970703125,8163.5302734375,7568976
2020-10-14,7235.05029296875,8372.8515625,8425.181640625,8163.5302734375,8198.4169921875,29139606
2020-10-15,7250.12353515625,8390.294921875,8442.625,8303.078125,8425.181640625,23948715
2020-10-16,7415.92626953125,8582.1728515625,8739.1640625,8337.96484375,8390.294921875,33156360
2020-10-19,7370.70703125,8529.8427734375,8669.3896484375,8494.955078125,8651.9462890625,20406266
2020-10-20,7476.21826171875,8651.9462890625,8704.2763671875,8407.73828125,8442.625,37202551
2020-10-21,7566.65625,8756.607421875,9175.25,8634.5029296875,8721.720703125,46033808
2020-10-22,7717.38720703125,8931.0419921875,8931.0419921875,8721.720703125,8826.380859375,24492014
2020-10-23,7747.53271484375,8965.9287109375,8965.9287109375,8808.9375,8931.0419921875,20710564
2020-10-26,7325.4873046875,8477.51171875,9070.5888671875,8477.51171875,8965.9287109375,28435588
2020-10-27,7340.56103515625,8494.955078125,8686.8330078125,8477.51171875,8547.2861328125,29219952
2020-10-28,6993.8818359375,8093.75634765625,8529.8427734375,8093.75634765625,8442.625,27491078
2020-10-29,7024.02734375,8128.64306640625,8268.1904296875,8023.982421875,8093.75634765625,17320894
2020-10-30,7114.4658203125,8233.3037109375,8233.3037109375,7989.095703125,8233.3037109375,17334195
2020-11-02,7174.75830078125,8303.078125,8303.078125,8163.5302734375,8233.3037109375,7019171
2020-11-03,7219.9765625,8355.408203125,8407.73828125,8285.6337890625,8303.078125,14848446
2020-11-04,7295.34228515625,8442.625,8512.3994140625,8337.96484375,8372.8515625,11794290
2020-11-05,7144.611328125,8268.1904296875,8460.068359375,8233.3037109375,8442.625,11923823
2020-11-06,7084.3193359375,8198.4169921875,8303.078125,8128.64306640625,8268.1904296875,10029357
2020-11-09,7189.83154296875,8320.521484375,8320.521484375,8233.3037109375,8268.1904296875,11860532
2020-11-10,7159.68408203125,8285.6337890625,8442.625,8285.6337890625,8425.181640625,14337567
2020-11-11,7159.68408203125,8285.6337890625,8320.521484375,8180.9736328125,8285.6337890625,15353794
2020-11-12,7189.83154296875,8320.521484375,8320.521484375,8250.7470703125,8285.6337890625,8299251
2020-11-13,7385.7802734375,8547.2861328125,8547.2861328125,8320.521484375,8355.408203125,20632770
2020-11-16,7280.2685546875,8425.181640625,8686.8330078125,8372.8515625,8582.1728515625,26194488
2020-11-17,7536.5107421875,8721.720703125,8721.720703125,8372.8515625,8425.181640625,22292849
2020-11-18,7506.36376953125,8686.8330078125,8791.494140625,8669.3896484375,8704.2763671875,21981156
2020-11-19,7687.240234375,8896.154296875,8931.0419921875,8686.8330078125,8739.1640625,33992376
2020-11-20,7687.240234375,8896.154296875,8896.154296875,8774.05078125,8878.7109375,15001656
2020-11-23,7687.240234375,8896.154296875,8913.59765625,8285.6337890625,8896.154296875,19478640
2020-11-24,7732.4599609375,8948.4853515625,9070.5888671875,8808.9375,8896.154296875,25064120
2020-11-25,8048.99267578125,9314.796875,9314.796875,8965.9287109375,9070.5888671875,35299458
2020-11-26,8199.7236328125,9489.2314453125,9489.2314453125,9227.580078125,9314.796875,22141474
2020-11-27,8139.431640625,9419.4580078125,9506.6748046875,9314.796875,9471.7880859375,17890507
2020-11-30,8079.14013671875,9349.6845703125,9524.1181640625,9349.6845703125,9489.2314453125,26051168
2020-12-01,8410.7451171875,9733.439453125,9768.3271484375,9192.693359375,9210.13671875,31391140
2020-12-02,8350.453125,9663.666015625,9768.3271484375,9559.005859375,9698.552734375,21639767
2020-12-03,8531.330078125,9872.9873046875,9925.3173828125,9593.892578125,9663.666015625,24208498
2020-12-04,8380.599609375,9698.552734375,9960.2041015625,9698.552734375,9838.1005859375,22002482
2020-12-07,8471.037109375,9803.2138671875,9890.4306640625,9733.439453125,9838.1005859375,12740319
2020-12-08,8546.4033203125,9890.4306640625,9960.2041015625,9803.2138671875,9942.7607421875,13568051
2020-12-09,8576.5478515625,9925.3173828125,10047.421875,9890.4306640625,9995.091796875,15277490
2020-12-10,8440.8916015625,9768.3271484375,9960.2041015625,9768.3271484375,9942.7607421875,17457335
2020-12-11,8531.330078125,9872.9873046875,9872.9873046875,9698.552734375,9820.6572265625,12672471
2020-12-14,8651.9150390625,10012.53515625,10099.751953125,9907.8740234375,10012.53515625,16197492
2020-12-15,8471.037109375,9803.2138671875,10099.751953125,9785.7705078125,10082.30859375,17382178
2020-12-16,8832.7900390625,10221.8564453125,10256.7431640625,9768.3271484375,9890.4306640625,21136283
2020-12-17,8923.2275390625,10326.5166015625,10553.28125,10134.638671875,10186.9697265625,27962574
2020-12-18,9541.22265625,11041.6982421875,11041.6982421875,10466.064453125,10535.837890625,27806412
2020-12-21,9948.1943359375,11512.6708984375,11687.10546875,11198.6884765625,11198.6884765625,16791498
2020-12-22,9948.1943359375,11512.6708984375,11687.10546875,11233.576171875,11512.6708984375,16795855
2020-12-23,9646.7333984375,11163.8017578125,11512.6708984375,10814.93359375,11512.6708984375,14710802
2020-12-24,9496.001953125,10989.3671875,11320.79296875,10466.064453125,11163.8017578125,19609004
2020-12-25,9797.4638671875,11338.236328125,11338.236328125,10780.0458984375,10814.93359375,17505032
2020-12-28,9737.171875,11268.462890625,11512.6708984375,11163.8017578125,11512.6708984375,13010105
2020-12-29,9556.2958984375,11059.1416015625,11303.349609375,11024.2548828125,11251.01953125,17153038
2020-12-30,9586.4404296875,11094.0283203125,11303.349609375,11094.0283203125,11111.4716796875,16211050
2020-12-31,9797.4638671875,11338.236328125,11460.3408203125,11094.0283203125,11094.0283203125,20902814
2021-01-01,9797.4638671875,11338.236328125,11338.236328125,11338.236328125,11338.236328125,0
2021-01-04,10309.9462890625,11931.3134765625,11931.3134765625,11355.6796875,11477.7841796875,2403625
2021-01-05,10355.1650390625,11983.6435546875,12088.3046875,11826.65234375,11861.5400390625,1621870
2021-01-06,10370.23828125,12001.0869140625,12210.408203125,11931.3134765625,12210.408203125,1765534
2021-01-07,10520.96875,12175.521484375,12192.96484375,11896.4267578125,12053.4169921875,1344660
2021-01-08,10716.91796875,12402.2861328125,12559.27734375,12192.96484375,12332.5126953125,1306680
2021-01-11,10611.40625,12280.181640625,12559.27734375,12227.8515625,12559.27734375,1269904
2021-01-12,10520.96875,12175.521484375,12280.181640625,11966.2001953125,12280.181640625,1322130
2021-01-13,10762.1357421875,12454.6162109375,12629.05078125,12105.748046875,12175.521484375,1584922
2021-01-14,11093.7431640625,12838.3720703125,13012.806640625,12384.8427734375,12559.27734375,1872050
2021-01-15,11229.4013671875,12995.36328125,13257.0146484375,12908.1455078125,12960.4765625,1335229
2021-01-18,10988.232421875,12716.2685546875,13030.25,12716.2685546875,12995.36328125,1468001
2021-01-19,10219.5078125,11826.65234375,12646.494140625,11826.65234375,12594.1640625,2125612
2021-01-20,10309.9462890625,11931.3134765625,12035.9736328125,11024.2548828125,11861.5400390625,2314107
2021-01-21,10912.8671875,12629.05078125,12751.1552734375,11931.3134765625,12210.408203125,1972775
2021-01-22,11003.3056640625,12733.7119140625,12838.3720703125,12472.0595703125,12663.9375,1165194
2021-01-25,10822.4296875,12524.390625,12698.82421875,12419.7294921875,12698.82421875,1010150
2021-01-26,10204.4345703125,11809.208984375,12402.2861328125,11652.21875,12384.8427734375,1900169
2021-01-27,9601.5146484375,11111.4716796875,12035.9736328125,11024.2548828125,11512.6708984375,2314308
2021-01-28,8938.3017578125,10343.9599609375,10780.0458984375,10343.9599609375,10361.4033203125,2496353
2021-01-29,9043.8125,10466.064453125,11059.1416015625,9838.1005859375,9838.1005859375,2201371
2021-02-01,9345.2734375,10814.93359375,11041.6982421875,10466.064453125,10535.837890625,2320729
2021-02-02,9993.412109375,11565.0009765625,11565.0009765625,10814.93359375,10814.93359375,1301205
2021-02-03,10686.771484375,12367.3994140625,12367.3994140625,11687.10546875,11861.5400390625,2067453
2021-02-04,11033.451171875,12768.5986328125,12977.919921875,12384.8427734375,12384.8427734375,2370833
2021-02-05,11154.0341796875,12908.1455078125,12943.033203125,12663.9375,12768.5986328125,1607996
2021-02-08,10852.57421875,12559.27734375,12908.1455078125,12035.9736328125,12908.1455078125,2460810
2021-02-09,11606.2265625,13431.44921875,13431.44921875,12349.9560546875,12733.7119140625,3275529
2021-02-10,11606.2265625,13431.44921875,13431.44921875,13431.44921875,13431.44921875,0
2021-02-11,11606.2265625,13431.44921875,13431.44921875,13431.44921875,13431.44921875,0
2021-02-12,11606.2265625,13431.44921875,13431.44921875,13431.44921875,13431.44921875,0
2021-02-15,11606.2265625,13431.44921875,13431.44921875,13431.44921875,13431.44921875,0
2021-02-16,11606.2265625,13431.44921875,13431.44921875,13431.44921875,13431.44921875,0
2021-02-17,12405.095703125,14355.951171875,14355.951171875,13675.6572265625,13780.318359375,1972317
2021-02-18,12450.314453125,14408.2822265625,14478.0556640625,13954.751953125,14268.734375,1476572
2021-02-19,12239.2919921875,14164.0732421875,14390.8388671875,13989.6396484375,14059.4130859375,1570303
2021-02-22,12344.8037109375,14286.177734375,14652.490234375,13972.1962890625,14059.4130859375,1400583
2021-02-23,12209.146484375,14129.1865234375,14512.9423828125,13780.318359375,14303.62109375,2577473
2021-02-24,12209.146484375,14129.1865234375,14129.1865234375,14129.1865234375,14129.1865234375,0
2021-02-25,12209.146484375,14129.1865234375,14129.1865234375,14129.1865234375,14129.1865234375,0
2021-02-26,12058.416015625,13954.751953125,14041.9697265625,13483.779296875,13501.22265625,1675930
2021-03-01,12299.5849609375,14233.84765625,14286.177734375,13972.1962890625,14198.9609375,960962
2021-03-02,12284.51171875,14216.404296875,14355.951171875,14164.0732421875,14338.5078125,1476314
2021-03-03,12540.7529296875,14512.9423828125,14547.8291015625,14164.0732421875,14216.404296875,1739192
2021-03-04,12510.607421875,14478.0556640625,14914.1416015625,13954.751953125,14652.490234375,2150177
2021-03-05,12601.044921875,14582.7158203125,14617.603515625,14129.1865234375,14268.734375,1026517
2021-03-08,12465.388671875,14425.7255859375,14826.9248046875,14268.734375,14617.603515625,1019924
2021-03-09,12601.044921875,14582.7158203125,14826.9248046875,14129.1865234375,14303.62109375,1649330
2021-03-10,12661.337890625,14652.490234375,14792.037109375,14408.2822265625,14617.603515625,1047929
2021-03-11,13188.8935546875,15263.0107421875,15489.775390625,14722.263671875,14826.9248046875,2254056
2021-03-12,13414.9892578125,15524.662109375,15699.0966796875,15263.0107421875,15385.1142578125,2480101
2021-03-15,13505.42578125,15629.322265625,15699.0966796875,15315.3408203125,15524.662109375,1456450
2021-03-16,13369.76953125,15472.33203125,15629.322265625,15140.90625,15629.322265625,1575262
2021-03-17,13445.134765625,15559.548828125,15681.6533203125,15315.3408203125,15472.33203125,995245
2021-03-18,13821.958984375,15995.634765625,15995.634765625,15611.87890625,15838.6435546875,1780440
2021-03-19,13626.009765625,15768.8701171875,15925.861328125,15629.322265625,15768.8701171875,829136
2021-03-22,13535.5732421875,15664.2099609375,15768.8701171875,15454.888671875,15733.9833984375,1233271
2021-03-23,13414.9892578125,15524.662109375,15664.2099609375,15350.2275390625,15437.4453125,1142177
2021-03-24,13294.404296875,15385.1142578125,15454.888671875,15001.3583984375,15297.8974609375,1079660
2021-03-25,13038.162109375,15088.576171875,15454.888671875,15036.24609375,15385.1142578125,647292
2021-03-26,13083.3818359375,15140.90625,15210.6796875,14478.0556640625,15088.576171875,1004675
2021-03-29,13414.9892578125,15524.662109375,15524.662109375,15018.802734375,15175.79296875,783045
2021-03-30,13550.6455078125,15681.6533203125,15786.3134765625,15420.0009765625,15629.322265625,1060943
2021-03-31,13460.20703125,15576.9921875,15681.6533203125,15420.0009765625,15420.0009765625,824263
2021-04-01,13837.0322265625,16013.078125,16082.8525390625,15489.775390625,15576.9921875,1475339
2021-04-02,13927.4716796875,16117.7392578125,16257.2861328125,15995.634765625,16187.5126953125,687966
2021-04-05,14002.8359375,16204.9560546875,16327.060546875,16013.078125,16327.060546875,906357
2021-04-06,14002.8359375,16204.9560546875,16396.833984375,15699.0966796875,16204.9560546875,1079603
2021-04-07,14017.9091796875,16222.3994140625,16396.833984375,16047.96484375,16047.96484375,1185029
2021-04-08,14078.201171875,16292.173828125,16466.607421875,16082.8525390625,16396.833984375,1228255
2021-04-09,14228.931640625,16466.607421875,16623.599609375,16152.6259765625,16292.173828125,1761407
2021-04-12,14771.560546875,17094.572265625,17216.67578125,16571.267578125,16571.267578125,3585015
2021-04-13,14982.58203125,17338.779296875,17617.875,17112.015625,17443.44140625,2504465
2021-04-14,15103.16796875,17478.328125,17513.21484375,17094.572265625,17443.44140625,2416237
2021-04-15,15073.021484375,17443.44140625,17757.421875,17303.892578125,17478.328125,2461870
2021-04-16,14756.48828125,17077.12890625,17443.44140625,16920.13671875,17269.005859375,2284153
2021-04-19,14937.36328125,17286.44921875,17286.44921875,16815.4765625,17269.005859375,1787204
2021-04-20,14922.2890625,17269.005859375,17408.552734375,17094.572265625,17286.44921875,2140976
2021-04-21,14922.2890625,17269.005859375,17269.005859375,17269.005859375,17269.005859375,0
2021-04-22,14771.560546875,17094.572265625,17966.744140625,16065.4091796875,17303.892578125,5311022
2021-04-23,15374.48046875,17792.30859375,17792.30859375,17024.798828125,17181.7890625,5084088
2021-04-26,15977.4013671875,18490.046875,18664.48046875,17931.857421875,17966.744140625,5178909
2021-04-27,16037.6943359375,18559.8203125,18629.59375,17931.857421875,18280.7265625,4860451
2021-04-28,16580.32421875,19187.78515625,19187.78515625,18420.2734375,18664.48046875,5062332
2021-04-29,17635.435546875,20408.826171875,20513.486328125,18908.689453125,19362.21875,11905908
2021-04-30,17635.435546875,20408.826171875,20408.826171875,20408.826171875,20408.826171875,0
2021-05-03,17635.435546875,20408.826171875,20408.826171875,20408.826171875,20408.826171875,0
2021-05-04,17936.892578125,20757.693359375,20757.693359375,19606.427734375,19920.408203125,7122018
2021-05-05,18268.5,21141.44921875,21490.318359375,20478.599609375,20757.693359375,6297008
2021-05-06,18630.25390625,21560.091796875,21594.978515625,21036.7890625,21141.44921875,8274772
2021-05-07,18539.814453125,21455.431640625,21490.318359375,20967.015625,21455.431640625,10407407
2021-05-10,18780.984375,21734.52734375,21839.1875,20932.12890625,21280.998046875,10338900
2021-05-11,18992.00390625,21978.734375,22153.169921875,21455.431640625,21769.4140625,7034564
2021-05-12,19293.466796875,22327.603515625,22327.603515625,21455.431640625,21874.07421875,9574917
2021-05-13,19625.072265625,22711.359375,22850.90625,22083.396484375,22153.169921875,7371968
2021-05-14,20077.263671875,23234.662109375,23234.662109375,22257.830078125,22746.24609375,12733210
2021-05-17,19836.095703125,22955.568359375,23513.7578125,22641.5859375,23304.4375,10456165
2021-05-18,20258.142578125,23443.984375,23443.984375,22502.0390625,22955.568359375,8784304
2021-05-19,20348.578125,23548.64453125,23548.64453125,22676.47265625,23199.775390625,11839837
2021-05-20,20137.5546875,23304.4375,23513.7578125,22850.90625,23443.984375,9846308
2021-05-21,20439.015625,23653.3046875,23723.080078125,22676.47265625,23304.4375,12267877
2021-05-24,20439.015625,23653.3046875,23653.3046875,23653.3046875,23653.3046875,0
2021-05-25,20137.5546875,23304.4375,23548.64453125,22816.01953125,22850.90625,9109728
2021-05-26,20378.72265625,23583.53125,23688.19140625,23060.228515625,23234.662109375,10088921
2021-05-27,20288.287109375,23478.87109375,23618.41796875,23060.228515625,23618.41796875,11076341
2021-05-28,20680.185546875,23932.400390625,23967.287109375,23339.32421875,23409.09765625,11440432
2021-05-31,20861.060546875,24141.720703125,24141.720703125,23443.984375,23932.400390625,9498097
2021-06-01,20891.20703125,24176.609375,24490.58984375,23443.984375,23897.513671875,13322228
2021-06-02,21162.51953125,24490.58984375,24525.4765625,23757.966796875,24071.947265625,8417892
2021-06-03,21283.10546875,24630.138671875,24699.912109375,23757.966796875,24455.703125,16984952
2021-06-04,21614.7109375,25013.89453125,25048.78125,23932.400390625,24176.609375,21951919
2021-06-07,21705.1484375,25118.5546875,25118.5546875,24246.3828125,24769.685546875,130846606
2021-06-08,21705.1484375,25118.5546875,25118.5546875,25118.5546875,25118.5546875,0
2021-06-09,21644.859375,25048.78125,25188.328125,24455.703125,24769.685546875,95764364
2021-06-10,21644.859375,25048.78125,25153.44140625,24455.703125,24769.685546875,219366127
2021-06-11,21614.7109375,25013.89453125,25048.78125,24490.58984375,24769.685546875,86038072
2021-06-14,21373.54296875,24734.798828125,24874.345703125,24420.81640625,24874.345703125,100771691
2021-06-15,20047.1171875,23199.775390625,24490.58984375,23025.341796875,24490.58984375,108447929
2021-06-16,20137.5546875,23304.4375,23723.080078125,23025.341796875,23025.341796875,69006168
2021-06-17,19896.388671875,23025.341796875,23164.888671875,22676.47265625,23025.341796875,45096034
2021-06-18,20047.1171875,23199.775390625,23269.548828125,22990.455078125,22990.455078125,42657582
2021-06-21,20047.1171875,23199.775390625,23374.2109375,22990.455078125,23234.662109375,44484916
2021-06-22,19896.388671875,23025.341796875,23304.4375,22850.90625,23199.775390625,46515192
2021-06-23,20800.767578125,24071.947265625,24211.49609375,23688.19140625,23723.080078125,87917575
2021-06-24,20680.185546875,23932.400390625,24281.26953125,23862.626953125,24246.3828125,38401827
2021-06-25,20559.599609375,23792.853515625,24071.947265625,23688.19140625,23897.513671875,31704181
2021-06-28,20499.30859375,23723.080078125,23862.626953125,23618.41796875,23862.626953125,49536385
2021-06-29,20167.703125,23339.32421875,23792.853515625,23304.4375,23723.080078125,44988544
2021-06-30,20408.869140625,23618.41796875,23723.080078125,23374.2109375,23374.2109375,44191396
2021-07-01,21222.8125,24560.36328125,24595.251953125,23583.53125,23792.853515625,88608666
2021-07-02,21735.296875,25153.44140625,25188.328125,24595.251953125,25048.78125,91417171
2021-07-05,21735.296875,25153.44140625,25153.44140625,25153.44140625,25153.44140625,0
2021-07-06,21735.296875,25153.44140625,25153.44140625,25153.44140625,25153.44140625,0
2021-07-07,21735.296875,25153.44140625,25153.44140625,25153.44140625,25153.44140625,0
2021-07-08,21735.296875,25153.44140625,25153.44140625,25153.44140625,25153.44140625,0
2021-07-09,20740.4765625,24002.173828125,24525.4765625,23374.2109375,23967.287109375,60781013
2021-07-12,20740.4765625,24002.173828125,24002.173828125,24002.173828125,24002.173828125,0
2021-07-13,19293.466796875,22327.603515625,22676.47265625,21560.091796875,22467.15234375,51090265
2021-07-14,19293.466796875,22327.603515625,22327.603515625,22327.603515625,22327.603515625,0
2021-07-15,19293.466796875,22327.603515625,22920.681640625,21280.998046875,21490.318359375,50944078
2021-07-16,19293.466796875,22327.603515625,22327.603515625,22327.603515625,22327.603515625,0
2021-07-19,18087.625,20932.12890625,21978.734375,20932.12890625,21769.4140625,48765609
2021-07-20,18268.5,21141.44921875,21280.998046875,20408.826171875,20932.12890625,33401954
2021-07-21,18178.0625,21036.7890625,21525.205078125,21036.7890625,21280.998046875,22295200
2021-07-22,18328.79296875,21211.224609375,21385.658203125,20827.46875,21036.7890625,19022910
2021-07-23,17635.435546875,20408.826171875,21280.998046875,20408.826171875,21176.3359375,32035824
2021-07-26,17092.806640625,19780.861328125,20373.939453125,19711.087890625,20234.390625,26765935
2021-07-27,17183.2421875,19885.521484375,20339.05078125,19745.974609375,20164.6171875,36999868
2021-07-28,16972.220703125,19641.314453125,19920.408203125,19641.314453125,19745.974609375,13282070
2021-07-29,17394.265625,20129.73046875,20304.1640625,19885.521484375,20234.390625,24632755
2021-07-30,18389.0859375,21280.998046875,21280.998046875,20129.73046875,20234.390625,44823439
2021-08-02,18208.208984375,21071.67578125,21455.431640625,21071.67578125,21455.431640625,21716472
2021-08-03,18328.79296875,21211.224609375,21246.111328125,21001.90234375,21001.90234375,24909650
2021-08-04,18328.79296875,21211.224609375,21211.224609375,21211.224609375,21211.224609375,0
2021-08-05,18630.25390625,21560.091796875,21560.091796875,21036.7890625,21141.44921875,23075722
2021-08-06,18268.5,21141.44921875,21629.8671875,21141.44921875,21455.431640625,34227479
2021-08-09,18389.0859375,21280.998046875,21385.658203125,20932.12890625,20932.12890625,25392926
2021-08-10,18389.0859375,21280.998046875,21280.998046875,21280.998046875,21280.998046875,0
2021-08-11,18449.37890625,21350.771484375,21594.978515625,21106.5625,21176.3359375,38625120
2021-08-12,18660.3984375,21594.978515625,21839.1875,21385.658203125,21420.544921875,28342459
2021-08-13,19172.880859375,22188.056640625,22188.056640625,21874.07421875,21978.734375,43358132
2021-08-16,19775.802734375,22885.794921875,23304.4375,22292.716796875,22327.603515625,44829745
2021-08-17,19775.802734375,22885.794921875,22885.794921875,22885.794921875,22885.794921875,0
2021-08-18,19293.466796875,22327.603515625,22711.359375,22188.056640625,22676.47265625,40337512
2021-08-19,19474.34375,22536.92578125,22536.92578125,22013.62109375,22257.830078125,34647121
2021-08-20,18841.27734375,21804.30078125,22397.376953125,21280.998046875,22362.490234375,45699126
2021-08-23,18268.5,21141.44921875,21769.4140625,21141.44921875,21629.8671875,26258007
2021-08-24,18389.0859375,21280.998046875,21664.75390625,21071.67578125,21246.111328125,23921312
2021-08-25,18509.669921875,21420.544921875,21525.205078125,21211.224609375,21455.431640625,10531465
2021-08-26,18328.79296875,21211.224609375,21629.8671875,21176.3359375,21560.091796875,11975848
2021-08-27,18449.37890625,21350.771484375,21350.771484375,20862.35546875,21001.90234375,18447622
2021-08-30,18569.958984375,21490.318359375,21629.8671875,21315.884765625,21594.978515625,11711852
2021-08-31,18569.958984375,21490.318359375,21664.75390625,21420.544921875,21525.205078125,15351902
2021-09-01,18539.814453125,21455.431640625,21629.8671875,21176.3359375,21350.771484375,18801336
2021-09-02,18539.814453125,21455.431640625,21455.431640625,21455.431640625,21455.431640625,0
2021-09-03,18539.814453125,21455.431640625,21455.431640625,21455.431640625,21455.431640625,0
2021-09-06,18419.232421875,21315.884765625,21560.091796875,21246.111328125,21525.205078125,13269744
2021-09-07,19142.736328125,22153.169921875,22257.830078125,21350.771484375,21350.771484375,30144569
2021-09-08,19142.736328125,22153.169921875,22153.169921875,22153.169921875,22153.169921875,0
2021-09-09,19112.591796875,22118.283203125,22153.169921875,21629.8671875,21629.8671875,17675698
2021-09-10,19474.34375,22536.92578125,22816.01953125,22188.056640625,22188.056640625,29349427
2021-09-13,19534.6328125,22606.69921875,23025.341796875,22571.8125,22676.47265625,21348712
2021-09-14,19263.3203125,22292.716796875,22606.69921875,22222.943359375,22606.69921875,17697770
2021-09-15,19263.3203125,22292.716796875,22362.490234375,22013.62109375,22048.509765625,11904188
2021-09-16,19594.927734375,22676.47265625,22676.47265625,22397.376953125,22432.263671875,13473259
2021-09-17,20197.84765625,23374.2109375,23513.7578125,22816.01953125,22850.90625,37451040
2021-09-20,20348.578125,23548.64453125,24002.173828125,23409.09765625,23897.513671875,23278951
2021-09-21,20348.578125,23548.64453125,23548.64453125,23548.64453125,23548.64453125,0
2021-09-22,20348.578125,23548.64453125,23548.64453125,23548.64453125,23548.64453125,0
2021-09-23,20197.84765625,23374.2109375,23583.53125,23130.001953125,23234.662109375,14814164
2021-09-24,20197.84765625,23374.2109375,23478.87109375,23374.2109375,23374.2109375,1231494439
2021-09-27,20197.84765625,23374.2109375,23827.740234375,23304.4375,23339.32421875,27289627
2021-09-28,20137.5546875,23304.4375,23374.2109375,22850.90625,23374.2109375,19949906
2021-09-29,19896.388671875,23025.341796875,23234.662109375,22885.794921875,23234.662109375,18945230
2021-09-30,19866.2421875,22990.455078125,23199.775390625,22816.01953125,23095.115234375,19627148
2021-10-01,19263.3203125,22292.716796875,22920.681640625,22222.943359375,22885.794921875,25581822
2021-10-04,18992.00390625,21978.734375,22292.716796875,21525.205078125,22257.830078125,9539
2021-10-05,18871.423828125,21839.1875,21978.734375,21769.4140625,21943.84765625,25660648
2021-10-06,18871.423828125,21839.1875,21839.1875,21839.1875,21839.1875,0
2021-10-07,20536.970703125,23766.666015625,23933.333984375,23266.666015625,23466.666015625,18672300
2021-10-08,20680.98828125,23933.333984375,24000.0,23533.333984375,23833.333984375,10327950
2021-10-11,20680.98828125,23933.333984375,23933.333984375,23933.333984375,23933.333984375,0
2021-10-12,21141.845703125,24466.666015625,24666.666015625,24166.666015625,24533.333984375,9623250
2021-10-13,21228.255859375,24566.666015625,24600.0,24200.0,24400.0,8458350
2021-10-14,21228.255859375,24566.666015625,24566.666015625,24566.666015625,24566.666015625,0
2021-10-15,21602.705078125,25000.0,25066.666015625,24566.666015625,24633.333984375,17390100
2021-10-18,21602.705078125,25000.0,25000.0,25000.0,25000.0,0
2021-10-19,22178.77734375,25666.666015625,25766.666015625,25433.333984375,25700.0,15157950
2021-10-20,22063.564453125,25533.333984375,25866.666015625,25166.666015625,25633.333984375,12610650
2021-10-21,21631.509765625,25033.333984375,25666.666015625,25033.333984375,25533.333984375,13495200
2021-10-22,21429.884765625,24800.0,25266.666015625,24800.0,25166.666015625,10418850
2021-10-25,21429.884765625,24800.0,24800.0,24800.0,24800.0,0
2021-10-26,21343.474609375,24700.0,24700.0,24133.333984375,24433.333984375,8560800
2021-10-27,21861.939453125,25300.0,25433.333984375,24700.0,25000.0,10157850
2021-10-28,22236.384765625,25733.333984375,25733.333984375,25300.0,25633.333984375,16000050
2021-10-29,21919.544921875,25366.666015625,26000.0,25266.666015625,25800.0,11776050
2021-11-01,21919.544921875,25366.666015625,25366.666015625,25366.666015625,25366.666015625,0
2021-11-02,21717.919921875,25133.333984375,25033.333984375,24900.0,24933.333984375,8536500
2021-11-03,22121.169921875,25600.0,26000.0,25000.0,25000.0,26433300
2021-11-04,21890.744140625,25333.333984375,25700.0,25266.666015625,25700.0,6869250
2021-11-05,21861.939453125,25300.0,25633.333984375,25233.333984375,25333.333984375,6577050
2021-11-08,21631.509765625,25033.333984375,25466.666015625,25000.0,25466.666015625,12098400
2021-11-09,21343.474609375,24700.0,25133.333984375,24700.0,25066.666015625,15206850
2021-11-10,21141.845703125,24466.666015625,24800.0,24400.0,24733.333984375,9415800
2021-11-11,21026.634765625,24333.333984375,24700.0,23700.0,24466.666015625,13803900
2021-11-12,21170.65234375,24500.0,24666.666015625,23966.666015625,24333.333984375,10422750
2021-11-15,20825.009765625,24100.0,24433.333984375,24033.333984375,24400.0,15141600
2021-11-16,20825.009765625,24100.0,24666.666015625,23933.333984375,24100.0,13641600
2021-11-17,20825.009765625,24100.0,24333.333984375,23900.0,24166.666015625,17919000
2021-11-18,20392.955078125,23600.0,24133.333984375,23600.0,24000.0,18216450
2021-11-19,20853.8125,24133.333984375,24533.333984375,23233.333984375,23666.666015625,29376000
2021-11-22,21141.845703125,24466.666015625,25100.0,23933.333984375,24133.333984375,25579200
2021-11-23,20882.615234375,24166.666015625,24733.333984375,24066.666015625,24600.0,11292150
2021-11-24,21487.490234375,24866.666015625,25066.666015625,23933.333984375,24166.666015625,53975700
2021-11-25,21890.744140625,25333.333984375,25666.666015625,24933.333984375,25233.333984375,48728100
2021-11-26,22582.029296875,26133.333984375,26333.333984375,25466.666015625,25600.0,67123650
2021-11-29,22121.169921875,25600.0,25933.333984375,25333.333984375,25733.333984375,38247300
2021-11-30,21717.919921875,25133.333984375,25933.333984375,24866.666015625,25866.666015625,30733350
2021-12-01,21833.134765625,25266.666015625,25266.666015625,24633.333984375,25000.0,28669650
2021-12-02,21314.669921875,24666.666015625,25300.0,24666.666015625,25266.666015625,15629100
2021-12-03,20565.77734375,23800.0,25033.333984375,23533.333984375,24866.666015625,34852350
2021-12-06,20450.560546875,23666.666015625,24033.333984375,22666.666015625,23833.333984375,32016000
2021-12-07,20536.970703125,23766.666015625,24033.333984375,23233.333984375,23800.0,23041650
2021-12-08,20594.580078125,23833.333984375,24266.666015625,23333.333984375,23800.0,24737550
2021-12-09,20508.169921875,23733.333984375,23966.666015625,23600.0,23600.0,19444500
2021-12-10,20623.3828125,23866.666015625,24133.333984375,23700.0,23833.333984375,22914600
2021-12-13,20392.955078125,23600.0,24066.666015625,23533.333984375,24000.0,17354700
2021-12-14,20162.525390625,23333.333984375,23866.666015625,23333.333984375,23600.0,24132900
2021-12-15,19960.900390625,23100.0,23400.0,22966.666015625,23333.333984375,37458150
2021-12-16,19413.630859375,22466.666015625,23333.333984375,22333.333984375,23333.333984375,56214750
2021-12-17,19471.240234375,22533.333984375,22933.333984375,22466.666015625,22600.0,41414850
2021-12-20,19672.865234375,22766.666015625,23300.0,22533.333984375,22866.666015625,33886200
2021-12-21,19672.865234375,22766.666015625,23000.0,22666.666015625,22666.666015625,17524950
2021-12-22,19356.025390625,22400.0,22933.333984375,22400.0,22800.0,30016500
2021-12-23,18664.73828125,21600.0,22600.0,21533.333984375,22400.0,27228300
2021-12-24,19730.47265625,22833.333984375,22900.0,21666.666015625,21800.0,19646400
2021-12-27,19788.078125,22900.0,23133.333984375,22666.666015625,23033.333984375,10703550
2021-12-28,19903.294921875,23033.333984375,23033.333984375,22733.333984375,23000.0,14803950
2021-12-29,20018.5078125,23166.666015625,23466.666015625,23100.0,23133.333984375,13249950
2021-12-30,20392.955078125,23600.0,23700.0,23233.333984375,23266.666015625,14293800
2021-12-31,20623.3828125,23866.666015625,24133.333984375,23633.333984375,23666.666015625,16842600
2022-01-03,20623.3828125,23866.666015625,23866.666015625,23866.666015625,23866.666015625,0
2022-01-04,20767.400390625,24033.333984375,24233.333984375,24000.0,24100.0,21461850
2022-01-05,20450.560546875,23666.666015625,24100.0,23666.666015625,24033.333984375,19893900
2022-01-06,20248.935546875,23433.333984375,23666.666015625,23266.666015625,23533.333984375,21517200
2022-01-07,19932.09765625,23066.666015625,23433.333984375,23066.666015625,23400.0,17994300
2022-01-10,19816.884765625,22933.333984375,23400.0,22766.666015625,23000.0,16574700
2022-01-11,19759.2734375,22866.666015625,23200.0,22666.666015625,22933.333984375,13968450
2022-01-12,20392.955078125,23600.0,23633.333984375,22566.666015625,22800.0,18138150
2022-01-13,20306.544921875,23500.0,24166.666015625,23300.0,23800.0,23784900
2022-01-14,20076.115234375,23233.333984375,23600.0,23133.333984375,23500.0,10368150
2022-01-17,19039.185546875,22033.333984375,23400.0,22033.333984375,23233.333984375,19138350
2022-01-18,19154.396484375,22166.666015625,22600.0,22000.0,22033.333984375,9514650
2022-01-19,19298.41796875,22333.333984375,22633.333984375,22200.0,22200.0,9773400
2022-01-20,19557.650390625,22633.333984375,22633.333984375,22133.333984375,22400.0,11635200
2022-01-21,19759.2734375,22866.666015625,23166.666015625,22366.666015625,22666.666015625,13690650
2022-01-24,19269.615234375,22300.0,22900.0,22000.0,22700.0,17997300
2022-01-25,20104.91796875,23266.666015625,23266.666015625,22066.666015625,22266.666015625,17550750
2022-01-26,20680.98828125,23933.333984375,24233.333984375,23200.0,23266.666015625,28207500
2022-01-27,20421.759765625,23633.333984375,24433.333984375,23600.0,23933.333984375,24626250
2022-01-28,21113.046875,24433.333984375,24466.666015625,23666.666015625,23766.666015625,36132900
2022-01-31,21113.046875,24433.333984375,24433.333984375,24433.333984375,24433.333984375,0
2022-02-01,21113.046875,24433.333984375,24433.333984375,24433.333984375,24433.333984375,0
2022-02-02,21113.046875,24433.333984375,24433.333984375,24433.333984375,24433.333984375,0
2022-02-03,21113.046875,24433.333984375,24433.333984375,24433.333984375,24433.333984375,0
2022-02-04,21113.046875,24433.333984375,24433.333984375,24433.333984375,24433.333984375,0
2022-02-07,20911.419921875,24200.0,24800.0,24200.0,24666.666015625,16849800
2022-02-08,21487.490234375,24866.666015625,25266.666015625,24066.666015625,24100.0,33448350
2022-02-09,21372.27734375,24733.333984375,25333.333984375,24733.333984375,25000.0,27062850
2022-02-10,21141.845703125,24466.666015625,24833.333984375,24100.0,24700.0,23062650
2022-02-11,21084.240234375,24400.0,24800.0,24333.333984375,24533.333984375,17688600
2022-02-14,20162.525390625,23333.333984375,24300.0,23333.333984375,24133.333984375,29958150
2022-02-15,20162.525390625,23333.333984375,23333.333984375,23333.333984375,23333.333984375,0
2022-02-16,20536.970703125,23766.666015625,24266.666015625,23766.666015625,24066.666015625,10366650
2022-02-17,20911.419921875,24200.0,24200.0,23700.0,23766.666015625,16415700
2022-02-18,20680.98828125,23933.333984375,24000.0,23800.0,23933.333984375,14540700
2022-02-21,20680.98828125,23933.333984375,24100.0,23600.0,23866.666015625,15255750
2022-02-22,20479.365234375,23700.0,23933.333984375,23466.666015625,23666.666015625,16038450
2022-02-23,20680.98828125,23933.333984375,24100.0,23666.666015625,23800.0,20465400
2022-02-24,21257.0625,24600.0,24800.0,23733.333984375,23900.0,53595600
2022-02-25,22005.95703125,25466.666015625,25866.666015625,24666.666015625,24866.666015625,74069550
2022-02-28,21890.744140625,25333.333984375,25800.0,25000.0,25466.666015625,32003400
2022-03-01,21746.724609375,25166.666015625,25466.666015625,24966.666015625,25266.666015625,25304100
2022-03-02,21026.634765625,24333.333984375,24933.333984375,24333.333984375,24933.333984375,43642950
2022-03-03,21573.900390625,24966.666015625,24966.666015625,24333.333984375,24533.333984375,30217500
2022-03-04,21948.349609375,25400.0,25966.666015625,24966.666015625,25000.0,70869600
2022-03-07,21717.919921875,25133.333984375,25533.333984375,24900.0,25333.333984375,28885650
2022-03-08,21314.669921875,24666.666015625,25133.333984375,24500.0,25000.0,24404700
2022-03-09,21228.255859375,24566.666015625,24833.333984375,24333.333984375,24766.666015625,20632050
2022-03-10,21170.65234375,24500.0,25033.333984375,24500.0,25000.0,16467150
2022-03-11,20969.02734375,24266.666015625,24700.0,24133.333984375,24433.333984375,16269600
2022-03-14,20738.59765625,24000.0,24200.0,23733.333984375,24066.666015625,21284700
2022-03-15,21257.0625,24600.0,24633.333984375,24000.0,24000.0,17439150
2022-03-16,21199.45703125,24533.333984375,24833.333984375,24533.333984375,24666.666015625,12866250
2022-03-17,20997.830078125,24300.0,24733.333984375,24300.0,24633.333984375,12367500
2022-03-18,20882.615234375,24166.666015625,24466.666015625,24133.333984375,24366.666015625,14202600
2022-03-21,21199.45703125,24533.333984375,24600.0,24066.666015625,24333.333984375,9870000
2022-03-22,21228.255859375,24566.666015625,25066.666015625,24533.333984375,24533.333984375,15695400
2022-03-23,21113.046875,24433.333984375,24700.0,24433.333984375,24700.0,13929150
2022-03-24,20940.22265625,24233.333984375,24466.666015625,24233.333984375,24433.333984375,19009500
2022-03-25,21170.65234375,24500.0,24600.0,24200.0,24233.333984375,14401200
2022-03-28,20882.615234375,24166.666015625,24433.333984375,24000.0,24433.333984375,18345300
2022-03-29,20969.02734375,24266.666015625,24333.333984375,24166.666015625,24166.666015625,11134950
2022-03-30,21199.45703125,24533.333984375,24966.666015625,24133.333984375,24200.0,24933600
2022-03-31,21429.884765625,24800.0,25000.0,24533.333984375,24600.0,13743450
2022-04-01,22236.384765625,25733.333984375,25733.333984375,24666.666015625,24733.333984375,55286850
2022-04-04,22466.814453125,26000.0,26600.0,25933.333984375,26400.0,36755550
2022-04-05,22063.564453125,25533.333984375,26133.333984375,25433.333984375,25800.0,23659050
2022-04-06,23014.08203125,26633.333984375,26800.0,25233.333984375,25400.0,61602750
2022-04-07,22927.671875,26533.333984375,27366.666015625,26533.333984375,26733.333984375,47375700
2022-04-08,22351.6015625,25866.666015625,26700.0,25866.666015625,26533.333984375,35994900
2022-04-11,22351.6015625,25866.666015625,25866.666015625,25866.666015625,25866.666015625,0
2022-04-12,22466.814453125,26000.0,26800.0,26000.0,26066.666015625,37805850
2022-04-13,22466.814453125,26000.0,26300.0,25333.333984375,26266.666015625,37905150
2022-04-14,22754.849609375,26333.333984375,27066.666015625,25933.333984375,26000.0,35063550
2022-04-15,22178.77734375,25666.666015625,26466.666015625,25133.333984375,26200.0,44658150
2022-04-18,21113.046875,24433.333984375,25733.333984375,24433.333984375,25666.666015625,43134000
2022-04-19,20623.3828125,23866.666015625,24966.666015625,23800.0,24566.666015625,36181050
2022-04-20,20277.740234375,23466.666015625,24166.666015625,23466.666015625,23666.666015625,32001900
2022-04-21,20450.560546875,23666.666015625,24333.333984375,23000.0,23400.0,28379100
2022-04-22,21199.45703125,24533.333984375,24800.0,23600.0,24133.333984375,34057950
2022-04-25,19730.47265625,22833.333984375,24633.333984375,22833.333984375,24433.333984375,49109400
2022-04-26,20969.02734375,24266.666015625,24400.0,22066.666015625,22400.0,33969150
2022-04-27,20709.79296875,23966.666015625,24300.0,23600.0,24000.0,18704850
2022-04-28,21026.634765625,24333.333984375,24466.666015625,23900.0,24066.666015625,16688700
2022-04-29,21141.845703125,24466.666015625,24600.0,24200.0,24333.333984375,19879500
2022-05-02,21141.845703125,24466.666015625,24466.666015625,24466.666015625,24466.666015625,0
2022-05-03,21141.845703125,24466.666015625,24466.666015625,24466.666015625,24466.666015625,0
2022-05-04,20623.3828125,23866.666015625,24500.0,23866.666015625,24500.0,18026700
2022-05-05,20479.365234375,23700.0,24233.333984375,23166.666015625,24233.333984375,15937800
2022-05-06,19672.865234375,22766.666015625,23433.333984375,22766.666015625,23333.333984375,19184250
2022-05-09,18319.095703125,21200.0,22633.333984375,21200.0,22466.666015625,35896800
2022-05-10,19183.203125,22200.0,22200.0,20766.666015625,20766.666015625,22636500
2022-05-11,19240.806640625,22266.666015625,22600.0,21700.0,22200.0,11420400
2022-05-12,17915.84375,20733.333984375,22000.0,20733.333984375,21966.666015625,26857050
2022-05-13,16706.09375,19333.333984375,21066.666015625,19333.333984375,20800.0,30700200
2022-05-16,16706.09375,19333.333984375,20366.666015625,19333.333984375,20000.0,18401700
2022-05-17,17858.236328125,20666.666015625,20666.666015625,19300.0,19333.333984375,15581850
2022-05-18,17829.435546875,20633.333984375,21433.333984375,20466.666015625,21000.0,17815800
2022-05-19,17541.396484375,20300.0,20600.0,19966.666015625,20066.666015625,13786200
2022-05-20,17627.806640625,20400.0,20633.333984375,20200.0,20400.0,11123250
2022-05-23,16878.916015625,19533.333984375,20533.333984375,19466.666015625,20533.333984375,16576050
2022-05-24,17282.166015625,20000.0,20133.333984375,19466.666015625,19733.333984375,14838000
2022-05-25,18146.271484375,21000.0,21000.0,20133.333984375,20233.333984375,19259250
2022-05-26,17887.041015625,20700.0,21166.666015625,20700.0,21133.333984375,12941100
2022-05-27,17915.84375,20733.333984375,20866.666015625,20500.0,20733.333984375,15838050
2022-05-30,18203.87890625,21066.666015625,21066.666015625,20700.0,20966.666015625,17781000
2022-05-31,17858.236328125,20666.666015625,21066.666015625,20533.333984375,21000.0,15427200
2022-06-01,17771.826171875,20566.666015625,20800.0,20266.666015625,20600.0,15043950
2022-06-02,17771.826171875,20566.666015625,20566.666015625,20566.666015625,20566.666015625,0
2022-06-03,17714.21875,20500.0,20500.0,20100.0,20133.333984375,10686450
2022-06-06,17627.806640625,20400.0,20800.0,20233.333984375,20466.666015625,11554650
2022-06-07,17541.396484375,20300.0,20466.666015625,19866.666015625,20366.666015625,11736900
2022-06-08,18319.095703125,21200.0,21300.0,20166.666015625,20400.0,28520850
2022-06-09,18146.271484375,21000.0,21300.0,21000.0,21266.666015625,14104350
2022-06-10,17800.62890625,20600.0,21166.666015625,20600.0,20866.666015625,14484450
2022-06-13,16562.072265625,19166.666015625,20300.0,19166.666015625,20000.0,31440750
2022-06-14,16619.6796875,19233.333984375,19466.666015625,18800.0,18800.0,17275500
2022-06-15,16619.6796875,19233.333984375,19600.0,18400.0,19233.333984375,19265700
2022-06-16,16706.09375,19333.333984375,19600.0,19300.0,19466.666015625,7878600
2022-06-17,16072.4140625,18600.0,19000.0,18200.0,18866.666015625,18821100
2022-06-20,15611.5556640625,18066.666015625,18666.666015625,17666.666015625,18600.0,14788950
2022-06-21,15669.1630859375,18133.333984375,18633.333984375,17866.666015625,18233.333984375,10805700
2022-06-22,16360.44921875,18933.333984375,19300.0,18333.333984375,18566.666015625,10582350
2022-06-23,16389.251953125,18966.666015625,19033.333984375,18633.333984375,18666.666015625,7132350
2022-06-24,16216.4306640625,18766.666015625,19166.666015625,18766.666015625,18866.666015625,5410950
2022-06-27,16648.484375,19266.666015625,19400.0,18833.333984375,18866.666015625,8809200
2022-06-28,17282.166015625,20000.0,20233.333984375,19000.0,19000.0,18268650
2022-06-29,17282.166015625,20000.0,20166.666015625,19666.666015625,19733.333984375,12583350
2022-06-30,16706.09375,19333.333984375,20133.333984375,19333.333984375,19933.333984375,11820600
2022-07-01,16763.701171875,19400.0,19566.666015625,18733.333984375,19400.0,10543350
2022-07-04,16821.306640625,19466.666015625,19666.666015625,19233.333984375,19466.666015625,13272900
2022-07-05,16994.12890625,19666.666015625,19900.0,19466.666015625,19500.0,17112750
2022-07-06,16590.87890625,19200.0,19700.0,19200.0,19533.333984375,8384250
2022-07-07,16648.484375,19266.666015625,19366.666015625,18966.666015625,19233.333984375,11782650
2022-07-08,16475.662109375,19066.666015625,19433.333984375,19033.333984375,19333.333984375,11010600
2022-07-11,15841.986328125,18333.333984375,19000.0,18333.333984375,18933.333984375,12711600
2022-07-12,15841.986328125,18333.333984375,18333.333984375,18333.333984375,18333.333984375,0
2022-07-13,15986.0029296875,18500.0,18800.0,18366.666015625,18533.333984375,15802950
2022-07-14,16158.8251953125,18700.0,18733.333984375,18333.333984375,18433.333984375,14691450
2022-07-15,16274.0380859375,18833.333984375,18900.0,18700.0,18733.333984375,13098300
2022-07-18,16216.4306640625,18766.666015625,19100.0,18766.666015625,19000.0,11306100
2022-07-19,16130.0205078125,18666.666015625,18766.666015625,18500.0,18766.666015625,9350850
2022-07-20,16216.4306640625,18766.666015625,18966.666015625,18733.333984375,18866.666015625,14547450
2022-07-21,16245.2353515625,18800.0,18900.0,18666.666015625,18800.0,13888200
2022-07-22,16216.4306640625,18766.666015625,19000.0,18733.333984375,18866.666015625,10906050
2022-07-25,15928.39453125,18433.333984375,18766.666015625,18433.333984375,18766.666015625,11720700
2022-07-26,15957.19921875,18466.666015625,18700.0,18366.666015625,18400.0,11128350
2022-07-27,15957.19921875,18466.666015625,18500.0,18300.0,18400.0,9593700
2022-07-28,16360.44921875,18933.333984375,19200.0,18533.333984375,18666.666015625,28404450
2022-07-29,16533.271484375,19133.333984375,19133.333984375,18866.666015625,19000.0,19478100
2022-08-01,16763.701171875,19400.0,19400.0,19033.333984375,19133.333984375,19094100
2022-08-02,16734.896484375,19366.666015625,19533.333984375,19166.666015625,19533.333984375,17950500
2022-08-03,16706.09375,19333.333984375,19433.333984375,19100.0,19233.333984375,19549650
2022-08-04,16936.521484375,19600.0,19966.666015625,19366.666015625,19500.0,27252600
2022-08-05,16907.716796875,19566.666015625,19666.666015625,19300.0,19600.0,18279150
2022-08-08,17282.166015625,20000.0,20000.0,19466.666015625,19600.0,25773900
2022-08-09,17426.18359375,20166.666015625,20533.333984375,20000.0,20133.333984375,30517350
2022-08-10,17339.771484375,20066.666015625,20233.333984375,19966.666015625,20200.0,16425150
2022-08-11,17051.736328125,19733.333984375,20333.333984375,19733.333984375,20266.666015625,22533900
2022-08-12,17224.55859375,19933.333984375,19933.333984375,19600.0,19766.666015625,13050750
2022-08-15,17483.791015625,20233.333984375,20300.0,20000.0,20133.333984375,16812450
2022-08-16,17368.576171875,20100.0,20233.333984375,19966.666015625,20233.333984375,15348450
2022-08-17,17368.576171875,20100.0,20333.333984375,20033.333984375,20133.333984375,15590400
2022-08-18,17310.96875,20033.333984375,20233.333984375,19966.666015625,20200.0,17776650
2022-08-19,18002.25390625,20833.333984375,21200.0,20033.333984375,20133.333984375,47664600
2022-08-22,18002.25390625,20833.333984375,21066.666015625,20633.333984375,20833.333984375,20098200
2022-08-23,17973.451171875,20800.0,20800.0,20333.333984375,20533.333984375,13274400
2022-08-24,18088.666015625,20933.333984375,21066.666015625,20700.0,20800.0,19132200
2022-08-25,18405.505859375,21300.0,21566.666015625,21033.333984375,21033.333984375,26184000
2022-08-26,18203.87890625,21066.666015625,21733.333984375,20866.666015625,21466.666015625,22696800
2022-08-29,17973.451171875,20800.0,21000.0,20400.0,20666.666015625,26955300
2022-08-30,18059.861328125,20900.0,21333.333984375,20800.0,20933.333984375,13667100
2022-08-31,18319.095703125,21200.0,21200.0,20766.666015625,20966.666015625,12684600
2022-09-01,18319.095703125,21200.0,21200.0,21200.0,21200.0,0
2022-09-02,18319.095703125,21200.0,21200.0,21200.0,21200.0,0
2022-09-05,18031.05859375,20866.666015625,21200.0,20833.333984375,21133.333984375,17904600
2022-09-06,18088.666015625,20933.333984375,21200.0,20766.666015625,20866.666015625,17363250
2022-09-07,17454.986328125,20200.0,20933.333984375,20200.0,20933.333984375,27903000
2022-09-08,17224.55859375,19933.333984375,20333.333984375,19933.333984375,20233.333984375,15981450
2022-09-09,17570.201171875,20333.333984375,20533.333984375,19933.333984375,20166.666015625,26485200
2022-09-12,17541.396484375,20300.0,20766.666015625,20266.666015625,20466.666015625,11639100
2022-09-13,17570.201171875,20333.333984375,20466.666015625,20233.333984375,20300.0,10131150
2022-09-14,17454.986328125,20200.0,20200.0,19866.666015625,19866.666015625,22848900
2022-09-15,17454.986328125,20200.0,20500.0,20200.0,20300.0,13907700
2022-09-16,17599.00390625,20366.666015625,20800.0,20266.666015625,20266.666015625,25418550
2022-09-19,17224.55859375,19933.333984375,20666.666015625,19866.666015625,20466.666015625,22450800
2022-09-20,17282.166015625,20000.0,20200.0,19666.666015625,20133.333984375,18792600
2022-09-21,16994.12890625,19666.666015625,20000.0,19400.0,19866.666015625,18869250
2022-09-22,16878.916015625,19533.333984375,19766.666015625,19266.666015625,19466.666015625,12812100
2022-09-23,16562.072265625,19166.666015625,19733.333984375,19133.333984375,19566.666015625,14770950
2022-09-26,15899.5927734375,18400.0,18966.666015625,18033.333984375,18866.666015625,26629950
2022-09-27,15784.375,18266.666015625,18666.666015625,18100.0,18533.333984375,29153250
2022-09-28,15986.0029296875,18500.0,18750.0,18300.0,18600.0,10527500
2022-09-29,15553.9482421875,18000.0,18800.0,18000.0,18750.0,5605100
2022-09-30,15553.9482421875,18000.0,18250.0,17100.0,18200.0,15853300
2022-10-03,14689.83984375,17000.0,17850.0,16750.0,17850.0,24720900
2022-10-04,14517.01953125,16800.0,17550.0,16000.0,17200.0,17447600
2022-10-05,14689.83984375,17000.0,17450.0,16800.0,17400.0,13912600
2022-10-06,14257.7861328125,16500.0,17100.0,15850.0,17100.0,13937100
2022-10-07,13264.0615234375,15350.0,16400.0,15350.0,16000.0,19180300
2022-10-10,13264.0615234375,15350.0,15900.0,14300.0,14800.0,14888700
2022-10-11,13264.0615234375,15350.0,15350.0,14300.0,15000.0,19258200
2022-10-12,13825.732421875,16000.0,16200.0,15000.0,15300.0,10409800
2022-10-13,13825.732421875,16000.0,16200.0,15400.0,16100.0,11415600
2022-10-14,13955.34765625,16150.0,16500.0,16000.0,16500.0,8932700
2022-10-17,13782.52734375,15950.0,16150.0,15300.0,15800.0,7432900
2022-10-18,13782.52734375,15950.0,16350.0,15950.0,16200.0,7378800
2022-10-19,13782.52734375,15950.0,16100.0,15700.0,16100.0,9833500
2022-10-20,13782.52734375,15950.0,16150.0,15700.0,15850.0,8684100
2022-10-21,13436.8837890625,15550.0,16000.0,15100.0,16000.0,13706600
2022-10-24,13307.2666015625,15400.0,15650.0,14800.0,15600.0,10493200
2022-10-25,13350.47265625,15450.0,16050.0,14900.0,15250.0,15262300
2022-10-26,13436.8837890625,15550.0,15750.0,15200.0,15500.0,7060400
2022-10-27,14300.9912109375,16550.0,16550.0,15050.0,15500.0,20959900
2022-10-28,14128.169921875,16350.0,16900.0,16350.0,16600.0,8111200
2022-10-31,14128.169921875,16350.0,16600.0,15650.0,16500.0,11070200
2022-11-01,14862.6611328125,17200.0,17450.0,16500.0,16500.0,25628600
2022-11-02,15121.89453125,17500.0,17800.0,16900.0,17200.0,21507900
2022-11-03,15121.89453125,17500.0,17650.0,17150.0,17150.0,11402300
2022-11-04,14646.634765625,16950.0,17400.0,16550.0,17150.0,32346400
2022-11-07,14776.251953125,17100.0,17350.0,16850.0,17100.0,23171500
2022-11-08,14862.6611328125,17200.0,17250.0,16650.0,16800.0,22335400
2022-11-09,15121.89453125,17500.0,17650.0,17050.0,17350.0,16395500
2022-11-10,14084.96484375,16300.0,17400.0,16300.0,17400.0,23021600
2022-11-11,14084.96484375,16300.0,17000.0,16250.0,16650.0,17937800
2022-11-14,13566.4990234375,15700.0,16150.0,15200.0,16000.0,16001400
2022-11-15,12659.185546875,14650.0,15700.0,14650.0,15150.0,18164400
2022-11-16,13393.677734375,15500.0,15650.0,13650.0,13650.0,29662500
2022-11-17,13393.677734375,15500.0,15850.0,15350.0,15750.0,13169500
2022-11-18,13393.677734375,15500.0,15750.0,14700.0,15000.0,16315900
2022-11-21,13393.677734375,15500.0,15700.0,15100.0,15700.0,11391400
2022-11-22,13393.677734375,15500.0,16450.0,15100.0,15250.0,16566500
2022-11-23,13004.8291015625,15050.0,15600.0,15050.0,15250.0,6000000
2022-11-24,13048.0341796875,15100.0,15250.0,14550.0,14850.0,10247900
2022-11-25,13393.677734375,15500.0,15500.0,15150.0,15300.0,9694700
2022-11-28,13912.142578125,16100.0,16200.0,15600.0,15600.0,16558000
2022-11-29,13955.34765625,16150.0,16350.0,15550.0,16200.0,16820500
2022-11-30,14517.01953125,16800.0,17000.0,15900.0,16250.0,23312200
2022-12-01,14517.01953125,16800.0,17400.0,16600.0,17050.0,31045800
2022-12-02,14949.072265625,17300.0,17400.0,16550.0,16800.0,25887700
2022-12-05,15683.5654296875,18150.0,18400.0,17450.0,17700.0,43389200
2022-12-06,14603.4296875,16900.0,18600.0,16900.0,18150.0,34482600
2022-12-07,13998.5537109375,16200.0,17000.0,15850.0,16800.0,26221800
2022-12-08,14689.83984375,17000.0,17300.0,16400.0,16450.0,29415300
2022-12-09,14603.4296875,16900.0,17200.0,16650.0,17150.0,13749900
2022-12-12,14387.4013671875,16650.0,17450.0,16650.0,16950.0,23202300
2022-12-13,14776.251953125,17100.0,17100.0,16400.0,16700.0,18048300
2022-12-14,14733.044921875,17050.0,17350.0,17000.0,17250.0,18923500
2022-12-15,15726.76953125,18200.0,18200.0,17050.0,17050.0,66731500
2022-12-16,15986.0029296875,18500.0,18850.0,18300.0,18450.0,27564100
2022-12-19,15510.7421875,17950.0,18750.0,17950.0,18350.0,29429800
2022-12-20,14949.072265625,17300.0,17900.0,16900.0,17900.0,26419500
2022-12-21,15251.5107421875,17650.0,17900.0,17000.0,17500.0,20499300
2022-12-22,15942.796875,18450.0,18850.0,17950.0,18000.0,52431700
2022-12-23,15856.38671875,18350.0,18650.0,18100.0,18450.0,16849000
2022-12-26,14862.6611328125,17200.0,18500.0,17200.0,18350.0,26485700
2022-12-27,15467.537109375,17900.0,17900.0,17150.0,17300.0,14921400
2022-12-28,15683.5654296875,18150.0,18500.0,17500.0,17900.0,17482100
2022-12-29,15381.126953125,17800.0,18500.0,17800.0,18100.0,20198000
2022-12-30,15467.537109375,17900.0,18100.0,17600.0,17900.0,10035400
2023-01-02,15467.537109375,17900.0,17900.0,17900.0,17900.0,0
2023-01-03,15986.0029296875,18500.0,18500.0,17800.0,18000.0,20274800
2023-01-04,16331.646484375,18900.0,19300.0,18500.0,18500.0,42535900
2023-01-05,16374.8515625,18950.0,19050.0,18550.0,19000.0,15385600
2023-01-06,16374.8515625,18950.0,19650.0,18800.0,18850.0,31406400
2023-01-09,16288.4384765625,18850.0,19300.0,18800.0,19200.0,18731600
2023-01-10,16158.8251953125,18700.0,19000.0,18550.0,18850.0,13485000
2023-01-11,15942.796875,18450.0,19000.0,18450.0,19000.0,17427300
2023-01-12,16158.8251953125,18700.0,18750.0,18400.0,18600.0,15245400
2023-01-13,16763.701171875,19400.0,19500.0,18550.0,18850.0,25700900
2023-01-16,16763.701171875,19400.0,19600.0,19200.0,19600.0,17941500
2023-01-17,16936.521484375,19600.0,19600.0,19350.0,19500.0,32912200
2023-01-18,16979.724609375,19650.0,19800.0,19400.0,19600.0,19675400
2023-01-19,16850.111328125,19500.0,19700.0,19400.0,19550.0,18347800
2023-01-20,16850.111328125,19500.0,19500.0,19500.0,19500.0,0
2023-01-23,16850.111328125,19500.0,19500.0,19500.0,19500.0,0
2023-01-24,16850.111328125,19500.0,19500.0,19500.0,19500.0,0
2023-01-25,16850.111328125,19500.0,19500.0,19500.0,19500.0,0
2023-01-26,16850.111328125,19500.0,19500.0,19500.0,19500.0,0
2023-01-27,17022.931640625,19700.0,20250.0,19400.0,19650.0,24443100
2023-01-30,16634.08203125,19250.0,19750.0,19250.0,19700.0,23819000
2023-01-31,16806.904296875,19450.0,19500.0,19050.0,19150.0,25095200
2023-02-01,15813.1806640625,18300.0,19600.0,18100.0,19550.0,32198300
2023-02-02,15899.5927734375,18400.0,18700.0,18150.0,18600.0,25931700
2023-02-03,15769.9755859375,18250.0,18550.0,18050.0,18500.0,20039600
2023-02-06,15986.0029296875,18500.0,18550.0,17950.0,18150.0,16961600
2023-02-07,15510.7421875,17950.0,18650.0,17950.0,18550.0,15658900
2023-02-08,15510.7421875,17950.0,18250.0,17850.0,18100.0,11578100
2023-02-09,15553.9482421875,18000.0,18550.0,17900.0,17950.0,15157900
2023-02-10,15121.89453125,17500.0,18300.0,17500.0,18000.0,13102800
2023-02-13,14689.83984375,17000.0,17650.0,16600.0,17600.0,25784300
2023-02-14,14430.6083984375,16700.0,17200.0,16700.0,17000.0,16873000
2023-02-15,14862.6611328125,17200.0,17200.0,16700.0,16700.0,12674000
2023-02-16,15121.89453125,17500.0,17600.0,17100.0,17400.0,14454300
2023-02-17,14949.072265625,17300.0,17500.0,17200.0,17300.0,10770300
2023-02-20,15813.1806640625,18300.0,18300.0,17100.0,17100.0,20553100
2023-02-21,15381.126953125,17800.0,18400.0,17800.0,18400.0,18376200
2023-02-22,15078.6884765625,17450.0,18000.0,17450.0,17600.0,16999300
2023-02-23,15165.099609375,17550.0,17550.0,17100.0,17450.0,12980300
2023-02-24,14819.45703125,17150.0,17650.0,17150.0,17550.0,10418800
2023-02-27,14689.83984375,17000.0,17150.0,16550.0,17000.0,10311400
2023-02-28,14733.044921875,17050.0,17250.0,16900.0,17150.0,8629400
2023-03-01,15078.6884765625,17450.0,17500.0,16700.0,16850.0,9654500
2023-03-02,14949.072265625,17300.0,17550.0,17250.0,17450.0,4287200
2023-03-03,14689.83984375,17000.0,17500.0,16900.0,17450.0,8977500
2023-03-06,14776.251953125,17100.0,17500.0,17050.0,17300.0,13129000
2023-03-07,15035.4833984375,17400.0,17700.0,17300.0,17400.0,13127900
2023-03-08,15683.5654296875,18150.0,18150.0,17200.0,17200.0,27188600
2023-03-09,15726.76953125,18200.0,18300.0,18000.0,18150.0,15264000
2023-03-10,15813.1806640625,18300.0,18300.0,17900.0,17900.0,14754800
2023-03-13,16763.701171875,19400.0,19400.0,18600.0,18800.0,41362700
2023-03-14,16763.701171875,19400.0,19600.0,19100.0,19600.0,22988900
2023-03-15,17109.341796875,19800.0,19850.0,19550.0,19800.0,22320800
2023-03-16,16806.904296875,19450.0,19650.0,19150.0,19500.0,15492200
2023-03-17,17022.931640625,19700.0,19750.0,19350.0,19600.0,15548900
2023-03-20,17022.931640625,19700.0,19700.0,19300.0,19550.0,18939800
2023-03-21,17584.6015625,20350.0,20350.0,19500.0,19700.0,29194300
2023-03-22,18146.271484375,21000.0,21200.0,20450.0,20500.0,42033400
2023-03-23,18189.4765625,21050.0,21150.0,20800.0,21000.0,22821300
2023-03-24,18275.888671875,21150.0,21200.0,20850.0,21050.0,19655000
2023-03-27,18362.30078125,21250.0,21550.0,21000.0,21150.0,29328600
2023-03-28,18146.271484375,21000.0,21600.0,20550.0,21400.0,37168400
2023-03-29,18059.861328125,20900.0,20900.0,20600.0,20900.0,16599000
2023-03-30,18059.861328125,20900.0,21050.0,20700.0,21000.0,15528600
2023-03-31,18189.4765625,21050.0,21300.0,20800.0,20800.0,23139600
2023-04-03,18319.095703125,21200.0,21250.0,20900.0,21150.0,13548900
2023-04-04,18491.916015625,21400.0,21450.0,21000.0,21200.0,16356500
2023-04-05,18319.095703125,21200.0,21450.0,21150.0,21300.0,11992000
2023-04-06,18059.861328125,20900.0,21500.0,20900.0,21200.0,12254900
2023-04-07,18059.861328125,20900.0,21050.0,20650.0,20900.0,7668500
2023-04-10,18059.861328125,20900.0,21350.0,20700.0,20900.0,16772700
2023-04-11,18146.271484375,21000.0,21100.0,20700.0,20900.0,9490100
2023-04-12,17843.8359375,20650.0,21050.0,20650.0,21000.0,8669800
2023-04-13,17800.62890625,20600.0,20650.0,20200.0,20650.0,19916500
2023-04-14,17714.21875,20500.0,20700.0,20350.0,20600.0,8543300
2023-04-17,17671.013671875,20450.0,20600.0,20300.0,20450.0,5197600
2023-04-18,17498.19140625,20250.0,20550.0,20100.0,20450.0,10605300
2023-04-19,17022.931640625,19700.0,20550.0,19700.0,20450.0,18419600
2023-04-20,16720.49609375,19350.0,19800.0,19250.0,19650.0,12244000
2023-04-21,16806.904296875,19450.0,19600.0,19350.0,19350.0,8123300
2023-04-24,16850.111328125,19500.0,20050.0,19350.0,19450.0,7087200
2023-04-25,16677.2890625,19300.0,19750.0,19250.0,19700.0,7168900
2023-04-26,16720.49609375,19350.0,19400.0,19100.0,19300.0,7850900
2023-04-27,16763.701171875,19400.0,19700.0,19350.0,19350.0,5199300
2023-04-28,17195.75390625,19900.0,19900.0,19500.0,19550.0,8573200
2023-05-01,17195.75390625,19900.0,19900.0,19900.0,19900.0,0
2023-05-02,17195.75390625,19900.0,19900.0,19900.0,19900.0,0
2023-05-03,17195.75390625,19900.0,19900.0,19900.0,19900.0,0
2023-05-04,16893.314453125,19550.0,19800.0,19500.0,19550.0,7484200
2023-05-05,16806.904296875,19450.0,19900.0,19450.0,19600.0,5917600
2023-05-08,16806.904296875,19450.0,19650.0,19400.0,19450.0,5491600
2023-05-09,16806.904296875,19450.0,19600.0,19400.0,19550.0,4727700
2023-05-10,16893.314453125,19550.0,19600.0,19450.0,19500.0,8932500
2023-05-11,17109.341796875,19800.0,19850.0,19600.0,19600.0,6668100
2023-05-12,17066.13671875,19750.0,19850.0,19550.0,19800.0,7522200
2023-05-15,17109.341796875,19800.0,20200.0,19750.0,19800.0,13095400
2023-05-16,16936.521484375,19600.0,19900.0,19600.0,19900.0,7492900
2023-05-17,16590.87890625,19200.0,19650.0,19200.0,19600.0,12684600
2023-05-18,16634.08203125,19250.0,19500.0,19200.0,19300.0,7579700
2023-05-19,16677.2890625,19300.0,19400.0,19200.0,19300.0,6594600
2023-05-22,17022.931640625,19700.0,19700.0,19300.0,19300.0,12024200
2023-05-23,16893.314453125,19550.0,19800.0,19500.0,19750.0,7235600
2023-05-24,16893.314453125,19550.0,19550.0,19550.0,19550.0,0
2023-05-25,16590.87890625,19200.0,19450.0,19200.0,19350.0,7299200
2023-05-26,16547.671875,19150.0,19300.0,19100.0,19300.0,6988000
2023-05-29,16720.49609375,19350.0,19450.0,19200.0,19200.0,7043800
2023-05-30,16806.904296875,19450.0,19500.0,19350.0,19500.0,8975200
2023-05-31,16677.2890625,19300.0,19550.0,19250.0,19550.0,7913900
2023-06-01,16763.701171875,19400.0,19400.0,19200.0,19300.0,9750400
2023-06-02,17152.548828125,19850.0,20200.0,19550.0,19600.0,24536300
2023-06-05,17066.13671875,19750.0,20150.0,19750.0,20100.0,13421500
2023-06-06,17152.548828125,19850.0,20000.0,19700.0,19750.0,14948300
2023-06-07,17195.75390625,19900.0,20100.0,19750.0,20000.0,16189900
2023-06-08,16850.111328125,19500.0,20050.0,19500.0,19900.0,16595600
2023-06-09,16850.111328125,19500.0,19600.0,19300.0,19600.0,9596000
2023-06-12,16936.521484375,19600.0,19700.0,19350.0,19700.0,8506300
2023-06-13,16850.111328125,19500.0,19750.0,19400.0,19700.0,9666700
2023-06-14,17066.13671875,19750.0,20100.0,19550.0,19600.0,25385000
2023-06-15,17022.931640625,19700.0,19850.0,19550.0,19750.0,9431000
2023-06-16,16893.314453125,19550.0,20100.0,19500.0,19850.0,33727700
2023-06-19,16806.904296875,19450.0,19650.0,19250.0,19550.0,12070100
2023-06-20,16850.111328125,19500.0,19550.0,19250.0,19450.0,14470100
2023-06-21,16979.724609375,19650.0,19650.0,19400.0,19500.0,8111300
2023-06-22,16979.724609375,19650.0,19650.0,19650.0,19650.0,0
2023-06-23,17454.986328125,20200.0,20400.0,19650.0,19700.0,42322900
2023-06-26,17498.19140625,20250.0,20500.0,19950.0,20500.0,16576800
2023-06-27,17368.576171875,20100.0,20450.0,20100.0,20450.0,14429100
2023-06-28,17498.19140625,20250.0,20350.0,20050.0,20200.0,16754200
2023-06-29,17195.75390625,19900.0,20450.0,19900.0,20300.0,18446100
2023-06-30,17152.548828125,19850.0,20000.0,19750.0,19900.0,12376000
2023-07-03,17152.548828125,19850.0,20000.0,19750.0,19850.0,9808600
2023-07-04,17152.548828125,19850.0,19950.0,19750.0,19850.0,7339700
2023-07-05,17238.9609375,19950.0,20300.0,19900.0,19900.0,20485400
2023-07-06,16893.314453125,19550.0,20100.0,19550.0,19950.0,16274900
2023-07-07,17152.548828125,19850.0,19850.0,19500.0,19600.0,8345400
2023-07-10,17325.37109375,20050.0,20150.0,19800.0,19950.0,15275400
2023-07-11,17195.75390625,19900.0,20300.0,19800.0,20300.0,19607100
2023-07-12,16979.724609375,19650.0,20000.0,19650.0,20000.0,13715900
2023-07-13,17238.9609375,19950.0,19950.0,19650.0,19900.0,16403200
2023-07-14,17195.75390625,19900.0,20100.0,19600.0,20050.0,17478700
2023-07-17,17671.013671875,20450.0,20500.0,20050.0,20100.0,34232500
2023-07-18,18103.068359375,20950.0,21100.0,20300.0,20450.0,37316000
2023-07-19,17843.8359375,20650.0,21000.0,20650.0,21000.0,22965200
2023-07-20,18146.271484375,21000.0,21000.0,20500.0,20600.0,19553900
2023-07-21,18491.916015625,21400.0,21450.0,20800.0,20950.0,28604200
2023-07-24,18880.763671875,21850.0,21900.0,21300.0,21500.0,24112900
2023-07-25,18880.763671875,21850.0,22350.0,21800.0,21900.0,26110300
2023-07-26,18880.763671875,21850.0,21900.0,21550.0,21800.0,17436600
2023-07-27,18794.35546875,21750.0,21850.0,21500.0,21800.0,17807700
2023-07-28,19096.791015625,22100.0,22100.0,21600.0,21750.0,18133600
2023-07-31,19139.99609375,22150.0,22250.0,21900.0,22150.0,19655800
2023-08-01,18967.173828125,21950.0,22200.0,21650.0,22150.0,25773800
2023-08-02,19010.380859375,22000.0,22250.0,21700.0,21950.0,17047500
2023-08-03,18751.150390625,21700.0,22000.0,21600.0,21950.0,15903700
2023-08-04,19183.203125,22200.0,22200.0,21600.0,21800.0,15491700
2023-08-07,19572.05078125,22650.0,23000.0,22300.0,22450.0,20240800
2023-08-08,19183.203125,22200.0,22650.0,22200.0,22650.0,13851300
2023-08-09,19053.5859375,22050.0,22200.0,21700.0,22100.0,21337900
2023-08-10,18967.173828125,21950.0,22050.0,21550.0,22050.0,19843500
2023-08-11,19010.380859375,22000.0,22000.0,21550.0,21950.0,12402500
2023-08-14,18967.173828125,21950.0,22000.0,21800.0,21900.0,11667300
2023-08-15,19010.380859375,22000.0,22000.0,21650.0,21950.0,18407400
2023-08-16,19356.025390625,22400.0,22600.0,21650.0,21900.0,39587900
2023-08-17,19139.99609375,22150.0,22650.0,22150.0,22500.0,15635100
2023-08-18,17800.62890625,20600.0,22050.0,20600.0,22000.0,34224900
2023-08-21,17973.451171875,20800.0,21000.0,20400.0,20600.0,12657600
2023-08-22,17800.62890625,20600.0,20850.0,20050.0,20750.0,21183300
2023-08-23,17498.19140625,20250.0,20850.0,20250.0,20750.0,14416600
2023-08-24,17714.21875,20500.0,20500.0,20150.0,20250.0,9969500
2023-08-25,17454.986328125,20200.0,20550.0,20000.0,20450.0,16068000
2023-08-28,17541.396484375,20300.0,20400.0,20100.0,20200.0,11608800
2023-08-29,18016.658203125,20850.0,20900.0,20250.0,20350.0,16213200
2023-08-30,17973.451171875,20800.0,20900.0,20600.0,20900.0,9352600
2023-08-31,18103.068359375,20950.0,21050.0,20700.0,20800.0,14336300
2023-09-01,18103.068359375,20950.0,20950.0,20950.0,20950.0,0
2023-09-04,18103.068359375,20950.0,20950.0,20950.0,20950.0,0
2023-09-05,18146.271484375,21000.0,21300.0,20950.0,21200.0,14495100
2023-09-06,18837.560546875,21800.0,21800.0,20900.0,21250.0,23267300
2023-09-07,18794.35546875,21750.0,22100.0,21700.0,21900.0,20570900
2023-09-08,18837.560546875,21800.0,21900.0,21700.0,21750.0,16766200
2023-09-11,18923.970703125,21900.0,22300.0,21500.0,22100.0,38037700
2023-09-12,19269.615234375,22300.0,22300.0,21700.0,21900.0,19787600
2023-09-13,19399.232421875,22450.0,22550.0,22050.0,22300.0,30576700
2023-09-14,19356.025390625,22400.0,22600.0,22000.0,22400.0,23071700
2023-09-15,19485.642578125,22550.0,22650.0,22200.0,22450.0,24180400
2023-09-18,19139.99609375,22150.0,22500.0,21900.0,22500.0,17640000
2023-09-19,18923.970703125,21900.0,22150.0,21600.0,22050.0,13549100
2023-09-20,18923.970703125,21900.0,22050.0,21550.0,21800.0,14203800
2023-09-21,18707.943359375,21650.0,21900.0,21650.0,21700.0,10971400
2023-09-22,18362.30078125,21250.0,21350.0,20850.0,21200.0,19598000
2023-09-25,17627.806640625,20400.0,21300.0,20400.0,21200.0,14432900
2023-09-26,17671.013671875,20450.0,20700.0,20250.0,20600.0,18954700
2023-09-27,18146.271484375,21000.0,21000.0,20300.0,20500.0,12676000
2023-09-28,18319.095703125,21200.0,21400.0,20550.0,20750.0,13128800
2023-09-29,18751.150390625,21700.0,21700.0,21100.0,21300.0,8454600
2023-10-02,18837.560546875,21800.0,21800.0,21400.0,21600.0,11272900
2023-10-03,18146.271484375,21000.0,21600.0,20700.0,21500.0,12856900
2023-10-04,18146.271484375,21000.0,21250.0,20500.0,20500.0,6975100
2023-10-05,17973.451171875,20800.0,21100.0,20800.0,20900.0,5682000
2023-10-06,18103.068359375,20950.0,21050.0,20700.0,20950.0,8351000
2023-10-09,18491.916015625,21400.0,21400.0,20750.0,21000.0,13601600
2023-10-10,18664.73828125,21600.0,21600.0,21300.0,21350.0,11693200
2023-10-11,18837.560546875,21800.0,21800.0,21400.0,21600.0,8928600
2023-10-12,18880.763671875,21850.0,21900.0,21600.0,21900.0,10399300
2023-10-13,18967.173828125,21950.0,22000.0,21400.0,21650.0,13714000
2023-10-16,19442.435546875,22500.0,22500.0,21700.0,21700.0,26096800
2023-10-17,19615.255859375,22700.0,22700.0,22200.0,22450.0,25974900
2023-10-18,19442.435546875,22500.0,23150.0,21750.0,22500.0,39738000
2023-10-19,18535.12109375,21450.0,22400.0,21450.0,22200.0,11470700
2023-10-20,18664.73828125,21600.0,22100.0,21450.0,21600.0,10805700
2023-10-23,18189.4765625,21050.0,21700.0,20700.0,21600.0,13595100
2023-10-24,18189.4765625,21050.0,21400.0,20850.0,20850.0,5469700
2023-10-25,18146.271484375,21000.0,21250.0,20900.0,21050.0,5160700
2023-10-26,17454.986328125,20200.0,20850.0,19550.0,20700.0,17363600
2023-10-27,17454.986328125,20200.0,20500.0,19900.0,20200.0,5693300
2023-10-30,17195.75390625,19900.0,20150.0,19800.0,20000.0,4922200
2023-10-31,17282.166015625,20000.0,20050.0,19550.0,19800.0,6938600
2023-11-01,17109.341796875,19800.0,20100.0,19800.0,20000.0,4810600
2023-11-02,17541.396484375,20300.0,20400.0,19850.0,19950.0,6159200
2023-11-03,17109.341796875,19800.0,20500.0,19800.0,20450.0,13532500
2023-11-06,17973.451171875,20800.0,20850.0,20200.0,20200.0,9583200
2023-11-07,17887.041015625,20700.0,21100.0,20700.0,20900.0,6341900
2023-11-08,18448.7109375,21350.0,21350.0,20600.0,20800.0,13583900
2023-11-09,18131.41015625,20000.0,20550.0,20000.0,20500.0,13599100
2023-11-10,17723.455078125,19550.0,19900.0,19550.0,19900.0,12157400
2023-11-13,17406.154296875,19200.0,19700.0,19050.0,19550.0,10465400
2023-11-14,17768.783203125,19600.0,20000.0,19300.0,19400.0,12703100
2023-11-15,18086.08203125,19950.0,20150.0,19800.0,19900.0,17930900
2023-11-16,18040.75390625,19900.0,20000.0,19750.0,19750.0,9904000
2023-11-17,17496.8125,19300.0,20000.0,19000.0,20000.0,15196300
2023-11-20,17678.126953125,19500.0,19900.0,18850.0,18900.0,11870100
2023-11-21,17814.111328125,19650.0,19900.0,19500.0,19600.0,8679600
2023-11-22,17814.111328125,19650.0,19750.0,19400.0,19650.0,7319900
2023-11-23,17360.826171875,19150.0,19750.0,19150.0,19700.0,10595200
2023-11-24,17406.154296875,19200.0,19400.0,19000.0,19150.0,10847900
2023-11-27,17406.154296875,19200.0,19450.0,19150.0,19250.0,8007700
2023-11-28,17542.138671875,19350.0,19450.0,19050.0,19200.0,5746400
2023-11-29,17451.482421875,19250.0,19400.0,19250.0,19400.0,5477900
2023-11-30,17315.498046875,19100.0,19450.0,19100.0,19200.0,6750000
2023-12-01,17496.8125,19300.0,19350.0,19050.0,19200.0,4871900
2023-12-04,17678.126953125,19500.0,19600.0,19250.0,19300.0,10850300
2023-12-05,17360.826171875,19150.0,19550.0,19150.0,19500.0,11505600
2023-12-06,17587.46875,19400.0,19450.0,19150.0,19250.0,9473600
2023-12-07,17814.111328125,19650.0,19650.0,19150.0,19400.0,17158000
2023-12-08,17768.783203125,19600.0,19700.0,19300.0,19650.0,8339400
2023-12-11,17587.46875,19400.0,19600.0,19200.0,19500.0,7675600
2023-12-12,17632.798828125,19450.0,19450.0,19200.0,19400.0,6823800
2023-12-13,17406.154296875,19200.0,19400.0,19100.0,19350.0,9962400
2023-12-14,17224.83984375,19000.0,19300.0,18950.0,19200.0,9433900
2023-12-15,16952.869140625,18700.0,19100.0,18650.0,19000.0,12092300
2023-12-18,16680.8984375,18400.0,18700.0,18050.0,18650.0,22104100
2023-12-19,16590.240234375,18300.0,18300.0,18000.0,18100.0,11907200
2023-12-20,16544.912109375,18250.0,18350.0,18050.0,18300.0,7715000
2023-12-21,16499.5859375,18200.0,18250.0,18000.0,18200.0,9592700
2023-12-22,16454.255859375,18150.0,18350.0,18050.0,18200.0,10359500
2023-12-25,16771.5546875,18500.0,18500.0,18250.0,18250.0,8637100
2023-12-26,16771.5546875,18500.0,18550.0,18250.0,18500.0,8402900
2023-12-27,16771.5546875,18500.0,18600.0,18350.0,18500.0,7673900
2023-12-28,17043.52734375,18800.0,18800.0,18450.0,18500.0,10315400
2023-12-29,17406.154296875,19200.0,19200.0,18700.0,18800.0,17010800
2024-01-01,17406.154296875,19200.0,19200.0,19200.0,19200.0,0
2024-01-02,17088.85546875,18850.0,19200.0,18850.0,19200.0,8798600
2024-01-03,17315.498046875,19100.0,19100.0,18650.0,18850.0,8220900
2024-01-04,17542.138671875,19350.0,19650.0,18950.0,19150.0,25321300
2024-01-05,17406.154296875,19200.0,19450.0,19100.0,19350.0,9906800
2024-01-08,17451.482421875,19250.0,19400.0,19150.0,19300.0,9012800
2024-01-09,17360.826171875,19150.0,19350.0,19100.0,19250.0,6451500
2024-01-10,17768.783203125,19600.0,19750.0,19100.0,19100.0,31567400
2024-01-11,17814.111328125,19650.0,19850.0,19550.0,19800.0,17937600
2024-01-12,17814.111328125,19650.0,19750.0,19300.0,19450.0,25020500
2024-01-15,17542.138671875,19350.0,19800.0,19350.0,19800.0,11340300
2024-01-16,17632.798828125,19450.0,19450.0,19200.0,19300.0,9593500
2024-01-17,17496.8125,19300.0,19550.0,19250.0,19450.0,11934200
2024-01-18,17678.126953125,19500.0,19550.0,19300.0,19400.0,8447900
2024-01-19,17859.439453125,19700.0,19750.0,19550.0,19550.0,16580100
2024-01-22,17950.095703125,19800.0,19950.0,19700.0,19850.0,16135000
2024-01-23,17859.439453125,19700.0,19900.0,19650.0,19850.0,10961900
2024-01-24,17814.111328125,19650.0,19800.0,19550.0,19700.0,7406900
2024-01-25,17814.111328125,19650.0,19650.0,19650.0,19650.0,0
2024-01-26,17904.76953125,19750.0,19750.0,19650.0,19700.0,7546300
2024-01-29,17904.76953125,19750.0,19750.0,19550.0,19750.0,4834600
2024-01-30,17859.439453125,19700.0,19850.0,19650.0,19650.0,6805100
2024-01-31,17587.46875,19400.0,19700.0,19150.0,19650.0,20001700
2024-02-01,17360.826171875,19150.0,19350.0,19100.0,19350.0,6507100
2024-02-02,17360.826171875,19150.0,19150.0,19150.0,19150.0,0
2024-02-05,17406.154296875,19200.0,19450.0,18850.0,18850.0,10730400
2024-02-06,17496.8125,19300.0,19400.0,19200.0,19300.0,5805600
2024-02-07,17768.783203125,19600.0,19600.0,19300.0,19350.0,10722600
2024-02-08,17768.783203125,19600.0,19600.0,19600.0,19600.0,0
2024-02-09,17768.783203125,19600.0,19600.0,19600.0,19600.0,0
2024-02-15,17950.095703125,19800.0,20150.0,19600.0,19600.0,19362100
2024-02-16,17995.42578125,19850.0,19950.0,19700.0,19950.0,7324700
2024-02-19,17950.095703125,19800.0,19950.0,19650.0,19850.0,11047900
2024-02-20,17768.783203125,19600.0,19750.0,19500.0,19700.0,16244900
2024-02-21,17904.76953125,19750.0,20000.0,19600.0,19600.0,17579300
2024-02-22,17859.439453125,19700.0,19900.0,19600.0,19800.0,10541600
2024-02-23,17678.126953125,19500.0,20250.0,19500.0,19700.0,42130600
2024-02-26,17451.482421875,19250.0,19550.0,19200.0,19550.0,12770300
2024-02-27,17542.138671875,19350.0,19500.0,19200.0,19350.0,17762400
2024-02-28,18040.75390625,19900.0,19900.0,19400.0,19400.0,20960400
2024-02-29,18040.75390625,19900.0,20200.0,19650.0,20100.0,17115500
2024-03-01,17814.111328125,19650.0,19900.0,19650.0,19900.0,9758900
2024-03-04,17768.783203125,19600.0,19800.0,19600.0,19800.0,12989200
2024-03-05,17904.76953125,19750.0,19750.0,19550.0,19600.0,8094000
2024-03-06,17587.46875,19400.0,19850.0,19300.0,19800.0,11549500
2024-03-07,17632.798828125,19450.0,19600.0,19400.0,19400.0,8016100
2024-03-08,17224.83984375,19000.0,19500.0,18950.0,19450.0,29743400
2024-03-11,16816.8828125,18550.0,19100.0,18550.0,18950.0,16575400
2024-03-12,16816.8828125,18550.0,18750.0,18500.0,18550.0,10959400
2024-03-13,17270.169921875,19050.0,19100.0,18600.0,18650.0,10986000
2024-03-14,17043.52734375,18800.0,19100.0,18650.0,19100.0,9582800
2024-03-15,16907.541015625,18650.0,18800.0,18550.0,18750.0,13581400
2024-03-18,16499.5859375,18200.0,18700.0,17950.0,18650.0,23317100
2024-03-19,16454.255859375,18150.0,18500.0,18100.0,18200.0,12349900
2024-03-20,16907.541015625,18650.0,18650.0,18200.0,18200.0,11504800
2024-03-21,16998.19921875,18750.0,18950.0,18550.0,18750.0,16882000
2024-03-22,17043.52734375,18800.0,19000.0,18650.0,18900.0,14969100
2024-03-25,17134.18359375,18900.0,19150.0,18650.0,18800.0,19751100
2024-03-26,17768.783203125,19600.0,19600.0,18900.0,18900.0,37172800
2024-03-27,17768.783203125,19600.0,19750.0,19350.0,19650.0,16220800
2024-03-28,17814.111328125,19650.0,19800.0,19500.0,19650.0,14691300
2024-03-29,17904.76953125,19750.0,19800.0,19450.0,19700.0,20541100
2024-04-01,17814.111328125,19650.0,19750.0,19450.0,19600.0,11686300
2024-04-02,17723.455078125,19550.0,19600.0,18900.0,19550.0,25838800
2024-04-03,17542.138671875,19350.0,19500.0,19250.0,19350.0,16269600
2024-04-04,17496.8125,19300.0,19600.0,19200.0,19400.0,12592700
2024-04-05,17632.798828125,19450.0,19450.0,19000.0,19100.0,11106300
2024-04-08,17587.46875,19400.0,19450.0,19100.0,19450.0,8428800
2024-04-09,17542.138671875,19350.0,19400.0,19150.0,19350.0,9349100
2024-04-10,17542.138671875,19350.0,19950.0,19300.0,19400.0,29210400
2024-04-11,17542.138671875,19350.0,19600.0,19300.0,19350.0,9554900
2024-04-12,17859.439453125,19700.0,19700.0,19400.0,19400.0,17723300
2024-04-15,16862.212890625,18600.0,19800.0,18400.0,19600.0,28346300
2024-04-16,16998.19921875,18750.0,19000.0,18500.0,18700.0,23551000
2024-04-17,16454.255859375,18150.0,19050.0,18150.0,18950.0,13194900
2024-04-19,16408.927734375,18100.0,18500.0,17950.0,18150.0,15355900
2024-04-22,16590.240234375,18300.0,18600.0,18250.0,18400.0,8682900
2024-04-23,16680.8984375,18400.0,18600.0,18000.0,18350.0,15635300
2024-04-24,16862.212890625,18600.0,18750.0,18400.0,18500.0,13072600
2024-04-25,16862.212890625,18600.0,18750.0,18350.0,18750.0,10618000
2024-04-26,16816.8828125,18550.0,18600.0,18300.0,18400.0,8253200
2024-04-29,16816.8828125,18550.0,18550.0,18550.0,18550.0,0
2024-04-30,16816.8828125,18550.0,18550.0,18550.0,18550.0,0
2024-05-02,16590.240234375,18300.0,18600.0,18300.0,18550.0,6332900
2024-05-03,16680.8984375,18400.0,18500.0,18350.0,18400.0,10568400
2024-05-06,16998.19921875,18750.0,18750.0,18400.0,18500.0,11299500
2024-05-07,17043.52734375,18800.0,18850.0,18550.0,18750.0,7408000
2024-05-08,16816.8828125,18550.0,18800.0,18500.0,18650.0,10945500
2024-05-09,16998.19921875,18750.0,18850.0,18500.0,18650.0,9750600
2024-05-10,16771.5546875,18500.0,18750.0,18400.0,18700.0,10354900
2024-05-13,17043.52734375,18800.0,18900.0,18450.0,18550.0,16732700
2024-05-14,17315.498046875,19100.0,19300.0,18900.0,19000.0,20931300
2024-05-15,17270.169921875,19050.0,19250.0,19050.0,19250.0,10503000
2024-05-16,17587.46875,19400.0,19450.0,19100.0,19200.0,20748200
2024-05-17,17587.46875,19400.0,19450.0,19250.0,19400.0,12369500
2024-05-20,17950.095703125,19800.0,19850.0,19500.0,19550.0,25252400
2024-05-21,17950.095703125,19800.0,19850.0,19600.0,19800.0,24050900
2024-05-22,17472.701171875,18300.0,18800.0,18250.0,18800.0,22572900
2024-05-23,17663.658203125,18500.0,18500.0,18150.0,18300.0,9367000
2024-05-24,17186.263671875,18000.0,18500.0,18000.0,18400.0,19560300
2024-05-27,17186.263671875,18000.0,18150.0,17950.0,18150.0,7401000
2024-05-28,17234.00390625,18050.0,18200.0,18000.0,18100.0,8406700
2024-05-29,17234.00390625,18050.0,18100.0,17950.0,18100.0,8290900
2024-05-30,17138.5234375,17950.0,18000.0,17700.0,18000.0,10458100
2024-05-31,17186.263671875,18000.0,18050.0,17900.0,17950.0,5706900
2024-06-03,17186.263671875,18000.0,18000.0,18000.0,18000.0,0
2024-06-04,17377.220703125,18200.0,18400.0,18150.0,18400.0,9138000
2024-06-05,17281.7421875,18100.0,18300.0,18100.0,18200.0,11802100
2024-06-06,17281.7421875,18100.0,18250.0,17950.0,18150.0,16613400
2024-06-07,17186.263671875,18000.0,18250.0,17950.0,18250.0,9957000
2024-06-10,17234.00390625,18050.0,18200.0,18000.0,18050.0,10496400
2024-06-11,17472.701171875,18300.0,18350.0,18050.0,18200.0,31079900
2024-06-12,18522.97265625,19400.0,19400.0,18150.0,18300.0,69932300
2024-06-13,18570.7109375,19450.0,19800.0,19250.0,19500.0,44255400
2024-06-14,17854.619140625,18700.0,19500.0,18700.0,19450.0,35956600
2024-06-17,17902.357421875,18750.0,19050.0,18450.0,18700.0,26718200
2024-06-18,17759.138671875,18600.0,19100.0,18600.0,18800.0,35291600
2024-06-19,18141.056640625,19000.0,19200.0,18400.0,18650.0,51393800
2024-06-20,18809.41015625,19700.0,19800.0,19000.0,19150.0,66042200
2024-06-21,18713.931640625,19600.0,19850.0,19350.0,19700.0,48973500
2024-06-24,17997.8359375,18850.0,19600.0,18850.0,19450.0,45272700
2024-06-25,18141.056640625,19000.0,19200.0,18850.0,18850.0,19532800
2024-06-26,18141.056640625,19000.0,19100.0,18550.0,19000.0,27222600
2024-06-27,18141.056640625,19000.0,19050.0,18700.0,19000.0,25081800
2024-06-28,17806.87890625,18650.0,19300.0,18600.0,18950.0,41520600
2024-07-01,18141.056640625,19000.0,19050.0,18500.0,18650.0,16520100
2024-07-02,18093.31640625,18950.0,19200.0,18800.0,19000.0,16424000
2024-07-03,18141.056640625,19000.0,19200.0,18750.0,19000.0,20129200
2024-07-04,18188.794921875,19050.0,19450.0,19050.0,19150.0,26247200
2024-07-05,18284.2734375,19150.0,19300.0,19000.0,19050.0,18430400
2024-07-08,18188.794921875,19050.0,19300.0,19000.0,19200.0,16156200
2024-07-09,18522.97265625,19400.0,19450.0,19000.0,19200.0,32010600
2024-07-10,18332.013671875,19200.0,19550.0,19200.0,19500.0,15163800
2024-07-11,18188.794921875,19050.0,19550.0,19050.0,19200.0,25226500
2024-07-12,18141.056640625,19000.0,19200.0,18950.0,19100.0,16053100
2024-07-15,17950.095703125,18800.0,19100.0,18700.0,19050.0,16131600
2024-07-16,18141.056640625,19000.0,19100.0,18800.0,18900.0,17481000
2024-07-17,18141.056640625,19000.0,19400.0,18800.0,19000.0,34909100
2024-07-18,18188.794921875,19050.0,19100.0,18650.0,19000.0,15897100
2024-07-19,17950.095703125,18800.0,19200.0,18800.0,19000.0,16979400
2024-07-22,17950.095703125,18800.0,19050.0,18650.0,18800.0,15847000
2024-07-23,17568.181640625,18400.0,18900.0,18200.0,18850.0,17890000
2024-07-24,17663.658203125,18500.0,18600.0,18200.0,18350.0,13366800
2024-07-25,17520.44140625,18350.0,18500.0,18300.0,18400.0,10459200
2024-07-26,17568.181640625,18400.0,18500.0,18300.0,18400.0,7748600
2024-07-29,17568.181640625,18400.0,18600.0,18400.0,18500.0,6226600
2024-07-30,17711.3984375,18550.0,18700.0,18300.0,18400.0,12800200
2024-07-31,18141.056640625,19000.0,19150.0,18600.0,18600.0,35033400
2024-08-01,17711.3984375,18550.0,19150.0,18450.0,19150.0,15647200
2024-08-02,17902.357421875,18750.0,18750.0,18350.0,18500.0,14027800
2024-08-05,17329.48046875,18150.0,18600.0,17950.0,18400.0,28580900
2024-08-06,17520.44140625,18350.0,18500.0,18100.0,18350.0,13180000
2024-08-07,17186.263671875,18000.0,18400.0,18000.0,18400.0,13538000
2024-08-08,17043.04296875,17850.0,18000.0,17500.0,17900.0,21942400
2024-08-09,17186.263671875,18000.0,18100.0,17800.0,17850.0,10704400
2024-08-12,17329.48046875,18150.0,18150.0,17800.0,18000.0,12636700
2024-08-13,17329.48046875,18150.0,18200.0,17950.0,18100.0,10643300
2024-08-14,17186.263671875,18000.0,18200.0,18000.0,18150.0,8233100
2024-08-15,17186.263671875,18000.0,18100.0,17950.0,18000.0,7537900
2024-08-16,17568.181640625,18400.0,18450.0,18000.0,18050.0,23592000
2024-08-19,17615.91796875,18450.0,18600.0,18400.0,18400.0,12496800
2024-08-20,17759.138671875,18600.0,18650.0,18400.0,18450.0,18245300
2024-08-21,17902.357421875,18750.0,18850.0,18450.0,18500.0,33804500
2024-08-22,17902.357421875,18750.0,18850.0,18600.0,18750.0,13069100
2024-08-23,17902.357421875,18750.0,19000.0,18700.0,18800.0,23789000
2024-08-26,18141.056640625,19000.0,19300.0,18800.0,18800.0,39610000
2024-08-27,18141.056640625,19000.0,19150.0,18950.0,19100.0,15396700
2024-08-28,18093.31640625,18950.0,19100.0,18900.0,19000.0,13771100
2024-08-29,18093.31640625,18950.0,19350.0,18900.0,18950.0,23609900
2024-08-30,18093.31640625,18950.0,19100.0,18950.0,19100.0,11969500
2024-09-04,17663.658203125,18500.0,18800.0,18500.0,18800.0,23328500
2024-09-05,17472.701171875,18300.0,18550.0,18300.0,18550.0,15906000
2024-09-06,17615.91796875,18450.0,18450.0,18200.0,18300.0,15016900
2024-09-09,17520.44140625,18350.0,18450.0,18250.0,18400.0,15693400
2024-09-10,17329.48046875,18150.0,18450.0,18100.0,18400.0,20585600
2024-09-11,17424.9609375,18250.0,18300.0,18050.0,18100.0,11712500
2024-09-12,17663.658203125,18500.0,18600.0,18250.0,18250.0,22640600
2024-09-13,17615.91796875,18450.0,18550.0,18300.0,18500.0,9336300
2024-09-16,17520.44140625,18350.0,18550.0,18250.0,18400.0,8949100
2024-09-17,17806.87890625,18650.0,18650.0,18300.0,18350.0,10212200
2024-09-18,17806.87890625,18650.0,18800.0,18500.0,18650.0,22132500
2024-09-19,17902.357421875,18750.0,18800.0,18650.0,18650.0,17466800
2024-09-20,18093.31640625,18950.0,19100.0,18800.0,18800.0,52246200
2024-09-23,18141.056640625,19000.0,19200.0,18900.0,19000.0,29074100
2024-09-24,18332.013671875,19200.0,19200.0,18950.0,19000.0,37613000
2024-09-25,18570.7109375,19450.0,19550.0,19200.0,19300.0,45912400
2024-09-26,18713.931640625,19600.0,19850.0,19350.0,19500.0,55121600
2024-09-27,18857.150390625,19750.0,20150.0,19600.0,19700.0,62864300
2024-09-30,19191.326171875,20100.0,20150.0,19650.0,19700.0,26723800
2024-10-01,19000.369140625,19900.0,20300.0,19850.0,20100.0,33052600
2024-10-02,18809.41015625,19700.0,19900.0,19600.0,19800.0,37579900
2024-10-03,19095.84765625,20000.0,20450.0,19800.0,19800.0,49868500
2024-10-04,19095.84765625,20000.0,20450.0,19950.0,20000.0,34247700
2024-10-07,19095.84765625,20000.0,20150.0,19700.0,20100.0,25931500
2024-10-08,19191.326171875,20100.0,20150.0,19850.0,20000.0,27923200
2024-10-09,19334.544921875,20250.0,20300.0,20000.0,20000.0,49592300
2024-10-10,19620.982421875,20550.0,20700.0,20300.0,20350.0,45236500
2024-10-11,19764.203125,20700.0,20700.0,20350.0,20500.0,22150500
2024-10-14,19716.462890625,20650.0,20800.0,20400.0,20800.0,22645500
2024-10-15,19907.419921875,20850.0,21050.0,20500.0,20500.0,44778300
2024-10-16,19907.419921875,20850.0,20900.0,20650.0,20800.0,17841900
2024-10-17,19955.16015625,20900.0,20950.0,20700.0,20850.0,22772200
2024-10-18,19620.982421875,20550.0,20950.0,20550.0,20850.0,24407500
2024-10-21,19716.462890625,20650.0,20750.0,20400.0,20550.0,18193500
2024-10-22,19668.72265625,20600.0,20650.0,20300.0,20600.0,22323400
2024-10-23,19525.50390625,20450.0,20550.0,20300.0,20500.0,15969500
2024-10-24,19095.84765625,20000.0,20450.0,20000.0,20400.0,26049600
2024-10-25,19191.326171875,20100.0,20200.0,20000.0,20100.0,16940400
2024-10-28,19191.326171875,20100.0,20100.0,19900.0,20000.0,11242600
2024-10-29,19334.544921875,20250.0,20300.0,20150.0,20200.0,14155600
2024-10-30,19334.544921875,20250.0,20350.0,20150.0,20250.0,9997900
2024-10-31,19525.50390625,20450.0,20450.0,20150.0,20250.0,13914600
2024-11-01,19239.06640625,20150.0,20400.0,20050.0,20400.0,16603900
2024-11-04,18809.41015625,19700.0,20200.0,19600.0,20150.0,30569300
2024-11-05,18809.41015625,19700.0,19800.0,19550.0,19550.0,9956500
2024-11-06,18952.62890625,19850.0,19950.0,19700.0,19750.0,16235900
2024-11-07,18809.41015625,19700.0,19950.0,19600.0,19900.0,13396000
2024-11-08,18618.451171875,19500.0,19800.0,19300.0,19800.0,24424300
2024-11-11,18332.013671875,19200.0,19450.0,18950.0,19450.0,28129900
2024-11-12,18236.533203125,19100.0,19250.0,18900.0,19250.0,15114900
2024-11-13,18475.232421875,19350.0,19350.0,18750.0,18950.0,20297800
2024-11-14,18141.056640625,19000.0,19200.0,18800.0,19100.0,12405400
2024-11-15,17854.619140625,18700.0,18950.0,18700.0,18850.0,16699300
2024-11-18,17854.619140625,18700.0,18900.0,18450.0,18600.0,19557500
2024-11-19,17663.658203125,18500.0,18800.0,18500.0,18750.0,11166800
2024-11-20,17854.619140625,18700.0,18900.0,18400.0,18400.0,17682700
2024-11-21,18332.013671875,19200.0,19200.0,18600.0,18700.0,27855200
2024-11-22,18188.794921875,19050.0,19300.0,19050.0,19200.0,18059300
2024-11-25,18188.794921875,19050.0,19200.0,19050.0,19050.0,7649800
2024-11-26,18188.794921875,19050.0,19400.0,19050.0,19050.0,18360500
2024-11-27,18188.794921875,19050.0,19200.0,19000.0,19050.0,6902700
2024-11-28,18188.794921875,19050.0,19350.0,19050.0,19200.0,11978600
2024-11-29,18284.2734375,19150.0,19200.0,19000.0,19150.0,6008400
2024-12-02,18332.013671875,19200.0,19300.0,19100.0,19300.0,6324600
2024-12-03,18332.013671875,19200.0,19200.0,19000.0,19150.0,10874600
2024-12-04,18141.056640625,19000.0,19150.0,18950.0,19050.0,8458600
2024-12-05,18618.451171875,19500.0,19500.0,18800.0,19000.0,31488800
2024-12-06,18475.232421875,19350.0,19500.0,19300.0,19500.0,11632800
2024-12-09,18522.97265625,19400.0,19550.0,19200.0,19250.0,19955200
2024-12-10,18379.75390625,19250.0,19450.0,19200.0,19400.0,7241900
2024-12-11,18379.75390625,19250.0,19300.0,19050.0,19250.0,13262400
2024-12-12,18427.494140625,19300.0,19550.0,19150.0,19250.0,23034300
2024-12-13,18284.2734375,19150.0,19300.0,19100.0,19200.0,7750600
2024-12-16,18236.533203125,19100.0,19200.0,19000.0,19150.0,6791900
2024-12-17,18093.31640625,18950.0,19150.0,18950.0,19100.0,8186500
2024-12-18,18141.056640625,19000.0,19100.0,18950.0,19000.0,4843000
2024-12-19,17950.095703125,18800.0,18950.0,18600.0,18950.0,21112100
2024-12-20,18045.576171875,18900.0,18900.0,18650.0,18800.0,6638600
2024-12-23,18093.31640625,18950.0,19150.0,18900.0,18950.0,7737800
2024-12-24,18093.31640625,18950.0,19000.0,18750.0,18950.0,5918600
2024-12-25,18332.013671875,19200.0,19300.0,18800.0,18950.0,14786600
2024-12-26,18379.75390625,19250.0,19300.0,19050.0,19250.0,8211900
2024-12-27,18379.75390625,19250.0,19350.0,19100.0,19200.0,16560300
2024-12-30,18379.75390625,19250.0,19250.0,19100.0,19200.0,6678700
2024-12-31,18332.013671875,19200.0,19250.0,19050.0,19250.0,8163800
2025-01-02,18284.2734375,19150.0,19200.0,18950.0,19100.0,8363400
2025-01-03,17902.357421875,18750.0,19100.0,18750.0,19100.0,10601500
2025-01-06,17950.095703125,18800.0,18900.0,18700.0,18750.0,6917300
2025-01-07,17854.619140625,18700.0,18900.0,18700.0,18850.0,6745900
2025-01-08,17997.8359375,18850.0,18900.0,18650.0,18700.0,4829800
2025-01-09,17854.619140625,18700.0,18900.0,18650.0,18900.0,3978900
2025-01-10,17663.658203125,18500.0,18750.0,18450.0,18700.0,6522500
2025-01-13,17472.701171875,18300.0,18500.0,18250.0,18450.0,8588900
2025-01-14,17329.48046875,18150.0,18350.0,18050.0,18250.0,11010000
2025-01-15,17568.181640625,18400.0,18500.0,18200.0,18300.0,5618700
2025-01-16,17568.181640625,18400.0,18500.0,18200.0,18300.0,5618700
2025-01-17,17615.91796875,18450.0,18450.0,18300.0,18400.0,4423700
2025-01-20,17568.181640625,18400.0,18550.0,18350.0,18400.0,6430800
2025-01-21,17568.181640625,18400.0,18500.0,18250.0,18500.0,11084100
2025-01-22,17520.44140625,18350.0,18500.0,18250.0,18400.0,10799900
2025-01-23,18045.576171875,18900.0,18900.0,18400.0,18500.0,26477400
2025-01-24,18045.576171875,18900.0,19000.0,18800.0,18900.0,11206200
2025-01-27,18045.576171875,18900.0,18900.0,18900.0,18900.0,0
2025-01-28,18045.576171875,18900.0,18900.0,18900.0,18900.0,0
2025-01-29,18045.576171875,18900.0,18900.0,18900.0,18900.0,0
2025-01-30,18045.576171875,18900.0,18900.0,18900.0,18900.0,0
2025-01-31,18045.576171875,18900.0,18900.0,18900.0,18900.0,0
2025-02-03,17663.658203125,18500.0,18800.0,18500.0,18800.0,9498400
2025-02-04,17902.357421875,18750.0,18800.0,18550.0,18750.0,11820000
2025-02-05,18188.794921875,19050.0,19100.0,18750.0,18750.0,12836500
2025-02-06,18188.794921875,19050.0,19200.0,18950.0,19100.0,9985800
2025-02-07,18093.31640625,18950.0,19200.0,18900.0,18950.0,8925500
2025-02-10,17997.8359375,18850.0,19100.0,18750.0,18900.0,13500000
2025-02-11,18045.576171875,18900.0,19150.0,18800.0,18850.0,20352000
2025-02-12,18045.576171875,18900.0,19100.0,18800.0,19000.0,7800900
2025-02-13,18045.576171875,18900.0,19000.0,18800.0,18900.0,8322600
2025-02-14,18141.056640625,19000.0,19150.0,19000.0,19100.0,11535000
2025-02-17,17997.8359375,18850.0,19100.0,18850.0,19000.0,11944500
2025-02-18,18093.31640625,18950.0,19200.0,18750.0,18850.0,18113100
2025-02-19,18188.794921875,19050.0,19100.0,18950.0,19000.0,9257700
2025-02-20,18332.013671875,19200.0,19300.0,19000.0,19100.0,18762900
2025-02-21,18570.7109375,19450.0,19600.0,19050.0,19150.0,42288600
2025-02-24,18666.19140625,19550.0,19550.0,19200.0,19400.0,22721400
2025-02-25,18475.232421875,19350.0,19600.0,19250.0,19550.0,14015500
2025-02-26,18379.75390625,19250.0,19400.0,19250.0,19350.0,11212100
2025-02-27,18427.494140625,19300.0,19350.0,19050.0,19250.0,9546600
2025-02-28,18427.494140625,19300.0,19400.0,19100.0,19100.0,9236600
2025-03-03,18332.013671875,19200.0,19350.0,19100.0,19350.0,9400800
2025-03-04,18236.533203125,19100.0,19200.0,18950.0,19100.0,19237100
2025-03-05,18141.056640625,19000.0,19350.0,19000.0,19100.0,16030300
2025-03-06,18284.2734375,19150.0,19350.0,19050.0,19050.0,20891200
2025-03-07,18379.75390625,19250.0,19450.0,19150.0,19200.0,20716400
2025-03-10,18522.97265625,19400.0,19650.0,19300.0,19400.0,34122100
2025-03-11,18809.41015625,19700.0,19750.0,19200.0,19250.0,37545200
2025-03-12,18713.931640625,19600.0,19800.0,19500.0,19800.0,27171700
2025-03-13,18379.75390625,19250.0,19650.0,19200.0,19650.0,16157500
2025-03-14,18713.931640625,19600.0,19600.0,19200.0,19300.0,17673600
2025-03-17,19286.806640625,20200.0,20400.0,19600.0,19750.0,71545100
2025-03-18,18904.888671875,19800.0,20300.0,19800.0,20250.0,25977100
2025-03-19,18570.7109375,19450.0,19750.0,19400.0,19750.0,29438700
2025-03-20,18713.931640625,19600.0,19700.0,19400.0,19600.0,18739400
2025-03-21,18618.451171875,19500.0,19650.0,19400.0,19600.0,9370100
2025-03-24,18713.931640625,19600.0,19650.0,19250.0,19500.0,16805100
2025-03-25,18618.451171875,19500.0,19700.0,19450.0,19650.0,11786900
2025-03-26,18475.232421875,19350.0,19650.0,19300.0,19500.0,9453500
2025-03-27,18379.75390625,19250.0,19450.0,19250.0,19250.0,6689600
2025-03-28,18379.75390625,19250.0,19400.0,19200.0,19250.0,11134300
2025-03-31,18141.056640625,19000.0,19250.0,19000.0,19150.0,14764100
2025-04-01,18284.2734375,19150.0,19200.0,19000.0,19150.0,8728300
2025-04-02,18284.2734375,19150.0,19350.0,19100.0,19150.0,11401400
2025-04-03,17043.04296875,17850.0,18550.0,17850.0,18200.0,40611200
2025-04-04,16661.126953125,17450.0,17450.0,16650.0,16800.0,46810000
2025-04-08,15515.3759765625,16250.0,17200.0,16250.0,17000.0,24697900
2025-04-09,15228.9384765625,15950.0,16500.0,15150.0,15200.0,56107800
2025-04-10,16279.2099609375,17050.0,17050.0,17050.0,17050.0,1665400
2025-04-11,16661.126953125,17450.0,17650.0,16800.0,17000.0,60038400
2025-04-14,16517.908203125,17300.0,17700.0,17250.0,17500.0,28905800
2025-04-15,16135.990234375,16900.0,17250.0,16850.0,17200.0,19615100
2025-04-16,16040.5126953125,16800.0,17000.0,16700.0,16850.0,13818200
2025-04-17,15801.8134765625,16550.0,16800.0,16350.0,16800.0,21615700
2025-04-18,16183.73046875,16950.0,17250.0,16650.0,16650.0,16480100
2025-04-21,15945.0322265625,16700.0,17050.0,16700.0,16900.0,12080600
2025-04-22,15849.5537109375,16600.0,16800.0,15550.0,16600.0,30670500
2025-04-23,15945.0322265625,16700.0,17000.0,16700.0,17000.0,10954900
2025-04-24,15897.2939453125,16650.0,16950.0,16650.0,16800.0,12820700
2025-04-25,15754.0751953125,16500.0,16750.0,16450.0,16700.0,24808000
2025-04-28,15801.8134765625,16550.0,16700.0,16500.0,16700.0,9938200
2025-04-29,15801.8134765625,16550.0,16700.0,16500.0,16600.0,14256100
2025-04-30,15801.8134765625,16550.0,16550.0,16550.0,16550.0,0
2025-05-01,15801.8134765625,16550.0,16550.0,16550.0,16550.0,0
2025-05-02,15801.8134765625,16550.0,16550.0,16550.0,16550.0,0
2025-05-05,15801.8134765625,16550.0,16550.0,16550.0,16550.0,0
2025-05-06,15849.5537109375,16600.0,16750.0,16500.0,16700.0,7593000
2025-05-07,16135.990234375,16900.0,17200.0,16650.0,16700.0,25315800
2025-05-08,16231.470703125,17000.0,17000.0,16800.0,16950.0,10235800
2025-05-09,16231.470703125,17000.0,17200.0,16950.0,17050.0,15414400
2025-05-12,16231.470703125,17000.0,17000.0,17000.0,17000.0,0
2025-05-13,16565.6484375,17350.0,17450.0,16950.0,17100.0,36530800
2025-05-14,16899.826171875,17700.0,17700.0,17450.0,17650.0,27752400
2025-05-15,18570.15625,18900.0,18900.0,17750.0,17800.0,95581000
2025-05-16,18226.265625,18550.0,18800.0,18250.0,18650.0,55071300
2025-05-19,17882.373046875,18200.0,18850.0,17800.0,18000.0,64648000
2025-05-20,17882.373046875,18200.0,18850.0,17800.0,18000.0,64648000
2025-05-21,17882.373046875,18200.0,18550.0,18150.0,18200.0,27838100
2025-05-22,18128.009765625,18450.0,18800.0,18250.0,18300.0,68308300
2025-05-23,17980.62890625,18300.0,18700.0,18200.0,18500.0,40934700
2025-05-26,17833.24609375,18150.0,18200.0,17300.0,18100.0,24583500
2025-05-27,17833.24609375,18150.0,18200.0,17300.0,18100.0,24583500
2025-05-28,17784.119140625,18100.0,18300.0,18050.0,18150.0,22988200
2025-05-29,17685.86328125,18000.0,18300.0,18000.0,18200.0,13063100
2025-05-30,17833.24609375,18150.0,18550.0,18000.0,18100.0,46408000
2025-06-02,17685.86328125,18000.0,18150.0,17800.0,17950.0,13488800
2025-06-03,17685.86328125,18000.0,18150.0,17800.0,17950.0,13488800
2025-06-04,17685.86328125,18000.0,18000.0,18000.0,18000.0,0
2025-06-05,17685.86328125,18000.0,18000.0,18000.0,18000.0,0
2025-06-06,17784.119140625,18100.0,18400.0,18050.0,18200.0,12655700
2025-06-09,17538.482421875,17850.0,17900.0,17650.0,17750.0,14015700
2025-06-10,17538.482421875,17850.0,17900.0,17650.0,17750.0,14015700
2025-06-11,17636.736328125,17950.0,18200.0,17850.0,17900.0,20277000
2025-06-12,17685.86328125,18000.0,18050.0,17900.0,18050.0,6795100
2025-06-13,17882.373046875,18200.0,18300.0,18050.0,18050.0,21883000
2025-06-16,18471.90234375,18800.0,18800.0,18150.0,18150.0,71722500
2025-06-17,18471.90234375,18800.0,18800.0,18150.0,18150.0,71722500
2025-06-18,18471.90234375,18800.0,19000.0,18600.0,18900.0,35021100
2025-06-19,18177.138671875,18500.0,18950.0,18500.0,18800.0,23610700
2025-06-20,18177.138671875,18500.0,18750.0,18500.0,18500.0,17971800
2025-06-23,18078.8828125,18400.0,18500.0,18250.0,18350.0,18209500
2025-06-24,18078.8828125,18400.0,18500.0,18250.0,18350.0,18209500
2025-06-25,18226.265625,18550.0,18750.0,18450.0,18550.0,42718000
2025-06-26,18078.8828125,18400.0,18700.0,18400.0,18600.0,17177500
2025-06-27,18029.755859375,18350.0,18550.0,18350.0,18500.0,10934900
2025-06-30,18177.138671875,18500.0,18650.0,18500.0,18550.0,11547500
2025-07-01,18177.138671875,18500.0,18650.0,18500.0,18550.0,11547500
2025-07-02,18128.009765625,18450.0,18600.0,18400.0,18500.0,17060200
2025-07-03,18275.392578125,18600.0,18600.0,18350.0,18450.0,18377700
2025-07-04,18324.51953125,18650.0,18850.0,18500.0,18550.0,47153200
2025-07-07,18963.17578125,19300.0,19350.0,18900.0,18900.0,53672800
2025-07-08,18963.17578125,19300.0,19350.0,18900.0,18900.0,53672800
2025-07-09,19257.94140625,19600.0,19600.0,19050.0,19350.0,45382200
2025-07-10,19700.087890625,20050.0,20150.0,19700.0,19800.0,66441400
2025-07-11,19798.341796875,20150.0,20250.0,19900.0,20150.0,36743400
2025-07-14,20633.5078125,21000.0,21200.0,20200.0,20250.0,63378600
2025-07-15,20633.5078125,21000.0,21200.0,20200.0,20250.0,63378600
2025-07-16,20387.87109375,20750.0,21200.0,20750.0,21150.0,48779100
2025-07-17,20486.125,20850.0,21000.0,20500.0,20750.0,31463400
2025-07-18,20535.25390625,20900.0,21300.0,20750.0,21000.0,49437400
2025-07-21,21910.8203125,22300.0,22500.0,21350.0,21600.0,72588400
2025-07-22,21910.8203125,22300.0,22500.0,21350.0,21600.0,72588400
2025-07-23,22107.330078125,22500.0,22600.0,21800.0,22150.0,41725200
2025-07-24,22942.49609375,23350.0,23600.0,22500.0,22800.0,73950900
2025-07-25,23089.87890625,23500.0,23900.0,23150.0,23900.0,47157800
2025-07-28,24661.955078125,25100.0,25150.0,24000.0,24350.0,57164800
2025-07-29,24661.955078125,25100.0,25150.0,24000.0,24350.0,57164800
2025-07-30,23188.1328125,23600.0,25800.0,23550.0,25100.0,83065000
2025-07-31,24809.337890625,25250.0,25250.0,23500.0,23800.0,70974800
2025-08-01,25349.73828125,25800.0,26100.0,25550.0,25800.0,55195800
2025-08-04,25939.267578125,26400.0,26400.0,25250.0,25250.0,38227100
2025-08-05,25939.267578125,26400.0,26400.0,25250.0,25250.0,38227100
2025-08-06,26037.521484375,26500.0,27650.0,25600.0,26650.0,71760200
2025-08-07,26627.05078125,27100.0,27100.0,26300.0,26550.0,28376400
2025-08-08,28444.763671875,28950.0,28950.0,27400.0,27850.0,62566800
2025-08-11,29083.419921875,29600.0,29950.0,29000.0,29500.0,33778300
2025-08-12,29083.419921875,29600.0,29950.0,29000.0,29500.0,33778300
2025-08-13,29083.419921875,29600.0,29800.0,29200.0,29600.0,35529800
2025-08-14,28297.3828125,28800.0,29550.0,28000.0,29300.0,43486100
2025-08-15,30262.478515625,30800.0,30800.0,29200.0,29400.0,69328900
2025-08-18,31441.53515625,32000.0,32550.0,31600.0,32050.0,46632900
2025-08-19,31441.53515625,32000.0,32550.0,31600.0,32050.0,46632900
2025-08-20,33603.140625,34200.0,34200.0,32700.0,32700.0,21644900
2025-08-21,35912.12890625,36550.0,36550.0,33700.0,35600.0,75558800
2025-08-22,37975.48046875,38650.0,38900.0,36700.0,37000.0,51427900
2025-08-25,32915.359375,33500.0,36000.0,33450.0,35950.0,67974200
2025-08-26,32915.359375,33500.0,36000.0,33450.0,35950.0,67974200
2025-08-27,33701.39453125,34300.0,34350.0,32750.0,33050.0,47968700
2025-08-28,32718.84765625,33300.0,34700.0,32500.0,34500.0,57247900
2025-08-29,33406.6328125,34000.0,34200.0,32600.0,33100.0,37019300
2025-09-01,33406.6328125,34000.0,34000.0,34000.0,34000.0,0
2025-09-02,33406.6328125,34000.0,34000.0,34000.0,34000.0,0
2025-09-03,33897.90625,34500.0,35400.0,34350.0,35150.0,28617800
2025-09-04,33897.90625,34500.0,35400.0,34350.0,35150.0,28617800
2025-09-05,34290.92578125,34900.0,35000.0,33800.0,34700.0,44836900
2025-09-08,30655.498046875,31200.0,33350.0,31200.0,33300.0,58073200
2025-09-09,30655.498046875,31200.0,33350.0,31200.0,33300.0,58073200
2025-09-10,31834.5546875,32400.0,32550.0,31350.0,31500.0,39698200
2025-09-11,31883.681640625,32450.0,32950.0,31800.0,32850.0,22042300
2025-09-12,31687.173828125,32250.0,32350.0,30450.0,32050.0,44389200
2025-09-15,30999.388671875,31550.0,32200.0,30950.0,31500.0,64130100
2025-09-16,30999.388671875,31550.0,32200.0,30950.0,31500.0,64130100
2025-09-17,31146.771484375,31700.0,32850.0,31500.0,31550.0,70212600
2025-09-18,30458.98828125,31000.0,31950.0,31000.0,31700.0,26679300
2025-09-19,30262.478515625,30800.0,31250.0,30300.0,31100.0,26645900
2025-09-22,28985.166015625,29500.0,30400.0,29300.0,30350.0,54206200
2025-09-23,28985.166015625,29500.0,30400.0,29300.0,30350.0,54206200
2025-09-24,29378.185546875,29900.0,30650.0,29600.0,29600.0,27129500
2025-09-25,31048.517578125,31600.0,31600.0,29550.0,30100.0,40528600
2025-09-26,30409.861328125,30950.0,31850.0,30900.0,31700.0,30534200
2025-09-29,30557.2421875,31100.0,31200.0,30050.0,30500.0,33075500
2025-09-30,30557.2421875,31100.0,31200.0,30050.0,30500.0,33075500
2025-10-01,30557.2421875,31100.0,31250.0,30300.0,31250.0,28902200
2025-10-02,30360.732421875,30900.0,31550.0,30850.0,31100.0,16624800
2025-10-03,29623.822265625,30150.0,31500.0,30150.0,31100.0,31474300
2025-10-06,30999.388671875,31550.0,31550.0,30000.0,30250.0,42838700
2025-10-07,30999.388671875,31550.0,31550.0,30000.0,30250.0,42838700
2025-10-08,30508.115234375,31050.0,31900.0,30900.0,31900.0,26704000
2025-10-09,30557.2421875,31100.0,31650.0,30700.0,31400.0,25369900
2025-10-10,31539.791015625,32100.0,32100.0,31100.0,31300.0,39130900
2025-10-13,31146.771484375,31700.0,31850.0,31250.0,31600.0,35739000
2025-10-14,31146.771484375,31700.0,31850.0,31250.0,31600.0,35739000
2025-10-15,31932.810546875,32500.0,32850.0,31900.0,31900.0,57074600
2025-10-16,33111.8671875,33700.0,34650.0,32750.0,32750.0,92652500
2025-10-17,32620.59375,33200.0,33900.0,33200.0,33800.0,30745500
2025-10-20,29230.802734375,29750.0,31800.0,29750.0,31550.0,52634700
2025-10-21,29230.802734375,29750.0,31800.0,29750.0,31550.0,52634700
2025-10-22,29820.33203125,30350.0,30650.0,28350.0,29500.0,54104300
2025-10-23,29918.5859375,30450.0,30450.0,29400.0,30450.0,26715100
2025-10-24,29476.439453125,30000.0,30800.0,30000.0,30500.0,14351400
2025-10-27,27806.107421875,28300.0,29800.0,28300.0,29500.0,23908400
2025-10-28,27806.107421875,28300.0,29800.0,28300.0,29500.0,23908400
2025-10-29,28936.0390625,29450.0,29450.0,28050.0,28200.0,26721300
2025-10-30,29329.05859375,29850.0,30300.0,29450.0,29700.0,25082900
2025-10-31,28690.40234375,29200.0,30250.0,28950.0,30250.0,19085200
2025-11-03,27118.32421875,27600.0,29050.0,27600.0,29050.0,23165800
2025-11-04,28985.166015625,29500.0,29500.0,27250.0,27550.0,31974700
2025-11-05,28985.166015625,29500.0,29500.0,27250.0,27550.0,31974700
2025-11-06,28002.6171875,28500.0,29200.0,28400.0,29200.0,13235900
2025-11-07,27020.0703125,27500.0,28500.0,27300.0,28450.0,23937800
2025-11-10,27020.0703125,27500.0,28200.0,27400.0,27400.0,16818300
2025-11-11,27020.0703125,27500.0,27800.0,27400.0,27750.0,14818100
2025-11-12,27511.34375,28000.0,28300.0,27500.0,27650.0,16274200
2025-11-13,27265.70703125,27750.0,28350.0,27750.0,28300.0,12863200
2025-11-14,27314.833984375,27800.0,28200.0,27600.0,27600.0,11783400
2025-11-17,27609.599609375,28100.0,28400.0,27850.0,27950.0,12074200
2025-11-18,28297.3828125,28800.0,28800.0,28150.0,28300.0,18859400
2025-11-19,27609.599609375,28100.0,28750.0,28100.0,28700.0,16825600
2025-11-20,28051.74609375,28550.0,28750.0,28000.0,28250.0,19548400
2025-11-21,28051.74609375,28550.0,28700.0,28000.0,28350.0,18164600
2025-11-24,28493.892578125,29000.0,29200.0,28400.0,28550.0,18118500
2025-11-25,27707.853515625,28200.0,29000.0,28100.0,28950.0,14577900
2025-11-26,28493.892578125,29000.0,29100.0,28200.0,28200.0,18812900
2025-11-27,28592.146484375,29100.0,29500.0,28800.0,29050.0,14878100
2025-11-28,28739.529296875,29250.0,29250.0,28700.0,29100.0,11904900
2025-12-01,28788.65625,29300.0,29550.0,28850.0,29050.0,11852800
2025-12-02,28395.63671875,28900.0,29250.0,28700.0,29250.0,10412200
2025-12-03,29722.076171875,30250.0,30300.0,29000.0,29150.0,30066400
2025-12-04,29722.076171875,30250.0,30300.0,29000.0,29150.0,30066400
2025-12-05,29329.05859375,29850.0,30300.0,29800.0,30250.0,12515000
2025-12-08,29181.67578125,29700.0,30250.0,29550.0,29800.0,15691000
2025-12-09,28248.255859375,28750.0,29700.0,28400.0,29650.0,25274800
2025-12-10,28493.892578125,29000.0,29100.0,28500.0,28750.0,9284000
2025-12-11,27658.7265625,28150.0,29000.0,28150.0,28950.0,10971700
2025-12-12,26086.6484375,26550.0,28200.0,26550.0,28100.0,21016800
2025-12-15,27020.0703125,27500.0,27500.0,26600.0,26600.0,18306600
2025-12-16,27756.98046875,28250.0,28300.0,26800.0,27450.0,11815200
2025-12-17,27511.34375,28000.0,28300.0,27800.0,28200.0,6311700
2025-12-18,27511.34375,28000.0,28300.0,27800.0,28200.0,6311700
2025-12-19,27953.490234375,28450.0,28450.0,28000.0,28250.0,9896000
2025-12-22,28493.892578125,29000.0,29000.0,28100.0,28450.0,13903800
2025-12-23,28199.126953125,28700.0,29400.0,28550.0,29100.0,12224300
2025-12-24,28788.65625,29300.0,29300.0,28400.0,28600.0,15286500
2025-12-25,28788.65625,29300.0,29300.0,28400.0,28600.0,15286500
2025-12-26,27658.7265625,28150.0,28850.0,27350.0,28200.0,27183600
2025-12-29,27511.34375,28000.0,28300.0,27800.0,28150.0,20347900
2025-12-30,28199.126953125,28700.0,29100.0,27900.0,27900.0,23124400
2025-12-31,28150.0,28650.0,29000.0,28550.0,28700.0,22530100
2026-01-01,28150.0,28650.0,28650.0,28650.0,28650.0,0
2026-01-02,28150.0,28650.0,28650.0,28650.0,28650.0,0
2026-01-05,27413.08984375,27900.0,28800.0,27550.0,28650.0,16194100
2026-01-06,28346.509765625,28850.0,28900.0,27650.0,27850.0,21660200
2026-01-07,28739.529296875,29250.0,29750.0,29100.0,29150.0,34203500
2026-01-08,28739.529296875,29250.0,29750.0,29000.0,29300.0,29952600
2026-01-09,27756.98046875,28250.0,29650.0,28200.0,29250.0,37610200
2026-01-12,29672.94921875,30200.0,30200.0,28150.0,28500.0,49690500
2026-01-13,29967.71484375,30500.0,31450.0,30300.0,31300.0,42211100
2026-01-14,28985.166015625,29500.0,30800.0,29200.0,30550.0,44749400
2026-01-15,28493.892578125,29000.0,29400.0,28750.0,29350.0,34620800
2026-01-16,28395.63671875,28900.0,29450.0,28850.0,29300.0,24981000
2026-01-19,29132.548828125,29650.0,29800.0,28900.0,28950.0,30777100
2026-01-20,29230.802734375,29750.0,30950.0,29700.0,30150.0,48697600
2026-01-21,28543.01953125,29050.0,29650.0,29000.0,29650.0,34082700
2026-01-22,28690.40234375,29200.0,29400.0,29050.0,29100.0,19795300
2026-01-23,28002.6171875,28500.0,29300.0,28500.0,29200.0,31092900
2026-01-26,27265.70703125,27750.0,28650.0,27600.0,28600.0,32470600
2026-01-27,27314.833984375,27800.0,28100.0,27700.0,27800.0,12846500
2026-01-28,27265.70703125,27750.0,28300.0,27650.0,27950.0,14212000
2026-01-29,27167.453125,27650.0,28150.0,27650.0,28000.0,8246800
2026-01-30,27511.34375,28000.0,28000.0,27550.0,27750.0,15839700
2026-02-02,27118.32421875,27600.0,28000.0,27250.0,27850.0,14154800
2026-02-03,27020.0703125,27500.0,28000.0,27500.0,27850.0,15333400
2026-02-04,27265.70703125,27750.0,27800.0,27250.0,27500.0,16720100
2026-02-05,26921.814453125,27400.0,28050.0,27400.0,28000.0,9669100
2026-02-06,26332.287109375,26800.0,27250.0,26800.0,27200.0,18137700
2026-02-09,26283.158203125,26750.0,27150.0,26650.0,27000.0,8770500
2026-02-10,26135.77734375,26600.0,27300.0,26350.0,26700.0,11076900
2026-02-11,27806.107421875,28300.0,28300.0,26800.0,26800.0,28252000
2026-02-12,27756.98046875,28250.0,28500.0,28150.0,28350.0,8140700
2026-02-13,27806.107421875,28300.0,28300.0,27900.0,28100.0,12905500
2026-02-16,27806.107421875,28300.0,28300.0,28300.0,28300.0,0
2026-02-17,27806.107421875,28300.0,28300.0,28300.0,28300.0,0
2026-02-18,27806.107421875,28300.0,28300.0,28300.0,28300.0,0
2026-02-19,27806.107421875,28300.0,28300.0,28300.0,28300.0,0
2026-02-20,27806.107421875,28300.0,28300.0,28300.0,28300.0,0
2026-02-23,28297.3828125,28800.0,29150.0,28300.0,28450.0,15465000
2026-02-24,28493.892578125,29000.0,29150.0,28550.0,28700.0,18101200
2026-02-25,28346.509765625,28850.0,29500.0,28800.0,29000.0,20144800
2026-02-26,28395.63671875,28900.0,29200.0,28850.0,29000.0,13933100
2026-02-27,28444.763671875,28950.0,29450.0,28750.0,29050.0,18002900
2026-03-02,27560.470703125,28050.0,28700.0,27950.0,28250.0,24664300
2026-03-03,27560.470703125,28050.0,28700.0,27950.0,28250.0,24664300
2026-03-04,26676.177734375,27150.0,27650.0,26500.0,27350.0,26580500
2026-03-05,26528.796875,27000.0,28100.0,26950.0,27450.0,21450200
2026-03-06,26184.904296875,26650.0,27000.0,26650.0,27000.0,15454600
2026-03-09,24367.189453125,24800.0,25200.0,24800.0,24800.0,32371300
2026-03-10,25054.974609375,25500.0,26000.0,24800.0,26000.0,30382100
2026-03-11,25988.39453125,26450.0,26500.0,25400.0,25500.0,17296100
2026-03-12,25300.611328125,25750.0,26200.0,25500.0,25850.0,12809200
2026-03-13,25202.35546875,25650.0,26000.0,25000.0,25400.0,13865300
2026-03-16,25054.974609375,25500.0,25750.0,25400.0,25700.0,7467100
2026-03-17,25251.484375,25700.0,26400.0,25700.0,25800.0,9324100
2026-03-18,25153.228515625,25600.0,26150.0,25400.0,25950.0,9271600
2026-03-19,25153.228515625,25600.0,25800.0,24950.0,25250.0,23991600
2026-03-20,24612.828125,25050.0,25900.0,25050.0,25300.0,15978800
2026-03-23,23581.15234375,24000.0,24900.0,23900.0,24900.0,22738500
2026-03-24,24809.337890625,25250.0,25650.0,24250.0,24450.0,29998900
2026-03-25,25841.01171875,26300.0,26400.0,25550.0,25950.0,21942900
2026-03-26,25742.7578125,26200.0,26500.0,25850.0,26300.0,19426700
2026-03-27,25988.39453125,26450.0,26550.0,25900.0,26000.0,11263600
2026-03-30,25644.501953125,26100.0,26400.0,25550.0,25650.0,16541700
2026-03-31,26234.03125,26700.0,26900.0,26250.0,26400.0,19377200
2026-04-01,26332.287109375,26800.0,27350.0,26800.0,27300.0,10288600
2026-04-02,25791.884765625,26250.0,26600.0,26000.0,26600.0,11441500
2026-04-03,25349.73828125,25800.0,26400.0,25750.0,26300.0,16758100
2026-04-06,25153.228515625,25600.0,25950.0,25500.0,25800.0,11093100
2026-04-07,25595.375,26050.0,26100.0,25500.0,25600.0,11428900
2026-04-08,27118.32421875,27600.0,27750.0,26650.0,27200.0,24909900
2026-04-09,26627.05078125,27100.0,27500.0,27050.0,27350.0,11852400
2026-04-10,26823.560546875,27300.0,27900.0,27300.0,27500.0,14448500
2026-04-13,26430.541015625,26900.0,27200.0,26800.0,27000.0,13557000
2026-04-14,26872.6875,27350.0,27750.0,27100.0,27300.0,14453500
2026-04-15,26872.6875,27350.0,27850.0,27250.0,27850.0,12229700
2026-04-16,27118.32421875,27600.0,27900.0,27000.0,27300.0,15412800
2026-04-17,27756.98046875,28250.0,28500.0,27650.0,27800.0,25668400
2026-04-20,27560.470703125,28050.0,28500.0,28050.0,28500.0,14857100
2026-04-21,27069.197265625,27550.0,28250.0,27550.0,28000.0,12776900
2026-04-22,27069.197265625,27550.0,27850.0,27400.0,27600.0,13650100
2026-04-23,26921.814453125,27400.0,28100.0,27400.0,27650.0,12903100
2026-04-24,26774.43359375,27250.0,27600.0,27200.0,27400.0,8708200
2026-04-27,26774.43359375,27250.0,27250.0,27250.0,27250.0,0
2026-04-28,26528.796875,27000.0,27450.0,27000.0,27250.0,7722200
2026-04-29,26037.521484375,26500.0,27000.0,26500.0,26800.0,18791500
2026-04-30,26037.521484375,26500.0,26500.0,26500.0,26500.0,0
2026-05-01,26037.521484375,26500.0,26500.0,26500.0,26500.0,0
2026-05-04,26479.66796875,26950.0,27150.0,26700.0,26700.0,6238600
2026-05-05,27511.34375,28000.0,28000.0,26500.0,26900.0,22244500
2026-05-06,27511.34375,28000.0,28100.0,27550.0,27900.0,18609200
2026-05-07,27658.7265625,28150.0,28250.0,27800.0,28000.0,18127700
2026-05-08,27462.216796875,27950.0,28300.0,27900.0,28100.0,15747600
2026-05-11,27314.833984375,27800.0,28100.0,27800.0,27900.0,14897400
2026-05-12,27363.9609375,27850.0,27900.0,27500.0,27750.0,14565400
2026-05-13,27265.70703125,27750.0,28150.0,27700.0,28000.0,13166100
2026-05-14,28150.0,28650.0,28650.0,27750.0,27750.0,25280800
2026-05-15,27550.0,27550.0,28250.0,27550.0,28200.0,12744400
2026-05-18,27450.0,27450.0,27500.0,27100.0,27450.0,15227700
2026-05-19,26750.0,26750.0,27500.0,26750.0,27500.0,19221900
2026-05-20,26700.0,26700.0,26800.0,25650.0,26700.0,24208300
2026-05-21,27000.0,27000.0,27150.0,26550.0,26900.0,10367000
2026-05-22,26800.0,26800.0,27000.0,26550.0,27000.0,7815500
2026-05-25,27000.0,27000.0,27300.0,26800.0,26800.0,8099400
2026-05-26,27600.0,27600.0,27800.0,26900.0,27000.0,15075400
2026-05-27,28050.0,28050.0,28250.0,27550.0,27650.0,21261000
2026-05-28,27300.0,27300.0,28100.0,27300.0,28050.0,12835600
2026-05-29,27100.0,27100.0,27400.0,27050.0,27200.0,12537100
2026-06-01,26950.0,26950.0,27200.0,26950.0,27000.0,7009500
2026-06-02,26450.0,26450.0,27100.0,26200.0,26950.0,16345300
2026-06-03,26450.0,26450.0,26750.0,26100.0,26400.0,12339400
2026-06-04,26500.0,26500.0,26600.0,26250.0,26550.0,7702400
2026-06-05,26450.0,26450.0,26700.0,26300.0,26500.0,6898800
2026-06-08,25600.0,25600.0,26250.0,25600.0,26150.0,14124400
2026-06-09,25900.0,25900.0,26050.0,25600.0,25600.0,9222900
2026-06-10,26050.0,26050.0,26150.0,25800.0,25850.0,10242500
2026-06-11,26000.0,26000.0,26050.0,25700.0,25900.0,8711700
2026-06-12,26000.0,26000.0,26500.0,25950.0,26500.0,12467100
2026-06-15,26250.0,26250.0,26500.0,26000.0,26500.0,19473200
2026-06-16,26350.0,26350.0,26650.0,26200.0,26500.0,13094700
2026-06-17,26500.0,26500.0,26800.0,26250.0,26350.0,15641900
2026-06-18,26400.0,26400.0,26550.0,26250.0,26500.0,10095500
2026-06-19,25900.0,25900.0,26400.0,25850.0,26300.0,14326900
2026-06-22,26000.0,26000.0,26050.0,25800.0,25900.0,6206700
2026-06-23,26550.0,26550.0,27250.0,26050.0,26150.0,23143600
2026-06-24,26550.0,26550.0,26800.0,26200.0,26550.0,12665100
2026-06-25,26700.0,26700.0,26850.0,26450.0,26450.0,5889800
2026-06-26,26750.0,26750.0,26750.0,26350.0,26750.0,7818600
2026-06-29,27050.0,27050.0,27150.0,26800.0,26800.0,12693500
2026-06-30,27000.0,27000.0,27150.0,27000.0,27100.0,6681700
2026-07-01,27000.0,27000.0,27150.0,27000.0,27100.0,6681700
2026-07-02,27700.0,27700.0,28000.0,27450.0,27850.0,12453200
2026-07-03,27800.0,27800.0,27850.0,27450.0,27700.0,11584000
2026-07-06,27450.0,27450.0,27950.0,26950.0,27800.0,14582500
2026-07-07,27600.0,27600.0,27700.0,27250.0,27350.0,8051500
2026-07-08,27750.0,27750.0,28100.0,27500.0,27600.0,18004600
2026-07-09,27250.0,27250.0,27700.0,27250.0,27650.0,9817200
2026-07-10,26700.0,26700.0,27250.0,26700.0,27200.0,14081800
2026-07-13,26400.0,26400.0,26450.0,25800.0,26450.0,21924200
2026-07-14,26500.0,26500.0,26500.0,25900.0,26250.0,14462900
2026-07-15,25800.0,25800.0,26500.0,25800.0,26500.0,12957400
2026-07-16,26000.0,26000.0,26250.0,25050.0,25800.0,22414600
2026-07-17,25850.0,25850.0,26550.0,25700.0,25950.0,11440800
2026-07-20,25000.0,25000.0,26000.0,24600.0,25850.0,22577700
2026-07-21,25350.0,25350.0,25450.0,24800.0,24800.0,13683400
2026-07-22,25000.0,25000.0,25550.0,24450.0,25350.0,26398100
2026-07-23,25000.0,25000.0,25150.0,24000.0,24850.0,19164900
2026-07-24,24950.0,24950.0,24950.0,24350.0,24400.0,12405700
2026-07-27,24550.0,24550.0,25000.0,24350.0,24900.0,12699000
2026-07-28,24600.0,24600.0,24700.0,23950.0,24100.0,12046500
2026-07-29,24350.0,24350.0,24550.0,24200.0,24350.0,10055400
2026-07-30,25000.0,25000.0,25050.0,24400.0,24500.0,13162500
