date,Adj Close,Close,High,Low,Open,Volume
2016-01-04,8492.806640625,11837.806640625,12011.1640625,11837.806640625,11986.3984375,2431669
2016-01-05,8492.806640625,11837.806640625,11887.3369140625,11813.041015625,11837.806640625,2964027
2016-01-06,8510.57421875,11862.572265625,11912.1025390625,11837.806640625,11837.806640625,1804178
2016-01-07,8350.66796875,11639.6845703125,11862.572265625,11639.6845703125,11862.572265625,7436296
2016-01-08,8226.294921875,11466.3271484375,11614.9189453125,11392.03125,11590.1533203125,7162283
2016-01-11,8155.2294921875,11367.2666015625,11466.3271484375,11367.2666015625,11466.3271484375,3252294
2016-01-12,8332.90234375,11614.9189453125,11614.9189453125,11317.7353515625,11392.03125,2350709
2016-01-13,8244.0654296875,11491.0927734375,11713.98046875,11466.3271484375,11639.6845703125,2192221
2016-01-14,8208.5302734375,11441.5625,11491.0927734375,11392.03125,11416.796875,2058203
2016-01-15,8190.76123046875,11416.796875,11515.8583984375,11392.03125,11441.5625,2395611
2016-01-18,7977.55615234375,11119.61328125,11317.7353515625,10971.021484375,11317.7353515625,9106012
2016-01-19,8013.087890625,11169.1435546875,11218.6748046875,11070.0830078125,11119.61328125,3527033
2016-01-20,7977.55615234375,11119.61328125,11268.205078125,11119.61328125,11169.1435546875,2632636
2016-01-21,7977.55615234375,11119.61328125,11169.1435546875,11045.3173828125,11094.84765625,2615798
2016-01-22,7959.78466796875,11094.84765625,11169.1435546875,10971.021484375,11144.37890625,2797262
2016-01-25,8368.4375,11664.44921875,11664.44921875,11144.37890625,11268.205078125,3601977
2016-01-26,8155.2294921875,11367.2666015625,11540.623046875,11367.2666015625,11515.8583984375,2669583
2016-01-27,8226.294921875,11466.3271484375,11515.8583984375,11441.5625,11515.8583984375,1359241
2016-01-28,8172.9951171875,11392.03125,11491.0927734375,11342.5009765625,11466.3271484375,1982735
2016-01-29,8244.0654296875,11491.0927734375,11515.8583984375,11367.2666015625,11466.3271484375,2006720
2016-02-01,8279.599609375,11540.623046875,11614.9189453125,11392.03125,11515.8583984375,2358583
2016-02-02,8208.5302734375,11441.5625,11565.388671875,11441.5625,11466.3271484375,743823
2016-02-03,8279.599609375,11540.623046875,11614.9189453125,11441.5625,11491.0927734375,2590319
2016-02-04,8261.8330078125,11515.8583984375,11614.9189453125,11515.8583984375,11614.9189453125,1138811
2016-02-05,8332.90234375,11614.9189453125,11639.6845703125,11515.8583984375,11565.388671875,1468910
2016-02-15,8297.3671875,11565.388671875,11590.1533203125,11466.3271484375,11565.388671875,1381247
2016-02-16,8403.9716796875,11713.98046875,11763.5107421875,11565.388671875,11639.6845703125,1399055
2016-02-17,8439.5048828125,11763.5107421875,11936.8681640625,11763.5107421875,11763.5107421875,2905034
2016-02-18,8546.109375,11912.1025390625,11961.6328125,11788.2763671875,11813.041015625,2976707
2016-02-19,8475.0380859375,11813.041015625,11887.3369140625,11788.2763671875,11887.3369140625,2141707
2016-02-22,8563.876953125,11936.8681640625,11936.8681640625,11813.041015625,11813.041015625,2094948
2016-02-23,8492.806640625,11837.806640625,12011.1640625,11837.806640625,12011.1640625,2936287
2016-02-24,8492.806640625,11837.806640625,11887.3369140625,11788.2763671875,11813.041015625,2648788
2016-02-25,8457.2724609375,11788.2763671875,11961.6328125,11788.2763671875,11887.3369140625,2717796
2016-02-26,8475.0380859375,11813.041015625,11837.806640625,11738.7451171875,11837.806640625,1547448
2016-02-29,8492.806640625,11837.806640625,11862.572265625,11788.2763671875,11862.572265625,2084571
2016-03-01,8563.876953125,11936.8681640625,12110.224609375,11788.2763671875,11837.806640625,4909331
2016-03-02,8652.7109375,12060.6943359375,12085.4599609375,11961.6328125,11986.3984375,3278419
2016-03-03,8670.4814453125,12085.4599609375,12209.2861328125,12085.4599609375,12110.224609375,3357280
2016-03-04,8706.0166015625,12134.990234375,12209.2861328125,12035.9287109375,12035.9287109375,3456168
2016-03-07,8634.9462890625,12035.9287109375,12234.05078125,12035.9287109375,12134.990234375,2955023
2016-03-08,8528.34375,11887.3369140625,12060.6943359375,11887.3369140625,12035.9287109375,4597201
2016-03-09,8528.34375,11887.3369140625,11936.8681640625,11837.806640625,11837.806640625,1639391
2016-03-10,8563.876953125,11936.8681640625,11961.6328125,11862.572265625,11887.3369140625,1124113
2016-03-11,8617.1806640625,12011.1640625,12110.224609375,11986.3984375,11986.3984375,3038971
2016-03-14,8652.7109375,12060.6943359375,12234.05078125,12060.6943359375,12134.990234375,4085315
2016-03-15,8617.1806640625,12011.1640625,12159.755859375,12011.1640625,12110.224609375,2202074
2016-03-16,8617.1806640625,12011.1640625,12060.6943359375,11986.3984375,12011.1640625,1990568
2016-03-17,8617.1806640625,12011.1640625,12110.224609375,12011.1640625,12035.9287109375,2544690
2016-03-18,8759.318359375,12209.2861328125,12357.8779296875,12134.990234375,12134.990234375,10245954
2016-03-21,8741.55078125,12184.5205078125,12258.81640625,12134.990234375,12209.2861328125,2860334
2016-03-22,8652.7109375,12060.6943359375,12159.755859375,12060.6943359375,12134.990234375,2546669
2016-03-23,8652.7109375,12060.6943359375,12134.990234375,12011.1640625,12060.6943359375,2315701
2016-03-24,8599.4140625,11986.3984375,12110.224609375,11986.3984375,12085.4599609375,3359298
2016-03-25,8510.57421875,11862.572265625,11986.3984375,11788.2763671875,11936.8681640625,4582180
2016-03-28,8528.34375,11887.3369140625,11961.6328125,11862.572265625,11961.6328125,1623603
2016-03-29,8439.5048828125,11763.5107421875,11887.3369140625,11738.7451171875,11887.3369140625,2952116
2016-03-30,8439.5048828125,11763.5107421875,11862.572265625,11689.21484375,11763.5107421875,2406271
2016-03-31,8368.4375,11664.44921875,11887.3369140625,11664.44921875,11763.5107421875,2516142
2016-04-01,8315.1328125,11590.1533203125,11689.21484375,11565.388671875,11664.44921875,2140819
2016-04-04,8315.1328125,11590.1533203125,11639.6845703125,11565.388671875,11565.388671875,1495682
2016-04-05,8350.66796875,11639.6845703125,11689.21484375,11565.388671875,11590.1533203125,1156618
2016-04-06,8421.7392578125,11738.7451171875,11738.7451171875,11614.9189453125,11639.6845703125,1163241
2016-04-07,8492.806640625,11837.806640625,11862.572265625,11738.7451171875,11763.5107421875,1961616
2016-04-08,8457.2724609375,11788.2763671875,11887.3369140625,11788.2763671875,11788.2763671875,1260716
2016-04-11,8510.57421875,11862.572265625,11936.8681640625,11763.5107421875,11837.806640625,3290089
2016-04-12,8475.0380859375,11813.041015625,11887.3369140625,11763.5107421875,11887.3369140625,1589442
2016-04-13,8457.2724609375,11788.2763671875,11837.806640625,11763.5107421875,11788.2763671875,2293896
2016-04-14,8439.5048828125,11763.5107421875,11837.806640625,11763.5107421875,11763.5107421875,2311138
2016-04-15,8386.205078125,11689.21484375,11813.041015625,11689.21484375,11788.2763671875,2875436
2016-04-19,8350.66796875,11639.6845703125,11763.5107421875,11639.6845703125,11689.21484375,2204577
2016-04-20,8368.4375,11664.44921875,11689.21484375,11614.9189453125,11639.6845703125,3546456
2016-04-21,8403.9716796875,11713.98046875,11763.5107421875,11664.44921875,11713.98046875,2004176
2016-04-22,8492.806640625,11837.806640625,11837.806640625,11664.44921875,11713.98046875,3350254
2016-04-25,8510.57421875,11862.572265625,11961.6328125,11837.806640625,11887.3369140625,2270234
2016-04-26,8510.57421875,11862.572265625,11887.3369140625,11763.5107421875,11862.572265625,1346723
2016-04-27,8475.0380859375,11813.041015625,11912.1025390625,11763.5107421875,11887.3369140625,2394723
2016-04-28,8599.4140625,11986.3984375,12209.2861328125,11813.041015625,11887.3369140625,12142318
2016-04-29,8634.9462890625,12035.9287109375,12060.6943359375,11961.6328125,11986.3984375,2480568
2016-05-04,8546.109375,11912.1025390625,11961.6328125,11813.041015625,11936.8681640625,3113995
2016-05-05,8492.806640625,11837.806640625,11986.3984375,11837.806640625,11862.572265625,3669572
2016-05-06,8439.5048828125,11763.5107421875,11887.3369140625,11763.5107421875,11837.806640625,2799725
2016-05-09,8386.205078125,11689.21484375,11837.806640625,11689.21484375,11788.2763671875,2446206
2016-05-10,8403.9716796875,11713.98046875,11763.5107421875,11639.6845703125,11664.44921875,1880252
2016-05-11,8475.0380859375,11813.041015625,11837.806640625,11713.98046875,11813.041015625,1171801
2016-05-12,8421.7392578125,11738.7451171875,11862.572265625,11738.7451171875,11862.572265625,1665355
2016-05-13,8421.7392578125,11738.7451171875,11788.2763671875,11689.21484375,11763.5107421875,1587867
2016-05-16,8403.9716796875,11713.98046875,11763.5107421875,11689.21484375,11738.7451171875,1253326
2016-05-17,8457.2724609375,11788.2763671875,11837.806640625,11713.98046875,11738.7451171875,1430954
2016-05-18,8475.0380859375,11813.041015625,11986.3984375,11813.041015625,11887.3369140625,2797787
2016-05-19,8475.0380859375,11813.041015625,11887.3369140625,11788.2763671875,11887.3369140625,751132
2016-05-20,8510.57421875,11862.572265625,11862.572265625,11813.041015625,11813.041015625,1958628
2016-05-23,8492.806640625,11837.806640625,11961.6328125,11837.806640625,11961.6328125,1393684
2016-05-24,8475.0380859375,11813.041015625,11887.3369140625,11813.041015625,11862.572265625,1490715
2016-05-25,8475.0380859375,11813.041015625,11862.572265625,11788.2763671875,11837.806640625,2416164
2016-05-26,8439.5048828125,11763.5107421875,11862.572265625,11763.5107421875,11837.806640625,5365857
2016-05-27,8557.4765625,11676.83203125,11705.3125,11505.9521484375,11619.8720703125,1908632
2016-05-30,8578.349609375,11705.3125,11790.7529296875,11676.83203125,11676.83203125,1570079
2016-05-31,8515.734375,11619.8720703125,11733.7919921875,11619.8720703125,11733.7919921875,2069341
2016-06-01,8515.734375,11619.8720703125,11676.83203125,11619.8720703125,11676.83203125,1824503
2016-06-02,8515.734375,11619.8720703125,11676.83203125,11591.3916015625,11676.83203125,1116921
2016-06-03,8494.861328125,11591.3916015625,11648.3525390625,11562.912109375,11648.3525390625,1405508
2016-06-06,8432.2451171875,11505.9521484375,11591.3916015625,11448.9912109375,11591.3916015625,2647850
2016-06-07,8453.1171875,11534.431640625,11562.912109375,11448.9912109375,11562.912109375,1964917
2016-06-08,8494.861328125,11591.3916015625,11591.3916015625,11505.9521484375,11534.431640625,1814004
2016-06-09,8453.1171875,11534.431640625,11591.3916015625,11534.431640625,11591.3916015625,1142517
2016-06-10,8453.1171875,11534.431640625,11562.912109375,11505.9521484375,11505.9521484375,1668499
2016-06-13,8432.2451171875,11505.9521484375,11534.431640625,11505.9521484375,11534.431640625,832968
2016-06-14,8453.1171875,11534.431640625,11534.431640625,11477.4716796875,11477.4716796875,851683
2016-06-15,8411.373046875,11477.4716796875,11534.431640625,11448.9912109375,11534.431640625,1455613
2016-06-16,8432.2451171875,11505.9521484375,11562.912109375,11477.4716796875,11534.431640625,1261653
2016-06-17,8432.2451171875,11505.9521484375,11534.431640625,11477.4716796875,11505.9521484375,723733
2016-06-20,8912.2978515625,12160.9931640625,12217.9541015625,11505.9521484375,11534.431640625,6590993
2016-06-21,8912.2978515625,12160.9931640625,12474.2744140625,12132.513671875,12217.9541015625,5065681
2016-06-22,8849.6826171875,12075.5537109375,12217.9541015625,12075.5537109375,12104.033203125,1055053
2016-06-23,8745.32421875,11933.1533203125,12075.5537109375,11933.1533203125,12047.0732421875,2900869
2016-06-24,8536.607421875,11648.3525390625,11876.1923828125,11135.7109375,11876.1923828125,8998605
2016-06-27,8599.2197265625,11733.7919921875,11790.7529296875,11448.9912109375,11648.3525390625,2063056
2016-06-28,8599.2197265625,11733.7919921875,11790.7529296875,11676.83203125,11733.7919921875,1153086
2016-06-29,8766.1953125,11961.6328125,12104.033203125,11705.3125,11705.3125,4391034
2016-06-30,8724.453125,11904.6728515625,12132.513671875,11904.6728515625,12104.033203125,2351433
2016-07-01,8745.32421875,11933.1533203125,12047.0732421875,11904.6728515625,11961.6328125,2033386
2016-07-04,8870.5546875,12104.033203125,12160.9931640625,11961.6328125,11961.6328125,3033418
2016-07-05,8807.9404296875,12018.5927734375,12160.9931640625,12018.5927734375,12104.033203125,2777555
2016-07-06,8828.8125,12047.0732421875,12104.033203125,11933.1533203125,11990.11328125,2113898
2016-07-07,9037.5322265625,12331.8740234375,12502.7548828125,12075.5537109375,12160.9931640625,5592926
2016-07-08,9100.1455078125,12417.314453125,12645.1552734375,12360.3544921875,12360.3544921875,5600160
2016-07-11,8891.42578125,12132.513671875,12531.234375,12132.513671875,12445.7939453125,3636015
2016-07-12,8891.42578125,12132.513671875,12246.43359375,11961.6328125,12132.513671875,2614388
2016-07-13,8954.0419921875,12217.9541015625,12331.8740234375,12132.513671875,12132.513671875,2637246
2016-07-14,8974.9130859375,12246.43359375,12502.7548828125,12217.9541015625,12246.43359375,6602088
2016-07-15,8891.42578125,12132.513671875,12303.3935546875,12132.513671875,12217.9541015625,2563897
2016-07-18,8891.42578125,12132.513671875,12160.9931640625,12018.5927734375,12104.033203125,2030893
2016-07-19,8745.32421875,11933.1533203125,12160.9931640625,11876.1923828125,12160.9931640625,4033029
2016-07-20,8682.7099609375,11847.712890625,11990.11328125,11847.712890625,11933.1533203125,2019165
2016-07-21,8682.7099609375,11847.712890625,11961.6328125,11819.232421875,11876.1923828125,1573450
2016-07-22,8620.0927734375,11762.2724609375,11819.232421875,11648.3525390625,11819.232421875,3365615
2016-07-25,8578.349609375,11705.3125,11790.7529296875,11705.3125,11762.2724609375,1319799
2016-07-26,8536.607421875,11648.3525390625,11733.7919921875,11619.8720703125,11705.3125,1648590
2016-07-27,8536.607421875,11648.3525390625,11648.3525390625,11648.3525390625,11648.3525390625,0
2016-07-28,8620.0927734375,11762.2724609375,11876.1923828125,11733.7919921875,11762.2724609375,1800135
2016-07-29,8557.4765625,11676.83203125,11790.7529296875,11676.83203125,11762.2724609375,848066
2016-08-01,8578.349609375,11705.3125,11762.2724609375,11619.8720703125,11676.83203125,1473766
2016-08-02,8473.98828125,11562.912109375,11705.3125,11534.431640625,11705.3125,2832260
2016-08-03,8453.1171875,11534.431640625,11619.8720703125,11505.9521484375,11562.912109375,1641217
2016-08-04,8432.2451171875,11505.9521484375,11619.8720703125,11505.9521484375,11534.431640625,1194764
2016-08-05,8453.1171875,11534.431640625,11591.3916015625,11448.9912109375,11505.9521484375,1621238
2016-08-08,8473.98828125,11562.912109375,11676.83203125,11562.912109375,11591.3916015625,964498
2016-08-09,8536.607421875,11648.3525390625,11648.3525390625,11562.912109375,11619.8720703125,951647
2016-08-10,8578.349609375,11705.3125,11705.3125,11591.3916015625,11591.3916015625,831317
2016-08-11,8724.453125,11904.6728515625,11904.6728515625,11733.7919921875,11762.2724609375,2055155
2016-08-12,8682.7099609375,11847.712890625,12075.5537109375,11819.232421875,11961.6328125,1852733
2016-08-15,8682.7099609375,11847.712890625,11876.1923828125,11819.232421875,11847.712890625,987427
2016-08-16,8912.2978515625,12160.9931640625,12246.43359375,11847.712890625,11961.6328125,6789552
2016-08-17,9016.6591796875,12303.3935546875,12388.833984375,12104.033203125,12160.9931640625,4756201
2016-08-18,8995.7861328125,12274.9140625,12531.234375,12246.43359375,12303.3935546875,3666036
2016-08-19,8849.6826171875,12075.5537109375,12331.8740234375,12075.5537109375,12331.8740234375,2326082
2016-08-22,8871.0595703125,11819.232421875,11990.11328125,11819.232421875,11961.6328125,3316247
2016-08-23,8913.8115234375,11876.1923828125,11933.1533203125,11790.7529296875,11904.6728515625,1557474
2016-08-24,8977.9404296875,11961.6328125,12075.5537109375,11904.6728515625,11904.6728515625,2630716
2016-08-25,9063.4443359375,12075.5537109375,12104.033203125,11933.1533203125,11990.11328125,2111230
2016-08-26,9191.7001953125,12246.43359375,12360.3544921875,12075.5537109375,12075.5537109375,7785863
2016-08-29,9106.197265625,12132.513671875,12388.833984375,12132.513671875,12303.3935546875,3498269
2016-08-30,9106.197265625,12132.513671875,12217.9541015625,12104.033203125,12104.033203125,1860458
2016-08-31,9384.0859375,12502.7548828125,12645.1552734375,12160.9931640625,12217.9541015625,11202707
2016-09-01,9512.33984375,12673.634765625,12816.03515625,12531.234375,12616.6748046875,7534599
2016-09-05,9512.33984375,12673.634765625,12759.0751953125,12559.71484375,12673.634765625,3387876
2016-09-06,9448.2119140625,12588.1943359375,12759.0751953125,12588.1943359375,12645.1552734375,4864382
2016-09-07,9426.8369140625,12559.71484375,12559.71484375,12388.833984375,12559.71484375,4678533
2016-09-08,9747.4775390625,12986.916015625,13157.796875,12588.1943359375,12645.1552734375,11388592
2016-09-09,9768.8564453125,13015.396484375,13243.236328125,12958.435546875,13100.8359375,6439272
2016-09-12,9619.2216796875,12816.03515625,12986.916015625,12787.5556640625,12958.435546875,4284468
2016-09-13,9661.974609375,12872.99609375,12915.7158203125,12673.634765625,12816.03515625,4043493
2016-09-14,9726.0986328125,12958.435546875,13086.5966796875,12816.03515625,12858.755859375,4505219
2016-09-15,9576.470703125,12759.0751953125,12958.435546875,12673.634765625,12958.435546875,3902376
2016-09-16,9619.2216796875,12816.03515625,12816.03515625,12645.1552734375,12673.634765625,3003643
2016-09-19,9683.3486328125,12901.4755859375,12958.435546875,12759.0751953125,12929.9560546875,3316353
2016-09-20,9758.166015625,13001.15625,13072.3564453125,12872.99609375,12958.435546875,4826426
2016-09-21,9726.0986328125,12958.435546875,13072.3564453125,12929.9560546875,13015.396484375,3062491
2016-09-22,9961.2392578125,13271.716796875,13499.5576171875,12958.435546875,12958.435546875,9907767
2016-09-23,10132.2470703125,13499.5576171875,13556.517578125,13328.6767578125,13328.6767578125,8185300
2016-09-26,10217.75,13613.4775390625,13727.3984375,13556.517578125,13556.517578125,6807284
2016-09-27,10217.75,13613.4775390625,13613.4775390625,13471.0771484375,13599.2373046875,7062515
2016-09-28,10239.126953125,13641.9580078125,13812.837890625,13556.517578125,13570.7578125,5883691
2016-09-29,10121.55859375,13485.3173828125,13670.4375,13414.1171875,13556.517578125,6618977
2016-09-30,9971.92578125,13285.95703125,13499.5576171875,13285.95703125,13499.5576171875,6059568
2016-10-03,9971.92578125,13285.95703125,13442.59765625,13186.2763671875,13300.197265625,3734786
2016-10-04,10003.9892578125,13328.6767578125,13485.3173828125,13100.8359375,13357.1572265625,6830318
2016-10-05,10003.9892578125,13328.6767578125,13385.63671875,13285.95703125,13385.63671875,1694377
2016-10-06,9854.361328125,13129.31640625,13371.3974609375,13129.31640625,13328.6767578125,2839704
2016-10-07,9629.9111328125,12830.275390625,13186.2763671875,12730.595703125,13143.556640625,9327607
2016-10-10,9319.95703125,12417.314453125,12830.275390625,12417.314453125,12830.275390625,7393905
2016-10-11,9512.33984375,12673.634765625,12673.634765625,12289.154296875,12417.314453125,5534149
2016-10-12,9362.7099609375,12474.2744140625,12702.115234375,12445.7939453125,12645.1552734375,2587949
2016-10-13,9405.4609375,12531.234375,12588.1943359375,12360.3544921875,12445.7939453125,1599749
2016-10-14,9373.3974609375,12488.5146484375,12559.71484375,12474.2744140625,12502.7548828125,1952663
2016-10-17,9277.2041015625,12360.3544921875,12502.7548828125,12360.3544921875,12502.7548828125,2807471
2016-10-18,9319.95703125,12417.314453125,12488.5146484375,12246.43359375,12360.3544921875,1618921
2016-10-19,9373.3974609375,12488.5146484375,12573.955078125,12388.833984375,12388.833984375,1701856
2016-10-20,9298.5791015625,12388.833984375,12588.1943359375,12374.59375,12559.71484375,1587636
2016-10-21,9277.2041015625,12360.3544921875,12460.0341796875,12360.3544921875,12388.833984375,1292236
2016-10-24,9234.4521484375,12303.3935546875,12417.314453125,12274.9140625,12360.3544921875,2400976
2016-10-25,9234.4521484375,12303.3935546875,12502.7548828125,12189.4736328125,12303.3935546875,2804732
2016-10-26,9191.7001953125,12246.43359375,12417.314453125,12217.9541015625,12303.3935546875,1749819
2016-10-27,9234.4521484375,12303.3935546875,12331.8740234375,12246.43359375,12331.8740234375,1126296
2016-10-28,9319.95703125,12417.314453125,12417.314453125,12289.154296875,12303.3935546875,2188336
2016-10-31,9298.5791015625,12388.833984375,12502.7548828125,12388.833984375,12445.7939453125,1285459
2016-11-01,9255.8271484375,12331.8740234375,12417.314453125,12331.8740234375,12417.314453125,1011162
2016-11-02,9106.197265625,12132.513671875,12360.3544921875,12132.513671875,12331.8740234375,2132964
2016-11-03,8977.9404296875,11961.6328125,12104.033203125,11876.1923828125,12104.033203125,2876958
2016-11-04,9010.005859375,12004.353515625,12075.5537109375,11961.6328125,11961.6328125,758705
2016-11-07,9148.9501953125,12189.4736328125,12217.9541015625,11990.11328125,11990.11328125,949505
2016-11-08,9159.6376953125,12203.7138671875,12317.6337890625,12189.4736328125,12189.4736328125,1256562
2016-11-09,9020.693359375,12018.5927734375,12203.7138671875,11705.3125,12203.7138671875,4423442
2016-11-10,9127.5703125,12160.9931640625,12217.9541015625,12104.033203125,12132.513671875,980369
2016-11-11,9191.7001953125,12246.43359375,12374.59375,12189.4736328125,12217.9541015625,1928505
2016-11-14,9138.259765625,12175.2333984375,12246.43359375,12132.513671875,12160.9931640625,1255263
2016-11-15,9234.4521484375,12303.3935546875,12303.3935546875,12160.9931640625,12189.4736328125,1439637
2016-11-16,9202.3876953125,12260.673828125,12360.3544921875,12189.4736328125,12331.8740234375,1698380
2016-11-17,9106.197265625,12132.513671875,12260.673828125,12132.513671875,12260.673828125,1202208
2016-11-18,9213.0771484375,12274.9140625,12289.154296875,12104.033203125,12104.033203125,956879
2016-11-21,9213.0771484375,12274.9140625,12360.3544921875,12189.4736328125,12303.3935546875,1400768
2016-11-22,9213.0771484375,12274.9140625,12346.1142578125,12246.43359375,12246.43359375,1670149
2016-11-23,9394.7744140625,12516.994140625,12559.71484375,12274.9140625,12331.8740234375,3277378
2016-11-24,9480.2783203125,12630.9150390625,12744.8349609375,12474.2744140625,12474.2744140625,3897110
2016-11-25,9394.7744140625,12516.994140625,12645.1552734375,12502.7548828125,12645.1552734375,1839636
2016-11-28,9298.5791015625,12388.833984375,12516.994140625,12303.3935546875,12516.994140625,1409019
2016-11-29,9223.7646484375,12289.154296875,12388.833984375,12160.9931640625,12388.833984375,1716884
2016-11-30,9266.513671875,12346.1142578125,12346.1142578125,12217.9541015625,12246.43359375,998066
2016-12-01,9234.4521484375,12303.3935546875,12474.2744140625,12303.3935546875,12303.3935546875,868852
2016-12-02,9181.0107421875,12232.193359375,12346.1142578125,12217.9541015625,12303.3935546875,933459
2016-12-05,9106.197265625,12132.513671875,12303.3935546875,12132.513671875,12246.43359375,1125207
2016-12-06,9042.0673828125,12047.0732421875,12203.7138671875,12047.0732421875,12189.4736328125,1430403
2016-12-07,8999.3173828125,11990.11328125,12104.033203125,11990.11328125,12047.0732421875,996029
2016-12-08,9031.3828125,12032.8330078125,12104.033203125,12018.5927734375,12104.033203125,511831
2016-12-09,9170.326171875,12217.9541015625,12388.833984375,12104.033203125,12118.2734375,1248030
2016-12-12,9020.693359375,12018.5927734375,12246.43359375,12018.5927734375,12246.43359375,1306562
2016-12-13,8935.1884765625,11904.6728515625,12061.3134765625,11904.6728515625,12018.5927734375,1263865
2016-12-14,8977.9404296875,11961.6328125,12018.5927734375,11890.4326171875,11904.6728515625,1386793
2016-12-15,8945.8779296875,11918.9130859375,11990.11328125,11904.6728515625,11961.6328125,993501
2016-12-16,8999.3173828125,11990.11328125,11990.11328125,11904.6728515625,11947.392578125,1048768
2016-12-19,9127.5703125,12160.9931640625,12160.9931640625,11990.11328125,11990.11328125,768607
2016-12-20,9095.5078125,12118.2734375,12217.9541015625,12104.033203125,12118.2734375,1031528
2016-12-21,9084.8212890625,12104.033203125,12175.2333984375,12089.79296875,12118.2734375,1326435
2016-12-22,9095.5078125,12118.2734375,12303.3935546875,12104.033203125,12189.4736328125,2314986
2016-12-23,9116.884765625,12146.75390625,12203.7138671875,12104.033203125,12203.7138671875,1141640
2016-12-26,9127.5703125,12160.9931640625,12217.9541015625,12104.033203125,12146.75390625,856528
2016-12-27,9223.7646484375,12289.154296875,12388.833984375,12160.9931640625,12160.9931640625,2773763
2016-12-28,9319.95703125,12417.314453125,12474.2744140625,12317.6337890625,12317.6337890625,3034823
2016-12-29,9287.892578125,12374.59375,12474.2744140625,12331.8740234375,12474.2744140625,1320993
2016-12-30,9405.4609375,12531.234375,12602.4345703125,12346.1142578125,12417.314453125,5770138
2017-01-03,9587.15625,12773.3154296875,12801.7958984375,12616.6748046875,12616.6748046875,3557117
2017-01-04,9672.66015625,12887.2353515625,13015.396484375,12730.595703125,12759.0751953125,3590439
2017-01-05,9640.595703125,12844.515625,12929.9560546875,12844.515625,12872.99609375,2155436
2017-01-06,9608.53515625,12801.7958984375,12958.435546875,12801.7958984375,12872.99609375,2808103
2017-01-09,9661.974609375,12872.99609375,12929.9560546875,12787.5556640625,12830.275390625,1761266
2017-01-10,9832.9814453125,13100.8359375,13100.8359375,12858.755859375,12887.2353515625,3671619
2017-01-11,9854.361328125,13129.31640625,13271.716796875,13129.31640625,13186.2763671875,2601783
2017-01-12,9822.294921875,13086.5966796875,13157.796875,13058.1162109375,13129.31640625,1897291
2017-01-13,9597.845703125,12787.5556640625,13214.7568359375,12730.595703125,13129.31640625,5758937
2017-01-16,9405.4609375,12531.234375,12787.5556640625,12531.234375,12787.5556640625,3146444
2017-01-17,9490.9658203125,12645.1552734375,12759.0751953125,12531.234375,12531.234375,1830226
2017-01-18,9362.7099609375,12474.2744140625,12730.595703125,12474.2744140625,12730.595703125,1741989
2017-01-19,9362.7099609375,12474.2744140625,12531.234375,12374.59375,12474.2744140625,2068849
2017-01-20,9448.2119140625,12588.1943359375,12673.634765625,12460.0341796875,12474.2744140625,2327416
2017-01-23,9501.6533203125,12659.39453125,12702.115234375,12588.1943359375,12645.1552734375,1607088
2017-01-24,9555.095703125,12730.595703125,12787.5556640625,12616.6748046875,12730.595703125,984898
2017-01-25,9640.595703125,12844.515625,12901.4755859375,12716.35546875,12787.5556640625,1480929
2017-01-26,9640.595703125,12844.515625,12844.515625,12844.515625,12844.515625,0
2017-02-03,9555.095703125,12730.595703125,12787.5556640625,12645.1552734375,12730.595703125,1746413
2017-02-06,9469.5908203125,12616.6748046875,12673.634765625,12588.1943359375,12673.634765625,1944446
2017-02-07,9512.33984375,12673.634765625,12730.595703125,12602.4345703125,12602.4345703125,3228186
2017-02-08,9533.716796875,12702.115234375,12801.7958984375,12659.39453125,12702.115234375,2039811
2017-02-09,9523.029296875,12687.875,12730.595703125,12673.634765625,12702.115234375,2797288
2017-02-10,9501.6533203125,12659.39453125,12702.115234375,12602.4345703125,12673.634765625,2160913
2017-02-13,9576.470703125,12759.0751953125,12773.3154296875,12645.1552734375,12702.115234375,2961684
2017-02-14,9918.484375,13214.7568359375,13214.7568359375,12787.5556640625,12816.03515625,6820416
2017-02-15,9832.9814453125,13100.8359375,13243.236328125,13043.8759765625,13243.236328125,4056379
2017-02-16,9683.3486328125,12901.4755859375,13172.0361328125,12901.4755859375,13100.8359375,3914771
2017-02-17,9683.3486328125,12901.4755859375,12958.435546875,12787.5556640625,12872.99609375,2865617
2017-02-20,9629.9111328125,12830.275390625,12929.9560546875,12816.03515625,12901.4755859375,2598202
2017-02-21,9704.7265625,12929.9560546875,13072.3564453125,12830.275390625,12901.4755859375,3710102
2017-02-22,9790.2294921875,13043.8759765625,13186.2763671875,12929.9560546875,13015.396484375,4321652
2017-02-23,9832.9814453125,13100.8359375,13200.5166015625,13001.15625,13072.3564453125,3660734
2017-02-24,9832.9814453125,13100.8359375,13129.31640625,12958.435546875,13100.8359375,3263193
2017-02-27,9950.5517578125,13257.4765625,13357.1572265625,13100.8359375,13100.8359375,6289870
2017-02-28,9800.919921875,13058.1162109375,13328.6767578125,13043.8759765625,13271.716796875,2766705
2017-03-01,9768.8564453125,13015.396484375,13072.3564453125,12915.7158203125,13058.1162109375,2861192
2017-03-02,9715.4150390625,12944.1962890625,13072.3564453125,12929.9560546875,13015.396484375,2195007
2017-03-03,9758.166015625,13001.15625,13072.3564453125,12858.755859375,12944.1962890625,1406000
2017-03-06,9822.294921875,13086.5966796875,13129.31640625,13001.15625,13001.15625,1822642
2017-03-07,9790.2294921875,13043.8759765625,13100.8359375,12972.67578125,13100.8359375,1664426
2017-03-08,9790.2294921875,13043.8759765625,13100.8359375,12972.67578125,13015.396484375,1707333
2017-03-09,9726.0986328125,12958.435546875,13072.3564453125,12958.435546875,13043.8759765625,1815690
2017-03-10,9832.9814453125,13100.8359375,13214.7568359375,13015.396484375,13043.8759765625,4230852
2017-03-13,9779.541015625,13029.6357421875,13186.2763671875,13015.396484375,13129.31640625,1626610
2017-03-14,9768.8564453125,13015.396484375,13157.796875,13015.396484375,13043.8759765625,2108140
2017-03-15,9736.7890625,12972.67578125,13072.3564453125,12944.1962890625,13015.396484375,2221096
2017-03-16,9768.8564453125,13015.396484375,13072.3564453125,12958.435546875,12986.916015625,2143603
2017-03-17,9811.6064453125,13072.3564453125,13186.2763671875,13029.6357421875,13072.3564453125,3467687
2017-03-20,9961.2392578125,13271.716796875,13300.197265625,13072.3564453125,13072.3564453125,5525406
2017-03-21,9961.2392578125,13271.716796875,13456.8369140625,13271.716796875,13328.6767578125,6605564
2017-03-22,9854.361328125,13129.31640625,13314.4365234375,13129.31640625,13300.197265625,4242017
2017-03-23,10260.5029296875,13670.4375,13670.4375,13072.3564453125,13100.8359375,7113814
2017-03-24,10196.375,13584.998046875,13955.23828125,13513.7978515625,13784.3583984375,6802860
2017-03-27,10174.9990234375,13556.517578125,13670.4375,13456.8369140625,13556.517578125,3588262
2017-03-28,10132.2470703125,13499.5576171875,13741.6376953125,13471.0771484375,13556.517578125,4079237
2017-03-29,10153.623046875,13528.037109375,13613.4775390625,13442.59765625,13499.5576171875,2124888
2017-03-30,10068.119140625,13414.1171875,13627.7177734375,13414.1171875,13528.037109375,2642092
2017-03-31,10110.869140625,13471.0771484375,13584.998046875,13385.63671875,13414.1171875,4260381
2017-04-03,9918.484375,13214.7568359375,13528.037109375,13214.7568359375,13471.0771484375,7003913
2017-04-04,10046.7421875,13385.63671875,13385.63671875,13200.5166015625,13200.5166015625,3444548
2017-04-05,9950.5517578125,13257.4765625,13385.63671875,13257.4765625,13385.63671875,2103119
2017-04-07,10046.7421875,13385.63671875,13399.876953125,13200.5166015625,13200.5166015625,3161086
2017-04-10,10046.7421875,13385.63671875,13456.8369140625,13357.1572265625,13385.63671875,1481597
2017-04-11,10036.0546875,13371.3974609375,13471.0771484375,13328.6767578125,13385.63671875,1422503
2017-04-12,10164.3095703125,13542.27734375,13599.2373046875,13371.3974609375,13385.63671875,4552339
2017-04-13,10100.18359375,13456.8369140625,13556.517578125,13442.59765625,13485.3173828125,1822185
2017-04-14,9843.6708984375,13115.076171875,13428.357421875,13072.3564453125,13414.1171875,5070210
2017-04-17,9768.8564453125,13015.396484375,13243.236328125,13015.396484375,13115.076171875,3745846
2017-04-18,9832.9814453125,13100.8359375,13100.8359375,12915.7158203125,13015.396484375,2094551
2017-04-19,9832.9814453125,13100.8359375,13214.7568359375,13072.3564453125,13100.8359375,3975656
2017-04-20,9800.919921875,13058.1162109375,13200.5166015625,13043.8759765625,13100.8359375,1847115
2017-04-21,9800.919921875,13058.1162109375,13214.7568359375,13058.1162109375,13157.796875,1431526
2017-04-24,9779.541015625,13029.6357421875,13115.076171875,13001.15625,13058.1162109375,1635107
2017-04-25,9758.166015625,13001.15625,13100.8359375,12958.435546875,12986.916015625,2114109
2017-04-26,9832.9814453125,13100.8359375,13115.076171875,13015.396484375,13072.3564453125,1697993
2017-04-27,9939.8642578125,13243.236328125,13300.197265625,13129.31640625,13129.31640625,3514877
2017-04-28,9939.8642578125,13243.236328125,13243.236328125,13243.236328125,13243.236328125,0
2017-05-03,10046.7421875,13385.63671875,13471.0771484375,13228.9970703125,13300.197265625,2832330
2017-05-04,10046.7421875,13385.63671875,13499.5576171875,13357.1572265625,13385.63671875,2431489
2017-05-05,10068.119140625,13414.1171875,13456.8369140625,13357.1572265625,13385.63671875,1086268
2017-05-08,10046.7421875,13385.63671875,13428.357421875,13328.6767578125,13357.1572265625,1291604
2017-05-09,10324.6328125,13755.8779296875,13755.8779296875,13442.59765625,13442.59765625,4102411
2017-05-10,10281.87890625,13698.91796875,13940.9990234375,13698.91796875,13812.837890625,5509043
2017-05-11,10281.87890625,13698.91796875,13784.3583984375,13570.7578125,13698.91796875,2489529
2017-05-12,10260.5029296875,13670.4375,13784.3583984375,13670.4375,13698.91796875,1856666
2017-05-15,10217.75,13613.4775390625,13670.4375,13599.2373046875,13670.4375,1778506
2017-05-16,10153.623046875,13528.037109375,13755.8779296875,13513.7978515625,13613.4775390625,2241461
2017-05-17,10217.75,13613.4775390625,13670.4375,13456.8369140625,13528.037109375,1944517
2017-05-18,10239.126953125,13641.9580078125,13869.798828125,13570.7578125,13656.1982421875,3192477
2017-05-19,10346.0078125,13784.3583984375,13784.3583984375,13613.4775390625,13641.9580078125,2521973
2017-05-22,10367.3837890625,13812.837890625,13969.478515625,13812.837890625,13812.837890625,6037939
2017-05-23,10442.19921875,13912.5185546875,14069.1591796875,13812.837890625,13855.55859375,7255036
2017-05-24,10495.638671875,13983.71875,14026.4384765625,13912.5185546875,14012.19921875,4581658
2017-05-25,10689.8408203125,13952.390625,14083.3994140625,13903.2626953125,14083.3994140625,5231421
2017-05-26,10564.3740234375,13788.6298828125,13952.390625,13755.8779296875,13952.390625,2651861
2017-05-29,10689.8408203125,13952.390625,13985.142578125,13788.6298828125,13788.6298828125,1936456
2017-05-30,10790.2158203125,14083.3994140625,14296.287109375,13854.134765625,13854.134765625,5706109
2017-05-31,10790.2158203125,14083.3994140625,14263.53515625,14083.3994140625,14083.3994140625,3245594
2017-06-01,10903.13671875,14230.783203125,14247.1591796875,14116.1513671875,14116.1513671875,2403388
2017-06-02,10852.947265625,14165.279296875,14312.6640625,14116.1513671875,14279.9111328125,2470651
2017-06-05,10852.947265625,14165.279296875,14296.287109375,14132.52734375,14279.9111328125,2035320
2017-06-06,11116.431640625,14509.17578125,14672.9365234375,14181.6552734375,14181.6552734375,4524199
2017-06-07,11053.697265625,14427.2958984375,14672.9365234375,14427.2958984375,14672.9365234375,2572996
2017-06-08,11091.33984375,14476.423828125,14525.5517578125,14312.6640625,14410.919921875,1924854
2017-06-09,11329.7255859375,14787.5693359375,14902.201171875,14476.423828125,14476.423828125,4792487
2017-06-12,11216.8076171875,14640.1845703125,14803.9453125,14607.4326171875,14738.4404296875,1688441
2017-06-13,11379.9140625,14853.0732421875,15033.2099609375,14738.4404296875,14738.4404296875,4805342
2017-06-14,11342.2734375,14803.9453125,15000.45703125,14771.1923828125,15000.45703125,2383328
2017-06-15,11392.4609375,14869.44921875,14869.44921875,14754.81640625,14820.3212890625,1877834
2017-06-16,11467.740234375,14967.705078125,14984.0810546875,14836.697265625,14902.201171875,1844126
2017-06-19,11618.3017578125,15164.2177734375,15196.9697265625,15049.5859375,15065.9619140625,3639584
2017-06-20,11580.66015625,15115.08984375,15229.7216796875,15065.9619140625,15229.7216796875,2326660
2017-06-21,11919.4267578125,15557.2431640625,15557.2431640625,15082.337890625,15164.2177734375,5930644
2017-06-22,11944.517578125,15589.9951171875,15819.259765625,15491.7392578125,15491.7392578125,3800154
2017-06-23,11906.8779296875,15540.8671875,15655.4990234375,15458.986328125,15589.9951171875,2319790
2017-06-26,11718.6767578125,15295.2265625,15671.875,15229.7216796875,15671.875,4201227
2017-06-27,11467.740234375,14967.705078125,15262.474609375,14885.8251953125,15229.7216796875,8604916
2017-06-28,11630.849609375,15180.59375,15196.9697265625,14951.3291015625,15033.2099609375,2870961
2017-06-29,11668.4892578125,15229.7216796875,15278.8505859375,15164.2177734375,15164.2177734375,2229659
2017-06-30,11756.31640625,15344.3544921875,15344.3544921875,15000.45703125,15229.7216796875,3411690
2017-07-03,11643.3955078125,15196.9697265625,15344.3544921875,15164.2177734375,15344.3544921875,2023382
2017-07-04,11693.5859375,15262.474609375,15295.2265625,15164.2177734375,15229.7216796875,2816797
2017-07-05,11718.6767578125,15295.2265625,15295.2265625,15213.345703125,15229.7216796875,1552542
2017-07-06,12019.7978515625,15688.2509765625,15688.2509765625,15262.474609375,15311.6025390625,5876357
2017-07-07,12195.4541015625,15917.515625,16179.533203125,15721.00390625,15753.755859375,7472500
2017-07-10,12095.0791015625,15786.5078125,15950.2685546875,15589.9951171875,15786.5078125,5546424
2017-07-11,11944.517578125,15589.9951171875,15753.755859375,15393.482421875,15688.2509765625,3137387
2017-07-12,12032.34375,15704.6279296875,15753.755859375,15409.8583984375,15688.2509765625,2316279
2017-07-13,12032.34375,15704.6279296875,15704.6279296875,15704.6279296875,15704.6279296875,0
2017-07-14,12220.5478515625,15950.2685546875,16032.1484375,15852.01171875,15999.396484375,1652047
2017-07-17,12044.8916015625,15721.00390625,15950.2685546875,15622.7470703125,15950.2685546875,2764189
2017-07-18,11994.7060546875,15655.4990234375,15721.00390625,15508.115234375,15589.9951171875,2646701
2017-07-19,11768.8642578125,15360.73046875,15819.259765625,15262.474609375,15655.4990234375,3004907
2017-07-20,11743.7705078125,15327.978515625,15360.73046875,15131.4658203125,15262.474609375,2737168
2017-07-21,11593.2080078125,15131.4658203125,15491.7392578125,15131.4658203125,15393.482421875,2025305
2017-07-24,11668.4892578125,15229.7216796875,15262.474609375,15065.9619140625,15131.4658203125,1822753
2017-07-25,11718.6767578125,15295.2265625,15360.73046875,15131.4658203125,15229.7216796875,1809014
2017-07-26,11994.7060546875,15655.4990234375,15655.4990234375,15295.2265625,15295.2265625,2143527
2017-07-27,12095.0791015625,15786.5078125,15933.8916015625,15622.7470703125,15721.00390625,3798261
2017-07-28,12182.904296875,15901.1396484375,15933.8916015625,15688.2509765625,15786.5078125,4921029
2017-07-31,12132.71875,15835.6357421875,15917.515625,15753.755859375,15884.763671875,2025458
2017-08-01,12295.828125,16048.5244140625,16195.9091796875,15786.5078125,15868.3876953125,4445120
2017-08-02,12396.203125,16179.533203125,16343.29296875,15950.2685546875,16097.65234375,6565657
2017-08-03,12571.85546875,16408.796875,16736.318359375,16212.28515625,16277.7890625,6102724
2017-08-04,12571.85546875,16408.796875,16507.052734375,16228.6611328125,16474.30078125,2525273
2017-08-07,12509.123046875,16326.9169921875,16408.796875,16277.7890625,16408.796875,2341774
2017-08-08,12283.2802734375,16032.1484375,16376.044921875,16032.1484375,16326.9169921875,4459135
2017-08-09,12145.2666015625,15852.01171875,16015.7724609375,15770.1318359375,16015.7724609375,5625228
2017-08-10,12270.7353515625,16015.7724609375,16032.1484375,15721.00390625,15721.00390625,2664929
2017-08-11,12408.748046875,16195.9091796875,16212.28515625,15917.515625,16048.5244140625,1674580
2017-08-14,12346.0126953125,16114.0283203125,16376.044921875,16114.0283203125,16376.044921875,2360887
2017-08-15,12270.7353515625,16015.7724609375,16114.0283203125,15884.763671875,16114.0283203125,2505763
2017-08-16,12195.4541015625,15917.515625,16015.7724609375,15868.3876953125,16015.7724609375,2486650
2017-08-17,12144.2119140625,15524.4912109375,15786.5078125,15524.4912109375,15721.00390625,1954165
2017-08-18,12169.8330078125,15557.2431640625,15655.4990234375,15360.73046875,15524.4912109375,1111135
2017-08-21,12233.8837890625,15639.123046875,15721.00390625,15557.2431640625,15721.00390625,1086190
2017-08-22,12067.3515625,15426.234375,15639.123046875,15426.234375,15622.7470703125,1272346
2017-08-23,12092.9697265625,15458.986328125,15557.2431640625,15393.482421875,15393.482421875,1579441
2017-08-24,12221.07421875,15622.7470703125,15655.4990234375,15458.986328125,15524.4912109375,1324556
2017-08-25,12169.8330078125,15557.2431640625,15671.875,15557.2431640625,15655.4990234375,1143652
2017-08-28,12195.4541015625,15589.9951171875,15589.9951171875,15475.36328125,15491.7392578125,1737721
2017-08-29,12233.8837890625,15639.123046875,15753.755859375,15540.8671875,15557.2431640625,2528357
2017-08-30,12246.6953125,15655.4990234375,15688.2509765625,15573.619140625,15606.37109375,983570
2017-08-31,12426.0400390625,15884.763671875,15983.0205078125,15655.4990234375,15655.4990234375,3404454
2017-09-01,12451.6611328125,15917.515625,15933.8916015625,15819.259765625,15917.515625,820344
2017-09-04,12451.6611328125,15917.515625,15917.515625,15917.515625,15917.515625,0
2017-09-05,12426.0400390625,15884.763671875,15917.515625,15802.8837890625,15917.515625,1365805
2017-09-06,12349.177734375,15786.5078125,15868.3876953125,15655.4990234375,15868.3876953125,1558953
2017-09-07,12272.3134765625,15688.2509765625,15819.259765625,15688.2509765625,15721.00390625,1465402
2017-09-08,12221.07421875,15622.7470703125,15721.00390625,15622.7470703125,15721.00390625,1459876
2017-09-11,12131.40234375,15508.115234375,15786.5078125,15491.7392578125,15622.7470703125,2574858
2017-09-12,12323.5576171875,15753.755859375,15753.755859375,15524.4912109375,15557.2431640625,2606490
2017-09-13,12490.0908203125,15966.64453125,16179.533203125,15819.259765625,15819.259765625,5937361
2017-09-14,12387.6083984375,15835.6357421875,16048.5244140625,15835.6357421875,16048.5244140625,2616901
2017-09-15,12349.177734375,15786.5078125,15884.763671875,15721.00390625,15819.259765625,2425555
2017-09-18,12387.6083984375,15835.6357421875,15852.01171875,15721.00390625,15835.6357421875,2453064
2017-09-19,12400.41796875,15852.01171875,15999.396484375,15852.01171875,15884.763671875,2654273
2017-09-20,12464.470703125,15933.8916015625,15966.64453125,15835.6357421875,15933.8916015625,1927846
2017-09-21,12656.6279296875,16179.533203125,16245.037109375,15966.64453125,16015.7724609375,8145037
2017-09-22,12669.435546875,16195.9091796875,16359.6689453125,16179.533203125,16245.037109375,4257071
2017-09-25,12515.7109375,15999.396484375,16294.1650390625,15999.396484375,16294.1650390625,2274816
2017-09-26,12554.14453125,16048.5244140625,16048.5244140625,15884.763671875,15999.396484375,2683340
2017-09-27,12554.14453125,16048.5244140625,16179.533203125,15950.2685546875,16048.5244140625,2652746
2017-09-28,12541.3310546875,16032.1484375,16130.404296875,15852.01171875,16048.5244140625,2364337
2017-09-29,12490.0908203125,15966.64453125,16048.5244140625,15917.515625,16015.7724609375,1207739
2017-10-02,12349.177734375,15786.5078125,16032.1484375,15737.3798828125,15966.64453125,2782081
2017-10-03,12259.50390625,15671.875,15786.5078125,15606.37109375,15786.5078125,3321833
2017-10-04,12310.7451171875,15737.3798828125,15786.5078125,15655.4990234375,15688.2509765625,1582799
2017-10-05,12374.7978515625,15819.259765625,16032.1484375,15721.00390625,15852.01171875,2009856
2017-10-06,12490.0908203125,15966.64453125,15983.0205078125,15819.259765625,15819.259765625,1740224
2017-10-09,12502.9013671875,15983.0205078125,16048.5244140625,15917.515625,16048.5244140625,1788679
2017-10-10,12631.00390625,16146.7802734375,16146.7802734375,15966.64453125,15966.64453125,3769652
2017-10-11,12784.7294921875,16343.29296875,16539.806640625,16146.7802734375,16179.533203125,7758222
2017-10-12,13066.5576171875,16703.56640625,16834.57421875,16376.044921875,16376.044921875,6120220
2017-10-13,13117.7978515625,16769.0703125,16801.822265625,16572.55859375,16769.0703125,3293713
2017-10-16,13169.0390625,16834.57421875,17031.087890625,16670.814453125,16703.56640625,3815451
2017-10-17,13194.658203125,16867.326171875,16867.326171875,16670.814453125,16867.326171875,2629633
2017-10-18,12938.455078125,16539.806640625,16998.3359375,16539.806640625,16834.57421875,3777346
2017-10-19,12964.0732421875,16572.55859375,16769.0703125,16408.796875,16539.806640625,2984053
2017-10-20,12887.2119140625,16474.30078125,16605.310546875,16376.044921875,16474.30078125,2342079
2017-10-23,12631.00390625,16146.7802734375,16474.30078125,16146.7802734375,16474.30078125,3407874
2017-10-24,12631.00390625,16146.7802734375,16310.541015625,16097.65234375,16146.7802734375,2684988
2017-10-25,12733.486328125,16277.7890625,16310.541015625,16146.7802734375,16212.28515625,2346415
2017-10-26,12707.8662109375,16245.037109375,16343.29296875,16048.5244140625,16310.541015625,3327604
2017-10-27,12861.5908203125,16441.548828125,16441.548828125,16097.65234375,16179.533203125,2244070
2017-10-30,12810.3505859375,16376.044921875,16638.0625,16343.29296875,16441.548828125,5212461
2017-10-31,12912.8310546875,16507.052734375,16834.57421875,16245.037109375,16376.044921875,4940631
2017-11-01,13015.31640625,16638.0625,16703.56640625,16507.052734375,16539.806640625,2772281
2017-11-02,12938.455078125,16539.806640625,16834.57421875,16310.541015625,16670.814453125,3800978
2017-11-03,13066.5576171875,16703.56640625,16703.56640625,16179.533203125,16376.044921875,3665079
2017-11-06,13169.0390625,16834.57421875,16965.58203125,16670.814453125,16834.57421875,4911106
2017-11-07,13117.7978515625,16769.0703125,16867.326171875,16670.814453125,16867.326171875,3486159
2017-11-08,13578.96875,17358.607421875,17358.607421875,16703.56640625,16769.0703125,10338057
2017-11-09,13476.4853515625,17227.599609375,17522.369140625,17162.095703125,17489.6171875,5253405
2017-11-10,13374.0048828125,17096.591796875,17456.865234375,17096.591796875,17194.84765625,4182023
2017-11-13,13835.1748046875,17686.12890625,17948.146484375,16998.3359375,17096.591796875,14561757
2017-11-14,13809.556640625,17653.376953125,18177.41015625,17522.369140625,17849.888671875,13226941
2017-11-15,14578.1787109375,18635.939453125,18668.69140625,17686.12890625,17718.880859375,14246082
2017-11-16,14603.7958984375,18668.69140625,19225.4765625,18537.68359375,18799.69921875,11400066
2017-11-17,14526.9365234375,18570.435546875,18766.947265625,18308.41796875,18766.947265625,12000943
2017-11-20,14834.384765625,18963.4609375,18996.212890625,18308.41796875,18373.921875,11610006
2017-11-21,14655.0400390625,18734.1953125,19258.228515625,18734.1953125,19061.716796875,10337416
2017-11-22,14860.00390625,18996.212890625,18996.212890625,18668.69140625,18668.69140625,7927280
2017-11-23,14757.525390625,18865.205078125,19258.228515625,18734.1953125,18996.212890625,10796654
2017-11-24,14834.384765625,18963.4609375,18996.212890625,18668.69140625,18832.451171875,7238682
2017-11-27,14911.2490234375,19061.716796875,19552.998046875,18996.212890625,18996.212890625,8103238
2017-11-28,14731.9033203125,18832.451171875,19061.716796875,18734.1953125,18996.212890625,6999553
2017-11-29,15193.078125,19421.990234375,19552.998046875,18799.69921875,18996.212890625,11740624
2017-11-30,14962.4892578125,19127.220703125,19651.25390625,19127.220703125,19618.501953125,9168025
2017-12-01,14962.4892578125,19127.220703125,19192.724609375,18897.95703125,19061.716796875,5585231
2017-12-04,15064.9697265625,19258.228515625,19356.486328125,19094.46875,19159.97265625,6730471
2017-12-05,14680.6611328125,18766.947265625,19421.990234375,18766.947265625,19258.228515625,10865688
2017-12-06,14552.5537109375,18603.1875,18766.947265625,18341.169921875,18668.69140625,10753603
2017-12-07,14373.2119140625,18373.921875,18832.451171875,18275.666015625,18603.1875,5054883
2017-12-08,14219.48828125,18177.41015625,18504.931640625,18046.40234375,18341.169921875,5875014
2017-12-11,13707.0751953125,17522.369140625,18079.154296875,17522.369140625,17849.888671875,8354825
2017-12-12,13758.3173828125,17587.873046875,17915.39453125,16638.0625,17718.880859375,9507728
2017-12-13,14014.5224609375,17915.39453125,17948.146484375,17587.873046875,17784.384765625,4964141
2017-12-14,14321.97265625,18308.41796875,18308.41796875,17849.888671875,17849.888671875,3897247
2017-12-15,14475.6962890625,18504.931640625,18603.1875,18177.41015625,18341.169921875,4920724
2017-12-18,14424.455078125,18439.427734375,18734.1953125,18373.921875,18668.69140625,5476780
2017-12-19,14142.6220703125,18079.154296875,18570.435546875,17980.8984375,18439.427734375,7582935
2017-12-20,14424.455078125,18439.427734375,18668.69140625,18079.154296875,18079.154296875,5986335
2017-12-21,14450.07421875,18472.1796875,18799.69921875,18373.921875,18603.1875,5634815
2017-12-22,14629.416015625,18701.443359375,18799.69921875,18406.67578125,18472.1796875,5306745
2017-12-25,14757.525390625,18865.205078125,19028.96484375,18766.947265625,18766.947265625,7309182
2017-12-26,14629.416015625,18701.443359375,18996.212890625,18701.443359375,18996.212890625,3804489
2017-12-27,14526.9365234375,18570.435546875,18832.451171875,18537.68359375,18832.451171875,5199881
2017-12-28,14655.0400390625,18734.1953125,18865.205078125,18504.931640625,18570.435546875,5850771
2017-12-29,14629.416015625,18701.443359375,18865.205078125,18668.69140625,18734.1953125,4762627
2018-01-01,14629.416015625,18701.443359375,18701.443359375,18701.443359375,18701.443359375,0
2018-01-02,15321.181640625,19585.75,19585.75,18734.1953125,18766.947265625,15333860
2018-01-03,15321.181640625,19585.75,19880.51953125,19487.494140625,19815.015625,8640456
2018-01-04,15628.6318359375,19978.775390625,19978.775390625,19618.501953125,19651.25390625,8502663
2018-01-05,15372.4189453125,19651.25390625,20011.52734375,19618.501953125,19978.775390625,8706161
2018-01-08,15603.0078125,19946.0234375,19946.0234375,19421.990234375,19520.24609375,7721736
2018-01-09,15910.4541015625,20339.048828125,20404.552734375,19749.509765625,19978.775390625,12243523
2018-01-10,15756.728515625,20142.53515625,20633.81640625,20011.52734375,20306.296875,7971002
2018-01-11,15756.728515625,20142.53515625,20273.544921875,19880.51953125,20011.52734375,7389299
2018-01-12,15423.6611328125,19716.7578125,20306.296875,19716.7578125,20240.791015625,8625250
2018-01-15,15628.6318359375,19978.775390625,20044.279296875,19552.998046875,19684.005859375,7010331
2018-01-16,15628.6318359375,19978.775390625,20142.53515625,19749.509765625,19946.0234375,4617659
2018-01-17,15116.2109375,19323.734375,20011.52734375,19323.734375,19978.775390625,6897971
2018-01-18,15116.2109375,19323.734375,19323.734375,18865.205078125,19094.46875,10119323
2018-01-19,15090.5927734375,19290.98046875,19585.75,19290.98046875,19323.734375,6114693
2018-01-22,15090.5927734375,19290.98046875,19290.98046875,19290.98046875,19290.98046875,0
2018-01-23,15090.5927734375,19290.98046875,19290.98046875,19290.98046875,19290.98046875,0
2018-01-24,15090.5927734375,19290.98046875,19290.98046875,19290.98046875,19290.98046875,0
2018-01-25,15654.248046875,20011.52734375,20502.80859375,19946.0234375,20142.53515625,16390556
2018-01-26,15577.3857421875,19913.271484375,20306.296875,19815.015625,20306.296875,4982216
2018-01-29,15449.2802734375,19749.509765625,20273.544921875,19618.501953125,19946.0234375,4077419
2018-01-30,16397.25,20961.337890625,20961.337890625,19487.494140625,19585.75,14409309
2018-01-31,16115.419921875,20601.064453125,21452.619140625,20601.064453125,21223.35546875,12178703
2018-02-01,15782.3515625,20175.287109375,20797.578125,20175.287109375,20601.064453125,6370585
2018-02-02,15628.6318359375,19978.775390625,20240.791015625,19815.015625,20175.287109375,5102849
2018-02-05,14629.416015625,18701.443359375,19913.271484375,18701.443359375,19684.005859375,11464581
2018-02-06,13886.41796875,17751.6328125,18504.931640625,17424.111328125,17424.111328125,16221529
2018-02-07,14501.314453125,18537.68359375,18766.947265625,18341.169921875,18668.69140625,5718596
2018-02-08,14142.6220703125,18079.154296875,18668.69140625,18013.650390625,18341.169921875,5217987
2018-02-09,14091.3818359375,18013.650390625,18013.650390625,17194.84765625,17194.84765625,6533842
2018-02-12,14629.416015625,18701.443359375,18701.443359375,17849.888671875,18439.427734375,3560108
2018-02-13,15116.2109375,19323.734375,19421.990234375,18930.708984375,19061.716796875,4422160
2018-02-14,15116.2109375,19323.734375,19323.734375,19323.734375,19323.734375,0
2018-02-15,15116.2109375,19323.734375,19323.734375,19323.734375,19323.734375,0
2018-02-16,15116.2109375,19323.734375,19323.734375,19323.734375,19323.734375,0
2018-02-19,15116.2109375,19323.734375,19323.734375,19323.734375,19323.734375,0
2018-02-20,15116.2109375,19323.734375,19323.734375,19323.734375,19323.734375,0
2018-02-21,15218.69921875,19454.7421875,19749.509765625,19323.734375,19684.005859375,4807174
2018-02-22,14962.4892578125,19127.220703125,19487.494140625,19061.716796875,19421.990234375,4375476
2018-02-23,15500.5234375,19815.015625,19847.767578125,19159.97265625,19159.97265625,4907167
2018-02-26,15474.9013671875,19782.263671875,20240.791015625,19782.263671875,19978.775390625,7534633
2018-02-27,15321.181640625,19585.75,19913.271484375,19487.494140625,19880.51953125,4322197
2018-02-28,15321.181640625,19585.75,19585.75,19585.75,19585.75,0
2018-03-01,15577.3857421875,19913.271484375,20044.279296875,19356.486328125,19454.7421875,6455313
2018-03-02,15654.248046875,20011.52734375,20077.03125,19651.25390625,19815.015625,5620801
2018-03-05,15756.728515625,20142.53515625,21125.09765625,20077.03125,20077.03125,18396810
2018-03-06,16217.90625,20732.07421875,20732.07421875,20208.0390625,20470.056640625,7869848
2018-03-07,15936.0771484375,20371.80078125,20863.08203125,20142.53515625,20797.578125,6107732
2018-03-08,15936.0771484375,20371.80078125,20470.056640625,20077.03125,20306.296875,4019896
2018-03-09,15782.3515625,20175.287109375,20666.568359375,20142.53515625,20535.560546875,6315352
2018-03-12,15731.109375,20109.783203125,20502.80859375,20109.783203125,20306.296875,4919533
2018-03-13,15398.0380859375,19684.005859375,20044.279296875,19454.7421875,20044.279296875,12700471
2018-03-14,15577.3857421875,19913.271484375,19913.271484375,19454.7421875,19684.005859375,6320909
2018-03-15,15526.1455078125,19847.767578125,20011.52734375,19749.509765625,19978.775390625,3631310
2018-03-16,15398.0380859375,19684.005859375,19913.271484375,19552.998046875,19847.767578125,4356637
2018-03-19,15500.5234375,19815.015625,19847.767578125,19618.501953125,19716.7578125,4082518
2018-03-20,15705.4873046875,20077.03125,20404.552734375,19651.25390625,19716.7578125,8919858
2018-03-21,15628.6318359375,19978.775390625,20240.791015625,19978.775390625,20077.03125,3051621
2018-03-22,15398.0380859375,19684.005859375,20109.783203125,19684.005859375,19978.775390625,3861616
2018-03-23,15013.732421875,19192.724609375,19520.24609375,18996.212890625,19323.734375,8651875
2018-03-26,15167.455078125,19389.23828125,19454.7421875,19192.724609375,19192.724609375,2872610
2018-03-27,15244.3173828125,19487.494140625,19684.005859375,19323.734375,19618.501953125,3032661
2018-03-28,15090.5927734375,19290.98046875,19454.7421875,19258.228515625,19356.486328125,2016481
2018-03-29,15244.3173828125,19487.494140625,19552.998046875,19323.734375,19454.7421875,2525884
2018-03-30,15551.7646484375,19880.51953125,20077.03125,19454.7421875,19520.24609375,7434120
2018-04-02,15756.728515625,20142.53515625,20208.0390625,19978.775390625,20142.53515625,6701312
2018-04-03,15679.869140625,20044.279296875,20109.783203125,19946.0234375,20044.279296875,3483044
2018-04-04,15807.9716796875,20208.0390625,20568.3125,20175.287109375,20306.296875,7016193
2018-04-05,16141.044921875,20633.81640625,20863.08203125,20142.53515625,20306.296875,8775317
2018-04-06,16064.177734375,20535.560546875,21059.59375,20535.560546875,21026.841796875,11035173
2018-04-09,16243.5244140625,20764.826171875,20830.330078125,20502.80859375,20502.80859375,4586607
2018-04-10,16499.734375,21092.345703125,21354.36328125,20797.578125,20830.330078125,13709079
2018-04-11,16141.044921875,20633.81640625,21419.8671875,20633.81640625,21223.35546875,10064670
2018-04-12,16294.7646484375,20830.330078125,20830.330078125,20339.048828125,20633.81640625,4033666
2018-04-13,15884.83984375,20306.296875,20928.5859375,20306.296875,20928.5859375,6554421
2018-04-16,15654.248046875,20011.52734375,20437.3046875,19946.0234375,20306.296875,3606029
2018-04-17,15884.83984375,20306.296875,20306.296875,19946.0234375,20142.53515625,3374013
2018-04-18,15884.83984375,20306.296875,20601.064453125,20273.544921875,20404.552734375,3808123
2018-04-19,15551.7646484375,19880.51953125,20339.048828125,19880.51953125,20306.296875,7258742
2018-04-20,15705.4873046875,20077.03125,20142.53515625,19749.509765625,19978.775390625,2969428
2018-04-23,14860.00390625,18996.212890625,20208.0390625,18734.1953125,20077.03125,4462127
2018-04-24,14450.07421875,18472.1796875,19159.97265625,18373.921875,18799.69921875,5651120
2018-04-25,14450.07421875,18472.1796875,18472.1796875,18472.1796875,18472.1796875,0
2018-04-26,14091.3818359375,18013.650390625,18897.95703125,18013.650390625,18635.939453125,6203603
2018-04-27,14603.7958984375,18668.69140625,18799.69921875,17980.8984375,18013.650390625,4878192
2018-04-30,14603.7958984375,18668.69140625,18668.69140625,18668.69140625,18668.69140625,0
2018-05-01,14603.7958984375,18668.69140625,18668.69140625,18668.69140625,18668.69140625,0
2018-05-02,14603.7958984375,18668.69140625,18996.212890625,18603.1875,18930.708984375,4183488
2018-05-03,14860.00390625,18996.212890625,18996.212890625,18242.9140625,18603.1875,6603700
2018-05-04,15064.9697265625,19258.228515625,19323.734375,19061.716796875,19159.97265625,3575893
2018-05-07,15269.9375,19520.24609375,19520.24609375,19192.724609375,19258.228515625,2680867
2018-05-08,15116.2109375,19323.734375,19520.24609375,19258.228515625,19389.23828125,3401950
2018-05-09,14962.4892578125,19127.220703125,19356.486328125,19028.96484375,19192.724609375,3067712
2018-05-10,14936.8671875,19094.46875,19454.7421875,18996.212890625,19127.220703125,4720706
2018-05-11,15244.3173828125,19487.494140625,19487.494140625,18996.212890625,18996.212890625,3571100
2018-05-14,15782.3515625,20175.287109375,20208.0390625,19520.24609375,19684.005859375,6144798
2018-05-15,15731.109375,20109.783203125,20306.296875,19978.775390625,20306.296875,2780921
2018-05-16,15500.5234375,19815.015625,20109.783203125,19815.015625,19978.775390625,2054616
2018-05-17,15526.1455078125,19847.767578125,20109.783203125,19782.263671875,19782.263671875,2197416
2018-05-18,15577.3857421875,19913.271484375,19978.775390625,19258.228515625,19847.767578125,2991961
2018-05-21,15628.6318359375,19978.775390625,20437.3046875,19978.775390625,20044.279296875,4530489
2018-05-22,15295.5595703125,19552.998046875,20142.53515625,19487.494140625,19978.775390625,3363113
2018-05-23,15526.1455078125,19847.767578125,19978.775390625,19487.494140625,19651.25390625,3288583
2018-05-24,15244.3173828125,19487.494140625,20044.279296875,19487.494140625,19946.0234375,3162118
2018-05-25,14780.4189453125,18418.138671875,19209.1015625,18418.138671875,19209.1015625,2093089
2018-05-28,13752.73828125,17137.53125,18154.484375,17137.53125,17777.833984375,5402828
2018-05-29,14327.0302734375,17853.1640625,18154.484375,16892.708984375,17137.53125,6240557
2018-05-30,13737.6240234375,17118.69921875,17815.5,17099.8671875,17815.5,4224038
2018-05-31,13903.8681640625,17325.85546875,17589.509765625,16949.20703125,16968.0390625,2933871
2018-06-01,14039.884765625,17495.34765625,17589.509765625,17212.861328125,17325.85546875,3428894
2018-06-04,14281.6923828125,17796.66796875,17871.99609375,17457.68359375,17514.1796875,3055019
2018-06-05,14447.9306640625,18003.82421875,18116.818359375,17777.833984375,17890.830078125,3578264
2018-06-06,14659.5107421875,18267.478515625,18267.478515625,17815.5,18079.154296875,2701560
2018-06-07,14447.9306640625,18003.82421875,18418.138671875,17966.16015625,18418.138671875,3022123
2018-06-08,14493.2705078125,18060.322265625,18154.484375,17890.830078125,18041.48828125,2790104
2018-06-11,14357.2548828125,17890.830078125,18060.322265625,17890.830078125,17984.9921875,1916611
2018-06-12,13994.544921875,17438.8515625,17890.830078125,17212.861328125,17890.830078125,3337855
2018-06-13,14145.6748046875,17627.17578125,17664.83984375,17325.85546875,17325.85546875,1200374
2018-06-14,14085.224609375,17551.845703125,17796.66796875,17551.845703125,17702.505859375,1222251
2018-06-15,14054.998046875,17514.1796875,17589.509765625,17420.017578125,17438.8515625,1173771
2018-06-18,13722.5126953125,17099.8671875,17664.83984375,17099.8671875,17664.83984375,1841661
2018-06-19,13450.4814453125,16760.8828125,16986.87109375,16082.9140625,16986.87109375,5351188
2018-06-20,13722.5126953125,17099.8671875,17099.8671875,16572.55859375,16911.541015625,1727231
2018-06-21,13420.2548828125,16723.216796875,17099.8671875,16610.22265625,17099.8671875,928636
2018-06-22,13601.6083984375,16949.20703125,16949.20703125,16534.892578125,16685.552734375,996338
2018-06-25,13631.8359375,16986.87109375,17099.8671875,16911.541015625,17099.8671875,1358134
2018-06-26,13450.4814453125,16760.8828125,16873.876953125,16685.552734375,16760.8828125,639454
2018-06-27,13390.0302734375,16685.552734375,16911.541015625,16666.720703125,16911.541015625,682306
2018-06-28,12845.96484375,16007.583984375,16685.552734375,16007.583984375,16685.552734375,3120278
2018-06-29,12543.7080078125,15630.935546875,16195.9091796875,15630.935546875,16007.583984375,2017209
2018-07-02,12150.771484375,15141.291015625,15781.5947265625,15065.9619140625,15630.935546875,2599316
2018-07-03,11788.0625,14689.3125,15310.783203125,14689.3125,15141.291015625,3586973
2018-07-04,12090.3203125,15065.9619140625,15065.9619140625,14500.98828125,14708.1455078125,2602422
2018-07-05,11939.1904296875,14877.63671875,15103.626953125,14500.98828125,15065.9619140625,1888336
2018-07-06,12332.1279296875,15367.28125,15706.2646484375,14651.6474609375,14689.3125,2424697
2018-07-09,12135.6572265625,15122.458984375,15574.4375,14990.6318359375,15442.6103515625,1550302
2018-07-10,12211.2236328125,15216.62109375,15329.6162109375,15065.9619140625,15178.9560546875,661358
2018-07-11,11848.5146484375,14764.642578125,15065.9619140625,14538.6533203125,14877.63671875,2128692
2018-07-12,11727.609375,14613.982421875,14934.134765625,14500.98828125,14538.6533203125,1817288
2018-07-13,12271.671875,15291.951171875,15367.28125,14802.3076171875,14877.63671875,2815937
2018-07-16,12362.3544921875,15404.9462890625,15630.935546875,15310.783203125,15480.275390625,1713080
2018-07-17,12664.609375,15781.5947265625,15781.5947265625,15273.1181640625,15329.6162109375,3444745
2018-07-18,12966.8671875,16158.244140625,16158.244140625,15781.5947265625,15819.259765625,2910083
2018-07-19,12845.96484375,16007.583984375,16158.244140625,15894.58984375,15894.58984375,1999606
2018-07-20,12573.93359375,15668.6005859375,15932.2548828125,15536.7734375,15932.2548828125,2260327
2018-07-23,12694.8369140625,15819.259765625,16082.9140625,15762.7626953125,15894.58984375,2951554
2018-07-24,12694.8369140625,15819.259765625,15819.259765625,15819.259765625,15819.259765625,0
2018-07-25,12815.73828125,15969.9189453125,16497.228515625,15894.58984375,15932.2548828125,3520598
2018-07-26,12861.0771484375,16026.4169921875,16195.9091796875,15856.9248046875,16082.9140625,1905328
2018-07-27,13087.771484375,16308.9033203125,16534.892578125,16026.4169921875,16158.244140625,3429824
2018-07-30,13087.771484375,16308.9033203125,16384.232421875,16271.23828125,16346.568359375,3178608
2018-07-31,12936.642578125,16120.5791015625,16384.232421875,16120.5791015625,16308.9033203125,4224649
2018-08-01,12694.8369140625,15819.259765625,16214.7412109375,15781.5947265625,16082.9140625,6455479
2018-08-02,12906.4169921875,16082.9140625,16082.9140625,15668.6005859375,15819.259765625,1929408
2018-08-03,12876.189453125,16045.2490234375,16233.5732421875,15969.9189453125,16195.9091796875,1911169
2018-08-06,12770.400390625,15913.421875,16082.9140625,15913.421875,15969.9189453125,929326
2018-08-07,12679.724609375,15800.427734375,15932.2548828125,15725.09765625,15932.2548828125,1714620
2018-08-08,12845.96484375,16007.583984375,16045.2490234375,15781.5947265625,15800.427734375,2028466
2018-08-09,12936.642578125,16120.5791015625,16271.23828125,16026.4169921875,16195.9091796875,3272861
2018-08-10,13027.3193359375,16233.5732421875,16365.400390625,16082.9140625,16120.5791015625,2116745
2018-08-13,13133.111328125,16365.400390625,16459.5625,16233.5732421875,16233.5732421875,2757898
2018-08-14,13390.0302734375,16685.552734375,16704.384765625,16421.8984375,16478.396484375,4251464
2018-08-15,13238.900390625,16497.228515625,16836.212890625,16459.5625,16685.552734375,4402188
2018-08-16,13300.763671875,16195.9091796875,16195.9091796875,15988.751953125,16158.244140625,3660118
2018-08-17,13455.4228515625,16384.232421875,16384.232421875,16195.9091796875,16271.23828125,2463964
2018-08-20,13517.287109375,16459.5625,16685.552734375,16252.40625,16384.232421875,2536233
2018-08-21,13517.287109375,16459.5625,16497.228515625,16346.568359375,16421.8984375,1912841
2018-08-22,13625.5498046875,16591.390625,16685.552734375,16459.5625,16478.396484375,3060408
2018-08-23,13733.8125,16723.216796875,16760.8828125,16610.22265625,16610.22265625,2667947
2018-08-24,13749.2783203125,16742.05078125,16760.8828125,16534.892578125,16723.216796875,1671954
2018-08-27,13733.8125,16723.216796875,16760.8828125,16647.88671875,16685.552734375,2145604
2018-08-28,13671.9443359375,16647.88671875,16742.05078125,16591.390625,16685.552734375,2415298
2018-08-29,13671.9443359375,16647.88671875,16723.216796875,16553.724609375,16629.0546875,2058600
2018-08-30,13656.482421875,16629.0546875,16647.88671875,16553.724609375,16647.88671875,1678405
2018-08-31,13671.9443359375,16647.88671875,16911.541015625,16610.22265625,16629.0546875,2727419
2018-09-03,13671.9443359375,16647.88671875,16647.88671875,16647.88671875,16647.88671875,0
2018-09-04,13641.013671875,16610.22265625,16836.212890625,16572.55859375,16610.22265625,1684326
2018-09-05,13393.55859375,16308.9033203125,16647.88671875,16195.9091796875,16591.390625,2239379
2018-09-06,13099.70703125,15951.0869140625,16308.9033203125,15951.0869140625,16233.5732421875,3202424
2018-09-07,13300.763671875,16195.9091796875,16195.9091796875,15951.0869140625,16007.583984375,1350780
2018-09-10,13161.5693359375,16026.4169921875,16271.23828125,16026.4169921875,16271.23828125,975125
2018-09-11,13347.1630859375,16252.40625,16271.23828125,16026.4169921875,16026.4169921875,1492848
2018-09-12,13316.2294921875,16214.7412109375,16459.5625,16214.7412109375,16384.232421875,1267758
2018-09-13,13424.4912109375,16346.568359375,16534.892578125,16271.23828125,16459.5625,1715575
2018-09-14,13780.208984375,16779.71484375,16836.212890625,16421.8984375,16421.8984375,7361388
2018-09-17,13641.013671875,16610.22265625,16760.8828125,16610.22265625,16760.8828125,1499565
2018-09-18,13857.5390625,16873.876953125,16873.876953125,16459.5625,16459.5625,2123090
2018-09-19,14058.59765625,17118.69921875,17194.029296875,16873.876953125,16949.20703125,3589707
2018-09-20,14197.7919921875,17288.19140625,17401.185546875,16968.0390625,16968.0390625,2990210
2018-09-21,14197.7919921875,17288.19140625,17344.6875,17024.537109375,17344.6875,3523890
2018-09-24,14259.654296875,17363.521484375,17514.1796875,17250.525390625,17288.19140625,2631601
2018-09-25,14197.7919921875,17288.19140625,17363.521484375,17250.525390625,17325.85546875,1982030
2018-09-26,14244.1904296875,17344.6875,17627.17578125,17269.359375,17325.85546875,2731826
2018-09-27,14290.5869140625,17401.185546875,17514.1796875,17344.6875,17344.6875,1993341
2018-09-28,14321.51953125,17438.8515625,17514.1796875,17420.017578125,17514.1796875,1486237
2018-10-01,14228.724609375,17325.85546875,17495.34765625,17307.0234375,17438.8515625,1379958
2018-10-02,14012.1982421875,17062.201171875,17325.85546875,17043.369140625,17269.359375,2269115
2018-10-03,14074.064453125,17137.53125,17212.861328125,17043.369140625,17062.201171875,990471
2018-10-04,14182.328125,17269.359375,17325.85546875,17099.8671875,17137.53125,1251244
2018-10-05,14104.9951171875,17175.197265625,17325.85546875,17156.36328125,17307.0234375,1349930
2018-10-08,13919.4013671875,16949.20703125,17137.53125,16949.20703125,17137.53125,1358851
2018-10-09,13826.609375,16836.212890625,17005.705078125,16836.212890625,16949.20703125,1060509
2018-10-10,14012.1982421875,17062.201171875,17099.8671875,16836.212890625,16836.212890625,1847051
2018-10-11,13207.9677734375,16082.9140625,16723.216796875,15932.2548828125,16572.55859375,5782385
2018-10-12,13548.220703125,16497.228515625,16572.55859375,15706.2646484375,16007.583984375,3658418
2018-10-15,13300.763671875,16195.9091796875,16572.55859375,16195.9091796875,16497.228515625,1315946
2018-10-16,13378.0947265625,16290.0712890625,16384.232421875,16082.9140625,16384.232421875,1602844
2018-10-17,13486.35546875,16421.8984375,16572.55859375,16384.232421875,16497.228515625,1259315
2018-10-18,13486.35546875,16421.8984375,16572.55859375,16346.568359375,16459.5625,1886716
2018-10-19,13300.763671875,16195.9091796875,16384.232421875,16158.244140625,16195.9091796875,2456982
2018-10-22,13347.1630859375,16252.40625,16459.5625,16233.5732421875,16346.568359375,1139947
2018-10-23,13053.3076171875,15894.58984375,16252.40625,15668.6005859375,16252.40625,3055496
2018-10-24,12929.5791015625,15743.9296875,16026.4169921875,15743.9296875,15838.091796875,1493114
2018-10-25,12697.58984375,15461.443359375,15555.60546875,15065.9619140625,15065.9619140625,2011766
2018-10-26,12620.2587890625,15367.28125,15725.09765625,15367.28125,15630.935546875,2441981
2018-10-29,12682.12109375,15442.6103515625,15612.1025390625,15254.2861328125,15254.2861328125,1227614
2018-10-30,12682.12109375,15442.6103515625,15743.9296875,15386.11328125,15480.275390625,1201728
2018-10-31,12975.9775390625,15800.427734375,15819.259765625,15555.60546875,15725.09765625,863243
2018-11-01,12960.5107421875,15781.5947265625,15969.9189453125,15781.5947265625,15838.091796875,1247208
2018-11-02,13269.83203125,16158.244140625,16195.9091796875,15838.091796875,15951.0869140625,1576560
2018-11-05,13161.5693359375,16026.4169921875,16195.9091796875,15894.58984375,16045.2490234375,705218
2018-11-06,13037.841796875,15875.7568359375,16101.74609375,15856.9248046875,16082.9140625,1250315
2018-11-07,12945.0458984375,15762.7626953125,16007.583984375,15687.4326171875,15875.7568359375,1315707
2018-11-08,13037.841796875,15875.7568359375,15969.9189453125,15800.427734375,15913.421875,934902
2018-11-09,12759.455078125,15536.7734375,15856.9248046875,15517.9404296875,15743.9296875,1686238
2018-11-12,12975.9775390625,15800.427734375,15800.427734375,15499.1083984375,15517.9404296875,725104
2018-11-13,12883.1826171875,15687.4326171875,15725.09765625,15517.9404296875,15517.9404296875,1162965
2018-11-14,13068.7744140625,15913.421875,15913.421875,15668.6005859375,15781.5947265625,1997721
2018-11-15,13053.3076171875,15894.58984375,15969.9189453125,15706.2646484375,15819.259765625,1324283
2018-11-16,13223.43359375,16101.74609375,16158.244140625,15913.421875,16007.583984375,1698955
2018-11-19,13347.1630859375,16252.40625,16271.23828125,16120.5791015625,16195.9091796875,1051429
2018-11-20,13424.4912109375,16346.568359375,16346.568359375,16139.4111328125,16271.23828125,1460617
2018-11-21,13424.4912109375,16346.568359375,16346.568359375,16082.9140625,16120.5791015625,1362966
2018-11-22,13424.4912109375,16346.568359375,16421.8984375,16290.0712890625,16346.568359375,858358
2018-11-23,13316.2294921875,16214.7412109375,16365.400390625,16195.9091796875,16233.5732421875,918786
2018-11-26,13130.6376953125,15988.751953125,16214.7412109375,15988.751953125,16214.7412109375,1283608
2018-11-27,13223.43359375,16101.74609375,16158.244140625,16007.583984375,16158.244140625,907130
2018-11-28,13238.8994140625,16120.5791015625,16139.4111328125,16026.4169921875,16101.74609375,680315
2018-11-29,13269.83203125,16158.244140625,16384.232421875,16158.244140625,16308.9033203125,1390180
2018-11-30,13269.83203125,16158.244140625,16177.076171875,16064.08203125,16158.244140625,859633
2018-12-03,13888.4716796875,16911.541015625,16911.541015625,16271.23828125,16271.23828125,3017026
2018-12-04,13903.939453125,16930.375,17137.53125,16855.044921875,16911.541015625,2684647
2018-12-05,13795.6748046875,16798.546875,16930.375,16723.216796875,16742.05078125,1608606
2018-12-06,13733.8125,16723.216796875,16873.876953125,16591.390625,16760.8828125,1285334
2018-12-07,13950.333984375,16986.87109375,17081.033203125,16798.546875,16798.546875,2026209
2018-12-10,13671.9443359375,16647.88671875,16949.20703125,16647.88671875,16873.876953125,1845192
2018-12-11,13625.5498046875,16591.390625,16760.8828125,16534.892578125,16685.552734375,1016065
2018-12-12,13625.5498046875,16591.390625,16591.390625,16591.390625,16591.390625,0
2018-12-13,13795.6748046875,16798.546875,17043.369140625,16760.8828125,16930.375,2072406
2018-12-14,13656.482421875,16629.0546875,16873.876953125,16610.22265625,16798.546875,2091920
2018-12-17,13300.763671875,16195.9091796875,16610.22265625,16195.9091796875,16610.22265625,2064627
2018-12-18,12991.443359375,15819.259765625,16120.5791015625,15762.7626953125,15951.0869140625,2988617
2018-12-19,13022.375,15856.9248046875,16045.2490234375,15762.7626953125,15819.259765625,1252040
2018-12-20,13006.908203125,15838.091796875,15969.9189453125,15838.091796875,15932.2548828125,1224508
2018-12-21,13146.1025390625,16007.583984375,16007.583984375,15781.5947265625,15781.5947265625,1204861
2018-12-24,12991.443359375,15819.259765625,16120.5791015625,15819.259765625,16045.2490234375,564265
2018-12-25,12836.7841796875,15630.935546875,15630.935546875,15442.6103515625,15593.2705078125,1944276
2018-12-26,12805.8515625,15593.2705078125,15762.7626953125,15593.2705078125,15630.935546875,885678
2018-12-27,12929.5791015625,15743.9296875,15913.421875,15743.9296875,15856.9248046875,1207649
2018-12-28,13053.3076171875,15894.58984375,15894.58984375,15743.9296875,15838.091796875,1027933
2018-12-31,13053.3076171875,15894.58984375,15894.58984375,15894.58984375,15894.58984375,0
2019-01-01,13053.3076171875,15894.58984375,15894.58984375,15894.58984375,15894.58984375,0
2019-01-02,12743.98828125,15517.9404296875,15875.7568359375,15499.1083984375,15743.9296875,1218959
2019-01-03,12620.2587890625,15367.28125,15612.1025390625,15329.6162109375,15612.1025390625,1902566
2019-01-04,12713.0556640625,15480.275390625,15612.1025390625,15254.2861328125,15291.951171875,845800
2019-01-07,12929.5791015625,15743.9296875,15856.9248046875,15668.6005859375,15743.9296875,1084484
2019-01-08,12991.443359375,15819.259765625,15819.259765625,15706.2646484375,15743.9296875,784974
2019-01-09,13115.1708984375,15969.9189453125,16045.2490234375,15781.5947265625,15856.9248046875,820498
2019-01-10,13037.841796875,15875.7568359375,16026.4169921875,15875.7568359375,15969.9189453125,550459
2019-01-11,13053.3076171875,15894.58984375,16026.4169921875,15838.091796875,15969.9189453125,1582613
2019-01-14,13146.1025390625,16007.583984375,16045.2490234375,15819.259765625,15932.2548828125,1057748
2019-01-15,13238.8994140625,16120.5791015625,16120.5791015625,15932.2548828125,15932.2548828125,901316
2019-01-16,13161.5693359375,16026.4169921875,16195.9091796875,16026.4169921875,16195.9091796875,495394
2019-01-17,12991.443359375,15819.259765625,16101.74609375,15819.259765625,16007.583984375,1008286
2019-01-18,12991.443359375,15819.259765625,16007.583984375,15819.259765625,15856.9248046875,603081
2019-01-21,13146.1025390625,16007.583984375,16120.5791015625,15894.58984375,15894.58984375,657906
2019-01-22,13099.70703125,15951.0869140625,16101.74609375,15951.0869140625,16007.583984375,375628
2019-01-23,13099.70703125,15951.0869140625,15969.9189453125,15875.7568359375,15932.2548828125,513634
2019-01-24,13130.6376953125,15988.751953125,16045.2490234375,15951.0869140625,15969.9189453125,622515
2019-01-25,13115.1708984375,15969.9189453125,16045.2490234375,15932.2548828125,15969.9189453125,566761
2019-01-28,13022.375,15856.9248046875,16007.583984375,15856.9248046875,16007.583984375,574354
2019-01-29,13146.1025390625,16007.583984375,16007.583984375,15819.259765625,15969.9189453125,1143186
2019-01-30,13362.626953125,16271.23828125,16346.568359375,15969.9189453125,16007.583984375,1829979
2019-01-31,13362.626953125,16271.23828125,16346.568359375,16158.244140625,16308.9033203125,1373320
2019-02-01,13177.03515625,16045.2490234375,16271.23828125,15630.935546875,16271.23828125,1592702
2019-02-04,13177.03515625,16045.2490234375,16045.2490234375,16045.2490234375,16045.2490234375,0
2019-02-05,13177.03515625,16045.2490234375,16045.2490234375,16045.2490234375,16045.2490234375,0
2019-02-06,13177.03515625,16045.2490234375,16045.2490234375,16045.2490234375,16045.2490234375,0
2019-02-07,13177.03515625,16045.2490234375,16045.2490234375,16045.2490234375,16045.2490234375,0
2019-02-08,13177.03515625,16045.2490234375,16045.2490234375,16045.2490234375,16045.2490234375,0
2019-02-11,13656.482421875,16629.0546875,16685.552734375,16082.9140625,16195.9091796875,2656133
2019-02-12,13579.15234375,16534.892578125,16798.546875,16534.892578125,16572.55859375,1862662
2019-02-13,13780.208984375,16779.71484375,16949.20703125,16572.55859375,16572.55859375,2987847
2019-02-14,13687.412109375,16666.720703125,16911.541015625,16666.720703125,16817.37890625,1638076
2019-02-15,13671.9443359375,16647.88671875,16742.05078125,16572.55859375,16666.720703125,1718390
2019-02-18,13671.9443359375,16647.88671875,16647.88671875,16647.88671875,16647.88671875,0
2019-02-19,13733.8125,16723.216796875,17005.705078125,16685.552734375,16836.212890625,3905173
2019-02-20,13873.0048828125,16892.708984375,16968.0390625,16685.552734375,16685.552734375,1325982
2019-02-21,13857.5390625,16873.876953125,16911.541015625,16685.552734375,16836.212890625,1991110
2019-02-22,13981.26953125,17024.537109375,17099.8671875,16723.216796875,16873.876953125,3302066
2019-02-25,14074.064453125,17137.53125,17401.185546875,17118.69921875,17156.36328125,2717808
2019-02-26,13981.26953125,17024.537109375,17175.197265625,16949.20703125,17175.197265625,1760843
2019-02-27,13950.333984375,16986.87109375,17118.69921875,16911.541015625,17024.537109375,1289396
2019-02-28,13671.9443359375,16647.88671875,16986.87109375,16647.88671875,16986.87109375,3643152
2019-03-01,13795.6748046875,16798.546875,16798.546875,16629.0546875,16779.71484375,1568515
2019-03-04,13919.4013671875,16949.20703125,17024.537109375,16798.546875,16798.546875,2141967
2019-03-05,13888.4716796875,16911.541015625,17024.537109375,16873.876953125,16949.20703125,2188509
2019-03-06,13795.6748046875,16798.546875,16986.87109375,16742.05078125,16930.375,1845829
2019-03-07,13842.0751953125,16855.044921875,16949.20703125,16798.546875,16798.546875,993869
2019-03-08,13842.0751953125,16855.044921875,16855.044921875,16855.044921875,16855.044921875,0
2019-03-11,13764.7431640625,16760.8828125,16892.708984375,16742.05078125,16817.37890625,967797
2019-03-12,14383.384765625,17514.1796875,17514.1796875,16855.044921875,16855.044921875,5126443
2019-03-13,14290.5869140625,17401.185546875,17589.509765625,17401.185546875,17514.1796875,2660009
2019-03-14,14306.0517578125,17420.017578125,17514.1796875,17325.85546875,17401.185546875,1416384
2019-03-15,14228.724609375,17325.85546875,17438.8515625,17231.693359375,17420.017578125,2766076
2019-03-18,14290.5869140625,17401.185546875,17495.34765625,17307.0234375,17438.8515625,2639273
2019-03-19,14135.9287109375,17212.861328125,17438.8515625,17212.861328125,17401.185546875,2428573
2019-03-20,14058.59765625,17118.69921875,17288.19140625,17043.369140625,17175.197265625,2116745
2019-03-21,13950.333984375,16986.87109375,17250.525390625,16986.87109375,17250.525390625,2192332
2019-03-22,13934.87109375,16968.0390625,17099.8671875,16968.0390625,16986.87109375,1825811
2019-03-25,13733.8125,16723.216796875,16949.20703125,16647.88671875,16647.88671875,1681990
2019-03-26,13842.0751953125,16855.044921875,16949.20703125,16760.8828125,16949.20703125,1025145
2019-03-27,13919.4013671875,16949.20703125,16986.87109375,16873.876953125,16873.876953125,1563896
2019-03-28,13965.8017578125,17005.705078125,17081.033203125,16855.044921875,16855.044921875,962062
2019-03-29,14074.064453125,17137.53125,17175.197265625,17062.201171875,17175.197265625,1186117
2019-04-01,14166.8583984375,17250.525390625,17288.19140625,17137.53125,17288.19140625,869509
2019-04-02,14228.724609375,17325.85546875,17589.509765625,17250.525390625,17250.525390625,3596132
2019-04-03,14599.90625,17777.833984375,17777.833984375,17325.85546875,17476.515625,2745526
2019-04-04,14785.4990234375,18003.82421875,18154.484375,17796.66796875,17890.830078125,4556310
2019-04-05,14785.4990234375,18003.82421875,18041.48828125,17871.99609375,18003.82421875,1633350
2019-04-08,14785.4990234375,18003.82421875,18079.154296875,17871.99609375,17947.326171875,1201808
2019-04-09,14630.83984375,17815.5,18267.478515625,17815.5,18003.82421875,2686001
2019-04-10,14507.1103515625,17664.83984375,17815.5,17608.341796875,17702.505859375,1941064
2019-04-11,14538.0439453125,17702.505859375,17890.830078125,17646.0078125,17664.83984375,955557
2019-04-12,14909.2294921875,18154.484375,18229.814453125,17646.0078125,17646.0078125,2323356
2019-04-15,14909.2294921875,18154.484375,18154.484375,18154.484375,18154.484375,0
2019-04-16,14816.427734375,18041.48828125,18154.484375,17890.830078125,17890.830078125,2408077
2019-04-17,15002.0234375,18267.478515625,18644.126953125,18154.484375,18192.1484375,5202535
2019-04-18,15002.0234375,18267.478515625,18549.96484375,18097.986328125,18267.478515625,2591085
2019-04-19,14986.556640625,18248.646484375,18418.138671875,18229.814453125,18342.80859375,1205313
2019-04-22,14816.427734375,18041.48828125,18267.478515625,18003.82421875,18267.478515625,2193261
2019-04-23,14816.427734375,18041.48828125,18248.646484375,17890.830078125,18041.48828125,1458652
2019-04-24,15017.4912109375,18286.310546875,18323.9765625,18116.818359375,18267.478515625,2270362
2019-04-25,15094.8203125,18380.47265625,18512.30078125,18248.646484375,18267.478515625,2577094
2019-04-26,15326.8095703125,18662.9609375,18738.2890625,18380.47265625,18418.138671875,2296434
2019-04-29,15326.8095703125,18662.9609375,18662.9609375,18662.9609375,18662.9609375,0
2019-04-30,15326.8095703125,18662.9609375,18662.9609375,18662.9609375,18662.9609375,0
2019-05-01,15326.8095703125,18662.9609375,18662.9609375,18662.9609375,18662.9609375,0
2019-05-02,15419.607421875,18775.955078125,18907.78125,18700.625,18757.123046875,2349720
2019-05-03,15466.001953125,18832.451171875,18832.451171875,18681.79296875,18794.787109375,2813149
2019-05-06,15079.3525390625,18361.640625,18606.462890625,18248.646484375,18455.802734375,3863384
2019-05-07,15373.2080078125,18719.45703125,18719.45703125,18474.634765625,18493.46875,2906897
2019-05-08,15357.744140625,18700.625,18719.45703125,18455.802734375,18568.796875,2546189
2019-05-09,15032.955078125,18305.142578125,18700.625,18305.142578125,18681.79296875,2285788
2019-05-10,15156.6826171875,18455.802734375,18549.96484375,18361.640625,18455.802734375,2728879
2019-05-13,15311.3427734375,18644.126953125,18757.123046875,18455.802734375,18455.802734375,2258176
2019-05-14,15527.869140625,18907.78125,19133.771484375,18493.46875,18606.462890625,4143990
2019-05-15,15589.7333984375,18983.111328125,19058.44140625,18870.1171875,19020.77734375,4088527
2019-05-16,15357.744140625,18700.625,19096.10546875,18700.625,18983.111328125,5021358
2019-05-17,15466.876953125,18416.255859375,18644.126953125,18354.107421875,18644.126953125,3590489
2019-05-20,15745.248046875,18747.70703125,18768.421875,18436.970703125,18436.970703125,4325536
2019-05-21,15971.4208984375,19017.009765625,19079.15625,18789.13671875,18851.28515625,2453525
2019-05-22,15745.248046875,18747.70703125,19120.587890625,18747.70703125,19037.7265625,3774070
2019-05-23,15901.828125,18934.146484375,18975.578125,18726.990234375,18747.70703125,3059322
2019-05-24,15867.029296875,18892.716796875,19037.7265625,18747.70703125,18851.28515625,2449229
2019-05-27,15745.248046875,18747.70703125,18830.568359375,18499.1171875,18768.421875,3045878
2019-05-28,15606.0576171875,18581.98046875,18809.853515625,18540.548828125,18644.126953125,1251394
2019-05-29,15345.087890625,18271.244140625,18581.98046875,18229.814453125,18581.98046875,3633235
2019-05-30,15501.6708984375,18457.685546875,18519.833984375,18188.3828125,18271.244140625,2380923
2019-05-31,15345.087890625,18271.244140625,18561.265625,18271.244140625,18478.40234375,1476802
2019-06-03,15136.3125,18022.65625,18271.244140625,18022.65625,18229.814453125,2128361
2019-06-04,15066.720703125,17939.79296875,18105.51953125,17919.078125,18022.65625,1296504
2019-06-05,15171.1123046875,18064.087890625,18188.3828125,18022.65625,18022.65625,1207055
2019-06-06,15484.2744140625,18436.970703125,18519.833984375,18064.087890625,18146.951171875,2227151
2019-06-07,15727.845703125,18726.990234375,18747.70703125,18519.833984375,18561.265625,3149012
2019-06-10,15693.0498046875,18685.55859375,18934.146484375,18561.265625,18851.28515625,2962342
2019-06-11,15727.845703125,18726.990234375,18892.716796875,18602.6953125,18685.55859375,3129269
2019-06-12,15675.654296875,18664.84375,18892.716796875,18644.126953125,18726.990234375,3100354
2019-06-13,15501.6708984375,18457.685546875,18685.55859375,18436.970703125,18664.84375,2066717
2019-06-14,15449.4765625,18395.5390625,18602.6953125,18395.5390625,18478.40234375,1351149
2019-06-17,15327.693359375,18250.529296875,18436.970703125,18188.3828125,18271.244140625,2446333
2019-06-18,15327.693359375,18250.529296875,18416.255859375,18126.234375,18374.82421875,1843239
2019-06-19,15536.470703125,18499.1171875,18519.833984375,18312.67578125,18354.107421875,1281202
2019-06-20,15797.4404296875,18809.853515625,18809.853515625,18499.1171875,18581.98046875,3272952
2019-06-21,15797.4404296875,18809.853515625,18892.716796875,18747.70703125,18851.28515625,2105794
2019-06-24,15710.4482421875,18706.275390625,18830.568359375,18706.275390625,18809.853515625,1752680
2019-06-25,16180.1982421875,19265.59765625,19286.314453125,18561.265625,18644.126953125,7891238
2019-06-26,16058.4072265625,19120.587890625,19265.59765625,19099.873046875,19265.59765625,2448553
2019-06-27,15797.4404296875,18809.853515625,19099.873046875,18768.421875,19079.15625,2949116
2019-06-28,15832.2353515625,18851.28515625,19058.44140625,18602.6953125,18809.853515625,5983916
2019-07-01,16388.974609375,19514.1875,19514.1875,19017.009765625,19058.44140625,6157842
2019-07-02,16319.3798828125,19431.32421875,19679.912109375,19327.74609375,19472.755859375,3862481
2019-07-03,16284.5830078125,19389.892578125,19431.32421875,19286.314453125,19348.4609375,3079452
2019-07-04,16336.775390625,19452.0390625,19555.619140625,19389.892578125,19472.755859375,3079307
2019-07-05,16214.9912109375,19307.029296875,19472.755859375,19224.16796875,19389.892578125,2746154
2019-07-08,16110.607421875,19182.736328125,19431.32421875,19079.15625,19265.59765625,3145078
2019-07-09,16267.1904296875,19369.177734375,19410.607421875,19099.873046875,19182.736328125,2395695
2019-07-10,16371.57421875,19493.470703125,19659.197265625,19389.892578125,19452.0390625,3094223
2019-07-11,16354.1796875,19472.755859375,19576.333984375,19389.892578125,19534.90234375,2061576
2019-07-12,16354.1796875,19472.755859375,19659.197265625,19389.892578125,19514.1875,2997654
2019-07-15,16458.5625,19597.048828125,19700.62890625,19410.607421875,19452.0390625,2838572
2019-07-16,16458.5625,19597.048828125,19804.20703125,19576.333984375,19617.765625,2799809
2019-07-17,16371.57421875,19493.470703125,19679.912109375,19472.755859375,19597.048828125,3119928
2019-07-18,16284.5830078125,19389.892578125,19514.1875,19389.892578125,19472.755859375,2499167
2019-07-19,16771.732421875,19969.931640625,20011.36328125,19431.32421875,19452.0390625,6786061
2019-07-22,16823.923828125,20032.080078125,20156.373046875,19866.353515625,19969.931640625,4237800
2019-07-23,16980.5078125,20218.521484375,20218.521484375,19928.5,20094.2265625,2289447
2019-07-24,16910.916015625,20135.658203125,20467.109375,20135.658203125,20446.392578125,4713261
2019-07-25,16910.916015625,20135.658203125,20135.658203125,20135.658203125,20135.658203125,0
2019-07-26,16910.916015625,20135.658203125,20135.658203125,20135.658203125,20135.658203125,0
2019-07-29,16910.916015625,20135.658203125,20135.658203125,20135.658203125,20135.658203125,0
2019-07-30,16910.916015625,20135.658203125,20135.658203125,20135.658203125,20135.658203125,0
2019-07-31,16841.322265625,20052.794921875,20052.794921875,19679.912109375,19804.20703125,2683665
2019-08-01,16823.923828125,20032.080078125,20135.658203125,19969.931640625,20052.794921875,2329296
2019-08-02,16980.5078125,20218.521484375,20301.3828125,19824.921875,19907.78515625,3504347
2019-08-05,17050.1015625,20301.3828125,20632.833984375,20218.521484375,20301.3828125,5604687
2019-08-06,17050.1015625,20301.3828125,20301.3828125,20301.3828125,20301.3828125,0
2019-08-07,17311.072265625,20612.119140625,20612.119140625,20280.66796875,20301.3828125,3008370
2019-08-08,17502.451171875,20839.9921875,20964.28515625,20653.55078125,20653.55078125,5033646
2019-08-09,17780.8203125,21171.443359375,21295.736328125,20715.697265625,20839.9921875,4227904
2019-08-12,18198.37109375,21668.619140625,21792.9140625,21005.716796875,21171.443359375,4387783
2019-08-13,18267.96875,21751.482421875,22041.501953125,21420.03125,21585.755859375,5401652
2019-08-14,18511.53515625,22041.501953125,22248.658203125,21875.775390625,21958.638671875,5322944
2019-08-15,18795.236328125,21958.638671875,21958.638671875,21295.736328125,21502.89453125,5367620
2019-08-16,18440.611328125,21544.326171875,22828.69921875,21544.326171875,21958.638671875,10936199
2019-08-19,18582.458984375,21710.05078125,21834.345703125,21212.875,21544.326171875,6878310
2019-08-20,19149.86328125,22372.953125,22372.953125,21710.05078125,21710.05078125,5497642
2019-08-21,19008.01171875,22207.2265625,22580.109375,22124.365234375,22414.384765625,4363888
2019-08-22,18795.236328125,21958.638671875,22497.248046875,21917.20703125,22207.2265625,4568130
2019-08-23,19291.71484375,22538.677734375,22538.677734375,21792.9140625,22000.0703125,4509140
2019-08-26,19043.474609375,22248.658203125,22455.81640625,22165.796875,22165.796875,4238718
2019-08-27,18724.310546875,21875.775390625,22497.248046875,21875.775390625,22372.953125,3780635
2019-08-28,18476.076171875,21585.755859375,22041.501953125,21585.755859375,21958.638671875,3711822
2019-08-29,18688.8515625,21834.345703125,21875.775390625,21502.89453125,21627.1875,2348315
2019-08-30,18830.701171875,22000.0703125,22124.365234375,21917.20703125,21958.638671875,1709717
2019-09-02,18830.701171875,22000.0703125,22000.0703125,22000.0703125,22000.0703125,0
2019-09-03,19043.474609375,22248.658203125,22372.953125,21958.638671875,21958.638671875,3283090
2019-09-04,18866.1640625,22041.501953125,22455.81640625,21958.638671875,22248.658203125,3995279
2019-09-05,18653.3828125,21792.9140625,22165.796875,21792.9140625,22124.365234375,3001781
2019-09-06,18759.775390625,21917.20703125,22041.501953125,21668.619140625,21917.20703125,2758077
2019-09-09,19078.94140625,22290.08984375,22538.677734375,21751.482421875,21958.638671875,6052897
2019-09-10,19149.86328125,22372.953125,22538.677734375,22207.2265625,22455.81640625,4179463
2019-09-11,19185.326171875,22414.384765625,22455.81640625,22124.365234375,22372.953125,2847285
2019-09-12,20036.43359375,23408.73828125,23408.73828125,22538.677734375,22538.677734375,9171571
2019-09-13,20142.818359375,23533.03125,23781.62109375,23325.875,23408.73828125,5126305
2019-09-16,20461.982421875,23905.9140625,24030.208984375,23491.6015625,23574.462890625,3233200
2019-09-17,20426.5234375,23864.482421875,24071.640625,23657.326171875,23740.189453125,2883537
2019-09-18,20000.966796875,23367.306640625,23988.77734375,23325.875,23988.77734375,6258321
2019-09-19,20497.44921875,23947.345703125,23947.345703125,23284.443359375,23450.169921875,3458078
2019-09-20,20639.298828125,24113.072265625,24361.66015625,23864.482421875,23905.9140625,3369715
2019-09-23,20036.43359375,23408.73828125,24154.50390625,23408.73828125,24030.208984375,5582940
2019-09-24,19930.044921875,23284.443359375,23615.89453125,23118.71875,23367.306640625,6124823
2019-09-25,20355.599609375,23781.62109375,23781.62109375,23243.01171875,23325.875,3481442
2019-09-26,20461.982421875,23905.9140625,24030.208984375,23698.7578125,23905.9140625,2395864
2019-09-27,20745.68359375,24237.365234375,24361.66015625,23781.62109375,23864.482421875,6059462
2019-09-30,20461.982421875,23905.9140625,24651.6796875,23905.9140625,24568.81640625,5307979
2019-10-01,20745.68359375,24237.365234375,24237.365234375,23864.482421875,23905.9140625,3968319
2019-10-02,20284.673828125,23698.7578125,24278.796875,23698.7578125,24237.365234375,5886888
2019-10-03,20284.673828125,23698.7578125,23781.62109375,23367.306640625,23450.169921875,6769866
2019-10-04,20142.818359375,23533.03125,23823.052734375,23491.6015625,23823.052734375,3068228
2019-10-07,19681.8046875,22994.423828125,23698.7578125,22994.423828125,23533.03125,5724668
2019-10-08,19894.58203125,23243.01171875,23284.443359375,22870.12890625,22994.423828125,3227552
2019-10-09,20000.966796875,23367.306640625,23615.89453125,23118.71875,23325.875,2262849
2019-10-10,20000.966796875,23367.306640625,23615.89453125,23367.306640625,23450.169921875,1950211
2019-10-11,20036.43359375,23408.73828125,23574.462890625,23367.306640625,23491.6015625,1917434
2019-10-14,20461.982421875,23905.9140625,24113.072265625,23533.03125,23615.89453125,5384877
2019-10-15,20355.599609375,23781.62109375,23947.345703125,23781.62109375,23947.345703125,1602432
2019-10-16,20391.0625,23823.052734375,24030.208984375,23781.62109375,23947.345703125,2001018
2019-10-17,20107.361328125,23491.6015625,23823.052734375,23450.169921875,23781.62109375,3913916
2019-10-18,20249.20703125,23657.326171875,23864.482421875,23450.169921875,23533.03125,3493341
2019-10-21,20036.43359375,23408.73828125,23781.62109375,23325.875,23781.62109375,3042354
2019-10-22,19965.509765625,23325.875,23450.169921875,23077.287109375,23408.73828125,3703423
2019-10-23,20000.966796875,23367.306640625,23615.89453125,23201.580078125,23201.580078125,1804935
2019-10-24,20639.298828125,24113.072265625,24113.072265625,23367.306640625,23533.03125,5391780
2019-10-25,20568.375,24030.208984375,24237.365234375,23905.9140625,24154.50390625,3271215
2019-10-28,20603.837890625,24071.640625,24361.66015625,23947.345703125,24030.208984375,3607940
2019-10-29,20532.91015625,23988.77734375,24154.50390625,23947.345703125,24113.072265625,2300236
2019-10-30,20497.44921875,23947.345703125,24071.640625,23864.482421875,23988.77734375,2659987
2019-10-31,20532.91015625,23988.77734375,24320.228515625,23947.345703125,24030.208984375,3049354
2019-11-01,20745.68359375,24237.365234375,24320.228515625,23864.482421875,24030.208984375,4182697
2019-11-04,21242.1640625,24817.40625,25065.994140625,24320.228515625,24320.228515625,14026947
2019-11-05,21206.703125,24775.974609375,24900.267578125,24610.248046875,24900.267578125,2991740
2019-11-06,21100.310546875,24651.6796875,25024.5625,24651.6796875,24775.974609375,3745010
2019-11-07,21100.310546875,24651.6796875,24817.40625,24527.384765625,24651.6796875,3470870
2019-11-08,21135.779296875,24693.111328125,24775.974609375,24527.384765625,24775.974609375,2943516
2019-11-11,21277.626953125,24858.8359375,25107.42578125,24651.6796875,24734.54296875,5262893
2019-11-12,21632.255859375,25273.150390625,25397.4453125,24858.8359375,24858.8359375,6861101
2019-11-13,21454.943359375,25065.994140625,25397.4453125,25065.994140625,25356.013671875,3219635
2019-11-14,20674.76171875,24154.50390625,25273.150390625,23823.052734375,25065.994140625,11583945
2019-11-15,20781.15234375,24278.796875,24361.66015625,23905.9140625,24154.50390625,6198294
2019-11-18,20391.0625,23823.052734375,24361.66015625,23657.326171875,24195.93359375,6745898
2019-11-19,20674.76171875,24154.50390625,24154.50390625,23823.052734375,23823.052734375,2557891
2019-11-20,20142.818359375,23533.03125,24113.072265625,23450.169921875,24113.072265625,5531457
2019-11-21,19859.119140625,23201.580078125,23657.326171875,23160.150390625,23533.03125,7974508
2019-11-22,19859.119140625,23201.580078125,23657.326171875,22994.423828125,23325.875,3924125
2019-11-25,20071.896484375,23450.169921875,23615.89453125,23118.71875,23243.01171875,2626003
2019-11-26,20249.20703125,23657.326171875,23698.7578125,23533.03125,23615.89453125,2338057
2019-11-27,20213.74609375,23615.89453125,23781.62109375,23574.462890625,23698.7578125,1960542
2019-11-28,19859.119140625,23201.580078125,23574.462890625,23118.71875,23574.462890625,3308650
2019-11-29,20000.966796875,23367.306640625,23533.03125,23118.71875,23201.580078125,1784564
2019-12-02,19362.64453125,22621.541015625,23408.73828125,22621.541015625,23408.73828125,4808865
2019-12-06,19504.494140625,22787.267578125,22952.9921875,22662.97265625,22787.267578125,1342363
2019-12-09,19610.87890625,22911.560546875,23118.71875,22787.267578125,22870.12890625,1691857
2019-12-10,19681.8046875,22994.423828125,23118.71875,22704.404296875,22911.560546875,1923903
2019-12-11,20036.43359375,23408.73828125,23450.169921875,22870.12890625,22994.423828125,2119069
2019-12-12,20213.74609375,23615.89453125,23698.7578125,23491.6015625,23533.03125,2274627
2019-12-13,20249.20703125,23657.326171875,23823.052734375,23574.462890625,23698.7578125,4058999
2019-12-16,20036.43359375,23408.73828125,23657.326171875,23367.306640625,23657.326171875,2336706
2019-12-17,19646.34375,22952.9921875,23367.306640625,22828.69921875,23284.443359375,5337401
2019-12-18,19681.8046875,22994.423828125,23201.580078125,22787.267578125,22952.9921875,2467911
2019-12-19,19788.193359375,23118.71875,23284.443359375,22952.9921875,22994.423828125,1973913
2019-12-20,20036.43359375,23408.73828125,23491.6015625,23118.71875,23201.580078125,1875630
2019-12-23,19894.58203125,23243.01171875,23615.89453125,23201.580078125,23574.462890625,1848839
2019-12-24,20000.966796875,23367.306640625,23408.73828125,23243.01171875,23367.306640625,1670472
2019-12-25,20391.0625,23823.052734375,23988.77734375,23367.306640625,23367.306640625,3872305
2019-12-26,20355.599609375,23781.62109375,24071.640625,23781.62109375,23947.345703125,2714125
2019-12-27,20426.5234375,23864.482421875,23947.345703125,23533.03125,23781.62109375,2425358
2019-12-30,20781.15234375,24278.796875,24403.091796875,23864.482421875,23947.345703125,6953808
2019-12-31,20674.76171875,24154.50390625,24320.228515625,24030.208984375,24278.796875,1663062
2020-01-01,20674.76171875,24154.50390625,24154.50390625,24154.50390625,24154.50390625,0
2020-01-02,20781.15234375,24278.796875,24444.5234375,24030.208984375,24154.50390625,2164349
2020-01-03,20426.5234375,23864.482421875,24485.955078125,23781.62109375,24403.091796875,4942821
2020-01-06,20213.74609375,23615.89453125,23864.482421875,23533.03125,23657.326171875,2634861
2020-01-07,20603.837890625,24071.640625,24071.640625,23615.89453125,23740.189453125,2020786
2020-01-08,20142.818359375,23533.03125,23905.9140625,23533.03125,23823.052734375,4379022
2020-01-09,20426.5234375,23864.482421875,23905.9140625,23657.326171875,23740.189453125,2334099
2020-01-10,20391.0625,23823.052734375,23947.345703125,23657.326171875,23823.052734375,2458642
2020-01-13,20249.20703125,23657.326171875,23864.482421875,23615.89453125,23781.62109375,1898946
2020-01-14,20213.74609375,23615.89453125,23781.62109375,23615.89453125,23657.326171875,1741867
2020-01-15,20213.74609375,23615.89453125,23657.326171875,23533.03125,23615.89453125,2270910
2020-01-16,20568.375,24030.208984375,24113.072265625,23615.89453125,23615.89453125,4689608
2020-01-17,20426.5234375,23864.482421875,24071.640625,23615.89453125,24030.208984375,3352071
2020-01-20,20355.599609375,23781.62109375,24030.208984375,23698.7578125,23823.052734375,2961763
2020-01-21,19681.8046875,22994.423828125,24030.208984375,22994.423828125,23947.345703125,10503677
2020-01-22,20036.43359375,23408.73828125,23408.73828125,22662.97265625,22787.267578125,7640703
2020-01-23,20036.43359375,23408.73828125,23408.73828125,23408.73828125,23408.73828125,0
2020-01-24,20036.43359375,23408.73828125,23408.73828125,23408.73828125,23408.73828125,0
2020-01-27,20036.43359375,23408.73828125,23408.73828125,23408.73828125,23408.73828125,0
2020-01-28,20036.43359375,23408.73828125,23408.73828125,23408.73828125,23408.73828125,0
2020-01-29,20036.43359375,23408.73828125,23408.73828125,23408.73828125,23408.73828125,0
2020-01-30,19398.099609375,22662.97265625,23118.71875,22331.521484375,22911.560546875,6368262
2020-01-31,18440.611328125,21544.326171875,22745.8359375,21544.326171875,22372.953125,9939684
2020-02-03,18263.298828125,21337.16796875,21751.482421875,20301.3828125,20549.97265625,8696231
2020-02-04,18369.68359375,21461.462890625,21710.05078125,21130.01171875,21710.05078125,3985962
2020-02-05,18440.611328125,21544.326171875,21875.775390625,21544.326171875,21668.619140625,3979156
2020-02-06,19008.01171875,22207.2265625,22207.2265625,21461.462890625,21751.482421875,4123805
2020-02-07,18901.626953125,22082.93359375,22165.796875,21875.775390625,21958.638671875,2941392
2020-02-10,18653.3828125,21792.9140625,21958.638671875,21585.755859375,21710.05078125,1781475
2020-02-11,19008.01171875,22207.2265625,22248.658203125,21834.345703125,21917.20703125,2619704
2020-02-12,19185.326171875,22414.384765625,22662.97265625,22248.658203125,22290.08984375,2666745
2020-02-13,19256.255859375,22497.248046875,22580.109375,22248.658203125,22414.384765625,2487413
2020-02-14,19327.1796875,22580.109375,22580.109375,22372.953125,22414.384765625,2134226
2020-02-17,19220.79296875,22455.81640625,22621.541015625,22372.953125,22621.541015625,1753235
2020-02-18,19859.119140625,23201.580078125,23201.580078125,22497.248046875,22538.677734375,4250255
2020-02-19,19752.734375,23077.287109375,23284.443359375,22994.423828125,23160.150390625,1644284
2020-02-20,19788.193359375,23118.71875,23367.306640625,22994.423828125,23243.01171875,1884585
2020-02-21,19398.099609375,22662.97265625,23160.150390625,22662.97265625,23160.150390625,3519167
2020-02-24,18617.927734375,21751.482421875,22331.521484375,21751.482421875,22000.0703125,5459603
2020-02-25,19149.86328125,22372.953125,22372.953125,21544.326171875,21585.755859375,3397713
2020-02-26,19504.494140625,22787.267578125,22870.12890625,21958.638671875,22124.365234375,7774949
2020-02-27,19859.119140625,23201.580078125,23408.73828125,22621.541015625,22787.267578125,7064787
2020-02-28,19539.95703125,22828.69921875,23077.287109375,22621.541015625,22787.267578125,5146338
2020-03-02,19752.734375,23077.287109375,23284.443359375,22704.404296875,22828.69921875,4313299
2020-03-03,19823.66015625,23160.150390625,23615.89453125,23077.287109375,23284.443359375,2881389
2020-03-05,19362.64453125,22621.541015625,23160.150390625,22621.541015625,22994.423828125,3129148
2020-03-06,19149.86328125,22372.953125,22497.248046875,22165.796875,22455.81640625,3149857
2020-03-09,17837.748046875,20839.9921875,21544.326171875,20839.9921875,21212.875,11428869
2020-03-10,18334.224609375,21420.03125,21544.326171875,20839.9921875,21130.01171875,4900486
2020-03-11,18015.060546875,21047.1484375,21751.482421875,20508.541015625,21544.326171875,6645467
2020-03-12,17057.5625,19928.5,20425.677734375,19597.048828125,20135.658203125,9610272
2020-03-13,17075.298828125,19949.216796875,20715.697265625,18726.990234375,18768.421875,7045719
2020-03-16,16880.25,19721.34375,20591.40234375,19679.912109375,19949.216796875,4583384
2020-03-17,17199.416015625,20094.2265625,20094.2265625,19265.59765625,19472.755859375,5972886
2020-03-18,17163.955078125,20052.794921875,20342.814453125,20032.080078125,20301.3828125,3965109
2020-03-19,16915.71484375,19762.775390625,19928.5,19721.34375,19721.34375,3129486
2020-03-20,16915.71484375,19762.775390625,19990.6484375,19617.765625,19969.931640625,3116863
2020-03-23,15745.4423828125,18395.5390625,19431.32421875,18395.5390625,19099.873046875,6822579
2020-03-24,15780.91015625,18436.970703125,18644.126953125,18022.65625,18644.126953125,5289467
2020-03-25,16312.849609375,19058.44140625,19224.16796875,18706.275390625,19058.44140625,5145349
2020-03-26,15674.51953125,18312.67578125,18996.294921875,18312.67578125,18851.28515625,5692084
2020-03-27,15284.4296875,17856.931640625,18395.5390625,17774.068359375,18395.5390625,6356894
2020-03-30,14326.9365234375,16738.283203125,17028.302734375,16613.98828125,16779.71484375,5207862
2020-03-31,14575.1748046875,17028.302734375,17566.912109375,16613.98828125,17194.029296875,4013985
2020-04-01,15000.728515625,17525.48046875,17898.36328125,16904.009765625,16904.009765625,3507074
2020-04-02,15000.728515625,17525.48046875,17525.48046875,17525.48046875,17525.48046875,0
2020-04-03,15816.3701171875,18478.40234375,18499.1171875,17691.205078125,17815.5,5001038
2020-04-06,16844.787109375,19679.912109375,19679.912109375,18851.28515625,19058.44140625,6562632
2020-04-07,16773.861328125,19597.048828125,19762.775390625,19265.59765625,19679.912109375,5946722
2020-04-08,16614.283203125,19410.607421875,19493.470703125,18954.86328125,19099.873046875,3805495
2020-04-09,16614.283203125,19410.607421875,19721.34375,19265.59765625,19472.755859375,5170885
2020-04-10,16454.697265625,19224.16796875,19472.755859375,19017.009765625,19307.029296875,4542497
2020-04-13,16490.162109375,19265.59765625,19472.755859375,19099.873046875,19224.16796875,3029972
2020-04-14,17554.044921875,20508.541015625,20508.541015625,19472.755859375,19721.34375,9828416
2020-04-15,17766.82421875,20757.12890625,21047.1484375,20653.55078125,20922.853515625,5322533
2020-04-16,17837.748046875,20839.9921875,21047.1484375,20425.677734375,20591.40234375,3640910
2020-04-17,18156.912109375,21212.875,21254.3046875,20798.560546875,21212.875,6351777
2020-04-20,18192.373046875,21254.3046875,21544.326171875,21005.716796875,21502.89453125,5405997
2020-04-21,17483.119140625,20425.677734375,21088.580078125,20259.951171875,20922.853515625,9019850
2020-04-22,18121.447265625,21171.443359375,21212.875,20177.08984375,20218.521484375,5903397
2020-04-23,18085.98046875,21130.01171875,21627.1875,21130.01171875,21585.755859375,3290765
2020-04-24,18085.98046875,21130.01171875,21212.875,20757.12890625,21088.580078125,3406547
2020-04-27,17979.595703125,21005.716796875,21337.16796875,20922.853515625,21337.16796875,3426749
2020-04-28,17979.595703125,21005.716796875,21047.1484375,20798.560546875,21005.716796875,2351622
2020-04-29,18015.060546875,21047.1484375,21295.736328125,20922.853515625,21047.1484375,3256540
2020-04-30,18015.060546875,21047.1484375,21047.1484375,21047.1484375,21047.1484375,0
2020-05-01,18015.060546875,21047.1484375,21047.1484375,21047.1484375,21047.1484375,0
2020-05-04,17908.669921875,20922.853515625,21088.580078125,20632.833984375,20798.560546875,2161476
2020-05-05,18050.51953125,21088.580078125,21130.01171875,20881.423828125,21047.1484375,1636416
2020-05-06,18759.775390625,21917.20703125,22000.0703125,21130.01171875,21130.01171875,8375653
2020-05-07,18972.552734375,22165.796875,22165.796875,21710.05078125,21958.638671875,4901403
2020-05-08,19043.474609375,22248.658203125,22828.69921875,22207.2265625,22207.2265625,8653630
2020-05-11,19149.86328125,22372.953125,22538.677734375,22082.93359375,22372.953125,5115516
2020-05-12,19291.71484375,22538.677734375,22538.677734375,22207.2265625,22372.953125,6826200
2020-05-13,20502.8671875,23513.3515625,23608.64453125,22584.25390625,22631.8984375,14384827
2020-05-14,20232.818359375,23203.65234375,23394.236328125,23108.359375,23322.767578125,5451442
2020-05-15,20232.818359375,23203.65234375,23203.65234375,23203.65234375,23203.65234375,0
2020-05-18,20232.818359375,23203.65234375,23203.65234375,23203.65234375,23203.65234375,0
2020-05-19,20648.279296875,23680.11328125,23680.11328125,23156.005859375,23441.8828125,6042529
2020-05-20,20648.279296875,23680.11328125,23680.11328125,23680.11328125,23680.11328125,0
2020-05-21,20482.09375,23489.529296875,23489.529296875,23275.12109375,23298.9453125,4212432
2020-05-22,20128.95703125,23084.537109375,23346.591796875,23084.537109375,23346.591796875,3634546
2020-05-25,20128.95703125,23084.537109375,23156.005859375,22774.837890625,23108.359375,4266875
2020-05-26,20274.36328125,23251.298828125,23251.298828125,23036.890625,23108.359375,3391001
2020-05-27,19941.998046875,22870.12890625,23537.17578125,22870.12890625,23298.9453125,4404515
2020-05-28,19941.998046875,22870.12890625,23156.005859375,22870.12890625,22965.421875,2506773
2020-05-29,19921.224609375,22846.306640625,22917.775390625,22631.8984375,22870.12890625,2825351
2020-06-01,20066.63671875,23013.068359375,23036.890625,22870.12890625,22870.12890625,2724566
2020-06-02,19941.998046875,22870.12890625,23108.359375,22870.12890625,23013.068359375,3057395
2020-06-03,20212.048828125,23179.830078125,23322.767578125,22822.484375,22870.12890625,3973168
2020-06-04,20108.18359375,23060.71484375,23298.9453125,23060.71484375,23298.9453125,2644623
2020-06-05,20232.818359375,23203.65234375,23203.65234375,22941.599609375,23060.71484375,2594545
2020-06-08,20232.818359375,23203.65234375,23203.65234375,23203.65234375,23203.65234375,0
2020-06-09,20232.818359375,23203.65234375,23203.65234375,23203.65234375,23203.65234375,0
2020-06-10,20274.36328125,23251.298828125,23346.591796875,23060.71484375,23346.591796875,2744274
2020-06-11,19111.080078125,21917.20703125,23251.298828125,21917.20703125,23251.298828125,8978824
2020-06-12,19526.54296875,22393.66796875,22393.66796875,21440.74609375,21440.74609375,6601694
2020-06-15,19111.080078125,21917.20703125,22870.12890625,21869.5625,22870.12890625,2534310
2020-06-16,19360.35546875,22203.083984375,22298.376953125,22060.146484375,22203.083984375,2310220
2020-06-17,19256.494140625,22083.96875,22274.552734375,22036.322265625,22250.73046875,1655182
2020-06-18,19360.35546875,22203.083984375,22250.73046875,21988.677734375,22060.146484375,1727276
2020-06-19,19526.54296875,22393.66796875,22393.66796875,22203.083984375,22203.083984375,1564598
2020-06-22,19526.54296875,22393.66796875,22393.66796875,22322.19921875,22393.66796875,1652139
2020-06-23,19755.041015625,22655.72265625,23060.71484375,22274.552734375,22369.845703125,3554813
2020-06-24,19609.634765625,22488.9609375,22846.306640625,22417.4921875,22822.484375,1273976
2020-06-25,19443.44921875,22298.376953125,22441.314453125,22203.083984375,22226.908203125,1533829
2020-06-26,19464.22265625,22322.19921875,22465.138671875,22250.73046875,22298.376953125,1265329
2020-06-29,19131.857421875,21941.03125,22203.083984375,21845.73828125,22203.083984375,2689034
2020-06-30,18965.673828125,21750.447265625,22107.79296875,21631.33203125,21988.677734375,3345939
2020-07-01,19194.169921875,22012.5,22060.146484375,21821.916015625,21917.20703125,1818952
2020-07-02,19173.404296875,21988.677734375,22060.146484375,21893.384765625,22060.146484375,1131593
2020-07-03,19214.947265625,22036.322265625,22155.4375,21964.853515625,22155.4375,1111864
2020-07-06,19443.44921875,22298.376953125,22369.845703125,22060.146484375,22155.4375,2287511
2020-07-07,19713.49609375,22608.076171875,22822.484375,22393.66796875,22393.66796875,5748948
2020-07-08,19817.361328125,22727.19140625,22822.484375,22536.607421875,22536.607421875,3090724
2020-07-09,20087.408203125,23036.890625,23060.71484375,22774.837890625,22822.484375,4824948
2020-07-10,20087.408203125,23036.890625,23036.890625,23036.890625,23036.890625,0
2020-07-13,20212.048828125,23179.830078125,23322.767578125,22751.013671875,22870.12890625,5588053
2020-07-14,20170.501953125,23132.18359375,23275.12109375,23013.068359375,23013.068359375,3252186
2020-07-15,20170.501953125,23132.18359375,23132.18359375,23132.18359375,23132.18359375,0
2020-07-16,20191.275390625,23156.005859375,23227.4765625,23060.71484375,23132.18359375,2225848
2020-07-17,19983.546875,22917.775390625,23108.359375,22917.775390625,23108.359375,2755944
2020-07-20,19692.7265625,22584.25390625,22965.421875,22560.4296875,22917.775390625,4301883
2020-07-21,19858.91015625,22774.837890625,22846.306640625,22512.783203125,22631.8984375,1973361
2020-07-22,19692.7265625,22584.25390625,22870.12890625,22536.607421875,22870.12890625,1716593
2020-07-23,19838.1328125,22751.013671875,22751.013671875,22441.314453125,22584.25390625,1928027
2020-07-24,19069.537109375,21869.5625,22655.72265625,21631.33203125,22584.25390625,6654353
2020-07-27,18155.52734375,20821.34765625,21869.5625,20773.701171875,21440.74609375,6872230
2020-07-28,18986.4453125,21774.26953125,21821.916015625,21035.75390625,21154.869140625,4100041
2020-07-29,18508.666015625,21226.33984375,21393.1015625,20868.994140625,21154.869140625,3261966
2020-07-30,18757.9453125,21512.216796875,21512.216796875,21250.162109375,21250.162109375,1284973
2020-07-31,18487.896484375,21202.515625,21536.0390625,20964.28515625,20964.28515625,2321805
2020-08-03,19069.537109375,21869.5625,21869.5625,21202.515625,21202.515625,2921959
2020-08-04,19339.5859375,22179.26171875,22298.376953125,22012.5,22155.4375,2206497
2020-08-05,19526.54296875,22393.66796875,22465.138671875,22036.322265625,22155.4375,2788307
2020-08-06,19443.44921875,22298.376953125,22512.783203125,22250.73046875,22393.66796875,2421310
2020-08-07,19568.0859375,22441.314453125,22774.837890625,22298.376953125,22298.376953125,2694218
2020-08-10,19609.634765625,22488.9609375,22774.837890625,22441.314453125,22560.4296875,2435393
2020-08-11,19526.54296875,22393.66796875,22608.076171875,22393.66796875,22608.076171875,2538906
2020-08-12,19734.26953125,22631.8984375,22631.8984375,22346.0234375,22441.314453125,2588312
2020-08-13,19921.224609375,22846.306640625,22846.306640625,22631.8984375,22727.19140625,3587071
2020-08-14,19858.91015625,22774.837890625,22965.421875,22608.076171875,22917.775390625,3428968
2020-08-17,19943.775390625,22393.66796875,22393.66796875,22155.4375,22346.0234375,2201271
2020-08-18,19880.125,22322.19921875,22465.138671875,22298.376953125,22393.66796875,1312174
2020-08-19,19880.125,22322.19921875,22417.4921875,22226.908203125,22346.0234375,1841052
2020-08-20,19964.994140625,22417.4921875,22608.076171875,22322.19921875,22346.0234375,3829127
2020-08-21,20113.509765625,22584.25390625,22631.8984375,22488.9609375,22512.783203125,2644938
2020-08-24,20559.064453125,23084.537109375,23156.005859375,22798.66015625,22846.306640625,7430219
2020-08-25,20728.794921875,23275.12109375,23322.767578125,23132.18359375,23156.005859375,6935866
2020-08-26,20537.845703125,23060.71484375,23275.12109375,22965.421875,23251.298828125,2789294
2020-08-27,21153.130859375,23751.58203125,23870.697265625,22989.244140625,22989.244140625,7818036
2020-08-28,21174.34765625,23775.40625,24347.158203125,23775.40625,23918.34375,8414916
2020-08-31,21004.6171875,23584.822265625,23965.990234375,23513.3515625,23775.40625,4073029
2020-09-01,21174.34765625,23775.40625,24061.283203125,23513.3515625,23584.822265625,3688465
2020-09-02,21174.34765625,23775.40625,23775.40625,23775.40625,23775.40625,0
2020-09-03,21386.517578125,24013.63671875,24061.283203125,23775.40625,24013.63671875,4788450
2020-09-04,21216.78515625,23823.052734375,23823.052734375,23584.822265625,23584.822265625,3229036
2020-09-07,20580.275390625,23108.359375,23823.052734375,23108.359375,23799.228515625,4766328
2020-09-08,21004.6171875,23584.822265625,23584.822265625,23108.359375,23227.4765625,3418684
2020-09-09,20877.3125,23441.8828125,23584.822265625,23156.005859375,23179.830078125,3128944
2020-09-10,20877.3125,23441.8828125,23727.759765625,23394.236328125,23584.822265625,2111295
2020-09-11,20877.3125,23441.8828125,23441.8828125,23441.8828125,23441.8828125,0
2020-09-14,20919.744140625,23489.529296875,23584.822265625,23394.236328125,23465.70703125,2366195
2020-09-15,21216.78515625,23823.052734375,23823.052734375,23489.529296875,23584.822265625,4001859
2020-09-16,21428.94921875,24061.283203125,24204.220703125,23823.052734375,23823.052734375,4025785
2020-09-17,21216.78515625,23823.052734375,24061.283203125,23775.40625,23965.990234375,3280457
2020-09-18,21725.984375,24394.8046875,24490.09765625,23823.052734375,23870.697265625,6940168
2020-09-21,21725.984375,24394.8046875,24633.03515625,24394.8046875,24442.451171875,3211700
2020-09-22,21768.41796875,24442.451171875,24442.451171875,24108.927734375,24204.220703125,3422252
2020-09-23,21683.55078125,24347.158203125,24537.744140625,24204.220703125,24442.451171875,3772984
2020-09-24,21428.94921875,24061.283203125,24299.513671875,23918.34375,24156.57421875,3627536
2020-09-25,21556.248046875,24204.220703125,24204.220703125,23823.052734375,24156.57421875,2530217
2020-09-28,21683.55078125,24347.158203125,24442.451171875,24108.927734375,24251.8671875,2754265
2020-09-29,21301.6484375,23918.34375,24490.09765625,23918.34375,24490.09765625,3988762
2020-09-30,21216.78515625,23823.052734375,24013.63671875,23703.9375,23918.34375,5247669
2020-10-01,21556.248046875,24204.220703125,24204.220703125,23918.34375,23918.34375,1900491
2020-10-02,21344.08203125,23965.990234375,24347.158203125,23346.591796875,24204.220703125,4088351
2020-10-05,21428.94921875,24061.283203125,24204.220703125,23775.40625,24013.63671875,3144769
2020-10-06,21428.94921875,24061.283203125,24251.8671875,23965.990234375,24204.220703125,3190796
2020-10-07,21386.517578125,24013.63671875,24156.57421875,23918.34375,23918.34375,3135009
2020-10-08,21683.55078125,24347.158203125,24537.744140625,23965.990234375,24061.283203125,6427996
2020-10-09,21556.248046875,24204.220703125,24394.8046875,24204.220703125,24299.513671875,2462950
2020-10-12,21598.685546875,24251.8671875,24490.09765625,24108.927734375,24251.8671875,3254578
2020-10-13,21513.81640625,24156.57421875,24299.513671875,24061.283203125,24251.8671875,2565162
2020-10-14,21641.119140625,24299.513671875,24490.09765625,24013.63671875,24204.220703125,5057622
2020-10-15,21725.984375,24394.8046875,24490.09765625,24156.57421875,24394.8046875,4040980
2020-10-16,22574.65625,25347.7265625,25681.25,24251.8671875,24394.8046875,12109153
2020-10-19,22617.08984375,25395.373046875,25633.603515625,25252.435546875,25538.3125,4897924
2020-10-20,22574.65625,25347.7265625,25395.373046875,25014.205078125,25300.08203125,3958686
2020-10-21,22404.921875,25157.142578125,25967.126953125,25157.142578125,25347.7265625,6936579
2020-10-22,22914.125,25728.896484375,25728.896484375,25061.8515625,25157.142578125,4924935
2020-10-23,22871.689453125,25681.25,25967.126953125,25490.666015625,25824.1875,5554095
2020-10-26,22404.921875,25157.142578125,25967.126953125,25157.142578125,25681.25,8085676
2020-10-27,22107.8828125,24823.619140625,25347.7265625,24823.619140625,25204.7890625,6692698
2020-10-28,21513.81640625,24156.57421875,24966.55859375,24156.57421875,24775.974609375,7547794
2020-10-29,21598.685546875,24251.8671875,24442.451171875,23918.34375,24013.63671875,5708105
2020-10-30,21853.287109375,24537.744140625,24537.744140625,24061.283203125,24490.09765625,3085184
2020-11-02,21938.15234375,24633.03515625,24633.03515625,24394.8046875,24537.744140625,1817798
2020-11-03,22404.921875,25157.142578125,25204.7890625,24633.03515625,24728.328125,5379012
2020-11-04,22489.791015625,25252.435546875,25395.373046875,25014.205078125,25252.435546875,2874715
2020-11-05,22065.453125,24775.974609375,25443.01953125,24775.974609375,25109.49609375,2740748
2020-11-06,22235.1875,24966.55859375,25157.142578125,24823.619140625,24966.55859375,2072068
2020-11-09,22659.5234375,25443.01953125,25443.01953125,25109.49609375,25157.142578125,4222066
2020-11-10,22489.791015625,25252.435546875,25728.896484375,25252.435546875,25728.896484375,3650539
2020-11-11,22489.791015625,25252.435546875,25443.01953125,25109.49609375,25443.01953125,3501293
2020-11-12,22701.955078125,25490.666015625,25490.666015625,25204.7890625,25252.435546875,2591061
2020-11-13,22829.2578125,25633.603515625,25633.603515625,25490.666015625,25633.603515625,2766585
2020-11-16,22617.08984375,25395.373046875,25919.48046875,25252.435546875,25728.896484375,7794320
2020-11-17,22914.125,25728.896484375,25776.54296875,25252.435546875,25538.3125,5279613
2020-11-18,22914.125,25728.896484375,25871.833984375,25585.95703125,25871.833984375,3687940
2020-11-19,23380.892578125,26253.00390625,26681.818359375,25728.896484375,25871.833984375,10452963
2020-11-20,23423.328125,26300.6484375,26634.171875,26205.357421875,26253.00390625,3856264
2020-11-23,23720.361328125,26634.171875,26777.109375,26014.7734375,26300.6484375,5928375
2020-11-24,23593.064453125,26491.234375,26920.048828125,26205.357421875,26634.171875,6304691
2020-11-25,23423.328125,26300.6484375,26824.755859375,26300.6484375,26824.755859375,3852634
2020-11-26,23635.4921875,26538.87890625,26681.818359375,26110.064453125,26443.587890625,3431823
2020-11-27,23847.662109375,26777.109375,26777.109375,26491.234375,26634.171875,4169113
2020-11-30,23508.193359375,26395.94140625,27015.341796875,26395.94140625,27015.341796875,5796276
2020-12-01,23423.328125,26300.6484375,26395.94140625,26110.064453125,26205.357421875,7193389
2020-12-02,23593.064453125,26491.234375,26538.87890625,26205.357421875,26205.357421875,4424705
2020-12-03,23593.064453125,26491.234375,26538.87890625,26253.00390625,26443.587890625,3416816
2020-12-04,23635.4921875,26538.87890625,26634.171875,26395.94140625,26395.94140625,2898285
2020-12-07,23635.4921875,26538.87890625,26681.818359375,26443.587890625,26634.171875,3054142
2020-12-08,23847.662109375,26777.109375,26967.6953125,26443.587890625,26538.87890625,4821191
2020-12-09,24399.298828125,27396.509765625,27539.447265625,26777.109375,26824.755859375,6300242
2020-12-10,23974.966796875,26920.048828125,27491.802734375,26920.048828125,27158.279296875,4433709
2020-12-11,24187.130859375,27158.279296875,27158.279296875,26824.755859375,26967.6953125,3673479
2020-12-14,24272.0,27253.572265625,27634.740234375,27110.6328125,27158.279296875,3030174
2020-12-15,24059.830078125,27015.341796875,27444.15625,26967.6953125,27396.509765625,5597309
2020-12-16,24229.568359375,27205.92578125,27396.509765625,27158.279296875,27253.572265625,4188233
2020-12-17,23974.966796875,26920.048828125,27205.92578125,26681.818359375,27110.6328125,7544163
2020-12-18,24144.69921875,27110.6328125,27205.92578125,26920.048828125,26920.048828125,3217094
2020-12-21,24399.298828125,27396.509765625,27539.447265625,27205.92578125,27301.216796875,4842767
2020-12-22,24653.900390625,27682.38671875,27872.970703125,27205.92578125,27348.86328125,5407346
2020-12-23,24399.298828125,27396.509765625,27920.6171875,27253.572265625,27777.677734375,2920322
2020-12-24,24187.130859375,27158.279296875,27539.447265625,26872.40234375,27396.509765625,5008195
2020-12-25,24441.734375,27444.15625,27444.15625,26967.6953125,27158.279296875,3410793
2020-12-28,24569.03125,27587.09375,27920.6171875,27396.509765625,27587.09375,4611268
2020-12-29,24866.06640625,27920.6171875,28015.908203125,27444.15625,27587.09375,4560603
2020-12-30,24653.900390625,27682.38671875,28063.5546875,27682.38671875,28063.5546875,2527342
2020-12-31,25078.23828125,28158.84765625,28206.494140625,27634.740234375,27682.38671875,4273948
2021-01-01,25078.23828125,28158.84765625,28158.84765625,28158.84765625,28158.84765625,0
2021-01-04,25545.00390625,28682.955078125,28682.955078125,28254.138671875,28397.078125,451516
2021-01-05,26605.84375,29874.107421875,30255.275390625,28492.369140625,28587.662109375,489483
2021-01-06,26478.544921875,29731.16796875,30302.921875,29683.5234375,30064.69140625,376945
2021-01-07,26520.978515625,29778.814453125,29969.3984375,29492.9375,29826.4609375,451285
2021-01-08,26860.44921875,30159.984375,30350.568359375,29826.4609375,30017.044921875,570959
2021-01-11,27454.515625,30827.029296875,30827.029296875,30159.984375,30445.859375,414052
2021-01-12,27921.287109375,31351.13671875,31446.427734375,30493.505859375,30969.966796875,511101
2021-01-13,28218.318359375,31684.658203125,32113.474609375,31398.783203125,31398.783203125,548208
2021-01-14,28175.88671875,31637.013671875,31922.888671875,31303.490234375,31684.658203125,373063
2021-01-15,28260.75390625,31732.3046875,31922.888671875,31637.013671875,31922.888671875,323300
2021-01-18,28133.453125,31589.3671875,31922.888671875,31541.720703125,31922.888671875,253745
2021-01-19,26308.80859375,29540.583984375,31494.07421875,29397.646484375,31446.427734375,735757
2021-01-20,26860.44921875,30159.984375,30350.568359375,28682.955078125,29874.107421875,768961
2021-01-21,27836.41796875,31255.84375,31351.13671875,30159.984375,30731.736328125,485475
2021-01-22,28388.0546875,31875.244140625,32161.119140625,31160.552734375,31303.490234375,438713
2021-01-25,28430.48828125,31922.888671875,32494.642578125,31541.720703125,31827.59765625,653127
2021-01-26,28006.15234375,31446.427734375,32161.119140625,31208.197265625,32161.119140625,545165
2021-01-27,26733.14453125,30017.044921875,31494.07421875,29969.3984375,31303.490234375,467362
2021-01-28,24866.06640625,27920.6171875,29683.5234375,27920.6171875,28587.662109375,1068796
2021-01-29,26605.84375,29874.107421875,29874.107421875,28111.201171875,28111.201171875,674115
2021-02-01,26945.310546875,30255.275390625,31160.552734375,29683.5234375,30684.091796875,423413
2021-02-02,28006.15234375,31446.427734375,31446.427734375,30017.044921875,30064.69140625,685176
2021-02-03,29703.49609375,33352.2734375,33638.1484375,31494.07421875,32161.119140625,875937
2021-02-04,30764.333984375,34543.42578125,34876.94921875,33447.56640625,33447.56640625,923202
2021-02-05,30934.0625,34734.0078125,34972.23828125,34209.90234375,34781.65625,437580
2021-02-08,30255.130859375,33971.671875,34734.0078125,33161.6875,34734.0078125,846994
2021-02-09,30255.130859375,33971.671875,33971.671875,33971.671875,33971.671875,0
2021-02-10,30255.130859375,33971.671875,33971.671875,33971.671875,33971.671875,0
2021-02-11,30255.130859375,33971.671875,33971.671875,33971.671875,33971.671875,0
2021-02-12,30255.130859375,33971.671875,33971.671875,33971.671875,33971.671875,0
2021-02-15,30255.130859375,33971.671875,33971.671875,33971.671875,33971.671875,0
2021-02-16,30255.130859375,33971.671875,33971.671875,33971.671875,33971.671875,0
2021-02-17,33055.74609375,37116.31640625,37640.421875,36163.39453125,36353.9765625,658836
2021-02-18,33183.05078125,37259.25390625,37306.8984375,36496.9140625,37163.9609375,470783
2021-02-19,32504.111328125,36496.9140625,37163.9609375,36211.0390625,36830.4375,781323
2021-02-22,32588.97265625,36592.20703125,36925.73046875,36258.68359375,36496.9140625,486776
2021-02-23,32037.341796875,35972.80859375,36687.5,35543.9921875,36353.9765625,707193
2021-02-24,32037.341796875,35972.80859375,35972.80859375,35972.80859375,35972.80859375,0
2021-02-25,32334.37890625,36306.33203125,36353.9765625,35496.34765625,36258.68359375,404545
2021-02-26,32334.37890625,36306.33203125,36401.625,35686.93359375,35734.578125,406329
2021-03-01,33055.74609375,37116.31640625,37163.9609375,36592.20703125,36592.20703125,436153
2021-03-02,33055.74609375,37116.31640625,37592.77734375,36639.85546875,37592.77734375,382339
2021-03-03,32970.87890625,37021.0234375,37211.60546875,36878.0859375,37163.9609375,335683
2021-03-04,32207.078125,36163.39453125,37068.66796875,35782.22265625,37021.0234375,608968
2021-03-05,32207.078125,36163.39453125,36211.0390625,35496.34765625,35972.80859375,526275
2021-03-08,32164.638671875,36115.74609375,36449.26953125,35925.1640625,36211.0390625,347688
2021-03-09,31825.173828125,35734.578125,36068.1015625,35496.34765625,35734.578125,458043
2021-03-10,32376.80859375,36353.9765625,36925.73046875,35734.578125,36163.39453125,546193
2021-03-11,32546.548828125,36544.5625,36735.14453125,36258.68359375,36449.26953125,310161
2021-03-12,32461.669921875,36449.26953125,36735.14453125,36353.9765625,36687.5,432942
2021-03-15,32461.669921875,36449.26953125,36925.73046875,36258.68359375,36496.9140625,369579
2021-03-16,34371.18359375,38593.34375,38831.57421875,36496.9140625,36687.5,1072700
2021-03-17,34286.31640625,38498.05078125,38831.57421875,38116.8828125,38831.57421875,336480
2021-03-18,34371.18359375,38593.34375,38593.34375,38116.8828125,38593.34375,379359
2021-03-19,33861.984375,38021.58984375,38355.11328125,37831.0078125,38116.8828125,471769
2021-03-22,33395.21875,37497.484375,37926.296875,37306.8984375,37878.65234375,437559
2021-03-23,33437.6484375,37545.12890625,38116.8828125,37306.8984375,37402.19140625,462094
2021-03-24,32673.83984375,36687.5,37592.77734375,36449.26953125,37116.31640625,520525
2021-03-25,32504.111328125,36496.9140625,36925.73046875,36449.26953125,36925.73046875,483859
2021-03-26,32291.939453125,36258.68359375,36592.20703125,35496.34765625,36306.33203125,560927
2021-03-29,32928.43359375,36973.375,37211.60546875,36258.68359375,36449.26953125,419278
2021-03-30,32716.27734375,36735.14453125,37163.9609375,36687.5,37116.31640625,317444
2021-03-31,32970.87890625,37021.0234375,37211.60546875,36496.9140625,36735.14453125,288250
2021-04-01,33819.546875,37973.9453125,37973.9453125,37116.31640625,37116.31640625,524890
2021-04-02,33861.984375,38021.58984375,38355.11328125,38021.58984375,38307.46875,409309
2021-04-05,33777.1171875,37926.296875,38355.11328125,37592.77734375,38307.46875,312092
2021-04-06,33692.25390625,37831.0078125,38116.8828125,37688.06640625,37688.06640625,316038
2021-04-07,33777.1171875,37926.296875,37973.9453125,37688.06640625,37735.71484375,315618
2021-04-08,33777.1171875,37926.296875,38402.7578125,37878.65234375,38212.17578125,337866
2021-04-09,34837.95703125,39117.453125,39546.265625,38069.23828125,38069.23828125,833310
2021-04-12,34837.95703125,39117.453125,39260.390625,38831.57421875,39260.390625,424483
2021-04-13,34243.890625,38450.40625,39165.09765625,38355.11328125,39069.8046875,427757
2021-04-14,34371.18359375,38593.34375,38593.34375,37878.65234375,38116.8828125,531124
2021-04-15,33946.8515625,38116.8828125,38783.9296875,38021.58984375,38593.34375,439952
2021-04-16,33819.546875,37973.9453125,38688.63671875,37545.12890625,38021.58984375,460604
2021-04-19,34583.3515625,38831.57421875,38831.57421875,37878.65234375,38116.8828125,499684
2021-04-20,35177.421875,39498.62109375,40451.54296875,38879.21875,38974.51171875,995422
2021-04-21,35177.421875,39498.62109375,39498.62109375,39498.62109375,39498.62109375,0
2021-04-22,33946.8515625,38116.8828125,39975.08203125,38116.8828125,39069.8046875,476681
2021-04-23,35219.859375,39546.265625,39546.265625,37973.9453125,38116.8828125,664566
2021-04-26,34371.18359375,38593.34375,39450.97265625,38355.11328125,39308.03515625,535468
2021-04-27,34243.890625,38450.40625,38783.9296875,38164.52734375,38307.46875,270137
2021-04-28,34286.31640625,38498.05078125,38736.28125,38164.52734375,38164.52734375,286844
2021-04-29,34328.75,38545.69921875,38974.51171875,38498.05078125,38498.05078125,439805
2021-04-30,34328.75,38545.69921875,38545.69921875,38545.69921875,38545.69921875,0
2021-05-03,34328.75,38545.69921875,38545.69921875,38545.69921875,38545.69921875,0
2021-05-04,35177.421875,39498.62109375,39784.49609375,38116.8828125,38116.8828125,495759
2021-05-05,35177.421875,39498.62109375,40260.95703125,39403.328125,40260.95703125,487196
2021-05-06,35092.55859375,39403.328125,39784.49609375,39165.09765625,39546.265625,413255
2021-05-07,35219.859375,39546.265625,40022.7265625,39212.7421875,39403.328125,567916
2021-05-10,36407.9921875,40880.35546875,40975.6484375,39546.265625,39593.9140625,945365
2021-05-11,36153.39453125,40594.48046875,41261.52734375,40594.48046875,40975.6484375,436279
2021-05-12,36238.265625,40689.7734375,40689.7734375,40165.6640625,40499.1875,387125
2021-05-13,35644.1953125,40022.7265625,40689.7734375,40022.7265625,40499.1875,536937
2021-05-14,35983.66015625,40403.89453125,41070.94140625,40070.375,40165.6640625,390105
2021-05-17,36365.56640625,40832.7109375,41261.52734375,40594.48046875,40880.35546875,366136
2021-05-18,36917.19921875,41452.109375,41642.6953125,41070.94140625,41166.234375,447780
2021-05-19,38529.6796875,43262.6640625,43405.6015625,41356.81640625,41690.33984375,603680
2021-05-20,40524.0546875,45502.02734375,45502.02734375,43072.078125,43262.6640625,739598
2021-05-21,39802.67578125,44692.046875,46026.13671875,44310.875,44930.27734375,676382
2021-05-24,39675.375,44549.10546875,44739.69140625,43882.0625,44692.046875,560276
2021-05-25,39802.67578125,44692.046875,45359.08984375,44215.5859375,44549.10546875,452565
2021-05-26,40439.19140625,45406.73828125,45502.02734375,44644.3984375,44882.62890625,418250
2021-05-27,39802.67578125,44692.046875,45454.3828125,44549.10546875,45406.73828125,366409
2021-05-28,40227.01953125,45168.5078125,45263.796875,44644.3984375,44787.3359375,393379
2021-05-31,41542.453125,46645.53515625,46693.18359375,45120.859375,45502.02734375,679530
2021-06-01,42942.21484375,47724.71875,48491.8203125,47669.92578125,48163.0625,637854
2021-06-02,42153.37890625,46848.03125,47943.890625,46574.06640625,47724.71875,557352
2021-06-03,42005.47265625,46683.65234375,46793.23828125,46190.515625,46574.06640625,582336
2021-06-04,41758.9609375,46409.6875,46628.859375,45916.55078125,46574.06640625,697278
2021-06-07,40772.91796875,45313.828125,46409.6875,44382.34375,46354.89453125,6773125
2021-06-08,40772.91796875,45313.828125,45313.828125,45313.828125,45313.828125,0
2021-06-09,40279.890625,44765.8984375,44985.0703125,43286.484375,44163.171875,6526561
2021-06-10,40378.5,44875.484375,45204.2421875,44382.34375,44765.8984375,4042303
2021-06-11,41167.33203125,45752.171875,45971.34375,44546.7265625,44656.3125,4306387
2021-06-14,41315.23828125,45916.55078125,46354.89453125,45478.20703125,45752.171875,4649497
2021-06-15,41019.4296875,45587.79296875,46300.1015625,45587.79296875,45916.55078125,3246216
2021-06-16,40970.12890625,45533.0,46354.89453125,45313.828125,45587.79296875,4493273
2021-06-17,40723.6171875,45259.03515625,45533.0,44985.0703125,44985.0703125,4081541
2021-06-18,41315.23828125,45916.55078125,46135.72265625,45313.828125,45533.0,3069186
2021-06-21,42202.68359375,46902.82421875,47286.375,45587.79296875,45806.96484375,7078091
2021-06-22,42104.08203125,46793.23828125,47450.75390625,46793.23828125,47176.7890625,3212635
2021-06-23,41857.55859375,46519.2734375,46902.82421875,46080.9296875,46738.4453125,2919897
2021-06-24,41758.9609375,46409.6875,46519.2734375,45971.34375,46190.515625,3025567
2021-06-25,42005.47265625,46683.65234375,46793.23828125,46135.72265625,46409.6875,2743780
2021-06-28,42251.98046875,46957.6171875,47176.7890625,46793.23828125,47176.7890625,3392402
2021-06-29,43681.7421875,48546.61328125,48765.7890625,47286.375,47450.75390625,8938729
2021-06-30,43385.93359375,48217.85546875,48820.58203125,48217.85546875,48765.7890625,3013340
2021-07-01,43829.65234375,48710.99609375,48710.99609375,48217.85546875,48272.6484375,3102767
2021-07-02,45308.7109375,50354.78515625,50683.54296875,48710.99609375,48930.16796875,7069331
2021-07-05,45308.7109375,50354.78515625,50354.78515625,50354.78515625,50354.78515625,0
2021-07-06,45308.7109375,50354.78515625,50354.78515625,50354.78515625,50354.78515625,0
2021-07-07,45308.7109375,50354.78515625,50354.78515625,50354.78515625,50354.78515625,0
2021-07-08,45308.7109375,50354.78515625,50354.78515625,50354.78515625,50354.78515625,0
2021-07-09,44224.07421875,49149.33984375,50409.578125,48656.203125,49094.546875,5378422
2021-07-12,44224.07421875,49149.33984375,49149.33984375,49149.33984375,49149.33984375,0
2021-07-13,42892.91015625,47669.92578125,47834.3046875,46574.06640625,47615.1328125,4028615
2021-07-14,42892.91015625,47669.92578125,47669.92578125,47669.92578125,47669.92578125,0
2021-07-15,42104.08203125,46793.23828125,47450.75390625,46409.6875,46409.6875,4954280
2021-07-16,42104.08203125,46793.23828125,46793.23828125,46793.23828125,46793.23828125,0
2021-07-19,41758.9609375,46409.6875,47341.16796875,46300.1015625,46683.65234375,6002224
2021-07-20,42794.3046875,47560.33984375,47560.33984375,45971.34375,46464.48046875,4660630
2021-07-21,42695.6953125,47450.75390625,48163.0625,47176.7890625,47560.33984375,6148958
2021-07-22,44076.16015625,48984.9609375,49094.546875,47231.58203125,47231.58203125,8113442
2021-07-23,44618.48828125,49587.68359375,50902.71484375,48601.40625,48984.9609375,12329490
2021-07-26,46196.15625,51341.05859375,51450.64453125,49423.3046875,49478.09765625,10536196
2021-07-27,45949.64453125,51067.09375,51998.57421875,50683.54296875,51724.609375,9138025
2021-07-28,45358.015625,50409.578125,51341.05859375,50245.19921875,50847.921875,6107894
2021-07-29,46048.2578125,51176.6796875,51450.64453125,50245.19921875,50409.578125,6776228
2021-07-30,46344.0625,51505.4375,51943.78125,50847.921875,51231.47265625,8259993
2021-08-02,47132.89453125,52382.125,52930.05859375,51505.4375,51505.4375,7803731
2021-08-03,47231.5078125,52491.7109375,52601.296875,51888.98828125,52491.7109375,6583320
2021-08-04,47231.5078125,52491.7109375,52491.7109375,52491.7109375,52491.7109375,0
2021-08-05,47625.921875,52930.05859375,53149.23046875,51998.57421875,52162.953125,4536344
2021-08-06,47625.921875,52930.05859375,53258.81640625,52491.7109375,53039.64453125,6230538
2021-08-09,48069.64453125,53423.1953125,53532.78125,52546.50390625,53149.23046875,5355609
2021-08-10,48069.64453125,53423.1953125,53423.1953125,53423.1953125,53423.1953125,0
2021-08-11,47379.4140625,52656.08984375,53587.57421875,52656.08984375,53532.78125,8912084
2021-08-12,46245.45703125,51395.8515625,52601.296875,51176.6796875,52491.7109375,15329324
2021-08-13,46837.08203125,52053.3671875,52053.3671875,50957.5078125,51012.30078125,6604308
2021-08-16,47136.046875,51834.1953125,52162.953125,51724.609375,52053.3671875,3480005
2021-08-17,47136.046875,51834.1953125,51834.1953125,51834.1953125,51834.1953125,0
2021-08-18,46837.0859375,51505.4375,51998.57421875,51395.8515625,51395.8515625,3560672
2021-08-19,47086.21875,51779.40234375,52053.3671875,51395.8515625,52053.3671875,4967056
2021-08-20,46239.16796875,50847.921875,51888.98828125,49916.44140625,51779.40234375,7937689
2021-08-23,45342.28125,49861.6484375,50683.54296875,49861.6484375,50683.54296875,6271966
2021-08-24,45790.71875,50354.78515625,50409.578125,49258.92578125,50135.61328125,5623891
2021-08-25,45790.71875,50354.78515625,50628.75,49861.6484375,50628.75,2452867
2021-08-26,45541.5859375,50080.8203125,50902.71484375,49971.234375,50409.578125,3209715
2021-08-27,45840.546875,50409.578125,50409.578125,49642.4765625,49861.6484375,3460659
2021-08-30,45940.203125,50519.1640625,50957.5078125,50464.37109375,50957.5078125,2728084
2021-08-31,46039.859375,50628.75,51067.09375,50409.578125,50573.95703125,3563410
2021-09-01,46039.859375,50628.75,50957.5078125,50464.37109375,50464.37109375,2469840
2021-09-02,46039.859375,50628.75,50628.75,50628.75,50628.75,0
2021-09-03,46039.859375,50628.75,50628.75,50628.75,50628.75,0
2021-09-06,47285.5234375,51998.57421875,51998.57421875,50573.95703125,50628.75,5702551
2021-09-07,46587.953125,51231.47265625,52217.74609375,51231.47265625,52217.74609375,4180459
2021-09-08,46587.953125,51231.47265625,51231.47265625,51231.47265625,51231.47265625,0
2021-09-09,46438.46875,51067.09375,51450.64453125,50847.921875,51012.30078125,2543572
2021-09-10,46587.953125,51231.47265625,51724.609375,51176.6796875,51176.6796875,2628254
2021-09-13,46338.8203125,50957.5078125,51505.4375,50902.71484375,51286.265625,2920080
2021-09-14,46737.42578125,51395.8515625,51888.98828125,50957.5078125,51121.88671875,4604966
2021-09-15,46886.9140625,51560.23046875,51724.609375,51121.88671875,51395.8515625,3084517
2021-09-16,47185.875,51888.98828125,52053.3671875,51615.0234375,51724.609375,3512673
2021-09-17,47684.13671875,52436.91796875,53149.23046875,52272.5390625,52327.33203125,6069568
2021-09-20,47036.39453125,51724.609375,52710.8828125,51560.23046875,52601.296875,4610258
2021-09-21,47036.39453125,51724.609375,51724.609375,51724.609375,51724.609375,0
2021-09-22,47036.39453125,51724.609375,51724.609375,51724.609375,51724.609375,0
2021-09-23,46388.6484375,51012.30078125,51395.8515625,50957.5078125,51067.09375,2544484
2021-09-24,46189.3359375,50793.12890625,51067.09375,50793.12890625,51067.09375,264449745
2021-09-27,45890.37890625,50464.37109375,51231.47265625,50464.37109375,50902.71484375,2821709
2021-09-28,46338.8203125,50957.5078125,50957.5078125,50135.61328125,50245.19921875,2543207
2021-09-29,46438.46875,51067.09375,51176.6796875,50573.95703125,50957.5078125,2148813
2021-09-30,46338.8203125,50957.5078125,51450.64453125,50957.5078125,51231.47265625,1819392
2021-10-01,46288.9921875,50902.71484375,51012.30078125,50683.54296875,50902.71484375,1926157
2021-10-04,47136.046875,51834.1953125,52162.953125,50628.75,50957.5078125,415709889
2021-10-05,47036.39453125,51724.609375,52601.296875,51724.609375,52053.3671875,2541929
2021-10-06,47036.39453125,51724.609375,51724.609375,51724.609375,51724.609375,0
2021-10-07,46986.55859375,51669.81640625,52053.3671875,51560.23046875,51998.57421875,2732099
2021-10-08,46986.55859375,51669.81640625,51669.81640625,51669.81640625,51669.81640625,0
2021-10-11,46986.55859375,51669.81640625,51669.81640625,51669.81640625,51669.81640625,0
2021-10-12,49328.4296875,54245.08984375,54354.67578125,53971.125,54354.67578125,2053728
2021-10-13,49527.7265625,54464.26171875,55614.9140625,53971.125,54245.08984375,5899474
2021-10-14,49527.7265625,54464.26171875,54464.26171875,54464.26171875,54464.26171875,0
2021-10-15,49278.59375,54190.296875,54847.8125,53916.33203125,54464.26171875,3107147
2021-10-18,49278.59375,54190.296875,54190.296875,54190.296875,54190.296875,0
2021-10-19,49129.109375,54025.91796875,54519.0546875,54025.91796875,54245.08984375,2800174
2021-10-20,48630.84765625,53477.98828125,54519.0546875,52930.05859375,54080.7109375,4103807
2021-10-21,48182.40625,52984.8515625,53971.125,52984.8515625,53916.33203125,4167684
2021-10-22,47933.26953125,52710.8828125,53368.40234375,52656.08984375,53149.23046875,3692806
2021-10-25,47933.26953125,52710.8828125,52710.8828125,52710.8828125,52710.8828125,0
2021-10-26,47933.26953125,52710.8828125,52710.8828125,52710.8828125,52710.8828125,0
2021-10-27,47933.26953125,52710.8828125,52710.8828125,52710.8828125,52710.8828125,0
2021-10-28,48830.16015625,53697.16015625,53916.33203125,53258.81640625,53806.74609375,3001659
2021-10-29,48282.0546875,53094.4375,53697.16015625,53094.4375,53697.16015625,4348546
2021-11-01,48282.0546875,53094.4375,53094.4375,53094.4375,53094.4375,0
2021-11-02,48331.890625,53149.23046875,52656.08984375,52327.33203125,52327.33203125,3849212
2021-11-03,47883.4453125,52656.08984375,52984.8515625,52162.953125,52710.8828125,4891316
2021-11-04,47833.6171875,52601.296875,53039.64453125,52436.91796875,52656.08984375,3214460
2021-11-05,48630.84765625,53477.98828125,53587.57421875,52601.296875,52710.8828125,3960175
2021-11-08,48531.19140625,53368.40234375,53971.125,53313.609375,53477.98828125,3080501
2021-11-09,48032.9296875,52820.46875,53477.98828125,52601.296875,53423.1953125,3368859
2021-11-10,48331.890625,53149.23046875,53149.23046875,52546.50390625,52820.46875,2906209
2021-11-11,47833.6171875,52601.296875,53697.16015625,52491.7109375,53149.23046875,3873121
2021-11-12,48830.16015625,53697.16015625,53806.74609375,52546.50390625,52710.8828125,4088659
2021-11-15,48481.37109375,53313.609375,53971.125,53313.609375,53971.125,3483837
2021-11-16,48979.63671875,53861.5390625,54519.0546875,53039.64453125,53313.609375,6398990
2021-11-17,48979.63671875,53861.5390625,53916.33203125,53697.16015625,53861.5390625,2164874
2021-11-18,48082.75390625,52875.265625,54080.7109375,52875.265625,53861.5390625,3659225
2021-11-19,47484.83203125,52217.74609375,53587.57421875,52108.16015625,53423.1953125,4528496
2021-11-22,47335.34765625,52053.3671875,52601.296875,52053.3671875,52327.33203125,3048016
2021-11-23,48132.58203125,52930.05859375,52930.05859375,51998.57421875,52053.3671875,2100267
2021-11-24,48780.328125,53642.3671875,53916.33203125,52820.46875,52984.8515625,4463342
2021-11-25,49826.6875,54793.01953125,55779.29296875,53861.5390625,53971.125,10014779
2021-11-26,49278.59375,54190.296875,55231.36328125,54135.50390625,54847.8125,3643164
2021-11-29,48879.9765625,53751.953125,54190.296875,53423.1953125,53423.1953125,3637324
2021-11-30,48381.71875,53204.0234375,53971.125,53149.23046875,53751.953125,4677785
2021-12-01,48929.80859375,53806.74609375,54025.91796875,52984.8515625,53423.1953125,2290255
2021-12-02,48431.5390625,53258.81640625,53861.5390625,53258.81640625,53477.98828125,1739090
2021-12-03,47584.48046875,52327.33203125,53587.57421875,52327.33203125,53587.57421875,3667802
2021-12-06,47086.21875,51779.40234375,52875.265625,51615.0234375,52327.33203125,4368804
2021-12-07,47833.6171875,52601.296875,52601.296875,51779.40234375,52053.3671875,2648147
2021-12-08,47634.3046875,52382.125,52875.265625,52053.3671875,52875.265625,1943313
2021-12-09,48331.890625,53149.23046875,53149.23046875,52108.16015625,52108.16015625,1812457
2021-12-10,47733.96484375,52491.7109375,53149.23046875,52272.5390625,52820.46875,2117058
2021-12-13,47833.6171875,52601.296875,52875.265625,52382.125,52875.265625,1642910
2021-12-14,47684.13671875,52436.91796875,52820.46875,52272.5390625,52601.296875,2088769
2021-12-15,47783.79296875,52546.50390625,52765.67578125,52382.125,52436.91796875,1475370
2021-12-16,47584.48046875,52327.33203125,53423.1953125,52327.33203125,53423.1953125,2272187
2021-12-17,48032.9296875,52820.46875,53149.23046875,52327.33203125,52382.125,2102640
2021-12-20,47733.96484375,52491.7109375,52875.265625,52327.33203125,52875.265625,1861185
2021-12-21,47435.01171875,52162.953125,52546.50390625,52108.16015625,52436.91796875,2030003
2021-12-22,47335.34765625,52053.3671875,52272.5390625,51834.1953125,52053.3671875,3048746
2021-12-23,46438.46875,51067.09375,52053.3671875,50957.5078125,52053.3671875,3522894
2021-12-24,46737.42578125,51395.8515625,51779.40234375,50847.921875,51231.47265625,2165786
2021-12-27,47086.21875,51779.40234375,52053.3671875,51121.88671875,51615.0234375,1448542
2021-12-28,47086.21875,51779.40234375,51998.57421875,51560.23046875,51779.40234375,1035350
2021-12-29,46637.78125,51286.265625,51943.78125,51286.265625,51943.78125,1664810
2021-12-30,46637.78125,51286.265625,51669.81640625,51231.47265625,51341.05859375,1479750
2021-12-31,46338.8203125,50957.5078125,51724.609375,50957.5078125,51395.8515625,2933585
2022-01-03,46338.8203125,50957.5078125,50957.5078125,50957.5078125,50957.5078125,0
2022-01-04,46587.953125,51231.47265625,51615.0234375,51121.88671875,51176.6796875,3531471
2022-01-05,46637.78125,51286.265625,51615.0234375,51231.47265625,51341.05859375,2178744
2022-01-06,46587.953125,51231.47265625,51505.4375,51231.47265625,51286.265625,2176189
2022-01-07,46538.12890625,51176.6796875,51341.05859375,51012.30078125,51012.30078125,1855710
2022-01-10,45840.546875,50409.578125,51231.47265625,50354.78515625,51067.09375,3435474
2022-01-11,44594.8828125,49039.75390625,50519.1640625,48820.58203125,50409.578125,4579597
2022-01-12,44644.7109375,49094.546875,49642.4765625,48491.8203125,48820.58203125,3176864
2022-01-13,45890.37890625,50464.37109375,50793.12890625,49204.1328125,49806.85546875,3306625
2022-01-14,45491.76953125,50026.02734375,50464.37109375,49806.85546875,50245.19921875,1253261
2022-01-17,44345.75390625,48765.7890625,50026.02734375,48765.7890625,49587.68359375,2862408
2022-01-18,43897.3046875,48272.6484375,49094.546875,48217.85546875,48382.234375,2208127
2022-01-19,43996.9609375,48382.234375,48875.375,48217.85546875,48272.6484375,1359479
2022-01-20,44246.09765625,48656.203125,49861.6484375,48382.234375,48437.02734375,2435711
2022-01-21,43947.1328125,48327.44140625,49204.1328125,48327.44140625,48765.7890625,1535232
2022-01-24,42502.1640625,46738.4453125,48491.8203125,46574.06640625,48327.44140625,3694266
2022-01-25,43100.08203125,47395.9609375,47943.890625,46026.13671875,46683.65234375,2176554
2022-01-26,42850.94921875,47121.99609375,47669.92578125,46848.03125,47669.92578125,1667365
2022-01-27,42801.125,47067.203125,47505.546875,46793.23828125,47121.99609375,1313305
2022-01-28,44594.8828125,49039.75390625,49039.75390625,47067.203125,47121.99609375,2833025
2022-01-31,44594.8828125,49039.75390625,49039.75390625,49039.75390625,49039.75390625,0
2022-02-01,44594.8828125,49039.75390625,49039.75390625,49039.75390625,49039.75390625,0
2022-02-02,44594.8828125,49039.75390625,49039.75390625,49039.75390625,49039.75390625,0
2022-02-03,44594.8828125,49039.75390625,49039.75390625,49039.75390625,49039.75390625,0
2022-02-04,44594.8828125,49039.75390625,49039.75390625,49039.75390625,49039.75390625,0
2022-02-07,44594.8828125,49039.75390625,49368.51171875,48765.7890625,49313.71875,946105
2022-02-08,45142.984375,49642.4765625,50299.9921875,49039.75390625,49039.75390625,1542349
2022-02-09,45192.8046875,49697.26953125,50245.19921875,49642.4765625,50245.19921875,2085484
2022-02-10,45840.546875,50409.578125,50409.578125,49423.3046875,50080.8203125,1779241
2022-02-11,45641.25,50190.40625,50628.75,50080.8203125,50299.9921875,1170952
2022-02-14,45342.28125,49861.6484375,50190.40625,49532.890625,49861.6484375,1412771
2022-02-15,45342.28125,49861.6484375,49861.6484375,49861.6484375,49861.6484375,0
2022-02-16,45491.76953125,50026.02734375,50683.54296875,50026.02734375,50245.19921875,1120945
2022-02-17,46239.16796875,50847.921875,50847.921875,49861.6484375,50354.78515625,1558045
2022-02-18,45940.203125,50519.1640625,50683.54296875,50245.19921875,50573.95703125,1129340
2022-02-21,46587.953125,51231.47265625,51505.4375,50409.578125,50519.1640625,2529519
2022-02-22,46288.9921875,50902.71484375,51121.88671875,50409.578125,50957.5078125,2113772
2022-02-23,46338.8203125,50957.5078125,51450.64453125,50738.3359375,50738.3359375,1777233
2022-02-24,45840.546875,50409.578125,51231.47265625,49313.71875,50957.5078125,2463087
2022-02-25,45990.0390625,50573.95703125,51176.6796875,50464.37109375,50628.75,1934370
2022-02-28,46488.29296875,51121.88671875,51231.47265625,50573.95703125,50573.95703125,2745970
2022-03-01,46538.12890625,51176.6796875,51505.4375,50683.54296875,51505.4375,2011022
2022-03-02,46388.6484375,51012.30078125,51176.6796875,50793.12890625,50957.5078125,1987296
2022-03-03,46538.12890625,51176.6796875,51505.4375,51067.09375,51067.09375,1747667
2022-03-04,46587.953125,51231.47265625,51395.8515625,50957.5078125,51121.88671875,2452502
2022-03-07,46737.42578125,51395.8515625,51450.64453125,50519.1640625,51012.30078125,3098934
2022-03-08,47235.69140625,51943.78125,52272.5390625,50738.3359375,51395.8515625,4065298
2022-03-09,47584.48046875,52327.33203125,52875.265625,51834.1953125,51834.1953125,4022410
2022-03-10,47136.046875,51834.1953125,52765.67578125,51834.1953125,52765.67578125,1421166
2022-03-11,46438.46875,51067.09375,51834.1953125,50793.12890625,51779.40234375,2078731
2022-03-14,45740.90625,50299.9921875,50957.5078125,49587.68359375,50957.5078125,3546072
2022-03-15,45342.28125,49861.6484375,50299.9921875,49204.1328125,50299.9921875,3416493
2022-03-16,45641.25,50190.40625,50573.95703125,49587.68359375,49916.44140625,2079826
2022-03-17,45840.546875,50409.578125,50793.12890625,50135.61328125,50299.9921875,2154654
2022-03-18,47385.1796875,52108.16015625,52930.05859375,50957.5078125,50957.5078125,5137698
2022-03-21,47484.83203125,52217.74609375,52601.296875,52053.3671875,52162.953125,2848355
2022-03-22,48032.9296875,52820.46875,53149.23046875,52272.5390625,52601.296875,3794643
2022-03-23,48082.75390625,52875.265625,53423.1953125,52601.296875,52875.265625,3605933
2022-03-24,47833.6171875,52601.296875,53258.81640625,52217.74609375,52601.296875,3328343
2022-03-25,47684.13671875,52436.91796875,52875.265625,52382.125,52656.08984375,2241343
2022-03-28,48879.9765625,53751.953125,54080.7109375,52162.953125,52327.33203125,6390595
2022-03-29,52268.19140625,57477.87890625,57477.87890625,54025.91796875,54025.91796875,15009758
2022-03-30,52816.28515625,58080.6015625,58792.91015625,57258.70703125,57971.015625,5166169
2022-03-31,53314.5546875,58628.53125,60601.078125,57313.5,57806.63671875,6337121
2022-04-01,55307.62890625,60820.25,60820.25,58135.39453125,58573.73828125,7879288
2022-04-04,54460.5625,59888.76953125,62190.078125,59888.76953125,62190.078125,4905369
2022-04-05,54311.09375,59724.390625,61149.0078125,59724.390625,59779.18359375,3401710
2022-04-06,56304.15625,61916.11328125,62464.04296875,59395.6328125,59395.6328125,7626883
2022-04-07,56453.640625,62080.4921875,64053.0390625,61422.9765625,62299.6640625,7145435
2022-04-08,54061.95703125,59450.42578125,62409.25,59450.42578125,62080.4921875,7427405
2022-04-11,54061.95703125,59450.42578125,59450.42578125,59450.42578125,59450.42578125,0
2022-04-12,54709.69921875,60162.734375,61094.21484375,58409.359375,59724.390625,5770990
2022-04-13,57350.51171875,63066.765625,63066.765625,60162.734375,60272.3203125,6064276
2022-04-14,58097.9140625,63888.66015625,65148.8984375,63121.55859375,63121.55859375,6441331
2022-04-15,57300.6875,63011.97265625,64600.96875,62464.04296875,63066.765625,5696711
2022-04-18,57549.8203125,63285.9375,64984.51953125,62464.04296875,63011.97265625,6125050
2022-04-19,55805.88671875,61368.18359375,64107.83203125,61368.18359375,63833.8671875,8634311
2022-04-20,55805.88671875,61368.18359375,61916.11328125,60053.1484375,61368.18359375,6013539
2022-04-21,55805.88671875,61368.18359375,63505.109375,60929.8359375,60929.8359375,7425215
2022-04-22,55357.44140625,60875.04296875,62409.25,58080.6015625,61642.1484375,10419027
2022-04-25,51520.78515625,56655.98046875,60765.45703125,56655.98046875,60327.11328125,8405997
2022-04-26,51969.2421875,57149.12109375,57532.671875,53149.23046875,54902.60546875,9912576
2022-04-27,51321.48828125,56436.80859375,56984.73828125,55066.984375,56162.84375,4616828
2022-04-28,52567.15234375,57806.63671875,58518.9453125,56162.84375,56382.015625,4618106
2022-04-29,52318.01953125,57532.671875,58683.32421875,57094.328125,57532.671875,7284687
2022-05-02,52318.01953125,57532.671875,57532.671875,57532.671875,57532.671875,0
2022-05-03,52318.01953125,57532.671875,57532.671875,57532.671875,57532.671875,0
2022-05-04,52068.890625,57258.70703125,58025.80859375,57039.53125,57477.87890625,2917159
2022-05-05,52168.5390625,57368.29296875,57806.63671875,55834.0859375,57313.5,4005802
2022-05-06,49926.33984375,54902.60546875,56984.73828125,54902.60546875,56053.2578125,4436514
2022-05-09,46837.0859375,51505.4375,54245.08984375,51505.4375,53861.5390625,8211082
2022-05-10,49029.4609375,53916.33203125,54135.50390625,50409.578125,51505.4375,5140618
2022-05-11,50773.3984375,55834.0859375,55834.0859375,53039.64453125,53697.16015625,3043635
2022-05-12,47634.3046875,52382.125,55834.0859375,52053.3671875,54409.46875,4729617
2022-05-13,46637.78125,51286.265625,54245.08984375,51012.30078125,52656.08984375,7489457
2022-05-16,46438.46875,51067.09375,53423.1953125,51067.09375,53423.1953125,3177229
2022-05-17,49677.2109375,54628.640625,54628.640625,50683.54296875,50957.5078125,3733687
2022-05-18,48680.671875,53532.78125,54847.8125,53423.1953125,54628.640625,3530376
2022-05-19,48331.890625,53149.23046875,53532.78125,52108.16015625,52108.16015625,2242256
2022-05-20,48581.0234375,53423.1953125,54190.296875,53149.23046875,53532.78125,2574050
2022-05-23,48082.75390625,52875.265625,53806.74609375,52656.08984375,53806.74609375,2074899
2022-05-24,48929.80859375,53806.74609375,53806.74609375,52601.296875,52875.265625,2527146
2022-05-25,52318.01953125,57532.671875,57532.671875,54080.7109375,54519.0546875,6881898
2022-05-26,52616.984375,57861.4296875,58683.32421875,57313.5,57642.2578125,2603251
2022-05-27,55706.23828125,61258.59375,61368.18359375,57806.63671875,57861.4296875,7078273
2022-05-30,55457.09765625,60984.62890625,61587.35546875,59833.9765625,60875.04296875,4556967
2022-05-31,54759.52734375,60217.52734375,60984.62890625,58902.49609375,60984.62890625,3936632
2022-06-01,55706.23828125,61258.59375,61861.3203125,60162.734375,60217.52734375,3716714
2022-06-02,55706.23828125,61258.59375,61258.59375,61258.59375,61258.59375,0
2022-06-03,56802.421875,62464.04296875,62464.04296875,60765.45703125,61094.21484375,3204605
2022-06-06,56304.15625,61916.11328125,63559.90234375,61368.18359375,62464.04296875,4668842
2022-06-07,57599.65234375,63340.73046875,63340.73046875,59505.21875,61751.734375,7132295
2022-06-08,57300.6875,63011.97265625,64436.58984375,62738.0078125,63724.28125,4855363
2022-06-09,57450.171875,63176.3515625,63505.109375,62080.4921875,63285.9375,3114082
2022-06-10,54809.3515625,60272.3203125,62847.59375,60272.3203125,62135.28515625,5424961
2022-06-13,52109.19140625,56677.8984375,59702.47265625,56546.39453125,57861.4296875,5160785
2022-06-14,53862.28515625,58584.6953125,59110.7109375,56217.63671875,56546.39453125,3510635
2022-06-15,54708.6015625,59505.21875,59570.96875,57861.4296875,59570.96875,2680694
2022-06-16,55615.37890625,60491.4921875,61675.0234375,59307.96484375,59833.9765625,3828802
2022-06-17,55615.37890625,60491.4921875,60886.00390625,58518.9453125,59373.71484375,3530559
2022-06-20,55615.37890625,60491.4921875,62135.28515625,60031.23046875,61477.76953125,3777701
2022-06-21,53862.28515625,58584.6953125,61477.76953125,58518.9453125,60754.5,3741656
2022-06-22,51081.51171875,55560.12109375,59439.46875,55494.37109375,59044.95703125,4519127
2022-06-23,51686.02734375,56217.63671875,57072.41015625,55034.109375,55231.36328125,3075969
2022-06-24,51686.02734375,56217.63671875,57729.92578125,56217.63671875,56612.1484375,1372437
2022-06-27,52290.53515625,56875.15234375,57795.67578125,56480.64453125,56809.40234375,1908393
2022-06-28,54224.98828125,58979.20703125,59307.96484375,57335.4140625,58847.703125,3492841
2022-06-29,54406.34765625,59176.4609375,59176.4609375,57992.93359375,58453.19140625,1798586
2022-06-30,52109.19140625,56677.8984375,59110.7109375,56677.8984375,58847.703125,2291198
2022-07-01,53197.3125,57861.4296875,58387.44140625,55757.375,57203.9140625,2580164
2022-07-04,52411.44140625,57006.65625,58190.1875,56546.39453125,58190.1875,1529239
2022-07-05,51625.58203125,56151.88671875,57729.92578125,56151.88671875,57729.92578125,2122533
2022-07-06,50477.0,54902.60546875,56480.64453125,54902.60546875,55297.11328125,3395201
2022-07-07,50235.1953125,54639.59765625,55625.875,54639.59765625,55165.61328125,1956301
2022-07-08,50537.4453125,54968.35546875,55231.36328125,54639.59765625,55165.61328125,1384604
2022-07-11,50053.8359375,54442.34375,55625.875,54442.34375,55625.875,1517985
2022-07-12,50053.8359375,54442.34375,54442.34375,54442.34375,54442.34375,0
2022-07-13,49872.484375,54245.08984375,55231.36328125,54245.08984375,55231.36328125,1734862
2022-07-14,50053.8359375,54442.34375,54902.60546875,54047.8359375,54442.34375,1355555
2022-07-15,49691.12890625,54047.8359375,55231.36328125,54047.8359375,55231.36328125,2102305
2022-07-18,50174.7421875,54573.84765625,55560.12109375,54113.5859375,54442.34375,1923754
2022-07-19,50174.7421875,54573.84765625,54573.84765625,54047.8359375,54508.09375,1802845
2022-07-20,51323.31640625,55823.12890625,56480.64453125,55231.36328125,55888.87890625,4332820
2022-07-21,51383.765625,55888.87890625,56480.64453125,55560.12109375,56480.64453125,2743962
2022-07-22,51444.21875,55954.6328125,56875.15234375,55954.6328125,56809.40234375,1988087
2022-07-25,51625.58203125,56151.88671875,57203.9140625,55954.6328125,57203.9140625,3415733
2022-07-26,51262.86328125,55757.375,56546.39453125,55757.375,56546.39453125,1716763
2022-07-27,51504.671875,56020.3828125,56020.3828125,55494.37109375,55625.875,1172746
2022-07-28,51323.31640625,55823.12890625,56414.89453125,54639.59765625,56020.3828125,2531952
2022-07-29,50477.0,54902.60546875,56020.3828125,54902.60546875,55954.6328125,2953235
2022-08-01,50779.25390625,55231.36328125,55362.8671875,54639.59765625,55231.36328125,2760540
2022-08-02,51383.765625,55888.87890625,55954.6328125,54902.60546875,55231.36328125,2858788
2022-08-03,51262.86328125,55757.375,56020.3828125,55362.8671875,55888.87890625,3421208
2022-08-04,52048.73828125,56612.1484375,56940.90625,55823.12890625,55954.6328125,4633801
2022-08-05,51867.3828125,56414.89453125,57335.4140625,56283.390625,56612.1484375,2696663
2022-08-08,51988.2890625,56546.39453125,56809.40234375,56086.1328125,56480.64453125,2413324
2022-08-09,52109.19140625,56677.8984375,57532.671875,56349.140625,56546.39453125,3529646
2022-08-10,51988.2890625,56546.39453125,57006.65625,56546.39453125,56743.65234375,1705509
2022-08-11,51988.2890625,56546.39453125,57072.41015625,56349.140625,56677.8984375,2817877
2022-08-12,52290.53515625,56875.15234375,56875.15234375,56349.140625,56349.140625,1890599
2022-08-15,53741.375,58453.19140625,58584.6953125,56940.90625,56940.90625,4691899
2022-08-16,53620.48046875,58321.69140625,58781.953125,57927.1796875,58453.19140625,2103065
2022-08-17,53378.66796875,58058.68359375,58584.6953125,57861.4296875,58518.9453125,2290741
2022-08-18,53378.66796875,58058.68359375,58979.20703125,57795.67578125,57795.67578125,3882641
2022-08-19,52532.34765625,57138.16015625,58190.1875,56677.8984375,57861.4296875,2977264
2022-08-22,52471.89453125,57072.41015625,57401.16796875,56480.64453125,56940.90625,2485109
2022-08-23,52592.80078125,57203.9140625,57203.9140625,56612.1484375,56612.1484375,1651213
2022-08-24,52715.11328125,56677.8984375,57072.41015625,56612.1484375,56875.15234375,1533042
2022-08-25,52776.265625,56743.65234375,57006.65625,56546.39453125,56677.8984375,1739728
2022-08-26,53326.65625,57335.4140625,57729.92578125,56743.65234375,56809.40234375,2945326
2022-08-29,52898.56640625,56875.15234375,57203.9140625,55691.625,57203.9140625,3388509
2022-08-30,52837.41796875,56809.40234375,57203.9140625,56546.39453125,56875.15234375,1753873
2022-08-31,52959.73046875,56940.90625,57203.9140625,56414.89453125,56414.89453125,1785050
2022-09-01,52959.73046875,56940.90625,56940.90625,56940.90625,56940.90625,0
2022-09-02,52959.73046875,56940.90625,56940.90625,56940.90625,56940.90625,0
2022-09-05,52715.11328125,56677.8984375,57006.65625,56480.64453125,56875.15234375,1552661
2022-09-06,52470.4921875,56414.89453125,56809.40234375,56414.89453125,56546.39453125,1781857
2022-09-07,51369.71484375,55231.36328125,56480.64453125,55231.36328125,56217.63671875,3401284
2022-09-08,51553.171875,55428.6171875,55888.87890625,55099.859375,55297.11328125,1727105
2022-09-09,51553.171875,55428.6171875,55888.87890625,55428.6171875,55625.875,1742010
2022-09-12,51736.64453125,55625.875,56020.3828125,55428.6171875,55954.6328125,1088946
2022-09-13,51736.64453125,55625.875,56086.1328125,55428.6171875,55888.87890625,1591443
2022-09-14,51369.71484375,55231.36328125,55560.12109375,54902.60546875,54902.60546875,1991129
2022-09-15,51186.25,55034.109375,55560.12109375,55034.109375,55560.12109375,1187042
2022-09-16,50452.3984375,54245.08984375,55165.61328125,54245.08984375,55034.109375,2068542
2022-09-19,50819.32421875,54639.59765625,54968.35546875,53850.578125,54245.08984375,2712784
2022-09-20,51002.78515625,54836.85546875,55099.859375,54113.5859375,54639.59765625,874503
2022-09-21,50330.0859375,54113.5859375,54771.1015625,54113.5859375,54771.1015625,1179286
2022-09-22,50697.0078125,54508.09375,54573.84765625,53850.578125,53916.33203125,1783073
2022-09-23,50391.23828125,54179.3359375,54639.59765625,53982.08203125,54639.59765625,1278447
2022-09-26,49840.85546875,53587.57421875,53916.33203125,52798.5546875,53587.57421875,2834302
2022-09-27,49229.30859375,52930.05859375,53916.33203125,52930.05859375,53916.33203125,1418824
2022-09-28,47700.44921875,51286.265625,52864.3046875,51286.265625,52667.05078125,3115360
2022-09-29,47088.90625,50628.75,52667.05078125,50628.75,52469.796875,1983068
2022-09-30,49229.30859375,52930.05859375,53127.3125,50563.0,50628.75,3208894
2022-10-03,47088.90625,50628.75,52798.5546875,50234.23828125,52338.29296875,1894401
2022-10-04,47394.67578125,50957.5078125,51943.78125,50760.25390625,51286.265625,3102585
2022-10-05,47945.06640625,51549.2734375,52272.5390625,51549.2734375,51943.78125,1478138
2022-10-06,46783.1328125,50299.9921875,51878.03125,50299.9921875,51878.03125,1926492
2022-10-07,45254.27734375,48656.203125,50102.73828125,48656.203125,50102.73828125,3134523
2022-10-10,45254.27734375,48656.203125,49642.4765625,47406.921875,48327.44140625,2472334
2022-10-11,43419.63671875,46683.65234375,48656.203125,46683.65234375,48656.203125,2423666
2022-10-12,44275.8046875,47604.17578125,48195.94140625,46683.65234375,46683.65234375,2225192
2022-10-13,44642.7265625,47998.68359375,47998.68359375,47012.41015625,47472.671875,1261109
2022-10-14,45254.27734375,48656.203125,48984.9609375,48393.1953125,48919.20703125,1283922
2022-10-17,45131.96484375,48524.69921875,48590.44921875,47735.6796875,48327.44140625,1075866
2022-10-18,45804.66015625,49247.96484375,49510.97265625,48656.203125,48656.203125,1336849
2022-10-19,46171.58984375,49642.4765625,50102.73828125,49116.4609375,49247.96484375,1556919
2022-10-20,47578.140625,51154.76171875,51615.0234375,49510.97265625,49839.73046875,2631570
2022-10-21,45193.11328125,48590.44921875,51089.01171875,48590.44921875,51089.01171875,2380017
2022-10-24,43480.79296875,46749.40234375,48984.9609375,46683.65234375,48590.44921875,2168919
2022-10-25,44765.03515625,48130.1875,48984.9609375,46749.40234375,46946.66015625,2379561
2022-10-26,45131.96484375,48524.69921875,48984.9609375,47801.4296875,48984.9609375,950698
2022-10-27,46355.05078125,49839.73046875,50102.73828125,48458.9453125,48721.953125,1423386
2022-10-28,45865.8203125,49313.71875,50168.48828125,49116.4609375,50168.48828125,1331982
2022-10-31,46232.74609375,49708.2265625,49971.234375,48458.9453125,49313.71875,1649693
2022-11-01,46171.58984375,49642.4765625,50497.24609375,49313.71875,50168.48828125,853971
2022-11-02,45254.27734375,48656.203125,49971.234375,48656.203125,49445.21875,1487719
2022-11-03,45315.421875,48721.953125,49773.98046875,48458.9453125,48984.9609375,946592
2022-11-04,44581.5703125,47932.93359375,48656.203125,47012.41015625,48656.203125,2504576
2022-11-07,44398.109375,47735.6796875,48656.203125,47735.6796875,47735.6796875,2391423
2022-11-08,44826.19140625,48195.94140625,48590.44921875,46946.66015625,47012.41015625,1437226
2022-11-09,45254.27734375,48656.203125,48853.45703125,48195.94140625,48195.94140625,1061114
2022-11-10,44642.7265625,47998.68359375,48458.9453125,45434.37109375,48327.44140625,2426099
2022-11-11,44520.42578125,47867.18359375,48393.1953125,47341.16796875,48064.4375,1525285
2022-11-14,43297.328125,46552.1484375,47604.17578125,46026.13671875,47341.16796875,2492714
2022-11-15,40300.76171875,43330.3203125,46026.13671875,43330.3203125,46026.13671875,4737373
2022-11-16,42380.015625,45565.875,46026.13671875,40305.74609375,40305.74609375,4639277
2022-11-17,43419.63671875,46683.65234375,47341.16796875,42409.796875,45565.875,2351729
2022-11-18,43725.41015625,47012.41015625,47341.16796875,45500.125,46091.88671875,1918887
2022-11-21,42869.2421875,46091.88671875,47209.6640625,45697.37890625,45697.37890625,1278295
2022-11-22,43113.86328125,46354.89453125,47341.16796875,45434.37109375,46026.13671875,1789005
2022-11-23,43113.86328125,46354.89453125,46683.65234375,45828.8828125,46026.13671875,708575
2022-11-24,43113.86328125,46354.89453125,46683.65234375,45631.625,45894.6328125,1199057
2022-11-25,44031.1796875,47341.16796875,47341.16796875,46354.89453125,46420.64453125,1927556
2022-11-28,45437.734375,48853.45703125,48984.9609375,47538.421875,47604.17578125,1744139
2022-11-29,45437.734375,48853.45703125,49247.96484375,47998.68359375,49247.96484375,1739576
2022-11-30,45621.19921875,49050.7109375,49247.96484375,48327.44140625,48984.9609375,1386277
2022-12-01,45682.34765625,49116.4609375,49839.73046875,48721.953125,49379.46875,2701834
2022-12-02,47333.51953125,50891.7578125,51089.01171875,48656.203125,49116.4609375,4412666
2022-12-05,47883.91015625,51483.51953125,51943.78125,50891.7578125,51286.265625,1849992
2022-12-06,46477.35546875,49971.234375,51878.03125,49971.234375,51483.51953125,2338649
2022-12-07,46783.1328125,50299.9921875,50365.7421875,49182.21484375,49905.48046875,1565588
2022-12-08,47088.90625,50628.75,51812.27734375,49708.2265625,50563.0,1927404
2022-12-09,47700.44921875,51286.265625,51286.265625,50102.73828125,50168.48828125,1501864
2022-12-12,47088.90625,50628.75,51417.76953125,50234.23828125,51023.2578125,1845581
2022-12-13,47211.21875,50760.25390625,50826.00390625,49445.21875,50102.73828125,1368331
2022-12-14,46660.8203125,50168.48828125,50957.5078125,50036.984375,50760.25390625,1761173
2022-12-15,47516.984375,51089.01171875,51352.01953125,50234.23828125,50234.23828125,1780184
2022-12-16,47639.29296875,51220.515625,51286.265625,50234.23828125,50628.75,1385365
2022-12-19,46844.28125,50365.7421875,51483.51953125,50365.7421875,51483.51953125,1560721
2022-12-20,46844.28125,50365.7421875,50760.25390625,49576.72265625,50760.25390625,1195103
2022-12-21,47211.21875,50760.25390625,50891.7578125,49773.98046875,50760.25390625,827508
2022-12-22,47211.21875,50760.25390625,50957.5078125,49971.234375,50760.25390625,1000431
2022-12-23,47700.44921875,51286.265625,51286.265625,50102.73828125,50234.23828125,1856988
2022-12-26,46721.97265625,50234.23828125,51352.01953125,50234.23828125,51089.01171875,1266128
2022-12-27,46783.1328125,50299.9921875,50957.5078125,49971.234375,50234.23828125,1224608
2022-12-28,46905.4375,50431.49609375,50628.75,49971.234375,50628.75,896099
2022-12-29,46599.66796875,50102.73828125,50628.75,50102.73828125,50299.9921875,996629
2022-12-30,47027.75,50563.0,50563.0,49971.234375,50102.73828125,956022
2023-01-02,47027.75,50563.0,50563.0,50563.0,50563.0,0
2023-01-03,48923.53515625,52601.296875,52601.296875,50497.24609375,50563.0,2334847
2023-01-04,48923.53515625,52601.296875,53258.81640625,52141.0390625,53127.3125,1208031
2023-01-05,49290.4609375,52995.80859375,53587.57421875,52732.80078125,52732.80078125,1540038
2023-01-06,49107.00390625,52798.5546875,53324.56640625,52732.80078125,52864.3046875,1094117
2023-01-09,49107.00390625,52798.5546875,53193.0625,52535.546875,52930.05859375,789182
2023-01-10,49168.14453125,52864.3046875,53456.0703125,52732.80078125,53061.55859375,1144762
2023-01-11,49473.92578125,53193.0625,53653.32421875,52864.3046875,52864.3046875,1637830
2023-01-12,49351.61328125,53061.55859375,53587.57421875,52732.80078125,53258.81640625,825074
2023-01-13,48923.53515625,52601.296875,53390.31640625,52601.296875,52930.05859375,955565
2023-01-16,49412.76953125,53127.3125,53258.81640625,52404.04296875,52667.05078125,873742
2023-01-17,50146.62109375,53916.33203125,53916.33203125,53258.81640625,53390.31640625,1487719
2023-01-18,51002.78515625,54836.85546875,54836.85546875,53784.828125,53982.08203125,1451827
2023-01-19,51308.55859375,55165.61328125,55362.8671875,54508.09375,54573.84765625,2018505
2023-01-20,51308.55859375,55165.61328125,55165.61328125,55165.61328125,55165.61328125,0
2023-01-23,51308.55859375,55165.61328125,55165.61328125,55165.61328125,55165.61328125,0
2023-01-24,51308.55859375,55165.61328125,55165.61328125,55165.61328125,55165.61328125,0
2023-01-25,51308.55859375,55165.61328125,55165.61328125,55165.61328125,55165.61328125,0
2023-01-26,51308.55859375,55165.61328125,55165.61328125,55165.61328125,55165.61328125,0
2023-01-27,51369.71484375,55231.36328125,56217.63671875,55231.36328125,55297.11328125,1734862
2023-01-30,51186.25,55034.109375,55494.37109375,55034.109375,55362.8671875,1355099
2023-01-31,51063.94140625,54902.60546875,55034.109375,53719.078125,54902.60546875,2325569
2023-02-01,50146.62109375,53916.33203125,55231.36328125,53784.828125,55231.36328125,1594333
2023-02-02,50085.46484375,53850.578125,54179.3359375,53456.0703125,53982.08203125,2015463
2023-02-03,48984.6953125,52667.05078125,53916.33203125,52667.05078125,53916.33203125,2629592
2023-02-06,49229.30859375,52930.05859375,53653.32421875,52404.04296875,52601.296875,1436314
2023-02-07,49351.61328125,53061.55859375,53850.578125,52930.05859375,52930.05859375,1141872
2023-02-08,49657.38671875,53390.31640625,53719.078125,52995.80859375,53127.3125,1018529
2023-02-09,49351.61328125,53061.55859375,53653.32421875,53061.55859375,53258.81640625,1130010
2023-02-10,49351.61328125,53061.55859375,53390.31640625,52930.05859375,53324.56640625,1102634
2023-02-13,49351.61328125,53061.55859375,53390.31640625,52601.296875,53061.55859375,932600
2023-02-14,49412.76953125,53127.3125,53258.81640625,52732.80078125,53061.55859375,942486
2023-02-15,49902.01171875,53653.32421875,53850.578125,52798.5546875,52930.05859375,981268
2023-02-16,49902.01171875,53653.32421875,53916.33203125,53061.55859375,53653.32421875,645155
2023-02-17,49902.01171875,53653.32421875,53653.32421875,53258.81640625,53390.31640625,711161
2023-02-20,50635.859375,54442.34375,54573.84765625,53521.8203125,53653.32421875,1939267
2023-02-21,50635.859375,54442.34375,55034.109375,54310.83984375,54442.34375,1277535
2023-02-22,50024.31640625,53784.828125,54245.08984375,53784.828125,54113.5859375,1136397
2023-02-23,49779.6953125,53521.8203125,53719.078125,52995.80859375,53719.078125,1764975
2023-02-24,49412.76953125,53127.3125,53456.0703125,52864.3046875,53324.56640625,850473
2023-02-27,49107.00390625,52798.5546875,52930.05859375,52535.546875,52601.296875,1544296
2023-02-28,49229.30859375,52930.05859375,53061.55859375,52272.5390625,52601.296875,797394
2023-03-01,49229.30859375,52930.05859375,52930.05859375,51746.52734375,52272.5390625,2093332
2023-03-02,48923.53515625,52601.296875,52930.05859375,52469.796875,52601.296875,655192
2023-03-03,48006.21875,51615.0234375,52601.296875,51615.0234375,52141.0390625,1126664
2023-03-06,47822.75390625,51417.76953125,52469.796875,51352.01953125,51352.01953125,1242859
2023-03-07,48189.68359375,51812.27734375,52535.546875,51812.27734375,52009.53515625,1204533
2023-03-08,48617.765625,52272.5390625,52272.5390625,51615.0234375,51615.0234375,776558
2023-03-09,49290.4609375,52995.80859375,53061.55859375,52075.28515625,52272.5390625,973816
2023-03-10,48617.765625,52272.5390625,52864.3046875,51943.78125,52732.80078125,974728
2023-03-13,48250.83203125,51878.03125,52206.7890625,51352.01953125,51352.01953125,1348255
2023-03-14,48128.53125,51746.52734375,52009.53515625,51615.0234375,51943.78125,650021
2023-03-15,49229.30859375,52930.05859375,52930.05859375,52009.53515625,52009.53515625,1052141
2023-03-16,48434.296875,52075.28515625,52601.296875,51549.2734375,52601.296875,1292743
2023-03-17,48311.98828125,51943.78125,52601.296875,51680.77734375,52338.29296875,653063
2023-03-20,47455.828125,51023.2578125,52141.0390625,51023.2578125,52009.53515625,1170769
2023-03-21,47761.60546875,51352.01953125,51746.52734375,50694.5,51680.77734375,815493
2023-03-22,48006.21875,51615.0234375,51680.77734375,51023.2578125,51417.76953125,928342
2023-03-23,47700.44921875,51286.265625,51615.0234375,51023.2578125,51549.2734375,542344
2023-03-24,48067.37890625,51680.77734375,51812.27734375,51286.265625,51483.51953125,557704
2023-03-27,48373.15234375,52009.53515625,52075.28515625,51615.0234375,51878.03125,1166815
2023-03-28,48434.296875,52075.28515625,52075.28515625,50957.5078125,52075.28515625,1521483
2023-03-29,48311.98828125,51943.78125,52141.0390625,51680.77734375,52075.28515625,615193
2023-03-30,48373.15234375,52009.53515625,52141.0390625,51812.27734375,51943.78125,621125
2023-03-31,48373.15234375,52009.53515625,52272.5390625,51943.78125,52009.53515625,1021419
2023-04-03,49473.92578125,53193.0625,53193.0625,52009.53515625,52206.7890625,1779727
2023-04-04,49229.30859375,52930.05859375,53258.81640625,52601.296875,53193.0625,889103
2023-04-05,49290.4609375,52995.80859375,52995.80859375,52404.04296875,52930.05859375,641809
2023-04-06,49107.00390625,52798.5546875,53587.57421875,52798.5546875,53061.55859375,932144
2023-04-07,49229.30859375,52930.05859375,53061.55859375,52601.296875,52732.80078125,547210
2023-04-10,49107.00390625,52798.5546875,53258.81640625,52667.05078125,53258.81640625,1170769
2023-04-11,49107.00390625,52798.5546875,52930.05859375,52667.05078125,52732.80078125,812147
2023-04-12,49107.00390625,52798.5546875,52930.05859375,52535.546875,52798.5546875,874046
2023-04-13,48678.91796875,52338.29296875,52864.3046875,52141.0390625,52798.5546875,822032
2023-04-14,48678.91796875,52338.29296875,52667.05078125,52141.0390625,52535.546875,606524
2023-04-17,48678.91796875,52338.29296875,52404.04296875,51943.78125,52338.29296875,684241
2023-04-18,48556.609375,52206.7890625,52601.296875,52075.28515625,52338.29296875,458695
2023-04-19,48495.4609375,52141.0390625,52469.796875,52141.0390625,52469.796875,638463
2023-04-20,48556.609375,52206.7890625,52469.796875,52075.28515625,52469.796875,554206
2023-04-21,48495.4609375,52141.0390625,52601.296875,52141.0390625,52601.296875,492763
2023-04-24,48373.15234375,52009.53515625,52995.80859375,51943.78125,52272.5390625,1208335
2023-04-25,47945.06640625,51549.2734375,52141.0390625,51483.51953125,52009.53515625,821272
2023-04-26,47883.91015625,51483.51953125,51549.2734375,51023.2578125,51352.01953125,1174115
2023-04-27,47883.91015625,51483.51953125,51812.27734375,51352.01953125,51352.01953125,336113
2023-04-28,47394.67578125,50957.5078125,51812.27734375,50957.5078125,51812.27734375,1438139
2023-05-01,47394.67578125,50957.5078125,50957.5078125,50957.5078125,50957.5078125,0
2023-05-02,47394.67578125,50957.5078125,50957.5078125,50957.5078125,50957.5078125,0
2023-05-03,47394.67578125,50957.5078125,50957.5078125,50957.5078125,50957.5078125,0
2023-05-04,48006.21875,51615.0234375,51746.52734375,51023.2578125,51154.76171875,756179
2023-05-05,47945.06640625,51549.2734375,51680.77734375,51417.76953125,51680.77734375,485463
2023-05-08,48006.21875,51615.0234375,51878.03125,51549.2734375,51615.0234375,551925
2023-05-09,48250.83203125,51878.03125,52469.796875,51680.77734375,51680.77734375,921498
2023-05-10,48311.98828125,51943.78125,52338.29296875,51943.78125,51943.78125,961953
2023-05-11,48373.15234375,52009.53515625,52338.29296875,51943.78125,52009.53515625,723784
2023-05-12,49229.30859375,52930.05859375,52995.80859375,51812.27734375,52141.0390625,1647259
2023-05-15,49535.078125,53258.81640625,53784.828125,53127.3125,53521.8203125,1421561
2023-05-16,49840.85546875,53587.57421875,53719.078125,53127.3125,53258.81640625,1165750
2023-05-17,49840.85546875,53587.57421875,54376.59375,53324.56640625,53850.578125,1484678
2023-05-18,50697.0078125,54508.09375,54573.84765625,53521.8203125,53784.828125,2357052
2023-05-19,50635.859375,54442.34375,54771.1015625,53784.828125,54573.84765625,1632811
2023-05-22,50452.3984375,54245.08984375,54442.34375,53916.33203125,54442.34375,853210
2023-05-23,50146.62109375,53916.33203125,54245.08984375,53521.8203125,54245.08984375,998454
2023-05-24,50146.62109375,53916.33203125,53916.33203125,53916.33203125,53916.33203125,0
2023-05-25,50880.484375,54705.3515625,54836.85546875,53258.81640625,53390.31640625,2039949
2023-05-26,50819.32421875,54639.59765625,54836.85546875,54113.5859375,54639.59765625,1314644
2023-05-29,50819.32421875,54639.59765625,55034.109375,54508.09375,54902.60546875,1337761
2023-05-30,51369.71484375,55231.36328125,55823.12890625,54508.09375,54573.84765625,2523283
2023-05-31,51430.87109375,55297.11328125,55362.8671875,54639.59765625,55362.8671875,1276622
2023-06-01,51063.94140625,54902.60546875,55231.36328125,54639.59765625,55231.36328125,817166
2023-06-02,51247.40234375,55099.859375,55428.6171875,54639.59765625,54902.60546875,1119211
2023-06-05,51981.25390625,55888.87890625,56020.3828125,55099.859375,55165.61328125,2168007
2023-06-06,52164.71484375,56086.1328125,56086.1328125,55691.625,56086.1328125,781729
2023-06-07,51981.25390625,55888.87890625,56151.88671875,55428.6171875,55888.87890625,1073433
2023-06-08,51125.09375,54968.35546875,55823.12890625,54902.60546875,55691.625,1892728
2023-06-09,51736.64453125,55625.875,55691.625,55034.109375,55428.6171875,1034499
2023-06-12,51920.1015625,55823.12890625,55823.12890625,54968.35546875,55560.12109375,790398
2023-06-13,51614.33203125,55494.37109375,55823.12890625,55428.6171875,55494.37109375,709944
2023-06-14,51492.01953125,55362.8671875,55757.375,55297.11328125,55428.6171875,1001648
2023-06-15,51430.87109375,55297.11328125,55494.37109375,54968.35546875,55362.8671875,1214570
2023-06-16,51675.484375,55560.12109375,56677.8984375,54836.85546875,55297.11328125,3393832
2023-06-19,51797.796875,55691.625,56217.63671875,55560.12109375,55691.625,1008644
2023-06-20,52287.02734375,56217.63671875,56414.89453125,55691.625,55888.87890625,1436466
2023-06-21,52470.4921875,56414.89453125,56809.40234375,56151.88671875,56217.63671875,1073433
2023-06-22,52470.4921875,56414.89453125,56414.89453125,56414.89453125,56414.89453125,0
2023-06-23,52042.41015625,55954.6328125,56283.390625,55757.375,56283.390625,1250159
2023-06-26,52470.4921875,56414.89453125,56414.89453125,55625.875,55954.6328125,1307039
2023-06-27,53387.8046875,57401.16796875,57401.16796875,56546.39453125,56546.39453125,2342755
2023-06-28,53204.34765625,57203.9140625,57729.92578125,57203.9140625,57466.91796875,1467492
2023-06-29,52898.56640625,56875.15234375,57269.6640625,56875.15234375,57203.9140625,855340
2023-06-30,52592.8046875,56546.39453125,56940.90625,56546.39453125,56875.15234375,1115561
2023-07-03,52837.41796875,56809.40234375,57072.41015625,56546.39453125,56875.15234375,1581101
2023-07-04,53204.34765625,57203.9140625,57203.9140625,56677.8984375,56809.40234375,2019874
2023-07-05,53309.703125,56559.546875,57844.9921875,56559.546875,56786.390625,2363704
2023-07-06,53167.1640625,56408.31640625,56862.00390625,55954.6328125,56559.546875,2006232
2023-07-07,53666.05078125,56937.6171875,57088.84765625,56105.859375,56105.859375,1185356
2023-07-10,53666.05078125,56937.6171875,57391.3046875,56635.16015625,56937.6171875,1526561
2023-07-11,53452.23828125,56710.7734375,57013.234375,56710.7734375,56937.6171875,1443244
2023-07-12,53666.05078125,56937.6171875,57240.07421875,56635.16015625,56710.7734375,1196730
2023-07-13,54022.3984375,57315.69140625,57315.69140625,57013.234375,57315.69140625,1656299
2023-07-14,55804.13671875,59206.05078125,59206.05078125,57542.53125,58147.44921875,3733153
2023-07-17,56303.02734375,59735.3515625,59886.578125,59357.27734375,59735.3515625,1525239
2023-07-18,56089.21875,59508.5078125,59735.3515625,59054.8203125,59735.3515625,949951
2023-07-19,55946.67578125,59357.27734375,59659.734375,59206.05078125,59357.27734375,937123
2023-07-20,57229.52734375,60718.3359375,61474.48046875,59357.27734375,59432.890625,3034211
2023-07-21,57728.41796875,61247.63671875,61247.63671875,60189.03515625,60264.6484375,1684336
2023-07-24,57728.41796875,61247.63671875,61474.48046875,60945.1796875,61247.63671875,1550895
2023-07-25,57942.2265625,61474.48046875,62155.0078125,61247.63671875,61247.63671875,1397750
2023-07-26,58940.00390625,62533.08203125,62533.08203125,61323.25,61398.8671875,1680633
2023-07-27,59652.70703125,63289.2265625,63818.52734375,62608.6953125,62608.6953125,1874908
2023-07-28,60151.58984375,63818.52734375,63818.52734375,62835.5390625,63137.99609375,1188134
2023-07-31,61006.8203125,64725.8984375,64877.125,63818.52734375,64045.3671875,1946058
2023-08-01,60222.85546875,63894.140625,65255.19921875,63894.140625,64725.8984375,1702454
2023-08-02,59510.1640625,63137.99609375,64120.984375,63137.99609375,63894.140625,1317606
2023-08-03,59652.70703125,63289.2265625,63667.296875,62684.30859375,63364.83984375,1200697
2023-08-04,59367.625,62986.765625,63894.140625,62986.765625,63516.06640625,2140995
2023-08-07,60222.85546875,63894.140625,63894.140625,62986.765625,63213.609375,995181
2023-08-08,60009.046875,63667.296875,63969.75390625,63364.83984375,63516.06640625,841110
2023-08-09,59225.08203125,62835.5390625,64045.3671875,62759.92578125,63516.06640625,1299620
2023-08-10,58583.65234375,62155.0078125,62986.765625,62155.0078125,62835.5390625,1776514
2023-08-11,58441.1171875,62003.78125,62759.92578125,61625.70703125,62003.78125,1511485
2023-08-14,58868.734375,62457.46875,62911.15234375,62003.78125,62079.39453125,1341147
2023-08-15,59866.51171875,63516.06640625,63742.91015625,61625.70703125,62457.46875,2215981
2023-08-16,60650.4765625,64347.82421875,64423.44140625,62911.15234375,62911.15234375,3432416
2023-08-17,61291.90234375,65028.35546875,65935.7265625,64272.2109375,64272.2109375,4885050
2023-08-18,60935.5546875,64650.28515625,66465.03125,63742.91015625,64725.8984375,5612293
2023-08-21,61220.62890625,64952.7421875,65557.65625,64650.28515625,64952.7421875,3243828
2023-08-22,61648.25,65406.42578125,65406.42578125,62759.92578125,65255.19921875,3081821
2023-08-23,61648.25,65406.42578125,65633.2734375,64045.3671875,65330.8125,1875966
2023-08-24,64892.890625,68052.9296875,68128.546875,64347.82421875,64650.28515625,6945241
2023-08-25,65325.515625,68506.6171875,68809.0703125,67372.3984375,67674.859375,3691626
2023-08-28,67777.0234375,71077.5078125,71304.3515625,68809.0703125,69565.21875,3902300
2023-08-29,67488.609375,70775.046875,71077.5078125,70170.1328125,71077.5078125,2046436
2023-08-30,69651.7109375,73043.4765625,74253.3046875,70396.9765625,70472.5859375,3122025
2023-08-31,69723.8125,73119.09375,73724.0078125,72665.40625,73043.4765625,1856393
2023-09-01,69723.8125,73119.09375,73119.09375,73119.09375,73119.09375,0
2023-09-04,69723.8125,73119.09375,73119.09375,73119.09375,73119.09375,0
2023-09-05,69795.9140625,73194.703125,74631.3828125,73194.703125,73421.546875,1903871
2023-09-06,71382.1875,74858.2265625,74858.2265625,72816.6328125,73421.546875,3294347
2023-09-07,70589.0546875,74026.46875,76219.28125,73799.625,74858.2265625,4297596
2023-09-08,70372.734375,73799.625,74480.1484375,73345.9375,73724.0078125,2797881
2023-09-11,70228.5234375,73648.390625,75236.296875,72060.4921875,74631.3828125,6810610
2023-09-12,71310.0703125,74782.609375,74782.609375,73648.390625,73648.390625,3545225
2023-09-13,70661.1484375,74102.078125,74858.2265625,73648.390625,74782.609375,3821099
2023-09-14,69146.984375,72514.1796875,74102.078125,72211.71875,74102.078125,3067803
2023-09-15,70300.640625,73724.0078125,73950.8515625,72060.4921875,72589.7890625,2823273
2023-09-18,69868.0234375,73270.3203125,73270.3203125,72362.9453125,73270.3203125,2680575
2023-09-19,70949.5703125,74404.5390625,74404.5390625,72514.1796875,73194.703125,4739311
2023-09-20,71021.65625,74480.1484375,75387.5234375,74480.1484375,74706.9921875,3233248
2023-09-21,69795.9140625,73194.703125,74782.609375,72816.6328125,74480.1484375,4521627
2023-09-22,69723.8125,73119.09375,73345.9375,70018.90625,71909.265625,9073672
2023-09-25,67993.3359375,71304.3515625,73799.625,71304.3515625,73345.9375,2773414
2023-09-26,67416.5078125,70699.4296875,72211.71875,70396.9765625,71228.734375,2848797
2023-09-27,67993.3359375,71304.3515625,71304.3515625,68355.390625,71001.890625,5965004
2023-09-28,67777.0234375,71077.5078125,71304.3515625,69111.53125,71153.1171875,2333419
2023-09-29,66911.7890625,70170.1328125,71758.03125,70170.1328125,71077.5078125,2162684
2023-10-02,67200.1953125,70472.5859375,70926.2734375,69565.21875,70623.8203125,1504343
2023-10-03,66479.1640625,69716.4453125,70699.4296875,69187.1484375,69716.4453125,2654125
2023-10-04,66695.4765625,69943.2890625,70623.8203125,69035.9140625,69035.9140625,2105023
2023-10-05,66046.5390625,69262.7578125,70548.203125,69262.7578125,70170.1328125,1810634
2023-10-06,66839.6796875,70094.515625,70170.1328125,68809.0703125,69187.1484375,1517833
2023-10-09,68930.671875,72287.3359375,72287.3359375,69716.4453125,69867.671875,4836382
2023-10-10,69435.3984375,72816.6328125,73497.1640625,72136.109375,72967.8671875,4305398
2023-10-11,69940.125,73345.9375,74102.078125,72514.1796875,72514.1796875,3118719
2023-10-12,69507.5078125,72892.25,73950.8515625,72589.7890625,73345.9375,2487887
2023-10-13,69291.1875,72665.40625,72816.6328125,72060.4921875,72589.7890625,3123877
2023-10-16,69795.9140625,73194.703125,74782.609375,72816.6328125,73194.703125,6578908
2023-10-17,67128.09375,70396.9765625,73950.8515625,70396.9765625,73950.8515625,3200582
2023-10-18,67055.9921875,70321.359375,71758.03125,68809.0703125,71758.03125,8123853
2023-10-19,66334.9609375,69565.21875,71304.3515625,69565.21875,71077.5078125,4006381
2023-10-20,66983.890625,70245.75,70321.359375,68128.546875,69943.2890625,3786582
2023-10-23,65613.9296875,68809.0703125,70926.2734375,68657.84375,70926.2734375,2607573
2023-10-24,66334.9609375,69565.21875,69867.671875,68657.84375,69867.671875,2132399
2023-10-25,65541.8203125,68733.4609375,70094.515625,68733.4609375,69413.9921875,2428771
2023-10-26,62585.59765625,65633.2734375,67977.3125,65028.35546875,66767.484375,7815313
2023-10-27,62729.80078125,65784.5,66540.640625,65255.19921875,66162.5703125,2691023
2023-10-30,61287.734375,64272.2109375,65860.1171875,64272.2109375,65784.5,2472413
2023-10-31,59845.66796875,62759.92578125,64499.0546875,62759.92578125,64347.82421875,4082822
2023-11-01,61576.1484375,64574.66796875,64574.66796875,62457.46875,63742.91015625,2876702
2023-11-02,64171.86328125,67296.7890625,67296.7890625,64952.7421875,65330.8125,2914790
2023-11-03,62729.80078125,65784.5,67448.015625,65784.5,67296.7890625,6403941
2023-11-06,63811.34765625,66918.7109375,67221.171875,66389.4140625,66691.875,1600357
2023-11-07,63667.14453125,66767.484375,67145.5546875,66465.03125,66918.7109375,1772414
2023-11-08,66767.5859375,70018.90625,70018.90625,66540.640625,66691.875,3892382
2023-11-09,66695.4765625,69943.2890625,70548.203125,69413.9921875,69565.21875,2790739
2023-11-10,65974.4453125,69187.1484375,70094.515625,69035.9140625,69187.1484375,3182596
2023-11-13,65902.3359375,69111.53125,69565.21875,68431.0,69262.7578125,2026202
2023-11-14,66767.5859375,70018.90625,70623.8203125,69035.9140625,69565.21875,2642090
2023-11-15,66623.3671875,69867.671875,70926.2734375,69565.21875,70850.6640625,3197276
2023-11-16,67055.9921875,70321.359375,70321.359375,69262.7578125,69716.4453125,2521081
2023-11-17,65613.9296875,68809.0703125,70699.4296875,68506.6171875,70623.8203125,4718547
2023-11-20,65397.62109375,68582.234375,70018.90625,67372.3984375,68128.546875,2190721
2023-11-21,66262.859375,69489.6015625,69565.21875,68582.234375,69565.21875,1931775
2023-11-22,67055.9921875,70321.359375,70396.9765625,69489.6015625,69489.6015625,4326823
2023-11-23,65469.7265625,68657.84375,70850.6640625,68657.84375,70548.203125,2864138
2023-11-24,65758.140625,68960.3046875,69565.21875,68204.15625,68657.84375,2973641
2023-11-27,65397.62109375,68582.234375,69111.53125,68128.546875,69111.53125,2194688
2023-11-28,65686.0234375,68884.6875,69489.6015625,67977.3125,68657.84375,1442450
2023-11-29,66118.6484375,69338.375,69565.21875,68884.6875,69262.7578125,1059983
2023-11-30,66262.859375,69489.6015625,70850.6640625,69035.9140625,69111.53125,2621724
2023-12-01,66623.3671875,69867.671875,70245.75,69035.9140625,69716.4453125,1574833
2023-12-04,67488.609375,70775.046875,71077.5078125,70018.90625,70018.90625,4578891
2023-12-05,68353.8515625,71682.421875,72438.5625,70850.6640625,70926.2734375,4748039
2023-12-06,68498.0546875,71833.6484375,72136.109375,71153.1171875,71833.6484375,1614375
2023-12-07,67993.3359375,71304.3515625,72060.4921875,70170.1328125,71909.265625,4974187
2023-12-08,67921.234375,71228.734375,71909.265625,70699.4296875,71304.3515625,2308820
2023-12-11,68498.0546875,71833.6484375,72362.9453125,71531.1875,72211.71875,2069051
2023-12-12,69795.9140625,73194.703125,73194.703125,72060.4921875,72136.109375,5402280
2023-12-13,68642.25,71984.875,73648.390625,71984.875,73648.390625,2840862
2023-12-14,69363.3046875,72741.0234375,72892.25,71984.875,72438.5625,2264516
2023-12-15,69363.3046875,72741.0234375,72816.6328125,71833.6484375,72741.0234375,1949761
2023-12-18,67777.0234375,71077.5078125,72741.0234375,70850.6640625,72514.1796875,2997446
2023-12-19,68209.640625,71531.1875,71531.1875,70775.046875,71001.890625,1653654
2023-12-20,68281.7421875,71606.8046875,71833.6484375,71153.1171875,71304.3515625,1784713
2023-12-21,68570.15625,71909.265625,71909.265625,71077.5078125,71531.1875,2323368
2023-12-22,68209.640625,71531.1875,71909.265625,71379.9609375,71833.6484375,1686716
2023-12-25,69219.0859375,72589.7890625,72741.0234375,71682.421875,71758.03125,2667482
2023-12-26,70084.3203125,73497.1640625,74555.765625,72892.25,72967.8671875,4443467
2023-12-27,69868.0234375,73270.3203125,73950.8515625,73270.3203125,73648.390625,1793177
2023-12-28,69651.7109375,73043.4765625,73345.9375,72816.6328125,73345.9375,1582503
2023-12-29,69291.1875,72665.40625,73345.9375,72665.40625,73043.4765625,2468578
2024-01-01,69291.1875,72665.40625,72665.40625,72665.40625,72665.40625,0
2024-01-02,69146.984375,72514.1796875,73270.3203125,72362.9453125,73270.3203125,2267426
2024-01-03,69435.3984375,72816.6328125,72967.8671875,72136.109375,72287.3359375,1900300
2024-01-04,70084.3203125,73497.1640625,74404.5390625,72741.0234375,72816.6328125,3932982
2024-01-05,70228.5234375,73648.390625,73724.0078125,72967.8671875,73572.78125,1505798
2024-01-08,70156.4375,73572.78125,74328.921875,73421.546875,73648.390625,1908367
2024-01-09,69651.7109375,73043.4765625,73572.78125,73043.4765625,73572.78125,1602473
2024-01-10,68281.7421875,71606.8046875,73270.3203125,71455.578125,73119.09375,4367556
2024-01-11,68498.0546875,71833.6484375,72136.109375,71606.8046875,71606.8046875,1813015
2024-01-12,68281.7421875,71606.8046875,72287.3359375,71153.1171875,71682.421875,3434532
2024-01-15,68786.46875,72136.109375,72514.1796875,71758.03125,71833.6484375,1735384
2024-01-16,69002.765625,72362.9453125,72362.9453125,71606.8046875,71606.8046875,1071225
2024-01-17,69002.765625,72362.9453125,72589.7890625,71833.6484375,72287.3359375,1870015
2024-01-18,68930.671875,72287.3359375,72589.7890625,71984.875,72362.9453125,1503550
2024-01-19,69435.3984375,72816.6328125,73270.3203125,72362.9453125,72589.7890625,1974757
2024-01-22,69507.5078125,72892.25,73194.703125,72438.5625,73194.703125,1465330
2024-01-23,68930.671875,72287.3359375,72892.25,72136.109375,72665.40625,1957829
2024-01-24,68498.0546875,71833.6484375,72438.5625,71758.03125,72438.5625,2277477
2024-01-25,68498.0546875,71833.6484375,71833.6484375,71833.6484375,71833.6484375,0
2024-01-26,69146.984375,72514.1796875,72741.0234375,72060.4921875,72211.71875,1223841
2024-01-29,69146.984375,72514.1796875,72665.40625,72060.4921875,72514.1796875,1402775
2024-01-30,68930.671875,72287.3359375,72514.1796875,72136.109375,72514.1796875,1255052
2024-01-31,69002.765625,72362.9453125,72589.7890625,72211.71875,72287.3359375,1827033
2024-02-01,72031.1171875,75538.75,75538.75,72362.9453125,72514.1796875,10307168
2024-02-02,72031.1171875,75538.75,75538.75,75538.75,75538.75,0
2024-02-05,74626.828125,78260.8671875,78714.5546875,77051.0390625,77126.65625,3563344
2024-02-06,75059.4453125,78714.5546875,79395.0859375,77807.1796875,78336.484375,2491986
2024-02-07,75636.265625,79319.46875,79395.0859375,78563.328125,79168.2421875,2810841
2024-02-08,75636.265625,79319.46875,79319.46875,79319.46875,79319.46875,0
2024-02-09,75636.265625,79319.46875,79319.46875,79319.46875,79319.46875,0
2024-02-12,75636.265625,79319.46875,79319.46875,79319.46875,79319.46875,0
2024-02-13,75636.265625,79319.46875,79319.46875,79319.46875,79319.46875,0
2024-02-14,75636.265625,79319.46875,79319.46875,79319.46875,79319.46875,0
2024-02-15,74987.3359375,78638.9375,79773.15625,78487.7109375,79546.3125,2973509
2024-02-16,75780.4921875,79470.703125,79470.703125,78487.7109375,78638.9375,2732285
2024-02-19,75708.375,79395.0859375,80907.375,79395.0859375,79773.15625,2687055
2024-02-20,75203.6484375,78865.78125,79546.3125,78638.9375,79546.3125,2439086
2024-02-21,76357.3125,80075.6171875,80831.7578125,78260.8671875,78638.9375,4149343
2024-02-22,75419.96875,79092.625,80151.2265625,79092.625,80075.6171875,2272980
2024-02-23,74915.2421875,78563.328125,80680.53125,78109.640625,79773.15625,5426878
2024-02-26,77871.46875,81663.515625,81663.515625,78260.8671875,78563.328125,5907210
2024-02-27,77799.3671875,81587.8984375,82797.734375,81209.828125,82041.5859375,3704058
2024-02-28,78231.9921875,82041.5859375,82041.5859375,80378.0703125,81663.515625,4578098
2024-02-29,78592.5,82419.65625,82722.1171875,81436.671875,81814.7421875,3735798
2024-03-01,79890.359375,83780.71875,84234.40625,82495.2734375,82570.890625,5315656
2024-03-04,80322.984375,84234.40625,84536.859375,83780.71875,83931.9453125,4082689
2024-03-05,79818.2578125,83705.1015625,84234.40625,83100.1875,84234.40625,4474017
2024-03-06,78664.609375,82495.2734375,83478.2578125,81965.9765625,83175.8046875,4896688
2024-03-07,80250.8828125,84158.7890625,86124.765625,81814.7421875,82495.2734375,5339726
2024-03-08,79313.5390625,83175.8046875,85141.7734375,82797.734375,84158.7890625,4120381
2024-03-11,79313.5390625,83175.8046875,85822.3046875,83175.8046875,83175.8046875,4472033
2024-03-12,80683.4921875,84612.4765625,85822.3046875,83175.8046875,83175.8046875,3845565
2024-03-13,84360.765625,88468.8125,88468.8125,84688.09375,85293.0078125,6763529
2024-03-14,84360.765625,88468.8125,89603.0234375,87485.8203125,89603.0234375,4579817
2024-03-15,83639.7265625,87712.6640625,88317.578125,86578.453125,88317.578125,5076284
2024-03-18,81476.6328125,85444.234375,87561.4375,84007.5625,87561.4375,7782383
2024-03-19,80755.609375,84688.09375,85444.234375,84007.5625,85444.234375,4384616
2024-03-20,82558.1875,86578.453125,86956.5234375,84007.5625,84914.9375,4596613
2024-03-21,83783.9296875,87863.890625,87863.890625,86654.0625,87107.75,4969690
2024-03-22,82846.59375,86880.90625,87939.5078125,86578.453125,87939.5078125,3193573
2024-03-25,82197.6640625,86200.375,87032.1328125,86049.1484375,86275.9921875,3695594
2024-03-26,82918.703125,86956.5234375,87334.59375,85897.921875,86200.375,2239389
2024-03-27,83062.90625,87107.75,87183.3671875,86275.9921875,86729.6796875,1745964
2024-03-28,84432.875,88544.421875,88771.265625,87183.3671875,87637.0546875,3707232
2024-03-29,84000.25,88090.734375,88620.0390625,87712.6640625,88015.125,1776778
2024-04-01,84216.546875,88317.578125,88922.4921875,87107.75,87712.6640625,2611408
2024-04-02,84360.765625,88468.8125,88468.8125,87258.9765625,87258.9765625,3022970
2024-04-03,82990.796875,87032.1328125,88468.8125,87032.1328125,87788.28125,3371052
2024-04-04,82197.6640625,86200.375,87561.4375,86200.375,86956.5234375,3120438
2024-04-05,81981.359375,85973.53125,86729.6796875,85141.7734375,85519.8515625,3648777
2024-04-08,81188.2265625,85141.7734375,85973.53125,85141.7734375,85973.53125,2581520
2024-04-09,81476.6328125,85444.234375,85595.4609375,85066.1640625,85141.7734375,1894481
2024-04-10,82053.453125,86049.1484375,87410.2109375,85671.078125,85822.3046875,2368729
2024-04-11,82846.59375,86880.90625,87258.9765625,85671.078125,85822.3046875,2049081
2024-04-12,83279.2109375,87334.59375,87637.0546875,86427.21875,87637.0546875,1808254
2024-04-15,80467.1875,84385.6328125,87410.2109375,84310.015625,87334.59375,4895762
2024-04-16,81476.6328125,85444.234375,85595.4609375,84310.015625,84688.09375,4817470
2024-04-17,80611.390625,84536.859375,85519.8515625,84385.6328125,85519.8515625,2570014
2024-04-18,80611.390625,84536.859375,84536.859375,84536.859375,84536.859375,0
2024-04-19,78592.5,82419.65625,84083.1796875,82419.65625,83553.875,7090054
2024-04-22,79529.84375,83402.6484375,84234.40625,82344.046875,83175.8046875,3170429
2024-04-23,80971.9140625,84914.9375,85671.078125,83100.1875,83856.3359375,5339726
2024-04-24,86595.9609375,90812.8515625,90812.8515625,85595.4609375,85897.921875,13434880
2024-04-25,88831.1640625,93156.8984375,96786.390625,92173.9140625,92627.6015625,7548433
2024-04-26,88831.1640625,93156.8984375,94820.4140625,92400.7578125,93005.671875,4491871
2024-04-29,88831.1640625,93156.8984375,93156.8984375,93156.8984375,93156.8984375,0
2024-04-30,88831.1640625,93156.8984375,93156.8984375,93156.8984375,93156.8984375,0
2024-05-01,88831.1640625,93156.8984375,93156.8984375,93156.8984375,93156.8984375,0
2024-05-02,91787.3984375,96257.0859375,97542.53125,93383.7421875,93610.5859375,4588149
2024-05-03,90777.9453125,95198.484375,97088.84375,94971.6484375,96862.0,4220362
2024-05-06,92003.6953125,96483.9296875,96483.9296875,94139.8828125,95652.171875,3576833
2024-05-07,94671.5234375,99281.6640625,99508.5078125,96181.4765625,96786.390625,4129903
2024-05-08,94455.203125,99054.8203125,99054.8203125,97769.375,98374.2890625,3991040
2024-05-09,93950.5,98525.5234375,100415.8828125,98298.6796875,98752.359375,2913864
2024-05-10,94455.203125,99054.8203125,99962.1953125,97693.765625,99281.6640625,5011878
2024-05-13,93517.8671875,98071.8359375,99432.890625,97391.3046875,99281.6640625,2449534
2024-05-14,94094.703125,98676.75,99584.1171875,97996.21875,98298.6796875,3047833
2024-05-15,96690.4140625,101398.8671875,101701.3203125,99281.6640625,99432.890625,4831224
2024-05-16,97627.7578125,102381.8515625,103818.5234375,101474.4765625,102533.078125,4124877
2024-05-17,96978.8203125,101701.3203125,102835.5390625,101096.40625,102381.8515625,3050214
2024-05-20,95897.28125,100567.109375,102911.15625,100567.109375,102230.625,2662853
2024-05-21,98060.375,102835.5390625,102835.5390625,100945.1796875,101323.25,4591587
2024-05-22,99502.4453125,104347.828125,105633.2734375,102911.15625,104272.2109375,5966855
2024-05-23,99141.921875,103969.7578125,104196.59375,102079.3984375,103969.7578125,4789433
2024-05-24,95104.140625,99735.3515625,104347.828125,98752.359375,104347.828125,17689231
2024-05-27,95753.078125,100415.8828125,100945.1796875,98752.359375,100567.109375,6821190
2024-05-28,98781.40625,103591.6796875,103591.6796875,100642.71875,101323.25,6116959
2024-05-29,97844.0625,102608.6953125,104499.0546875,101928.1640625,103667.296875,7720226
2024-05-30,97339.34375,102079.3984375,102079.3984375,99735.3515625,101172.0234375,9603069
2024-05-31,97050.921875,101776.9375,103440.453125,101172.0234375,102079.3984375,3482803
2024-06-03,97050.921875,101776.9375,101776.9375,101776.9375,101776.9375,0
2024-06-04,100295.578125,105179.5859375,105330.8125,104196.59375,105103.96875,9270460
2024-06-05,101016.59375,105935.7265625,109565.21875,105633.2734375,105860.1171875,8360316
2024-06-06,100656.09375,105557.65625,107145.5546875,104952.7421875,106086.953125,6892605
2024-06-07,102386.5625,107372.3984375,107372.3984375,106238.1875,106616.2578125,4968500
2024-06-10,103828.6328125,108884.6875,109640.828125,108128.546875,108506.6171875,4992966
2024-06-11,105631.21875,110775.046875,110775.046875,108204.15625,109111.53125,8367854
2024-06-12,110318.6640625,114782.609375,115391.3046875,111130.4375,111217.390625,12897825
2024-06-13,108647.1640625,113043.4765625,116347.828125,113043.4765625,116260.8671875,9356630
2024-06-14,109482.921875,113913.046875,115304.3515625,112173.9140625,113130.4375,7367130
2024-06-17,107644.2734375,112000.0,114260.8671875,111739.1328125,113913.046875,5597740
2024-06-18,106975.671875,111304.3515625,112782.609375,111304.3515625,112000.0,7682000
2024-06-19,109900.7890625,114347.828125,115478.2578125,110086.953125,111304.3515625,11119580
2024-06-20,111405.1328125,115913.046875,118000.0,114608.6953125,115652.171875,12035555
2024-06-21,113745.234375,118347.828125,118347.828125,115913.046875,116434.78125,8801295
2024-06-24,110402.234375,114869.5625,117826.0859375,114782.609375,117391.3046875,15164935
2024-06-25,108647.1640625,113043.4765625,114000.0,111826.0859375,113913.046875,15762820
2024-06-26,110151.515625,114608.6953125,114608.6953125,112521.7421875,113913.046875,8219510
2024-06-27,110987.2578125,115478.2578125,116608.6953125,113739.1328125,114173.9140625,7364255
2024-06-28,109065.046875,113478.2578125,115478.2578125,113391.3046875,115478.2578125,7627950
2024-07-01,107477.1171875,111826.0859375,113391.3046875,111739.1328125,113391.3046875,7332400
2024-07-02,106975.671875,111304.3515625,114869.5625,110869.5625,111826.0859375,7728690
2024-07-03,109482.921875,113913.046875,115478.2578125,113130.4375,113478.2578125,8779215
2024-07-04,113494.5,118086.953125,118086.953125,114869.5625,114869.5625,9335585
2024-07-05,115918.171875,120608.6953125,121478.2578125,118347.828125,118347.828125,8957810
2024-07-08,116670.34375,121391.3046875,121391.3046875,119565.21875,120434.78125,6745555
2024-07-09,114915.2734375,119565.21875,121130.4375,118260.8671875,120956.5234375,11127515
2024-07-10,111990.1640625,116521.7421875,119130.4375,116521.7421875,118260.8671875,7238905
2024-07-11,111154.40625,115652.171875,117739.1328125,115217.390625,116608.6953125,7868415
2024-07-12,111823.015625,116347.828125,118260.8671875,114956.5234375,114956.5234375,4086410
2024-07-15,110903.6875,115391.3046875,117217.390625,115043.4765625,116086.953125,3527280
2024-07-16,111990.1640625,116521.7421875,116956.5234375,115043.4765625,116173.9140625,4602645
2024-07-17,110235.0859375,114695.6484375,116608.6953125,112956.5234375,116521.7421875,8015615
2024-07-18,106892.09375,111217.390625,114260.8671875,111130.4375,114260.8671875,12420230
2024-07-19,105304.171875,109565.21875,112434.78125,109565.21875,111826.0859375,7534455
2024-07-22,103716.265625,107913.046875,109565.21875,107130.4375,109565.21875,7149435
2024-07-23,104886.3125,109130.4375,110869.5625,108521.7421875,108608.6953125,6108340
2024-07-24,105304.171875,109565.21875,110086.953125,107826.0859375,109130.4375,4774455
2024-07-25,104468.421875,108695.6484375,109130.4375,107913.046875,108000.0,2947910
2024-07-26,106975.671875,111304.3515625,111304.3515625,108173.9140625,109478.2578125,4543765
2024-07-29,107811.421875,112173.9140625,113565.21875,112173.9140625,113043.4765625,5588770
2024-07-30,106975.671875,111304.3515625,112608.6953125,110434.78125,112173.9140625,2729870
2024-07-31,107477.1171875,111826.0859375,111826.0859375,110086.953125,110695.6484375,3299580
2024-08-01,104301.2890625,108521.7421875,112782.609375,107913.046875,112695.6484375,7900845
2024-08-02,102964.0859375,107130.4375,108521.7421875,105217.390625,106173.9140625,11436405
2024-08-05,99119.65625,103130.4375,106869.5625,102086.953125,105304.3515625,11977480
2024-08-06,100958.2890625,105043.4765625,106000.0,104173.9140625,104347.828125,7737315
2024-08-07,101961.1796875,106086.953125,106086.953125,104521.7421875,105217.390625,3246220
2024-08-08,101459.75,105565.21875,106434.78125,105130.4375,105739.1328125,3053135
2024-08-09,106056.3515625,110347.828125,110347.828125,106086.953125,106434.78125,6320860
2024-08-12,108647.1640625,113043.4765625,113217.390625,109739.1328125,110347.828125,7111025
2024-08-13,108396.453125,112782.609375,113217.390625,111304.3515625,112782.609375,4712585
2024-08-14,108229.296875,112608.6953125,114347.828125,112608.6953125,113652.171875,3291530
2024-08-15,107560.6953125,111913.046875,112608.6953125,111478.2578125,112260.8671875,2596240
2024-08-16,109148.6171875,113565.21875,113913.046875,112260.8671875,112260.8671875,5857640
2024-08-19,109065.046875,113478.2578125,114260.8671875,113043.4765625,114000.0,2873160
2024-08-20,109900.7890625,114347.828125,115217.390625,113652.171875,113652.171875,4302610
2024-08-21,111572.2890625,116086.953125,116347.828125,113565.21875,113565.21875,7037655
2024-08-22,111823.015625,116347.828125,116956.5234375,116086.953125,116521.7421875,3473575
2024-08-23,111237.9921875,115739.1328125,116260.8671875,115130.4375,116260.8671875,3513250
2024-08-26,109900.7890625,114347.828125,116086.953125,114347.828125,115913.046875,2978845
2024-08-27,110736.5390625,115217.390625,115304.3515625,113391.3046875,114347.828125,2689275
2024-08-28,111405.1328125,115913.046875,116956.5234375,115565.21875,115652.171875,3118225
2024-08-29,111739.4296875,116260.8671875,116347.828125,114956.5234375,115478.2578125,2406605
2024-08-30,112658.7578125,117217.390625,117304.3515625,115652.171875,116086.953125,3813170
2024-09-02,112658.7578125,117217.390625,117217.390625,117217.390625,117217.390625,0
2024-09-03,112658.7578125,117217.390625,117217.390625,117217.390625,117217.390625,0
2024-09-04,111154.40625,115652.171875,115652.171875,114347.828125,115652.171875,5215480
2024-09-05,109148.6171875,113565.21875,115652.171875,112782.609375,115652.171875,9263940
2024-09-06,110402.234375,114869.5625,115565.21875,113304.3515625,113478.2578125,4394610
2024-09-09,109733.6328125,114173.9140625,114695.6484375,113130.4375,113739.1328125,3317980
2024-09-10,108647.1640625,113043.4765625,113913.046875,112695.6484375,113913.046875,4824365
2024-09-11,109148.6171875,113565.21875,114173.9140625,112869.5625,113043.4765625,3668960
2024-09-12,110569.390625,115043.4765625,115217.390625,113913.046875,113913.046875,4735700
2024-09-13,111154.40625,115652.171875,116000.0,114782.609375,114956.5234375,3664820
2024-09-16,109566.4921875,114000.0,115652.171875,114000.0,114608.6953125,2203055
2024-09-17,111070.828125,115565.21875,115565.21875,114086.953125,114086.953125,3049110
2024-09-18,112491.6015625,117043.4765625,117565.21875,115565.21875,116000.0,6186540
2024-09-19,112993.0546875,117565.21875,118086.953125,116782.609375,117391.3046875,5927445
2024-09-20,113076.6328125,117652.171875,119130.4375,117391.3046875,118521.7421875,4277655
2024-09-23,111990.1640625,116521.7421875,118173.9140625,116000.0,118173.9140625,2807380
2024-09-24,112408.03125,116956.5234375,117130.4375,116260.8671875,116521.7421875,2313110
2024-09-25,112658.7578125,117217.390625,117217.390625,116173.9140625,116782.609375,5151885
2024-09-26,112240.875,116782.609375,117391.3046875,116434.78125,117391.3046875,3237940
2024-09-27,112157.296875,116695.6484375,116869.5625,116086.953125,116782.609375,3855720
2024-09-30,112408.03125,116956.5234375,116956.5234375,115652.171875,116695.6484375,3485075
2024-10-01,113578.0703125,118173.9140625,118434.78125,117130.4375,117130.4375,5434785
2024-10-02,113160.2109375,117739.1328125,118173.9140625,117043.4765625,117043.4765625,1977770
2024-10-03,111990.1640625,116521.7421875,118347.828125,116521.7421875,117739.1328125,2645920
2024-10-04,112073.734375,116608.6953125,117217.390625,116086.953125,116782.609375,1688660
2024-10-07,112073.734375,116608.6953125,117304.3515625,116173.9140625,116695.6484375,1530075
2024-10-08,111823.015625,116347.828125,117478.2578125,116173.9140625,116608.6953125,2424890
2024-10-09,113160.2109375,117739.1328125,118086.953125,116782.609375,116782.609375,3012885
2024-10-10,118425.4140625,123217.390625,123478.2578125,118086.953125,118086.953125,11445030
2024-10-11,116670.34375,121391.3046875,124173.9140625,121391.3046875,123478.2578125,4385640
2024-10-14,114998.8515625,119652.171875,122869.5625,119217.390625,122695.6484375,6446095
2024-10-15,114497.3984375,119130.4375,120521.7421875,118782.609375,119652.171875,3289920
2024-10-16,113912.3828125,118521.7421875,119217.390625,118260.8671875,118608.6953125,3169400
2024-10-17,114497.3984375,119130.4375,119217.390625,117826.0859375,118695.6484375,2966080
2024-10-18,114497.3984375,119130.4375,119826.0859375,118782.609375,119478.2578125,2494810
2024-10-21,113243.7734375,117826.0859375,119739.1328125,117826.0859375,119130.4375,3083495
2024-10-22,111237.9921875,115739.1328125,118000.0,115652.171875,118000.0,6910580
2024-10-23,112157.296875,116695.6484375,117217.390625,115304.3515625,115565.21875,3467365
2024-10-24,112240.875,116782.609375,116782.609375,116347.828125,116695.6484375,2618780
2024-10-25,111990.1640625,116521.7421875,117043.4765625,116173.9140625,116782.609375,2114850
2024-10-28,112742.3359375,117304.3515625,117391.3046875,116173.9140625,116608.6953125,1731900
2024-10-29,113160.2109375,117739.1328125,117826.0859375,117217.390625,117739.1328125,2828080
2024-10-30,113578.0703125,118173.9140625,118173.9140625,117565.21875,117739.1328125,1966270
2024-10-31,113578.0703125,118173.9140625,118260.8671875,117652.171875,118173.9140625,1427955
2024-11-01,112491.6015625,117043.4765625,117391.3046875,116173.9140625,117391.3046875,3067625
2024-11-04,110987.2578125,115478.2578125,117043.4765625,115391.3046875,117043.4765625,3660335
2024-11-05,110820.1171875,115304.3515625,116521.7421875,115043.4765625,115652.171875,1905665
2024-11-06,112491.6015625,117043.4765625,117043.4765625,115652.171875,115739.1328125,2071725
2024-11-07,112909.4765625,117478.2578125,119652.171875,116695.6484375,117652.171875,4106075
2024-11-08,113494.5,118086.953125,118956.5234375,117478.2578125,118347.828125,2422245
2024-11-11,115583.875,120260.8671875,121304.3515625,118260.8671875,118695.6484375,6085800
2024-11-12,114330.2578125,118956.5234375,120782.609375,118173.9140625,120521.7421875,3351905
2024-11-13,115166.0,119826.0859375,120086.953125,118347.828125,118869.5625,3973710
2024-11-14,113661.6484375,118260.8671875,121652.171875,118260.8671875,119913.046875,5446745
2024-11-15,111906.578125,116434.78125,118000.0,115304.3515625,117652.171875,7548140
2024-11-18,111990.1640625,116521.7421875,117043.4765625,115217.390625,116521.7421875,4488910
2024-11-19,108647.1640625,113043.4765625,116173.9140625,112956.5234375,116086.953125,8789220
2024-11-20,110652.9609375,115130.4375,115130.4375,110173.9140625,113043.4765625,9729345
2024-11-21,111154.40625,115652.171875,115652.171875,113913.046875,115130.4375,3653205
2024-11-22,111906.578125,116434.78125,116869.5625,115217.390625,115565.21875,3353285
2024-11-25,111906.578125,116434.78125,116521.7421875,115826.0859375,116521.7421875,2127155
2024-11-26,112993.0546875,117565.21875,118173.9140625,115913.046875,116000.0,4802515
2024-11-27,116085.3203125,120782.609375,121478.2578125,117565.21875,117565.21875,11286445
2024-11-28,116503.1953125,121217.390625,121739.1328125,120260.8671875,121217.390625,5454105
2024-11-29,120598.3515625,125478.2578125,126434.78125,120869.5625,121217.390625,13324705
2024-12-02,119672.6171875,123652.171875,126956.5234375,123130.4375,125478.2578125,7609320
2024-12-03,122029.0390625,126086.953125,126869.5625,123217.390625,123217.390625,5869255
2024-12-04,120766.671875,124782.609375,127217.390625,124173.9140625,126086.953125,6450465
2024-12-05,124974.5703125,129130.4375,129130.4375,124869.5625,125217.390625,5576580
2024-12-06,125816.1484375,130000.0,132086.953125,128695.6484375,132086.953125,5222380
2024-12-09,123712.1953125,127826.0859375,130000.0,127043.4765625,129739.1328125,5219850
2024-12-10,125816.1484375,130000.0,130000.0,127826.0859375,127913.046875,4136780
2024-12-11,126657.7265625,130869.5625,131913.046875,130173.9140625,130434.78125,5539090
2024-12-12,126405.2578125,130608.6953125,132086.953125,129739.1328125,132086.953125,4770085
2024-12-13,125816.1484375,130000.0,131217.390625,129913.046875,130000.0,3886770
2024-12-16,126152.7734375,130347.828125,130956.5234375,130000.0,130086.953125,3784765
2024-12-17,124553.78125,128695.6484375,130869.5625,128434.78125,130521.7421875,6839625
2024-12-18,125142.8828125,129304.3515625,130260.8671875,128695.6484375,128695.6484375,3361910
2024-12-19,124637.9453125,128782.609375,129565.21875,128000.0,128086.953125,5525980
2024-12-20,125816.1484375,130000.0,130956.5234375,128956.5234375,129130.4375,4069735
2024-12-23,126068.6171875,130260.8671875,130347.828125,129304.3515625,130000.0,2892020
2024-12-24,126573.5703125,130782.609375,131130.4375,129913.046875,130434.78125,2646035
2024-12-25,126910.203125,131130.4375,131478.265625,130782.609375,130956.5234375,2890065
2024-12-26,126068.6171875,130260.8671875,131652.171875,129652.171875,131304.34375,2568295
2024-12-27,125900.296875,130086.953125,130347.828125,129304.3515625,130000.0,2945955
2024-12-30,126657.7265625,130869.5625,131130.4375,129130.4375,129913.046875,2279760
2024-12-31,128340.890625,132608.703125,133826.09375,130695.6484375,131043.4765625,4143680
2025-01-01,128340.890625,132608.703125,132608.703125,132608.703125,132608.703125,0
2025-01-02,127920.09375,132173.90625,132782.609375,130521.7421875,132608.703125,3648720
2025-01-03,125395.359375,129565.21875,131565.21875,129565.21875,131565.21875,4986515
2025-01-06,125647.8359375,129826.0859375,130608.6953125,129043.4765625,129652.171875,3987165
2025-01-07,126321.1015625,130521.7421875,131565.21875,130000.0,130000.0,3971295
2025-01-08,124806.25,128956.5234375,130434.78125,128782.609375,130434.78125,4461885
2025-01-09,125227.0390625,129391.3046875,129739.1328125,128695.6484375,128956.5234375,1971560
2025-01-10,123964.6640625,128086.953125,129652.171875,128000.0,129391.3046875,2903405
2025-01-13,124217.1484375,128347.828125,129130.4375,125826.0859375,127043.4765625,4012120
2025-01-14,122113.1953125,126173.9140625,128695.6484375,126173.9140625,128347.828125,3331780
2025-01-15,122449.828125,126521.7421875,127391.3046875,125913.046875,126956.5234375,3267035
2025-01-16,122449.828125,126521.7421875,127391.3046875,125913.046875,126956.5234375,3267035
2025-01-17,125395.359375,129565.21875,130521.7421875,126956.5234375,127478.2578125,4067550
2025-01-20,126236.9296875,130434.78125,130782.609375,128869.5625,129565.21875,2550355
2025-01-21,126152.7734375,130347.828125,131652.171875,129565.21875,130869.5625,2852345
2025-01-22,125984.4609375,130173.9140625,130956.5234375,129739.1328125,130086.953125,3203440
2025-01-23,129855.71875,134173.90625,135652.171875,130434.78125,130521.7421875,8116470
2025-01-24,129098.3046875,133391.296875,134347.828125,133391.296875,134000.0,4204055
2025-01-27,129098.3046875,133391.296875,133391.296875,133391.296875,133391.296875,0
2025-01-28,129098.3046875,133391.296875,133391.296875,133391.296875,133391.296875,0
2025-01-29,129098.3046875,133391.296875,133391.296875,133391.296875,133391.296875,0
2025-01-30,129098.3046875,133391.296875,133391.296875,133391.296875,133391.296875,0
2025-01-31,129098.3046875,133391.296875,133391.296875,133391.296875,133391.296875,0
2025-02-03,122449.828125,126521.7421875,129739.1328125,126347.828125,128695.6484375,14659855
2025-02-04,123038.9375,127130.4375,127826.0859375,126347.828125,126956.5234375,6287855
2025-02-05,123123.09375,127217.390625,128260.8671875,126782.609375,127739.1328125,5984715
2025-02-06,123291.4140625,127391.3046875,128086.953125,126608.6953125,127826.0859375,3940590
2025-02-07,122954.7734375,127043.4765625,127565.21875,126782.609375,127391.3046875,4445785
2025-02-10,119504.296875,123478.2578125,126521.7421875,123478.2578125,126521.7421875,8912040
2025-02-11,122365.671875,126434.78125,126434.78125,121826.0859375,123652.171875,6165610
2025-02-12,122029.0390625,126086.953125,126695.6484375,125478.2578125,126608.6953125,2170510
2025-02-13,120430.0390625,124434.78125,126086.953125,124086.953125,126086.953125,3278420
2025-02-14,121944.8828125,126000.0,126086.953125,124869.5625,125217.390625,3739455
2025-02-17,120850.828125,124869.5625,126086.953125,124695.6484375,126086.953125,2836245
2025-02-18,121103.3046875,125130.4375,125565.21875,124434.78125,125043.4765625,1914060
2025-02-19,121187.453125,125217.390625,126000.0,124434.78125,125130.4375,3484270
2025-02-20,120345.8828125,124347.828125,125739.1328125,124347.828125,125391.3046875,3893210
2025-02-21,119504.296875,123478.2578125,124260.8671875,123043.4765625,124173.9140625,6109490
2025-02-24,118241.9375,122173.9140625,123478.2578125,121304.3515625,123478.2578125,8622585
2025-02-25,116979.5546875,120869.5625,122086.953125,120173.9140625,122086.953125,7831960
2025-02-26,119335.9921875,123304.3515625,123304.3515625,120782.609375,120956.5234375,3821910
2025-02-27,118915.1875,122869.5625,123652.171875,122347.828125,123478.2578125,3934955
2025-02-28,118073.609375,122000.0,122695.6484375,120869.5625,121826.0859375,5398560
2025-03-03,118241.9375,122173.9140625,122956.5234375,122000.0,122173.9140625,2913985
2025-03-04,117821.140625,121739.1328125,122260.8671875,121130.4375,121304.3515625,3991995
2025-03-05,117063.71875,120956.5234375,121826.0859375,120956.5234375,121739.1328125,3278765
2025-03-06,119167.6640625,123130.4375,124782.609375,121304.3515625,121304.3515625,7379665
2025-03-07,118999.3515625,122956.5234375,124086.953125,122695.6484375,123217.390625,3397675
2025-03-10,117232.046875,121130.4375,123043.4765625,121043.4765625,123043.4765625,6121450
2025-03-11,115717.1953125,119565.21875,120434.78125,119130.4375,120000.0,6652060
2025-03-12,114370.6640625,118173.9140625,120608.6953125,118173.9140625,119739.1328125,7112750
2025-03-13,114875.609375,118695.6484375,120000.0,118347.828125,118347.828125,4151730
2025-03-14,110583.5546875,114260.8671875,118521.7421875,113739.1328125,117913.046875,18508100
2025-03-17,109405.34375,113043.4765625,114869.5625,112695.6484375,114434.78125,7713050
2025-03-18,109405.34375,113043.4765625,114956.5234375,113043.4765625,113130.4375,6334775
2025-03-19,104860.8125,108347.828125,113565.21875,107391.3046875,113130.4375,20847660
2025-03-20,105197.4453125,108695.6484375,110260.8671875,108260.8671875,108347.828125,9433910
2025-03-21,107722.1875,111304.3515625,112173.9140625,108695.6484375,108695.6484375,7388520
2025-03-24,108563.765625,112173.9140625,112434.78125,110695.6484375,111739.1328125,5853730
2025-03-25,106459.8203125,110000.0,112956.5234375,110000.0,112869.5625,6473580
2025-03-26,103514.2890625,106956.5234375,110000.0,106695.6484375,110000.0,11194790
2025-03-27,106207.3515625,109739.1328125,110000.0,105304.3515625,106086.953125,7434060
2025-03-28,104355.875,107826.0859375,109913.046875,107826.0859375,109652.171875,3386520
2025-03-31,101831.125,105217.390625,107304.3515625,105217.390625,107304.3515625,6217245
2025-04-01,101410.34375,104782.609375,106260.8671875,103304.3515625,106086.953125,8997945
2025-04-02,102672.703125,106086.953125,106347.828125,105043.4765625,105391.3046875,4508230
2025-04-03,95519.28125,98695.6484375,102260.8671875,98695.6484375,99739.1328125,13207635
2025-04-04,95098.5,98260.8671875,99043.4765625,91826.0859375,91826.0859375,24810675
2025-04-07,95098.5,98260.8671875,98260.8671875,98260.8671875,98260.8671875,0
2025-04-08,88450.015625,91391.3046875,93913.046875,91391.3046875,92173.9140625,18717860
2025-04-09,88618.328125,91565.21875,93913.046875,85043.4765625,85043.4765625,19427295
2025-04-10,94761.8671875,97913.046875,97913.046875,97913.046875,97913.046875,1156210
2025-04-11,99727.1796875,103043.4765625,103043.4765625,99391.3046875,101739.1328125,22107600
2025-04-14,99727.1796875,103043.4765625,104347.828125,99130.4375,104347.828125,10600010
2025-04-15,97623.2265625,100869.5625,101739.1328125,98869.5625,100956.5234375,8926760
2025-04-16,90806.4296875,93826.0859375,100782.609375,93826.0859375,99565.21875,20737030
2025-04-17,92068.8125,95130.4375,96782.609375,91217.390625,91304.3515625,9867115
2025-04-18,93920.28125,97043.4765625,100000.0,96086.953125,96086.953125,8608325
2025-04-21,94004.4375,97130.4375,97826.0859375,95652.171875,97391.3046875,4982145
2025-04-22,92910.3828125,96000.0,96695.6484375,90434.78125,96521.7421875,10496395
2025-04-23,92910.3828125,96000.0,97130.4375,93652.171875,97130.4375,6567420
2025-04-24,94256.9140625,97391.3046875,98869.5625,96173.9140625,96956.5234375,8901115
2025-04-25,94593.546875,97739.1328125,97739.1328125,95826.0859375,97391.3046875,6191715
2025-04-28,92152.96875,95217.390625,97739.1328125,94956.5234375,97391.3046875,4431755
2025-04-29,92068.8125,95130.4375,96086.953125,94869.5625,95304.3515625,3387325
2025-04-30,92068.8125,95130.4375,95130.4375,95130.4375,95130.4375,0
2025-05-01,92068.8125,95130.4375,95130.4375,95130.4375,95130.4375,0
2025-05-02,92068.8125,95130.4375,95130.4375,95130.4375,95130.4375,0
2025-05-05,91395.546875,94434.78125,95391.3046875,92956.5234375,95217.390625,8242740
2025-05-06,91395.546875,94434.78125,95391.3046875,92956.5234375,95217.390625,8242740
2025-05-07,92321.28125,95391.3046875,96521.7421875,94434.78125,94434.78125,6539130
2025-05-08,92321.28125,95391.3046875,96695.6484375,94695.6484375,95304.3515625,4515820
2025-05-09,96192.5546875,99391.3046875,99652.171875,94782.609375,96000.0,14541635
2025-05-12,99558.8671875,102869.5625,103217.390625,101478.2578125,101739.1328125,10022480
2025-05-13,99558.8671875,102869.5625,103217.390625,101478.2578125,101739.1328125,10022480
2025-05-14,100568.765625,103913.046875,104608.6953125,103130.4375,104347.828125,9850785
2025-05-15,106291.5,109826.0859375,109826.0859375,104347.828125,104347.828125,13892345
2025-05-16,105197.4453125,108695.6484375,110347.828125,107478.2578125,110000.0,8977245
2025-05-19,99474.7109375,102782.609375,104782.609375,101391.3046875,103304.3515625,11404205
2025-05-20,99474.7109375,102782.609375,104782.609375,101391.3046875,103304.3515625,11404205
2025-05-21,100316.2890625,103652.171875,103739.1328125,101565.21875,101565.21875,9097995
2025-05-22,99558.8671875,102869.5625,104347.828125,101739.1328125,104347.828125,6928060
2025-05-23,98296.5,101565.21875,102260.8671875,100521.7421875,101826.0859375,7303305
2025-05-26,98717.28125,102000.0,102434.78125,100000.0,101478.2578125,4626910
2025-05-27,98717.28125,102000.0,102434.78125,100000.0,101478.2578125,4626910
2025-05-28,100147.96875,103478.2578125,103826.0859375,102086.953125,102086.953125,6322930
2025-05-29,99643.0234375,102956.5234375,103826.0859375,102173.9140625,103652.171875,4523640
2025-05-30,98548.96875,101826.0859375,103478.2578125,101826.0859375,103478.2578125,3372950
2025-06-02,97707.390625,100956.5234375,101826.0859375,100521.7421875,101304.3515625,3353860
2025-06-03,97707.390625,100956.5234375,101826.0859375,100521.7421875,101304.3515625,3353860
2025-06-04,98801.4375,102086.953125,102608.6953125,101130.4375,101478.2578125,3908390
2025-06-05,98548.96875,101826.0859375,102782.609375,101304.3515625,102608.6953125,3304295
2025-06-06,98296.5,101565.21875,102000.0,101304.3515625,101826.0859375,2648220
2025-06-09,97791.5390625,101043.4765625,101652.171875,100000.0,100434.78125,3512905
2025-06-10,97791.5390625,101043.4765625,101652.171875,100000.0,100434.78125,3512905
2025-06-11,97370.765625,100608.6953125,102086.953125,100608.6953125,101739.1328125,3862850
2025-06-12,100087.296875,102521.7421875,102782.609375,100956.5234375,100956.5234375,6605945
2025-06-13,99323.2734375,101739.1328125,102347.828125,101304.3515625,102260.8671875,4776065
2025-06-16,101021.09375,103478.2578125,104173.9140625,100000.0,100086.953125,9279465
2025-06-17,101021.09375,103478.2578125,104173.9140625,100000.0,100086.953125,9279465
2025-06-18,100851.3125,103304.3515625,103739.1328125,102782.609375,103478.2578125,5290345
2025-06-19,99323.2734375,101739.1328125,103913.046875,101217.390625,103304.3515625,7540205
2025-06-20,98474.34375,100869.5625,101826.0859375,100608.6953125,101739.1328125,6215635
2025-06-23,98389.453125,100782.609375,101130.4375,99565.21875,100434.78125,5275395
2025-06-24,98389.453125,100782.609375,101130.4375,99565.21875,100434.78125,5275395
2025-06-25,98898.8125,101304.3515625,101739.1328125,101130.4375,101130.4375,4912685
2025-06-26,99408.15625,101826.0859375,103826.0859375,101739.1328125,101739.1328125,6900805
2025-06-27,99323.2734375,101739.1328125,102869.5625,101391.3046875,102608.6953125,4752145
2025-06-30,100341.96875,102782.609375,103913.046875,102260.8671875,102521.7421875,7887965
2025-07-01,100341.96875,102782.609375,103913.046875,102260.8671875,102521.7421875,7887965
2025-07-02,100851.3125,103304.3515625,103913.046875,102782.609375,103478.2578125,5300810
2025-07-03,100681.5390625,103130.4375,103217.390625,102260.8671875,103043.4765625,4210955
2025-07-04,100172.1796875,102608.6953125,104173.9140625,102434.78125,103043.4765625,7249945
2025-07-07,105095.8984375,107652.171875,108434.78125,106956.5234375,107217.390625,7340220
2025-07-08,105095.8984375,107652.171875,108434.78125,106956.5234375,107217.390625,7340220
2025-07-09,105690.1328125,108260.8671875,109304.3515625,107826.0859375,107913.046875,9273830
2025-07-10,104246.984375,106782.609375,108608.6953125,106347.828125,108521.7421875,14028160
2025-07-11,105180.796875,107739.1328125,108956.5234375,107391.3046875,107652.171875,5957230
2025-07-14,107897.328125,110521.7421875,111217.390625,108695.6484375,110608.6953125,6875160
2025-07-15,107897.328125,110521.7421875,111217.390625,108695.6484375,110608.6953125,6875160
2025-07-16,106963.515625,109565.21875,111130.4375,109565.21875,110086.953125,6440000
2025-07-17,107218.1875,109826.0859375,110434.78125,108782.609375,110173.9140625,5822450
2025-07-18,107812.4375,110434.78125,112260.8671875,109565.21875,110173.9140625,9584330
2025-07-21,107680.8515625,110300.0,112400.0,110300.0,112400.0,7563700
2025-07-22,107680.8515625,110300.0,112400.0,110300.0,112400.0,7563700
2025-07-23,109438.109375,112100.0,112200.0,108700.0,110300.0,6889600
2025-07-24,109145.2265625,111800.0,112800.0,111300.0,112300.0,4795100
2025-07-25,108461.859375,111100.0,112100.0,110800.0,112000.0,6420800
2025-07-28,108657.1015625,111300.0,111600.0,110500.0,110800.0,7611000
2025-07-29,108657.1015625,111300.0,111600.0,110500.0,110800.0,7611000
2025-07-30,103482.953125,106000.0,111600.0,106000.0,111300.0,16059500
2025-07-31,103580.5859375,106100.0,108000.0,105300.0,107000.0,7488200
2025-08-01,101530.453125,104000.0,106900.0,103800.0,106100.0,8944200
2025-08-04,104068.7109375,106600.0,106600.0,104800.0,106500.0,4617800
2025-08-05,104068.7109375,106600.0,106600.0,104800.0,106500.0,4617800
2025-08-06,103287.703125,105800.0,108700.0,105000.0,107000.0,11395000
2025-08-07,102409.078125,104900.0,106200.0,104500.0,106000.0,11814200
2025-08-08,103678.2109375,106200.0,107400.0,104900.0,105600.0,9565800
2025-08-11,103873.4609375,106400.0,109500.0,105300.0,105900.0,10278500
2025-08-12,103873.4609375,106400.0,109500.0,105300.0,105900.0,10278500
2025-08-13,104947.34375,107500.0,108200.0,106600.0,107400.0,11011800
2025-08-14,102604.328125,105100.0,107800.0,104900.0,107600.0,21845000
2025-08-15,101335.203125,103800.0,105800.0,103700.0,105800.0,17905400
2025-08-18,98113.5625,100500.0,103000.0,100000.0,101400.0,11392300
2025-08-19,98113.5625,100500.0,103000.0,100000.0,101400.0,11392300
2025-08-20,97918.3046875,100300.0,101500.0,100000.0,100600.0,9153600
2025-08-21,95380.046875,97700.0,100300.0,97500.0,100100.0,19969500
2025-08-22,99285.0703125,101700.0,102900.0,97700.0,97700.0,12624800
2025-08-25,96453.921875,98800.0,102000.0,98800.0,102000.0,6736000
2025-08-26,96453.921875,98800.0,102000.0,98800.0,102000.0,6736000
2025-08-27,97625.4296875,100000.0,100000.0,97900.0,98800.0,5812500
2025-08-28,102506.7109375,105000.0,105100.0,101200.0,101400.0,19436400
2025-08-29,102018.578125,104500.0,105100.0,102800.0,105100.0,6280200
2025-09-01,102018.578125,104500.0,104500.0,104500.0,104500.0,0
2025-09-02,102018.578125,104500.0,104500.0,104500.0,104500.0,0
2025-09-03,100749.4453125,103200.0,103300.0,100000.0,102000.0,9744200
2025-09-04,100749.4453125,103200.0,103300.0,100000.0,102000.0,9744200
2025-09-05,102506.7109375,105000.0,105500.0,103200.0,103300.0,11033600
2025-09-08,99480.3125,101900.0,103900.0,101900.0,103000.0,10600300
2025-09-09,99480.3125,101900.0,103900.0,101900.0,103000.0,10600300
2025-09-10,99675.5625,102100.0,103000.0,101000.0,102000.0,6460700
2025-09-11,98796.9375,101200.0,102900.0,101100.0,102100.0,5498500
2025-09-12,99577.9375,102000.0,102900.0,100500.0,101200.0,7414200
2025-09-15,99480.3125,101900.0,103500.0,101500.0,101900.0,14123100
2025-09-16,99480.3125,101900.0,103500.0,101500.0,101900.0,14123100
2025-09-17,101042.3203125,103500.0,104800.0,102000.0,102700.0,17531600
2025-09-18,102994.828125,105500.0,107800.0,104000.0,104000.0,20018000
2025-09-19,100554.1953125,103000.0,106300.0,103000.0,106000.0,8198400
2025-09-22,97332.5546875,99700.0,102700.0,99600.0,102500.0,16280200
2025-09-23,97332.5546875,99700.0,102700.0,99600.0,102500.0,16280200
2025-09-24,95672.921875,98000.0,100000.0,97500.0,100000.0,18291200
2025-09-25,97137.3046875,99500.0,99500.0,97400.0,98100.0,7421100
2025-09-26,95672.921875,98000.0,99500.0,97900.0,99500.0,8627700
2025-09-29,93232.2890625,95500.0,97800.0,95500.0,97800.0,10430900
2025-09-30,93232.2890625,95500.0,97800.0,95500.0,97800.0,10430900
2025-10-01,90791.6484375,93000.0,95800.0,92800.0,95500.0,12018800
2025-10-02,91182.1484375,93400.0,94500.0,91400.0,93200.0,7405100
2025-10-03,89913.0234375,92100.0,93400.0,92000.0,92900.0,7933800
2025-10-06,93232.2890625,95500.0,95900.0,93500.0,94300.0,6580000
2025-10-07,93232.2890625,95500.0,95900.0,93500.0,94300.0,6580000
2025-10-08,93232.2890625,95500.0,96300.0,95200.0,96000.0,5997500
2025-10-09,92256.03125,94500.0,96900.0,94500.0,95500.0,5132100
2025-10-10,91963.15625,94200.0,95000.0,93500.0,95000.0,5716300
2025-10-13,91767.90625,94000.0,94900.0,93700.0,94900.0,7915000
2025-10-14,91767.90625,94000.0,94900.0,93700.0,94900.0,7915000
2025-10-15,90205.90625,92400.0,94500.0,92400.0,94100.0,12659600
2025-10-16,87472.3828125,89600.0,93100.0,89500.0,92600.0,18738600
2025-10-17,87667.6328125,89800.0,91500.0,89600.0,89800.0,7928500
2025-10-20,84934.125,87000.0,91800.0,87000.0,88300.0,14580300
2025-10-21,84934.125,87000.0,91800.0,87000.0,88300.0,14580300
2025-10-22,90791.6484375,93000.0,93000.0,88500.0,89000.0,19520200
2025-10-23,94696.671875,97000.0,99000.0,95000.0,95200.0,18311100
2025-10-24,92744.1640625,95000.0,97300.0,94000.0,97200.0,6647600
2025-10-27,95672.921875,98000.0,99700.0,96300.0,99000.0,12897800
2025-10-28,95672.921875,98000.0,99700.0,96300.0,99000.0,12897800
2025-10-29,99773.1875,102200.0,102200.0,98600.0,98600.0,20912700
2025-10-30,99285.0703125,101700.0,103200.0,101100.0,102400.0,9302800
2025-10-31,100261.3203125,102700.0,103500.0,101600.0,102100.0,9730600
2025-11-03,102506.7109375,105000.0,106300.0,103500.0,103800.0,20963600
2025-11-04,100847.0703125,103300.0,104700.0,101700.0,104100.0,10620700
2025-11-05,100847.0703125,103300.0,104700.0,101700.0,104100.0,10620700
2025-11-06,97820.6796875,100200.0,102000.0,99400.0,100900.0,6751800
2025-11-07,98601.6875,101000.0,101800.0,99500.0,99500.0,5863600
2025-11-10,93915.6640625,96200.0,101200.0,96200.0,101200.0,10072600
2025-11-11,93818.0390625,96100.0,97900.0,96100.0,96800.0,6624200
2025-11-12,98211.1875,100600.0,100600.0,96500.0,96500.0,6635300
2025-11-13,96551.546875,98900.0,100700.0,98700.0,100600.0,4757400
2025-11-14,97625.4296875,100000.0,100900.0,98200.0,98900.0,4699900
2025-11-17,98601.6875,101000.0,101800.0,100600.0,100600.0,5585100
2025-11-18,97625.4296875,100000.0,101100.0,98800.0,101000.0,6500100
2025-11-19,95672.921875,98000.0,99500.0,98000.0,99500.0,5169300
2025-11-20,96649.171875,99000.0,99700.0,98100.0,98600.0,4593100
2025-11-21,98406.4375,100800.0,101200.0,97800.0,98000.0,7936900
2025-11-24,97820.6796875,100200.0,101100.0,99600.0,100700.0,5061800
2025-11-25,97332.5546875,99700.0,100300.0,99000.0,99700.0,4494900
2025-11-26,96649.171875,99000.0,100200.0,98900.0,99800.0,5830900
2025-11-27,97137.3046875,99500.0,99800.0,98100.0,99200.0,4780500
2025-11-28,94794.296875,97100.0,99400.0,97100.0,99100.0,6210400
2025-12-01,95287.5,96600.0,97700.0,96100.0,96900.0,3125100
2025-12-02,95287.5,96600.0,97300.0,95400.0,96800.0,5560800
2025-12-03,95287.5,96600.0,97000.0,96000.0,97000.0,6475300
2025-12-04,95287.5,96600.0,97000.0,96000.0,97000.0,6475300
2025-12-05,94892.9375,96200.0,97500.0,96100.0,97500.0,5062500
2025-12-08,94202.4453125,95500.0,97300.0,95500.0,96600.0,5278600
2025-12-09,95583.421875,96900.0,97000.0,94400.0,95500.0,9961500
2025-12-10,94301.0859375,95600.0,97100.0,95600.0,97100.0,3894100
2025-12-11,94695.65625,96000.0,96600.0,95600.0,95900.0,5201600
2025-12-12,92426.90625,93700.0,96000.0,93500.0,96000.0,5519800
2025-12-15,92525.546875,93800.0,94400.0,93500.0,93900.0,3524800
2025-12-16,93610.6015625,94900.0,95400.0,92000.0,93900.0,6295300
2025-12-17,94597.015625,95900.0,96300.0,94400.0,94400.0,4967800
2025-12-18,94597.015625,95900.0,96300.0,94400.0,94400.0,4967800
2025-12-19,92624.1875,93900.0,95000.0,93600.0,94000.0,4492600
2025-12-22,92426.90625,93700.0,94300.0,93500.0,94100.0,6142400
2025-12-23,92722.828125,94000.0,95900.0,93600.0,94000.0,6006900
2025-12-24,92328.265625,93600.0,94200.0,93100.0,94100.0,3901500
2025-12-25,92328.265625,93600.0,94200.0,93100.0,94100.0,3901500
2025-12-26,91243.2109375,92500.0,93000.0,91000.0,92700.0,6612400
2025-12-29,93018.75,94300.0,94900.0,92500.0,92500.0,6300900
2025-12-30,95188.859375,96500.0,96600.0,94300.0,94500.0,7271200
2025-12-31,94498.375,95800.0,97000.0,95200.0,96800.0,3082600
2026-01-01,94498.375,95800.0,95800.0,95800.0,95800.0,0
2026-01-02,94498.375,95800.0,95800.0,95800.0,95800.0,0
2026-01-05,93709.2421875,95000.0,95700.0,93200.0,95700.0,7029300
2026-01-06,92722.828125,94000.0,94800.0,93600.0,94700.0,5397500
2026-01-07,96175.2734375,97500.0,97600.0,94000.0,94100.0,11427400
2026-01-08,95188.859375,96500.0,98100.0,96500.0,98100.0,5576200
2026-01-09,96076.6328125,97400.0,99900.0,96000.0,96100.0,10048700
2026-01-12,98148.1015625,99500.0,99500.0,98000.0,98000.0,9076600
2026-01-13,97556.25,98900.0,101700.0,97900.0,99700.0,9411100
2026-01-14,98444.0234375,99800.0,101100.0,97800.0,99000.0,11900400
2026-01-15,97161.6875,98500.0,101700.0,98400.0,99800.0,7401400
2026-01-16,103869.296875,105300.0,105300.0,99500.0,99500.0,23871100
2026-01-19,104362.5,105800.0,108700.0,105500.0,108700.0,14710500
2026-01-20,102685.6015625,104100.0,107000.0,104000.0,106100.0,12213100
2026-01-21,103573.375,105000.0,106500.0,101100.0,103200.0,14517300
2026-01-22,102093.75,103500.0,105800.0,103500.0,105500.0,8095100
2026-01-23,99627.71875,101000.0,104600.0,101000.0,103600.0,9418000
2026-01-26,97161.6875,98500.0,101600.0,98000.0,100200.0,11183100
2026-01-27,100712.7734375,102100.0,102500.0,99100.0,99600.0,10585500
2026-01-28,103080.1640625,104500.0,105800.0,102300.0,102400.0,11949800
2026-01-29,104658.4296875,106100.0,107200.0,103700.0,105000.0,14247700
2026-01-30,103080.1640625,104500.0,106400.0,103900.0,106400.0,10833200
2026-02-02,102882.8828125,104300.0,104300.0,101600.0,103300.0,9331400
2026-02-03,102488.3203125,103900.0,105400.0,102900.0,104900.0,9097000
2026-02-04,100515.4921875,101900.0,103500.0,101500.0,103100.0,11639700
2026-02-05,97654.890625,99000.0,101900.0,99000.0,101200.0,18088600
2026-02-06,96273.9140625,97600.0,100000.0,96700.0,98000.0,9766800
2026-02-09,97654.890625,99000.0,99400.0,97900.0,98800.0,5108600
2026-02-10,96471.1953125,97800.0,99900.0,97300.0,99900.0,6113500
2026-02-11,97260.328125,98600.0,99500.0,97400.0,98200.0,5507500
2026-02-12,97457.609375,98800.0,99200.0,98400.0,99000.0,4125200
2026-02-13,94991.578125,96300.0,98500.0,96300.0,98100.0,18508400
2026-02-16,94991.578125,96300.0,96300.0,96300.0,96300.0,0
2026-02-17,94991.578125,96300.0,96300.0,96300.0,96300.0,0
2026-02-18,94991.578125,96300.0,96300.0,96300.0,96300.0,0
2026-02-19,94991.578125,96300.0,96300.0,96300.0,96300.0,0
2026-02-20,94991.578125,96300.0,96300.0,96300.0,96300.0,0
2026-02-23,93216.03125,94500.0,96800.0,93100.0,96800.0,22660400
2026-02-24,91243.2109375,92500.0,94000.0,92500.0,94000.0,28539000
2026-02-25,87889.40625,89100.0,92500.0,89000.0,92200.0,47733100
2026-02-26,89270.3828125,90500.0,92200.0,89900.0,90000.0,17525500
2026-02-27,91637.7734375,92900.0,93500.0,90300.0,91000.0,18705600
2026-03-02,88382.609375,89600.0,91500.0,89300.0,90100.0,17245400
2026-03-03,88382.609375,89600.0,91500.0,89300.0,90100.0,17245400
2026-03-04,83943.75,85100.0,87000.0,84200.0,86900.0,23755700
2026-03-05,83253.265625,84400.0,86800.0,84400.0,86500.0,15906800
2026-03-06,80491.3046875,81600.0,84600.0,81500.0,84400.0,23713900
2026-03-09,74868.75,75900.0,76700.0,75900.0,76000.0,17633000
2026-03-10,78419.8359375,79500.0,79600.0,76400.0,76400.0,21099200
2026-03-11,79110.328125,80200.0,81000.0,78300.0,80000.0,10652800
2026-03-12,76644.296875,77700.0,79200.0,77500.0,78800.0,12722400
2026-03-13,75953.8046875,77000.0,78500.0,76300.0,77100.0,9026000
2026-03-16,77137.5,78200.0,79300.0,77100.0,77100.0,8662000
2026-03-17,78321.1953125,79400.0,81300.0,79100.0,79400.0,9218800
2026-03-18,77532.0703125,78600.0,80200.0,78100.0,80000.0,6352700
2026-03-19,75756.5234375,76800.0,77800.0,76600.0,77700.0,11602900
2026-03-20,73586.4140625,74600.0,76500.0,73600.0,76500.0,21423700
2026-03-23,72106.796875,73100.0,76100.0,71600.0,73700.0,13156200
2026-03-24,74375.546875,75400.0,75900.0,74100.0,75500.0,5189700
2026-03-25,75953.8046875,77000.0,77000.0,75600.0,76200.0,7429300
2026-03-26,73191.8515625,74200.0,77000.0,74200.0,77000.0,9743400
2026-03-27,75066.03125,76100.0,76300.0,74000.0,74500.0,9080300
2026-03-30,72994.5703125,74000.0,75200.0,73500.0,74400.0,7814800
2026-03-31,73685.0546875,74700.0,75500.0,74400.0,74900.0,5639200
2026-04-01,74276.90625,75300.0,76300.0,75000.0,75900.0,8534000
2026-04-02,73685.0546875,74700.0,75200.0,74200.0,75200.0,5224400
2026-04-03,72994.5703125,74000.0,75500.0,73900.0,74700.0,6333100
2026-04-06,72895.921875,73900.0,74500.0,73500.0,74000.0,4593000
2026-04-07,72994.5703125,74000.0,74500.0,73800.0,74500.0,4713000
2026-04-08,78025.2734375,79100.0,79100.0,75100.0,76000.0,14610000
2026-04-09,77236.140625,78300.0,79200.0,78100.0,79100.0,6272100
2026-04-10,76644.296875,77700.0,79000.0,77300.0,78600.0,6099800
2026-04-13,74967.390625,76000.0,77000.0,75900.0,76900.0,9559100
2026-04-14,75164.671875,76200.0,77200.0,76000.0,77000.0,7092500
2026-04-15,74079.6171875,75100.0,77000.0,75000.0,76900.0,10047800
2026-04-16,73093.2109375,74100.0,75600.0,74000.0,75600.0,11316400
2026-04-17,74967.390625,76000.0,78000.0,74900.0,75000.0,12349600
2026-04-20,75855.1640625,76900.0,77000.0,76100.0,76300.0,6876800
2026-04-21,74079.6171875,75100.0,77400.0,75100.0,77000.0,7119000
2026-04-22,73586.4140625,74600.0,75500.0,74100.0,75500.0,8145000
2026-04-23,73290.4921875,74300.0,76000.0,74100.0,75000.0,7968500
2026-04-24,72402.71875,73400.0,74100.0,73200.0,74000.0,10459800
2026-04-27,72402.71875,73400.0,73400.0,73400.0,73400.0,0
2026-04-28,73389.1328125,74400.0,74400.0,72900.0,73400.0,9503800
2026-04-29,74474.1875,75500.0,75500.0,73400.0,73400.0,9163000
2026-04-30,74474.1875,75500.0,75500.0,75500.0,75500.0,0
2026-05-01,74474.1875,75500.0,75500.0,75500.0,75500.0,0
2026-05-04,72698.640625,73700.0,75100.0,73600.0,74900.0,8285900
2026-05-05,73290.4921875,74300.0,74500.0,72800.0,73700.0,6841400
2026-05-06,72304.078125,73300.0,74200.0,73000.0,74200.0,9455600
2026-05-07,72008.15625,73000.0,74300.0,73000.0,73900.0,10186100
2026-05-08,70923.1015625,71900.0,73300.0,71900.0,73200.0,13444300
2026-05-11,69048.9140625,70000.0,71700.0,70000.0,71700.0,16909100
2026-05-12,69640.765625,70600.0,71500.0,70000.0,70100.0,8533300
2026-05-13,69739.40625,70700.0,71500.0,70000.0,70600.0,11517600
2026-05-14,72895.921875,73900.0,75300.0,71000.0,71100.0,21565500
2026-05-15,71909.515625,72900.0,74200.0,72700.0,74200.0,6386100
2026-05-18,73882.3359375,74900.0,75300.0,72000.0,72900.0,18323700
2026-05-19,73487.7734375,74500.0,75800.0,74300.0,75000.0,11279900
2026-05-20,76644.296875,77700.0,78500.0,72800.0,74800.0,25976600
2026-05-21,75460.6015625,76500.0,77900.0,75700.0,77700.0,11809100
2026-05-22,74079.6171875,75100.0,77600.0,75100.0,76800.0,11668800
2026-05-25,72501.359375,73500.0,75600.0,73500.0,74600.0,10441000
2026-05-26,73487.7734375,74500.0,74600.0,73600.0,73600.0,5104800
2026-05-27,72600.0,73600.0,75300.0,73100.0,74500.0,9176300
2026-05-28,71200.0,71200.0,73100.0,71200.0,72800.0,10646900
2026-05-29,71600.0,71600.0,72500.0,70800.0,71200.0,5446700
2026-06-01,72900.0,72900.0,73400.0,72100.0,72200.0,5972700
2026-06-02,74800.0,74800.0,75600.0,73000.0,73000.0,17368000
2026-06-03,76500.0,76500.0,77700.0,75000.0,75100.0,25278600
2026-06-04,76100.0,76100.0,77200.0,75800.0,76700.0,11304700
2026-06-05,75000.0,75000.0,76000.0,74300.0,76000.0,11218100
2026-06-08,72900.0,72900.0,74500.0,72800.0,73700.0,10914200
2026-06-09,73700.0,73700.0,74200.0,72600.0,73400.0,7772300
2026-06-10,74200.0,74200.0,74500.0,73500.0,73500.0,4736000
2026-06-11,73100.0,73100.0,73900.0,73100.0,73900.0,3507300
2026-06-12,73500.0,73500.0,74300.0,73500.0,73600.0,5688200
2026-06-15,73600.0,73600.0,75200.0,73500.0,74400.0,6422700
2026-06-16,73200.0,73200.0,74200.0,73100.0,73700.0,5819800
2026-06-17,72300.0,72300.0,73400.0,72200.0,73300.0,10652200
2026-06-18,71600.0,71600.0,72300.0,71500.0,72300.0,13665800
2026-06-19,71500.0,71500.0,71800.0,70800.0,71600.0,14295100
2026-06-22,70600.0,70600.0,71700.0,70300.0,71500.0,9260100
2026-06-23,70800.0,70800.0,71800.0,70700.0,70900.0,5737500
2026-06-24,70800.0,70800.0,71200.0,70100.0,71000.0,5968500
2026-06-25,71000.0,71000.0,71700.0,70800.0,71000.0,6592100
2026-06-26,70800.0,70800.0,71300.0,70300.0,71300.0,4333200
2026-06-29,70400.0,70400.0,70800.0,70200.0,70700.0,4618200
2026-06-30,70200.0,70200.0,70800.0,70200.0,70500.0,6075800
2026-07-01,70200.0,70200.0,70800.0,70200.0,70500.0,6075800
2026-07-02,72500.0,72500.0,73300.0,72500.0,72900.0,5690500
2026-07-03,72300.0,72300.0,73100.0,71700.0,72500.0,7490500
2026-07-06,73000.0,73000.0,74000.0,71900.0,72400.0,11200200
2026-07-07,73200.0,73200.0,73700.0,72500.0,73000.0,4557200
2026-07-08,72100.0,72100.0,72800.0,71500.0,72400.0,6741600
2026-07-09,72100.0,72100.0,73000.0,71700.0,71800.0,4441900
2026-07-10,70600.0,70600.0,72300.0,70600.0,72000.0,7937300
2026-07-13,70500.0,70500.0,71300.0,70200.0,70300.0,7738400
2026-07-14,70300.0,70300.0,70900.0,70000.0,70300.0,6626800
2026-07-15,66800.0,66800.0,70400.0,66800.0,70400.0,21271900
2026-07-16,68000.0,68000.0,68000.0,64700.0,66700.0,13030600
2026-07-17,67000.0,67000.0,68400.0,67000.0,68300.0,3987800
2026-07-20,67100.0,67100.0,67700.0,66100.0,66900.0,7346800
2026-07-21,64800.0,64800.0,67900.0,64800.0,66500.0,7540400
2026-07-22,64600.0,64600.0,67500.0,64600.0,65000.0,10060700
2026-07-23,64700.0,64700.0,65700.0,64200.0,65000.0,6287300
2026-07-24,62900.0,62900.0,64500.0,62800.0,64300.0,5804800
2026-07-27,62200.0,62200.0,63700.0,62200.0,63100.0,4449500
2026-07-28,63000.0,63000.0,63700.0,61500.0,61900.0,5399400
2026-07-29,65100.0,65100.0,65300.0,62500.0,63000.0,6114000
2026-07-30,67000.0,67000.0,67200.0,64800.0,65200.0,7571500
