date,Adj Close,Close,High,Low,Open,Volume
2016-01-04,2543.927978515625,2808.549560546875,2857.30908203125,2808.549560546875,2837.80517578125,4148213
2016-01-05,2517.4287109375,2779.2939453125,2818.301513671875,2779.2939453125,2798.797607421875,6447558
2016-01-06,2561.59423828125,2828.053466796875,2828.053466796875,2779.2939453125,2779.2939453125,6754883
2016-01-07,2490.92919921875,2750.0380859375,2798.797607421875,2740.2861328125,2789.045654296875,10563368
2016-01-08,2446.763671875,2701.278564453125,2740.2861328125,2681.774658203125,2701.278564453125,8862778
2016-01-11,2446.763671875,2701.278564453125,2720.782470703125,2691.526611328125,2720.782470703125,5007430
2016-01-12,2473.26318359375,2730.5341796875,2740.2861328125,2691.526611328125,2691.526611328125,3522797
2016-01-13,2429.097412109375,2681.774658203125,2740.2861328125,2681.774658203125,2740.2861328125,7025804
2016-01-14,2340.766845703125,2584.255615234375,2672.02294921875,2574.503662109375,2672.02294921875,15174671
2016-01-15,2252.43603515625,2486.736572265625,2594.007568359375,2467.232666015625,2584.255615234375,22553227
2016-01-18,2190.6044921875,2418.47314453125,2428.22509765625,2330.7060546875,2350.2099609375,29717978
2016-01-19,2225.93701171875,2457.48095703125,2486.736572265625,2418.47314453125,2428.22509765625,25294536
2016-01-20,2225.93701171875,2457.48095703125,2486.736572265625,2408.721435546875,2447.72900390625,20399084
2016-01-21,2252.43603515625,2486.736572265625,2486.736572265625,2418.47314453125,2418.47314453125,20686618
2016-01-22,2261.26904296875,2496.488525390625,2525.744140625,2467.232666015625,2496.488525390625,28253444
2016-01-25,2402.598388671875,2652.51904296875,2662.27099609375,2535.49609375,2535.49609375,12703770
2016-01-26,2331.933837890625,2574.503662109375,2642.76708984375,2564.751953125,2584.255615234375,13329698
2016-01-27,2367.266357421875,2613.511474609375,2633.01513671875,2594.007568359375,2603.759521484375,12493452
2016-01-28,2340.766845703125,2584.255615234375,2652.51904296875,2584.255615234375,2623.26318359375,7979361
2016-01-29,2429.097412109375,2681.774658203125,2681.774658203125,2584.255615234375,2603.759521484375,8819094
2016-02-01,2358.43310546875,2603.759521484375,2730.5341796875,2603.759521484375,2681.774658203125,8776128
2016-02-02,2367.266357421875,2613.511474609375,2623.26318359375,2574.503662109375,2584.255615234375,2969572
2016-02-03,2367.266357421875,2613.511474609375,2623.26318359375,2564.751953125,2574.503662109375,12637731
2016-02-04,2384.93212890625,2633.01513671875,2642.76708984375,2623.26318359375,2623.26318359375,1818310
2016-02-05,2384.93212890625,2633.01513671875,2652.51904296875,2613.511474609375,2633.01513671875,1599481
2016-02-15,2331.933837890625,2574.503662109375,2633.01513671875,2535.49609375,2633.01513671875,10599156
2016-02-16,2358.43310546875,2603.759521484375,2613.511474609375,2574.503662109375,2574.503662109375,5023837
2016-02-17,2358.43310546875,2603.759521484375,2613.511474609375,2584.255615234375,2584.255615234375,6207297
2016-02-18,2367.266357421875,2613.511474609375,2642.76708984375,2613.511474609375,2613.511474609375,5157247
2016-02-19,2384.93212890625,2633.01513671875,2642.76708984375,2613.511474609375,2613.511474609375,7224637
2016-02-22,2402.598388671875,2652.51904296875,2701.278564453125,2623.26318359375,2623.26318359375,11188169
2016-02-23,2402.598388671875,2652.51904296875,2720.782470703125,2652.51904296875,2720.782470703125,8278379
2016-02-24,2402.598388671875,2652.51904296875,2662.27099609375,2613.511474609375,2652.51904296875,6866963
2016-02-25,2411.431640625,2662.27099609375,2720.782470703125,2652.51904296875,2662.27099609375,9657289
2016-02-26,2508.595703125,2769.5419921875,2769.5419921875,2662.27099609375,2672.02294921875,19094006
2016-02-29,2464.429931640625,2720.782470703125,2808.549560546875,2720.782470703125,2808.549560546875,9652674
2016-03-01,2420.264892578125,2672.02294921875,2720.782470703125,2662.27099609375,2720.782470703125,9885655
2016-03-02,2402.598388671875,2652.51904296875,2691.526611328125,2613.511474609375,2681.774658203125,16573371
2016-03-03,2384.93212890625,2633.01513671875,2681.774658203125,2633.01513671875,2672.02294921875,7561186
2016-03-04,2429.097412109375,2681.774658203125,2701.278564453125,2623.26318359375,2642.76708984375,7781348
2016-03-07,2455.596923828125,2711.030517578125,2740.2861328125,2681.774658203125,2691.526611328125,22575376
2016-03-08,2552.760986328125,2818.301513671875,2857.30908203125,2750.0380859375,2750.0380859375,69395956
2016-03-09,2517.4287109375,2779.2939453125,2876.81298828125,2779.2939453125,2828.053466796875,27401509
2016-03-10,2526.261474609375,2789.045654296875,2798.797607421875,2769.5419921875,2789.045654296875,12772269
2016-03-11,2543.927978515625,2808.549560546875,2837.80517578125,2779.2939453125,2798.797607421875,21988619
2016-03-14,2649.924560546875,2925.572509765625,2945.076171875,2828.053466796875,2828.053466796875,39690283
2016-03-15,2649.924560546875,2925.572509765625,2974.33203125,2896.316650390625,2945.076171875,27650485
2016-03-16,2641.091796875,2915.820556640625,2945.076171875,2906.068603515625,2945.076171875,16758771
2016-03-17,2649.924560546875,2925.572509765625,2964.580078125,2915.820556640625,2945.076171875,21539271
2016-03-18,2623.42578125,2896.316650390625,2935.324462890625,2896.316650390625,2935.324462890625,26499429
2016-03-21,2632.258544921875,2906.068603515625,2954.828125,2906.068603515625,2915.820556640625,15508964
2016-03-22,2605.759765625,2876.81298828125,2915.820556640625,2876.81298828125,2915.820556640625,16437398
2016-03-23,2588.09326171875,2857.30908203125,2896.316650390625,2837.80517578125,2857.30908203125,16163195
2016-03-24,2543.927978515625,2808.549560546875,2886.564697265625,2808.549560546875,2847.55712890625,18035649
2016-03-25,2561.59423828125,2828.053466796875,2847.55712890625,2798.797607421875,2808.549560546875,17476682
2016-03-28,2641.091796875,2915.820556640625,2915.820556640625,2837.80517578125,2837.80517578125,12048821
2016-03-29,2632.258544921875,2906.068603515625,2964.580078125,2906.068603515625,2925.572509765625,20964204
2016-03-30,2605.759765625,2876.81298828125,2915.820556640625,2876.81298828125,2896.316650390625,16195702
2016-03-31,2605.759765625,2876.81298828125,2945.076171875,2867.06103515625,2876.81298828125,25231677
2016-04-01,2561.59423828125,2828.053466796875,2886.564697265625,2808.549560546875,2876.81298828125,15620737
2016-04-04,2579.260009765625,2847.55712890625,2876.81298828125,2818.301513671875,2828.053466796875,10115763
2016-04-05,2588.09326171875,2857.30908203125,2867.06103515625,2837.80517578125,2847.55712890625,5504563
2016-04-06,2667.5908203125,2945.076171875,2945.076171875,2857.30908203125,2857.30908203125,20047050
2016-04-07,2658.758056640625,2935.324462890625,2993.835693359375,2935.324462890625,2964.580078125,27700219
2016-04-08,2720.58935546875,3003.587646484375,3032.843505859375,2925.572509765625,2935.324462890625,72600868
2016-04-11,2782.4208984375,3071.85107421875,3091.35498046875,3032.843505859375,3032.843505859375,51866464
2016-04-12,2800.087158203125,3091.35498046875,3101.106689453125,3062.09912109375,3071.85107421875,29229356
2016-04-13,2747.088623046875,3032.843505859375,3091.35498046875,3013.339599609375,3091.35498046875,31851304
2016-04-14,2773.587890625,3062.09912109375,3101.106689453125,3032.843505859375,3032.843505859375,21969649
2016-04-15,2764.7548828125,3052.34716796875,3110.858642578125,3052.34716796875,3081.60302734375,28041076
2016-04-19,2729.42236328125,3013.339599609375,3062.09912109375,3013.339599609375,3062.09912109375,31252550
2016-04-20,2755.921875,3042.595458984375,3071.85107421875,3003.587646484375,3042.595458984375,28849328
2016-04-21,2782.4208984375,3071.85107421875,3120.610595703125,3062.09912109375,3062.09912109375,37641761
2016-04-22,2888.418212890625,3188.8740234375,3198.6259765625,3071.85107421875,3081.60302734375,44373469
2016-04-25,2914.917236328125,3218.129638671875,3266.88916015625,3208.377685546875,3218.129638671875,31235835
2016-04-26,2914.917236328125,3218.129638671875,3257.13720703125,3169.3701171875,3198.6259765625,30962453
2016-04-27,2888.418212890625,3188.8740234375,3218.129638671875,3159.6181640625,3218.129638671875,23808468
2016-04-28,2870.751953125,3169.3701171875,3198.6259765625,3140.114501953125,3179.1220703125,17115009
2016-04-29,2959.08251953125,3266.88916015625,3266.88916015625,3159.6181640625,3159.6181640625,35430911
2016-05-04,3091.578857421875,3413.16796875,3452.175537109375,3296.14501953125,3305.89697265625,65670224
2016-05-05,3091.578857421875,3413.16796875,3588.7021484375,3364.408203125,3422.919677734375,81093872
2016-05-06,3003.248046875,3315.648681640625,3403.416015625,3305.89697265625,3374.16015625,42029107
2016-05-09,2994.4150390625,3305.89697265625,3383.912109375,3305.89697265625,3354.656494140625,35436141
2016-05-10,2959.08251953125,3266.88916015625,3315.648681640625,3247.385498046875,3266.88916015625,50653983
2016-05-11,3047.413330078125,3364.408203125,3364.408203125,3305.89697265625,3315.648681640625,25611602
2016-05-12,3003.248046875,3315.648681640625,3383.912109375,3315.648681640625,3374.16015625,17871374
2016-05-13,2941.41650390625,3247.385498046875,3305.89697265625,3227.881591796875,3296.14501953125,39584252
2016-05-16,2932.58349609375,3237.633544921875,3247.385498046875,3208.377685546875,3237.633544921875,23165825
2016-05-17,2967.915771484375,3276.64111328125,3296.14501953125,3247.385498046875,3247.385498046875,13740080
2016-05-18,2923.75048828125,3227.881591796875,3286.39306640625,3227.881591796875,3286.39306640625,18184953
2016-05-19,2932.58349609375,3237.633544921875,3276.64111328125,3218.129638671875,3227.881591796875,17699305
2016-05-20,2932.58349609375,3237.633544921875,3247.385498046875,3218.129638671875,3237.633544921875,14630470
2016-05-23,2976.74853515625,3286.39306640625,3305.89697265625,3227.881591796875,3237.633544921875,11790820
2016-05-24,2976.74853515625,3286.39306640625,3325.400634765625,3266.88916015625,3276.64111328125,15652731
2016-05-25,2976.74853515625,3286.39306640625,3335.152587890625,3276.64111328125,3296.14501953125,18894353
2016-05-26,2932.58349609375,3237.633544921875,3296.14501953125,3237.633544921875,3276.64111328125,18982028
2016-05-27,2941.41650390625,3247.385498046875,3266.88916015625,3218.129638671875,3227.881591796875,16355158
2016-05-30,2985.58203125,3296.14501953125,3315.648681640625,3257.13720703125,3257.13720703125,32539067
2016-05-31,2985.58203125,3296.14501953125,3335.152587890625,3286.39306640625,3315.648681640625,35841703
2016-06-01,3038.580322265625,3354.656494140625,3403.416015625,3276.64111328125,3296.14501953125,58288592
2016-06-02,3109.2451171875,3432.671630859375,3442.423583984375,3335.152587890625,3354.656494140625,53517218
2016-06-03,3144.577392578125,3471.67919921875,3500.93505859375,3442.423583984375,3471.67919921875,66268979
2016-06-06,3126.9111328125,3452.175537109375,3578.9501953125,3442.423583984375,3491.18310546875,76004817
2016-06-07,3206.4091796875,3539.942626953125,3539.942626953125,3461.927490234375,3461.927490234375,31251729
2016-06-08,3259.407470703125,3598.4541015625,3647.213623046875,3559.446533203125,3578.9501953125,38196524
2016-06-09,3241.7412109375,3578.9501953125,3627.7099609375,3559.446533203125,3627.7099609375,30410766
2016-06-10,3268.240478515625,3608.2060546875,3656.965576171875,3578.9501953125,3588.7021484375,25013976
2016-06-13,3224.074951171875,3559.446533203125,3598.4541015625,3539.942626953125,3598.4541015625,30026021
2016-06-14,3347.73828125,3695.97314453125,3695.97314453125,3530.190673828125,3549.694580078125,35307961
2016-06-15,3356.571533203125,3705.72509765625,3773.988525390625,3666.717529296875,3695.97314453125,21833265
2016-06-16,3365.404296875,3715.47705078125,3773.988525390625,3705.72509765625,3705.72509765625,28857326
2016-06-17,3303.57275390625,3647.213623046875,3734.980712890625,3647.213623046875,3695.97314453125,58034180
2016-06-20,3391.90380859375,3744.732666015625,3744.732666015625,3676.469482421875,3705.72509765625,16900487
2016-06-21,3462.568603515625,3822.748046875,3871.507568359375,3783.740478515625,3783.740478515625,37026907
2016-06-22,3497.90087890625,3861.755615234375,3891.011474609375,3803.244140625,3822.748046875,23441463
2016-06-23,3542.066162109375,3910.51513671875,3930.01904296875,3852.003662109375,3852.003662109375,41223111
2016-06-24,3427.236083984375,3783.740478515625,3900.76318359375,3637.461669921875,3891.011474609375,124885199
2016-06-27,3444.902099609375,3803.244140625,3803.244140625,3676.469482421875,3734.980712890625,32882590
2016-06-28,3418.403076171875,3773.988525390625,3832.5,3754.484619140625,3764.236572265625,18771505
2016-06-29,3471.401611328125,3832.5,3871.507568359375,3773.988525390625,3783.740478515625,45704183
2016-06-30,3497.90087890625,3861.755615234375,3930.01904296875,3852.003662109375,3881.259521484375,35260073
2016-07-01,3515.566650390625,3881.259521484375,3939.77099609375,3871.507568359375,3881.259521484375,58025156
2016-07-04,3524.39990234375,3891.011474609375,3920.26708984375,3871.507568359375,3900.76318359375,42647755
2016-07-05,3550.899169921875,3920.26708984375,3978.778564453125,3910.51513671875,3930.01904296875,50529290
2016-07-06,3621.56396484375,3998.282470703125,3998.282470703125,3881.259521484375,3910.51513671875,50833948
2016-07-07,3780.559326171875,4173.81689453125,4193.3203125,4047.0419921875,4086.049560546875,37743587
2016-07-08,3771.7265625,4164.06494140625,4212.82421875,4086.049560546875,4193.3203125,59007118
2016-07-11,3577.398193359375,3949.522705078125,4183.56884765625,3949.522705078125,4164.06494140625,52944920
2016-07-12,3630.396728515625,4008.0341796875,4037.2900390625,3920.26708984375,3978.778564453125,56881585
2016-07-13,3674.56201171875,4056.793701171875,4095.801513671875,4047.0419921875,4047.0419921875,38414533
2016-07-14,3550.899169921875,3920.26708984375,4076.297607421875,3920.26708984375,4066.545654296875,52725578
2016-07-15,3586.231689453125,3959.274658203125,3969.026611328125,3832.5,3910.51513671875,38209445
2016-07-18,3736.39404296875,4125.05712890625,4173.81689453125,3949.522705078125,3959.274658203125,61375270
2016-07-19,3709.894775390625,4095.801513671875,4193.3203125,3998.282470703125,4193.3203125,45556520
2016-07-20,3630.396728515625,4008.0341796875,4115.30517578125,4008.0341796875,4086.049560546875,27978319
2016-07-21,3639.22998046875,4017.7861328125,4076.297607421875,3998.282470703125,4017.7861328125,29583543
2016-07-22,3550.899169921875,3920.26708984375,3998.282470703125,3803.244140625,3998.282470703125,53226608
2016-07-25,3612.730712890625,3988.530517578125,4027.5380859375,3910.51513671875,3959.274658203125,38625158
2016-07-26,3736.39404296875,4125.05712890625,4125.05712890625,3969.026611328125,3988.530517578125,51164140
2016-07-27,3736.39404296875,4125.05712890625,4125.05712890625,4125.05712890625,4125.05712890625,0
2016-07-28,3939.554443359375,4349.35107421875,4368.85498046875,4222.576171875,4222.576171875,60525077
2016-07-29,3930.7216796875,4339.59912109375,4368.85498046875,4290.83935546875,4359.10302734375,63466245
2016-08-01,3895.38916015625,4300.59130859375,4349.35107421875,4242.080078125,4349.35107421875,47710765
2016-08-02,3771.7265625,4164.06494140625,4271.3359375,4164.06494140625,4251.83203125,65321164
2016-08-03,3815.891357421875,4212.82421875,4212.82421875,4134.80908203125,4144.56103515625,31281057
2016-08-04,3762.8935546875,4154.31298828125,4261.583984375,4154.31298828125,4251.83203125,31599046
2016-08-05,3807.058349609375,4203.072265625,4203.072265625,4115.30517578125,4144.56103515625,49164429
2016-08-08,3780.559326171875,4173.81689453125,4242.080078125,4164.06494140625,4212.82421875,20292848
2016-08-09,3824.724609375,4222.576171875,4222.576171875,4164.06494140625,4164.06494140625,24113434
2016-08-10,4001.38623046875,4417.6142578125,4485.8779296875,4242.080078125,4242.080078125,58488450
2016-08-11,4063.218505859375,4485.8779296875,4505.38134765625,4417.6142578125,4417.6142578125,40311187
2016-08-12,4045.55224609375,4466.3740234375,4602.90087890625,4456.6220703125,4583.39697265625,46794841
2016-08-15,4089.717041015625,4515.13330078125,4515.13330078125,4446.8701171875,4466.3740234375,46893386
2016-08-16,4151.54931640625,4583.39697265625,4641.908203125,4534.63720703125,4554.14111328125,36889190
2016-08-17,4292.8779296875,4739.42724609375,4778.43505859375,4593.14892578125,4593.14892578125,48205642
2016-08-18,4310.54443359375,4758.93115234375,4846.6982421875,4739.42724609375,4788.18701171875,42207534
2016-08-19,4257.5458984375,4700.419921875,4797.93896484375,4700.419921875,4768.68310546875,37497379
2016-08-22,4284.044921875,4729.67529296875,4749.17919921875,4680.916015625,4690.66796875,28188944
2016-08-23,4354.7099609375,4807.69091796875,4807.69091796875,4719.92333984375,4719.92333984375,36110778
2016-08-24,4328.2099609375,4778.43505859375,4924.7138671875,4768.68310546875,4846.6982421875,59591209
2016-08-25,4505.89453125,4822.318359375,4822.318359375,4732.60107421875,4755.0302734375,52317520
2016-08-26,4463.97998046875,4777.4599609375,4833.533203125,4766.2451171875,4822.318359375,20544028
2016-08-29,4348.712890625,4654.09814453125,4788.67431640625,4654.09814453125,4766.2451171875,43838733
2016-08-30,4390.6279296875,4698.95703125,4710.171875,4586.81005859375,4620.4541015625,27370875
2016-08-31,4484.9365234375,4799.88916015625,4811.10400390625,4732.60107421875,4743.81591796875,26957667
2016-09-01,4443.02197265625,4755.0302734375,4799.88916015625,4732.60107421875,4799.88916015625,20363461
2016-09-05,4401.10693359375,4710.171875,4788.67431640625,4698.95703125,4777.4599609375,32332579
2016-09-06,4432.54345703125,4743.81591796875,4788.67431640625,4721.38623046875,4732.60107421875,29902642
2016-09-07,4610.6826171875,4934.46533203125,4934.46533203125,4698.95703125,4743.81591796875,40384783
2016-09-08,4704.9921875,5035.39794921875,5069.0419921875,4889.60693359375,4934.46533203125,49414721
2016-09-09,4642.119140625,4968.109375,5046.6123046875,4945.68017578125,5035.39794921875,26558904
2016-09-12,4505.89453125,4822.318359375,4923.2509765625,4816.71142578125,4917.6435546875,28621020
2016-09-13,4579.24609375,4900.8212890625,4945.68017578125,4822.318359375,4822.318359375,30411261
2016-09-14,4568.76806640625,4889.60693359375,4928.8583984375,4861.56982421875,4861.56982421875,12779929
2016-09-15,4631.64111328125,4956.89501953125,4990.5390625,4867.17724609375,4867.17724609375,26919413
2016-09-16,4663.07763671875,4990.5390625,5012.96826171875,4940.07275390625,4956.89501953125,80486366
2016-09-19,4778.3447265625,5113.90087890625,5153.15185546875,5035.39794921875,5046.6123046875,38446254
2016-09-20,4762.6259765625,5097.07861328125,5125.115234375,5041.00537109375,5080.25634765625,27002073
2016-09-21,4778.3447265625,5113.90087890625,5181.18896484375,5046.6123046875,5091.47119140625,26718695
2016-09-22,4841.2177734375,5181.18896484375,5237.26220703125,5125.115234375,5169.97412109375,38430115
2016-09-23,4809.78125,5147.544921875,5203.6181640625,5147.544921875,5181.18896484375,27332621
2016-09-26,4815.0205078125,5153.15185546875,5186.79638671875,5063.4345703125,5136.330078125,25632084
2016-09-27,4846.45703125,5186.79638671875,5198.0107421875,5136.330078125,5147.544921875,30951712
2016-09-28,4893.61181640625,5237.26220703125,5270.90625,5186.79638671875,5214.8330078125,29675084
2016-09-29,4862.17529296875,5203.6181640625,5270.90625,5181.18896484375,5237.26220703125,30722905
2016-09-30,4788.8232421875,5125.115234375,5214.8330078125,5113.90087890625,5164.36669921875,62909070
2016-10-03,4663.07763671875,4990.5390625,5158.75927734375,4990.5390625,5125.115234375,59711658
2016-10-04,4605.443359375,4928.8583984375,5024.18310546875,4833.533203125,4956.89501953125,112300697
2016-10-05,4568.76806640625,4889.60693359375,4956.89501953125,4883.99951171875,4934.46533203125,44525065
2016-10-06,4495.416015625,4811.10400390625,4900.8212890625,4771.8525390625,4878.39208984375,50313631
2016-10-07,4306.79736328125,4609.2392578125,4855.962890625,4541.951171875,4811.10400390625,107825853
2016-10-10,4107.69921875,4396.16015625,4609.2392578125,4396.16015625,4598.02490234375,52895155
2016-10-11,4390.6279296875,4698.95703125,4698.95703125,4407.375,4407.375,78611950
2016-10-12,4275.36083984375,4575.59521484375,4777.4599609375,4553.166015625,4732.60107421875,56061625
2016-10-13,4327.7548828125,4631.6689453125,4659.70556640625,4452.23388671875,4508.30712890625,42223174
2016-10-14,4233.4453125,4530.736328125,4676.52734375,4530.736328125,4598.02490234375,38991343
2016-10-17,4170.572265625,4463.4482421875,4575.59521484375,4463.4482421875,4508.30712890625,24314527
2016-10-18,4264.8818359375,4564.380859375,4569.98779296875,4441.01904296875,4441.01904296875,35104567
2016-10-19,4322.515625,4626.0615234375,4698.95703125,4569.98779296875,4598.02490234375,32316529
2016-10-20,4312.037109375,4614.8466796875,4665.31298828125,4586.81005859375,4642.88330078125,14232844
2016-10-21,4296.318359375,4598.02490234375,4642.88330078125,4586.81005859375,4609.2392578125,19782527
2016-10-24,4212.48779296875,4508.30712890625,4620.4541015625,4508.30712890625,4598.02490234375,25648937
2016-10-25,4149.61474609375,4441.01904296875,4519.52197265625,4401.767578125,4508.30712890625,30080891
2016-10-26,4144.375,4435.41162109375,4480.2705078125,4379.33837890625,4441.01904296875,22745425
2016-10-27,4144.375,4435.41162109375,4457.8408203125,4401.767578125,4441.01904296875,14568386
2016-10-28,4275.36083984375,4575.59521484375,4609.2392578125,4435.41162109375,4435.41162109375,30459590
2016-10-31,4270.12109375,4569.98779296875,4609.2392578125,4508.30712890625,4609.2392578125,19762107
2016-11-01,4233.4453125,4530.736328125,4614.8466796875,4530.736328125,4541.951171875,13551060
2016-11-02,4139.1357421875,4429.80419921875,4530.736328125,4429.80419921875,4530.736328125,25049991
2016-11-03,4118.17822265625,4407.375,4429.80419921875,4356.90869140625,4429.80419921875,30466634
2016-11-04,4149.61474609375,4441.01904296875,4463.4482421875,4418.58935546875,4429.80419921875,13564970
2016-11-07,4306.79736328125,4609.2392578125,4620.4541015625,4452.23388671875,4480.2705078125,36764176
2016-11-08,4348.712890625,4654.09814453125,4687.7421875,4620.4541015625,4631.6689453125,41633056
2016-11-09,4291.0791015625,4592.41748046875,4654.09814453125,4429.80419921875,4654.09814453125,83922126
2016-11-10,4348.712890625,4654.09814453125,4693.349609375,4648.49072265625,4687.7421875,33908369
2016-11-11,4291.0791015625,4592.41748046875,4642.88330078125,4575.59521484375,4620.4541015625,30393605
2016-11-14,4317.2763671875,4620.4541015625,4642.88330078125,4569.98779296875,4575.59521484375,35578945
2016-11-15,4401.10693359375,4710.171875,4743.81591796875,4620.4541015625,4620.4541015625,40917387
2016-11-16,4411.58544921875,4721.38623046875,4783.0673828125,4698.95703125,4710.171875,37679493
2016-11-17,4380.1494140625,4687.7421875,4760.6376953125,4676.52734375,4710.171875,27236497
2016-11-18,4327.7548828125,4631.6689453125,4715.77880859375,4620.4541015625,4676.52734375,27657552
2016-11-21,4401.10693359375,4710.171875,4710.171875,4609.2392578125,4642.88330078125,29458671
2016-11-22,4390.6279296875,4698.95703125,4760.6376953125,4687.7421875,4755.0302734375,26876791
2016-11-23,4364.4306640625,4670.92041015625,4743.81591796875,4665.31298828125,4698.95703125,19671958
2016-11-24,4369.67041015625,4676.52734375,4738.20849609375,4665.31298828125,4687.7421875,22497001
2016-11-25,4374.90966796875,4682.134765625,4732.60107421875,4665.31298828125,4710.171875,28890399
2016-11-28,4264.8818359375,4564.380859375,4682.134765625,4541.951171875,4676.52734375,27234803
2016-11-29,4228.2060546875,4525.12939453125,4586.81005859375,4508.30712890625,4564.380859375,26010160
2016-11-30,4411.58544921875,4721.38623046875,4766.2451171875,4508.30712890625,4513.91455078125,54752361
2016-12-01,4374.90966796875,4682.134765625,4766.2451171875,4682.134765625,4743.81591796875,39156037
2016-12-02,4422.06396484375,4732.60107421875,4749.4228515625,4687.7421875,4698.95703125,42527864
2016-12-05,4443.02197265625,4755.0302734375,4827.92578125,4732.60107421875,4743.81591796875,54417711
2016-12-06,4285.83984375,4586.81005859375,4777.4599609375,4553.166015625,4766.2451171875,44194873
2016-12-07,4280.6005859375,4581.20263671875,4642.88330078125,4575.59521484375,4586.81005859375,26642812
2016-12-08,4285.83984375,4586.81005859375,4642.88330078125,4581.20263671875,4592.41748046875,17050308
2016-12-09,4285.83984375,4586.81005859375,4637.2763671875,4575.59521484375,4586.81005859375,22874988
2016-12-12,4264.8818359375,4564.380859375,4586.81005859375,4541.951171875,4581.20263671875,21514184
2016-12-13,4249.1640625,4547.55859375,4581.20263671875,4519.52197265625,4564.380859375,23962133
2016-12-14,4364.4306640625,4670.92041015625,4687.7421875,4547.55859375,4547.55859375,23480532
2016-12-15,4327.7548828125,4631.6689453125,4676.52734375,4609.2392578125,4665.31298828125,16323048
2016-12-16,4380.1494140625,4687.7421875,4721.38623046875,4620.4541015625,4620.4541015625,32888814
2016-12-19,4348.712890625,4654.09814453125,4726.99365234375,4637.2763671875,4687.7421875,21670318
2016-12-20,4327.7548828125,4631.6689453125,4682.134765625,4626.0615234375,4654.09814453125,11705446
2016-12-21,4390.6279296875,4698.95703125,4726.99365234375,4642.88330078125,4654.09814453125,21448110
2016-12-22,4453.50048828125,4766.2451171875,4844.748046875,4710.171875,4721.38623046875,54625117
2016-12-23,4500.65576171875,4816.71142578125,4844.748046875,4721.38623046875,4766.2451171875,38061135
2016-12-26,4589.7255859375,4912.0361328125,4917.6435546875,4855.962890625,4867.17724609375,34117648
2016-12-27,4521.61279296875,4839.140625,4923.2509765625,4839.140625,4912.0361328125,34162767
2016-12-28,4568.76806640625,4889.60693359375,4906.4287109375,4839.140625,4844.748046875,30916223
2016-12-29,4526.8525390625,4844.748046875,4895.2138671875,4844.748046875,4878.39208984375,18023496
2016-12-30,4521.61279296875,4839.140625,4872.78466796875,4839.140625,4844.748046875,17559907
2017-01-03,4610.6826171875,4934.46533203125,4951.28759765625,4844.748046875,4855.962890625,27148845
2017-01-04,4610.6826171875,4934.46533203125,4990.5390625,4917.6435546875,4968.109375,20921657
2017-01-05,4621.162109375,4945.68017578125,4968.109375,4934.46533203125,4940.07275390625,26915579
2017-01-06,4547.8095703125,4867.17724609375,4984.931640625,4844.748046875,4956.89501953125,37495092
2017-01-09,4521.61279296875,4839.140625,4889.60693359375,4816.71142578125,4878.39208984375,23344193
2017-01-10,4594.96484375,4917.6435546875,4945.68017578125,4844.748046875,4844.748046875,26622392
2017-01-11,4610.6826171875,4934.46533203125,4934.46533203125,4878.39208984375,4917.6435546875,14889661
2017-01-12,4574.0068359375,4895.2138671875,4956.89501953125,4895.2138671875,4956.89501953125,16201243
2017-01-13,4526.8525390625,4844.748046875,4895.2138671875,4844.748046875,4878.39208984375,23000091
2017-01-16,4401.10693359375,4710.171875,4855.962890625,4710.171875,4839.140625,36921648
2017-01-17,4401.10693359375,4710.171875,4760.6376953125,4682.134765625,4710.171875,22849753
2017-01-18,4359.19140625,4665.31298828125,4738.20849609375,4665.31298828125,4710.171875,25032157
2017-01-19,4343.4736328125,4648.49072265625,4693.349609375,4626.0615234375,4631.6689453125,17021150
2017-01-20,4422.06396484375,4732.60107421875,4749.4228515625,4654.09814453125,4654.09814453125,10580850
2017-01-23,4401.10693359375,4710.171875,4766.2451171875,4710.171875,4721.38623046875,10656554
2017-01-24,4401.10693359375,4710.171875,4732.60107421875,4704.564453125,4732.60107421875,10413123
2017-01-25,4432.54345703125,4743.81591796875,4771.8525390625,4710.171875,4710.171875,8090635
2017-01-26,4432.54345703125,4743.81591796875,4743.81591796875,4743.81591796875,4743.81591796875,0
2017-02-03,4526.8525390625,4844.748046875,4990.5390625,4844.748046875,4945.68017578125,48157977
2017-02-06,4621.162109375,4945.68017578125,4945.68017578125,4844.748046875,4878.39208984375,40987652
2017-02-07,4673.55615234375,5001.75390625,5052.2197265625,4956.89501953125,4956.89501953125,77701626
2017-02-08,4678.79541015625,5007.36083984375,5024.18310546875,4968.109375,5024.18310546875,28826465
2017-02-09,4668.31640625,4996.146484375,5063.4345703125,4984.931640625,5035.39794921875,51394267
2017-02-10,4647.35888671875,4973.716796875,5035.39794921875,4973.716796875,4984.931640625,35713322
2017-02-13,4689.2744140625,5018.57568359375,5035.39794921875,4990.5390625,4990.5390625,20434261
2017-02-14,4725.9501953125,5057.8271484375,5102.68603515625,5024.18310546875,5046.6123046875,40347064
2017-02-15,4731.189453125,5063.4345703125,5091.47119140625,5024.18310546875,5057.8271484375,33597259
2017-02-16,4684.03515625,5012.96826171875,5085.86376953125,5012.96826171875,5085.86376953125,40045852
2017-02-17,4642.119140625,4968.109375,5001.75390625,4912.0361328125,4990.5390625,48501277
2017-02-20,4401.10693359375,4710.171875,4811.10400390625,4665.31298828125,4799.88916015625,118166305
2017-02-21,4427.30322265625,4738.20849609375,4755.0302734375,4670.92041015625,4693.349609375,38564046
2017-02-22,4212.48779296875,4508.30712890625,4749.4228515625,4485.8779296875,4732.60107421875,70629833
2017-02-23,4254.4033203125,4553.166015625,4586.81005859375,4497.09228515625,4508.30712890625,40370248
2017-02-24,4238.6845703125,4536.34375,4569.98779296875,4497.09228515625,4541.951171875,21421002
2017-02-27,4217.7275390625,4513.91455078125,4536.34375,4469.0556640625,4530.736328125,35215850
2017-02-28,4191.53076171875,4485.8779296875,4564.380859375,4485.8779296875,4541.951171875,21032762
2017-03-01,4285.83984375,4586.81005859375,4598.02490234375,4418.58935546875,4480.2705078125,33907656
2017-03-02,4401.10693359375,4710.171875,4715.77880859375,4586.81005859375,4609.2392578125,70561262
2017-03-03,4296.318359375,4598.02490234375,4710.171875,4598.02490234375,4710.171875,15864810
2017-03-06,4317.2763671875,4620.4541015625,4654.09814453125,4575.59521484375,4598.02490234375,22832900
2017-03-07,4317.2763671875,4620.4541015625,4654.09814453125,4609.2392578125,4642.88330078125,17097657
2017-03-08,4322.515625,4626.0615234375,4631.6689453125,4609.2392578125,4620.4541015625,17964733
2017-03-09,4401.10693359375,4710.171875,4726.99365234375,4626.0615234375,4631.6689453125,38292082
2017-03-10,4411.58544921875,4721.38623046875,4822.318359375,4704.564453125,4710.171875,53572480
2017-03-13,4411.58544921875,4721.38623046875,4732.60107421875,4687.7421875,4721.38623046875,17693571
2017-03-14,4406.345703125,4715.77880859375,4732.60107421875,4710.171875,4732.60107421875,14241850
2017-03-15,4353.9521484375,4659.70556640625,4715.77880859375,4648.49072265625,4710.171875,23024969
2017-03-16,4380.1494140625,4687.7421875,4698.95703125,4676.52734375,4687.7421875,8816557
2017-03-17,4327.7548828125,4631.6689453125,4726.99365234375,4631.6689453125,4698.95703125,39658057
2017-03-20,4385.38818359375,4693.349609375,4704.564453125,4665.31298828125,4687.7421875,8548783
2017-03-21,4490.17626953125,4805.49658203125,4811.10400390625,4755.0302734375,4766.2451171875,31942555
2017-03-22,4443.02197265625,4755.0302734375,4833.533203125,4743.81591796875,4822.318359375,23172989
2017-03-23,4479.697265625,4794.28173828125,4811.10400390625,4755.0302734375,4766.2451171875,23182085
2017-03-24,4511.1337890625,4827.92578125,4833.533203125,4794.28173828125,4822.318359375,26205172
2017-03-27,4511.1337890625,4827.92578125,4861.56982421875,4816.71142578125,4855.962890625,28964498
2017-03-28,4500.65576171875,4816.71142578125,4844.748046875,4777.4599609375,4822.318359375,26295232
2017-03-29,4547.8095703125,4867.17724609375,4889.60693359375,4805.49658203125,4822.318359375,52465451
2017-03-30,4707.61279296875,5038.20166015625,5105.48974609375,4962.50244140625,5012.96826171875,48100344
2017-03-31,4801.921875,5139.1337890625,5181.18896484375,5046.6123046875,5046.6123046875,20157125
2017-04-03,5021.9765625,5374.64208984375,5383.05322265625,5155.95556640625,5164.36669921875,26695689
2017-04-04,5076.99072265625,5433.51953125,5601.73974609375,5374.64208984375,5383.05322265625,45773516
2017-04-05,4943.3857421875,5290.5322265625,5391.46435546875,5282.12109375,5383.05322265625,27272611
2017-04-07,5006.2587890625,5357.8203125,5391.46435546875,5223.244140625,5265.298828125,25727436
2017-04-10,5021.9765625,5374.64208984375,5391.46435546875,5315.76513671875,5383.05322265625,25669595
2017-04-11,5014.11767578125,5366.2314453125,5391.46435546875,5340.998046875,5383.05322265625,18660636
2017-04-12,4966.962890625,5315.76513671875,5357.8203125,5282.12109375,5349.4091796875,25152654
2017-04-13,4951.244140625,5298.94287109375,5340.998046875,5282.12109375,5298.94287109375,17888791
2017-04-14,4856.93505859375,5198.0107421875,5290.5322265625,5130.72265625,5256.88818359375,20870177
2017-04-17,4794.0625,5130.72265625,5223.244140625,5105.48974609375,5206.421875,26588152
2017-04-18,4754.76708984375,5088.66748046875,5164.36669921875,5055.0234375,5155.95556640625,31457477
2017-04-19,4864.794921875,5206.421875,5214.8330078125,5097.07861328125,5122.3115234375,24771487
2017-04-20,4786.20361328125,5122.3115234375,5214.8330078125,5122.3115234375,5206.421875,12881967
2017-04-21,4786.20361328125,5122.3115234375,5155.95556640625,5080.25634765625,5113.90087890625,11669748
2017-04-24,4723.33056640625,5055.0234375,5139.1337890625,5029.79052734375,5130.72265625,15029923
2017-04-25,4684.03515625,5012.96826171875,5080.25634765625,4987.7353515625,5046.6123046875,18983367
2017-04-26,4589.7255859375,4912.0361328125,4996.146484375,4827.92578125,4996.146484375,27193607
2017-04-27,4636.8798828125,4962.50244140625,4996.146484375,4827.92578125,4928.8583984375,38087648
2017-04-28,4636.8798828125,4962.50244140625,4962.50244140625,4962.50244140625,4962.50244140625,0
2017-05-03,4574.0068359375,4895.2138671875,4962.50244140625,4895.2138671875,4945.68017578125,13766937
2017-05-04,4589.7255859375,4912.0361328125,4945.68017578125,4895.2138671875,4903.625,15206358
2017-05-05,4589.7255859375,4912.0361328125,4928.8583984375,4912.0361328125,4912.0361328125,14834584
2017-05-08,4581.86572265625,4903.625,4928.8583984375,4895.2138671875,4912.0361328125,19716037
2017-05-09,4668.31640625,4996.146484375,5012.96826171875,4895.2138671875,4920.447265625,25354770
2017-05-10,4715.47119140625,5046.6123046875,5088.66748046875,5029.79052734375,5046.6123046875,23248486
2017-05-11,4739.04931640625,5071.845703125,5113.90087890625,5063.4345703125,5063.4345703125,23695815
2017-05-12,4668.31640625,4996.146484375,5080.25634765625,4962.50244140625,5071.845703125,17994783
2017-05-15,4636.8798828125,4962.50244140625,5004.5576171875,4954.09130859375,4996.146484375,20367147
2017-05-16,4558.2890625,4878.39208984375,4970.9130859375,4878.39208984375,4962.50244140625,33789121
2017-05-17,4566.1484375,4886.80322265625,4945.68017578125,4878.39208984375,4878.39208984375,14926428
2017-05-18,4479.697265625,4794.28173828125,4912.0361328125,4794.28173828125,4878.39208984375,23284272
2017-05-19,4511.1337890625,4827.92578125,4844.748046875,4777.4599609375,4827.92578125,15316214
2017-05-22,4542.5703125,4861.56982421875,4928.8583984375,4827.92578125,4827.92578125,14069041
2017-05-23,4566.1484375,4886.80322265625,4895.2138671875,4861.56982421875,4895.2138671875,19990855
2017-05-24,4613.30224609375,4937.26904296875,4954.09130859375,4869.98095703125,4878.39208984375,19554523
2017-05-25,4613.30224609375,4937.26904296875,4987.7353515625,4920.447265625,4945.68017578125,12371566
2017-05-26,4589.7255859375,4912.0361328125,4945.68017578125,4895.2138671875,4928.8583984375,10974292
2017-05-29,4684.03515625,5012.96826171875,5029.79052734375,4928.8583984375,4928.8583984375,27415340
2017-05-30,4613.30224609375,4937.26904296875,5021.37939453125,4937.26904296875,5021.37939453125,20144879
2017-05-31,4778.3447265625,5113.90087890625,5198.0107421875,4928.8583984375,4928.8583984375,49584885
2017-06-01,4762.6259765625,5097.07861328125,5164.36669921875,5071.845703125,5164.36669921875,23282370
2017-06-02,4715.47119140625,5046.6123046875,5105.48974609375,5021.37939453125,5097.07861328125,21157360
2017-06-05,4707.61279296875,5038.20166015625,5088.66748046875,5021.37939453125,5046.6123046875,27379435
2017-06-06,4794.0625,5130.72265625,5130.72265625,5012.96826171875,5029.79052734375,42337905
2017-06-07,4935.5263671875,5282.12109375,5298.94287109375,5155.95556640625,5155.95556640625,48812505
2017-06-08,4951.244140625,5298.94287109375,5332.58740234375,5248.47705078125,5298.94287109375,32010502
2017-06-09,4943.3857421875,5290.5322265625,5332.58740234375,5265.298828125,5290.5322265625,23477590
2017-06-12,4856.93505859375,5198.0107421875,5282.12109375,5181.18896484375,5273.7099609375,26155445
2017-06-13,4935.5263671875,5282.12109375,5282.12109375,5172.77783203125,5181.18896484375,22231487
2017-06-14,4974.822265625,5324.17626953125,5340.998046875,5273.7099609375,5307.35400390625,28568351
2017-06-15,5092.708984375,5450.34130859375,5483.9853515625,5324.17626953125,5324.17626953125,69752116
2017-06-16,5179.45361328125,5543.177734375,5695.9072265625,5507.2412109375,5677.93896484375,52978042
2017-06-19,5120.69140625,5480.2890625,5588.09814453125,5462.32080078125,5570.1298828125,25487082
2017-06-20,5187.84814453125,5552.16162109375,5552.16162109375,5462.32080078125,5462.32080078125,18702581
2017-06-21,5137.48095703125,5498.25732421875,5534.193359375,5453.3369140625,5534.193359375,21532198
2017-06-22,5162.66455078125,5525.20947265625,5543.177734375,5480.2890625,5489.27294921875,11817013
2017-06-23,5171.05859375,5534.193359375,5534.193359375,5480.2890625,5534.193359375,16863773
2017-06-26,5179.45361328125,5543.177734375,5561.14599609375,5489.27294921875,5516.2255859375,13976277
2017-06-27,5145.87548828125,5507.2412109375,5543.177734375,5498.25732421875,5543.177734375,14880654
2017-06-28,5154.27001953125,5516.2255859375,5525.20947265625,5489.27294921875,5507.2412109375,10899557
2017-06-29,5229.82080078125,5597.08203125,5650.98681640625,5507.2412109375,5507.2412109375,25122994
2017-06-30,5372.5283203125,5749.8115234375,5749.8115234375,5606.06640625,5642.00244140625,40805678
2017-07-03,5540.42041015625,5929.4931640625,6109.1748046875,5749.8115234375,5749.8115234375,44406937
2017-07-04,5540.42041015625,5929.4931640625,6028.31787109375,5902.541015625,5929.4931640625,26729279
2017-07-05,5523.63134765625,5911.52490234375,5974.41357421875,5875.5888671875,5974.41357421875,16714008
2017-07-06,5590.78759765625,5983.3974609375,6019.333984375,5911.52490234375,5929.4931640625,31301200
2017-07-07,5540.42041015625,5929.4931640625,6028.31787109375,5920.5087890625,6019.333984375,29413082
2017-07-10,5557.2099609375,5947.46142578125,5983.3974609375,5920.5087890625,5929.4931640625,29947193
2017-07-11,5523.63134765625,5911.52490234375,5965.42919921875,5785.748046875,5965.42919921875,31783274
2017-07-12,5540.42041015625,5929.4931640625,5965.42919921875,5875.5888671875,5929.4931640625,19644080
2017-07-13,5540.42041015625,5929.4931640625,5929.4931640625,5929.4931640625,5929.4931640625,0
2017-07-14,5657.9443359375,6055.27001953125,6190.03125,6055.27001953125,6100.1904296875,21200834
2017-07-17,5515.2373046875,5902.541015625,6064.25439453125,5839.65234375,6064.25439453125,28136157
2017-07-18,5380.92333984375,5758.79541015625,5776.763671875,5659.970703125,5713.875,42541304
2017-07-19,5338.94970703125,5713.875,5812.7001953125,5713.875,5758.79541015625,22049947
2017-07-20,5313.7666015625,5686.9228515625,5704.89111328125,5534.193359375,5642.00244140625,32570055
2017-07-21,5271.7939453125,5642.00244140625,5695.9072265625,5624.0341796875,5668.95458984375,25473335
2017-07-24,5305.37255859375,5677.93896484375,5713.875,5588.09814453125,5597.08203125,16949870
2017-07-25,5372.5283203125,5749.8115234375,5785.748046875,5650.98681640625,5650.98681640625,12814722
2017-07-26,5506.84228515625,5893.556640625,5911.52490234375,5758.79541015625,5785.748046875,15473815
2017-07-27,5448.08056640625,5830.66845703125,5902.541015625,5821.68408203125,5902.541015625,8304912
2017-07-28,5448.08056640625,5830.66845703125,5884.57275390625,5803.7158203125,5803.7158203125,8626814
2017-07-31,5422.896484375,5803.7158203125,5821.68408203125,5722.859375,5767.77978515625,17135866
2017-08-01,5490.05322265625,5875.5888671875,5911.52490234375,5749.8115234375,5749.8115234375,21106611
2017-08-02,5422.896484375,5803.7158203125,5866.6044921875,5794.73193359375,5839.65234375,12010244
2017-08-03,5422.896484375,5803.7158203125,5839.65234375,5776.763671875,5803.7158203125,7447673
2017-08-04,5372.5283203125,5749.8115234375,5803.7158203125,5740.82763671875,5785.748046875,8838968
2017-08-07,5414.50244140625,5794.73193359375,5812.7001953125,5731.84326171875,5749.8115234375,8278198
2017-08-08,5422.896484375,5803.7158203125,5830.66845703125,5785.748046875,5812.7001953125,7951787
2017-08-09,5347.3447265625,5722.859375,5803.7158203125,5704.89111328125,5767.77978515625,13285833
2017-08-10,5372.5283203125,5749.8115234375,5749.8115234375,5704.89111328125,5713.875,10534077
2017-08-11,5490.05322265625,5875.5888671875,5884.57275390625,5740.82763671875,5740.82763671875,16247238
2017-08-14,5708.3115234375,6109.1748046875,6109.1748046875,5866.6044921875,5875.5888671875,35736211
2017-08-15,5624.3662109375,6019.333984375,6181.04736328125,6001.36572265625,6181.04736328125,25454302
2017-08-16,5750.28515625,6154.09521484375,6154.09521484375,5983.3974609375,6019.333984375,40785865
2017-08-17,5649.5498046875,6046.2861328125,6154.09521484375,6046.2861328125,6154.09521484375,17255410
2017-08-18,5666.33935546875,6064.25439453125,6109.1748046875,5992.3818359375,6019.333984375,16869561
2017-08-21,5557.2099609375,5947.46142578125,6064.25439453125,5938.47705078125,6055.27001953125,18231748
2017-08-22,5582.3935546875,5974.41357421875,6010.349609375,5893.556640625,5911.52490234375,16566191
2017-08-23,5624.3662109375,6019.333984375,6019.333984375,5920.5087890625,5938.47705078125,1159244959
2017-08-24,5657.9443359375,6055.27001953125,6082.22265625,5983.3974609375,5983.3974609375,1860290550
2017-08-25,5691.52294921875,6091.20654296875,6100.1904296875,6028.31787109375,6037.30224609375,31493206
2017-08-28,5775.46875,6181.04736328125,6181.04736328125,6091.20654296875,6109.1748046875,29281238
2017-08-29,5783.86328125,6190.03125,6252.919921875,6154.09521484375,6163.0791015625,28594913
2017-08-30,5851.01953125,6261.904296875,6288.8564453125,6190.03125,6190.03125,19904485
2017-08-31,5884.59814453125,6297.84033203125,6351.7451171875,6252.919921875,6252.919921875,21808408
2017-09-01,5892.99267578125,6306.82470703125,6324.79248046875,6261.904296875,6297.84033203125,15693815
2017-09-04,5892.99267578125,6306.82470703125,6306.82470703125,6306.82470703125,6306.82470703125,0
2017-09-05,5943.35986328125,6360.72900390625,6369.712890625,6279.8720703125,6306.82470703125,18066512
2017-09-06,6044.09521484375,6468.5380859375,6468.5380859375,6360.72900390625,6360.72900390625,33846424
2017-09-07,5960.1494140625,6378.697265625,6486.505859375,6342.7607421875,6486.505859375,29523054
2017-09-08,6035.70068359375,6459.5537109375,6477.52197265625,6333.77685546875,6378.697265625,23333328
2017-09-11,5926.57080078125,6342.7607421875,6468.5380859375,6342.7607421875,6450.56982421875,16459892
2017-09-12,5951.7548828125,6369.712890625,6369.712890625,6270.88818359375,6342.7607421875,17572137
2017-09-13,6195.197265625,6630.25146484375,6630.25146484375,6396.66552734375,6414.63330078125,32932752
2017-09-14,6161.619140625,6594.31494140625,6702.1240234375,6558.37890625,6648.2197265625,16581051
2017-09-15,6211.986328125,6648.2197265625,6657.20361328125,6540.41064453125,6558.37890625,23599911
2017-09-18,6321.1162109375,6765.0126953125,6827.9013671875,6693.14013671875,6702.1240234375,25802306
2017-09-19,6379.8779296875,6827.9013671875,6944.6943359375,6782.98095703125,6809.93310546875,28467910
2017-09-20,6363.0888671875,6809.93310546875,6863.83740234375,6773.99658203125,6836.88525390625,17070917
2017-09-21,6295.93212890625,6738.060546875,6845.869140625,6702.1240234375,6827.9013671875,23937062
2017-09-22,6329.51025390625,6773.99658203125,6863.83740234375,6711.10791015625,6729.076171875,18410620
2017-09-25,6295.93212890625,6738.060546875,6782.98095703125,6720.09228515625,6782.98095703125,11389368
2017-09-26,6279.14306640625,6720.09228515625,6756.0283203125,6657.20361328125,6720.09228515625,20402087
2017-09-27,6329.51025390625,6773.99658203125,6800.94873046875,6720.09228515625,6720.09228515625,11211386
2017-09-28,6337.9052734375,6782.98095703125,6863.83740234375,6773.99658203125,6782.98095703125,16412809
2017-09-29,6530.98095703125,6989.61474609375,6998.5986328125,6782.98095703125,6782.98095703125,33899685
2017-10-02,6556.1640625,7016.56689453125,7034.53515625,6944.6943359375,6998.5986328125,24095454
2017-10-03,6514.19140625,6971.646484375,7052.5029296875,6899.77392578125,7007.5830078125,19480068
2017-10-04,6656.8994140625,7124.3759765625,7124.3759765625,6953.67822265625,6989.61474609375,14311592
2017-10-05,6514.19140625,6971.646484375,7169.29638671875,6971.646484375,7124.3759765625,29726358
2017-10-06,6522.5859375,6980.63037109375,7043.51904296875,6917.7421875,6971.646484375,17353807
2017-10-09,6623.3212890625,7088.439453125,7088.439453125,6971.646484375,7007.5830078125,12131235
2017-10-10,6665.29345703125,7133.35986328125,7133.35986328125,7070.47119140625,7088.439453125,11057948
2017-10-11,6640.10986328125,7106.40771484375,7142.34375,7079.45556640625,7133.35986328125,16275733
2017-10-12,6631.71533203125,7097.42333984375,7187.26416015625,7061.4873046875,7115.3916015625,36213611
2017-10-13,6539.37548828125,6998.5986328125,7106.40771484375,6989.61474609375,7088.439453125,19368426
2017-10-16,6379.8779296875,6827.9013671875,7007.5830078125,6791.96484375,7007.5830078125,30485034
2017-10-17,6547.76953125,7007.5830078125,7007.5830078125,6809.93310546875,6809.93310546875,23424879
2017-10-18,6447.03466796875,6899.77392578125,7061.4873046875,6863.83740234375,7007.5830078125,18131404
2017-10-19,6346.2998046875,6791.96484375,6908.7578125,6782.98095703125,6827.9013671875,21411317
2017-10-20,6287.53759765625,6729.076171875,6818.9169921875,6630.25146484375,6791.96484375,28574933
2017-10-23,6228.77587890625,6666.1875,6738.060546875,6585.3310546875,6666.1875,19751158
2017-10-24,6295.93212890625,6738.060546875,6738.060546875,6657.20361328125,6729.076171875,14118751
2017-10-25,6270.748046875,6711.10791015625,6773.99658203125,6711.10791015625,6720.09228515625,10380750
2017-10-26,6211.986328125,6648.2197265625,6711.10791015625,6594.31494140625,6711.10791015625,16645498
2017-10-27,6329.51025390625,6773.99658203125,6773.99658203125,6630.25146484375,6657.20361328125,12839767
2017-10-30,6178.408203125,6612.283203125,6791.96484375,6612.283203125,6791.96484375,17712051
2017-10-31,6211.986328125,6648.2197265625,6720.09228515625,6522.4423828125,6612.283203125,20016684
2017-11-01,5993.7275390625,6414.63330078125,6630.25146484375,6405.6494140625,6612.283203125,31699404
2017-11-02,5842.625,6252.919921875,6504.47412109375,6252.919921875,6414.63330078125,25838982
2017-11-03,6077.6728515625,6504.47412109375,6504.47412109375,6252.919921875,6288.8564453125,22044604
2017-11-06,6195.197265625,6630.25146484375,6657.20361328125,6540.41064453125,6558.37890625,16204997
2017-11-07,6195.197265625,6630.25146484375,6648.2197265625,6576.3466796875,6648.2197265625,14460021
2017-11-08,6220.380859375,6657.20361328125,6702.1240234375,6585.3310546875,6630.25146484375,25747097
2017-11-09,6220.380859375,6657.20361328125,6693.14013671875,6639.2353515625,6684.15576171875,16608767
2017-11-10,6253.9599609375,6693.14013671875,6693.14013671875,6630.25146484375,6684.15576171875,15003483
2017-11-13,6153.224609375,6585.3310546875,6693.14013671875,6522.4423828125,6693.14013671875,14146355
2017-11-14,6279.14306640625,6720.09228515625,6791.96484375,6576.3466796875,6612.283203125,17937784
2017-11-15,6505.796875,6962.66259765625,6989.61474609375,6729.076171875,6738.060546875,32967592
2017-11-16,6489.0078125,6944.6943359375,7043.51904296875,6917.7421875,6953.67822265625,21279473
2017-11-17,6413.4560546875,6863.83740234375,6953.67822265625,6818.9169921875,6935.7099609375,15720696
2017-11-20,6279.14306640625,6720.09228515625,6863.83740234375,6684.15576171875,6863.83740234375,28005425
2017-11-21,6304.32666015625,6747.04443359375,6827.9013671875,6729.076171875,6738.060546875,22908020
2017-11-22,6430.24560546875,6881.8056640625,6935.7099609375,6791.96484375,6809.93310546875,22359717
2017-11-23,6413.4560546875,6863.83740234375,6953.67822265625,6791.96484375,6935.7099609375,28097922
2017-11-24,6564.55859375,7025.55078125,7043.51904296875,6863.83740234375,6863.83740234375,35511870
2017-11-27,6589.74267578125,7052.5029296875,7088.439453125,6998.5986328125,7043.51904296875,29229869
2017-11-28,6614.9267578125,7079.45556640625,7124.3759765625,7025.55078125,7097.42333984375,20509500
2017-11-29,6598.1376953125,7061.4873046875,7079.45556640625,7007.5830078125,7061.4873046875,20600550
2017-11-30,6917.13037109375,7402.88232421875,7438.81884765625,7115.3916015625,7115.3916015625,63766013
2017-12-01,6967.49853515625,7456.78662109375,7492.72314453125,7366.94580078125,7393.8984375,24306772
2017-12-04,7051.44384765625,7546.62744140625,7564.595703125,7420.8505859375,7438.81884765625,24630289
2017-12-05,6984.28759765625,7474.7548828125,7591.5478515625,7474.7548828125,7546.62744140625,31452467
2017-12-06,7093.41748046875,7591.5478515625,7591.5478515625,7295.0732421875,7528.65966796875,39915604
2017-12-07,7043.04931640625,7537.6435546875,7600.5322265625,7474.7548828125,7591.5478515625,21976762
2017-12-08,6917.13037109375,7402.88232421875,7528.65966796875,7384.9140625,7528.65966796875,19617143
2017-12-11,6749.2392578125,7223.20068359375,7375.93017578125,7223.20068359375,7295.0732421875,21029586
2017-12-12,6665.29345703125,7133.35986328125,7348.97802734375,6827.9013671875,7241.1689453125,38433259
2017-12-13,6766.02880859375,7241.1689453125,7259.13720703125,7133.35986328125,7259.13720703125,23263593
2017-12-14,6824.79052734375,7304.0576171875,7331.009765625,7232.1845703125,7241.1689453125,12140196
2017-12-15,7001.07666015625,7492.72314453125,7537.6435546875,7357.9619140625,7357.9619140625,30779777
2017-12-18,7219.3359375,7726.30908203125,7726.30908203125,7501.70703125,7582.56396484375,33305133
2017-12-19,7320.07080078125,7834.1181640625,7959.8955078125,7753.26123046875,7798.181640625,41262653
2017-12-20,7387.22705078125,7905.99072265625,7995.83154296875,7762.24560546875,7762.24560546875,24196132
2017-12-21,7404.01611328125,7923.958984375,8121.60888671875,7852.08642578125,7852.08642578125,34292268
2017-12-22,7445.98974609375,7968.87939453125,8067.7041015625,7923.958984375,7959.8955078125,32745421
2017-12-25,7362.0439453125,7879.03857421875,7986.84765625,7870.0546875,7968.87939453125,13054480
2017-12-26,7370.43798828125,7888.0224609375,7977.86328125,7807.166015625,7816.14990234375,20688149
2017-12-27,7622.27490234375,8157.544921875,8193.4814453125,7888.0224609375,7888.0224609375,42371002
2017-12-28,7689.4326171875,8229.41796875,8265.3544921875,8067.7041015625,8157.544921875,18393702
2017-12-29,7865.7177734375,8418.0830078125,8427.0673828125,8238.4013671875,8256.3701171875,28463569
2018-01-01,7865.7177734375,8418.0830078125,8418.0830078125,8418.0830078125,8418.0830078125,0
2018-01-02,8008.42578125,8570.8125,8579.796875,8346.2109375,8427.0673828125,22846522
2018-01-03,7991.63671875,8552.8447265625,8714.5576171875,8498.9404296875,8624.716796875,26870974
2018-01-04,8092.37060546875,8660.6533203125,8696.58984375,8552.8447265625,8588.78125,25825013
2018-01-05,8058.79296875,8624.716796875,8705.57421875,8561.8291015625,8642.685546875,20371867
2018-01-08,8310.62890625,8894.2392578125,8894.2392578125,8534.8759765625,8570.8125,20607284
2018-01-09,8881.4619140625,9505.1572265625,9505.1572265625,8930.17578125,8948.14453125,31734911
2018-01-10,8679.9921875,9289.5390625,9702.806640625,9091.8896484375,9612.9658203125,34683460
2018-01-11,8679.9921875,9289.5390625,9325.4755859375,9055.953125,9253.6025390625,29410522
2018-01-12,8747.1494140625,9361.412109375,9505.1572265625,9199.6982421875,9343.443359375,30016650
2018-01-15,9166.8779296875,9810.6162109375,9810.6162109375,9271.5712890625,9325.4755859375,18968329
2018-01-16,9401.9248046875,10062.169921875,10062.169921875,9630.9345703125,9756.7109375,24091447
2018-01-17,8998.9853515625,9630.9345703125,10098.1064453125,9630.9345703125,9954.361328125,27986058
2018-01-18,9401.9248046875,10062.169921875,10062.169921875,9487.189453125,9594.998046875,30845393
2018-01-19,10023.1240234375,10726.9921875,10762.9287109375,9990.2978515625,10062.169921875,40255037
2018-01-22,10023.1240234375,10726.9921875,10726.9921875,10726.9921875,10726.9921875,0
2018-01-23,10023.1240234375,10726.9921875,10726.9921875,10726.9921875,10726.9921875,0
2018-01-24,10023.1240234375,10726.9921875,10726.9921875,10726.9921875,10726.9921875,0
2018-01-25,10325.3291015625,11050.4189453125,11679.3046875,10960.578125,11661.3369140625,76652975
2018-01-26,10728.2685546875,11481.6552734375,11589.4638671875,10960.578125,11140.259765625,27817871
2018-01-29,10325.3291015625,11050.4189453125,11679.3046875,11050.4189453125,11589.4638671875,28384262
2018-01-30,10291.7509765625,11014.482421875,11050.4189453125,10511.3740234375,10870.7373046875,57277035
2018-01-31,10459.6416015625,11194.1640625,11463.6865234375,10960.578125,11014.482421875,30841553
2018-02-01,10241.3828125,10960.578125,11319.94140625,10870.7373046875,11194.1640625,15655970
2018-02-02,10258.171875,10978.5458984375,11032.451171875,10726.9921875,10960.578125,20441991
2018-02-05,9569.81640625,10241.8515625,10852.76953125,10241.8515625,10762.9287109375,40723255
2018-02-06,9737.708984375,10421.533203125,10673.087890625,9541.09375,9541.09375,83332401
2018-02-07,9989.5458984375,10691.0556640625,11050.4189453125,10619.18359375,10870.7373046875,31622935
2018-02-08,10023.1240234375,10726.9921875,10924.6416015625,10565.2783203125,10691.0556640625,25787001
2018-02-09,9788.0751953125,10475.4375,10673.087890625,10205.9150390625,10205.9150390625,50249104
2018-02-12,9872.0224609375,10565.2783203125,10726.9921875,10403.5654296875,10475.4375,36603022
2018-02-13,10174.2255859375,10888.705078125,10978.5458984375,10601.21484375,10601.21484375,29395551
2018-02-14,10174.2255859375,10888.705078125,10888.705078125,10888.705078125,10888.705078125,0
2018-02-15,10174.2255859375,10888.705078125,10888.705078125,10888.705078125,10888.705078125,0
2018-02-16,10174.2255859375,10888.705078125,10888.705078125,10888.705078125,10888.705078125,0
2018-02-19,10174.2255859375,10888.705078125,10888.705078125,10888.705078125,10888.705078125,0
2018-02-20,10174.2255859375,10888.705078125,10888.705078125,10888.705078125,10888.705078125,0
2018-02-21,10073.4921875,10780.896484375,11104.3232421875,10726.9921875,11050.4189453125,48862652
2018-02-22,9888.8115234375,10583.2470703125,10709.0234375,10547.310546875,10691.0556640625,27431299
2018-02-23,10342.1171875,11068.38671875,11140.259765625,10565.2783203125,10601.21484375,59526069
2018-02-26,10812.2158203125,11571.49609375,11607.431640625,11176.1962890625,11301.9736328125,48761306
2018-02-27,10761.8466796875,11517.5908203125,11661.3369140625,11391.814453125,11661.3369140625,43301203
2018-02-28,10761.8466796875,11517.5908203125,11517.5908203125,11517.5908203125,11517.5908203125,0
2018-03-01,11198.365234375,11984.763671875,12182.4130859375,11679.3046875,11841.017578125,36265536
2018-03-02,11131.2080078125,11912.890625,11984.763671875,11625.400390625,11697.2724609375,43110700
2018-03-05,10358.9072265625,11086.35546875,11912.890625,11086.35546875,11894.9228515625,105535063
2018-03-06,10728.2685546875,11481.6552734375,11517.5908203125,10637.1513671875,11140.259765625,47546602
2018-03-07,10258.171875,10978.5458984375,11481.6552734375,10870.7373046875,11050.4189453125,37358247
2018-03-08,10375.6962890625,11104.3232421875,11248.068359375,10798.8642578125,10942.6103515625,26587195
2018-03-09,10325.3291015625,11050.4189453125,11212.1328125,10996.5146484375,11140.259765625,26672457
2018-03-12,10409.2744140625,11140.259765625,11212.1328125,11032.451171875,11050.4189453125,16505695
2018-03-13,10325.3291015625,11050.4189453125,11140.259765625,10996.5146484375,11122.2919921875,16283803
2018-03-14,10375.6962890625,11104.3232421875,11194.1640625,11086.35546875,11122.2919921875,14773743
2018-03-15,10174.2255859375,10888.705078125,11050.4189453125,10852.76953125,11050.4189453125,23092123
2018-03-16,10107.0712890625,10816.8330078125,10942.6103515625,10709.0234375,10834.80078125,53604706
2018-03-19,10593.955078125,11337.9091796875,11481.6552734375,10960.578125,10960.578125,29045042
2018-03-20,10325.3291015625,11050.4189453125,11301.9736328125,11050.4189453125,11284.0048828125,19046300
2018-03-21,10577.166015625,11319.94140625,11391.814453125,11068.38671875,11068.38671875,27084519
2018-03-22,10543.587890625,11284.0048828125,11553.52734375,11230.1005859375,11319.94140625,36630738
2018-03-23,10308.5400390625,11032.451171875,11140.259765625,10870.7373046875,10870.7373046875,30169642
2018-03-26,9888.8115234375,10583.2470703125,11014.482421875,10511.3740234375,10906.673828125,61585100
2018-03-27,9972.7568359375,10673.087890625,10762.9287109375,10529.3427734375,10529.3427734375,32269913
2018-03-28,10056.703125,10762.9287109375,10816.8330078125,10565.2783203125,10673.087890625,13415730
2018-03-29,10207.8046875,10924.6416015625,10996.5146484375,10744.9599609375,10780.896484375,20499872
2018-03-30,10140.6484375,10852.76953125,11014.482421875,10798.8642578125,10996.5146484375,14345152
2018-04-02,9905.6005859375,10601.21484375,10888.705078125,10601.21484375,10870.7373046875,33914377
2018-04-03,9821.6552734375,10511.3740234375,10691.0556640625,10331.6923828125,10601.21484375,35339231
2018-04-04,9905.6005859375,10601.21484375,10655.119140625,10511.3740234375,10601.21484375,16187521
2018-04-05,9872.0224609375,10565.2783203125,10673.087890625,10529.3427734375,10655.119140625,11631407
2018-04-06,10140.6484375,10852.76953125,10852.76953125,10511.3740234375,10547.310546875,27265506
2018-04-09,10207.8046875,10924.6416015625,10996.5146484375,10780.896484375,10888.705078125,24928594
2018-04-10,10207.8046875,10924.6416015625,10978.5458984375,10798.8642578125,10924.6416015625,25889293
2018-04-11,10157.4375,10870.7373046875,11140.259765625,10852.76953125,10960.578125,40023239
2018-04-12,10358.9072265625,11086.35546875,11122.2919921875,10762.9287109375,10816.8330078125,25116705
2018-04-13,10274.9619140625,10996.5146484375,11158.2275390625,10942.6103515625,11140.259765625,18219894
2018-04-16,10090.28125,10798.8642578125,10960.578125,10798.8642578125,10870.7373046875,12122164
2018-04-17,10023.1240234375,10726.9921875,10852.76953125,10601.21484375,10852.76953125,18752058
2018-04-18,9905.6005859375,10601.21484375,10816.8330078125,10601.21484375,10762.9287109375,15348204
2018-04-19,9569.81640625,10241.8515625,10619.18359375,10241.8515625,10529.3427734375,28486443
2018-04-20,9872.0224609375,10565.2783203125,10565.2783203125,10098.1064453125,10241.8515625,18353241
2018-04-23,9334.76953125,9990.2978515625,10583.2470703125,9972.3291015625,10583.2470703125,15707784
2018-04-24,9401.9248046875,10062.169921875,10223.8837890625,9882.48828125,9972.3291015625,21196326
2018-04-25,9401.9248046875,10062.169921875,10062.169921875,10062.169921875,10062.169921875,0
2018-04-26,8982.197265625,9612.9658203125,10205.9150390625,9541.09375,10062.169921875,25882225
2018-04-27,9032.5634765625,9666.8701171875,9702.806640625,9307.5078125,9612.9658203125,28578884
2018-04-30,9032.5634765625,9666.8701171875,9666.8701171875,9666.8701171875,9666.8701171875,0
2018-05-01,9032.5634765625,9666.8701171875,9666.8701171875,9666.8701171875,9666.8701171875,0
2018-05-02,9133.2998046875,9774.6796875,9954.361328125,9577.029296875,9774.6796875,23361823
2018-05-03,9116.509765625,9756.7109375,9792.6474609375,9594.998046875,9756.7109375,29639649
2018-05-04,9066.142578125,9702.806640625,9936.392578125,9684.8388671875,9846.5517578125,14467201
2018-05-07,9401.9248046875,10062.169921875,10062.169921875,9684.8388671875,9774.6796875,21003095
2018-05-08,9569.81640625,10241.8515625,10403.5654296875,9918.4248046875,10044.2021484375,26096493
2018-05-09,9569.81640625,10241.8515625,10331.6923828125,10080.138671875,10205.9150390625,11222406
2018-05-10,9267.611328125,9918.4248046875,10223.8837890625,9882.48828125,10187.947265625,14626928
2018-05-11,9351.55859375,10008.265625,10026.2333984375,9792.6474609375,9810.6162109375,15186696
2018-05-14,9368.34765625,10026.2333984375,10116.07421875,9882.48828125,10080.138671875,15575216
2018-05-15,9301.1904296875,9954.361328125,10098.1064453125,9918.4248046875,10044.2021484375,13817774
2018-05-16,9066.142578125,9702.806640625,10098.1064453125,9684.8388671875,9900.45703125,17498674
2018-05-17,8898.2509765625,9523.125,9738.7431640625,9487.189453125,9702.806640625,22915589
2018-05-18,9049.3525390625,9684.8388671875,9684.8388671875,9433.2841796875,9559.0615234375,20831402
2018-05-21,8931.8291015625,9559.0615234375,9810.6162109375,9559.0615234375,9792.6474609375,13169405
2018-05-22,8478.5205078125,9073.9208984375,9523.125,9073.9208984375,9505.1572265625,35067751
2018-05-23,8679.9921875,9289.5390625,9343.443359375,9037.9853515625,9037.9853515625,18318123
2018-05-24,8797.5166015625,9415.31640625,9415.31640625,9271.5712890625,9343.443359375,20313932
2018-05-25,8747.1494140625,9361.412109375,9577.029296875,9307.5078125,9415.31640625,29760753
2018-05-28,8176.3173828125,8750.494140625,9343.443359375,8750.494140625,9091.8896484375,29538303
2018-05-29,8730.359375,9343.443359375,9361.412109375,8750.494140625,8750.494140625,27731719
2018-05-30,8864.673828125,9487.189453125,9594.998046875,9145.7939453125,9361.412109375,35080440
2018-05-31,9418.71484375,10080.138671875,10080.138671875,9487.189453125,9505.1572265625,51380773
2018-06-01,9569.81640625,10241.8515625,10313.724609375,10080.138671875,10152.0107421875,36975236
2018-06-04,10073.4921875,10780.896484375,10780.896484375,10295.755859375,10403.5654296875,31423304
2018-06-05,9905.6005859375,10601.21484375,10816.8330078125,10511.3740234375,10780.896484375,34072769
2018-06-06,10207.8046875,10924.6416015625,10960.578125,10511.3740234375,10637.1513671875,33744855
2018-06-07,10392.4853515625,11122.2919921875,11212.1328125,10924.6416015625,10960.578125,30313675
2018-06-08,10291.7509765625,11014.482421875,11140.259765625,10996.5146484375,11140.259765625,20037276
2018-06-11,10174.2255859375,10888.705078125,11086.35546875,10870.7373046875,10960.578125,44751380
2018-06-12,9989.5458984375,10691.0556640625,11143.853515625,10489.8125,11143.853515625,42103760
2018-06-13,10201.087890625,10917.4541015625,10967.765625,10640.7451171875,10665.900390625,14575106
2018-06-14,10013.05078125,10716.2109375,11181.5869140625,10703.6337890625,11018.076171875,26135038
2018-06-15,10107.0712890625,10816.8330078125,10816.8330078125,10514.9677734375,10691.0556640625,19164096
2018-06-18,9448.935546875,10112.4814453125,10741.3662109375,10112.4814453125,10741.3662109375,29369807
2018-06-19,9014.095703125,9647.10546875,9936.392578125,9433.2841796875,9760.3046875,52327638
2018-06-20,9401.9248046875,10062.169921875,10062.169921875,9508.7509765625,9810.6162109375,22929169
2018-06-21,9225.640625,9873.5048828125,10049.5927734375,9810.6162109375,10049.5927734375,15421245
2018-06-22,9625.2216796875,10301.146484375,10301.146484375,9760.3046875,9810.6162109375,28535752
2018-06-25,9754.498046875,10439.501953125,10603.01171875,10326.3017578125,10565.2783203125,13771343
2018-06-26,9660.478515625,10338.8798828125,10351.45703125,10062.169921875,10213.1025390625,10625063
2018-06-27,9284.400390625,9936.392578125,10351.45703125,9936.392578125,10288.5693359375,13413289
2018-06-28,9131.619140625,9772.8828125,10011.859375,9709.994140625,9760.3046875,16936068
2018-06-29,9025.84765625,9659.68359375,9860.9267578125,9546.484375,9760.3046875,20556480
2018-07-02,9025.84765625,9659.68359375,9684.8388671875,9307.5078125,9559.0615234375,24738361
2018-07-03,8532.2470703125,9131.4189453125,9760.3046875,9131.4189453125,9659.68359375,23149081
2018-07-04,8720.2861328125,9332.6630859375,9420.70703125,9106.263671875,9257.1962890625,14982851
2018-07-05,8485.2373046875,9081.1083984375,9433.2841796875,9005.642578125,9332.6630859375,16879539
2018-07-06,8649.771484375,9257.1962890625,9508.7509765625,8854.7099609375,9068.53125,20986168
2018-07-09,8391.2197265625,8980.4873046875,9433.2841796875,8905.0205078125,9433.2841796875,15293917
2018-07-10,8344.208984375,8930.17578125,9081.1083984375,8930.17578125,8930.17578125,12019156
2018-07-11,8085.654296875,8653.4658203125,8905.0205078125,8502.5341796875,8779.2431640625,27941805
2018-07-12,7932.87451171875,8489.9560546875,8590.578125,8351.6015625,8376.7568359375,13227325
2018-07-13,8367.7138671875,8955.3310546875,8967.9091796875,8565.421875,8603.1552734375,18802107
2018-07-16,8344.208984375,8930.17578125,9118.841796875,8892.4423828125,9081.1083984375,13234759
2018-07-17,8485.2373046875,9081.1083984375,9093.6865234375,8804.3984375,8804.3984375,13431337
2018-07-18,8743.791015625,9357.818359375,9395.5517578125,9081.1083984375,9131.4189453125,25166221
2018-07-19,8743.791015625,9357.818359375,9496.1728515625,9332.6630859375,9420.70703125,13969749
2018-07-20,8626.267578125,9232.041015625,9307.5078125,9118.841796875,9257.1962890625,19781537
2018-07-23,8685.029296875,9294.9296875,9458.439453125,9206.8857421875,9332.6630859375,22243392
2018-07-24,8685.029296875,9294.9296875,9294.9296875,9294.9296875,9294.9296875,0
2018-07-25,8344.208984375,8930.17578125,9005.642578125,8854.7099609375,8905.0205078125,22746782
2018-07-26,8579.2578125,9181.73046875,9181.73046875,8905.0205078125,8930.17578125,32664325
2018-07-27,8767.2958984375,9382.9736328125,9395.5517578125,9143.9970703125,9244.619140625,19123667
2018-07-30,8708.5341796875,9320.0849609375,9508.7509765625,9282.3515625,9458.439453125,24010605
2018-07-31,8779.048828125,9395.5517578125,9471.017578125,9194.3076171875,9282.3515625,22947972
2018-08-01,8837.8095703125,9458.439453125,9596.794921875,9382.9736328125,9408.12890625,27265808
2018-08-02,8755.54296875,9370.3955078125,9433.2841796875,9181.73046875,9433.2841796875,24141949
2018-08-03,8532.2470703125,9131.4189453125,9445.8623046875,9131.4189453125,9433.2841796875,23651359
2018-08-06,8496.9912109375,9093.6865234375,9143.9970703125,8955.3310546875,9143.9970703125,18472476
2018-08-07,8496.9912109375,9093.6865234375,9093.6865234375,9005.642578125,9093.6865234375,19344495
2018-08-08,8626.267578125,9232.041015625,9269.7744140625,9081.1083984375,9106.263671875,13648546
2018-08-09,8591.0087890625,9194.3076171875,9357.818359375,9181.73046875,9282.3515625,18232846
2018-08-10,8696.7822265625,9307.5078125,9332.6630859375,9169.15234375,9169.15234375,16721363
2018-08-13,9002.3427734375,9634.5283203125,9647.10546875,9232.041015625,9282.3515625,45318812
2018-08-14,9049.3525390625,9684.8388671875,9785.4599609375,9621.9501953125,9684.8388671875,21121328
2018-08-15,8814.3046875,9433.2841796875,9747.7275390625,9382.9736328125,9684.8388671875,18625445
2018-08-16,8814.3046875,9433.2841796875,9483.595703125,9294.9296875,9307.5078125,27799847
2018-08-17,8861.314453125,9483.595703125,9609.3720703125,9420.70703125,9533.90625,14888398
2018-08-20,8755.54296875,9370.3955078125,9483.595703125,9345.240234375,9483.595703125,14082807
2018-08-21,8814.3046875,9433.2841796875,9433.2841796875,9320.0849609375,9332.6630859375,13607641
2018-08-22,8931.8291015625,9559.0615234375,9659.68359375,9420.70703125,9458.439453125,24078026
2018-08-23,8955.333984375,9584.216796875,9647.10546875,9533.90625,9533.90625,15297614
2018-08-24,9014.095703125,9647.10546875,9659.68359375,9508.7509765625,9559.0615234375,22567934
2018-08-27,9155.1240234375,9798.0380859375,9886.08203125,9684.8388671875,9709.994140625,21743222
2018-08-28,9378.419921875,10037.0146484375,10112.4814453125,9810.6162109375,9810.6162109375,43780257
2018-08-29,9307.90625,9961.548828125,10225.6806640625,9961.548828125,10062.169921875,27342849
2018-08-30,9319.658203125,9974.1259765625,10011.859375,9848.3486328125,9961.548828125,25624015
2018-08-31,9390.1728515625,10049.5927734375,10150.2138671875,9961.548828125,10011.859375,24386031
2018-09-03,9390.1728515625,10049.5927734375,10049.5927734375,10049.5927734375,10049.5927734375,0
2018-09-04,9166.8779296875,9810.6162109375,10037.0146484375,9810.6162109375,9986.7041015625,17787534
2018-09-05,9072.8583984375,9709.994140625,9873.5048828125,9684.8388671875,9760.3046875,18417378
2018-09-06,9084.611328125,9722.572265625,9860.9267578125,9684.8388671875,9709.994140625,17831064
2018-09-07,9331.412109375,9986.7041015625,10011.859375,9709.994140625,9709.994140625,21496038
2018-09-10,9213.88671875,9860.9267578125,10011.859375,9860.9267578125,9974.1259765625,10238904
2018-09-11,9401.9248046875,10062.169921875,10112.4814453125,9823.193359375,9823.193359375,27503053
2018-09-12,9284.400390625,9936.392578125,10125.05859375,9936.392578125,10087.3251953125,22294753
2018-09-13,9343.1630859375,9999.28125,10125.05859375,9936.392578125,9986.7041015625,18887496
2018-09-14,9284.400390625,9936.392578125,10074.748046875,9936.392578125,10011.859375,18495135
2018-09-17,9272.6494140625,9923.8154296875,9974.1259765625,9848.3486328125,9886.08203125,9432160
2018-09-18,9272.6494140625,9923.8154296875,9923.8154296875,9760.3046875,9860.9267578125,28947870
2018-09-19,9319.658203125,9974.1259765625,10037.0146484375,9961.548828125,10011.859375,17849867
2018-09-20,9613.4697265625,10288.5693359375,10288.5693359375,9986.7041015625,10037.0146484375,39650253
2018-09-21,9707.48828125,10389.1904296875,10414.345703125,10225.6806640625,10313.724609375,56741239
2018-09-24,9707.48828125,10389.1904296875,10489.8125,10338.8798828125,10489.8125,17610554
2018-09-25,9695.736328125,10376.61328125,10414.345703125,10275.9912109375,10313.724609375,17794252
2018-09-26,9636.9736328125,10313.724609375,10426.923828125,10313.724609375,10376.61328125,19933433
2018-09-27,9766.2509765625,10452.0791015625,10464.6572265625,10338.8798828125,10364.03515625,22232062
2018-09-28,9942.5361328125,10640.7451171875,10653.322265625,10439.501953125,10464.6572265625,38234535
2018-10-01,9966.041015625,10665.900390625,10804.2548828125,10577.8564453125,10640.7451171875,27096023
2018-10-02,9707.48828125,10389.1904296875,10577.8564453125,10351.45703125,10502.3896484375,42146256
2018-10-03,9707.48828125,10389.1904296875,10464.6572265625,10313.724609375,10313.724609375,19848441
2018-10-04,9730.9931640625,10414.345703125,10414.345703125,10288.5693359375,10364.03515625,47331618
2018-10-05,9742.74609375,10426.923828125,10540.123046875,10364.03515625,10414.345703125,24043600
2018-10-08,9683.9833984375,10364.03515625,10426.923828125,10326.3017578125,10364.03515625,14871304
2018-10-09,9636.9736328125,10313.724609375,10439.501953125,10313.724609375,10439.501953125,14741710
2018-10-10,9730.9931640625,10414.345703125,10502.3896484375,10301.146484375,10338.8798828125,26804953
2018-10-11,9378.419921875,10037.0146484375,10213.1025390625,9886.08203125,10087.3251953125,63569229
2018-10-12,9589.9638671875,10263.4130859375,10263.4130859375,9911.2373046875,9911.2373046875,26224919
2018-10-15,9484.1923828125,10150.2138671875,10238.2578125,10112.4814453125,10238.2578125,16769265
2018-10-16,9578.2119140625,10250.8359375,10250.8359375,10150.2138671875,10150.2138671875,11562157
2018-10-17,9636.9736328125,10313.724609375,10376.61328125,10275.9912109375,10364.03515625,20375048
2018-10-18,9636.9736328125,10313.724609375,10351.45703125,10238.2578125,10313.724609375,16237173
2018-10-19,9578.2119140625,10250.8359375,10326.3017578125,10162.7919921875,10238.2578125,19847607
2018-10-22,9425.4296875,10087.3251953125,10301.146484375,10087.3251953125,10263.4130859375,10197998
2018-10-23,9284.400390625,9936.392578125,10049.5927734375,9785.4599609375,10049.5927734375,39801911
2018-10-24,9213.88671875,9860.9267578125,10037.0146484375,9860.9267578125,9860.9267578125,20726304
2018-10-25,9166.8779296875,9810.6162109375,9848.3486328125,9521.328125,9559.0615234375,28788779
2018-10-26,9143.3720703125,9785.4599609375,9961.548828125,9785.4599609375,9886.08203125,20461629
2018-10-29,9131.619140625,9772.8828125,9785.4599609375,9709.994140625,9722.572265625,17733470
2018-10-30,9096.36328125,9735.1494140625,9898.66015625,9709.994140625,9709.994140625,10673681
2018-10-31,9460.6884765625,10125.05859375,10125.05859375,9823.193359375,9835.771484375,16852825
2018-11-01,9307.90625,9961.548828125,10049.5927734375,9911.2373046875,10037.0146484375,8908654
2018-11-02,9401.9248046875,10062.169921875,10099.9033203125,10011.859375,10062.169921875,14293934
2018-11-05,9401.9248046875,10062.169921875,10062.169921875,9936.392578125,9961.548828125,8879078
2018-11-06,9307.90625,9961.548828125,10099.9033203125,9961.548828125,10087.3251953125,6758661
2018-11-07,9202.134765625,9848.3486328125,10011.859375,9848.3486328125,9961.548828125,11184943
2018-11-08,9143.3720703125,9785.4599609375,10024.4365234375,9785.4599609375,10024.4365234375,11136166
2018-11-09,8837.8095703125,9458.439453125,9772.8828125,9458.439453125,9709.994140625,22701305
2018-11-12,8826.0576171875,9445.8623046875,9496.1728515625,9345.240234375,9458.439453125,11144951
2018-11-13,8673.2763671875,9282.3515625,9382.9736328125,9257.1962890625,9307.5078125,21480614
2018-11-14,8414.724609375,9005.642578125,9269.7744140625,8867.287109375,9269.7744140625,32892944
2018-11-15,8226.6845703125,8804.3984375,9043.375,8741.5107421875,8930.17578125,27147463
2018-11-16,8273.6943359375,8854.7099609375,8980.4873046875,8816.9765625,8930.17578125,9230215
2018-11-19,8332.45703125,8917.5986328125,9005.642578125,8842.1318359375,8930.17578125,6617339
2018-11-20,8579.2578125,9181.73046875,9219.462890625,8905.0205078125,8955.3310546875,22698880
2018-11-21,8579.2578125,9181.73046875,9257.1962890625,9055.953125,9068.53125,15128863
2018-11-22,8414.724609375,9005.642578125,9244.619140625,9005.642578125,9206.8857421875,10906156
2018-11-23,8355.9609375,8942.75390625,9055.953125,8930.17578125,9005.642578125,8173425
2018-11-26,8367.7138671875,8955.3310546875,9106.263671875,8942.75390625,8955.3310546875,9847577
2018-11-27,8367.7138671875,8955.3310546875,9106.263671875,8955.3310546875,9005.642578125,7538175
2018-11-28,8273.6943359375,8854.7099609375,9018.2197265625,8791.8212890625,8980.4873046875,16259395
2018-11-29,8038.646484375,8603.1552734375,8967.9091796875,8603.1552734375,8905.0205078125,16137592
2018-11-30,7803.5986328125,8351.6015625,8552.8447265625,8351.6015625,8552.8447265625,29692242
2018-12-03,8179.67578125,8754.087890625,8804.3984375,8552.8447265625,8552.8447265625,14984203
2018-12-04,8132.666015625,8703.77734375,8854.7099609375,8615.7333984375,8804.3984375,17136899
2018-12-05,8297.19921875,8879.865234375,8930.17578125,8615.7333984375,8640.888671875,32168726
2018-12-06,8132.666015625,8703.77734375,8905.0205078125,8678.6220703125,8829.5546875,18414476
2018-12-07,8144.41796875,8716.3544921875,8804.3984375,8691.19921875,8779.2431640625,13370912
2018-12-10,7932.87451171875,8489.9560546875,8703.77734375,8464.80078125,8678.6220703125,21458472
2018-12-11,7862.3603515625,8414.490234375,8540.2666015625,8250.9794921875,8452.22265625,27741888
2018-12-12,7862.3603515625,8414.490234375,8414.490234375,8414.490234375,8414.490234375,0
2018-12-13,7991.63671875,8552.8447265625,8578.0,8477.3779296875,8515.111328125,21785876
2018-12-14,7874.11279296875,8427.0673828125,8540.2666015625,8401.912109375,8540.2666015625,15367619
2018-12-17,7615.56005859375,8150.35791015625,8427.0673828125,8150.35791015625,8427.0673828125,17813175
2018-12-18,7309.99658203125,7823.33740234375,8062.31396484375,7710.1376953125,7974.27001953125,32432208
2018-12-19,6980.93017578125,7471.1611328125,7898.8037109375,7295.0732421875,7823.33740234375,43606458
2018-12-20,7039.69189453125,7534.0498046875,7584.36083984375,7370.53955078125,7446.005859375,24241609
2018-12-21,7039.69189453125,7534.0498046875,7546.62744140625,7370.53955078125,7370.53955078125,17732874
2018-12-24,7168.96826171875,7672.40478515625,7672.40478515625,7534.0498046875,7534.0498046875,12967659
2018-12-25,7145.46337890625,7647.24951171875,7647.24951171875,7282.49560546875,7458.58349609375,19084312
2018-12-26,7121.9580078125,7622.09375,7647.24951171875,7483.7392578125,7647.24951171875,15213457
2018-12-27,7274.73974609375,7785.60400390625,7823.33740234375,7622.09375,7760.44873046875,19373991
2018-12-28,7274.73974609375,7785.60400390625,7785.60400390625,7672.40478515625,7747.87109375,29710489
2018-12-31,7274.73974609375,7785.60400390625,7785.60400390625,7785.60400390625,7785.60400390625,0
2019-01-01,7274.73974609375,7785.60400390625,7785.60400390625,7785.60400390625,7785.60400390625,0
2019-01-02,7239.48291015625,7747.87109375,7911.38134765625,7747.87109375,7773.0263671875,16681133
2019-01-03,6933.919921875,7420.8505859375,7773.0263671875,7420.8505859375,7735.29345703125,27340066
2019-01-04,6980.93017578125,7471.1611328125,7546.62744140625,7219.60693359375,7395.69482421875,23220796
2019-01-07,6898.6630859375,7383.1171875,7634.67138671875,7332.806640625,7622.09375,9894167
2019-01-08,6781.13916015625,7257.34033203125,7420.8505859375,7219.60693359375,7395.69482421875,12524614
2019-01-09,6933.919921875,7420.8505859375,7496.31689453125,7295.0732421875,7295.0732421875,7457715
2019-01-10,7004.4345703125,7496.31689453125,7571.783203125,7420.8505859375,7446.005859375,7091392
2019-01-11,6898.6630859375,7383.1171875,7521.47216796875,7383.1171875,7496.31689453125,10571755
2019-01-14,6886.91064453125,7370.53955078125,7408.27294921875,7257.34033203125,7395.69482421875,12827372
2019-01-15,6886.91064453125,7370.53955078125,7446.005859375,7332.806640625,7370.53955078125,10496463
2019-01-16,6922.16748046875,7408.27294921875,7458.58349609375,7332.806640625,7395.69482421875,11852234
2019-01-17,6792.89111328125,7269.91796875,7408.27294921875,7269.91796875,7408.27294921875,7783012
2019-01-18,6863.40576171875,7345.38427734375,7408.27294921875,7332.806640625,7370.53955078125,8430070
2019-01-21,6945.67236328125,7433.42822265625,7483.7392578125,7345.38427734375,7370.53955078125,7621179
2019-01-22,6933.919921875,7420.8505859375,7508.89453125,7408.27294921875,7471.1611328125,6620082
2019-01-23,7063.1962890625,7559.205078125,7647.24951171875,7383.1171875,7395.69482421875,15061164
2019-01-24,7016.18701171875,7508.89453125,7647.24951171875,7508.89453125,7571.783203125,9489125
2019-01-25,6980.93017578125,7471.1611328125,7571.783203125,7433.42822265625,7546.62744140625,6399772
2019-01-28,6992.6826171875,7483.7392578125,7496.31689453125,7446.005859375,7496.31689453125,6803860
2019-01-29,6980.93017578125,7471.1611328125,7508.89453125,7420.8505859375,7508.89453125,7213354
2019-01-30,6816.39599609375,7295.0732421875,7446.005859375,7257.34033203125,7446.005859375,26895351
2019-01-31,6510.83349609375,6968.052734375,7332.806640625,6942.8974609375,7295.0732421875,28509317
2019-02-01,6416.814453125,6867.43115234375,7093.830078125,6791.96484375,7005.7861328125,28225243
2019-02-04,6416.814453125,6867.43115234375,6867.43115234375,6867.43115234375,6867.43115234375,0
2019-02-05,6416.814453125,6867.43115234375,6867.43115234375,6867.43115234375,6867.43115234375,0
2019-02-06,6416.814453125,6867.43115234375,6867.43115234375,6867.43115234375,6867.43115234375,0
2019-02-07,6416.814453125,6867.43115234375,6867.43115234375,6867.43115234375,6867.43115234375,0
2019-02-08,6416.814453125,6867.43115234375,6867.43115234375,6867.43115234375,6867.43115234375,0
2019-02-11,6792.89111328125,7269.91796875,7269.91796875,6942.8974609375,6955.47509765625,11275778
2019-02-12,6933.919921875,7420.8505859375,7508.89453125,7232.1845703125,7269.91796875,31613061
2019-02-13,7262.9873046875,7773.0263671875,7823.33740234375,7420.8505859375,7420.8505859375,44044216
2019-02-14,7286.49169921875,7798.181640625,7873.64794921875,7747.87109375,7773.0263671875,25663807
2019-02-15,7427.52099609375,7949.1142578125,8175.51318359375,7747.87109375,7798.181640625,37074308
2019-02-18,7427.52099609375,7949.1142578125,7949.1142578125,7949.1142578125,7949.1142578125,0
2019-02-19,7451.0263671875,7974.27001953125,8175.51318359375,7961.69189453125,8162.935546875,23471835
2019-02-20,7568.55029296875,8100.046875,8125.2021484375,7961.69189453125,7974.27001953125,23367881
2019-02-21,7686.07470703125,8225.82421875,8225.82421875,8024.58056640625,8125.2021484375,23891903
2019-02-22,7968.1318359375,8527.689453125,8540.2666015625,8188.0908203125,8213.24609375,32872232
2019-02-25,8179.67578125,8754.087890625,8942.75390625,8603.1552734375,8666.0439453125,46836735
2019-02-26,8109.1611328125,8678.6220703125,8905.0205078125,8615.7333984375,8754.087890625,29351958
2019-02-27,8085.654296875,8653.4658203125,8791.8212890625,8590.578125,8791.8212890625,19873168
2019-02-28,7897.61669921875,8452.22265625,8703.77734375,8452.22265625,8691.19921875,27639365
2019-03-01,8050.3994140625,8615.7333984375,8615.7333984375,8452.22265625,8452.22265625,18329207
2019-03-04,8308.9521484375,8892.4423828125,8892.4423828125,8728.9326171875,8741.5107421875,19957603
2019-03-05,8238.4375,8816.9765625,8955.3310546875,8791.8212890625,8829.5546875,22678606
2019-03-06,8226.6845703125,8804.3984375,8854.7099609375,8653.4658203125,8804.3984375,13409592
2019-03-07,8015.1416015625,8578.0,8816.9765625,8578.0,8804.3984375,18109175
2019-03-08,8015.1416015625,8578.0,8578.0,8578.0,8578.0,0
2019-03-11,7944.626953125,8502.5341796875,8603.1552734375,8452.22265625,8603.1552734375,19314640
2019-03-12,7956.37939453125,8515.111328125,8590.578125,8477.3779296875,8578.0,20920218
2019-03-13,8073.9033203125,8640.888671875,8640.888671875,8527.689453125,8552.8447265625,12724690
2019-03-14,8038.646484375,8603.1552734375,8716.3544921875,8527.689453125,8640.888671875,17818144
2019-03-15,7498.03564453125,8024.58056640625,8326.4453125,8012.0029296875,8301.2900390625,67697682
2019-03-18,7486.283203125,8012.0029296875,8150.35791015625,7684.982421875,7923.958984375,42054307
2019-03-19,7498.03564453125,8024.58056640625,8037.158203125,7823.33740234375,7999.42529296875,29361061
2019-03-20,7592.0546875,8125.2021484375,8200.6689453125,7923.958984375,7923.958984375,22361736
2019-03-21,7521.54052734375,8049.736328125,8162.935546875,8037.158203125,8125.2021484375,10884252
2019-03-22,7509.78759765625,8037.158203125,8100.046875,8012.0029296875,8074.8916015625,16667378
2019-03-25,7380.51123046875,7898.8037109375,7961.69189453125,7823.33740234375,7823.33740234375,14852819
2019-03-26,7427.52099609375,7949.1142578125,7986.84765625,7873.64794921875,7949.1142578125,13976945
2019-03-27,7603.8076171875,8137.7802734375,8137.7802734375,7961.69189453125,8024.58056640625,10095039
2019-03-28,7627.3125,8162.935546875,8162.935546875,8074.8916015625,8087.46923828125,9990489
2019-03-29,7568.55029296875,8100.046875,8225.82421875,8024.58056640625,8188.0908203125,25975589
2019-04-01,7509.78759765625,8037.158203125,8100.046875,8024.58056640625,8062.31396484375,14590689
2019-04-02,7545.04541015625,8074.8916015625,8112.62451171875,8037.158203125,8100.046875,7143031
2019-04-03,7545.04541015625,8074.8916015625,8087.46923828125,8024.58056640625,8049.736328125,15009883
2019-04-04,7615.56005859375,8150.35791015625,8150.35791015625,8049.736328125,8087.46923828125,10992499
2019-04-05,7639.064453125,8175.51318359375,8213.24609375,8112.62451171875,8150.35791015625,7301446
2019-04-08,7615.56005859375,8150.35791015625,8213.24609375,8125.2021484375,8175.51318359375,5489432
2019-04-09,7545.04541015625,8074.8916015625,8175.51318359375,8049.736328125,8162.935546875,11464922
2019-04-10,7509.78759765625,8037.158203125,8062.31396484375,7961.69189453125,8049.736328125,8774965
2019-04-11,7509.78759765625,8037.158203125,8062.31396484375,8012.0029296875,8049.736328125,6030229
2019-04-12,7533.29296875,8062.31396484375,8062.31396484375,8012.0029296875,8037.158203125,6268747
2019-04-15,7533.29296875,8062.31396484375,8062.31396484375,8062.31396484375,8062.31396484375,0
2019-04-16,7462.77880859375,7986.84765625,8049.736328125,7936.53662109375,8024.58056640625,6147659
2019-04-17,7427.52099609375,7949.1142578125,8012.0029296875,7923.958984375,7986.84765625,7395382
2019-04-18,7357.0068359375,7873.64794921875,7936.53662109375,7873.64794921875,7898.8037109375,9496599
2019-04-19,7427.52099609375,7949.1142578125,7974.27001953125,7886.22607421875,7886.22607421875,4825718
2019-04-22,7486.283203125,8012.0029296875,8074.8916015625,7886.22607421875,7886.22607421875,7250602
2019-04-23,7498.03564453125,8024.58056640625,8049.736328125,8012.0029296875,8049.736328125,6702132
2019-04-24,7838.8544921875,8389.333984375,8389.333984375,8024.58056640625,8049.736328125,23061983
2019-04-25,7780.0927734375,8326.4453125,8464.80078125,8301.2900390625,8427.0673828125,16277800
2019-04-26,7897.61669921875,8452.22265625,8502.5341796875,8326.4453125,8351.6015625,11213406
2019-04-29,7897.61669921875,8452.22265625,8452.22265625,8452.22265625,8452.22265625,0
2019-04-30,7897.61669921875,8452.22265625,8452.22265625,8452.22265625,8452.22265625,0
2019-05-01,7897.61669921875,8452.22265625,8452.22265625,8452.22265625,8452.22265625,0
2019-05-02,7991.63671875,8552.8447265625,8552.8447265625,8376.7568359375,8477.3779296875,15136376
2019-05-03,8026.89404296875,8590.578125,8653.4658203125,8477.3779296875,8552.8447265625,13897479
2019-05-06,7862.3603515625,8414.490234375,8502.5341796875,8351.6015625,8401.912109375,17888983
2019-05-07,7874.11279296875,8427.0673828125,8502.5341796875,8401.912109375,8502.5341796875,11210583
2019-05-08,7791.845703125,8339.0234375,8376.7568359375,8301.2900390625,8364.1787109375,11180888
2019-05-09,7733.08349609375,8276.134765625,8364.1787109375,8200.6689453125,8313.8681640625,8397512
2019-05-10,7721.33203125,8263.5576171875,8351.6015625,8200.6689453125,8326.4453125,7589893
2019-05-13,7533.29296875,8062.31396484375,8288.712890625,8049.736328125,8288.712890625,15147945
2019-05-14,7615.56005859375,8150.35791015625,8150.35791015625,7974.27001953125,7974.27001953125,7238080
2019-05-15,7615.56005859375,8150.35791015625,8225.82421875,8125.2021484375,8150.35791015625,10085975
2019-05-16,7592.0546875,8125.2021484375,8225.82421875,8125.2021484375,8162.935546875,5480368
2019-05-17,7580.30224609375,8112.62451171875,8150.35791015625,8100.046875,8125.2021484375,5929416
2019-05-20,7709.5791015625,8250.9794921875,8313.8681640625,8112.62451171875,8112.62451171875,8810862
2019-05-21,7733.08349609375,8276.134765625,8351.6015625,8250.9794921875,8288.712890625,8537243
2019-05-22,7756.58837890625,8301.2900390625,8401.912109375,8276.134765625,8301.2900390625,9995259
2019-05-23,7697.82666015625,8238.4013671875,8313.8681640625,8213.24609375,8301.2900390625,10070471
2019-05-24,7556.7978515625,8087.46923828125,8213.24609375,8087.46923828125,8175.51318359375,14580552
2019-05-27,7568.55029296875,8100.046875,8137.7802734375,8074.8916015625,8074.8916015625,6755043
2019-05-28,7533.29296875,8062.31396484375,8175.51318359375,8062.31396484375,8175.51318359375,11285994
2019-05-29,7639.064453125,8175.51318359375,8175.51318359375,8062.31396484375,8125.2021484375,6600007
2019-05-30,7521.54052734375,8049.736328125,8175.51318359375,8037.158203125,8175.51318359375,16673500
2019-05-31,7545.04541015625,8074.8916015625,8100.046875,8049.736328125,8049.736328125,13493232
2019-06-03,7404.01611328125,7923.958984375,8074.8916015625,7898.8037109375,8062.31396484375,48795795
2019-06-04,7425.17041015625,7946.5986328125,8110.10888671875,7864.84375,8044.705078125,10206698
2019-06-05,7272.388671875,7783.08837890625,8077.4072265625,7750.38671875,7979.30078125,9139212
2019-06-06,6936.2705078125,7423.3662109375,7815.79052734375,7308.90869140625,7815.79052734375,21657967
2019-06-07,7012.66162109375,7505.12109375,7619.578125,7472.4189453125,7521.47216796875,15599387
2019-06-10,6997.38330078125,7488.77001953125,7652.2802734375,7472.4189453125,7603.2275390625,20082011
2019-06-11,7027.939453125,7521.47216796875,7586.87646484375,7423.3662109375,7521.47216796875,13482639
2019-06-12,7058.49609375,7554.17431640625,7603.2275390625,7472.4189453125,7488.77001953125,9579062
2019-06-13,7027.939453125,7521.47216796875,7652.2802734375,7488.77001953125,7652.2802734375,7715907
2019-06-14,7012.66162109375,7505.12109375,7537.8232421875,7505.12109375,7521.47216796875,6324067
2019-06-17,6859.8798828125,7341.61083984375,7521.47216796875,7341.61083984375,7505.12109375,11143520
2019-06-18,7043.2177734375,7537.8232421875,7554.17431640625,7341.61083984375,7341.61083984375,15467591
2019-06-19,7287.66748046875,7799.439453125,7799.439453125,7619.578125,7668.63134765625,25582308
2019-06-20,7211.27685546875,7717.6845703125,7881.19482421875,7717.6845703125,7881.19482421875,13363564
2019-06-21,7241.8330078125,7750.38671875,7815.79052734375,7717.6845703125,7815.79052734375,13543706
2019-06-24,7134.88623046875,7635.92919921875,7864.84375,7619.578125,7783.08837890625,9446715
2019-06-25,7058.49609375,7554.17431640625,7652.2802734375,7521.47216796875,7586.87646484375,10044812
2019-06-26,6997.38330078125,7488.77001953125,7603.2275390625,7488.77001953125,7537.8232421875,5828502
2019-06-27,6890.43603515625,7374.31298828125,7505.12109375,7374.31298828125,7488.77001953125,11488208
2019-06-28,7180.72021484375,7684.982421875,7684.982421875,7341.61083984375,7374.31298828125,11997228
2019-07-01,7027.939453125,7521.47216796875,7619.578125,7456.06787109375,7586.87646484375,11731801
2019-07-02,6905.71435546875,7390.6640625,7521.47216796875,7374.31298828125,7521.47216796875,14606422
2019-07-03,6768.2109375,7243.5048828125,7407.01513671875,7227.15380859375,7390.6640625,19312059
2019-07-04,6814.044921875,7292.5576171875,7357.9619140625,7194.45166015625,7194.45166015625,15461384
2019-07-05,6814.044921875,7292.5576171875,7341.61083984375,7243.5048828125,7292.5576171875,9378402
2019-07-08,6645.98583984375,7112.6962890625,7292.5576171875,7096.345703125,7259.85595703125,22717534
2019-07-09,6645.98583984375,7112.6962890625,7112.6962890625,7112.6962890625,7112.6962890625,0
2019-07-10,6523.7607421875,6981.88818359375,7112.6962890625,6965.537109375,6998.2392578125,11454907
2019-07-11,6584.87353515625,7047.29248046875,7079.99462890625,6998.2392578125,6998.2392578125,9491881
2019-07-12,6691.8203125,7161.74951171875,7194.45166015625,7079.99462890625,7096.345703125,10295653
2019-07-15,6554.3173828125,7014.59033203125,7194.45166015625,7014.59033203125,7194.45166015625,11933165
2019-07-16,6600.15185546875,7063.6435546875,7079.99462890625,7014.59033203125,7063.6435546875,10628690
2019-07-17,6523.7607421875,6981.88818359375,7079.99462890625,6965.537109375,7079.99462890625,16699777
2019-07-18,6401.5361328125,6851.080078125,6998.2392578125,6818.3779296875,6981.88818359375,25937209
2019-07-19,6294.58935546875,6736.623046875,6932.83544921875,6671.21875,6867.43115234375,34193571
2019-07-22,6340.42333984375,6785.67578125,6932.83544921875,6638.5166015625,6736.623046875,21057026
2019-07-23,6630.70849609375,7096.345703125,7112.6962890625,6802.02685546875,6802.02685546875,27560960
2019-07-24,6584.87353515625,7047.29248046875,7129.04736328125,6998.2392578125,7096.345703125,11306965
2019-07-25,6584.87353515625,7047.29248046875,7047.29248046875,7047.29248046875,7047.29248046875,0
2019-07-26,6584.87353515625,7047.29248046875,7047.29248046875,7047.29248046875,7047.29248046875,0
2019-07-29,6584.87353515625,7047.29248046875,7047.29248046875,7047.29248046875,7047.29248046875,0
2019-07-30,6584.87353515625,7047.29248046875,7047.29248046875,7047.29248046875,7047.29248046875,0
2019-07-31,6890.43603515625,7374.31298828125,7374.31298828125,6965.537109375,6998.2392578125,19993668
2019-08-01,6905.71435546875,7390.6640625,7439.716796875,7276.20654296875,7357.9619140625,18191610
2019-08-02,6859.8798828125,7341.61083984375,7374.31298828125,7227.15380859375,7259.85595703125,21840371
2019-08-05,6768.2109375,7243.5048828125,7357.9619140625,7194.45166015625,7308.90869140625,18848877
2019-08-06,6768.2109375,7243.5048828125,7243.5048828125,7243.5048828125,7243.5048828125,0
2019-08-07,6752.93310546875,7227.15380859375,7243.5048828125,7129.04736328125,7161.74951171875,10656884
2019-08-08,7119.60791015625,7619.578125,7619.578125,7243.5048828125,7243.5048828125,34014470
2019-08-09,7058.49609375,7554.17431640625,7684.982421875,7521.47216796875,7652.2802734375,11262901
2019-08-12,7211.27685546875,7717.6845703125,7799.439453125,7554.17431640625,7554.17431640625,24852751
2019-08-13,7165.4423828125,7668.63134765625,7815.79052734375,7619.578125,7619.578125,19629409
2019-08-14,7165.4423828125,7668.63134765625,7783.08837890625,7652.2802734375,7783.08837890625,11838400
2019-08-15,7104.330078125,7603.2275390625,7603.2275390625,7456.06787109375,7521.47216796875,21040391
2019-08-16,7043.2177734375,7537.8232421875,7635.92919921875,7488.77001953125,7603.2275390625,27081449
2019-08-19,7043.2177734375,7537.8232421875,7619.578125,7505.12109375,7521.47216796875,7769848
2019-08-20,6997.38330078125,7488.77001953125,7619.578125,7439.716796875,7537.8232421875,14649539
2019-08-21,7089.052734375,7586.87646484375,7603.2275390625,7456.06787109375,7488.77001953125,14737851
2019-08-22,7043.2177734375,7537.8232421875,7635.92919921875,7521.47216796875,7619.578125,10135449
2019-08-23,7150.1640625,7652.2802734375,7668.63134765625,7554.17431640625,7603.2275390625,16471657
2019-08-26,6966.8271484375,7456.06787109375,7570.525390625,7423.3662109375,7554.17431640625,17361478
2019-08-27,6844.60205078125,7325.259765625,7537.8232421875,7325.259765625,7521.47216796875,27507325
2019-08-28,6798.76708984375,7276.20654296875,7357.9619140625,7227.15380859375,7325.259765625,13257302
2019-08-29,6768.2109375,7243.5048828125,7276.20654296875,7194.45166015625,7276.20654296875,15112629
2019-08-30,6783.4892578125,7259.85595703125,7341.61083984375,7210.802734375,7243.5048828125,10181103
2019-09-02,6783.4892578125,7259.85595703125,7259.85595703125,7259.85595703125,7259.85595703125,0
2019-09-03,6615.43017578125,7079.99462890625,7292.5576171875,7079.99462890625,7259.85595703125,16430344
2019-09-04,6600.15185546875,7063.6435546875,7129.04736328125,7030.94140625,7030.94140625,17887133
2019-09-05,6630.70849609375,7096.345703125,7178.1005859375,7063.6435546875,7079.99462890625,7580625
2019-09-06,6539.0390625,6998.2392578125,7161.74951171875,6998.2392578125,7129.04736328125,12860629
2019-09-09,6477.9267578125,6932.83544921875,7047.29248046875,6932.83544921875,7030.94140625,10859195
2019-09-10,6508.48291015625,6965.537109375,6981.88818359375,6900.13330078125,6932.83544921875,10549612
2019-09-11,6737.65478515625,7210.802734375,7210.802734375,6949.18603515625,6965.537109375,14375274
2019-09-12,6890.43603515625,7374.31298828125,7390.6640625,7243.5048828125,7243.5048828125,17018564
2019-09-13,6905.71435546875,7390.6640625,7407.01513671875,7325.259765625,7357.9619140625,14264333
2019-09-16,6920.99267578125,7407.01513671875,7407.01513671875,7276.20654296875,7341.61083984375,16514162
2019-09-17,6936.2705078125,7423.3662109375,7423.3662109375,7325.259765625,7407.01513671875,10999584
2019-09-18,7027.939453125,7521.47216796875,7537.8232421875,7390.6640625,7423.3662109375,18809736
2019-09-19,7012.66162109375,7505.12109375,7537.8232421875,7423.3662109375,7521.47216796875,10419926
2019-09-20,6920.99267578125,7407.01513671875,7505.12109375,7374.31298828125,7505.12109375,15593332
2019-09-23,6722.376953125,7194.45166015625,7390.6640625,7194.45166015625,7390.6640625,16382580
2019-09-24,6768.2109375,7243.5048828125,7243.5048828125,7145.3984375,7178.1005859375,6069649
2019-09-25,6691.8203125,7161.74951171875,7227.15380859375,7112.6962890625,7227.15380859375,12116425
2019-09-26,6798.76708984375,7276.20654296875,7276.20654296875,7096.345703125,7194.45166015625,10191592
2019-09-27,6768.2109375,7243.5048828125,7341.61083984375,7243.5048828125,7276.20654296875,9754678
2019-09-30,6707.09814453125,7178.1005859375,7276.20654296875,7178.1005859375,7259.85595703125,10461789
2019-10-01,6691.8203125,7161.74951171875,7259.85595703125,7145.3984375,7178.1005859375,12426345
2019-10-02,6645.98583984375,7112.6962890625,7210.802734375,7096.345703125,7194.45166015625,13340752
2019-10-03,6584.87353515625,7047.29248046875,7096.345703125,7014.59033203125,7096.345703125,13938788
2019-10-04,6523.7607421875,6981.88818359375,7096.345703125,6965.537109375,7063.6435546875,14603456
2019-10-07,6508.48291015625,6965.537109375,7030.94140625,6932.83544921875,6981.88818359375,10154928
2019-10-08,6691.8203125,7161.74951171875,7161.74951171875,6949.18603515625,6998.2392578125,12161407
2019-10-09,6691.8203125,7161.74951171875,7161.74951171875,7096.345703125,7161.74951171875,9422221
2019-10-10,6569.59521484375,7030.94140625,7227.15380859375,7030.94140625,7161.74951171875,12030590
2019-10-11,6569.59521484375,7030.94140625,7096.345703125,6998.2392578125,7063.6435546875,12684647
2019-10-14,6554.3173828125,7014.59033203125,7096.345703125,7014.59033203125,7096.345703125,9043468
2019-10-15,6523.7607421875,6981.88818359375,7096.345703125,6981.88818359375,7030.94140625,11048113
2019-10-16,6508.48291015625,6965.537109375,7030.94140625,6965.537109375,6998.2392578125,8015276
2019-10-17,6539.0390625,6998.2392578125,7079.99462890625,6965.537109375,6965.537109375,14773231
2019-10-18,6539.0390625,6998.2392578125,7047.29248046875,6965.537109375,7047.29248046875,7000325
2019-10-21,6477.9267578125,6932.83544921875,7014.59033203125,6932.83544921875,6998.2392578125,9694895
2019-10-22,6600.15185546875,7063.6435546875,7079.99462890625,6932.83544921875,6932.83544921875,12524748
2019-10-23,6676.54248046875,7145.3984375,7227.15380859375,7063.6435546875,7063.6435546875,21086352
2019-10-24,6722.376953125,7194.45166015625,7227.15380859375,7145.3984375,7161.74951171875,15727086
2019-10-25,6661.26416015625,7129.04736328125,7194.45166015625,7112.6962890625,7194.45166015625,7272876
2019-10-28,6783.4892578125,7259.85595703125,7292.5576171875,7079.99462890625,7129.04736328125,22264963
2019-10-29,6783.4892578125,7259.85595703125,7341.61083984375,7227.15380859375,7259.85595703125,16341695
2019-10-30,6722.376953125,7194.45166015625,7276.20654296875,7194.45166015625,7276.20654296875,9376139
2019-10-31,6661.26416015625,7129.04736328125,7210.802734375,7096.345703125,7194.45166015625,17638128
2019-11-01,6691.8203125,7161.74951171875,7227.15380859375,7129.04736328125,7161.74951171875,12413593
2019-11-04,6645.98583984375,7112.6962890625,7259.85595703125,7096.345703125,7227.15380859375,18465537
2019-11-05,6691.8203125,7161.74951171875,7243.5048828125,7112.6962890625,7129.04736328125,16872824
2019-11-06,6722.376953125,7194.45166015625,7243.5048828125,7178.1005859375,7194.45166015625,13839070
2019-11-07,6936.2705078125,7423.3662109375,7439.716796875,7227.15380859375,7243.5048828125,40494950
2019-11-08,6936.2705078125,7423.3662109375,7456.06787109375,7357.9619140625,7423.3662109375,16151738
2019-11-11,6966.8271484375,7456.06787109375,7554.17431640625,7390.6640625,7390.6640625,24463846
2019-11-12,7027.939453125,7521.47216796875,7554.17431640625,7374.31298828125,7439.716796875,20040179
2019-11-13,6920.99267578125,7407.01513671875,7570.525390625,7407.01513671875,7554.17431640625,19917128
2019-11-14,6920.99267578125,7407.01513671875,7472.4189453125,7357.9619140625,7407.01513671875,16899825
2019-11-15,6920.99267578125,7407.01513671875,7456.06787109375,7374.31298828125,7407.01513671875,10492766
2019-11-18,6997.38330078125,7488.77001953125,7521.47216796875,7423.3662109375,7423.3662109375,11729416
2019-11-19,6966.8271484375,7456.06787109375,7505.12109375,7423.3662109375,7505.12109375,12748771
2019-11-20,6844.60205078125,7325.259765625,7456.06787109375,7276.20654296875,7456.06787109375,21280468
2019-11-21,6722.376953125,7194.45166015625,7308.90869140625,7194.45166015625,7292.5576171875,22936633
2019-11-22,6752.93310546875,7227.15380859375,7308.90869140625,7194.45166015625,7259.85595703125,17630758
2019-11-25,6798.76708984375,7276.20654296875,7308.90869140625,7194.45166015625,7243.5048828125,12946801
2019-11-26,6920.99267578125,7407.01513671875,7456.06787109375,7308.90869140625,7308.90869140625,16780628
2019-11-27,6905.71435546875,7390.6640625,7456.06787109375,7374.31298828125,7439.716796875,10779017
2019-11-28,6905.71435546875,7390.6640625,7423.3662109375,7341.61083984375,7390.6640625,11482276
2019-11-29,6982.10498046875,7472.4189453125,7505.12109375,7341.61083984375,7390.6640625,19382024
2019-12-02,7012.66162109375,7505.12109375,7586.87646484375,7472.4189453125,7472.4189453125,27816449
2019-12-06,7287.66748046875,7799.439453125,7815.79052734375,7554.17431640625,7554.17431640625,21794136
2019-12-09,7394.6142578125,7913.89697265625,7995.65185546875,7799.439453125,7799.439453125,24164048
2019-12-10,7455.72705078125,7979.30078125,8028.35400390625,7881.19482421875,7913.89697265625,31072575
2019-12-11,7455.72705078125,7979.30078125,7979.30078125,7815.79052734375,7946.5986328125,16521378
2019-12-12,7394.6142578125,7913.89697265625,7979.30078125,7881.19482421875,7946.5986328125,12696572
2019-12-13,7272.388671875,7783.08837890625,8012.0029296875,7783.08837890625,7913.89697265625,28977966
2019-12-16,7257.111328125,7766.73779296875,7815.79052734375,7701.33349609375,7783.08837890625,15657763
2019-12-17,7073.7744140625,7570.525390625,7799.439453125,7488.77001953125,7766.73779296875,30171286
2019-12-18,6890.43603515625,7374.31298828125,7570.525390625,7357.9619140625,7570.525390625,23199460
2019-12-19,6966.8271484375,7456.06787109375,7554.17431640625,7374.31298828125,7374.31298828125,17591556
2019-12-20,7027.939453125,7521.47216796875,7603.2275390625,7456.06787109375,7505.12109375,16559021
2019-12-23,7043.2177734375,7537.8232421875,7684.982421875,7505.12109375,7570.525390625,12259474
2019-12-24,7089.052734375,7586.87646484375,7619.578125,7505.12109375,7537.8232421875,9845375
2019-12-25,7073.7744140625,7570.525390625,7652.2802734375,7570.525390625,7586.87646484375,7274008
2019-12-26,7027.939453125,7521.47216796875,7619.578125,7521.47216796875,7619.578125,9197251
2019-12-27,7195.99853515625,7701.33349609375,7701.33349609375,7472.4189453125,7521.47216796875,12786873
2019-12-30,7226.5546875,7734.03564453125,7799.439453125,7684.982421875,7734.03564453125,8984084
2019-12-31,7180.72021484375,7684.982421875,7750.38671875,7635.92919921875,7734.03564453125,8796787
2020-01-01,7180.72021484375,7684.982421875,7684.982421875,7684.982421875,7684.982421875,0
2020-01-02,7333.501953125,7848.49267578125,7848.49267578125,7635.92919921875,7684.982421875,12941786
2020-01-03,7379.33642578125,7897.5458984375,7962.94970703125,7864.84375,7913.89697265625,23950208
2020-01-06,7333.501953125,7848.49267578125,7930.248046875,7799.439453125,7848.49267578125,16424228
2020-01-07,7241.8330078125,7750.38671875,7913.89697265625,7717.6845703125,7881.19482421875,14895762
2020-01-08,7165.4423828125,7668.63134765625,7734.03564453125,7570.525390625,7684.982421875,19635250
2020-01-09,7333.501953125,7848.49267578125,7897.5458984375,7717.6845703125,7717.6845703125,14107493
2020-01-10,7394.6142578125,7913.89697265625,8028.35400390625,7864.84375,7881.19482421875,30598017
2020-01-13,7409.89306640625,7930.248046875,7979.30078125,7881.19482421875,7913.89697265625,13627645
2020-01-14,7639.064453125,8175.51318359375,8191.8642578125,7913.89697265625,7930.248046875,29249845
2020-01-15,7684.89892578125,8224.56640625,8289.970703125,8142.81103515625,8191.8642578125,17985170
2020-01-16,7730.73291015625,8273.619140625,8289.970703125,8159.162109375,8175.51318359375,20962078
2020-01-17,7639.064453125,8175.51318359375,8388.076171875,8142.81103515625,8273.619140625,19353983
2020-01-20,7791.845703125,8339.0234375,8339.0234375,8077.4072265625,8175.51318359375,17466151
2020-01-21,7898.79150390625,8453.48046875,8502.5341796875,8355.375,8420.7783203125,18077336
2020-01-22,8036.29541015625,8600.6396484375,8633.341796875,8453.48046875,8453.48046875,27276269
2020-01-23,8036.29541015625,8600.6396484375,8600.6396484375,8600.6396484375,8600.6396484375,0
2020-01-24,8036.29541015625,8600.6396484375,8600.6396484375,8600.6396484375,8600.6396484375,0
2020-01-27,8036.29541015625,8600.6396484375,8600.6396484375,8600.6396484375,8600.6396484375,0
2020-01-28,8036.29541015625,8600.6396484375,8600.6396484375,8600.6396484375,8600.6396484375,0
2020-01-29,8036.29541015625,8600.6396484375,8600.6396484375,8600.6396484375,8600.6396484375,0
2020-01-30,7730.73291015625,8273.619140625,8469.83203125,8159.162109375,8355.375,39840893
2020-01-31,7364.05810546875,7881.19482421875,8273.619140625,7881.19482421875,8175.51318359375,33621650
2020-02-03,7501.5615234375,8028.35400390625,8110.10888671875,7423.3662109375,7619.578125,36937069
2020-02-04,7516.83984375,8044.705078125,8110.10888671875,7881.19482421875,8061.05615234375,24726551
2020-02-05,7471.0048828125,7995.65185546875,8175.51318359375,7913.89697265625,8126.4599609375,21217475
2020-02-06,7700.1767578125,8240.9169921875,8240.9169921875,7946.5986328125,7962.94970703125,28176059
2020-02-07,7440.44873046875,7962.94970703125,8273.619140625,7913.89697265625,8240.9169921875,24830979
2020-02-10,7440.44873046875,7962.94970703125,8061.05615234375,7832.1416015625,7848.49267578125,14662168
2020-02-11,7211.27685546875,7717.6845703125,8044.705078125,7668.63134765625,7995.65185546875,38381749
2020-02-12,7272.388671875,7783.08837890625,7897.5458984375,7668.63134765625,7684.982421875,29300729
2020-02-13,7241.8330078125,7750.38671875,7815.79052734375,7717.6845703125,7766.73779296875,16094341
2020-02-14,7241.8330078125,7750.38671875,7766.73779296875,7635.92919921875,7717.6845703125,15449458
2020-02-17,7257.111328125,7766.73779296875,7799.439453125,7717.6845703125,7750.38671875,8307857
2020-02-18,7119.60791015625,7619.578125,7799.439453125,7619.578125,7799.439453125,22799883
2020-02-19,7104.330078125,7603.2275390625,7668.63134765625,7554.17431640625,7619.578125,16762403
2020-02-20,7257.111328125,7766.73779296875,7766.73779296875,7603.2275390625,7668.63134765625,15978354
2020-02-21,7195.99853515625,7701.33349609375,7783.08837890625,7684.982421875,7766.73779296875,13803292
2020-02-24,6936.2705078125,7423.3662109375,7570.525390625,7423.3662109375,7439.716796875,39563357
2020-02-25,7058.49609375,7554.17431640625,7554.17431640625,7390.6640625,7390.6640625,16218645
2020-02-26,6951.548828125,7439.716796875,7521.47216796875,7423.3662109375,7439.716796875,13769410
2020-02-27,7012.66162109375,7505.12109375,7537.8232421875,7423.3662109375,7423.3662109375,10146885
2020-02-28,6829.3232421875,7308.90869140625,7456.06787109375,7276.20654296875,7374.31298828125,20133200
2020-03-02,6814.044921875,7292.5576171875,7357.9619140625,7259.85595703125,7259.85595703125,12101809
2020-03-03,6814.044921875,7292.5576171875,7456.06787109375,7292.5576171875,7456.06787109375,13491324
2020-03-05,6829.3232421875,7308.90869140625,7407.01513671875,7308.90869140625,7390.6640625,7934700
2020-03-06,6844.60205078125,7325.259765625,7341.61083984375,7276.20654296875,7308.90869140625,9282200
2020-03-09,6370.9794921875,6818.3779296875,7047.29248046875,6818.3779296875,6818.3779296875,50661498
2020-03-10,6615.43017578125,7079.99462890625,7112.6962890625,6703.9208984375,6703.9208984375,24885226
2020-03-11,6279.31103515625,6720.27197265625,7129.04736328125,6589.4638671875,7096.345703125,26077628
2020-03-12,5882.0791015625,6295.14501953125,6475.00634765625,6262.443359375,6393.25146484375,39878352
2020-03-13,5820.96728515625,6229.7412109375,6442.30419921875,5870.0185546875,5902.720703125,39253132
2020-03-16,5836.2451171875,6246.09228515625,6491.357421875,6197.0390625,6278.7939453125,28389410
2020-03-17,5866.80126953125,6278.7939453125,6311.49609375,6082.58203125,6082.58203125,18510764
2020-03-18,6019.58251953125,6442.30419921875,6573.11279296875,6327.84716796875,6344.1982421875,31791673
2020-03-19,5851.5234375,6262.443359375,6376.900390625,6180.68798828125,6344.1982421875,23769761
2020-03-20,5683.46435546875,6082.58203125,6311.49609375,6082.58203125,6295.14501953125,40979873
2020-03-23,5286.23291015625,5657.455078125,5886.36962890625,5657.455078125,5690.1572265625,39591306
2020-03-24,5225.1201171875,5592.05126953125,5673.80615234375,5444.8916015625,5559.34912109375,42295173
2020-03-25,5439.013671875,5820.96533203125,5837.31640625,5690.1572265625,5837.31640625,23723923
2020-03-26,5179.28564453125,5542.998046875,5755.5615234375,5526.64697265625,5739.21044921875,26037998
2020-03-27,4950.11376953125,5297.732421875,5559.34912109375,5166.92431640625,5526.64697265625,41106410
2020-03-30,4995.9482421875,5346.78564453125,5461.24267578125,4987.06298828125,5003.4140625,33241154
2020-03-31,5148.7294921875,5510.2958984375,5673.80615234375,4987.06298828125,5346.78564453125,34136817
2020-04-01,5270.95458984375,5641.10400390625,5722.859375,5444.8916015625,5461.24267578125,14860382
2020-04-02,5270.95458984375,5641.10400390625,5641.10400390625,5641.10400390625,5641.10400390625,0
2020-04-03,5393.17919921875,5771.912109375,5788.26318359375,5624.7529296875,5641.10400390625,19886488
2020-04-06,5759.8544921875,6164.3369140625,6164.3369140625,5853.66748046875,5935.42236328125,31212841
2020-04-07,5805.6884765625,6213.39013671875,6246.09228515625,5968.12451171875,6229.7412109375,23408989
2020-04-08,5714.0205078125,6115.28369140625,6147.98583984375,5984.4755859375,6017.177734375,15615808
2020-04-09,5668.18603515625,6066.23095703125,6213.39013671875,6066.23095703125,6147.98583984375,21817345
2020-04-10,5744.57666015625,6147.98583984375,6213.39013671875,5984.4755859375,6049.8798828125,16997250
2020-04-13,5912.63525390625,6327.84716796875,6376.900390625,6115.28369140625,6147.98583984375,27641750
2020-04-14,6095.9736328125,6524.0595703125,6524.0595703125,6278.7939453125,6311.49609375,26740706
2020-04-15,6141.80810546875,6573.11279296875,6638.5166015625,6524.0595703125,6540.41064453125,18226531
2020-04-16,6187.642578125,6622.16552734375,6671.21875,6458.6552734375,6524.0595703125,20383032
2020-04-17,6325.14501953125,6769.32470703125,6802.02685546875,6605.814453125,6622.16552734375,26967053
2020-04-20,6477.9267578125,6932.83544921875,7030.94140625,6720.27197265625,6867.43115234375,28814276
2020-04-21,6172.3642578125,6605.814453125,6949.18603515625,6589.4638671875,6785.67578125,36495598
2020-04-22,6355.70166015625,6802.02685546875,6965.537109375,6638.5166015625,6703.9208984375,33754608
2020-04-23,6600.15185546875,7063.6435546875,7178.1005859375,6965.537109375,6965.537109375,25521150
2020-04-24,6752.93310546875,7227.15380859375,7259.85595703125,6965.537109375,7096.345703125,25384002
2020-04-27,6707.09814453125,7178.1005859375,7390.6640625,7145.3984375,7276.20654296875,20292793
2020-04-28,6539.0390625,6998.2392578125,7227.15380859375,6949.18603515625,7194.45166015625,23506200
2020-04-29,6569.59521484375,7030.94140625,7096.345703125,6867.43115234375,6998.2392578125,22772423
2020-04-30,6569.59521484375,7030.94140625,7030.94140625,7030.94140625,7030.94140625,0
2020-05-01,6569.59521484375,7030.94140625,7030.94140625,7030.94140625,7030.94140625,0
2020-05-04,6416.814453125,6867.43115234375,7047.29248046875,6867.43115234375,7030.94140625,14783720
2020-05-05,6539.0390625,6998.2392578125,7079.99462890625,6965.537109375,6998.2392578125,18024954
2020-05-06,6783.4892578125,7259.85595703125,7259.85595703125,7030.94140625,7047.29248046875,23304163
2020-05-07,7211.27685546875,7717.6845703125,7717.6845703125,7292.5576171875,7292.5576171875,45052981
2020-05-08,7150.1640625,7652.2802734375,7897.5458984375,7652.2802734375,7783.08837890625,38176838
2020-05-11,7318.2236328125,7832.1416015625,7881.19482421875,7619.578125,7750.38671875,22078858
2020-05-12,7226.5546875,7734.03564453125,7815.79052734375,7652.2802734375,7734.03564453125,32192535
2020-05-13,7364.05810546875,7881.19482421875,7913.89697265625,7619.578125,7668.63134765625,29381060
2020-05-14,7318.2236328125,7832.1416015625,7881.19482421875,7750.38671875,7783.08837890625,19928871
2020-05-15,7318.2236328125,7832.1416015625,7832.1416015625,7832.1416015625,7832.1416015625,0
2020-05-18,7318.2236328125,7832.1416015625,7832.1416015625,7832.1416015625,7832.1416015625,0
2020-05-19,8204.35546875,8780.5009765625,8780.5009765625,8518.884765625,8633.341796875,57620082
2020-05-20,8204.35546875,8780.5009765625,8780.5009765625,8780.5009765625,8780.5009765625,0
2020-05-21,8097.408203125,8666.0439453125,8682.3955078125,8535.2353515625,8616.9912109375,34290844
2020-05-22,8326.580078125,8911.3095703125,8976.7138671875,8584.2890625,8616.9912109375,49699662
2020-05-25,8341.8583984375,8927.66015625,9091.1708984375,8878.607421875,8993.064453125,34153452
2020-05-26,8677.9775390625,9287.3828125,9287.3828125,8927.66015625,8944.01171875,35176660
2020-05-27,8311.3017578125,8894.9580078125,9352.787109375,8894.9580078125,9352.787109375,60482869
2020-05-28,8311.3017578125,8894.9580078125,9025.7666015625,8796.8525390625,8993.064453125,44298044
2020-05-29,8372.4150390625,8960.3623046875,9058.46875,8829.5546875,8927.66015625,38469725
2020-06-01,8448.8056640625,9042.1171875,9091.1708984375,8976.7138671875,9091.1708984375,24533291
2020-06-02,8265.4677734375,8845.9052734375,9091.1708984375,8813.203125,9091.1708984375,35132350
2020-06-03,8234.9111328125,8813.203125,8894.9580078125,8698.74609375,8845.9052734375,36750353
2020-06-04,8127.96484375,8698.74609375,8960.3623046875,8698.74609375,8829.5546875,41245728
2020-06-05,8265.4677734375,8845.9052734375,8927.66015625,8567.9375,8666.0439453125,41379848
2020-06-08,8265.4677734375,8845.9052734375,8845.9052734375,8845.9052734375,8845.9052734375,0
2020-06-09,8265.4677734375,8845.9052734375,8845.9052734375,8845.9052734375,8845.9052734375,0
2020-06-10,8250.1904296875,8829.5546875,8960.3623046875,8715.0966796875,8829.5546875,30185872
2020-06-11,7791.845703125,8339.0234375,8878.607421875,8339.0234375,8780.5009765625,69944110
2020-06-12,8097.408203125,8666.0439453125,8666.0439453125,8012.0029296875,8012.0029296875,57737231
2020-06-15,7761.2890625,8306.3212890625,8666.0439453125,8289.970703125,8600.6396484375,34654827
2020-06-16,8005.73828125,8567.9375,8633.341796875,8388.076171875,8502.5341796875,27596463
2020-06-17,8021.017578125,8584.2890625,8649.693359375,8469.83203125,8567.9375,21607542
2020-06-18,8189.0771484375,8764.150390625,8780.5009765625,8453.48046875,8486.1826171875,27689668
2020-06-19,8357.1376953125,8944.01171875,8944.01171875,8829.5546875,8829.5546875,32208253
2020-06-22,8341.8583984375,8927.66015625,9091.1708984375,8813.203125,8960.3623046875,29753392
2020-06-23,8250.1904296875,8829.5546875,9058.46875,8747.798828125,8927.66015625,34807478
2020-06-24,8250.1904296875,8829.5546875,8944.01171875,8764.150390625,8829.5546875,19927678
2020-06-25,8341.8583984375,8927.66015625,9091.1708984375,8682.3955078125,8731.4482421875,74643754
2020-06-26,8311.3017578125,8894.9580078125,9025.7666015625,8829.5546875,8960.3623046875,28633890
2020-06-29,8143.2421875,8715.0966796875,8829.5546875,8584.2890625,8796.8525390625,37851048
2020-06-30,8189.0771484375,8764.150390625,8960.3623046875,8682.3955078125,8764.150390625,45337306
2020-07-01,8372.4150390625,8960.3623046875,8993.064453125,8796.8525390625,8829.5546875,33157031
2020-07-02,8433.52734375,9025.7666015625,9074.8193359375,8960.3623046875,8993.064453125,39755363
2020-07-03,8402.970703125,8993.064453125,9074.8193359375,8960.3623046875,9058.46875,24804253
2020-07-06,8433.52734375,9025.7666015625,9074.8193359375,8976.7138671875,9058.46875,29859348
2020-07-07,8662.7001953125,9271.0322265625,9450.8935546875,9058.46875,9074.8193359375,85770670
2020-07-08,8571.0302734375,9172.92578125,9303.734375,9123.873046875,9205.6279296875,27997936
2020-07-09,8601.587890625,9205.6279296875,9254.6806640625,9140.2236328125,9189.27734375,23204904
2020-07-10,8601.587890625,9205.6279296875,9205.6279296875,9205.6279296875,9205.6279296875,0
2020-07-13,8448.8056640625,9042.1171875,9107.521484375,8911.3095703125,9009.416015625,44958523
2020-07-14,8525.197265625,9123.873046875,9140.2236328125,8960.3623046875,8976.7138671875,17605377
2020-07-15,8525.197265625,9123.873046875,9123.873046875,9123.873046875,9123.873046875,0
2020-07-16,8739.0908203125,9352.787109375,9450.8935546875,9140.2236328125,9221.978515625,54787722
2020-07-17,8723.8125,9336.4365234375,9401.83984375,9336.4365234375,9385.4892578125,20669650
2020-07-20,8555.7529296875,9156.5751953125,9385.4892578125,9156.5751953125,9320.0849609375,35479699
2020-07-21,8586.3095703125,9189.27734375,9238.330078125,9091.1708984375,9189.27734375,35852397
2020-07-22,8586.3095703125,9189.27734375,9287.3828125,9140.2236328125,9254.6806640625,22816702
2020-07-23,8616.865234375,9221.978515625,9221.978515625,9058.46875,9189.27734375,31120890
2020-07-24,8204.35546875,8780.5009765625,9172.92578125,8600.6396484375,9156.5751953125,65098298
2020-07-27,7929.3486328125,8486.1826171875,8878.607421875,8437.1298828125,8518.884765625,56233289
2020-07-28,8357.1376953125,8944.01171875,8993.064453125,8567.9375,8666.0439453125,43175424
2020-07-29,8123.6962890625,8535.2353515625,8947.28125,8299.78125,8751.0693359375,47257175
2020-07-30,8254.4228515625,8672.583984375,8751.0693359375,8574.478515625,8594.099609375,28940741
2020-07-31,8105.02099609375,8515.6142578125,8652.962890625,8417.5087890625,8417.5087890625,19510090
2020-08-03,8553.2265625,8986.5244140625,9025.7666015625,8515.6142578125,8515.6142578125,43055528
2020-08-04,8590.576171875,9025.7666015625,9143.494140625,8947.28125,9104.251953125,28250239
2020-08-05,9001.4296875,9457.43359375,9555.5400390625,8986.5244140625,9025.7666015625,66032984
2020-08-06,8982.7548828125,9437.8125,9575.1611328125,9339.7060546875,9457.43359375,35025349
2020-08-07,9038.7802734375,9496.67578125,9535.9189453125,9398.5703125,9418.19140625,30992982
2020-08-10,9076.1298828125,9535.9189453125,9712.509765625,9535.9189453125,9594.7822265625,36043150
2020-08-11,9057.455078125,9516.2978515625,9634.0244140625,9457.43359375,9575.1611328125,24656734
2020-08-12,9076.1298828125,9535.9189453125,9614.4033203125,9457.43359375,9535.9189453125,22494561
2020-08-13,9150.8310546875,9614.4033203125,9653.646484375,9535.9189453125,9614.4033203125,19272108
2020-08-14,9001.4296875,9457.43359375,9653.646484375,9378.94921875,9614.4033203125,39131258
2020-08-17,9076.1298828125,9535.9189453125,9535.9189453125,9398.5703125,9437.8125,21477881
2020-08-18,9020.10546875,9477.0546875,9575.1611328125,9457.43359375,9575.1611328125,13074128
2020-08-19,9057.455078125,9516.2978515625,9575.1611328125,9457.43359375,9496.67578125,23614572
2020-08-20,9001.4296875,9457.43359375,9555.5400390625,9418.19140625,9516.2978515625,24680203
2020-08-21,9094.8046875,9555.5400390625,9575.1611328125,9437.8125,9457.43359375,22758484
2020-08-24,9262.8818359375,9732.130859375,9790.9951171875,9575.1611328125,9614.4033203125,35506715
2020-08-25,9169.505859375,9634.0244140625,9830.2373046875,9634.0244140625,9771.373046875,27323768
2020-08-26,9038.7802734375,9496.67578125,9634.0244140625,9496.67578125,9614.4033203125,41605925
2020-08-27,9076.1298828125,9535.9189453125,9555.5400390625,9457.43359375,9496.67578125,22428051
2020-08-28,9076.1298828125,9535.9189453125,9614.4033203125,9516.2978515625,9614.4033203125,29568862
2020-08-31,9169.505859375,9634.0244140625,9732.130859375,9496.67578125,9496.67578125,33978906
2020-09-01,9262.8818359375,9732.130859375,9790.9951171875,9594.7822265625,9634.0244140625,42694592
2020-09-02,9262.8818359375,9732.130859375,9732.130859375,9732.130859375,9732.130859375,0
2020-09-03,9337.583984375,9810.6162109375,9889.1005859375,9771.373046875,9810.6162109375,37087197
2020-09-04,9318.908203125,9790.9951171875,9849.8583984375,9673.267578125,9673.267578125,47959680
2020-09-07,9150.8310546875,9614.4033203125,9849.8583984375,9614.4033203125,9810.6162109375,36532110
2020-09-08,9206.8564453125,9673.267578125,9692.888671875,9594.7822265625,9653.646484375,31241947
2020-09-09,9150.8310546875,9614.4033203125,9790.9951171875,9555.5400390625,9575.1611328125,50028408
2020-09-10,9169.505859375,9634.0244140625,9751.751953125,9614.4033203125,9692.888671875,30849872
2020-09-11,9169.505859375,9634.0244140625,9634.0244140625,9634.0244140625,9634.0244140625,0
2020-09-14,9188.181640625,9653.646484375,9712.509765625,9614.4033203125,9614.4033203125,32422301
2020-09-15,9225.53125,9692.888671875,9790.9951171875,9673.267578125,9712.509765625,22575672
2020-09-16,9225.53125,9692.888671875,9732.130859375,9653.646484375,9712.509765625,17550478
2020-09-17,9486.984375,9967.5859375,10006.828125,9692.888671875,9712.509765625,68190112
2020-09-18,9599.03515625,10085.3134765625,10085.3134765625,10006.828125,10026.44921875,31791327
2020-09-21,9599.03515625,10085.3134765625,10183.4189453125,10046.0703125,10163.7978515625,29640009
2020-09-22,9543.0087890625,10026.44921875,10085.3134765625,9967.5859375,10006.828125,38952396
2020-09-23,9636.3857421875,10124.5556640625,10163.7978515625,10026.44921875,10065.69140625,32081268
2020-09-24,9580.359375,10065.69140625,10163.7978515625,10006.828125,10085.3134765625,31688097
2020-09-25,9617.7099609375,10104.9345703125,10124.5556640625,10006.828125,10124.5556640625,25722671
2020-09-28,9860.4873046875,10360.0107421875,10360.0107421875,10085.3134765625,10124.5556640625,44780904
2020-09-29,9841.810546875,10340.388671875,10516.98046875,10340.388671875,10379.6318359375,47032776
2020-09-30,9860.4873046875,10360.0107421875,10418.8740234375,10242.283203125,10340.388671875,33090379
2020-10-01,10084.5888671875,10595.46484375,10673.9501953125,10399.2529296875,10438.4951171875,43732550
2020-10-02,9972.5380859375,10477.7373046875,10693.5712890625,10203.0400390625,10615.0859375,51508285
2020-10-05,10215.314453125,10732.8134765625,10752.4345703125,10536.6015625,10536.6015625,32595685
2020-10-06,10551.46875,11085.99609375,11085.99609375,10673.9501953125,10772.056640625,60163654
2020-10-07,10383.392578125,10909.4052734375,11105.6171875,10909.4052734375,11027.1318359375,37593485
2020-10-08,10495.4423828125,11027.1318359375,11027.1318359375,10870.162109375,10987.8896484375,46479421
2020-10-09,10644.84375,11184.1025390625,11262.5869140625,10987.8896484375,11066.375,24118898
2020-10-12,10551.46875,11085.99609375,11282.2080078125,11007.5107421875,11242.9658203125,31238456
2020-10-13,10458.091796875,10987.8896484375,11085.99609375,10948.6474609375,11066.375,27179206
2020-10-14,10588.8193359375,11125.23828125,11125.23828125,10909.4052734375,10968.2685546875,36288063
2020-10-15,10850.271484375,11399.935546875,11772.7392578125,11399.935546875,11772.7392578125,77786044
2020-10-16,10868.9462890625,11419.556640625,11576.5263671875,11360.693359375,11458.7998046875,44133493
2020-10-19,10794.2451171875,11341.072265625,11478.4208984375,11321.451171875,11439.177734375,27875772
2020-10-20,10962.322265625,11517.6630859375,11517.6630859375,11262.5869140625,11282.2080078125,33940784
2020-10-21,10868.9462890625,11419.556640625,11615.76953125,11380.314453125,11556.9052734375,27188889
2020-10-22,11055.6982421875,11615.76953125,11615.76953125,11341.072265625,11380.314453125,33310905
2020-10-23,11541.251953125,12125.9208984375,12125.9208984375,11635.390625,11694.25390625,75262808
2020-10-26,11503.9013671875,12086.6787109375,12557.587890625,12047.4365234375,12165.1640625,51875820
2020-10-27,11728.00390625,12322.1337890625,12439.861328125,11988.572265625,12008.193359375,64423937
2020-10-28,11354.5009765625,11929.708984375,12420.2392578125,11851.2236328125,12224.02734375,65396455
2020-10-29,11429.2001953125,12008.193359375,12067.0576171875,11753.1181640625,11753.1181640625,52949886
2020-10-30,11410.5244140625,11988.572265625,12125.9208984375,11733.49609375,12086.6787109375,48516806
2020-11-02,11429.2001953125,12008.193359375,12047.4365234375,11910.087890625,11988.572265625,26464419
2020-11-03,11466.5517578125,12047.4365234375,12282.890625,11988.572265625,12165.1640625,44648114
2020-11-04,11447.8759765625,12027.8154296875,12165.1640625,11910.087890625,12047.4365234375,46616339
2020-11-05,11298.474609375,11870.8447265625,12067.0576171875,11870.8447265625,12027.8154296875,29555509
2020-11-06,11354.5009765625,11929.708984375,12047.4365234375,11851.2236328125,11890.466796875,34173440
2020-11-09,11765.353515625,12361.3759765625,12361.3759765625,12047.4365234375,12086.6787109375,46669751
2020-11-10,11690.6533203125,12282.890625,12636.0732421875,12282.890625,12596.8310546875,52609235
2020-11-11,11690.6533203125,12282.890625,12400.6181640625,12224.02734375,12282.890625,37113597
2020-11-12,11746.6796875,12341.7548828125,12361.3759765625,12263.26953125,12282.890625,24982453
2020-11-13,11933.4306640625,12537.966796875,12537.966796875,12341.7548828125,12361.3759765625,30990995
2020-11-16,12045.4814453125,12655.6943359375,12851.9072265625,12518.345703125,12675.3154296875,65078738
2020-11-17,12456.3359375,13087.361328125,13087.361328125,12714.55859375,12753.80078125,41355456
2020-11-18,12923.2138671875,13577.892578125,13577.892578125,13087.361328125,13185.4677734375,56355279
2020-11-19,13147.3154296875,13813.3466796875,13931.07421875,13519.0283203125,13617.134765625,67613313
2020-11-20,13334.0673828125,14009.5595703125,14009.5595703125,13715.2412109375,13852.58984375,46228086
2020-11-23,14006.3740234375,14715.923828125,14853.2724609375,13931.07421875,14009.5595703125,60346721
2020-11-24,14006.3740234375,14715.923828125,15108.3486328125,14245.0146484375,14814.0302734375,124702950
2020-11-25,13296.716796875,13970.3173828125,14480.46875,13813.3466796875,14441.2265625,141931609
2020-11-26,13109.9658203125,13774.1044921875,13891.83203125,13460.1650390625,13774.1044921875,84508965
2020-11-27,13539.494140625,14225.392578125,14284.2568359375,13734.8623046875,13734.8623046875,40841498
2020-11-30,13259.3681640625,13931.07421875,14284.2568359375,13931.07421875,14225.392578125,44490759
2020-12-01,13296.716796875,13970.3173828125,13970.3173828125,13558.271484375,13695.6201171875,55559101
2020-12-02,13184.6669921875,13852.58984375,13989.9384765625,13774.1044921875,13970.3173828125,37315802
2020-12-03,13763.595703125,14460.84765625,14460.84765625,13852.58984375,13950.6953125,57364415
2020-12-04,13800.9462890625,14500.08984375,14617.8173828125,14401.984375,14539.3330078125,45275215
2020-12-07,14267.826171875,14990.62109375,15069.1064453125,14460.84765625,14539.3330078125,62178308
2020-12-08,14342.52734375,15069.1064453125,15226.076171875,14912.1357421875,14990.62109375,51816013
2020-12-09,14379.8779296875,15108.3486328125,15147.5908203125,14951.37890625,15108.3486328125,38897659
2020-12-10,14043.724609375,14755.166015625,15147.5908203125,14598.1962890625,15108.3486328125,77474162
2020-12-11,14491.9287109375,15226.076171875,15226.076171875,14794.4091796875,14912.1357421875,42405798
2020-12-14,14660.0048828125,15402.6669921875,15500.7734375,15284.939453125,15461.5302734375,36907825
2020-12-15,14417.2275390625,15147.5908203125,15363.4248046875,15108.3486328125,15324.181640625,49899797
2020-12-16,14491.9287109375,15226.076171875,15441.9091796875,15108.3486328125,15226.076171875,44141902
2020-12-17,14062.400390625,14774.787109375,15167.2119140625,14774.787109375,15069.1064453125,78092880
2020-12-18,14417.2275390625,15147.5908203125,15206.455078125,14872.8935546875,14951.37890625,50855395
2020-12-21,14398.552734375,15127.9697265625,15324.181640625,15049.484375,15304.560546875,40236439
2020-12-22,14697.35546875,15441.9091796875,15481.1513671875,15029.86328125,15127.9697265625,66384491
2020-12-23,14940.1318359375,15696.9853515625,16167.89453125,15461.5302734375,15481.1513671875,71600015
2020-12-24,14921.45703125,15677.3642578125,16010.9248046875,15147.5908203125,15932.4404296875,47161870
2020-12-25,15220.259765625,15991.3037109375,16030.5458984375,15500.7734375,15696.9853515625,57762734
2020-12-28,15519.0615234375,16305.2431640625,16462.212890625,16089.41015625,16403.349609375,53576656
2020-12-29,15537.73828125,16324.865234375,16422.970703125,16109.03125,16187.5166015625,34258680
2020-12-30,15276.28515625,16050.16796875,16324.865234375,15991.3037109375,16324.865234375,55826005
2020-12-31,15481.712890625,16266.0009765625,16383.728515625,15971.6826171875,16050.16796875,30241832
2021-01-01,15481.712890625,16266.0009765625,16266.0009765625,16266.0009765625,16266.0009765625,0
2021-01-04,15799.1904296875,16599.5625,16874.259765625,16344.486328125,16481.833984375,4034558
2021-01-05,15817.8662109375,16619.18359375,16795.7734375,16364.107421875,16403.349609375,4748453
2021-01-06,15985.9404296875,16795.7734375,16991.986328125,16599.5625,16678.046875,4573769
2021-01-07,15985.9404296875,16795.7734375,16952.744140625,16579.94140625,16933.123046875,5550288
2021-01-08,15967.265625,16776.15234375,16991.986328125,16717.2890625,16835.017578125,5091041
2021-01-11,16079.3173828125,16893.880859375,16991.986328125,16717.2890625,16913.501953125,4241604
2021-01-12,16770.296875,17619.865234375,17619.865234375,16835.017578125,16952.744140625,5794437
2021-01-13,16695.59765625,17541.380859375,17835.69921875,17423.654296875,17737.59375,4110802
2021-01-14,16602.22265625,17443.275390625,17541.380859375,17207.8203125,17541.380859375,4466335
2021-01-15,16620.896484375,17462.896484375,17678.73046875,17384.412109375,17384.412109375,3768443
2021-01-18,16658.24609375,17502.138671875,17600.244140625,17364.791015625,17462.896484375,4615637
2021-01-19,15537.73828125,16324.865234375,17502.138671875,16285.6220703125,17502.138671875,6568955
2021-01-20,15575.0888671875,16364.107421875,16854.638671875,15696.9853515625,16481.833984375,9661880
2021-01-21,16508.845703125,17345.16796875,17345.16796875,16403.349609375,16815.396484375,5307949
2021-01-22,16303.4189453125,17129.3359375,17541.380859375,17090.09375,17384.412109375,3771068
2021-01-25,16322.0947265625,17148.95703125,17835.69921875,16913.501953125,16972.365234375,8432498
2021-01-26,15799.1904296875,16599.5625,17109.71484375,16324.865234375,17109.71484375,6141179
2021-01-27,15052.1826171875,15814.712890625,16638.8046875,15500.7734375,16246.3798828125,7149423
2021-01-28,14006.3740234375,14715.923828125,15324.181640625,14715.923828125,14755.166015625,12724685
2021-01-29,14622.654296875,15363.4248046875,15677.3642578125,14519.7119140625,14519.7119140625,10256236
2021-02-01,14323.8515625,15049.484375,15638.1220703125,14990.62109375,15304.560546875,5433884
2021-02-02,15126.8837890625,15893.197265625,15893.197265625,15010.2421875,15108.3486328125,7273014
2021-02-03,15687.1376953125,16481.833984375,16619.18359375,16089.41015625,16167.89453125,8878035
2021-02-04,15612.4375,16403.349609375,16560.3203125,16305.2431640625,16481.833984375,5670617
2021-02-05,15873.8916015625,16678.046875,16756.53125,16364.107421875,16462.212890625,5955589
2021-02-08,15276.28515625,16050.16796875,16717.2890625,15696.9853515625,16678.046875,8388464
2021-02-09,15276.28515625,16050.16796875,16050.16796875,16050.16796875,16050.16796875,0
2021-02-10,15276.28515625,16050.16796875,16050.16796875,16050.16796875,16050.16796875,0
2021-02-11,15276.28515625,16050.16796875,16050.16796875,16050.16796875,16050.16796875,0
2021-02-12,15276.28515625,16050.16796875,16050.16796875,16050.16796875,16050.16796875,0
2021-02-15,15276.28515625,16050.16796875,16050.16796875,16050.16796875,16050.16796875,0
2021-02-16,15276.28515625,16050.16796875,16050.16796875,16050.16796875,16050.16796875,0
2021-02-17,16228.7158203125,17050.849609375,17050.849609375,16599.5625,16658.42578125,6180345
2021-02-18,16378.1201171875,17207.8203125,17266.68359375,16854.638671875,17031.228515625,5438955
2021-02-19,16228.7158203125,17050.849609375,17227.44140625,16913.501953125,16991.986328125,4333953
2021-02-22,16210.0419921875,17031.228515625,17423.654296875,16874.259765625,17050.849609375,5443720
2021-02-23,16172.693359375,16991.986328125,17168.578125,16854.638671875,16952.744140625,4566915
2021-02-24,16172.693359375,16991.986328125,16991.986328125,16991.986328125,16991.986328125,0
2021-02-25,16172.693359375,16991.986328125,16991.986328125,16991.986328125,16991.986328125,0
2021-02-26,17031.75,17894.5625,17933.806640625,17109.71484375,17148.95703125,10429645
2021-03-01,17255.853515625,18130.017578125,18169.259765625,17973.048828125,18149.638671875,5605713
2021-03-02,17442.60546875,18326.23046875,18483.201171875,18130.017578125,18365.47265625,6031935
2021-03-03,17479.953125,18365.47265625,18463.578125,18247.74609375,18267.3671875,5673165
2021-03-04,17143.80078125,18012.291015625,18404.71484375,17659.109375,18404.71484375,7125470
2021-03-05,17181.15234375,18051.533203125,18090.775390625,17698.3515625,17914.185546875,5452460
2021-03-08,17293.203125,18169.259765625,18404.71484375,18051.533203125,18286.98828125,4530220
2021-03-09,17125.126953125,17992.669921875,18130.017578125,17678.73046875,18051.533203125,4151064
2021-03-10,17031.75,17894.5625,17992.669921875,17717.97265625,17992.669921875,4019243
2021-03-11,17330.5546875,18208.50390625,18306.609375,17973.048828125,18012.291015625,3967487
2021-03-12,17349.23046875,18228.125,18286.98828125,18130.017578125,18286.98828125,3097078
2021-03-15,17367.904296875,18247.74609375,18404.71484375,18208.50390625,18286.98828125,3033729
2021-03-16,17218.501953125,18090.775390625,18286.98828125,17973.048828125,18286.98828125,3592358
2021-03-17,17293.203125,18169.259765625,18228.125,18071.154296875,18110.396484375,3106787
2021-03-18,17405.25390625,18286.98828125,18345.8515625,18188.880859375,18326.23046875,2845540
2021-03-19,17610.681640625,18502.822265625,18620.548828125,18286.98828125,18286.98828125,4686785
2021-03-22,17461.279296875,18345.8515625,18620.548828125,18326.23046875,18561.685546875,2815292
2021-03-23,17405.25390625,18286.98828125,18483.201171875,18208.50390625,18306.609375,3182063
2021-03-24,16975.724609375,17835.69921875,18188.880859375,17698.3515625,18071.154296875,6027526
2021-03-25,16807.650390625,17659.109375,17953.427734375,17580.623046875,17933.806640625,5078427
2021-03-26,17255.853515625,18130.017578125,18130.017578125,17678.73046875,17855.3203125,7163107
2021-03-29,17293.203125,18169.259765625,18286.98828125,18110.396484375,18247.74609375,3376928
2021-03-30,17349.23046875,18228.125,18345.8515625,18090.775390625,18247.74609375,3397798
2021-03-31,17479.953125,18365.47265625,18581.306640625,18188.880859375,18228.125,4159703
2021-04-01,18114.91015625,19032.595703125,19032.595703125,18424.3359375,18443.95703125,7054067
2021-04-02,18320.337890625,19248.427734375,19346.53515625,19071.837890625,19150.322265625,4250115
2021-04-05,18413.712890625,19346.53515625,19464.26171875,19209.185546875,19425.01953125,3918663
2021-04-06,18451.0625,19385.77734375,19444.640625,19268.048828125,19346.53515625,3576049
2021-04-07,18469.73828125,19405.3984375,19464.26171875,19189.564453125,19385.77734375,3671482
2021-04-08,18432.388671875,19366.15625,19464.26171875,19228.806640625,19425.01953125,3050267
2021-04-09,18507.087890625,19444.640625,19581.990234375,19248.427734375,19346.53515625,3981248
2021-04-12,19123.3671875,20092.140625,20209.869140625,19523.125,19581.990234375,6882952
2021-04-13,18712.515625,19660.474609375,20209.869140625,19660.474609375,20209.869140625,6869318
2021-04-14,19795.673828125,20798.505859375,20916.232421875,19581.990234375,19660.474609375,7327088
2021-04-15,20355.9296875,21387.142578125,21465.626953125,20602.29296875,20994.71875,8174333
2021-04-16,20393.28125,21426.384765625,21858.052734375,20994.71875,21230.171875,7245646
2021-04-19,21588.490234375,22682.14453125,22682.14453125,21465.626953125,21661.83984375,8870008
2021-04-20,21364.388671875,22446.689453125,22996.083984375,21975.779296875,22760.62890625,9639889
2021-04-21,21364.388671875,22446.689453125,22446.689453125,22446.689453125,22446.689453125,0
2021-04-22,20542.681640625,21583.35546875,22721.38671875,21583.35546875,22171.9921875,8421948
2021-04-23,21065.587890625,22132.75,22132.75,21504.869140625,21779.56640625,7260884
2021-04-26,20580.033203125,21622.59765625,22211.234375,21583.35546875,22171.9921875,6410504
2021-04-27,21028.236328125,22093.5078125,22132.75,21347.900390625,21622.59765625,5426366
2021-04-28,20916.18359375,21975.779296875,22171.9921875,21779.56640625,22093.5078125,3980152
2021-04-29,21700.54296875,22799.87109375,23035.326171875,22132.75,22171.9921875,7103962
2021-04-30,21700.54296875,22799.87109375,22799.87109375,22799.87109375,22799.87109375,0
2021-05-03,21700.54296875,22799.87109375,22799.87109375,22799.87109375,22799.87109375,0
2021-05-04,22335.49609375,23466.9921875,23702.447265625,22368.205078125,22485.931640625,8408238
2021-05-05,22148.74609375,23270.78125,23663.205078125,23270.78125,23545.478515625,6235133
2021-05-06,22186.095703125,23310.0234375,23663.205078125,23074.568359375,23270.78125,5506713
2021-05-07,22709.001953125,23859.41796875,24134.115234375,23192.296875,23231.5390625,7530796
2021-05-10,23530.70703125,24722.751953125,24840.478515625,23859.41796875,23859.41796875,7175925
2021-05-11,23157.205078125,24330.328125,24840.478515625,24330.328125,24840.478515625,7533981
2021-05-12,23418.66015625,24605.025390625,24605.025390625,24055.630859375,24173.357421875,7470555
2021-05-13,22970.453125,24134.115234375,24722.751953125,24134.115234375,24487.296875,6282582
2021-05-14,22933.103515625,24094.873046875,24526.5390625,23937.90234375,24330.328125,8107391
2021-05-17,23119.853515625,24291.083984375,24487.296875,23780.93359375,24094.873046875,8665154
2021-05-18,23680.111328125,24879.72265625,24997.44921875,24526.5390625,24526.5390625,9975495
2021-05-19,24688.56640625,25939.267578125,26174.72265625,24918.96484375,25115.17578125,7238969
2021-05-20,24875.3203125,26135.48046875,26174.72265625,25703.814453125,25978.51171875,5492035
2021-05-21,24501.81640625,25743.056640625,26056.99609375,25664.5703125,25939.267578125,5848740
2021-05-24,24427.11328125,25664.5703125,25939.267578125,25507.6015625,25743.056640625,6011905
2021-05-25,25174.12109375,26449.419921875,26606.390625,25586.0859375,25625.328125,5781747
2021-05-26,25323.5234375,26606.390625,26606.390625,26370.935546875,26449.419921875,3945980
2021-05-27,24950.021484375,26213.96484375,26606.390625,25978.51171875,26567.1484375,4883791
2021-05-28,25062.0703125,26331.693359375,26410.177734375,25978.51171875,26331.693359375,7679971
2021-05-31,26842.921875,27919.05078125,27919.05078125,27442.25390625,27919.05078125,11383945
2021-06-01,28269.111328125,29402.416015625,29826.234375,28607.755859375,28925.619140625,6307113
2021-06-02,27505.080078125,28607.755859375,29402.416015625,28077.982421875,29137.529296875,7550418
2021-06-03,27657.88671875,28766.6875,28925.619140625,28077.982421875,28607.755859375,6978438
2021-06-04,27759.7578125,28872.642578125,29296.4609375,28766.6875,28872.642578125,5979803
2021-06-07,26842.921875,27919.05078125,29137.529296875,27548.208984375,28925.619140625,65411569
2021-06-08,26842.921875,27919.05078125,27919.05078125,27919.05078125,27919.05078125,0
2021-06-09,25620.47265625,26647.595703125,27230.345703125,25958.888671875,26435.685546875,77310055
2021-06-10,26282.6328125,27336.30078125,27866.07421875,26488.662109375,26594.6171875,55331030
2021-06-11,27046.662109375,28130.958984375,28183.9375,27336.30078125,27601.1875,54797594
2021-06-14,27301.337890625,28395.845703125,28766.6875,27972.02734375,28342.869140625,53961765
2021-06-15,27097.59765625,28183.9375,28395.845703125,27919.05078125,28077.982421875,40975454
2021-06-16,26384.501953125,27442.25390625,28077.982421875,27283.322265625,27972.02734375,54606757
2021-06-17,26180.76171875,27230.345703125,27495.232421875,26965.458984375,26965.458984375,38159532
2021-06-18,26537.310546875,27601.1875,28236.9140625,27230.345703125,27495.232421875,54726620
2021-06-21,26078.892578125,27124.390625,27813.095703125,27124.390625,27548.208984375,42680146
2021-06-22,26333.568359375,27389.27734375,27760.119140625,27124.390625,27283.322265625,34843397
2021-06-23,26180.76171875,27230.345703125,27495.232421875,27071.4140625,27336.30078125,35032345
2021-06-24,25773.279296875,26806.52734375,27389.27734375,26753.548828125,27230.345703125,37724818
2021-06-25,25824.21484375,26859.50390625,27124.390625,26382.708984375,26859.50390625,49438509
2021-06-28,26690.115234375,27760.119140625,27813.095703125,26912.482421875,27177.3671875,73915584
2021-06-29,26384.501953125,27442.25390625,27866.07421875,27389.27734375,27813.095703125,37431674
2021-06-30,26231.697265625,27283.322265625,27654.1640625,27230.345703125,27495.232421875,35673941
2021-07-01,26893.85546875,27972.02734375,28025.005859375,27336.30078125,27389.27734375,74881092
2021-07-02,26639.1796875,27707.140625,28289.892578125,27654.1640625,28077.982421875,56738802
2021-07-05,26639.1796875,27707.140625,27707.140625,27707.140625,27707.140625,0
2021-07-06,26639.1796875,27707.140625,27707.140625,27707.140625,27707.140625,0
2021-07-07,26639.1796875,27707.140625,27707.140625,27707.140625,27707.140625,0
2021-07-08,26639.1796875,27707.140625,27707.140625,27707.140625,27707.140625,0
2021-07-09,24092.4140625,25058.275390625,26011.8671875,24369.5703125,25694.00390625,88514471
2021-07-12,24092.4140625,25058.275390625,25058.275390625,25058.275390625,25058.275390625,0
2021-07-13,23175.578125,24104.68359375,24369.5703125,23601.3984375,24104.68359375,48131157
2021-07-14,23175.578125,24104.68359375,24104.68359375,24104.68359375,24104.68359375,0
2021-07-15,23684.9296875,24634.45703125,24819.876953125,23627.88671875,23627.88671875,53884373
2021-07-16,23684.9296875,24634.45703125,24634.45703125,24634.45703125,24634.45703125,0
2021-07-19,22564.353515625,23468.955078125,24316.591796875,23310.0234375,24184.1484375,74420706
2021-07-20,24092.4140625,25058.275390625,25058.275390625,23548.421875,23839.796875,77326666
2021-07-21,23812.26953125,24766.900390625,25323.162109375,24687.43359375,25164.23046875,40273267
2021-07-22,24041.4765625,25005.296875,25270.18359375,24528.501953125,24740.41015625,40573206
2021-07-23,23328.384765625,24263.615234375,24899.34375,24263.615234375,24793.388671875,54559945
2021-07-26,23226.51171875,24157.66015625,24422.546875,23654.375,24104.68359375,44330663
2021-07-27,23532.126953125,24475.525390625,24793.388671875,24210.638671875,24369.5703125,34366211
2021-07-28,23786.80078125,24740.41015625,24952.3203125,24475.525390625,24528.501953125,40045811
2021-07-29,23990.54296875,24952.3203125,25270.18359375,24793.388671875,24872.853515625,61881757
2021-07-30,24092.4140625,25058.275390625,25217.20703125,24952.3203125,24952.3203125,43445567
2021-08-02,24066.947265625,25031.787109375,25376.138671875,24846.365234375,24952.3203125,45693133
2021-08-03,24066.947265625,25031.787109375,25243.6953125,24766.900390625,25058.275390625,53413983
2021-08-04,24066.947265625,25031.787109375,25031.787109375,25031.787109375,25031.787109375,0
2021-08-05,24856.443359375,25852.935546875,25958.888671875,25084.763671875,25137.740234375,56069459
2021-08-06,24652.701171875,25641.025390625,26011.8671875,25588.048828125,25746.98046875,37944157
2021-08-09,25314.861328125,26329.73046875,26329.73046875,25402.626953125,25482.09375,57420036
2021-08-10,25314.861328125,26329.73046875,26329.73046875,26329.73046875,26329.73046875,0
2021-08-11,24932.845703125,25932.400390625,26382.708984375,25932.400390625,26382.708984375,41330700
2021-08-12,24652.701171875,25641.025390625,25958.888671875,25641.025390625,25905.912109375,40673249
2021-08-13,24780.041015625,25773.46875,25799.95703125,25270.18359375,25641.025390625,48718012
2021-08-16,25187.5234375,26197.287109375,26223.775390625,25932.400390625,25958.888671875,41947568
2021-08-17,25187.5234375,26197.287109375,26197.287109375,26197.287109375,26197.287109375,0
2021-08-18,25671.41015625,26700.572265625,26965.458984375,26435.685546875,26753.548828125,38060811
2021-08-19,25926.0859375,26965.458984375,27177.3671875,26700.572265625,26806.52734375,51920891
2021-08-20,24958.3125,25958.888671875,27018.435546875,25535.0703125,26912.482421875,93121914
2021-08-23,24194.28515625,25164.23046875,25958.888671875,25164.23046875,25958.888671875,61961980
2021-08-24,24321.623046875,25296.673828125,25561.560546875,25164.23046875,25217.20703125,41393935
2021-08-25,24652.701171875,25641.025390625,25694.00390625,25111.251953125,25402.626953125,30961925
2021-08-26,24296.154296875,25270.18359375,25746.98046875,25190.71875,25746.98046875,26157983
2021-08-27,24245.21875,25217.20703125,25349.650390625,24766.900390625,25164.23046875,46229211
2021-08-30,24805.5078125,25799.95703125,25826.4453125,25243.6953125,25429.1171875,32097882
2021-08-31,25111.12109375,26117.822265625,26329.73046875,25852.935546875,25958.888671875,48837119
2021-09-01,25060.185546875,26064.84375,26250.265625,25905.912109375,25958.888671875,28439525
2021-09-02,25060.185546875,26064.84375,26064.84375,26064.84375,26064.84375,0
2021-09-03,25060.185546875,26064.84375,26064.84375,26064.84375,26064.84375,0
2021-09-06,26078.892578125,27124.390625,27230.345703125,26170.798828125,26223.775390625,90791483
2021-09-07,25824.21484375,26859.50390625,27548.208984375,26806.52734375,27336.30078125,58981459
2021-09-08,25824.21484375,26859.50390625,26859.50390625,26859.50390625,26859.50390625,0
2021-09-09,26435.439453125,27495.232421875,27760.119140625,27283.322265625,27336.30078125,69309274
2021-09-10,26231.697265625,27283.322265625,27654.1640625,27230.345703125,27548.208984375,32500508
2021-09-13,25875.15234375,26912.482421875,27283.322265625,26859.50390625,27283.322265625,51394440
2021-09-14,25620.47265625,26647.595703125,27018.435546875,26594.6171875,26912.482421875,42344342
2021-09-15,26282.6328125,27336.30078125,27548.208984375,26435.685546875,26541.640625,48905639
2021-09-16,26129.826171875,27177.3671875,27707.140625,27177.3671875,27548.208984375,33942823
2021-09-17,26384.501953125,27442.25390625,27548.208984375,27177.3671875,27230.345703125,46337937
2021-09-20,26129.826171875,27177.3671875,27760.119140625,26965.458984375,27760.119140625,61022899
2021-09-21,26129.826171875,27177.3671875,27177.3671875,27177.3671875,27177.3671875,0
2021-09-22,26129.826171875,27177.3671875,27177.3671875,27177.3671875,27177.3671875,0
2021-09-23,25977.01953125,27018.435546875,27495.232421875,26965.458984375,27177.3671875,33549069
2021-09-24,25875.15234375,26912.482421875,27389.27734375,26912.482421875,27018.435546875,2998339344
2021-09-27,25875.15234375,26912.482421875,27548.208984375,26912.482421875,27230.345703125,53738839
2021-09-28,26791.986328125,27866.07421875,27919.05078125,26806.52734375,26806.52734375,67219512
2021-09-29,27148.533203125,28236.9140625,28395.845703125,27866.07421875,27919.05078125,65874974
2021-09-30,26944.79296875,28025.005859375,28448.82421875,27972.02734375,28448.82421875,43695108
2021-10-01,27199.470703125,28289.892578125,28448.82421875,27919.05078125,28025.005859375,57530839
2021-10-04,28269.111328125,29402.416015625,29614.32421875,28554.779296875,28554.779296875,7610
2021-10-05,28167.240234375,29296.4609375,29614.32421875,29190.505859375,29402.416015625,50156363
2021-10-06,28167.240234375,29296.4609375,29296.4609375,29296.4609375,29296.4609375,0
2021-10-07,28320.044921875,29455.392578125,30038.14453125,29402.416015625,29879.2109375,50535393
2021-10-08,28320.044921875,29455.392578125,29455.392578125,29455.392578125,29455.392578125,0
2021-10-11,28320.044921875,29455.392578125,29455.392578125,29455.392578125,29455.392578125,0
2021-10-12,29033.140625,30197.076171875,30514.939453125,30091.12109375,30356.0078125,34179905
2021-10-13,28931.271484375,30091.12109375,30408.984375,29932.189453125,30197.076171875,29413904
2021-10-14,28931.271484375,30091.12109375,30091.12109375,30091.12109375,30091.12109375,0
2021-10-15,29185.947265625,30356.0078125,30567.916015625,30197.076171875,30356.0078125,34958352
2021-10-18,29185.947265625,30356.0078125,30356.0078125,30356.0078125,30356.0078125,0
2021-10-19,29135.013671875,30303.03125,30726.849609375,30250.052734375,30514.939453125,44775570
2021-10-20,28982.205078125,30144.09765625,30461.962890625,29561.34765625,30408.984375,65425914
2021-10-21,29135.013671875,30303.03125,30832.802734375,29985.166015625,30303.03125,73979385
2021-10-22,28880.3359375,30038.14453125,30620.89453125,30038.14453125,30408.984375,37467161
2021-10-25,28880.3359375,30038.14453125,30038.14453125,30038.14453125,30038.14453125,0
2021-10-26,28880.3359375,30038.14453125,30038.14453125,30038.14453125,30038.14453125,0
2021-10-27,28880.3359375,30038.14453125,30038.14453125,30038.14453125,30038.14453125,0
2021-10-28,29542.49609375,30726.849609375,30832.802734375,30356.0078125,30673.87109375,41383364
2021-10-29,29084.076171875,30250.052734375,30779.826171875,30250.052734375,30726.849609375,45072112
2021-11-01,29084.076171875,30250.052734375,30250.052734375,30250.052734375,30250.052734375,0
2021-11-02,28727.529296875,29879.2109375,29402.416015625,29243.484375,29402.416015625,48453748
2021-11-03,28320.044921875,29455.392578125,29826.234375,29296.4609375,29773.2578125,56377137
2021-11-04,28676.59375,29826.234375,30144.09765625,29455.392578125,29455.392578125,28029161
2021-11-05,28829.3984375,29985.166015625,30197.076171875,29508.37109375,29826.234375,36577157
2021-11-08,28931.271484375,30091.12109375,30197.076171875,29773.2578125,30144.09765625,40121693
2021-11-09,28778.46484375,29932.189453125,30514.939453125,29879.2109375,30091.12109375,46656375
2021-11-10,28167.240234375,29296.4609375,29985.166015625,29243.484375,29932.189453125,81877670
2021-11-11,27505.080078125,28607.755859375,29296.4609375,28395.845703125,29137.529296875,102483089
2021-11-12,27810.693359375,28925.619140625,29031.57421875,28501.80078125,28554.779296875,39350608
2021-11-15,27301.337890625,28395.845703125,28925.619140625,28236.9140625,28872.642578125,57849277
2021-11-16,26486.373046875,27548.208984375,28395.845703125,27548.208984375,28236.9140625,75083065
2021-11-17,26180.76171875,27230.345703125,27866.07421875,27230.345703125,27548.208984375,56633096
2021-11-18,25442.19921875,26462.173828125,27230.345703125,26276.75390625,27230.345703125,110625251
2021-11-19,24448.9609375,25429.1171875,26329.73046875,25376.138671875,26276.75390625,91494614
2021-11-22,24780.041015625,25773.46875,26064.84375,25429.1171875,25535.0703125,42717143
2021-11-23,25238.458984375,26250.265625,26382.708984375,25746.98046875,25905.912109375,29540184
2021-11-24,24780.041015625,25773.46875,26329.73046875,25694.00390625,26223.775390625,51204547
2021-11-25,25085.650390625,26091.33203125,26144.310546875,25799.95703125,25799.95703125,41080593
2021-11-26,24983.783203125,25985.37890625,26462.173828125,25958.888671875,26117.822265625,50454981
2021-11-29,24652.701171875,25641.025390625,25905.912109375,25535.0703125,25535.0703125,41152511
2021-11-30,24932.845703125,25932.400390625,26462.173828125,25694.00390625,25932.400390625,41859795
2021-12-01,24958.3125,25958.888671875,26223.775390625,25905.912109375,26223.775390625,26093993
2021-12-02,24754.572265625,25746.98046875,26091.33203125,25746.98046875,26064.84375,24222249
2021-12-03,24296.154296875,25270.18359375,26038.35546875,25270.18359375,25852.935546875,40927887
2021-12-06,23302.916015625,24237.126953125,25402.626953125,24104.68359375,25164.23046875,65374949
2021-12-07,24245.21875,25217.20703125,25217.20703125,24369.5703125,24607.96875,41404883
2021-12-08,24041.4765625,25005.296875,25376.138671875,24925.83203125,25376.138671875,20968970
2021-12-09,23990.54296875,24952.3203125,25058.275390625,24793.388671875,24846.365234375,19480787
2021-12-10,23684.9296875,24634.45703125,25005.296875,24581.478515625,24925.83203125,36671160
2021-12-13,23710.3984375,24660.9453125,24978.80859375,24528.501953125,24660.9453125,27010800
2021-12-14,24296.154296875,25270.18359375,26011.8671875,24475.525390625,24660.9453125,67343527
2021-12-15,24347.08984375,25323.162109375,25746.98046875,25270.18359375,25429.1171875,17074285
2021-12-16,24194.28515625,25164.23046875,25482.09375,25058.275390625,25482.09375,20820228
2021-12-17,23786.80078125,24740.41015625,25190.71875,24687.43359375,25084.763671875,41556646
2021-12-20,23888.671875,24846.365234375,25084.763671875,24634.45703125,24740.41015625,18850328
2021-12-21,23481.1875,24422.546875,24872.853515625,24422.546875,24846.365234375,32267389
2021-12-22,22971.8359375,23892.7734375,24634.45703125,23892.7734375,24528.501953125,46559352
2021-12-23,22895.43359375,23813.30859375,23892.7734375,23363.0,23892.7734375,50349842
2021-12-24,23455.72265625,24396.05859375,24713.921875,23972.240234375,23998.728515625,36182649
2021-12-27,23379.318359375,24316.591796875,24687.43359375,24131.171875,24660.9453125,20150130
2021-12-28,23328.384765625,24263.615234375,24740.41015625,24157.66015625,24316.591796875,23324506
2021-12-29,23328.384765625,24263.615234375,24528.501953125,24104.68359375,24263.615234375,28537114
2021-12-30,23277.447265625,24210.638671875,24528.501953125,24210.638671875,24528.501953125,19413966
2021-12-31,23633.994140625,24581.478515625,24713.921875,24290.103515625,24369.5703125,26013393
2022-01-03,23633.994140625,24581.478515625,24581.478515625,24581.478515625,24581.478515625,0
2022-01-04,23812.26953125,24766.900390625,25005.296875,24687.43359375,24793.388671875,37942081
2022-01-05,23837.736328125,24793.388671875,25084.763671875,24793.388671875,24846.365234375,35412697
2022-01-06,23481.1875,24422.546875,24740.41015625,24422.546875,24634.45703125,32415188
2022-01-07,23328.384765625,24263.615234375,24475.525390625,24184.1484375,24422.546875,30834512
2022-01-10,23251.98046875,24184.1484375,24713.921875,24104.68359375,24290.103515625,32990529
2022-01-11,22971.8359375,23892.7734375,24396.05859375,23892.7734375,24396.05859375,24082944
2022-01-12,23532.126953125,24475.525390625,24502.013671875,23919.26171875,23945.751953125,27722614
2022-01-13,23786.80078125,24740.41015625,25058.275390625,24475.525390625,24528.501953125,47171312
2022-01-14,23557.591796875,24502.013671875,24819.876953125,24475.525390625,24634.45703125,14915815
2022-01-17,22768.095703125,23680.865234375,24634.45703125,23680.865234375,24502.013671875,40887681
2022-01-18,22411.546875,23310.0234375,23972.240234375,22780.25,23574.91015625,40473730
2022-01-19,22156.87109375,23045.13671875,23601.3984375,23018.6484375,23521.931640625,33420713
2022-01-20,22411.546875,23310.0234375,23415.978515625,22939.181640625,23204.068359375,27682409
2022-01-21,22055.0,22939.181640625,23548.421875,22833.2265625,23310.0234375,30725031
2022-01-24,20730.681640625,21561.771484375,22886.205078125,21561.771484375,22833.2265625,55543007
2022-01-25,22029.53125,22912.693359375,22939.181640625,21296.884765625,21455.81640625,33764633
2022-01-26,22131.404296875,23018.6484375,23548.421875,23018.6484375,23045.13671875,28701713
2022-01-27,21469.244140625,22329.943359375,23045.13671875,22250.4765625,22886.205078125,27749230
2022-01-28,21494.7109375,22356.431640625,22674.294921875,22091.544921875,22382.919921875,28203764
2022-01-31,21494.7109375,22356.431640625,22356.431640625,22356.431640625,22356.431640625,0
2022-02-01,21494.7109375,22356.431640625,22356.431640625,22356.431640625,22356.431640625,0
2022-02-02,21494.7109375,22356.431640625,22356.431640625,22356.431640625,22356.431640625,0
2022-02-03,21494.7109375,22356.431640625,22356.431640625,22356.431640625,22356.431640625,0
2022-02-04,21494.7109375,22356.431640625,22356.431640625,22356.431640625,22356.431640625,0
2022-02-07,21927.662109375,22806.73828125,23151.091796875,22144.521484375,22674.294921875,31352280
2022-02-08,23201.044921875,24131.171875,24131.171875,22780.25,22780.25,50075762
2022-02-09,24092.4140625,25058.275390625,25588.048828125,24210.638671875,24263.615234375,76064994
2022-02-10,23939.609375,24899.34375,25376.138671875,24740.41015625,25111.251953125,44543962
2022-02-11,24016.009765625,24978.80859375,25164.23046875,24528.501953125,24687.43359375,32737213
2022-02-14,23532.126953125,24475.525390625,25164.23046875,24449.03515625,24634.45703125,34442470
2022-02-15,23532.126953125,24475.525390625,24475.525390625,24475.525390625,24475.525390625,0
2022-02-16,23430.25390625,24369.5703125,24634.45703125,24157.66015625,24422.546875,17649626
2022-02-17,23684.9296875,24634.45703125,24766.900390625,24369.5703125,24369.5703125,21430489
2022-02-18,23965.07421875,24925.83203125,25243.6953125,24396.05859375,24475.525390625,40348771
2022-02-21,23761.33203125,24713.921875,25164.23046875,24660.9453125,24952.3203125,22985871
2022-02-22,23633.994140625,24581.478515625,24687.43359375,24210.638671875,24528.501953125,33353136
2022-02-23,23786.80078125,24740.41015625,25005.296875,24502.013671875,24713.921875,24503124
2022-02-24,23430.25390625,24369.5703125,24819.876953125,23892.7734375,24766.900390625,42368692
2022-02-25,23379.318359375,24316.591796875,24554.990234375,24316.591796875,24422.546875,24115411
2022-02-28,24041.4765625,25005.296875,25323.162109375,24396.05859375,24396.05859375,66443708
2022-03-01,23888.671875,24846.365234375,25482.09375,24819.876953125,25270.18359375,44120762
2022-03-02,23888.671875,24846.365234375,25084.763671875,24687.43359375,24899.34375,37555878
2022-03-03,25518.603515625,26541.640625,26541.640625,25058.275390625,25217.20703125,143904583
2022-03-04,25365.796875,26382.708984375,27177.3671875,26382.708984375,27018.435546875,63006011
2022-03-07,26027.95703125,27071.4140625,27813.095703125,26488.662109375,26594.6171875,72589734
2022-03-08,25187.5234375,26197.287109375,27124.390625,26197.287109375,26806.52734375,76465543
2022-03-09,25391.265625,26409.197265625,26647.595703125,25879.423828125,26488.662109375,65641667
2022-03-10,25034.716796875,26038.35546875,26541.640625,26011.8671875,26488.662109375,50641099
2022-03-11,24245.21875,25217.20703125,26117.822265625,24819.876953125,26064.84375,83696561
2022-03-14,23328.384765625,24263.615234375,25535.0703125,24263.615234375,25058.275390625,63886388
2022-03-15,23506.65625,24449.03515625,24740.41015625,24078.1953125,24343.08203125,39383263
2022-03-16,23532.126953125,24475.525390625,24978.80859375,24475.525390625,24846.365234375,21554126
2022-03-17,23404.787109375,24343.08203125,24740.41015625,24316.591796875,24687.43359375,28234154
2022-03-18,23684.9296875,24634.45703125,24819.876953125,24396.05859375,24475.525390625,33462617
2022-03-21,23863.205078125,24819.876953125,25005.296875,24581.478515625,24740.41015625,36455596
2022-03-22,23888.671875,24846.365234375,24872.853515625,24528.501953125,24846.365234375,43349489
2022-03-23,23837.736328125,24793.388671875,25137.740234375,24793.388671875,25005.296875,32638869
2022-03-24,23633.994140625,24581.478515625,24899.34375,24554.990234375,24899.34375,28177149
2022-03-25,23633.994140625,24581.478515625,24872.853515625,24475.525390625,24660.9453125,25378026
2022-03-28,23379.318359375,24316.591796875,24819.876953125,24263.615234375,24422.546875,36818015
2022-03-29,23353.849609375,24290.103515625,24502.013671875,24263.615234375,24475.525390625,24512373
2022-03-30,23175.578125,24104.68359375,24581.478515625,24051.705078125,24263.615234375,29685718
2022-03-31,22971.8359375,23892.7734375,24343.08203125,23733.841796875,24184.1484375,35661105
2022-04-01,23277.447265625,24210.638671875,24369.5703125,23574.91015625,23839.796875,37189306
2022-04-04,23353.849609375,24290.103515625,24528.501953125,24237.126953125,24369.5703125,22946231
2022-04-05,23481.1875,24422.546875,24581.478515625,24343.08203125,24369.5703125,22885639
2022-04-06,24066.947265625,25031.787109375,25402.626953125,24369.5703125,24369.5703125,56075688
2022-04-07,23710.3984375,24660.9453125,25217.20703125,24660.9453125,25164.23046875,27394550
2022-04-08,23633.994140625,24581.478515625,24925.83203125,24554.990234375,24766.900390625,25933358
2022-04-11,23633.994140625,24581.478515625,24581.478515625,24581.478515625,24581.478515625,0
2022-04-12,22971.8359375,23892.7734375,24634.45703125,23866.28515625,24634.45703125,34417554
2022-04-13,23022.771484375,23945.751953125,24078.1953125,23680.865234375,23998.728515625,23996303
2022-04-14,22869.96484375,23786.818359375,24131.171875,23786.818359375,23998.728515625,22724438
2022-04-15,22513.41796875,23415.978515625,23839.796875,23389.490234375,23786.818359375,34691256
2022-04-18,21723.921875,22594.830078125,23601.3984375,22594.830078125,23336.51171875,43765893
2022-04-19,22055.0,22939.181640625,23257.046875,22727.2734375,22780.25,35967840
2022-04-20,22004.06640625,22886.205078125,23310.0234375,22833.2265625,23045.13671875,24985783
2022-04-21,22080.466796875,22965.669921875,23363.0,22303.455078125,22780.25,33622119
2022-04-22,22309.67578125,23204.068359375,23336.51171875,22435.896484375,23310.0234375,23968744
2022-04-25,20756.1484375,21588.259765625,23204.068359375,21588.259765625,23204.068359375,54844406
2022-04-26,20985.357421875,21826.658203125,21932.61328125,20979.021484375,21270.396484375,43943516
2022-04-27,21647.517578125,22515.36328125,22727.2734375,21773.681640625,21826.658203125,35449883
2022-04-28,21953.126953125,22833.2265625,23018.6484375,22515.36328125,22515.36328125,25693633
2022-04-29,22055.0,22939.181640625,22992.16015625,22700.783203125,22727.2734375,23307707
2022-05-02,22055.0,22939.181640625,22939.181640625,22939.181640625,22939.181640625,0
2022-05-03,22055.0,22939.181640625,22939.181640625,22939.181640625,22939.181640625,0
2022-05-04,21392.841796875,22250.4765625,22939.181640625,22250.4765625,22939.181640625,28127693
2022-05-05,21418.306640625,22276.96484375,22568.33984375,21985.58984375,22568.33984375,26081535
2022-05-06,21290.96875,22144.521484375,22780.25,21932.61328125,21932.61328125,28334008
2022-05-09,20348.666015625,21164.44140625,22197.5,21164.44140625,21985.58984375,49612923
2022-05-10,20934.423828125,21773.681640625,21773.681640625,20502.224609375,20926.04296875,36694944
2022-05-11,20705.21484375,21535.283203125,21879.634765625,21482.3046875,21720.703125,18045078
2022-05-12,19482.763671875,20263.826171875,21535.283203125,20263.826171875,21508.794921875,47666807
2022-05-13,18285.78515625,19018.859375,20422.759765625,18939.39453125,20210.849609375,81162458
2022-05-16,18489.52734375,19230.76953125,19866.498046875,19230.76953125,19628.099609375,55475997
2022-05-17,19457.298828125,20237.337890625,20237.337890625,19071.837890625,19177.791015625,44198342
2022-05-18,19457.298828125,20237.337890625,20502.224609375,20051.91796875,20343.29296875,30339772
2022-05-19,19304.4921875,20078.40625,20184.361328125,19522.14453125,19760.54296875,30277104
2022-05-20,19177.154296875,19945.962890625,20025.4296875,19734.0546875,19972.451171875,26293135
2022-05-23,18718.736328125,19469.16796875,20237.337890625,19230.76953125,20104.89453125,19213691
2022-05-24,17776.431640625,18489.0859375,19601.611328125,18118.24609375,19469.16796875,79659173
2022-05-25,17547.22265625,18250.689453125,18515.576171875,17509.005859375,18277.177734375,74405416
2022-05-26,17827.3671875,18542.064453125,18859.927734375,18303.666015625,18542.064453125,30627820
2022-05-27,18056.578125,18780.462890625,19018.859375,18436.109375,18542.064453125,33206470
2022-05-30,18056.578125,18780.462890625,18992.37109375,18700.99609375,18806.951171875,28416874
2022-05-31,17674.560546875,18383.1328125,18727.484375,18277.177734375,18727.484375,35562761
2022-06-01,17496.287109375,18197.7109375,18436.109375,17906.3359375,18277.177734375,40856346
2022-06-02,17496.287109375,18197.7109375,18197.7109375,18197.7109375,18197.7109375,0
2022-06-03,17012.40234375,17694.427734375,18012.291015625,17614.9609375,17641.44921875,27766407
2022-06-06,16961.466796875,17641.44921875,18144.734375,17535.494140625,18091.755859375,33541519
2022-06-07,16910.53125,17588.47265625,17773.892578125,17297.09765625,17641.44921875,36574892
2022-06-08,16757.7265625,17429.541015625,17720.916015625,17350.07421875,17641.44921875,46891381
2022-06-09,17216.142578125,17906.3359375,18303.666015625,17350.07421875,17429.541015625,50927259
2022-06-10,17114.271484375,17800.380859375,18144.734375,17800.380859375,17906.3359375,28658109
2022-06-13,16197.4365234375,16846.7890625,17747.404296875,16793.8125,17482.517578125,40085073
2022-06-14,15433.4072265625,16052.1298828125,16714.345703125,15999.15234375,16687.857421875,53680323
2022-06-15,14974.9892578125,15575.333984375,16369.9931640625,15283.9580078125,15946.1748046875,54178650
2022-06-16,15789.953125,16422.970703125,16608.392578125,15840.220703125,15972.6640625,63019224
2022-06-17,15691.1044921875,15977.9619140625,16184.5732421875,15117.080078125,16150.1376953125,43904414
2022-06-20,14608.958984375,14876.033203125,15840.220703125,14876.033203125,15668.0439453125,54120250
2022-06-21,14067.88671875,14325.0693359375,14807.162109375,14118.45703125,14703.8564453125,57985765
2022-06-22,14541.32421875,14807.162109375,15151.515625,14359.50390625,14359.50390625,31134510
2022-06-23,14744.2275390625,15013.7744140625,15048.208984375,14807.162109375,14807.162109375,10056842
2022-06-24,14744.2275390625,15013.7744140625,15495.8681640625,14944.9033203125,15048.208984375,18627417
2022-06-27,15488.201171875,15771.349609375,15771.349609375,14703.8564453125,15151.515625,30113899
2022-06-28,15217.666015625,15495.8681640625,15736.9150390625,15323.69140625,15736.9150390625,25901211
2022-06-29,15386.75,15668.0439453125,15943.5263671875,15220.3857421875,15358.126953125,29316315
2022-06-30,15082.3974609375,15358.126953125,16115.7021484375,15358.126953125,15771.349609375,28968271
2022-07-01,15150.03125,15426.9970703125,15564.73828125,14841.59765625,15358.126953125,22070400
2022-07-04,14879.4951171875,15151.515625,15599.173828125,15151.515625,15599.173828125,18067526
2022-07-05,14811.8603515625,15082.64453125,15392.5615234375,14979.3388671875,15220.3857421875,21915616
2022-07-06,14507.5078125,14772.7275390625,15323.69140625,14669.421875,14944.9033203125,26475187
2022-07-07,14710.41015625,14979.3388671875,14979.3388671875,14738.2919921875,14772.7275390625,15722256
2022-07-08,15183.8486328125,15461.4326171875,15530.302734375,15151.515625,15151.515625,28321114
2022-07-11,14913.3115234375,15185.9501953125,15599.173828125,15117.080078125,15426.9970703125,18115732
2022-07-12,14913.3115234375,15185.9501953125,15185.9501953125,15185.9501953125,15185.9501953125,0
2022-07-13,15082.3974609375,15358.126953125,15702.4794921875,15254.8212890625,15289.255859375,25926476
2022-07-14,15014.7626953125,15289.255859375,15426.9970703125,15220.3857421875,15289.255859375,18179475
2022-07-15,15691.1044921875,15977.9619140625,16184.5732421875,15392.5615234375,15392.5615234375,69256334
2022-07-18,15285.298828125,15564.73828125,16046.83203125,15495.8681640625,15977.9619140625,28936908
2022-07-19,14980.9462890625,15254.8212890625,15564.73828125,15220.3857421875,15495.8681640625,23634058
2022-07-20,15116.2138671875,15392.5615234375,15668.0439453125,15358.126953125,15392.5615234375,24528781
2022-07-21,15352.9326171875,15633.6083984375,15840.220703125,15358.126953125,15392.5615234375,33459016
2022-07-22,15014.7626953125,15289.255859375,15702.4794921875,15289.255859375,15633.6083984375,24164474
2022-07-25,14811.8603515625,15082.64453125,15358.126953125,15013.7744140625,15289.255859375,30088489
2022-07-26,14642.7763671875,14910.46875,15151.515625,14876.033203125,15013.7744140625,38301146
2022-07-27,14372.2392578125,14634.986328125,14807.162109375,14497.2451171875,14772.7275390625,41528652
2022-07-28,14473.6904296875,14738.2919921875,14944.9033203125,14634.986328125,14807.162109375,34137246
2022-07-29,14541.32421875,14807.162109375,15117.080078125,14807.162109375,14876.033203125,29893195
2022-08-01,15420.5673828125,15702.4794921875,15736.9150390625,14876.033203125,14944.9033203125,55384942
2022-08-02,15488.201171875,15771.349609375,15943.5263671875,15633.6083984375,15771.349609375,40263814
2022-08-03,16063.0908203125,16356.7490234375,16425.619140625,15564.73828125,15633.6083984375,85444392
2022-08-04,15995.45703125,16287.87890625,16494.490234375,16184.5732421875,16460.0546875,43606318
2022-08-05,15758.73828125,16046.83203125,16287.87890625,15943.5263671875,16115.7021484375,61734103
2022-08-08,15961.6396484375,16253.443359375,16460.0546875,16046.83203125,16115.7021484375,44090996
2022-08-09,16299.8115234375,16597.796875,16735.537109375,16287.87890625,16460.0546875,70019215
2022-08-10,16096.9091796875,16391.185546875,16804.408203125,16391.185546875,16528.92578125,43740628
2022-08-11,15826.37109375,16115.7021484375,16632.23046875,16046.83203125,16563.361328125,49880120
2022-08-12,16198.359375,16494.490234375,16563.361328125,16012.396484375,16046.83203125,49073679
2022-08-15,16232.1767578125,16528.92578125,16666.666015625,16391.185546875,16597.796875,45757456
2022-08-16,16604.162109375,16907.712890625,17011.01953125,16528.92578125,16528.92578125,95091915
2022-08-17,16435.078125,16735.537109375,16976.583984375,16632.23046875,16942.1484375,39848542
2022-08-18,16333.6259765625,16632.23046875,16769.97265625,16563.361328125,16597.796875,33708325
2022-08-19,16063.0908203125,16356.7490234375,16701.1015625,16287.87890625,16597.796875,45675854
2022-08-22,15792.5546875,16081.267578125,16356.7490234375,15943.5263671875,16287.87890625,34555712
2022-08-23,15995.45703125,16287.87890625,16287.87890625,15909.0908203125,15909.0908203125,24230104
2022-08-24,15894.005859375,16184.5732421875,16356.7490234375,16184.5732421875,16287.87890625,17606080
2022-08-25,16130.724609375,16425.619140625,16563.361328125,16253.443359375,16356.7490234375,26512213
2022-08-26,15894.005859375,16184.5732421875,16528.92578125,16184.5732421875,16528.92578125,23914149
2022-08-29,15555.8359375,15840.220703125,16012.396484375,15599.173828125,15874.6552734375,47143536
2022-08-30,15589.65234375,15874.6552734375,16046.83203125,15805.78515625,15909.0908203125,22229684
2022-08-31,15555.8359375,15840.220703125,15943.5263671875,15668.0439453125,15840.220703125,21747184
2022-09-01,15555.8359375,15840.220703125,15840.220703125,15840.220703125,15840.220703125,0
2022-09-02,15555.8359375,15840.220703125,15840.220703125,15840.220703125,15840.220703125,0
2022-09-05,16164.5419921875,16460.0546875,16597.796875,15874.6552734375,15874.6552734375,38161609
2022-09-06,15927.822265625,16219.0078125,16666.666015625,16219.0078125,16528.92578125,22263370
2022-09-07,15555.8359375,15840.220703125,16391.185546875,15840.220703125,16219.0078125,36337026
2022-09-08,15623.4697265625,15909.0908203125,16150.1376953125,15771.349609375,15977.9619140625,29570706
2022-09-09,16096.9091796875,16391.185546875,16391.185546875,15909.0908203125,16081.267578125,37821841
2022-09-12,16096.9091796875,16391.185546875,16735.537109375,16391.185546875,16460.0546875,38000146
2022-09-13,16029.2744140625,16322.314453125,16528.92578125,16184.5732421875,16356.7490234375,21317247
2022-09-14,16029.2744140625,16322.314453125,16391.185546875,16012.396484375,16012.396484375,39246253
2022-09-15,15961.6396484375,16253.443359375,16460.0546875,16150.1376953125,16460.0546875,19936540
2022-09-16,15555.8359375,15840.220703125,16253.443359375,15840.220703125,16115.7021484375,39945536
2022-09-19,15319.1162109375,15599.173828125,16012.396484375,15461.4326171875,15909.0908203125,39899653
2022-09-20,15555.8359375,15840.220703125,15840.220703125,15564.73828125,15702.4794921875,16713972
2022-09-21,15488.201171875,15771.349609375,15805.78515625,15633.6083984375,15771.349609375,14398467
2022-09-22,15555.8359375,15840.220703125,15909.0908203125,15599.173828125,15633.6083984375,16834778
2022-09-23,15352.9326171875,15633.6083984375,15977.9619140625,15633.6083984375,15874.6552734375,21189181
2022-09-26,15150.03125,15426.9970703125,15564.73828125,15048.208984375,15461.4326171875,37571371
2022-09-27,15150.03125,15426.9970703125,15495.8681640625,15220.3857421875,15461.4326171875,13083391
2022-09-28,14744.2275390625,15013.7744140625,15461.4326171875,14876.033203125,15289.255859375,20426445
2022-09-29,14642.7763671875,14910.46875,15358.126953125,14910.46875,15254.8212890625,15001047
2022-09-30,14338.421875,14600.55078125,14910.46875,14256.1982421875,14807.162109375,33932514
2022-10-03,13357.728515625,13601.9287109375,14600.55078125,13601.9287109375,14600.55078125,48747124
2022-10-04,12749.021484375,12982.09375,13946.28125,12844.3525390625,13842.9755859375,44301100
2022-10-05,12985.7412109375,13223.140625,13326.4462890625,12982.09375,13223.140625,36759558
2022-10-06,12174.1318359375,12396.6943359375,13292.0107421875,12396.6943359375,13292.0107421875,54398889
2022-10-07,11903.595703125,12121.2119140625,12258.953125,11742.423828125,12155.6474609375,52961409
2022-10-10,12410.8515625,12637.7412109375,12809.9169921875,11845.73046875,11914.6005859375,36385958
2022-10-11,11835.9619140625,12052.341796875,12672.1767578125,11949.0361328125,12672.1767578125,38403512
2022-10-12,12647.5712890625,12878.7880859375,12878.7880859375,12052.341796875,12258.953125,42103208
2022-10-13,13188.6435546875,13429.751953125,13498.623046875,12775.482421875,12947.658203125,35135641
2022-10-14,13154.826171875,13395.31640625,13705.234375,13292.0107421875,13601.9287109375,32798647
2022-10-17,13019.55859375,13257.576171875,13326.4462890625,13016.529296875,13257.576171875,24773007
2022-10-18,12749.021484375,12982.09375,13567.4931640625,12878.7880859375,13429.751953125,35410795
2022-10-19,12444.6689453125,12672.1767578125,12982.09375,12637.7412109375,12982.09375,29382091
2022-10-20,12241.765625,12465.564453125,12809.9169921875,12431.1298828125,12637.7412109375,37799916
2022-10-21,11430.1572265625,11639.1181640625,12603.3056640625,11639.1181640625,12603.3056640625,65566366
2022-10-24,11091.9873046875,11294.765625,11742.423828125,11157.0244140625,11707.9892578125,40616941
2022-10-25,11565.42578125,11776.859375,12052.341796875,11053.71875,11294.765625,45170994
2022-10-26,11430.1572265625,11639.1181640625,11983.470703125,11604.68359375,11707.9892578125,16325852
2022-10-27,11768.3271484375,11983.470703125,12121.2119140625,11639.1181640625,11673.5537109375,31024593
2022-10-28,11362.5234375,11570.248046875,12155.6474609375,11570.248046875,11983.470703125,45308353
2022-10-31,10584.732421875,10778.2373046875,11019.2841796875,10778.2373046875,10778.2373046875,96264986
2022-11-01,10145.109375,10330.578125,11019.2841796875,10192.837890625,10847.107421875,118413939
2022-11-02,10381.8291015625,10571.625,10812.671875,10330.578125,10330.578125,58256708
2022-11-03,10280.3779296875,10468.3193359375,10640.49609375,10399.44921875,10502.7548828125,29954324
2022-11-04,9908.390625,10089.53125,10433.884765625,9986.2255859375,10330.578125,63727699
2022-11-07,9265.8671875,9435.26171875,10192.837890625,9435.26171875,10020.6611328125,55558021
2022-11-08,8893.8798828125,9056.4736328125,9435.26171875,8953.16796875,9022.0380859375,67189557
2022-11-09,8792.4287109375,8953.16796875,9366.3916015625,8918.732421875,9090.9091796875,47605417
2022-11-10,8183.7216796875,8333.3330078125,8815.4267578125,8333.3330078125,8746.556640625,115796274
2022-11-11,8318.990234375,8471.07421875,8712.12109375,8264.462890625,8471.07421875,88159777
2022-11-14,8251.3564453125,8402.2041015625,8574.3798828125,8161.1572265625,8367.7685546875,87512185
2022-11-15,8454.2587890625,8608.8154296875,8643.2509765625,8264.462890625,8264.462890625,58685193
2022-11-16,9029.1484375,9194.21484375,9194.21484375,8126.7216796875,8471.07421875,50678575
2022-11-17,9637.8544921875,9814.0498046875,9814.0498046875,9504.1318359375,9573.0029296875,31238618
2022-11-18,10212.744140625,10399.44921875,10468.3193359375,9814.0498046875,10055.0966796875,144704577
2022-11-21,10111.29296875,10296.1435546875,10502.7548828125,10158.40234375,10468.3193359375,45890314
2022-11-22,10009.8427734375,10192.837890625,10640.49609375,9951.791015625,10089.53125,62794208
2022-11-23,9333.5009765625,9504.1318359375,10227.2724609375,9504.1318359375,10123.966796875,44000682
2022-11-24,9705.48828125,9882.919921875,9917.35546875,9366.3916015625,9435.26171875,45179851
2022-11-25,10348.0126953125,10537.1904296875,10537.1904296875,9882.919921875,10055.0966796875,38527222
2022-11-28,11058.1708984375,11260.3310546875,11260.3310546875,10743.8017578125,10743.8017578125,85442794
2022-11-29,11768.3271484375,11983.470703125,12017.90625,11260.3310546875,11432.5068359375,93371586
2022-11-30,12444.6689453125,12672.1767578125,12672.1767578125,11845.73046875,12086.77734375,83811618
2022-12-01,12309.400390625,12534.435546875,13533.0576171875,12396.6943359375,12913.22265625,96685050
2022-12-02,13154.826171875,13395.31640625,13395.31640625,12258.953125,12396.6943359375,66331861
2022-12-05,13526.8134765625,13774.1044921875,14049.5869140625,13429.751953125,13636.36328125,67538037
2022-12-06,12579.9365234375,12809.9169921875,13739.6689453125,12809.9169921875,13705.234375,91149880
2022-12-07,12343.216796875,12568.8701171875,13188.705078125,12190.0830078125,12396.6943359375,50267804
2022-12-08,12782.8388671875,13016.529296875,13326.4462890625,12741.046875,13016.529296875,43478107
2022-12-09,12985.7412109375,13223.140625,13395.31640625,12741.046875,13016.529296875,50166309
2022-12-12,12579.9365234375,12809.9169921875,13464.1875,12809.9169921875,13223.140625,52028790
2022-12-13,12850.47265625,13085.3994140625,13085.3994140625,12568.8701171875,12809.9169921875,35346036
2022-12-14,12985.7412109375,13223.140625,13498.623046875,13085.3994140625,13326.4462890625,49782255
2022-12-15,13087.1923828125,13326.4462890625,13533.0576171875,13154.26953125,13154.26953125,30467461
2022-12-16,13797.349609375,14049.5869140625,14084.0224609375,13050.9638671875,13223.140625,80417277
2022-12-19,13526.8134765625,13774.1044921875,14634.986328125,13774.1044921875,14187.328125,69753499
2022-12-20,12850.47265625,13085.3994140625,13842.9755859375,12913.22265625,13636.36328125,66141213
2022-12-21,12782.8388671875,13016.529296875,13395.31640625,12465.564453125,13360.8818359375,40223594
2022-12-22,12782.8388671875,13016.529296875,13498.623046875,12878.7880859375,13154.26953125,27537470
2022-12-23,12410.8515625,12637.7412109375,13016.529296875,12465.564453125,12982.09375,36025136
2022-12-26,11565.42578125,11776.859375,12603.3056640625,11776.859375,12603.3056640625,45549240
2022-12-27,12343.216796875,12568.8701171875,12568.8701171875,11776.859375,11776.859375,34347060
2022-12-28,12309.400390625,12534.435546875,12741.046875,12362.2587890625,12672.1767578125,20779862
2022-12-29,12174.1318359375,12396.6943359375,12741.046875,12293.388671875,12603.3056640625,25297905
2022-12-30,12174.1318359375,12396.6943359375,12706.611328125,12327.8232421875,12465.564453125,20985465
2023-01-02,12174.1318359375,12396.6943359375,12396.6943359375,12396.6943359375,12396.6943359375,0
2023-01-03,13019.55859375,13257.576171875,13257.576171875,12534.435546875,12603.3056640625,40642351
2023-01-04,13121.009765625,13360.8818359375,13636.36328125,13292.0107421875,13395.31640625,29373960
2023-01-05,13391.544921875,13636.36328125,13774.1044921875,13188.705078125,13360.8818359375,31221194
2023-01-06,13121.009765625,13360.8818359375,13842.9755859375,13223.140625,13567.4931640625,28502905
2023-01-09,13256.27734375,13498.623046875,13842.9755859375,13429.751953125,13636.36328125,23500620
2023-01-10,13391.544921875,13636.36328125,13842.9755859375,13223.140625,13498.623046875,38989249
2023-01-11,13662.08203125,13911.845703125,14152.892578125,13705.234375,13774.1044921875,37329903
2023-01-12,13560.630859375,13808.5400390625,13946.28125,13705.234375,13842.9755859375,29291050
2023-01-13,13492.99609375,13739.6689453125,14015.1513671875,13705.234375,13946.28125,27841664
2023-01-16,13695.8994140625,13946.28125,14221.7626953125,13739.6689453125,13774.1044921875,32408204
2023-01-17,14642.7763671875,14910.46875,14910.46875,14084.0224609375,14084.0224609375,60380984
2023-01-18,14676.5927734375,14944.9033203125,15185.9501953125,14841.59765625,15151.515625,37534490
2023-01-19,14304.6044921875,14566.115234375,15048.208984375,14359.50390625,14876.033203125,63801460
2023-01-20,14304.6044921875,14566.115234375,14566.115234375,14566.115234375,14566.115234375,0
2023-01-23,14304.6044921875,14566.115234375,14566.115234375,14566.115234375,14566.115234375,0
2023-01-24,14304.6044921875,14566.115234375,14566.115234375,14566.115234375,14566.115234375,0
2023-01-25,14304.6044921875,14566.115234375,14566.115234375,14566.115234375,14566.115234375,0
2023-01-26,14304.6044921875,14566.115234375,14566.115234375,14566.115234375,14566.115234375,0
2023-01-27,14541.32421875,14807.162109375,14841.59765625,14359.50390625,14462.8095703125,38513428
2023-01-30,14710.41015625,14979.3388671875,15289.255859375,14703.8564453125,14944.9033203125,61479567
2023-01-31,14947.12890625,15220.3857421875,15220.3857421875,14944.9033203125,15082.64453125,40809766
2023-02-01,14270.7880859375,14531.6806640625,15599.173828125,14462.8095703125,15289.255859375,75366640
2023-02-02,14406.056640625,14669.421875,14944.9033203125,14531.6806640625,14600.55078125,36864247
2023-02-03,14270.7880859375,14531.6806640625,14841.59765625,14462.8095703125,14772.7275390625,30428547
2023-02-06,14304.6044921875,14566.115234375,14566.115234375,14152.892578125,14531.6806640625,32353899
2023-02-07,13357.728515625,13601.9287109375,14600.55078125,13567.4931640625,14566.115234375,62986888
2023-02-08,14101.703125,14359.50390625,14531.6806640625,13601.9287109375,13601.9287109375,49095750
2023-02-09,13932.6181640625,14187.328125,14634.986328125,14187.328125,14462.8095703125,23731342
2023-02-10,13864.9833984375,14118.45703125,14325.0693359375,13877.41015625,14256.1982421875,22983272
2023-02-13,13662.08203125,13911.845703125,14049.5869140625,13601.9287109375,14049.5869140625,27213093
2023-02-14,13932.6181640625,14187.328125,14393.939453125,13946.28125,13980.7158203125,25111759
2023-02-15,14067.88671875,14325.0693359375,14497.2451171875,13946.28125,14187.328125,29150642
2023-02-16,14406.056640625,14669.421875,14738.2919921875,14187.328125,14428.375,34724434
2023-02-17,14203.154296875,14462.8095703125,14703.8564453125,14462.8095703125,14669.421875,17842030
2023-02-20,14811.8603515625,15082.64453125,15082.64453125,14462.8095703125,14462.8095703125,35924948
2023-02-21,14608.958984375,14876.033203125,15358.126953125,14876.033203125,15185.9501953125,29973781
2023-02-22,14338.421875,14600.55078125,15220.3857421875,14600.55078125,14738.2919921875,47385148
2023-02-23,14541.32421875,14807.162109375,14807.162109375,14049.5869140625,14566.115234375,48772680
2023-02-24,14067.88671875,14325.0693359375,14807.162109375,14221.7626953125,14807.162109375,21195715
2023-02-27,13594.4482421875,13842.9755859375,14152.892578125,13739.6689453125,14049.5869140625,45470977
2023-02-28,13526.8134765625,13774.1044921875,14118.45703125,13705.234375,14084.0224609375,22095955
2023-03-01,14135.5205078125,14393.939453125,14393.939453125,13636.36328125,13774.1044921875,27036094
2023-03-02,13932.6181640625,14187.328125,14531.6806640625,14187.328125,14462.8095703125,12875464
2023-03-03,13763.5322265625,14015.1513671875,14531.6806640625,14015.1513671875,14325.0693359375,19759396
2023-03-06,13797.349609375,14049.5869140625,14359.50390625,14049.5869140625,14221.7626953125,16504593
2023-03-07,14270.7880859375,14531.6806640625,14703.8564453125,14152.892578125,14187.328125,42578302
2023-03-08,14338.421875,14600.55078125,14600.55078125,14325.0693359375,14393.939453125,23463739
2023-03-09,14338.421875,14600.55078125,14841.59765625,14600.55078125,14600.55078125,33795009
2023-03-10,14406.056640625,14669.421875,14772.7275390625,14462.8095703125,14566.115234375,32609451
2023-03-13,14270.7880859375,14531.6806640625,14738.2919921875,14393.939453125,14497.2451171875,30390795
2023-03-14,13729.71484375,13980.7158203125,14531.6806640625,13911.845703125,14497.2451171875,44816996
2023-03-15,14406.056640625,14669.421875,14669.421875,14187.328125,14325.0693359375,38883688
2023-03-16,14101.703125,14359.50390625,14531.6806640625,14118.45703125,14462.8095703125,43919224
2023-03-17,13797.349609375,14049.5869140625,14497.2451171875,14049.5869140625,14497.2451171875,49307887
2023-03-20,13526.8134765625,13774.1044921875,14187.328125,13774.1044921875,14049.5869140625,33379882
2023-03-21,13831.1669921875,14084.0224609375,14152.892578125,13670.798828125,13911.845703125,27675991
2023-03-22,13729.71484375,13980.7158203125,14187.328125,13877.41015625,14152.892578125,18669380
2023-03-23,13797.349609375,14049.5869140625,14049.5869140625,13808.5400390625,13911.845703125,15600142
2023-03-24,13797.349609375,14049.5869140625,14118.45703125,13980.7158203125,14084.0224609375,19877299
2023-03-27,14067.88671875,14325.0693359375,14393.939453125,14015.1513671875,14049.5869140625,29429136
2023-03-28,14000.251953125,14256.1982421875,14462.8095703125,14256.1982421875,14393.939453125,17901853
2023-03-29,14067.88671875,14325.0693359375,14531.6806640625,14256.1982421875,14256.1982421875,26053090
2023-03-30,14067.88671875,14325.0693359375,14566.115234375,14290.6337890625,14462.8095703125,30431161
2023-03-31,14067.88671875,14325.0693359375,14393.939453125,14015.1513671875,14325.0693359375,34514475
2023-04-03,14203.154296875,14462.8095703125,14531.6806640625,14359.50390625,14497.2451171875,31029966
2023-04-04,14270.7880859375,14531.6806640625,14600.55078125,14428.375,14566.115234375,28843108
2023-04-05,14541.32421875,14807.162109375,14807.162109375,14428.375,14531.6806640625,37058960
2023-04-06,14541.32421875,14807.162109375,15082.64453125,14738.2919921875,14841.59765625,40422082
2023-04-07,14338.421875,14600.55078125,14876.033203125,14531.6806640625,14807.162109375,26953476
2023-04-10,14000.251953125,14256.1982421875,14703.8564453125,14187.328125,14634.986328125,38544356
2023-04-11,14067.88671875,14325.0693359375,14359.50390625,14187.328125,14256.1982421875,20932322
2023-04-12,14034.0693359375,14290.6337890625,14393.939453125,14221.7626953125,14393.939453125,15446666
2023-04-13,13831.1669921875,14084.0224609375,14325.0693359375,14015.1513671875,14325.0693359375,21362404
2023-04-14,13966.4345703125,14221.7626953125,14359.50390625,14118.45703125,14152.892578125,19758670
2023-04-17,14101.703125,14359.50390625,14393.939453125,14187.328125,14187.328125,13468026
2023-04-18,14169.337890625,14428.375,14462.8095703125,14325.0693359375,14393.939453125,16802108
2023-04-19,14067.88671875,14325.0693359375,14497.2451171875,14325.0693359375,14497.2451171875,15215653
2023-04-20,14067.88671875,14325.0693359375,14393.939453125,14290.6337890625,14325.0693359375,9510164
2023-04-21,14000.251953125,14256.1982421875,14359.50390625,14256.1982421875,14325.0693359375,16180942
2023-04-24,13966.4345703125,14221.7626953125,14325.0693359375,14152.892578125,14256.1982421875,15355045
2023-04-25,14236.9716796875,14497.2451171875,14634.986328125,14256.1982421875,14325.0693359375,26807114
2023-04-26,14879.4951171875,15151.515625,15151.515625,14393.939453125,14497.2451171875,38940752
2023-04-27,14676.5927734375,14944.9033203125,15151.515625,14876.033203125,15151.515625,24883359
2023-04-28,14642.7763671875,14910.46875,15013.7744140625,14738.2919921875,14944.9033203125,22871758
2023-05-01,14642.7763671875,14910.46875,14910.46875,14910.46875,14910.46875,0
2023-05-02,14642.7763671875,14910.46875,14910.46875,14910.46875,14910.46875,0
2023-05-03,14642.7763671875,14910.46875,14910.46875,14910.46875,14910.46875,0
2023-05-04,14406.056640625,14669.421875,14876.033203125,14600.55078125,14772.7275390625,24019564
2023-05-05,14507.5078125,14772.7275390625,14944.9033203125,14600.55078125,14669.421875,15662143
2023-05-08,14608.958984375,14876.033203125,14979.3388671875,14772.7275390625,14841.59765625,15175142
2023-05-09,14744.2275390625,15013.7744140625,15254.8212890625,14876.033203125,14876.033203125,32544837
2023-05-10,14676.5927734375,14944.9033203125,15082.64453125,14910.46875,15013.7744140625,12689028
2023-05-11,14710.41015625,14979.3388671875,15117.080078125,14876.033203125,15013.7744140625,19805425
2023-05-12,15116.2138671875,15392.5615234375,15495.8681640625,14876.033203125,14979.3388671875,65492895
2023-05-15,14947.12890625,15220.3857421875,15564.73828125,15220.3857421875,15461.4326171875,25690381
2023-05-16,14879.4951171875,15151.515625,15358.126953125,15082.64453125,15220.3857421875,25852860
2023-05-17,14744.2275390625,15013.7744140625,15220.3857421875,14979.3388671875,15151.515625,37750112
2023-05-18,14845.677734375,15117.080078125,15289.255859375,15013.7744140625,15082.64453125,27022736
2023-05-19,14744.2275390625,15013.7744140625,15220.3857421875,14910.46875,15151.515625,16717311
2023-05-22,14811.8603515625,15082.64453125,15220.3857421875,14979.3388671875,15013.7744140625,21590368
2023-05-23,14676.5927734375,14944.9033203125,15185.9501953125,14876.033203125,15117.080078125,19776385
2023-05-24,14676.5927734375,14944.9033203125,14944.9033203125,14944.9033203125,14944.9033203125,0
2023-05-25,14338.421875,14600.55078125,14772.7275390625,14600.55078125,14669.421875,19251342
2023-05-26,14270.7880859375,14531.6806640625,14738.2919921875,14359.50390625,14669.421875,23360066
2023-05-29,14507.5078125,14772.7275390625,14772.7275390625,14600.55078125,14669.421875,16105293
2023-05-30,14439.873046875,14703.8564453125,14876.033203125,14634.986328125,14807.162109375,19540870
2023-05-31,14338.421875,14600.55078125,14772.7275390625,14566.115234375,14738.2919921875,19000436
2023-06-01,14473.6904296875,14738.2919921875,14738.2919921875,14497.2451171875,14566.115234375,15734162
2023-06-02,14608.958984375,14876.033203125,15013.7744140625,14772.7275390625,14807.162109375,27394158
2023-06-05,14642.7763671875,14910.46875,15185.9501953125,14876.033203125,15013.7744140625,29104323
2023-06-06,14710.41015625,14979.3388671875,15048.208984375,14841.59765625,14944.9033203125,17133454
2023-06-07,15285.298828125,15564.73828125,15702.4794921875,15151.515625,15151.515625,80607199
2023-06-08,15420.5673828125,15702.4794921875,15943.5263671875,15633.6083984375,15633.6083984375,61741072
2023-06-09,15488.201171875,15771.349609375,15771.349609375,15495.8681640625,15702.4794921875,34664467
2023-06-12,15522.0185546875,15805.78515625,15943.5263671875,15495.8681640625,15909.0908203125,32262278
2023-06-13,15826.37109375,16115.7021484375,16150.1376953125,15771.349609375,15840.220703125,53643268
2023-06-14,15623.4697265625,15909.0908203125,16150.1376953125,15909.0908203125,16150.1376953125,34086861
2023-06-15,15657.287109375,15943.5263671875,16012.396484375,15840.220703125,15840.220703125,25371231
2023-06-16,15860.1884765625,16150.1376953125,16391.185546875,15943.5263671875,16012.396484375,47930520
2023-06-19,15792.5546875,16081.267578125,16184.5732421875,16046.83203125,16150.1376953125,19138666
2023-06-20,15995.45703125,16287.87890625,16287.87890625,16046.83203125,16081.267578125,21211251
2023-06-21,16637.98046875,16942.1484375,16976.583984375,16184.5732421875,16322.314453125,51699766
2023-06-22,16637.98046875,16942.1484375,16942.1484375,16942.1484375,16942.1484375,0
2023-06-23,17179.052734375,17493.11328125,17596.41796875,17045.455078125,17114.32421875,42336399
2023-06-26,17043.78515625,17355.37109375,17561.984375,17011.01953125,17493.11328125,29619638
2023-06-27,17449.58984375,17768.595703125,17768.595703125,17286.501953125,17458.677734375,28957381
2023-06-28,17990.662109375,18319.55859375,18388.4296875,17837.46484375,17906.3359375,44014911
2023-06-29,17449.58984375,17768.595703125,18388.4296875,17768.595703125,18353.994140625,53438972
2023-06-30,17686.30859375,18009.642578125,18044.076171875,17665.2890625,17699.724609375,33495607
2023-07-03,17720.125,18044.076171875,18216.25390625,17837.46484375,18044.076171875,24766909
2023-07-04,17753.94140625,18078.51171875,18078.51171875,17837.46484375,18009.642578125,28645346
2023-07-05,18227.380859375,18560.60546875,18732.783203125,18078.51171875,18181.818359375,46179408
2023-07-06,18261.197265625,18595.041015625,18698.34765625,18250.689453125,18526.169921875,40091462
2023-07-07,18565.552734375,18904.958984375,18904.958984375,18250.689453125,18526.169921875,32836399
2023-07-10,18734.63671875,19077.134765625,19249.310546875,18836.087890625,18904.958984375,35236700
2023-07-11,18464.099609375,18801.65234375,19318.181640625,18767.216796875,19146.005859375,34868763
2023-07-12,18261.197265625,18595.041015625,18904.958984375,18353.994140625,18801.65234375,40304906
2023-07-13,18295.015625,18629.4765625,18939.39453125,18526.169921875,18939.39453125,20338018
2023-07-14,18599.369140625,18939.39453125,18939.39453125,18629.4765625,18698.34765625,24797836
2023-07-17,18464.099609375,18801.65234375,19111.5703125,18732.783203125,19077.134765625,18200674
2023-07-18,18396.466796875,18732.783203125,18836.087890625,18629.4765625,18801.65234375,18008430
2023-07-19,18531.734375,18870.5234375,19077.134765625,18629.4765625,18663.912109375,22329291
2023-07-20,19072.80859375,19421.48828125,19421.48828125,18801.65234375,18801.65234375,44816415
2023-07-21,19208.07421875,19559.228515625,19559.228515625,19352.6171875,19524.79296875,26797966
2023-07-24,19106.625,19455.923828125,19696.96875,19283.74609375,19593.6640625,24922708
2023-07-25,19106.625,19455.923828125,19524.79296875,19283.74609375,19455.923828125,29366990
2023-07-26,19208.07421875,19559.228515625,19593.6640625,19387.052734375,19455.923828125,33205207
2023-07-27,19208.07421875,19559.228515625,19765.83984375,19352.6171875,19559.228515625,30950686
2023-07-28,19140.44140625,19490.357421875,19696.96875,19387.052734375,19559.228515625,32963594
2023-07-31,19072.80859375,19421.48828125,19455.923828125,18836.087890625,19421.48828125,66108688
2023-08-01,18599.369140625,18939.39453125,19352.6171875,18939.39453125,19352.6171875,40672552
2023-08-02,18599.369140625,18939.39453125,19180.44140625,18767.216796875,18870.5234375,26896848
2023-08-03,18159.748046875,18491.736328125,18939.39453125,18250.689453125,18836.087890625,84258979
2023-08-04,18497.91796875,18836.087890625,18939.39453125,18457.30078125,18457.30078125,32191856
2023-08-07,18633.1875,18973.830078125,19111.5703125,18801.65234375,18973.830078125,33529438
2023-08-08,18396.466796875,18732.783203125,19214.876953125,18698.34765625,19008.263671875,37125316
2023-08-09,18802.271484375,19146.005859375,19180.44140625,18629.4765625,18732.783203125,61946385
2023-08-10,18497.91796875,18836.087890625,19214.876953125,18801.65234375,19214.876953125,24777944
2023-08-11,18734.63671875,19077.134765625,19111.5703125,18698.34765625,18870.5234375,33950664
2023-08-14,19038.990234375,19387.052734375,19524.79296875,19042.69921875,19146.005859375,65262172
2023-08-15,18903.720703125,19249.310546875,19455.923828125,19180.44140625,19387.052734375,26046702
2023-08-16,18903.720703125,19249.310546875,19283.74609375,19042.69921875,19249.310546875,21772014
2023-08-17,19005.173828125,19352.6171875,19765.83984375,19283.74609375,19283.74609375,67670024
2023-08-18,17923.029296875,18250.689453125,19283.74609375,18044.076171875,19214.876953125,67312396
2023-08-21,17720.125,18044.076171875,18285.123046875,17837.46484375,18216.25390625,45652767
2023-08-22,17686.30859375,18009.642578125,18147.3828125,17286.501953125,18044.076171875,51069308
2023-08-23,17348.138671875,17665.2890625,18216.25390625,17665.2890625,18147.3828125,31616283
2023-08-24,17787.759765625,18112.947265625,18112.947265625,17630.853515625,17665.2890625,24098698
2023-08-25,17551.041015625,17871.900390625,18181.818359375,17871.900390625,18044.076171875,31722860
2023-08-28,18159.748046875,18491.736328125,18491.736328125,17906.3359375,17906.3359375,33134349
2023-08-29,18261.197265625,18595.041015625,18698.34765625,18388.4296875,18526.169921875,26091859
2023-08-30,18396.466796875,18732.783203125,18767.216796875,18422.865234375,18595.041015625,29248507
2023-08-31,18667.001953125,19008.263671875,19214.876953125,18801.65234375,18870.5234375,37656313
2023-09-01,18667.001953125,19008.263671875,19008.263671875,19008.263671875,19008.263671875,0
2023-09-04,18667.001953125,19008.263671875,19008.263671875,19008.263671875,19008.263671875,0
2023-09-05,18802.271484375,19146.005859375,19249.310546875,18767.216796875,19146.005859375,35576323
2023-09-06,19613.87890625,19972.451171875,19972.451171875,18870.5234375,19111.5703125,76338319
2023-09-07,19377.16015625,19731.404296875,20179.0625,19628.099609375,19972.451171875,48891453
2023-09-08,19444.794921875,19800.275390625,20075.7578125,19559.228515625,19628.099609375,49068452
2023-09-11,18937.5390625,19283.74609375,20006.88671875,19111.5703125,19972.451171875,69256770
2023-09-12,19444.794921875,19800.275390625,19800.275390625,19077.134765625,19283.74609375,32837560
2023-09-13,19208.07421875,19559.228515625,20247.93359375,19455.923828125,19834.7109375,71428816
2023-09-14,18802.271484375,19146.005859375,19662.53515625,19111.5703125,19559.228515625,50361168
2023-09-15,18667.001953125,19008.263671875,19352.6171875,19008.263671875,19214.876953125,35937871
2023-09-18,18667.001953125,19008.263671875,19352.6171875,18732.783203125,19008.263671875,30334022
2023-09-19,19038.990234375,19387.052734375,19387.052734375,18939.39453125,19283.74609375,30539770
2023-09-20,19208.07421875,19559.228515625,19662.53515625,19318.181640625,19387.052734375,38624216
2023-09-21,19208.07421875,19559.228515625,20041.322265625,19387.052734375,19559.228515625,62321582
2023-09-22,18464.099609375,18801.65234375,19249.310546875,18422.865234375,19111.5703125,73447242
2023-09-25,17584.857421875,17906.3359375,18939.39453125,17699.724609375,18595.041015625,53540031
2023-09-26,17720.125,18044.076171875,18457.30078125,17803.03125,17803.03125,44777647
2023-09-27,17923.029296875,18250.689453125,18388.4296875,18009.642578125,18009.642578125,29512335
2023-09-28,17990.662109375,18319.55859375,18491.736328125,18044.076171875,18319.55859375,24048895
2023-09-29,17787.759765625,18112.947265625,18491.736328125,18078.51171875,18457.30078125,21807733
2023-10-02,17720.125,18044.076171875,18216.25390625,17906.3359375,18112.947265625,16570659
2023-10-03,16773.25,17079.890625,17975.20703125,17011.01953125,17975.20703125,59006376
2023-10-04,17077.6015625,17389.806640625,17561.984375,16528.92578125,16873.27734375,30630230
2023-10-05,16840.8828125,17148.759765625,17561.984375,17114.32421875,17493.11328125,15135793
2023-10-06,16874.69921875,17183.1953125,17424.2421875,16976.583984375,17114.32421875,22143000
2023-10-09,17246.6875,17561.984375,17630.853515625,17183.1953125,17183.1953125,16599264
2023-10-10,17584.857421875,17906.3359375,18078.51171875,17630.853515625,17699.724609375,29046824
2023-10-11,17720.125,18044.076171875,18078.51171875,17768.595703125,18009.642578125,19605194
2023-10-12,17449.58984375,17768.595703125,18112.947265625,17630.853515625,18112.947265625,32022843
2023-10-13,17415.7734375,17734.16015625,17734.16015625,17252.06640625,17630.853515625,28418544
2023-10-16,16908.517578125,17217.630859375,17768.595703125,17217.630859375,17734.16015625,23529660
2023-10-17,16773.25,17079.890625,17527.548828125,17079.890625,17355.37109375,21352386
2023-10-18,16232.1767578125,16528.92578125,17183.1953125,15977.9619140625,17079.890625,44910505
2023-10-19,16029.2744140625,16322.314453125,16666.666015625,16150.1376953125,16597.796875,30213361
2023-10-20,16468.896484375,16769.97265625,16769.97265625,16081.267578125,16322.314453125,23767933
2023-10-23,16232.1767578125,16528.92578125,16769.97265625,16322.314453125,16769.97265625,17349512
2023-10-24,16232.1767578125,16528.92578125,16804.408203125,16287.87890625,16563.361328125,14103421
2023-10-25,16265.994140625,16563.361328125,16942.1484375,16563.361328125,16563.361328125,17514169
2023-10-26,15420.5673828125,15702.4794921875,16425.619140625,15564.73828125,16391.185546875,45056431
2023-10-27,15792.5546875,16081.267578125,16184.5732421875,15736.9150390625,16012.396484375,21803522
2023-10-30,15555.8359375,15840.220703125,16356.7490234375,15840.220703125,16081.267578125,23483922
2023-10-31,15555.8359375,15840.220703125,16184.5732421875,15771.349609375,16184.5732421875,30189984
2023-11-01,16198.359375,16494.490234375,16494.490234375,15805.78515625,15840.220703125,27796797
2023-11-02,17077.6015625,17389.806640625,17630.853515625,16597.796875,16666.666015625,38683893
2023-11-03,16976.15234375,17286.501953125,17561.984375,17045.455078125,17493.11328125,29763531
2023-11-06,17415.7734375,17734.16015625,17837.46484375,17355.37109375,17458.677734375,29592050
2023-11-07,17449.58984375,17768.595703125,18044.076171875,17527.548828125,17768.595703125,28839188
2023-11-08,18227.380859375,18560.60546875,18560.60546875,17630.853515625,17768.595703125,50603942
2023-11-09,18058.296875,18388.4296875,18870.5234375,18319.55859375,18560.60546875,45537043
2023-11-10,17923.029296875,18250.689453125,18663.912109375,18147.3828125,18181.818359375,40700140
2023-11-13,18396.466796875,18732.783203125,19008.263671875,18250.689453125,18250.689453125,63889016
2023-11-14,18261.197265625,18595.041015625,18939.39453125,18388.4296875,18870.5234375,33769454
2023-11-15,18261.197265625,18595.041015625,19146.005859375,18595.041015625,18973.830078125,50264319
2023-11-16,18396.466796875,18732.783203125,18732.783203125,18457.30078125,18491.736328125,23610972
2023-11-17,17923.029296875,18250.689453125,18870.5234375,18112.947265625,18732.783203125,55948464
2023-11-20,18024.478515625,18353.994140625,18526.169921875,17975.20703125,17975.20703125,26499000
2023-11-21,18295.015625,18629.4765625,18939.39453125,18560.60546875,18595.041015625,38773046
2023-11-22,18396.466796875,18732.783203125,18732.783203125,18526.169921875,18595.041015625,24705925
2023-11-23,17483.408203125,17803.03125,18836.087890625,17803.03125,18801.65234375,31485894
2023-11-24,17855.39453125,18181.818359375,18181.818359375,17596.41796875,17906.3359375,38083782
2023-11-27,17787.759765625,18112.947265625,18422.865234375,18044.076171875,18250.689453125,24284119
2023-11-28,18058.296875,18388.4296875,18388.4296875,17940.771484375,18181.818359375,27389947
2023-11-29,18261.197265625,18595.041015625,18663.912109375,18353.994140625,18388.4296875,32674356
2023-11-30,17956.84375,18285.123046875,18732.783203125,18285.123046875,18663.912109375,30794161
2023-12-01,18193.5625,18526.169921875,18663.912109375,18216.25390625,18457.30078125,22360945
2023-12-04,18599.369140625,18939.39453125,19111.5703125,18629.4765625,18732.783203125,61480438
2023-12-05,18430.283203125,18767.216796875,18973.830078125,18698.34765625,18939.39453125,32686117
2023-12-06,18667.001953125,19008.263671875,19008.263671875,18732.783203125,18767.216796875,27077041
2023-12-07,18667.001953125,19008.263671875,19214.876953125,18560.60546875,19042.69921875,71773666
2023-12-08,18734.63671875,19077.134765625,19455.923828125,18939.39453125,19146.005859375,76641932
2023-12-11,18599.369140625,18939.39453125,19146.005859375,18801.65234375,19077.134765625,25911520
2023-12-12,18903.720703125,19249.310546875,19421.48828125,18939.39453125,18939.39453125,46001973
2023-12-13,18497.91796875,18836.087890625,19421.48828125,18801.65234375,19352.6171875,48420860
2023-12-14,18295.015625,18629.4765625,18973.830078125,18629.4765625,18973.830078125,46140930
2023-12-15,18125.9296875,18457.30078125,18732.783203125,18422.865234375,18663.912109375,50365088
2023-12-18,17990.662109375,18319.55859375,18595.041015625,18319.55859375,18526.169921875,21599661
2023-12-19,18396.466796875,18732.783203125,18732.783203125,18285.123046875,18319.55859375,29760482
2023-12-20,18396.466796875,18732.783203125,18836.087890625,18663.912109375,18732.783203125,25644643
2023-12-21,18396.466796875,18732.783203125,18801.65234375,18560.60546875,18663.912109375,20774344
2023-12-22,18295.015625,18629.4765625,18836.087890625,18629.4765625,18732.783203125,25307053
2023-12-25,18565.552734375,18904.958984375,19008.263671875,18698.34765625,18698.34765625,29631399
2023-12-26,18802.271484375,19146.005859375,19214.876953125,18870.5234375,18870.5234375,48995852
2023-12-27,18768.453125,19111.5703125,19283.74609375,19111.5703125,19180.44140625,28825249
2023-12-28,18903.720703125,19249.310546875,19421.48828125,19042.69921875,19111.5703125,45459506
2023-12-29,18903.720703125,19249.310546875,19352.6171875,19146.005859375,19249.310546875,29718229
2024-01-01,18903.720703125,19249.310546875,19249.310546875,19249.310546875,19249.310546875,0
2024-01-02,18565.552734375,18904.958984375,19387.052734375,18904.958984375,19352.6171875,32215814
2024-01-03,18802.271484375,19146.005859375,19146.005859375,18870.5234375,18870.5234375,26971480
2024-01-04,18768.453125,19111.5703125,19352.6171875,19077.134765625,19146.005859375,55958192
2024-01-05,18802.271484375,19146.005859375,19214.876953125,18973.830078125,19111.5703125,25168096
2024-01-08,18836.087890625,19180.44140625,19455.923828125,19180.44140625,19249.310546875,45366142
2024-01-09,18734.63671875,19077.134765625,19249.310546875,18939.39453125,19214.876953125,41561902
2024-01-10,18497.91796875,18836.087890625,19111.5703125,18767.216796875,19077.134765625,47396910
2024-01-11,18599.369140625,18939.39453125,19042.69921875,18870.5234375,18904.958984375,22164634
2024-01-12,18362.650390625,18698.34765625,18904.958984375,18629.4765625,18836.087890625,41565678
2024-01-15,18328.83203125,18663.912109375,18904.958984375,18663.912109375,18732.783203125,18145789
2024-01-16,18802.271484375,19146.005859375,19146.005859375,18629.4765625,18663.912109375,28701974
2024-01-17,18700.818359375,19042.69921875,19249.310546875,19042.69921875,19180.44140625,33991610
2024-01-18,18700.818359375,19042.69921875,19180.44140625,19008.263671875,19077.134765625,18351828
2024-01-19,18802.271484375,19146.005859375,19214.876953125,19008.263671875,19111.5703125,21576574
2024-01-22,19140.44140625,19490.357421875,19731.404296875,19180.44140625,19283.74609375,95930590
2024-01-23,19174.2578125,19524.79296875,19628.099609375,19455.923828125,19593.6640625,31476891
2024-01-24,19106.625,19455.923828125,19628.099609375,19455.923828125,19490.357421875,23430778
2024-01-25,19106.625,19455.923828125,19455.923828125,19455.923828125,19455.923828125,0
2024-01-26,19174.2578125,19524.79296875,19628.099609375,19455.923828125,19559.228515625,20868579
2024-01-29,18937.5390625,19283.74609375,19559.228515625,19283.74609375,19524.79296875,31326900
2024-01-30,18937.5390625,19283.74609375,19352.6171875,19180.44140625,19283.74609375,25452398
2024-01-31,18768.453125,19111.5703125,19352.6171875,19111.5703125,19249.310546875,35511418
2024-02-01,18836.087890625,19180.44140625,19352.6171875,19077.134765625,19111.5703125,15443617
2024-02-02,18836.087890625,19180.44140625,19180.44140625,19180.44140625,19180.44140625,0
2024-02-05,18937.5390625,19283.74609375,19490.357421875,19214.876953125,19214.876953125,23567702
2024-02-06,18971.35546875,19318.181640625,19455.923828125,19283.74609375,19387.052734375,21286755
2024-02-07,19038.990234375,19387.052734375,19490.357421875,19318.181640625,19318.181640625,20049651
2024-02-08,19038.990234375,19387.052734375,19387.052734375,19387.052734375,19387.052734375,0
2024-02-09,19038.990234375,19387.052734375,19387.052734375,19387.052734375,19387.052734375,0
2024-02-12,19038.990234375,19387.052734375,19387.052734375,19387.052734375,19387.052734375,0
2024-02-13,19038.990234375,19387.052734375,19387.052734375,19387.052734375,19387.052734375,0
2024-02-14,19038.990234375,19387.052734375,19387.052734375,19387.052734375,19387.052734375,0
2024-02-15,19410.9765625,19765.83984375,19903.58203125,19455.923828125,19490.357421875,53703381
2024-02-16,19343.341796875,19696.96875,19834.7109375,19696.96875,19800.275390625,24275697
2024-02-19,19749.1484375,20110.193359375,20247.93359375,19593.6640625,19731.404296875,61384897
2024-02-20,19749.1484375,20110.193359375,20213.498046875,20006.88671875,20110.193359375,31060748
2024-02-21,19478.611328125,19834.7109375,20075.7578125,19765.83984375,20041.322265625,45853579
2024-02-22,19309.52734375,19662.53515625,19834.7109375,19662.53515625,19765.83984375,32544111
2024-02-23,19208.07421875,19559.228515625,19869.146484375,19559.228515625,19662.53515625,39640761
2024-02-26,19478.611328125,19834.7109375,19834.7109375,19490.357421875,19559.228515625,27909908
2024-02-27,20526.939453125,20902.203125,20971.07421875,19834.7109375,19903.58203125,126093858
2024-02-28,20696.025390625,21074.380859375,21315.427734375,20764.462890625,20936.638671875,51113013
2024-02-29,20966.560546875,21349.861328125,21453.16796875,21005.509765625,21177.685546875,48758886
2024-03-01,20865.109375,21246.556640625,21487.603515625,21108.814453125,21487.603515625,39144032
2024-03-04,20831.29296875,21212.12109375,21625.34375,21143.25,21349.861328125,41497434
2024-03-05,21068.01171875,21453.16796875,21556.474609375,21143.25,21212.12109375,43439774
2024-03-06,20831.29296875,21212.12109375,21453.16796875,21005.509765625,21418.732421875,40742248
2024-03-07,20966.560546875,21349.861328125,21590.908203125,21074.380859375,21143.25,46844714
2024-03-08,20493.123046875,20867.76953125,21384.296875,20833.333984375,21349.861328125,68711834
2024-03-11,20222.5859375,20592.287109375,21074.380859375,20523.416015625,20867.76953125,44162725
2024-03-12,20425.48828125,20798.8984375,20936.638671875,20523.416015625,20557.8515625,43756600
2024-03-13,20831.29296875,21212.12109375,21246.556640625,20730.02734375,20798.8984375,42640884
2024-03-14,20526.939453125,20902.203125,21280.9921875,20833.333984375,21280.9921875,44683848
2024-03-15,20357.853515625,20730.02734375,21143.25,20661.15625,20902.203125,52016012
2024-03-18,20019.685546875,20385.67578125,20798.8984375,19972.451171875,20764.462890625,72746216
2024-03-19,20154.953125,20523.416015625,21074.380859375,20247.93359375,20316.8046875,39165522
2024-03-20,20290.21875,20661.15625,20730.02734375,20488.98046875,20557.8515625,18834182
2024-03-21,20459.306640625,20833.333984375,21039.9453125,20730.02734375,20902.203125,29000215
2024-03-22,20662.208984375,21039.9453125,21143.25,20798.8984375,20902.203125,54281713
2024-03-25,20425.48828125,20798.8984375,21315.427734375,20695.591796875,21039.9453125,31000490
2024-03-26,20662.208984375,21039.9453125,21039.9453125,20730.02734375,20798.8984375,17389587
2024-03-27,20696.025390625,21074.380859375,21418.732421875,21074.380859375,21280.9921875,35326434
2024-03-28,20662.208984375,21039.9453125,21246.556640625,20971.07421875,21246.556640625,27753092
2024-03-29,20459.306640625,20833.333984375,21074.380859375,20833.333984375,21074.380859375,21521253
2024-04-01,20357.853515625,20730.02734375,20902.203125,20626.72265625,20798.8984375,30142648
2024-04-02,20560.755859375,20936.638671875,20936.638671875,20523.416015625,20592.287109375,38185276
2024-04-03,20256.404296875,20626.72265625,20971.07421875,20626.72265625,20902.203125,31203189
2024-04-04,20019.685546875,20385.67578125,20695.591796875,20351.240234375,20626.72265625,38291127
2024-04-05,19918.232421875,20282.369140625,20488.98046875,20144.62890625,20282.369140625,34875297
2024-04-08,20019.685546875,20385.67578125,20523.416015625,20179.0625,20282.369140625,24261177
2024-04-09,20222.5859375,20592.287109375,20592.287109375,20351.240234375,20385.67578125,14284776
2024-04-10,20053.5,20420.109375,20730.02734375,20420.109375,20626.72265625,16167148
2024-04-11,20222.5859375,20592.287109375,20764.462890625,20282.369140625,20282.369140625,27945482
2024-04-12,20256.404296875,20626.72265625,20730.02734375,20557.8515625,20661.15625,20207338
2024-04-15,19275.708984375,19628.099609375,20626.72265625,19352.6171875,20557.8515625,45167799
2024-04-16,19174.2578125,19524.79296875,19662.53515625,19180.44140625,19628.099609375,48531938
2024-04-17,18937.5390625,19283.74609375,19662.53515625,19214.876953125,19628.099609375,22614900
2024-04-18,18937.5390625,19283.74609375,19283.74609375,19283.74609375,19283.74609375,0
2024-04-19,18802.271484375,19146.005859375,19524.79296875,18939.39453125,19146.005859375,37953102
2024-04-22,18937.5390625,19283.74609375,19421.48828125,19180.44140625,19421.48828125,17991586
2024-04-23,18667.001953125,19008.263671875,19318.181640625,18904.958984375,19283.74609375,26658574
2024-04-24,19478.611328125,19834.7109375,19938.015625,19111.5703125,19214.876953125,33471504
2024-04-25,19309.52734375,19662.53515625,19765.83984375,19490.357421875,19765.83984375,16315252
2024-04-26,19208.07421875,19559.228515625,19662.53515625,19318.181640625,19490.357421875,26577408
2024-04-29,19208.07421875,19559.228515625,19559.228515625,19559.228515625,19559.228515625,0
2024-04-30,19208.07421875,19559.228515625,19559.228515625,19559.228515625,19559.228515625,0
2024-05-01,19208.07421875,19559.228515625,19559.228515625,19559.228515625,19559.228515625,0
2024-05-02,19174.2578125,19524.79296875,19559.228515625,19318.181640625,19559.228515625,10631689
2024-05-03,19377.16015625,19731.404296875,20041.322265625,19524.79296875,19524.79296875,24269889
2024-05-06,19816.78125,20179.0625,20213.498046875,19834.7109375,19869.146484375,39361106
2024-05-07,20391.671875,20764.462890625,20798.8984375,20144.62890625,20247.93359375,43762118
2024-05-08,20763.658203125,21143.25,21349.861328125,20488.98046875,20764.462890625,49788789
2024-05-09,20594.57421875,20971.07421875,21280.9921875,20695.591796875,21280.9921875,28201760
2024-05-10,20594.57421875,20971.07421875,21108.814453125,20626.72265625,21074.380859375,27561718
2024-05-13,20425.48828125,20798.8984375,21108.814453125,20730.02734375,21039.9453125,19125018
2024-05-14,20425.48828125,20798.8984375,21143.25,20730.02734375,20936.638671875,22744128
2024-05-15,21101.830078125,21487.603515625,21590.908203125,20833.333984375,20833.333984375,65500155
2024-05-16,21372.365234375,21763.0859375,21935.26171875,21659.779296875,21763.0859375,39790462
2024-05-17,21372.365234375,21763.0859375,21763.0859375,21453.16796875,21763.0859375,41586586
2024-05-20,21642.90234375,22038.568359375,22141.873046875,21763.0859375,21797.521484375,67503480
2024-05-21,21541.451171875,21935.26171875,22038.568359375,21659.779296875,22038.568359375,30293802
2024-05-22,21169.46484375,21556.474609375,22004.1328125,21453.16796875,21935.26171875,57764480
2024-05-23,21947.25390625,22348.484375,22348.484375,21666.666015625,21856.060546875,49988664
2024-05-24,21500.87109375,21893.939453125,22348.484375,21590.908203125,22196.96875,39800244
2024-05-27,21500.87109375,21893.939453125,22196.96875,21704.544921875,21893.939453125,20802012
2024-05-28,21686.865234375,22083.333984375,22121.212890625,21818.181640625,21969.697265625,23185272
2024-05-29,21277.677734375,21666.666015625,22159.091796875,21666.666015625,22045.455078125,28511208
2024-05-30,21017.287109375,21401.515625,21628.787109375,21212.12109375,21590.908203125,35980164
2024-05-31,21277.677734375,21666.666015625,21818.181640625,21250.0,21515.15234375,23412576
2024-06-03,21277.677734375,21666.666015625,21666.666015625,21666.666015625,21666.666015625,0
2024-06-04,21798.458984375,22196.96875,22575.7578125,21969.697265625,21969.697265625,52343676
2024-06-05,21761.26171875,22159.091796875,22348.484375,22045.455078125,22196.96875,25338456
2024-06-06,21798.458984375,22196.96875,22462.12109375,21893.939453125,22159.091796875,27485832
2024-06-07,21798.458984375,22196.96875,22272.7265625,22045.455078125,22234.84765625,19645428
2024-06-10,21798.458984375,22196.96875,22310.60546875,22083.333984375,22272.7265625,26742804
2024-06-11,21649.666015625,22045.455078125,22462.12109375,22007.576171875,22272.7265625,35622048
2024-06-12,22021.65234375,22424.2421875,22424.2421875,21969.697265625,21969.697265625,25455408
2024-06-13,21947.25390625,22348.484375,22500.0,22196.96875,22462.12109375,27124284
2024-06-14,21649.666015625,22045.455078125,22689.39453125,22045.455078125,22348.484375,45265968
2024-06-17,21910.056640625,22310.60546875,22689.39453125,21969.697265625,22045.455078125,45372492
2024-06-18,21872.857421875,22272.7265625,22500.0,22272.7265625,22348.484375,21825012
2024-06-19,21835.658203125,22234.84765625,22386.36328125,22159.091796875,22348.484375,25315356
2024-06-20,21835.658203125,22234.84765625,22272.7265625,21931.818359375,22159.091796875,36661680
2024-06-21,21612.466796875,22007.576171875,22234.84765625,21969.697265625,22234.84765625,18859368
2024-06-24,21352.07421875,21742.423828125,22045.455078125,21401.515625,21969.697265625,49956852
2024-06-25,21352.07421875,21742.423828125,22007.576171875,21590.908203125,21666.666015625,21984600
2024-06-26,21500.87109375,21893.939453125,22121.212890625,21666.666015625,21780.302734375,26065776
2024-06-27,21463.671875,21856.060546875,22007.576171875,21742.423828125,21969.697265625,13306260
2024-06-28,21054.486328125,21439.39453125,21893.939453125,21439.39453125,21780.302734375,29280636
2024-07-01,21091.685546875,21477.2734375,21590.908203125,21250.0,21439.39453125,17895768
2024-07-02,21352.07421875,21742.423828125,21856.060546875,21401.515625,21477.2734375,28061088
2024-07-03,21389.2734375,21780.302734375,22045.455078125,21742.423828125,21969.697265625,22773696
2024-07-04,21352.07421875,21742.423828125,22007.576171875,21666.666015625,21856.060546875,12345960
2024-07-05,21314.875,21704.544921875,21931.818359375,21666.666015625,21742.423828125,16318236
2024-07-08,21426.47265625,21818.181640625,22007.576171875,21704.544921875,21742.423828125,24327732
2024-07-09,21575.267578125,21969.697265625,22121.212890625,21780.302734375,21818.181640625,29763624
2024-07-10,21538.068359375,21931.818359375,22348.484375,21931.818359375,22045.455078125,40880136
2024-07-11,21463.671875,21856.060546875,22159.091796875,21856.060546875,22083.333984375,19155840
2024-07-12,21203.279296875,21590.908203125,21931.818359375,21553.03125,21893.939453125,23826528
2024-07-15,21166.08203125,21553.03125,21780.302734375,21363.63671875,21628.787109375,21499632
2024-07-16,21166.08203125,21553.03125,21704.544921875,21515.15234375,21590.908203125,16272168
2024-07-17,20980.087890625,21363.63671875,21666.666015625,20909.091796875,21628.787109375,33721908
2024-07-18,21128.8828125,21515.15234375,21553.03125,21250.0,21363.63671875,27030036
2024-07-19,20980.087890625,21363.63671875,21515.15234375,21363.63671875,21515.15234375,15662064
2024-07-22,20868.4921875,21250.0,21363.63671875,21022.7265625,21287.87890625,24287208
2024-07-23,20682.498046875,21060.60546875,21363.63671875,21060.60546875,21250.0,19875108
2024-07-24,20608.099609375,20984.84765625,21174.2421875,20530.302734375,21022.7265625,25387692
2024-07-25,20347.708984375,20719.697265625,20946.96875,20681.818359375,20909.091796875,17582004
2024-07-26,20422.107421875,20795.455078125,20946.96875,20719.697265625,20719.697265625,11625108
2024-07-29,20756.89453125,21136.36328125,21287.87890625,20909.091796875,20946.96875,20385684
2024-07-30,20756.89453125,21136.36328125,21363.63671875,21136.36328125,21212.12109375,20516496
2024-07-31,20236.11328125,20606.060546875,21136.36328125,20530.302734375,21136.36328125,32057388
2024-08-01,19864.126953125,20227.2734375,20946.96875,20151.515625,20833.333984375,40234128
2024-08-02,20273.3125,20643.939453125,20681.818359375,20075.7578125,20189.39453125,23160456
2024-08-05,19306.146484375,19659.091796875,20340.908203125,19545.455078125,20303.03125,60205200
2024-08-06,19566.53515625,19924.2421875,20037.87890625,19583.333984375,19734.84765625,26082144
2024-08-07,19380.541015625,19734.84765625,20037.87890625,19659.091796875,20037.87890625,20343444
2024-08-08,19045.75390625,19393.939453125,19772.7265625,19356.060546875,19659.091796875,28928856
2024-08-09,19380.541015625,19734.84765625,19772.7265625,19469.697265625,19621.212890625,16002624
2024-08-12,19231.748046875,19583.333984375,19772.7265625,19469.697265625,19734.84765625,16600320
2024-08-13,18896.958984375,19242.423828125,19659.091796875,19090.908203125,19621.212890625,34642872
2024-08-14,18934.15625,19280.302734375,19469.697265625,19166.666015625,19318.181640625,18072648
2024-08-15,18748.162109375,19090.908203125,19280.302734375,19090.908203125,19280.302734375,21422808
2024-08-16,19045.75390625,19393.939453125,19469.697265625,18939.39453125,19090.908203125,47951112
2024-08-19,19231.748046875,19583.333984375,19962.12109375,19469.697265625,19545.455078125,32244300
2024-08-20,19194.548828125,19545.455078125,19848.484375,19545.455078125,19696.96875,26991228
2024-08-21,19454.939453125,19810.60546875,19886.36328125,19545.455078125,19583.333984375,32751312
2024-08-22,19157.349609375,19507.576171875,19886.36328125,19469.697265625,19848.484375,31718808
2024-08-23,19380.541015625,19734.84765625,19734.84765625,19242.423828125,19507.576171875,29578956
2024-08-26,19343.341796875,19696.96875,20000.0,19659.091796875,19810.60546875,28569420
2024-08-27,19157.349609375,19507.576171875,19734.84765625,19469.697265625,19696.96875,16434660
2024-08-28,19120.150390625,19469.697265625,19659.091796875,19431.818359375,19583.333984375,24626052
2024-08-29,19045.75390625,19393.939453125,19659.091796875,19393.939453125,19545.455078125,21335688
2024-08-30,18971.35546875,19318.181640625,19507.576171875,19318.181640625,19469.697265625,23714460
2024-09-02,18971.35546875,19318.181640625,19318.181640625,19318.181640625,19318.181640625,0
2024-09-03,18971.35546875,19318.181640625,19318.181640625,19318.181640625,19318.181640625,0
2024-09-04,18785.361328125,19128.787109375,19280.302734375,19015.15234375,19166.666015625,25162500
2024-09-05,18636.568359375,18977.2734375,19204.544921875,18939.39453125,19204.544921875,29783820
2024-09-06,18896.958984375,19242.423828125,19242.423828125,18750.0,18977.2734375,30163980
2024-09-09,19045.75390625,19393.939453125,19848.484375,19166.666015625,19242.423828125,43092456
2024-09-10,18710.96484375,19053.03125,19583.333984375,19053.03125,19507.576171875,19825344
2024-09-11,18859.759765625,19204.544921875,19356.060546875,18977.2734375,19053.03125,18760764
2024-09-12,18673.767578125,19015.15234375,19356.060546875,19015.15234375,19242.423828125,11927256
2024-09-13,18599.369140625,18939.39453125,19166.666015625,18939.39453125,19053.03125,16405224
2024-09-16,18487.7734375,18825.7578125,19128.787109375,18825.7578125,18939.39453125,19237152
2024-09-17,18785.361328125,19128.787109375,19128.787109375,18787.87890625,18863.63671875,17388888
2024-09-18,18673.767578125,19015.15234375,19204.544921875,19015.15234375,19128.787109375,17469540
2024-09-19,18785.361328125,19128.787109375,19318.181640625,19090.908203125,19166.666015625,18054036
2024-09-20,19082.953125,19431.818359375,19734.84765625,19280.302734375,19318.181640625,58857216
2024-09-23,19120.150390625,19469.697265625,19772.7265625,19469.697265625,19545.455078125,20477688
2024-09-24,19231.748046875,19583.333984375,19583.333984375,19431.818359375,19469.697265625,14054040
2024-09-25,19492.138671875,19848.484375,20000.0,19734.84765625,19772.7265625,54132144
2024-09-26,19380.541015625,19734.84765625,20037.87890625,19734.84765625,19924.2421875,28703664
2024-09-27,19380.541015625,19734.84765625,19924.2421875,19621.212890625,19810.60546875,40312932
2024-09-30,19603.734375,19962.12109375,20151.515625,19810.60546875,19848.484375,49401264
2024-10-01,19901.326171875,20265.15234375,20454.544921875,20189.39453125,20303.03125,49965564
2024-10-02,19566.53515625,19924.2421875,20227.2734375,19924.2421875,20227.2734375,28097124
2024-10-03,19492.138671875,19848.484375,20189.39453125,19772.7265625,20037.87890625,35374020
2024-10-04,19492.138671875,19848.484375,20075.7578125,19772.7265625,19848.484375,23172996
2024-10-07,19640.93359375,20000.0,20075.7578125,19848.484375,20000.0,16455648
2024-10-08,20050.119140625,20416.666015625,20530.302734375,19962.12109375,20000.0,50384268
2024-10-09,20459.306640625,20833.333984375,20833.333984375,20492.423828125,20568.181640625,54930084
2024-10-10,20273.3125,20643.939453125,20984.84765625,20643.939453125,20909.091796875,31447548
2024-10-11,20310.509765625,20681.818359375,20795.455078125,20454.544921875,20719.697265625,20805576
2024-10-14,20124.515625,20492.423828125,20795.455078125,20492.423828125,20719.697265625,23726604
2024-10-15,20198.9140625,20568.181640625,20795.455078125,20568.181640625,20757.576171875,26612388
2024-10-16,20161.71484375,20530.302734375,20681.818359375,20530.302734375,20568.181640625,15349356
2024-10-17,20273.3125,20643.939453125,20643.939453125,20265.15234375,20568.181640625,27140388
2024-10-18,20050.119140625,20416.666015625,20681.818359375,20416.666015625,20643.939453125,21439968
2024-10-21,19901.326171875,20265.15234375,20492.423828125,20227.2734375,20416.666015625,18340740
2024-10-22,19826.927734375,20189.39453125,20340.908203125,20075.7578125,20189.39453125,24175800
2024-10-23,19678.1328125,20037.87890625,20227.2734375,19962.12109375,20189.39453125,17962164
2024-10-24,19678.1328125,20037.87890625,20227.2734375,19962.12109375,20075.7578125,20986548
2024-10-25,19678.1328125,20037.87890625,20189.39453125,20037.87890625,20151.515625,12468192
2024-10-28,19901.326171875,20265.15234375,20416.666015625,20075.7578125,20075.7578125,15751560
2024-10-29,20124.515625,20492.423828125,20568.181640625,20227.2734375,20303.03125,20767692
2024-10-30,20087.318359375,20454.544921875,20530.302734375,20303.03125,20492.423828125,14607780
2024-10-31,20012.919921875,20378.787109375,20492.423828125,20303.03125,20492.423828125,17589132
2024-11-01,19752.529296875,20113.63671875,20340.908203125,20037.87890625,20303.03125,17425848
2024-11-04,19566.53515625,19924.2421875,20113.63671875,19810.60546875,20113.63671875,24168804
2024-11-05,19715.330078125,20075.7578125,20113.63671875,19848.484375,19924.2421875,10685136
2024-11-06,20050.119140625,20416.666015625,20568.181640625,20113.63671875,20189.39453125,27709440
2024-11-07,20050.119140625,20416.666015625,20681.818359375,20416.666015625,20530.302734375,21099936
2024-11-08,20087.318359375,20454.544921875,20833.333984375,20454.544921875,20606.060546875,32687028
2024-11-11,20608.099609375,20984.84765625,20984.84765625,20416.666015625,20492.423828125,53958300
2024-11-12,20459.306640625,20833.333984375,21136.36328125,20681.818359375,21022.7265625,31631424
2024-11-13,20124.515625,20492.423828125,20757.576171875,20340.908203125,20606.060546875,29419632
2024-11-14,19566.53515625,19924.2421875,20530.302734375,19924.2421875,20492.423828125,35064876
2024-11-15,19268.947265625,19621.212890625,19962.12109375,19621.212890625,19924.2421875,36437676
2024-11-18,19194.548828125,19545.455078125,19734.84765625,19318.181640625,19696.96875,27191208
2024-11-19,18934.15625,19280.302734375,19696.96875,19280.302734375,19583.333984375,20912496
2024-11-20,19045.75390625,19393.939453125,19696.96875,19128.787109375,19242.423828125,30030660
2024-11-21,19231.748046875,19583.333984375,19659.091796875,19356.060546875,19431.818359375,16865772
2024-11-22,19417.740234375,19772.7265625,19886.36328125,19583.333984375,19621.212890625,22791648
2024-11-25,19566.53515625,19924.2421875,19924.2421875,19734.84765625,19772.7265625,16936128
2024-11-26,19603.734375,19962.12109375,20075.7578125,19848.484375,19924.2421875,17398524
2024-11-27,19566.53515625,19924.2421875,20037.87890625,19772.7265625,19962.12109375,10515912
2024-11-28,19640.93359375,20000.0,20265.15234375,19924.2421875,20037.87890625,18652920
2024-11-29,19901.326171875,20265.15234375,20265.15234375,19924.2421875,20037.87890625,18318036
2024-12-02,20012.919921875,20378.787109375,20568.181640625,20265.15234375,20416.666015625,24519792
2024-12-03,20087.318359375,20454.544921875,20454.544921875,20151.515625,20340.908203125,20871972
2024-12-04,19864.126953125,20227.2734375,20340.908203125,20189.39453125,20340.908203125,16511220
2024-12-05,20719.6953125,21098.484375,21098.484375,20000.0,20227.2734375,59065644
2024-12-06,20533.703125,20909.091796875,21136.36328125,20833.333984375,21098.484375,31351716
2024-12-09,20570.900390625,20946.96875,21136.36328125,20833.333984375,20946.96875,21052284
2024-12-10,20756.89453125,21136.36328125,21363.63671875,20909.091796875,20984.84765625,43149876
2024-12-11,20645.298828125,21022.7265625,21325.7578125,20909.091796875,21136.36328125,22481580
2024-12-12,20459.306640625,20833.333984375,21136.36328125,20719.697265625,21022.7265625,27673932
2024-12-13,20236.11328125,20606.060546875,20757.576171875,20530.302734375,20681.818359375,22790988
2024-12-16,20087.318359375,20454.544921875,20719.697265625,20340.908203125,20606.060546875,21981564
2024-12-17,20087.318359375,20454.544921875,20530.302734375,20340.908203125,20454.544921875,14268408
2024-12-18,20347.708984375,20719.697265625,20719.697265625,20416.666015625,20454.544921875,16888344
2024-12-19,19975.720703125,20340.908203125,20568.181640625,20303.03125,20454.544921875,40037976
2024-12-20,19864.126953125,20227.2734375,20416.666015625,20227.2734375,20340.908203125,18145908
2024-12-23,20087.318359375,20454.544921875,20492.423828125,20265.15234375,20265.15234375,17026416
2024-12-24,19864.126953125,20227.2734375,20378.787109375,20151.515625,20378.787109375,17770368
2024-12-25,20198.9140625,20568.181640625,20568.181640625,20265.15234375,20265.15234375,22630476
2024-12-26,20087.318359375,20454.544921875,20606.060546875,20340.908203125,20568.181640625,13167132
2024-12-27,19975.720703125,20340.908203125,20454.544921875,20303.03125,20454.544921875,15033744
2024-12-30,19901.326171875,20265.15234375,20340.908203125,20189.39453125,20303.03125,16062024
2024-12-31,19826.927734375,20189.39453125,20265.15234375,20151.515625,20265.15234375,13526568
2025-01-01,19826.927734375,20189.39453125,20189.39453125,20189.39453125,20189.39453125,0
2025-01-02,20087.318359375,20454.544921875,20492.423828125,20227.2734375,20227.2734375,19748784
2025-01-03,19789.728515625,20151.515625,20454.544921875,20151.515625,20378.787109375,17424132
2025-01-06,19380.541015625,19734.84765625,20227.2734375,19734.84765625,20151.515625,20130660
2025-01-07,19380.541015625,19734.84765625,20000.0,19734.84765625,19810.60546875,19007472
2025-01-08,19529.3359375,19886.36328125,19886.36328125,19659.091796875,19734.84765625,17104032
2025-01-09,19343.341796875,19696.96875,19924.2421875,19621.212890625,19924.2421875,12192708
2025-01-10,19008.5546875,19356.060546875,19772.7265625,19356.060546875,19696.96875,18841152
2025-01-13,19268.947265625,19621.212890625,19734.84765625,19280.302734375,19356.060546875,17920320
2025-01-14,19231.748046875,19583.333984375,19696.96875,19545.455078125,19659.091796875,10112124
2025-01-15,19492.138671875,19848.484375,19886.36328125,19621.212890625,19696.96875,14812512
2025-01-16,19492.138671875,19848.484375,19886.36328125,19621.212890625,19696.96875,14812512
2025-01-17,19715.330078125,20075.7578125,20075.7578125,19772.7265625,19924.2421875,18414132
2025-01-20,19678.1328125,20037.87890625,20265.15234375,20037.87890625,20075.7578125,12743544
2025-01-21,19566.53515625,19924.2421875,20151.515625,19848.484375,20151.515625,13756380
2025-01-22,19454.939453125,19810.60546875,20000.0,19810.60546875,20000.0,13569600
2025-01-23,19826.927734375,20189.39453125,20265.15234375,19810.60546875,19848.484375,20845440
2025-01-24,19752.529296875,20113.63671875,20189.39453125,20037.87890625,20189.39453125,13729716
2025-01-27,19752.529296875,20113.63671875,20113.63671875,20113.63671875,20113.63671875,0
2025-01-28,19752.529296875,20113.63671875,20113.63671875,20113.63671875,20113.63671875,0
2025-01-29,19752.529296875,20113.63671875,20113.63671875,20113.63671875,20113.63671875,0
2025-01-30,19752.529296875,20113.63671875,20113.63671875,20113.63671875,20113.63671875,0
2025-01-31,19752.529296875,20113.63671875,20113.63671875,20113.63671875,20113.63671875,0
2025-02-03,19640.93359375,20000.0,20151.515625,19886.36328125,20075.7578125,22402644
2025-02-04,19975.720703125,20340.908203125,20454.544921875,20037.87890625,20075.7578125,22912824
2025-02-05,19938.5234375,20303.03125,20454.544921875,20265.15234375,20340.908203125,19095780
2025-02-06,19938.5234375,20303.03125,20416.666015625,20265.15234375,20303.03125,17866200
2025-02-07,19826.927734375,20189.39453125,20303.03125,20151.515625,20303.03125,16562568
2025-02-10,18896.958984375,19242.423828125,20075.7578125,19242.423828125,20075.7578125,80647380
2025-02-11,19417.740234375,19772.7265625,19772.7265625,19280.302734375,19280.302734375,38142720
2025-02-12,19231.748046875,19583.333984375,19848.484375,19583.333984375,19848.484375,18019716
2025-02-13,19268.947265625,19621.212890625,19696.96875,19583.333984375,19659.091796875,12538812
2025-02-14,19417.740234375,19772.7265625,19924.2421875,19696.96875,19772.7265625,24526392
2025-02-17,19454.939453125,19810.60546875,19886.36328125,19734.84765625,19810.60546875,18967608
2025-02-18,19752.529296875,20113.63671875,20151.515625,19924.2421875,19962.12109375,32920140
2025-02-19,19715.330078125,20075.7578125,20151.515625,20000.0,20151.515625,18021960
2025-02-20,19752.529296875,20113.63671875,20151.515625,20075.7578125,20113.63671875,15721728
2025-02-21,19678.1328125,20037.87890625,20151.515625,20000.0,20113.63671875,14604216
2025-02-24,20608.099609375,20984.84765625,21439.39453125,20871.212890625,21439.39453125,97536252
2025-02-25,20459.306640625,20833.333984375,20984.84765625,20606.060546875,20909.091796875,41679396
2025-02-26,20645.298828125,21022.7265625,21174.2421875,20871.212890625,20909.091796875,42001872
2025-02-27,21166.08203125,21553.03125,21553.03125,20909.091796875,21060.60546875,67479456
2025-02-28,20831.29296875,21212.12109375,21515.15234375,21174.2421875,21515.15234375,31963008
2025-03-03,20868.4921875,21250.0,21401.515625,21212.12109375,21250.0,27276084
2025-03-04,20719.6953125,21098.484375,21250.0,20946.96875,21250.0,36199812
2025-03-05,20496.505859375,20871.212890625,21136.36328125,20871.212890625,21098.484375,40108860
2025-03-06,20794.09375,21174.2421875,21174.2421875,20909.091796875,20909.091796875,48807792
2025-03-07,20868.4921875,21250.0,21287.87890625,21022.7265625,21212.12109375,43733184
2025-03-10,20794.09375,21174.2421875,21363.63671875,21174.2421875,21287.87890625,31126260
2025-03-11,20942.888671875,21325.7578125,21325.7578125,20909.091796875,20909.091796875,34436820
2025-03-12,20682.498046875,21060.60546875,21363.63671875,21060.60546875,21363.63671875,27246912
2025-03-13,20608.099609375,20984.84765625,21250.0,20984.84765625,21098.484375,32748408
2025-03-14,20496.505859375,20871.212890625,21098.484375,20871.212890625,20984.84765625,24129468
2025-03-17,20719.6953125,21098.484375,21325.7578125,21022.7265625,21136.36328125,26030004
2025-03-18,20533.703125,20909.091796875,21250.0,20909.091796875,21136.36328125,24739044
2025-03-19,20273.3125,20643.939453125,20909.091796875,20530.302734375,20909.091796875,50061792
2025-03-20,20198.9140625,20568.181640625,20795.455078125,20492.423828125,20681.818359375,33029700
2025-03-21,20198.9140625,20568.181640625,20643.939453125,20492.423828125,20530.302734375,24964104
2025-03-24,20198.9140625,20568.181640625,20643.939453125,20378.787109375,20568.181640625,21423336
2025-03-25,20236.11328125,20606.060546875,20757.576171875,20530.302734375,20643.939453125,26533320
2025-03-26,20496.505859375,20871.212890625,21174.2421875,20568.181640625,20606.060546875,58053600
2025-03-27,20459.306640625,20833.333984375,20984.84765625,20795.455078125,20984.84765625,15852804
2025-03-28,20198.9140625,20568.181640625,20833.333984375,20530.302734375,20795.455078125,22532664
2025-03-31,19901.326171875,20265.15234375,20530.302734375,20265.15234375,20492.423828125,35028048
2025-04-01,20087.318359375,20454.544921875,20492.423828125,20265.15234375,20303.03125,18504288
2025-04-02,20273.3125,20643.939453125,20757.576171875,20530.302734375,20568.181640625,22156728
2025-04-03,18859.759765625,19204.544921875,20037.87890625,19204.544921875,19545.455078125,106518456
2025-04-04,18301.779296875,18636.36328125,18825.7578125,17878.787109375,17878.787109375,96599184
2025-04-07,18301.779296875,18636.36328125,18636.36328125,18636.36328125,18636.36328125,0
2025-04-08,17037.021484375,17348.484375,18181.818359375,17348.484375,17803.03125,46785156
2025-04-09,15846.662109375,16136.36328125,16893.939453125,16136.36328125,16136.36328125,101846976
2025-04-10,16925.423828125,17234.84765625,17234.84765625,17234.84765625,17234.84765625,4042368
2025-04-11,18078.587890625,18409.091796875,18409.091796875,17803.03125,18333.333984375,100681284
2025-04-14,18859.759765625,19204.544921875,19507.576171875,18750.0,18787.87890625,67589148
2025-04-15,19231.748046875,19583.333984375,19810.60546875,18977.2734375,19053.03125,66753192
2025-04-16,18971.35546875,19318.181640625,19696.96875,18977.2734375,19621.212890625,33930996
2025-04-17,18971.35546875,19318.181640625,19393.939453125,18787.87890625,19090.908203125,32262120
2025-04-18,18934.15625,19280.302734375,19507.576171875,19280.302734375,19431.818359375,27410460
2025-04-21,18562.169921875,18901.515625,19280.302734375,18901.515625,19280.302734375,22844184
2025-04-22,18636.568359375,18977.2734375,19015.15234375,17727.2734375,18787.87890625,62630040
2025-04-23,19008.5546875,19356.060546875,19469.697265625,19204.544921875,19318.181640625,29347164
2025-04-24,19045.75390625,19393.939453125,19469.697265625,19090.908203125,19469.697265625,22719840
2025-04-25,19120.150390625,19469.697265625,19469.697265625,19128.787109375,19280.302734375,32800680
2025-04-28,19082.953125,19431.818359375,19469.697265625,19204.544921875,19469.697265625,12879240
2025-04-29,18971.35546875,19318.181640625,19469.697265625,19242.423828125,19431.818359375,19096968
2025-04-30,18971.35546875,19318.181640625,19318.181640625,19318.181640625,19318.181640625,0
2025-05-01,18971.35546875,19318.181640625,19318.181640625,19318.181640625,19318.181640625,0
2025-05-02,18971.35546875,19318.181640625,19318.181640625,19318.181640625,19318.181640625,0
2025-05-05,19120.150390625,19469.697265625,19507.576171875,19204.544921875,19431.818359375,16563756
2025-05-06,19120.150390625,19469.697265625,19507.576171875,19204.544921875,19431.818359375,16563756
2025-05-07,18934.15625,19280.302734375,19734.84765625,19280.302734375,19507.576171875,27637236
2025-05-08,18896.958984375,19242.423828125,19318.181640625,19204.544921875,19204.544921875,15182376
2025-05-09,19120.150390625,19469.697265625,19583.333984375,19166.666015625,19242.423828125,26257704
2025-05-12,18896.958984375,19242.423828125,19507.576171875,18750.0,19356.060546875,85450068
2025-05-13,18896.958984375,19242.423828125,19507.576171875,18750.0,19356.060546875,85450068
2025-05-14,19194.548828125,19545.455078125,19696.96875,19393.939453125,19393.939453125,26802072
2025-05-15,19454.939453125,19810.60546875,20113.63671875,19583.333984375,19621.212890625,44977284
2025-05-16,19454.939453125,19810.60546875,19848.484375,19583.333984375,19848.484375,29854044
2025-05-19,19082.953125,19431.818359375,19659.091796875,19356.060546875,19507.576171875,19794324
2025-05-20,19082.953125,19431.818359375,19659.091796875,19356.060546875,19507.576171875,19794324
2025-05-21,19082.953125,19431.818359375,19545.455078125,19393.939453125,19393.939453125,23032680
2025-05-22,19157.349609375,19507.576171875,19772.7265625,19431.818359375,19507.576171875,26598660
2025-05-23,19082.953125,19431.818359375,19659.091796875,19356.060546875,19507.576171875,32160084
2025-05-26,19008.5546875,19356.060546875,19431.818359375,18977.2734375,19431.818359375,36212616
2025-05-27,19008.5546875,19356.060546875,19431.818359375,18977.2734375,19431.818359375,36212616
2025-05-28,19008.5546875,19356.060546875,19810.60546875,19356.060546875,19356.060546875,35498496
2025-05-29,19045.75390625,19393.939453125,19621.212890625,19356.060546875,19507.576171875,20598336
2025-05-30,19008.5546875,19356.060546875,19545.455078125,19318.181640625,19469.697265625,21693012
2025-06-02,19008.5546875,19356.060546875,19431.818359375,19204.544921875,19393.939453125,28951824
2025-06-03,19008.5546875,19356.060546875,19431.818359375,19204.544921875,19393.939453125,28951824
2025-06-04,19343.341796875,19696.96875,19848.484375,19507.576171875,19545.455078125,40970820
2025-06-05,19306.146484375,19659.091796875,20000.0,19659.091796875,19772.7265625,33905124
2025-06-06,19157.349609375,19507.576171875,19734.84765625,19469.697265625,19696.96875,24797916
2025-06-09,19566.53515625,19924.2421875,20000.0,19659.091796875,19772.7265625,32984028
2025-06-10,19566.53515625,19924.2421875,20000.0,19659.091796875,19772.7265625,32984028
2025-06-11,19492.138671875,19848.484375,20340.908203125,19848.484375,20075.7578125,38822388
2025-06-12,19417.740234375,19772.7265625,19962.12109375,19696.96875,19924.2421875,21843492
2025-06-13,19938.5234375,20303.03125,20530.302734375,19810.60546875,19810.60546875,68927628
2025-06-16,19901.326171875,20265.15234375,20454.544921875,19962.12109375,19962.12109375,39250332
2025-06-17,19901.326171875,20265.15234375,20454.544921875,19962.12109375,19962.12109375,39250332
2025-06-18,19975.720703125,20340.908203125,20530.302734375,20265.15234375,20378.787109375,35145792
2025-06-19,20198.9140625,20568.181640625,20606.060546875,20303.03125,20378.787109375,41538024
2025-06-20,20012.919921875,20378.787109375,20606.060546875,20303.03125,20568.181640625,30898824
2025-06-23,19975.720703125,20340.908203125,20454.544921875,20151.515625,20340.908203125,29294496
2025-06-24,19975.720703125,20340.908203125,20454.544921875,20151.515625,20340.908203125,29294496
2025-06-25,20087.318359375,20454.544921875,20606.060546875,20416.666015625,20492.423828125,36788400
2025-06-26,20355.150390625,20727.2734375,21045.455078125,20681.818359375,20954.544921875,42208100
2025-06-27,20355.150390625,20727.2734375,21045.455078125,20681.818359375,20954.544921875,42208100
2025-06-30,20265.87109375,20636.36328125,20863.63671875,20636.36328125,20818.181640625,21873830
2025-07-01,20265.87109375,20636.36328125,20863.63671875,20636.36328125,20818.181640625,21873830
2025-07-02,20221.232421875,20590.908203125,20818.181640625,20545.455078125,20681.818359375,21742600
2025-07-03,20444.42578125,20818.181640625,20818.181640625,20500.0,20590.908203125,20792310
2025-07-04,20622.98046875,21000.0,21500.0,20909.091796875,20909.091796875,46765950
2025-07-07,21069.365234375,21454.544921875,21545.455078125,21272.7265625,21545.455078125,39599560
2025-07-08,21069.365234375,21454.544921875,21545.455078125,21272.7265625,21545.455078125,39599560
2025-07-09,22051.41015625,22454.544921875,22545.455078125,21409.091796875,21500.0,85224810
2025-07-10,22096.05078125,22500.0,22818.181640625,22363.63671875,22545.455078125,47809190
2025-07-11,22453.158203125,22863.63671875,22909.091796875,22318.181640625,22590.908203125,93810530
2025-07-14,22988.8203125,23409.091796875,24045.455078125,23227.2734375,23818.181640625,54382350
2025-07-15,22988.8203125,23409.091796875,24045.455078125,23227.2734375,23818.181640625,54382350
2025-07-16,22765.626953125,23181.818359375,23636.36328125,23181.818359375,23454.544921875,51157700
2025-07-17,23301.2890625,23727.2734375,23818.181640625,23090.908203125,23136.36328125,50482960
2025-07-18,23212.01171875,23636.36328125,23954.544921875,23545.455078125,23818.181640625,61852560
2025-07-21,23390.56640625,23818.181640625,24545.455078125,23727.2734375,24000.0,61350960
2025-07-22,23390.56640625,23818.181640625,24545.455078125,23727.2734375,24000.0,61350960
2025-07-23,23613.759765625,24045.455078125,24045.455078125,23636.36328125,23772.7265625,34654840
2025-07-24,23569.119140625,24000.0,24500.0,24000.0,24136.36328125,47436400
2025-07-25,23212.01171875,23636.36328125,24045.455078125,23545.455078125,24000.0,57098140
2025-07-28,23524.48046875,23954.544921875,24409.091796875,23636.36328125,23727.2734375,109552080
2025-07-29,23524.48046875,23954.544921875,24409.091796875,23636.36328125,23727.2734375,109552080
2025-07-30,22631.712890625,23045.455078125,24181.818359375,23045.455078125,24045.455078125,90865280
2025-07-31,22676.349609375,23090.908203125,23409.091796875,22818.181640625,23272.7265625,55204600
2025-08-01,22274.603515625,22681.818359375,23272.7265625,22500.0,23136.36328125,93865750
2025-08-04,22587.07421875,23000.0,23136.36328125,22681.818359375,22818.181640625,40763910
2025-08-05,22587.07421875,23000.0,23136.36328125,22681.818359375,22818.181640625,40763910
2025-08-06,23569.119140625,24000.0,24590.908203125,23136.36328125,23136.36328125,237599010
2025-08-07,24194.05859375,24636.36328125,25181.818359375,24227.2734375,24318.181640625,105791620
2025-08-08,25443.9375,25909.091796875,25954.544921875,24545.455078125,24863.63671875,153031230
2025-08-11,25131.466796875,25590.908203125,25863.63671875,25272.7265625,25590.908203125,73945300
2025-08-12,25131.466796875,25590.908203125,25863.63671875,25272.7265625,25590.908203125,73945300
2025-08-13,25443.9375,25909.091796875,26454.544921875,25590.908203125,25772.7265625,92615490
2025-08-14,25086.828125,25545.455078125,26000.0,25318.181640625,25954.544921875,87741500
2025-08-15,25176.10546875,25636.36328125,25863.63671875,25454.544921875,25636.36328125,83654890
2025-08-18,25354.658203125,25818.181640625,26181.818359375,25636.36328125,25727.2734375,75948840
2025-08-19,25354.658203125,25818.181640625,26181.818359375,25636.36328125,25727.2734375,75948840
2025-08-20,25131.466796875,25590.908203125,26090.908203125,25545.455078125,26000.0,69324090
2025-08-21,24461.890625,24909.091796875,25681.818359375,24590.908203125,25636.36328125,111108140
2025-08-22,24461.890625,24909.091796875,25272.7265625,24818.181640625,24954.544921875,76979870
2025-08-25,23167.373046875,23590.908203125,24318.181640625,23500.0,24090.908203125,75152110
2025-08-26,23167.373046875,23590.908203125,24318.181640625,23500.0,24090.908203125,75152110
2025-08-27,24283.3359375,24727.2734375,24727.2734375,23727.2734375,23727.2734375,57184820
2025-08-28,23881.58984375,24318.181640625,24772.7265625,24318.181640625,24772.7265625,94591750
2025-08-29,24194.05859375,24636.36328125,25000.0,24409.091796875,24500.0,69482930
2025-09-01,24194.05859375,24636.36328125,24636.36328125,24636.36328125,24636.36328125,0
2025-09-02,24194.05859375,24636.36328125,24636.36328125,24636.36328125,24636.36328125,0
2025-09-03,25131.466796875,25590.908203125,26363.63671875,24772.7265625,24909.091796875,131052350
2025-09-04,25131.466796875,25590.908203125,26363.63671875,24772.7265625,24909.091796875,131052350
2025-09-05,26649.17578125,27136.36328125,27181.818359375,25772.7265625,25863.63671875,155578610
2025-09-08,25801.04296875,26272.7265625,27045.455078125,26045.455078125,26090.908203125,155945240
2025-09-09,25801.04296875,26272.7265625,27045.455078125,26045.455078125,26090.908203125,155945240
2025-09-10,25756.40625,26227.2734375,26590.908203125,25636.36328125,26545.455078125,81247320
2025-09-11,25756.40625,26227.2734375,26545.455078125,25818.181640625,26227.2734375,57701380
2025-09-12,26024.236328125,26500.0,26545.455078125,25454.544921875,26090.908203125,78960090
2025-09-15,27095.55859375,27590.908203125,28045.455078125,27363.63671875,27500.0,97812550
2025-09-16,27095.55859375,27590.908203125,28045.455078125,27363.63671875,27500.0,97812550
2025-09-17,26738.453125,27227.2734375,27772.7265625,27045.455078125,27772.7265625,73541160
2025-09-18,26068.875,26545.455078125,27500.0,26545.455078125,27181.818359375,136867060
2025-09-19,26024.236328125,26500.0,26727.2734375,26000.0,26681.818359375,83255700
2025-09-22,25354.658203125,25818.181640625,26590.908203125,25727.2734375,26590.908203125,72681180
2025-09-23,25354.658203125,25818.181640625,26590.908203125,25727.2734375,26590.908203125,72681180
2025-09-24,25577.8515625,26045.455078125,26227.2734375,25863.63671875,25954.544921875,27390000
2025-09-25,25934.9609375,26409.091796875,26409.091796875,25681.818359375,26045.455078125,33812790
2025-09-26,25711.767578125,26181.818359375,26636.36328125,26136.36328125,26500.0,37878940
2025-09-29,25533.212890625,26000.0,26272.7265625,25818.181640625,25954.544921875,42714320
2025-09-30,25533.212890625,26000.0,26272.7265625,25818.181640625,25954.544921875,42714320
2025-10-01,25131.466796875,25590.908203125,26000.0,25363.63671875,25954.544921875,59110920
2025-10-02,25265.3828125,25727.2734375,25909.091796875,25545.455078125,25727.2734375,32833350
2025-10-03,25086.828125,25545.455078125,26045.455078125,25500.0,25772.7265625,33182490
2025-10-06,26068.875,26545.455078125,26545.455078125,25545.455078125,25545.455078125,78396450
2025-10-07,26068.875,26545.455078125,26545.455078125,25545.455078125,25545.455078125,78396450
2025-10-08,25890.322265625,26363.63671875,26681.818359375,26363.63671875,26545.455078125,45538460
2025-10-09,26068.875,26545.455078125,26727.2734375,26136.36328125,26590.908203125,65948300
2025-10-10,25845.681640625,26318.181640625,26727.2734375,26227.2734375,26727.2734375,46806870
2025-10-13,25890.322265625,26363.63671875,26590.908203125,26227.2734375,26409.091796875,88261470
2025-10-14,25890.322265625,26363.63671875,26590.908203125,26227.2734375,26409.091796875,88261470
2025-10-15,25310.01953125,25772.7265625,26590.908203125,25727.2734375,26409.091796875,92738690
2025-10-16,25220.744140625,25681.818359375,26090.908203125,25636.36328125,25818.181640625,38085520
2025-10-17,25220.744140625,25681.818359375,26181.818359375,25454.544921875,25681.818359375,49186830
2025-10-20,23256.650390625,23681.818359375,25681.818359375,23681.818359375,25363.63671875,113259410
2025-10-21,23256.650390625,23681.818359375,25681.818359375,23681.818359375,25363.63671875,113259410
2025-10-22,23926.228515625,24363.63671875,24545.455078125,23636.36328125,23909.091796875,81703380
2025-10-23,23836.94921875,24272.7265625,24454.544921875,23772.7265625,24454.544921875,40995680
2025-10-24,23658.396484375,24090.908203125,24545.455078125,24090.908203125,24318.181640625,25787740
2025-10-27,23435.205078125,23863.63671875,24409.091796875,23863.63671875,24318.181640625,30129880
2025-10-28,23435.205078125,23863.63671875,24409.091796875,23863.63671875,24318.181640625,30129880
2025-10-29,23926.228515625,24363.63671875,24363.63671875,23772.7265625,23954.544921875,31363310
2025-10-30,24327.97265625,24772.7265625,25045.455078125,24454.544921875,24454.544921875,43393790
2025-10-31,24015.50390625,24454.544921875,24909.091796875,24454.544921875,24909.091796875,26062850
2025-11-03,23256.650390625,23681.818359375,24454.544921875,23681.818359375,24318.181640625,31192260
2025-11-04,23881.58984375,24318.181640625,24409.091796875,23590.908203125,23772.7265625,41543810
2025-11-05,23881.58984375,24318.181640625,24409.091796875,23590.908203125,23772.7265625,41543810
2025-11-06,23301.2890625,23727.2734375,24090.908203125,23727.2734375,23954.544921875,23328360
2025-11-07,23256.650390625,23681.818359375,24136.36328125,23636.36328125,23772.7265625,60610220
2025-11-10,23613.759765625,24045.455078125,24318.181640625,23727.2734375,23818.181640625,52819690
2025-11-11,23747.673828125,24181.818359375,24454.544921875,24045.455078125,24181.818359375,34465310
2025-11-12,24104.783203125,24545.455078125,24636.36328125,24227.2734375,24227.2734375,33729190
2025-11-13,23703.03515625,24136.36328125,24590.908203125,24136.36328125,24545.455078125,20820250
2025-11-14,24015.50390625,24454.544921875,24500.0,24090.908203125,24090.908203125,24323420
2025-11-17,24372.61328125,24818.181640625,24863.63671875,24590.908203125,24590.908203125,35374130
2025-11-18,24551.166015625,25000.0,25090.908203125,24681.818359375,24772.7265625,38531130
2025-11-19,24640.443359375,25090.908203125,25772.7265625,24954.544921875,25000.0,61952770
2025-11-20,24327.97265625,24772.7265625,25272.7265625,24681.818359375,25181.818359375,25354230
2025-11-21,24461.890625,24909.091796875,24954.544921875,24454.544921875,24681.818359375,24868690
2025-11-24,24194.05859375,24636.36328125,25045.455078125,24636.36328125,24909.091796875,16178580
2025-11-25,24015.50390625,24454.544921875,24863.63671875,24454.544921875,24681.818359375,26780820
2025-11-26,24194.05859375,24636.36328125,24727.2734375,24409.091796875,24500.0,20924420
2025-11-27,24015.50390625,24454.544921875,24818.181640625,24454.544921875,24727.2734375,15351820
2025-11-28,23703.03515625,24136.36328125,24590.908203125,24136.36328125,24454.544921875,22868230
2025-12-01,23658.396484375,24090.908203125,24318.181640625,24090.908203125,24227.2734375,21721810
2025-12-02,23658.396484375,24090.908203125,24227.2734375,23818.181640625,24136.36328125,28680520
2025-12-03,23926.228515625,24363.63671875,24409.091796875,24045.455078125,24181.818359375,23680360
2025-12-04,24372.61328125,24818.181640625,24954.544921875,24454.544921875,24500.0,38589320
2025-12-05,24104.783203125,24545.455078125,24863.63671875,24545.455078125,24863.63671875,19428310
2025-12-08,23881.58984375,24318.181640625,24636.36328125,24318.181640625,24454.544921875,23601160
2025-12-09,23569.119140625,24000.0,24454.544921875,24000.0,24272.7265625,43902980
2025-12-10,23792.3125,24227.2734375,24545.455078125,24181.818359375,24227.2734375,21678800
2025-12-11,23703.03515625,24136.36328125,24454.544921875,24090.908203125,24272.7265625,18856420
2025-12-12,23212.01171875,23636.36328125,24272.7265625,23636.36328125,24181.818359375,40797020
2025-12-15,23435.205078125,23863.63671875,24000.0,23681.818359375,23863.63671875,26333340
2025-12-16,23836.94921875,24272.7265625,24500.0,23863.63671875,23954.544921875,32262890
2025-12-17,23569.119140625,24000.0,24272.7265625,24000.0,24272.7265625,18201260
2025-12-18,23569.119140625,24000.0,24272.7265625,24000.0,24272.7265625,18201260
2025-12-19,23836.94921875,24272.7265625,24272.7265625,24000.0,24000.0,32538660
2025-12-22,24015.50390625,24454.544921875,24636.36328125,24181.818359375,24272.7265625,60368990
2025-12-23,23881.58984375,24318.181640625,24727.2734375,24227.2734375,24590.908203125,32547350
2025-12-24,23703.03515625,24136.36328125,24409.091796875,24090.908203125,24409.091796875,25450590
2025-12-25,23703.03515625,24136.36328125,24409.091796875,24090.908203125,24409.091796875,25450590
2025-12-26,24015.50390625,24454.544921875,25181.818359375,24227.2734375,24636.36328125,103438500
2025-12-29,23836.94921875,24272.7265625,24545.455078125,24227.2734375,24545.455078125,18177720
2025-12-30,23658.396484375,24090.908203125,24409.091796875,24090.908203125,24272.7265625,27040090
2025-12-31,23569.119140625,24000.0,24181.818359375,23954.544921875,24045.455078125,22164670
2026-01-01,23569.119140625,24000.0,24000.0,24000.0,24000.0,0
2026-01-02,23569.119140625,24000.0,24000.0,24000.0,24000.0,0
2026-01-05,23167.373046875,23590.908203125,24136.36328125,23363.63671875,24000.0,51136690
2026-01-06,23167.373046875,23590.908203125,23818.181640625,23045.455078125,23636.36328125,43578260
2026-01-07,23747.673828125,24181.818359375,24318.181640625,23590.908203125,23590.908203125,40974670
2026-01-08,23569.119140625,24000.0,24363.63671875,24000.0,24272.7265625,41270460
2026-01-09,23390.56640625,23818.181640625,24363.63671875,23818.181640625,24363.63671875,38598230
2026-01-12,24551.166015625,25000.0,25090.908203125,23954.544921875,23954.544921875,91888390
2026-01-13,24327.97265625,24772.7265625,25363.63671875,24545.455078125,25227.2734375,50355140
2026-01-14,24327.97265625,24772.7265625,25090.908203125,24545.455078125,24954.544921875,59299130
2026-01-15,24640.443359375,25090.908203125,25363.63671875,24772.7265625,24772.7265625,68131470
2026-01-16,24640.443359375,25090.908203125,25681.818359375,24818.181640625,25272.7265625,72134700
2026-01-19,24729.720703125,25181.818359375,25636.36328125,25136.36328125,25363.63671875,44512490
2026-01-20,24327.97265625,24772.7265625,25409.091796875,24636.36328125,25318.181640625,48586560
2026-01-21,23926.228515625,24363.63671875,24772.7265625,24227.2734375,24681.818359375,40957730
2026-01-22,23970.8671875,24409.091796875,24818.181640625,24409.091796875,24454.544921875,30505860
2026-01-23,23881.58984375,24318.181640625,24681.818359375,24318.181640625,24636.36328125,26656960
2026-01-26,23479.84375,23909.091796875,24363.63671875,23772.7265625,24318.181640625,37135230
2026-01-27,23613.759765625,24045.455078125,24136.36328125,23818.181640625,23954.544921875,23115620
2026-01-28,23836.94921875,24272.7265625,24636.36328125,24136.36328125,24136.36328125,32980970
2026-01-29,24194.05859375,24636.36328125,24636.36328125,24363.63671875,24363.63671875,30369570
2026-01-30,23926.228515625,24363.63671875,25000.0,24318.181640625,24818.181640625,44614240
2026-02-02,23703.03515625,24136.36328125,24363.63671875,23863.63671875,24363.63671875,48426730
2026-02-03,23881.58984375,24318.181640625,24636.36328125,24227.2734375,24227.2734375,35232890
2026-02-04,25265.3828125,25727.2734375,26000.0,24409.091796875,24409.091796875,159959910
2026-02-05,24595.8046875,25045.455078125,25772.7265625,25045.455078125,25727.2734375,36175810
2026-02-06,23926.228515625,24363.63671875,25545.455078125,24363.63671875,24863.63671875,73780300
2026-02-09,23881.58984375,24318.181640625,24818.181640625,24272.7265625,24590.908203125,26741440
2026-02-10,23703.03515625,24136.36328125,24500.0,24000.0,24454.544921875,35797740
2026-02-11,23970.8671875,24409.091796875,24636.36328125,24090.908203125,24227.2734375,29144720
2026-02-12,24015.50390625,24454.544921875,24636.36328125,24318.181640625,24545.455078125,14450700
2026-02-13,23970.8671875,24409.091796875,24681.818359375,24363.63671875,24454.544921875,26476780
2026-02-16,23970.8671875,24409.091796875,24409.091796875,24409.091796875,24409.091796875,0
2026-02-17,23970.8671875,24409.091796875,24409.091796875,24409.091796875,24409.091796875,0
2026-02-18,23970.8671875,24409.091796875,24409.091796875,24409.091796875,24409.091796875,0
2026-02-19,23970.8671875,24409.091796875,24409.091796875,24409.091796875,24409.091796875,0
2026-02-20,23970.8671875,24409.091796875,24409.091796875,24409.091796875,24409.091796875,0
2026-02-23,24551.166015625,25000.0,25000.0,24636.36328125,24636.36328125,39695150
2026-02-24,25265.3828125,25727.2734375,25818.181640625,24863.63671875,25000.0,109448130
2026-02-25,26158.15234375,26636.36328125,27000.0,25818.181640625,25818.181640625,150050120
2026-02-26,26247.4296875,26727.2734375,26863.63671875,26181.818359375,26818.181640625,59946480
2026-02-27,25711.767578125,26181.818359375,26727.2734375,26181.818359375,26681.818359375,52037150
2026-03-02,25443.9375,25909.091796875,26590.908203125,25500.0,25636.36328125,95597700
2026-03-03,25443.9375,25909.091796875,26590.908203125,25500.0,25636.36328125,95597700
2026-03-04,24729.720703125,25181.818359375,25318.181640625,24363.63671875,25090.908203125,75103050
2026-03-05,24327.97265625,24772.7265625,25590.908203125,24636.36328125,25409.091796875,52798790
2026-03-06,24327.97265625,24772.7265625,25090.908203125,24409.091796875,24545.455078125,48786870
2026-03-09,22631.712890625,23045.455078125,23772.7265625,23045.455078125,23181.818359375,133080090
2026-03-10,24194.05859375,24636.36328125,24636.36328125,23772.7265625,24363.63671875,100360260
2026-03-11,24461.890625,24909.091796875,25136.36328125,24500.0,24681.818359375,54904520
2026-03-12,23926.228515625,24363.63671875,24681.818359375,24227.2734375,24545.455078125,48450490
2026-03-13,23792.3125,24227.2734375,24727.2734375,24090.908203125,24272.7265625,31533150
2026-03-16,23881.58984375,24318.181640625,24500.0,24136.36328125,24227.2734375,21868440
2026-03-17,24015.50390625,24454.544921875,24863.63671875,24454.544921875,24545.455078125,26593930
2026-03-18,23926.228515625,24363.63671875,24681.818359375,24227.2734375,24454.544921875,25364350
2026-03-19,23836.94921875,24272.7265625,24409.091796875,23954.544921875,24090.908203125,40521030
2026-03-20,23122.736328125,23545.455078125,24136.36328125,23545.455078125,24090.908203125,66974380
2026-03-23,22765.626953125,23181.818359375,23818.181640625,22954.544921875,23318.181640625,48799190
2026-03-24,23167.373046875,23590.908203125,23909.091796875,23500.0,23636.36328125,30556680
2026-03-25,23524.48046875,23954.544921875,24000.0,23727.2734375,23909.091796875,25263810
2026-03-26,23122.736328125,23545.455078125,23954.544921875,23545.455078125,23909.091796875,20266620
2026-03-27,23658.396484375,24090.908203125,24272.7265625,23500.0,23590.908203125,29550070
2026-03-30,24015.50390625,24454.544921875,24636.36328125,23590.908203125,23772.7265625,45403710
2026-03-31,24015.50390625,24454.544921875,24772.7265625,24363.63671875,24590.908203125,25908300
2026-04-01,24238.697265625,24681.818359375,24954.544921875,24636.36328125,24863.63671875,34654070
2026-04-02,24417.251953125,24863.63671875,25000.0,24318.181640625,24545.455078125,55006270
2026-04-03,23792.3125,24227.2734375,24909.091796875,24181.818359375,24863.63671875,34521630
2026-04-06,23970.8671875,24409.091796875,24636.36328125,24181.818359375,24227.2734375,21722910
2026-04-07,23926.228515625,24363.63671875,24636.36328125,24318.181640625,24363.63671875,14481060
2026-04-08,24997.55078125,25454.544921875,25500.0,24909.091796875,25000.0,74411260
2026-04-09,25220.744140625,25681.818359375,26000.0,25136.36328125,25363.63671875,56768360
2026-04-10,24997.55078125,25454.544921875,26000.0,25454.544921875,26000.0,39020740
2026-04-13,24818.99609375,25272.7265625,25590.908203125,25272.7265625,25318.181640625,25305720
2026-04-14,25488.57421875,25954.544921875,26181.818359375,25409.091796875,25545.455078125,68127620
2026-04-15,25042.189453125,25500.0,26136.36328125,25500.0,26090.908203125,32728520
2026-04-16,24952.9140625,25409.091796875,25636.36328125,25227.2734375,25500.0,30769310
2026-04-17,24997.55078125,25454.544921875,25681.818359375,25363.63671875,25409.091796875,23539450
2026-04-20,25399.298828125,25863.63671875,25863.63671875,25500.0,25590.908203125,29085870
2026-04-21,25488.57421875,25954.544921875,26772.7265625,25909.091796875,26500.0,109612030
2026-04-22,25176.10546875,25636.36328125,26090.908203125,25500.0,25954.544921875,30520160
2026-04-23,24818.99609375,25272.7265625,25772.7265625,25090.908203125,25636.36328125,45247290
2026-04-24,24908.275390625,25363.63671875,25409.091796875,25000.0,25363.63671875,25742200
2026-04-27,24908.275390625,25363.63671875,25363.63671875,25363.63671875,25363.63671875,0
2026-04-28,24774.359375,25227.2734375,25454.544921875,25181.818359375,25272.7265625,15478650
2026-04-29,24774.359375,25227.2734375,25363.63671875,25090.908203125,25136.36328125,18963120
2026-04-30,24774.359375,25227.2734375,25227.2734375,25227.2734375,25227.2734375,0
2026-05-01,24774.359375,25227.2734375,25227.2734375,25227.2734375,25227.2734375,0
2026-05-04,24640.443359375,25090.908203125,25409.091796875,24909.091796875,25227.2734375,35611730
2026-05-05,24372.61328125,24818.181640625,25181.818359375,24727.2734375,25136.36328125,33762080
2026-05-06,24640.443359375,25090.908203125,25272.7265625,24818.181640625,24909.091796875,30439200
2026-05-07,24774.359375,25227.2734375,25363.63671875,25090.908203125,25272.7265625,22382910
2026-05-08,24863.63671875,25318.181640625,25363.63671875,25045.455078125,25227.2734375,22746020
2026-05-11,24545.455078125,24545.455078125,25000.0,24545.455078125,25000.0,26023910
2026-05-12,24454.544921875,24454.544921875,24727.2734375,24409.091796875,24545.455078125,21087990
2026-05-13,24636.36328125,24636.36328125,24772.7265625,24363.63671875,24500.0,23699170
2026-05-14,24590.908203125,24590.908203125,24909.091796875,24590.908203125,24818.181640625,15451810
2026-05-15,24136.36328125,24136.36328125,24636.36328125,24045.455078125,24590.908203125,83422020
2026-05-18,24045.455078125,24045.455078125,24272.7265625,23863.63671875,24090.908203125,30234050
2026-05-19,23863.63671875,23863.63671875,24227.2734375,23863.63671875,24090.908203125,27623090
2026-05-20,23818.181640625,23818.181640625,24000.0,23409.091796875,23909.091796875,45082180
2026-05-21,24136.36328125,24136.36328125,24272.7265625,23909.091796875,23954.544921875,33618750
2026-05-22,23954.544921875,23954.544921875,24227.2734375,23954.544921875,24181.818359375,28373400
2026-05-25,24100.0,24100.0,24350.0,24100.0,24250.0,26989100
2026-05-26,24250.0,24250.0,24250.0,24000.0,24100.0,20723700
2026-05-27,24150.0,24150.0,24500.0,24150.0,24400.0,23114500
2026-05-28,24000.0,24000.0,24250.0,24000.0,24150.0,15668300
2026-05-29,24000.0,24000.0,24200.0,23900.0,24050.0,16365900
2026-06-01,24050.0,24050.0,24150.0,23950.0,24000.0,9668300
2026-06-02,23700.0,23700.0,24050.0,23700.0,24000.0,25529600
2026-06-03,24150.0,24150.0,24150.0,23600.0,23700.0,20573500
2026-06-04,23950.0,23950.0,24150.0,23900.0,24150.0,10065300
2026-06-05,23750.0,23750.0,24050.0,23750.0,23950.0,13891200
2026-06-08,23300.0,23300.0,23750.0,23300.0,23650.0,22769900
2026-06-09,23550.0,23550.0,23550.0,23300.0,23350.0,12441700
2026-06-10,23600.0,23600.0,23700.0,23450.0,23550.0,7505500
2026-06-11,23300.0,23300.0,23550.0,23300.0,23500.0,10177700
2026-06-12,23200.0,23200.0,23550.0,23200.0,23550.0,13271400
2026-06-15,24350.0,24350.0,24350.0,23550.0,23550.0,30695200
2026-06-16,24200.0,24200.0,24350.0,24100.0,24250.0,14145800
2026-06-17,24000.0,24000.0,24300.0,24000.0,24200.0,19039000
2026-06-18,23650.0,23650.0,24150.0,23650.0,24050.0,18040500
2026-06-19,23600.0,23600.0,23900.0,23600.0,23800.0,20055700
2026-06-22,23600.0,23600.0,23850.0,23600.0,23700.0,10684400
2026-06-23,23300.0,23300.0,23700.0,23300.0,23650.0,29071800
2026-06-24,23500.0,23500.0,23600.0,23300.0,23400.0,12927300
2026-06-25,23400.0,23400.0,23600.0,23400.0,23500.0,7659100
2026-06-26,23500.0,23500.0,23500.0,23350.0,23400.0,15468600
2026-06-29,23650.0,23650.0,23650.0,23450.0,23550.0,14158200
2026-06-30,23300.0,23300.0,23700.0,23250.0,23700.0,30593200
2026-07-01,23300.0,23300.0,23700.0,23250.0,23700.0,30593200
2026-07-02,23400.0,23400.0,23650.0,23350.0,23500.0,13367500
2026-07-03,23250.0,23250.0,23500.0,23250.0,23400.0,15935100
2026-07-06,23100.0,23100.0,23600.0,23000.0,23400.0,21299300
2026-07-07,23100.0,23100.0,23250.0,23000.0,23200.0,13839600
2026-07-08,23200.0,23200.0,23400.0,23050.0,23150.0,12499500
2026-07-09,23200.0,23200.0,23250.0,23100.0,23200.0,11643400
2026-07-10,22950.0,22950.0,23250.0,22950.0,23200.0,11906800
2026-07-13,22400.0,22400.0,22950.0,22350.0,22950.0,32309000
2026-07-14,22500.0,22500.0,22500.0,22000.0,22300.0,22481900
2026-07-15,22400.0,22400.0,22600.0,22150.0,22500.0,21464500
2026-07-16,22200.0,22200.0,22400.0,21800.0,22300.0,22880600
2026-07-17,21850.0,21850.0,22350.0,21850.0,22200.0,17006300
2026-07-20,20600.0,20600.0,21750.0,20500.0,21750.0,53245200
2026-07-21,20800.0,20800.0,21150.0,20500.0,20500.0,27198700
2026-07-22,20700.0,20700.0,21050.0,20500.0,20900.0,43471900
2026-07-23,20800.0,20800.0,21000.0,20150.0,20700.0,36967600
2026-07-24,20800.0,20800.0,21000.0,20600.0,20700.0,17632000
2026-07-27,20350.0,20350.0,21000.0,20300.0,20900.0,18166800
2026-07-28,21000.0,21000.0,21000.0,20100.0,20150.0,29151700
2026-07-29,21650.0,21650.0,21650.0,20900.0,21050.0,36250000
2026-07-30,21800.0,21800.0,22050.0,21500.0,21650.0,29968000
