date,Adj Close,Close,High,Low,Open,Volume
2016-01-04,44604.296875,72916.6640625,74074.0703125,72337.9609375,74074.0703125,810984
2016-01-05,44250.3046875,72337.9609375,73495.3671875,72337.9609375,72916.6640625,493655
2016-01-06,44604.296875,72916.6640625,72916.6640625,71759.2578125,72337.9609375,433313
2016-01-07,43896.32421875,71759.2578125,72337.9609375,70601.8515625,72337.9609375,1263185
2016-01-08,43188.30078125,70601.8515625,71180.5546875,70023.1484375,71180.5546875,1064361
2016-01-11,42834.296875,70023.1484375,71180.5546875,70023.1484375,70023.1484375,703848
2016-01-12,43542.3046875,71180.5546875,71180.5546875,70023.1484375,70023.1484375,497784
2016-01-13,42834.296875,70023.1484375,71180.5546875,70023.1484375,71180.5546875,401984
2016-01-14,42834.296875,70023.1484375,70601.8515625,69444.4453125,70023.1484375,585567
2016-01-15,42480.30078125,69444.4453125,71180.5546875,69444.4453125,70601.8515625,856327
2016-01-18,41418.296875,67708.3359375,68865.7421875,65972.21875,68865.7421875,2149839
2016-01-19,42126.3046875,68865.7421875,68865.7421875,67129.6328125,67129.6328125,648656
2016-01-20,41418.296875,67708.3359375,68865.7421875,67708.3359375,68287.0390625,541434
2016-01-21,41064.2890625,67129.6328125,68287.0390625,66550.9296875,67129.6328125,575942
2016-01-22,40356.27734375,65972.21875,67708.3359375,64814.81640625,67129.6328125,1238163
2016-01-25,41772.29296875,68287.0390625,68287.0390625,66550.9296875,67129.6328125,561669
2016-01-26,40710.296875,66550.9296875,67708.3359375,65972.21875,67129.6328125,501085
2016-01-27,41418.296875,67708.3359375,67708.3359375,66550.9296875,67129.6328125,478137
2016-01-28,41064.2890625,67129.6328125,68287.0390625,67129.6328125,67129.6328125,431516
2016-01-29,41064.2890625,67129.6328125,67708.3359375,66550.9296875,67129.6328125,308050
2016-02-01,42126.3046875,68865.7421875,69444.4453125,67129.6328125,67708.3359375,1495255
2016-02-02,42126.3046875,68865.7421875,70023.1484375,68287.0390625,68865.7421875,434626
2016-02-03,42834.296875,70023.1484375,70023.1484375,68287.0390625,68287.0390625,466335
2016-02-04,43188.30078125,70601.8515625,71759.2578125,70601.8515625,71180.5546875,444648
2016-02-05,43896.32421875,71759.2578125,71759.2578125,70601.8515625,70601.8515625,353220
2016-02-15,44604.296875,72916.6640625,72916.6640625,70601.8515625,70601.8515625,818242
2016-02-16,45312.3125,74074.0703125,74652.78125,73495.3671875,74074.0703125,1075127
2016-02-17,46020.32421875,75231.484375,76967.59375,74652.78125,75810.1875,3461685
2016-02-18,45666.3203125,74652.78125,75810.1875,74074.0703125,75810.1875,1439424
2016-02-19,45666.3203125,74652.78125,75231.484375,74074.0703125,75231.484375,644647
2016-02-22,46020.32421875,75231.484375,75810.1875,74074.0703125,74652.78125,1318602
2016-02-23,46020.32421875,75231.484375,76388.890625,74652.78125,75810.1875,1509079
2016-02-24,46374.3359375,75810.1875,75810.1875,74652.78125,75231.484375,846115
2016-02-25,45666.3203125,74652.78125,76388.890625,74652.78125,75810.1875,1348686
2016-02-26,46020.32421875,75231.484375,75231.484375,74074.0703125,75231.484375,929698
2016-02-29,45312.3125,74074.0703125,75231.484375,74074.0703125,75231.484375,822856
2016-03-01,46020.32421875,75231.484375,75810.1875,74074.0703125,74074.0703125,1163825
2016-03-02,46728.3359375,76388.890625,76388.890625,74652.78125,75810.1875,1412501
2016-03-03,46374.3359375,75810.1875,76967.59375,75810.1875,76388.890625,744647
2016-03-04,46728.3359375,76388.890625,76388.890625,75231.484375,75810.1875,535455
2016-03-07,46374.3359375,75810.1875,76967.59375,75810.1875,75810.1875,1034760
2016-03-08,46374.3359375,75810.1875,76388.890625,75231.484375,75810.1875,682905
2016-03-09,46374.3359375,75810.1875,76388.890625,75231.484375,75810.1875,284843
2016-03-10,46374.3359375,75810.1875,75810.1875,74652.78125,75810.1875,855169
2016-03-11,48144.33203125,78703.703125,78703.703125,75231.484375,75231.484375,3811121
2016-03-14,47790.3359375,78125.0,79282.40625,77546.296875,78703.703125,761736
2016-03-15,48144.33203125,78703.703125,79861.109375,77546.296875,78125.0,1504500
2016-03-16,48498.34375,79282.40625,79861.109375,78125.0,78703.703125,649848
2016-03-17,48852.33984375,79861.109375,81018.515625,79282.40625,79282.40625,1278668
2016-03-18,48852.33984375,79861.109375,79861.109375,79282.40625,79282.40625,579381
2016-03-21,47790.3359375,78125.0,80439.8125,78125.0,79282.40625,932964
2016-03-22,47082.328125,76967.59375,78125.0,76388.890625,78125.0,1790622
2016-03-23,47436.33984375,77546.296875,78125.0,76967.59375,76967.59375,673885
2016-03-24,47790.3359375,78125.0,78703.703125,76967.59375,77546.296875,981555
2016-03-25,47436.33984375,77546.296875,78125.0,76388.890625,77546.296875,1031909
2016-03-28,47790.3359375,78125.0,78125.0,76967.59375,77546.296875,305959
2016-03-29,47436.33984375,77546.296875,78703.703125,77546.296875,78125.0,629942
2016-03-30,48144.33203125,78703.703125,79282.40625,76967.59375,77546.296875,1114715
2016-03-31,47436.33984375,77546.296875,79282.40625,77546.296875,78703.703125,863498
2016-04-01,47436.33984375,77546.296875,78703.703125,76967.59375,77546.296875,1359573
2016-04-04,47436.33984375,77546.296875,78125.0,76967.59375,77546.296875,450420
2016-04-05,48498.34375,79282.40625,79282.40625,78125.0,78703.703125,1021127
2016-04-06,48498.34375,79282.40625,79282.40625,78125.0,79282.40625,561600
2016-04-07,49914.3515625,81597.21875,82175.9296875,78703.703125,79282.40625,3663498
2016-04-08,50622.34765625,82754.6328125,83333.3359375,81018.515625,81597.21875,1810719
2016-04-11,50622.34765625,82754.6328125,83912.0390625,82754.6328125,83333.3359375,1409702
2016-04-12,50622.34765625,82754.6328125,83333.3359375,82175.9296875,82754.6328125,1186237
2016-04-13,50268.3515625,82175.9296875,83912.0390625,82175.9296875,82754.6328125,1177632
2016-04-14,50268.3515625,82175.9296875,83333.3359375,81597.21875,82175.9296875,1159608
2016-04-15,50622.34765625,82754.6328125,83912.0390625,82754.6328125,82754.6328125,1079326
2016-04-19,49206.359375,80439.8125,83333.3359375,80439.8125,82754.6328125,1931230
2016-04-20,48144.33203125,78703.703125,81018.515625,78125.0,80439.8125,2934938
2016-04-21,48498.34375,79282.40625,79861.109375,78125.0,79282.40625,1293891
2016-04-22,49560.35546875,81018.515625,81597.21875,79282.40625,79282.40625,1621831
2016-04-25,49206.359375,80439.8125,82754.6328125,80439.8125,82175.9296875,1531837
2016-04-26,49560.35546875,81018.515625,81018.515625,80439.8125,80439.8125,1044334
2016-04-27,48852.33984375,79861.109375,81597.21875,79861.109375,81597.21875,963239
2016-04-28,48852.33984375,79861.109375,80439.8125,79861.109375,80439.8125,836300
2016-04-29,49206.359375,80439.8125,80439.8125,79861.109375,79861.109375,804401
2016-05-04,50268.3515625,82175.9296875,82754.6328125,80439.8125,81018.515625,1439648
2016-05-05,50268.3515625,82175.9296875,83333.3359375,82175.9296875,82175.9296875,1064396
2016-05-06,50268.3515625,82175.9296875,82754.6328125,82175.9296875,82754.6328125,1035331
2016-05-09,50976.35546875,83333.3359375,85069.4453125,82754.6328125,84490.7421875,3297335
2016-05-10,50622.34765625,82754.6328125,83333.3359375,82175.9296875,82754.6328125,617241
2016-05-11,51684.35546875,84490.7421875,84490.7421875,82754.6328125,82754.6328125,768597
2016-05-12,51330.3671875,83912.0390625,85069.4453125,83333.3359375,84490.7421875,695468
2016-05-13,50976.35546875,83333.3359375,84490.7421875,83333.3359375,83912.0390625,570170
2016-05-16,51684.35546875,84490.7421875,85069.4453125,83333.3359375,83333.3359375,1135226
2016-05-17,52038.37109375,85069.4453125,85648.1484375,84490.7421875,85648.1484375,1864339
2016-05-18,51330.3671875,83912.0390625,85069.4453125,83912.0390625,85069.4453125,1102222
2016-05-19,51330.3671875,83912.0390625,84490.7421875,83333.3359375,83912.0390625,651853
2016-05-20,51684.35546875,84490.7421875,85069.4453125,83912.0390625,84490.7421875,687605
2016-05-23,51684.35546875,84490.7421875,85069.4453125,83912.0390625,85069.4453125,1236021
2016-05-24,51330.3671875,83912.0390625,84490.7421875,83912.0390625,84490.7421875,823443
2016-05-25,50976.35546875,83333.3359375,84490.7421875,83333.3359375,83912.0390625,779155
2016-05-26,49914.3515625,81597.21875,83333.3359375,81597.21875,83333.3359375,1664081
2016-05-27,50622.34765625,82754.6328125,82754.6328125,81597.21875,81597.21875,574629
2016-05-30,50268.3515625,82175.9296875,82754.6328125,81597.21875,82754.6328125,488367
2016-05-31,50268.3515625,82175.9296875,82754.6328125,82175.9296875,82754.6328125,349470
2016-06-01,49914.3515625,81597.21875,82175.9296875,81018.515625,81597.21875,1075248
2016-06-02,49914.3515625,81597.21875,82175.9296875,81597.21875,81597.21875,631739
2016-06-03,49914.359375,80439.8125,81018.515625,79861.109375,81018.515625,877979
2016-06-06,48837.05859375,78703.703125,80439.8125,78703.703125,80439.8125,1142415
2016-06-07,49196.16015625,79282.40625,79282.40625,78125.0,78703.703125,759749
2016-06-08,49555.25,79861.109375,80439.8125,79282.40625,79861.109375,505543
2016-06-09,49555.25,79861.109375,79861.109375,79282.40625,79861.109375,344615
2016-06-10,49196.16015625,79282.40625,79861.109375,78703.703125,79861.109375,576737
2016-06-13,49196.16015625,79282.40625,79282.40625,78125.0,78703.703125,484704
2016-06-14,49196.16015625,79282.40625,79282.40625,78125.0,78703.703125,303419
2016-06-15,49196.16015625,79282.40625,79861.109375,78125.0,78703.703125,461479
2016-06-16,49196.16015625,79282.40625,80439.8125,79282.40625,79861.109375,343751
2016-06-17,49196.16015625,79282.40625,79861.109375,78703.703125,79282.40625,360167
2016-06-20,49196.16015625,79282.40625,79861.109375,78703.703125,79282.40625,478517
2016-06-21,49914.359375,80439.8125,81018.515625,79861.109375,79861.109375,1053216
2016-06-22,49914.359375,80439.8125,81018.515625,79861.109375,80439.8125,477826
2016-06-23,50273.453125,81018.515625,81597.21875,79861.109375,79861.109375,1979009
2016-06-24,49196.16015625,79282.40625,81018.515625,76388.890625,81018.515625,3049729
2016-06-27,49196.16015625,79282.40625,79282.40625,77546.296875,78703.703125,1177459
2016-06-28,50273.453125,81018.515625,83333.3359375,78703.703125,79282.40625,3465797
2016-06-29,49914.359375,80439.8125,81597.21875,80439.8125,81597.21875,1435691
2016-06-30,50632.54296875,81597.21875,82175.9296875,81018.515625,81018.515625,1187447
2016-07-01,51350.72265625,82754.6328125,83333.3359375,82175.9296875,83333.3359375,2024282
2016-07-04,52068.9375,83912.0390625,83912.0390625,82754.6328125,83912.0390625,1518531
2016-07-05,51709.8203125,83333.3359375,84490.7421875,82754.6328125,83912.0390625,1242777
2016-07-06,51350.72265625,82754.6328125,83333.3359375,82175.9296875,83333.3359375,693809
2016-07-07,52787.125,85069.4453125,85069.4453125,82754.6328125,83333.3359375,2342839
2016-07-08,52787.125,85069.4453125,86226.8515625,84490.7421875,85069.4453125,1130976
2016-07-11,52428.01953125,84490.7421875,86226.8515625,83912.0390625,85069.4453125,958953
2016-07-12,52787.125,85069.4453125,85069.4453125,83333.3359375,84490.7421875,1113333
2016-07-13,52787.125,85069.4453125,85648.1484375,84490.7421875,85069.4453125,768493
2016-07-14,52428.01953125,84490.7421875,85648.1484375,83912.0390625,84490.7421875,2158652
2016-07-15,52787.125,85069.4453125,85648.1484375,83912.0390625,84490.7421875,849191
2016-07-18,53864.40234375,86805.5546875,87384.2578125,85069.4453125,85648.1484375,1872391
2016-07-19,54941.6953125,88541.6640625,89699.0703125,86805.5546875,86805.5546875,3176461
2016-07-20,56737.19140625,91435.1875,92013.890625,87962.9609375,89120.3671875,2674944
2016-07-21,56378.0859375,90856.484375,93750.0,90277.78125,92592.59375,3037944
2016-07-22,56018.9921875,90277.78125,92013.890625,87962.9609375,91435.1875,3627953
2016-07-25,55300.796875,89120.3671875,90856.484375,89120.3671875,90856.484375,953216
2016-07-26,56378.0859375,90856.484375,91435.1875,88541.6640625,89120.3671875,1764339
2016-07-27,56378.0859375,90856.484375,90856.484375,90856.484375,90856.484375,0
2016-07-28,57455.36328125,92592.59375,93171.296875,91435.1875,91435.1875,2274998
2016-07-29,56737.19140625,91435.1875,93171.296875,91435.1875,92592.59375,1736553
2016-08-01,55659.8828125,89699.0703125,92013.890625,89120.3671875,92013.890625,2948935
2016-08-02,54582.59375,87962.9609375,89699.0703125,87962.9609375,89120.3671875,2906064
2016-08-03,55300.796875,89120.3671875,89699.0703125,87962.9609375,88541.6640625,1141845
2016-08-04,56018.9921875,90277.78125,91435.1875,89120.3671875,89699.0703125,1973998
2016-08-05,56737.19140625,91435.1875,91435.1875,89699.0703125,90277.78125,1450863
2016-08-08,56737.19140625,91435.1875,92013.890625,90856.484375,91435.1875,1135607
2016-08-09,58173.5703125,93750.0,94328.703125,92013.890625,92013.890625,3294380
2016-08-10,58891.76171875,94907.40625,95486.109375,93750.0,94328.703125,2313982
2016-08-11,60687.21484375,97800.9296875,97800.9296875,94907.40625,95486.109375,2907239
2016-08-12,60328.12890625,97222.21875,101273.1484375,97222.21875,99537.0390625,5482442
2016-08-15,60687.21484375,97800.9296875,98379.6328125,96643.515625,97222.21875,1978542
2016-08-16,60687.21484375,97800.9296875,98958.3359375,97800.9296875,97800.9296875,1877523
2016-08-17,61405.43359375,98958.3359375,99537.0390625,97800.9296875,98379.6328125,2307277
2016-08-18,62482.71875,100694.4453125,100694.4453125,98958.3359375,99537.0390625,3655704
2016-08-19,63070.8046875,99305.5546875,102083.3359375,98611.109375,100694.4453125,5080075
2016-08-22,61747.625,97222.21875,100000.0,97222.21875,99305.5546875,1837756
2016-08-23,63070.8046875,99305.5546875,99305.5546875,96527.78125,97222.21875,1547308
2016-08-24,63952.90625,100694.4453125,101388.890625,99305.5546875,100000.0,1690531
2016-08-25,63952.90625,100694.4453125,101388.890625,99305.5546875,100694.4453125,877060
2016-08-26,64393.96875,101388.890625,101388.890625,100000.0,100000.0,1384358
2016-08-29,66599.2109375,104861.109375,107638.890625,101388.890625,101388.890625,4736217
2016-08-30,67040.265625,105555.5546875,106250.0,104166.6640625,105555.5546875,2523873
2016-08-31,68804.5,108333.3359375,108333.3359375,106250.0,106250.0,3036816
2016-09-01,67922.390625,106944.4453125,108333.3359375,105555.5546875,108333.3359375,3787344
2016-09-05,67922.390625,106944.4453125,108333.3359375,104861.109375,106944.4453125,3862742
2016-09-06,66158.1640625,104166.6640625,106944.4453125,104166.6640625,106944.4453125,2495030
2016-09-07,64393.96875,101388.890625,103472.21875,99305.5546875,103472.21875,5999760
2016-09-08,64835.01953125,102083.3359375,102777.78125,100000.0,100694.4453125,3294576
2016-09-09,63070.8046875,99305.5546875,102777.78125,99305.5546875,102777.78125,2508206
2016-09-12,62276.87109375,98055.5546875,101250.0,97847.21875,100000.0,3142656
2016-09-13,63908.78515625,100625.0,101250.0,96597.21875,98055.5546875,3493166
2016-09-14,63511.82421875,100000.0,100347.21875,98750.0,100000.0,1261152
2016-09-15,63070.8046875,99305.5546875,100416.6640625,98958.3359375,100069.4453125,2081433
2016-09-16,60865.5078125,95833.3359375,99305.5546875,95833.3359375,99305.5546875,9539467
2016-09-19,59983.41015625,94444.4453125,97222.21875,94305.5546875,97222.21875,4361011
2016-09-20,59983.41015625,94444.4453125,94444.4453125,92361.109375,93750.0,3853684
2016-09-21,60777.30078125,95694.4453125,96458.3359375,95138.890625,95833.3359375,2102774
2016-09-22,60512.68359375,95277.78125,96875.0,95277.78125,95833.3359375,1372276
2016-09-23,61747.625,97222.21875,97500.0,94791.6640625,95069.4453125,2475072
2016-09-26,62188.6875,97916.6640625,97986.109375,96944.4453125,97222.21875,2185992
2016-09-27,61747.625,97222.21875,98194.4453125,97222.21875,97916.6640625,1546747
2016-09-28,61747.625,97222.21875,97708.3359375,96736.109375,97569.4453125,2125584
2016-09-29,61747.625,97222.21875,97847.21875,97013.890625,97222.21875,2987625
2016-09-30,61747.625,97222.21875,97847.21875,97222.21875,97222.21875,1424376
2016-10-03,61968.12890625,97569.4453125,97847.21875,97361.109375,97847.21875,1539432
2016-10-04,61968.12890625,97569.4453125,98472.21875,97291.6640625,97569.4453125,1985169
2016-10-05,61924.05859375,97500.0,98194.4453125,97500.0,97916.6640625,1182772
2016-10-06,62629.7265625,98611.109375,98888.890625,97500.0,97500.0,2197958
2016-10-07,62453.3203125,98333.3359375,99027.78125,97638.890625,98611.109375,1692028
2016-10-10,61791.734375,97291.6640625,98333.3359375,97291.6640625,98333.3359375,1069459
2016-10-11,61968.12890625,97569.4453125,97916.6640625,95277.78125,97222.21875,2889288
2016-10-12,62409.203125,98263.890625,98263.890625,97222.21875,97569.4453125,1790193
2016-10-13,62629.7265625,98611.109375,98958.3359375,97986.109375,97986.109375,1110355
2016-10-14,63511.82421875,100000.0,100555.5546875,98611.109375,98611.109375,3016497
2016-10-17,62717.9609375,98750.0,100138.890625,98680.5546875,99513.890625,1025092
2016-10-18,63511.82421875,100000.0,100000.0,98541.6640625,98750.0,1263340
2016-10-19,64393.96875,101388.890625,101736.109375,99375.0,100000.0,2821708
2016-10-20,63908.78515625,100625.0,101736.109375,100347.21875,101388.890625,1231228
2016-10-21,63600.046875,100138.890625,101319.4453125,100069.4453125,100694.4453125,843350
2016-10-24,62188.6875,97916.6640625,100138.890625,97916.6640625,100138.890625,2369678
2016-10-25,62188.6875,97916.6640625,98472.21875,97569.4453125,97916.6640625,1796328
2016-10-26,62232.7734375,97986.109375,98263.890625,97847.21875,97916.6640625,583963
2016-10-27,62850.25390625,98958.3359375,98958.3359375,97986.109375,98194.4453125,545227
2016-10-28,63203.09375,99513.890625,100069.4453125,98611.109375,98958.3359375,1200168
2016-10-31,62629.7265625,98611.109375,99722.21875,98611.109375,99305.5546875,510408
2016-11-01,62585.63671875,98541.6640625,99305.5546875,98194.4453125,99305.5546875,807494
2016-11-02,62232.7734375,97986.109375,99027.78125,97986.109375,98541.6640625,1157616
2016-11-03,62365.1015625,98194.4453125,98194.4453125,97708.3359375,97916.6640625,2071612
2016-11-04,62144.5625,97847.21875,98541.6640625,97569.4453125,98194.4453125,1510243
2016-11-07,61835.828125,97361.109375,97986.109375,97291.6640625,97916.6640625,1813291
2016-11-08,61924.05859375,97500.0,97847.21875,97430.5546875,97569.4453125,702576
2016-11-09,61747.625,97222.21875,97430.5546875,94861.109375,97361.109375,3932510
2016-11-10,62188.6875,97916.6640625,98125.0,97500.0,97500.0,1398225
2016-11-11,61968.12890625,97569.4453125,98055.5546875,97569.4453125,97916.6640625,1137009
2016-11-14,60953.7109375,95972.21875,97430.5546875,95902.78125,97222.21875,2355364
2016-11-15,60556.76953125,95347.21875,96597.21875,95277.78125,95902.78125,2789539
2016-11-16,61306.57421875,96527.78125,96666.6640625,95347.21875,95347.21875,2439820
2016-11-17,61306.57421875,96527.78125,96736.109375,96319.4453125,96527.78125,1262563
2016-11-18,60512.68359375,95277.78125,96180.5546875,95277.78125,95902.78125,1828454
2016-11-21,61086.03125,96180.5546875,96458.3359375,95763.890625,95833.3359375,1400400
2016-11-22,62056.359375,97708.3359375,97847.21875,96250.0,96250.0,1788480
2016-11-23,61306.57421875,96527.78125,97777.78125,96388.890625,97708.3359375,1301428
2016-11-24,60292.1328125,94930.5546875,96458.3359375,94791.6640625,96458.3359375,3003580
2016-11-25,59321.8046875,93402.78125,95000.0,92847.21875,94930.5546875,3961396
2016-11-28,56984.21875,89722.21875,93055.5546875,89236.109375,93055.5546875,4500100
2016-11-29,59233.60546875,93263.890625,93472.21875,90625.0,90972.21875,4115016
2016-11-30,60865.5078125,95833.3359375,98611.109375,93055.5546875,93750.0,7790846
2016-12-01,59630.55078125,93888.890625,95972.21875,93888.890625,95833.3359375,2100441
2016-12-02,59542.359375,93750.0,94791.6640625,93194.4453125,93750.0,2445321
2016-12-05,59542.359375,93750.0,94236.109375,93402.78125,94027.78125,1526169
2016-12-06,59101.29296875,93055.5546875,93750.0,92916.6640625,93750.0,1326614
2016-12-07,58439.7109375,92013.890625,92638.890625,91527.78125,92569.4453125,2982369
2016-12-08,59630.55078125,93888.890625,94583.3359375,93472.21875,93888.890625,4010371
2016-12-09,59895.1875,94305.5546875,95000.0,93750.0,94097.21875,2177755
2016-12-12,58968.96484375,92847.21875,93263.890625,92013.890625,92013.890625,2427148
2016-12-13,57778.14453125,90972.21875,93750.0,90972.21875,92847.21875,2089612
2016-12-14,57689.93359375,90833.3359375,91805.5546875,90277.78125,90972.21875,1717588
2016-12-15,56278.54296875,88611.109375,90625.0,88125.0,90555.5546875,3946795
2016-12-16,57292.9765625,90208.3359375,90208.3359375,88888.890625,88888.890625,2415427
2016-12-19,56807.8046875,89444.4453125,90902.78125,89236.109375,90625.0,890784
2016-12-20,54955.375,86527.78125,89375.0,86319.4453125,89236.109375,4352097
2016-12-21,55616.9609375,87569.4453125,87986.109375,84375.0,86111.109375,3403713
2016-12-22,54293.80078125,85486.109375,88194.4453125,85486.109375,87569.4453125,2064254
2016-12-23,54690.75,86111.109375,86111.109375,84444.4453125,85416.6640625,2082528
2016-12-26,54029.17578125,85069.4453125,86458.3359375,84791.6640625,86111.109375,900950
2016-12-27,55131.80078125,86805.5546875,86944.4453125,84791.6640625,85000.0,2488780
2016-12-28,55572.85546875,87500.0,88055.5546875,86805.5546875,87500.0,1527033
2016-12-29,56719.609375,89305.5546875,90277.78125,89097.21875,90277.78125,2878776
2016-12-30,55396.4375,87222.21875,89305.5546875,87083.3359375,89305.5546875,1534824
2017-01-03,55881.5859375,87986.109375,88194.4453125,87222.21875,87222.21875,939412
2017-01-04,55969.8125,88125.0,88611.109375,88055.5546875,88541.6640625,949492
2017-01-05,55881.5859375,87986.109375,88263.890625,87638.890625,88263.890625,1184198
2017-01-06,55572.85546875,87500.0,88611.109375,87500.0,87986.109375,1975334
2017-01-09,55572.85546875,87500.0,88055.5546875,87500.0,87986.109375,1312272
2017-01-10,55616.9609375,87569.4453125,87847.21875,87500.0,87500.0,1318060
2017-01-11,56013.9140625,88194.4453125,88333.3359375,87638.890625,87708.3359375,1207036
2017-01-12,56013.9140625,88194.4453125,88472.21875,87916.6640625,88194.4453125,683683
2017-01-13,55969.8125,88125.0,88402.78125,87847.21875,88194.4453125,882144
2017-01-16,55793.38671875,87847.21875,88263.890625,87777.78125,88194.4453125,867787
2017-01-17,55616.9609375,87569.4453125,87986.109375,87569.4453125,87986.109375,838627
2017-01-18,55572.85546875,87500.0,87638.890625,86944.4453125,87500.0,1226880
2017-01-19,55572.85546875,87500.0,87708.3359375,87430.5546875,87708.3359375,1242417
2017-01-20,56013.9140625,88194.4453125,89097.21875,87500.0,87500.0,2296699
2017-01-23,56454.9765625,88888.890625,89652.78125,88194.4453125,88194.4453125,2628806
2017-01-24,56454.9765625,88888.890625,89722.21875,88888.890625,89583.3359375,1342324
2017-01-25,56896.02734375,89583.3359375,89722.21875,88888.890625,88888.890625,2139710
2017-01-26,56896.02734375,89583.3359375,89583.3359375,89583.3359375,89583.3359375,0
2017-02-03,59057.18359375,92986.109375,95069.4453125,92708.3359375,93680.5546875,2315678
2017-02-06,58748.44921875,92500.0,93194.4453125,92222.21875,93125.0,1918065
2017-02-07,59013.10546875,92916.6640625,93263.890625,92013.890625,92500.0,1063742
2017-02-08,59057.18359375,92986.109375,93333.3359375,92708.3359375,92916.6640625,646344
2017-02-09,59145.38671875,93125.0,93402.78125,93055.5546875,93263.890625,1172246
2017-02-10,59013.10546875,92916.6640625,93125.0,92847.21875,93125.0,3014452
2017-02-13,59013.10546875,92916.6640625,93055.5546875,92638.890625,92916.6640625,999763
2017-02-14,58616.125,92291.6640625,92986.109375,92152.78125,92916.6640625,969220
2017-02-15,58660.2421875,92361.109375,92500.0,92222.21875,92361.109375,1241308
2017-02-16,58219.1953125,91666.6640625,92638.890625,91388.890625,92361.109375,960336
2017-02-17,57337.08984375,90277.78125,91736.109375,90138.890625,91666.6640625,1373068
2017-02-20,57337.08984375,90277.78125,90694.4453125,90277.78125,90277.78125,698097
2017-02-21,57469.390625,90486.109375,91180.5546875,89791.6640625,90277.78125,1177444
2017-02-22,57513.515625,90555.5546875,91111.109375,90416.6640625,90486.109375,849772
2017-02-23,57469.390625,90486.109375,90625.0,89652.78125,90555.5546875,883080
2017-02-24,58175.09375,91597.21875,91597.21875,89930.5546875,90277.78125,1900411
2017-02-27,58130.97265625,91527.78125,92083.3359375,91527.78125,91666.6640625,1094054
2017-02-28,57954.546875,91250.0,91597.21875,90902.78125,91527.78125,1108353
2017-03-01,57689.93359375,90833.3359375,91458.3359375,90763.890625,90763.890625,845539
2017-03-02,57204.76171875,90069.4453125,90833.3359375,90069.4453125,90833.3359375,694137
2017-03-03,57292.9765625,90208.3359375,90347.21875,89791.6640625,90069.4453125,732196
2017-03-06,57734.01953125,90902.78125,90972.21875,89930.5546875,90069.4453125,1060689
2017-03-07,57337.08984375,90277.78125,90833.3359375,90208.3359375,90277.78125,640368
2017-03-08,57601.71875,90694.4453125,91388.890625,90277.78125,90277.78125,920678
2017-03-09,57557.609375,90625.0,90902.78125,90555.5546875,90902.78125,589334
2017-03-10,57292.9765625,90208.3359375,90694.4453125,90208.3359375,90625.0,615398
2017-03-13,57204.76171875,90069.4453125,90694.4453125,90069.4453125,90277.78125,493171
2017-03-14,57645.8125,90763.890625,90902.78125,90138.890625,90138.890625,705268
2017-03-15,58660.2421875,92361.109375,92361.109375,90763.890625,90833.3359375,1703246
2017-03-16,59101.29296875,93055.5546875,93333.3359375,92361.109375,92361.109375,1304625
2017-03-17,59101.29296875,93055.5546875,93472.21875,92777.78125,93125.0,1491148
2017-03-20,59057.18359375,92986.109375,93611.109375,91944.4453125,92500.0,1051574
2017-03-21,59806.9765625,94166.6640625,94444.4453125,92708.3359375,92708.3359375,1179705
2017-03-22,60248.03515625,94861.109375,96319.4453125,93958.3359375,93958.3359375,2120169
2017-03-23,61835.828125,97361.109375,97500.0,94861.109375,94861.109375,2954577
2017-03-24,62497.4140625,98402.78125,98611.109375,97708.3359375,97777.78125,1560600
2017-03-27,62629.7265625,98611.109375,99861.109375,98263.890625,99236.109375,1535385
2017-03-28,62100.4453125,97777.78125,99305.5546875,96527.78125,99097.21875,1477728
2017-03-29,62541.53125,98472.21875,98611.109375,97222.21875,97291.6640625,1114027
2017-03-30,63511.82421875,100000.0,100000.0,98472.21875,98472.21875,1692144
2017-03-31,63203.09375,99513.890625,100763.890625,99513.890625,100486.109375,1990425
2017-04-03,63644.1640625,100208.3359375,100416.6640625,99513.890625,99513.890625,1154923
2017-04-04,63511.82421875,100000.0,100208.3359375,99722.21875,100208.3359375,1532145
2017-04-05,63247.2109375,99583.3359375,100000.0,98958.3359375,99652.78125,1135915
2017-04-07,62894.375,99027.78125,99444.4453125,98125.0,98402.78125,1303732
2017-04-10,62894.375,99027.78125,99166.6640625,98541.6640625,99027.78125,870148
2017-04-11,63291.328125,99652.78125,99791.6640625,98958.3359375,99027.78125,670176
2017-04-12,63511.82421875,100000.0,100277.78125,99583.3359375,100000.0,1091952
2017-04-13,63114.87890625,99375.0,99930.5546875,99375.0,99652.78125,465076
2017-04-14,62497.4140625,98402.78125,99305.5546875,97777.78125,99027.78125,896184
2017-04-17,62629.7265625,98611.109375,99027.78125,97708.3359375,97708.3359375,1273204
2017-04-18,63688.26953125,100277.78125,100416.6640625,98611.109375,98680.5546875,2736547
2017-04-19,64129.3125,100972.21875,101319.4453125,100277.78125,100277.78125,1394827
2017-04-20,63908.78515625,100625.0,101041.6640625,100416.6640625,101041.6640625,615830
2017-04-21,63820.5859375,100486.109375,100902.78125,100138.890625,100625.0,641332
2017-04-24,63511.82421875,100000.0,100486.109375,99652.78125,100138.890625,809856
2017-04-25,63247.2109375,99583.3359375,99861.109375,99236.109375,99861.109375,680731
2017-04-26,63467.73828125,99930.5546875,99930.5546875,98958.3359375,99583.3359375,392630
2017-04-27,64614.4765625,101736.109375,101736.109375,99861.109375,100138.890625,1707350
2017-04-28,64614.4765625,101736.109375,101736.109375,101736.109375,101736.109375,0
2017-05-03,65408.36328125,102986.109375,103263.890625,102847.21875,102847.21875,1266422
2017-05-04,66391.9453125,103125.0,103472.21875,101805.5546875,102083.3359375,1439784
2017-05-05,65542.4921875,101805.5546875,102986.109375,101805.5546875,102430.5546875,755136
2017-05-08,65229.5546875,101319.4453125,101875.0,100763.890625,101805.5546875,1171108
2017-05-09,64380.06640625,100000.0,101250.0,99513.890625,101250.0,1349510
2017-05-10,64558.921875,100277.78125,101041.6640625,99513.890625,99722.21875,926496
2017-05-11,64603.62109375,100347.21875,100555.5546875,99930.5546875,100555.5546875,670968
2017-05-12,64737.734375,100555.5546875,100902.78125,100069.4453125,100347.21875,856411
2017-05-15,64335.3671875,99930.5546875,100902.78125,99583.3359375,100694.4453125,1181692
2017-05-16,64156.546875,99652.78125,100277.78125,99652.78125,100000.0,765028
2017-05-17,65721.3359375,102083.3359375,102430.5546875,99652.78125,99652.78125,1772654
2017-05-18,65274.24609375,101388.890625,101736.109375,100347.21875,100347.21875,835833
2017-05-19,66123.6953125,102708.3359375,102777.78125,101180.5546875,101388.890625,1175443
2017-05-22,67196.6953125,104375.0,104444.4453125,102638.890625,102708.3359375,1743624
2017-05-23,67733.203125,105208.3359375,105555.5546875,104375.0,104375.0,1051459
2017-05-24,67733.203125,105208.3359375,105486.109375,104166.6640625,105208.3359375,1011081
2017-05-25,67062.59375,104166.6640625,105208.3359375,103958.3359375,105208.3359375,892108
2017-05-26,67956.75,105555.5546875,105555.5546875,103819.4453125,103819.4453125,616190
2017-05-29,67822.640625,105347.21875,105763.890625,105138.890625,105555.5546875,513000
2017-05-30,66928.453125,103958.3359375,105277.78125,103680.5546875,105138.890625,663739
2017-05-31,66928.453125,103958.3359375,105763.890625,103888.890625,104166.6640625,1912406
2017-06-01,67912.046875,105486.109375,105486.109375,104236.109375,104861.109375,859939
2017-06-02,67464.9609375,104791.6640625,105555.5546875,104305.5546875,104861.109375,714268
2017-06-05,68716.8125,106736.109375,107986.109375,104791.6640625,104791.6640625,1078675
2017-06-06,68940.3359375,107083.3359375,107500.0,106736.109375,106944.4453125,344736
2017-06-07,68850.921875,106944.4453125,107361.109375,106250.0,107291.6640625,1066204
2017-06-08,68672.0859375,106666.6640625,106944.4453125,106527.78125,106944.4453125,299145
2017-06-09,68716.8125,106736.109375,106944.4453125,106597.21875,106875.0,474724
2017-06-12,68269.703125,106041.6640625,106805.5546875,105902.78125,106736.109375,728236
2017-06-13,68090.8671875,105763.890625,105972.21875,105277.78125,105972.21875,916113
2017-06-14,68627.375,106597.21875,106736.109375,105694.4453125,105763.890625,771840
2017-06-15,68761.5078125,106805.5546875,107152.78125,106458.3359375,106597.21875,596937
2017-06-16,68403.8203125,106250.0,107638.890625,106250.0,107638.890625,1672372
2017-06-19,69029.7578125,107222.21875,107222.21875,106319.4453125,106388.890625,1066363
2017-06-20,68403.8203125,106250.0,107222.21875,106041.6640625,107222.21875,1288454
2017-06-21,68761.5078125,106805.5546875,106805.5546875,105208.3359375,105972.21875,1314288
2017-06-22,68359.125,106180.5546875,106805.5546875,106111.109375,106319.4453125,351532
2017-06-23,68403.8203125,106250.0,106319.4453125,105972.21875,106180.5546875,496684
2017-06-26,68582.6640625,106527.78125,106597.21875,105763.890625,106250.0,385128
2017-06-27,68627.375,106597.21875,106736.109375,106458.3359375,106527.78125,780811
2017-06-28,69476.84375,107916.6640625,107986.109375,106597.21875,106597.21875,1322380
2017-06-29,69208.5859375,107500.0,108263.890625,107500.0,107986.109375,450316
2017-06-30,70460.421875,109444.4453125,109652.78125,107500.0,107500.0,1936310
2017-07-03,70192.171875,109027.78125,109722.21875,108819.4453125,109722.21875,809769
2017-07-04,69968.6171875,108680.5546875,108958.3359375,108402.78125,108958.3359375,467064
2017-07-05,70013.34375,108750.0,108819.4453125,108263.890625,108402.78125,631512
2017-07-06,70415.7109375,109375.0,109861.109375,108819.4453125,109375.0,791712
2017-07-07,68940.3359375,107083.3359375,109722.21875,107083.3359375,109722.21875,1405958
2017-07-10,67822.640625,105347.21875,107430.5546875,105000.0,107083.3359375,1429790
2017-07-11,68403.8203125,106250.0,106250.0,105347.21875,105347.21875,746136
2017-07-12,69476.84375,107916.6640625,108263.890625,106111.109375,106805.5546875,779990
2017-07-13,69476.84375,107916.6640625,107916.6640625,107916.6640625,107916.6640625,0
2017-07-14,69342.7109375,107708.3359375,108541.6640625,107638.890625,108541.6640625,994219
2017-07-17,67912.046875,105486.109375,107638.890625,105277.78125,106944.4453125,796795
2017-07-18,67956.75,105555.5546875,106250.0,104861.109375,105555.5546875,918532
2017-07-19,68403.8203125,106250.0,107222.21875,106041.6640625,106250.0,541180
2017-07-20,67956.75,105555.5546875,106180.5546875,105486.109375,105555.5546875,1048305
2017-07-21,67733.203125,105208.3359375,105555.5546875,105000.0,105000.0,669513
2017-07-24,67867.328125,105416.6640625,105555.5546875,104166.6640625,104930.5546875,1014580
2017-07-25,67867.328125,105416.6640625,105555.5546875,105000.0,105208.3359375,252244
2017-07-26,68403.8203125,106250.0,106736.109375,105486.109375,105555.5546875,487094
2017-07-27,68359.125,106180.5546875,106250.0,106041.6640625,106250.0,308476
2017-07-28,68359.125,106180.5546875,106180.5546875,106180.5546875,106180.5546875,0
2017-07-31,68225.0,105972.21875,106250.0,105902.78125,106250.0,983462
2017-08-01,67554.3984375,104930.5546875,105972.21875,104930.5546875,105972.21875,1168675
2017-08-02,68135.5703125,105833.3359375,105902.78125,104930.5546875,104930.5546875,1535040
2017-08-03,68850.921875,106944.4453125,107152.78125,106250.0,106388.890625,1012046
2017-08-04,68850.921875,106944.4453125,107152.78125,106805.5546875,106944.4453125,418838
2017-08-07,68716.8125,106736.109375,106944.4453125,106250.0,106944.4453125,553104
2017-08-08,67956.75,105555.5546875,106736.109375,105416.6640625,106736.109375,1724544
2017-08-09,67062.59375,104166.6640625,105555.5546875,103055.5546875,105555.5546875,1608220
2017-08-10,67733.203125,105208.3359375,105416.6640625,104166.6640625,104166.6640625,564998
2017-08-11,67733.203125,105208.3359375,105555.5546875,104166.6640625,105208.3359375,995904
2017-08-14,67823.8125,103958.3359375,104166.6640625,103680.5546875,104166.6640625,1335542
2017-08-15,67280.1484375,103125.0,104166.6640625,103125.0,103958.3359375,773496
2017-08-16,66827.078125,102430.5546875,102916.6640625,101458.3359375,102916.6640625,615124
2017-08-17,67416.0703125,103333.3359375,103541.6640625,102083.3359375,102430.5546875,1212840
2017-08-18,67597.28125,103611.109375,103750.0,102847.21875,102847.21875,512467
2017-08-21,67461.375,103402.78125,103680.5546875,103402.78125,103680.5546875,356299
2017-08-22,67280.1484375,103125.0,103472.21875,102916.6640625,103472.21875,602510
2017-08-23,67280.1484375,103125.0,103125.0,102638.890625,103055.5546875,58066560
2017-08-24,67189.53125,102986.109375,103125.0,102847.21875,102847.21875,35200800
2017-08-25,67280.1484375,103125.0,103125.0,102847.21875,103125.0,395438
2017-08-28,67189.53125,102986.109375,103125.0,102569.4453125,103125.0,465523
2017-08-29,67189.53125,102986.109375,102986.109375,102986.109375,102986.109375,0
2017-08-30,67053.59375,102777.78125,102847.21875,102430.5546875,102430.5546875,742262
2017-08-31,67234.84375,103055.5546875,104513.890625,102986.109375,103125.0,851155
2017-09-01,68639.328125,105208.3359375,105208.3359375,103402.78125,103402.78125,791755
2017-09-04,68639.328125,105208.3359375,105208.3359375,105208.3359375,105208.3359375,0
2017-09-05,69137.71875,105972.21875,106111.109375,104930.5546875,105208.3359375,1238601
2017-09-06,68412.7890625,104861.109375,105833.3359375,104652.78125,105833.3359375,468604
2017-09-07,67733.1953125,103819.4453125,104652.78125,103750.0,104652.78125,624312
2017-09-08,67551.96875,103541.6640625,103888.890625,103333.3359375,103472.21875,437169
2017-09-11,67234.84375,103055.5546875,103541.6640625,102916.6640625,103541.6640625,956520
2017-09-12,67098.8984375,102847.21875,103125.0,102569.4453125,102638.890625,974073
2017-09-13,67144.234375,102916.6640625,102916.6640625,102777.78125,102916.6640625,1427515
2017-09-14,67189.53125,102986.109375,103055.5546875,102777.78125,102777.78125,1160193
2017-09-15,67053.59375,102777.78125,102986.109375,102500.0,102708.3359375,2188915
2017-09-18,67506.6796875,103472.21875,104166.6640625,102430.5546875,102430.5546875,799545
2017-09-19,67234.84375,103055.5546875,103611.109375,103055.5546875,103472.21875,494020
2017-09-20,67461.375,103402.78125,103611.109375,102777.78125,103055.5546875,528638
2017-09-21,67053.59375,102777.78125,103125.0,102777.78125,103125.0,1067630
2017-09-22,66917.6875,102569.4453125,103125.0,102569.4453125,102777.78125,509414
2017-09-25,67053.59375,102777.78125,102777.78125,102222.21875,102569.4453125,366278
2017-09-26,67098.8984375,102847.21875,103194.4453125,102569.4453125,102777.78125,486950
2017-09-27,67053.59375,102777.78125,103125.0,102708.3359375,102777.78125,447580
2017-09-28,67506.6796875,103472.21875,103472.21875,102708.3359375,102777.78125,634118
2017-09-29,67597.28125,103611.109375,104861.109375,103402.78125,103472.21875,1435118
2017-10-02,67280.1484375,103125.0,103819.4453125,103055.5546875,103541.6640625,427838
2017-10-03,67008.3046875,102708.3359375,103194.4453125,102569.4453125,103194.4453125,914342
2017-10-04,67280.1484375,103125.0,103125.0,102569.4453125,102638.890625,440539
2017-10-05,67506.6796875,103472.21875,103888.890625,102986.109375,103194.4453125,670766
2017-10-06,67506.6796875,103472.21875,104375.0,103472.21875,103888.890625,1311494
2017-10-09,67461.375,103402.78125,103611.109375,102847.21875,103472.21875,210254
2017-10-10,67280.1484375,103125.0,103333.3359375,102916.6640625,102916.6640625,570254
2017-10-11,67280.1484375,103125.0,103333.3359375,102916.6640625,103125.0,902505
2017-10-12,67053.59375,102777.78125,103194.4453125,102777.78125,103125.0,572529
2017-10-13,67687.890625,103750.0,103750.0,102777.78125,102777.78125,720057
2017-10-16,67325.4453125,103194.4453125,104236.109375,103194.4453125,104097.21875,981763
2017-10-17,67551.96875,103541.6640625,103611.109375,103125.0,103194.4453125,573148
2017-10-18,67506.6796875,103472.21875,103888.890625,103472.21875,103472.21875,555364
2017-10-19,67416.0703125,103333.3359375,103472.21875,103125.0,103472.21875,557452
2017-10-20,67280.1484375,103125.0,103333.3359375,103125.0,103194.4453125,374400
2017-10-23,67053.59375,102777.78125,103125.0,102638.890625,103125.0,848851
2017-10-24,67506.6796875,103472.21875,103472.21875,102500.0,102708.3359375,973756
2017-10-25,68186.265625,104513.890625,104583.3359375,103472.21875,103472.21875,1302408
2017-10-26,68775.2578125,105416.6640625,105486.109375,104583.3359375,104583.3359375,1403380
2017-10-27,69047.09375,105833.3359375,105833.3359375,105416.6640625,105555.5546875,1106366
2017-10-30,68820.5625,105486.109375,105972.21875,105277.78125,105972.21875,802814
2017-10-31,68412.7890625,104861.109375,105486.109375,104861.109375,105486.109375,1385452
2017-11-01,70225.0859375,107638.890625,107986.109375,104861.109375,104861.109375,2159697
2017-11-02,70632.8125,108263.890625,109583.3359375,107083.3359375,107638.890625,1608926
2017-11-03,70315.6796875,107777.78125,108333.3359375,106597.21875,108263.890625,676512
2017-11-06,71584.25,109722.21875,109722.21875,107777.78125,107777.78125,1612929
2017-11-07,71493.640625,109583.3359375,110069.4453125,109027.78125,109722.21875,807840
2017-11-08,72581.0,111250.0,111527.78125,109583.3359375,109583.3359375,3501604
2017-11-09,73623.0625,112847.21875,113194.4453125,110625.0,111250.0,2954678
2017-11-10,78742.671875,120694.4453125,120694.4453125,112500.0,112708.3359375,13349448
2017-11-13,83590.46875,128125.0,128611.109375,120833.3359375,121527.78125,6473001
2017-11-14,81551.6953125,125000.0,126527.78125,121527.78125,125694.4453125,2144937
2017-11-15,82367.21875,126250.0,127777.78125,122083.3359375,122083.3359375,1750852
2017-11-16,83001.4921875,127222.21875,127777.78125,125138.890625,125694.4453125,918691
2017-11-17,83001.4921875,127222.21875,127708.3359375,126527.78125,127222.21875,929592
2017-11-20,84723.1328125,129861.109375,130277.78125,126041.6640625,127013.890625,1389355
2017-11-21,85629.2734375,131250.0,135902.78125,129861.109375,129861.109375,1624636
2017-11-22,83771.703125,128402.78125,131250.0,125000.0,131111.109375,2634811
2017-11-23,83771.703125,128402.78125,131250.0,126458.3359375,128402.78125,957542
2017-11-24,83817.015625,128472.21875,129166.6640625,125763.890625,126041.6640625,977472
2017-11-27,83817.015625,128472.21875,128819.4453125,127152.78125,127777.78125,998452
2017-11-28,83817.015625,128472.21875,128472.21875,127083.3359375,127083.3359375,547848
2017-11-29,83817.015625,128472.21875,128750.0,127777.78125,127777.78125,669124
2017-11-30,84587.21875,129652.78125,131597.21875,128402.78125,128472.21875,1549785
2017-12-01,88800.7265625,136111.109375,136111.109375,129861.109375,129861.109375,1803715
2017-12-04,91972.15625,140972.21875,142430.5625,136111.109375,136111.109375,2043792
2017-12-05,90159.8984375,138194.4375,142361.109375,137500.0,140972.21875,1022500
2017-12-06,88347.65625,135416.671875,136805.5625,130000.0,135416.671875,1367884
2017-12-07,84270.0859375,129166.6640625,137430.5625,129166.6640625,135416.671875,1712030
2017-12-08,85221.5234375,130625.0,134166.671875,129166.6640625,129166.6640625,1208793
2017-12-11,86535.390625,132638.890625,134861.109375,130625.0,130625.0,1214856
2017-12-12,88121.1171875,135069.4375,135347.21875,131944.4375,134027.78125,1090108
2017-12-13,88257.0390625,135277.78125,135694.4375,133680.5625,135069.4375,940161
2017-12-14,91066.0390625,139583.328125,139583.328125,135416.671875,135763.890625,1205985
2017-12-15,89253.796875,136805.5625,139583.328125,135416.671875,139583.328125,2686838
2017-12-18,92878.3046875,142361.109375,142708.328125,137777.78125,139583.328125,1754294
2017-12-19,91972.15625,140972.21875,142986.109375,140972.21875,142361.109375,1563940
2017-12-20,91519.09375,140277.78125,142152.78125,138888.890625,139583.328125,797918
2017-12-21,92379.9375,141597.21875,142152.78125,139583.328125,139583.328125,672652
2017-12-22,91926.875,140902.78125,141666.671875,140277.78125,140972.21875,637790
2017-12-25,90612.96875,138888.890625,140833.328125,138750.0,140347.21875,543484
2017-12-26,91926.875,140902.78125,140902.78125,138611.109375,138888.890625,597830
2017-12-27,92878.3046875,142361.109375,142708.328125,141666.671875,142152.78125,1087171
2017-12-28,93654.1796875,142500.0,142708.328125,141666.671875,142361.109375,940276
2017-12-29,95205.96875,144861.109375,147569.4375,141319.4375,141319.4375,1286697
2018-01-01,95205.96875,144861.109375,144861.109375,144861.109375,144861.109375,0
2018-01-02,96529.5625,146875.0,147152.78125,144861.109375,146527.78125,536774
2018-01-03,97624.921875,148541.671875,149305.5625,147291.671875,148263.890625,802612
2018-01-04,98035.6796875,149166.671875,149305.5625,147986.109375,147986.109375,1014264
2018-01-05,97442.3671875,148263.890625,149305.5625,147569.4375,148611.109375,747158
2018-01-08,95844.921875,145833.328125,147916.671875,144791.671875,147916.671875,971712
2018-01-09,94475.7265625,143750.0,147222.21875,143402.78125,145902.78125,1167249
2018-01-10,96301.3359375,146527.78125,146527.78125,142500.0,142500.0,1299960
2018-01-11,95844.921875,145833.328125,147222.21875,145208.328125,147222.21875,1144483
2018-01-12,95799.3046875,145763.890625,146527.78125,145347.21875,145833.328125,843321
2018-01-15,95160.3046875,144791.671875,145486.109375,144444.4375,145138.890625,583430
2018-01-16,95069.0546875,144652.78125,144791.671875,143888.890625,143888.890625,1010102
2018-01-17,95069.0546875,144652.78125,144652.78125,144652.78125,144652.78125,0
2018-01-18,93836.7421875,142777.78125,142777.78125,138541.671875,138888.890625,1327392
2018-01-19,93836.7421875,142777.78125,145416.671875,142777.78125,143333.328125,1575432
2018-01-22,93836.7421875,142777.78125,142777.78125,142777.78125,142777.78125,0
2018-01-23,93836.7421875,142777.78125,142777.78125,142777.78125,142777.78125,0
2018-01-24,93836.7421875,142777.78125,142777.78125,142777.78125,142777.78125,0
2018-01-25,94475.7265625,143750.0,147083.328125,143750.0,145138.890625,1525564
2018-01-26,96666.453125,147083.328125,147361.109375,143819.4375,143819.4375,968270
2018-01-29,94247.5234375,143402.78125,147222.21875,143402.78125,147083.328125,825451
2018-01-30,93334.703125,142013.890625,142361.109375,140902.78125,141666.671875,1214164
2018-01-31,92878.3203125,141319.4375,144097.21875,139652.78125,140555.5625,1613188
2018-02-01,92650.078125,140972.21875,143472.21875,139583.328125,141666.671875,649828
2018-02-02,94475.7265625,143750.0,143750.0,139930.5625,139930.5625,975369
2018-02-05,92695.75,141041.671875,142361.109375,140069.4375,140625.0,727084
2018-02-06,90322.453125,137430.5625,140277.78125,131597.21875,133333.328125,2138126
2018-02-07,91417.8203125,139097.21875,141527.78125,139027.78125,141527.78125,731044
2018-02-08,89957.3125,136875.0,139097.21875,136388.890625,138888.890625,337291
2018-02-09,87173.25,132638.890625,133333.328125,129861.109375,131944.4375,1233403
2018-02-12,87629.65625,133333.328125,133333.328125,131250.0,131250.0,1397160
2018-02-13,88314.2734375,134375.0,135416.671875,133333.328125,133333.328125,779976
2018-02-14,88314.2734375,134375.0,134375.0,134375.0,134375.0,0
2018-02-15,88314.2734375,134375.0,134375.0,134375.0,134375.0,0
2018-02-16,88314.2734375,134375.0,134375.0,134375.0,134375.0,0
2018-02-19,88314.2734375,134375.0,134375.0,134375.0,134375.0,0
2018-02-20,88314.2734375,134375.0,134375.0,134375.0,134375.0,0
2018-02-21,92741.3984375,141111.109375,141111.109375,134722.21875,137430.5625,935841
2018-02-22,91737.296875,139583.328125,141111.109375,138263.890625,141111.109375,647769
2018-02-23,92193.6796875,140277.78125,141319.4375,138194.4375,140972.21875,693763
2018-02-26,91280.890625,138888.890625,141666.671875,138888.890625,140277.78125,1281052
2018-02-27,91280.890625,138888.890625,140277.78125,137500.0,140277.78125,658454
2018-02-28,89455.2734375,136111.109375,138611.109375,136111.109375,138194.4375,1276963
2018-03-01,89455.2734375,136111.109375,138194.4375,136111.109375,136111.109375,1055361
2018-03-02,90961.4296875,138402.78125,138541.671875,135416.671875,136111.109375,594403
2018-03-05,92376.28125,140555.5625,142361.109375,137847.21875,138750.0,1025380
2018-03-06,92193.6796875,140277.78125,141319.4375,138333.328125,140555.5625,1132185
2018-03-07,94064.9609375,143125.0,145833.328125,139652.78125,139652.78125,2852798
2018-03-08,95388.5390625,145138.890625,145347.21875,143750.0,143750.0,853070
2018-03-09,94932.1015625,144444.4375,146250.0,144444.4375,145138.890625,1470456
2018-03-12,94019.3046875,143055.5625,146319.4375,143055.5625,144791.671875,1192651
2018-03-13,95844.921875,145833.328125,146527.78125,143055.5625,143055.5625,1822737
2018-03-14,97214.15625,147916.671875,148611.109375,145277.78125,145833.328125,1631779
2018-03-15,95936.1953125,145972.21875,147916.671875,145694.4375,147916.671875,897235
2018-03-16,97670.5390625,148611.109375,148611.109375,145138.890625,146527.78125,2491920
2018-03-19,96757.7421875,147222.21875,148958.328125,146180.5625,148958.328125,1153843
2018-03-20,95388.5390625,145138.890625,147222.21875,145138.890625,147222.21875,986011
2018-03-21,95388.5390625,145138.890625,146597.21875,145138.890625,145138.890625,1306872
2018-03-22,95388.5390625,145138.890625,147152.78125,145138.890625,147152.78125,689256
2018-03-23,94475.7265625,143750.0,144444.4375,142430.5625,143125.0,986716
2018-03-26,95160.3046875,144791.671875,146180.5625,143472.21875,143750.0,926640
2018-03-27,97214.15625,147916.671875,149097.21875,145138.890625,145833.328125,2390990
2018-03-28,96301.3359375,146527.78125,148611.109375,146527.78125,147916.671875,842443
2018-03-29,94475.7265625,143750.0,146736.109375,143750.0,146527.78125,1092283
2018-03-30,92650.078125,140972.21875,143750.0,139652.78125,143750.0,2202753
2018-04-02,91143.9609375,138680.5625,140902.78125,137847.21875,140625.0,2546035
2018-04-03,88405.546875,134513.890625,139236.109375,133750.0,138888.890625,2905848
2018-04-04,91280.890625,138888.890625,138888.890625,134513.890625,134513.890625,1427227
2018-04-05,90048.6015625,137013.890625,138888.890625,135972.21875,138888.890625,651902
2018-04-06,90459.3671875,137638.890625,138680.5625,136805.5625,136944.4375,894499
2018-04-09,90276.796875,137361.109375,138333.328125,136805.5625,138194.4375,1006920
2018-04-10,89911.6953125,136805.5625,137361.109375,135416.671875,137361.109375,1575144
2018-04-11,89455.2734375,136111.109375,137152.78125,135694.4375,136111.109375,1219636
2018-04-12,89592.1953125,136319.4375,136666.671875,135694.4375,136458.328125,1081699
2018-04-13,89318.375,135902.78125,136805.5625,135763.890625,136805.5625,1047038
2018-04-16,86716.859375,131944.4375,135902.78125,131944.4375,135902.78125,940867
2018-04-17,84206.6171875,128125.0,131250.0,125833.3359375,130208.3359375,1753243
2018-04-18,85575.8359375,130208.3359375,130208.3359375,127986.109375,128472.21875,1089360
2018-04-19,85575.8359375,130208.3359375,130763.890625,129444.4453125,130208.3359375,1217044
2018-04-20,84891.234375,129166.6640625,129861.109375,128472.21875,129861.109375,1065168
2018-04-23,83248.1796875,126666.6640625,129097.21875,126388.890625,128472.21875,917193
2018-04-24,82152.796875,125000.0,125694.4453125,122291.6640625,124305.5546875,2116440
2018-04-25,82152.796875,125000.0,125000.0,125000.0,125000.0,0
2018-04-26,82609.1953125,125694.4453125,126319.4453125,125000.0,126319.4453125,1381708
2018-04-27,84434.8203125,128472.21875,131250.0,126388.890625,126666.6640625,1436961
2018-04-30,84434.8203125,128472.21875,128472.21875,128472.21875,128472.21875,0
2018-05-01,84434.8203125,128472.21875,128472.21875,128472.21875,128472.21875,0
2018-05-02,84206.6171875,128125.0,129166.6640625,128125.0,129166.6640625,891691
2018-05-03,84434.8203125,128472.21875,129861.109375,127777.78125,129861.109375,1264780
2018-05-04,83978.421875,127777.78125,128472.21875,127569.4453125,128333.3359375,1059451
2018-05-07,86716.859375,131944.4375,132291.671875,128125.0,128472.21875,1111406
2018-05-08,84480.453125,128541.6640625,132291.671875,128541.6640625,132291.671875,740491
2018-05-09,84434.8203125,128472.21875,129166.6640625,127777.78125,128472.21875,799574
2018-05-10,82152.796875,125000.0,129166.6640625,124305.5546875,129166.6640625,649454
2018-05-11,81239.984375,123611.109375,125694.4453125,122916.6640625,125000.0,1449532
2018-05-14,81239.984375,123611.109375,125000.0,122222.21875,124305.5546875,828000
2018-05-15,80327.1953125,122222.21875,125347.21875,122222.21875,125000.0,1786665
2018-05-16,77178.0,117430.5546875,122986.109375,117430.5546875,122222.21875,2367374
2018-05-17,75306.734375,114583.3359375,117708.3359375,114583.3359375,117361.109375,1480896
2018-05-18,78090.8203125,118819.4453125,118819.4453125,115000.0,115277.78125,1661486
2018-05-21,75763.1484375,115277.78125,119444.4453125,114652.78125,119444.4453125,1501185
2018-05-22,73937.515625,112500.0,115277.78125,111111.109375,114583.3359375,1706904
2018-05-23,76356.46875,116180.5546875,117708.3359375,111180.5546875,111180.5546875,1398643
2018-05-24,76675.9453125,116666.6640625,117638.890625,115833.3359375,117361.109375,1162497
2018-05-25,75763.1484375,115277.78125,116666.6640625,115277.78125,115972.21875,738518
2018-05-28,75306.734375,114583.3359375,114930.5546875,112500.0,114583.3359375,669355
2018-05-29,76949.796875,117083.3359375,117708.3359375,112500.0,113541.6640625,1012492
2018-05-30,75534.9375,114930.5546875,116736.109375,114652.78125,116666.6640625,708364
2018-05-31,74941.609375,114027.78125,115277.78125,113541.6640625,114930.5546875,3213662
2018-06-01,76767.234375,116805.5546875,117500.0,114930.5546875,115277.78125,1514318
2018-06-04,79870.7734375,121527.78125,121666.6640625,117361.109375,118055.5546875,1389931
2018-06-05,81482.0078125,122916.6640625,124930.5546875,120486.109375,121527.78125,1265990
2018-06-06,80561.3046875,121527.78125,122916.6640625,120486.109375,122916.6640625,667756
2018-06-07,81620.109375,123125.0,123541.6640625,122013.890625,122083.3359375,578736
2018-06-08,81482.0078125,122916.6640625,122916.6640625,121597.21875,121597.21875,727948
2018-06-11,82909.1015625,125069.4453125,126388.890625,122569.4453125,122916.6640625,1038312
2018-06-12,83323.3984375,125694.4453125,125694.4453125,123611.109375,124305.5546875,1258113
2018-06-13,83323.3984375,125694.4453125,125694.4453125,124583.3359375,125694.4453125,680356
2018-06-14,82863.0546875,125000.0,125694.4453125,124097.21875,125069.4453125,1105560
2018-06-15,82863.0546875,125000.0,125347.21875,123611.109375,124027.78125,1605211
2018-06-18,79502.4921875,119930.5546875,124861.109375,119930.5546875,123680.5546875,513100
2018-06-19,76556.2578125,115486.109375,119444.4453125,114652.78125,119444.4453125,1550232
2018-06-20,77707.140625,117222.21875,117916.6640625,115138.890625,115277.78125,820641
2018-06-21,78259.5546875,118055.5546875,118402.78125,116666.6640625,117222.21875,549201
2018-06-22,81942.3671875,123611.109375,123958.3359375,117013.890625,117013.890625,1618056
2018-06-25,82494.78125,124444.4453125,126388.890625,123958.3359375,126388.890625,917740
2018-06-26,80975.640625,122152.78125,123611.109375,120833.3359375,122569.4453125,360345
2018-06-27,80561.3046875,121527.78125,122152.78125,121250.0,121250.0,460944
2018-06-28,78259.5546875,118055.5546875,121250.0,117361.109375,120833.3359375,1077350
2018-06-29,78259.5546875,118055.5546875,119791.6640625,118055.5546875,118055.5546875,1677182
2018-07-02,78719.90625,118750.0,118750.0,117361.109375,118055.5546875,1403481
2018-07-03,78259.5546875,118055.5546875,118125.0,117361.109375,118055.5546875,1519891
2018-07-04,76878.5,115972.21875,118055.5546875,115972.21875,118055.5546875,1233144
2018-07-05,75957.796875,114583.3359375,116666.6640625,113888.890625,115972.21875,1268193
2018-07-06,76418.15625,115277.78125,118055.5546875,113888.890625,113888.890625,646588
2018-07-09,76878.5,115972.21875,117708.3359375,115833.3359375,117291.6640625,461563
2018-07-10,76878.5,115972.21875,117291.6640625,115972.21875,115972.21875,1010592
2018-07-11,76878.5,115972.21875,117013.890625,115277.78125,115972.21875,1050652
2018-07-12,77476.9609375,116875.0,117222.21875,115972.21875,115972.21875,228283
2018-07-13,76556.2578125,115486.109375,117222.21875,115138.890625,116875.0,553478
2018-07-16,77338.859375,116666.6640625,116875.0,115138.890625,116111.109375,802742
2018-07-17,77292.8203125,116597.21875,116666.6640625,115555.5546875,115625.0,847324
2018-07-18,77799.1953125,117361.109375,117361.109375,116319.4453125,116666.6640625,725587
2018-07-19,78489.7265625,118402.78125,120138.890625,117361.109375,120138.890625,1397649
2018-07-20,78029.375,117708.3359375,118611.109375,117500.0,118611.109375,893808
2018-07-23,78259.5546875,118055.5546875,119305.5546875,116805.5546875,117361.109375,986832
2018-07-24,78259.5546875,118055.5546875,118055.5546875,118055.5546875,118055.5546875,0
2018-07-25,78213.5234375,117986.109375,118333.3359375,117986.109375,118055.5546875,614952
2018-07-26,78950.078125,119097.21875,119097.21875,117361.109375,117986.109375,748281
2018-07-27,77707.140625,117222.21875,119097.21875,117083.3359375,118750.0,418579
2018-07-30,77569.0234375,117013.890625,117986.109375,116527.78125,117361.109375,652579
2018-07-31,77430.9296875,116805.5546875,117361.109375,115972.21875,116666.6640625,913276
2018-08-01,76832.484375,115902.78125,116805.5546875,115694.4453125,116666.6640625,986068
2018-08-02,75957.796875,114583.3359375,115902.78125,112291.6640625,115486.109375,2290334
2018-08-03,74392.609375,112222.21875,114375.0,112013.890625,114375.0,1774814
2018-08-06,73610.0234375,111041.6640625,112500.0,110763.890625,112500.0,1783972
2018-08-07,70433.6015625,106250.0,111111.109375,106250.0,111111.109375,3365654
2018-08-08,71584.4765625,107986.109375,108680.5546875,105555.5546875,105555.5546875,1825070
2018-08-09,72275.0234375,109027.78125,110972.21875,108333.3359375,109722.21875,1109102
2018-08-10,72367.0625,109166.6640625,109583.3359375,108333.3359375,109027.78125,1308168
2018-08-13,71860.6875,108402.78125,109027.78125,107916.6640625,109027.78125,1793520
2018-08-14,72781.390625,109791.6640625,111041.6640625,109583.3359375,110416.6640625,1433491
2018-08-15,72965.5234375,110069.4453125,111388.890625,109861.109375,110069.4453125,1556712
2018-08-16,73011.5546875,110138.890625,110138.890625,108055.5546875,109722.21875,1495728
2018-08-17,72965.5234375,110069.4453125,110763.890625,110069.4453125,110416.6640625,588859
2018-08-20,73702.0859375,111180.5546875,112430.5546875,110138.890625,110416.6640625,1857844
2018-08-21,75037.1015625,113194.4453125,113194.4453125,111319.4453125,111597.21875,956505
2018-08-22,75037.1015625,113194.4453125,113819.4453125,112430.5546875,113750.0,921614
2018-08-23,75175.2109375,113402.78125,113402.78125,112847.21875,113194.4453125,590803
2018-08-24,74668.8125,112638.890625,113402.78125,112638.890625,113402.78125,652334
2018-08-27,73794.171875,111319.4453125,113194.4453125,111111.109375,113194.4453125,1643270
2018-08-28,73333.796875,110625.0,111250.0,110416.6640625,111180.5546875,1522396
2018-08-29,72551.1953125,109444.4453125,110833.3359375,108958.3359375,110763.890625,1618732
2018-08-30,72044.828125,108680.5546875,109513.890625,107986.109375,109444.4453125,1294617
2018-08-31,72136.90625,108819.4453125,110277.78125,108819.4453125,109027.78125,1045598
2018-09-03,72136.90625,108819.4453125,108819.4453125,108819.4453125,108819.4453125,0
2018-09-04,72136.90625,108819.4453125,109583.3359375,108750.0,109583.3359375,994723
2018-09-05,70225.0625,104583.3359375,108333.3359375,104333.3359375,108333.3359375,1500468
2018-09-06,68322.5546875,101750.0,105333.3359375,101666.6640625,104583.3359375,1480932
2018-09-07,71120.359375,105916.6640625,106333.3359375,101666.6640625,101666.6640625,1058556
2018-09-10,71400.15625,106333.3359375,107000.0,106083.3359375,106250.0,724644
2018-09-11,73862.203125,110000.0,110333.3359375,106250.0,106250.0,1840404
2018-09-12,74086.0390625,110333.3359375,112333.3359375,110166.6640625,110833.3359375,1610868
2018-09-13,73918.1640625,110083.3359375,110416.6640625,109000.0,110000.0,786204
2018-09-14,74421.796875,110833.3359375,111666.6640625,110083.3359375,110083.3359375,1163124
2018-09-17,76100.4453125,113333.3359375,113333.3359375,111083.3359375,111666.6640625,1378464
2018-09-18,77219.578125,115000.0,115666.6640625,112666.6640625,113416.6640625,1572804
2018-09-19,77107.6640625,114833.3359375,115166.6640625,114083.3359375,115000.0,1115556
2018-09-20,76100.4453125,113333.3359375,114416.6640625,113333.3359375,114333.3359375,925824
2018-09-21,77107.6640625,114833.3359375,114833.3359375,112416.6640625,113333.3359375,2209020
2018-09-24,76660.0234375,114166.6640625,114833.3359375,113500.0,114833.3359375,767664
2018-09-25,76604.0546875,114083.3359375,114250.0,113500.0,114166.6640625,576180
2018-09-26,76380.2421875,113750.0,114083.3359375,113583.3359375,114083.3359375,501744
2018-09-27,77499.375,115416.6640625,116666.6640625,114000.0,114166.6640625,1177008
2018-09-28,76827.8828125,114416.6640625,115750.0,114416.6640625,115416.6640625,624024
2018-10-01,76268.3515625,113583.3359375,114166.6640625,113333.3359375,114000.0,617784
2018-10-02,76660.0234375,114166.6640625,114666.6640625,112500.0,112500.0,697608
2018-10-03,76604.0546875,114083.3359375,114250.0,113750.0,114166.6640625,841536
2018-10-04,76604.0546875,114083.3359375,114166.6640625,113250.0,114083.3359375,365544
2018-10-05,75652.8125,112666.6640625,113416.6640625,112500.0,113333.3359375,623016
2018-10-08,74421.796875,110833.3359375,112250.0,110833.3359375,111750.0,680100
2018-10-09,73246.7109375,109083.3359375,110833.3359375,109000.0,110166.6640625,792756
2018-10-10,72743.0859375,108333.3359375,109083.3359375,108166.6640625,108750.0,763980
2018-10-11,71064.40625,105833.3359375,107500.0,102500.0,102500.0,1418832
2018-10-12,71903.7578125,107083.3359375,107250.0,103833.3359375,105833.3359375,1149372
2018-10-15,70336.9765625,104750.0,107500.0,104666.6640625,107500.0,830616
2018-10-16,70504.8359375,105000.0,105333.3359375,104333.3359375,105000.0,1186224
2018-10-17,71008.4453125,105750.0,106250.0,105250.0,106250.0,533148
2018-10-18,70504.8359375,105000.0,105833.3359375,104916.6640625,105750.0,418932
2018-10-19,70952.5,105666.6640625,105666.6640625,103416.6640625,104250.0,1305540
2018-10-22,70392.9375,104833.3359375,105666.6640625,104833.3359375,105000.0,379740
2018-10-23,69105.9375,102916.6640625,104750.0,101416.6640625,104750.0,1436664
2018-10-24,68602.3359375,102166.6640625,102916.6640625,101583.3359375,102916.6640625,890592
2018-10-25,67147.4765625,100000.0,100750.0,97583.3359375,100000.0,1385628
2018-10-26,67986.8046875,101250.0,101666.6640625,100750.0,101583.3359375,771624
2018-10-29,67147.4765625,100000.0,101250.0,98916.6640625,101250.0,586572
2018-10-30,65636.6640625,97750.0,100000.0,97750.0,100000.0,642084
2018-10-31,64965.19140625,96750.0,98333.3359375,95416.6640625,97750.0,1290960
2018-11-01,63957.97265625,95250.0,97500.0,92916.6640625,97500.0,2069916
2018-11-02,66308.1171875,98750.0,99000.0,95250.0,95250.0,1921320
2018-11-05,65189.0,97083.3359375,98416.6640625,95750.0,97583.3359375,1009320
2018-11-06,65860.4765625,98083.3359375,99000.0,96250.0,97083.3359375,1919712
2018-11-07,66867.6875,99583.3359375,100416.6640625,98083.3359375,98083.3359375,1607220
2018-11-08,67147.4765625,100000.0,100833.3359375,99583.3359375,100666.6640625,979068
2018-11-09,65468.7734375,97500.0,99333.3359375,97416.6640625,98333.3359375,873780
2018-11-12,65468.7734375,97500.0,97500.0,95916.6640625,96083.3359375,716328
2018-11-13,64909.2265625,96666.6640625,97333.3359375,95666.6640625,96000.0,580572
2018-11-14,65748.546875,97916.6640625,98583.3359375,96500.0,96666.6640625,809112
2018-11-15,65468.7734375,97500.0,98333.3359375,95833.3359375,97916.6640625,667632
2018-11-16,64349.65234375,95833.3359375,97916.6640625,95833.3359375,97500.0,679848
2018-11-19,64573.4765625,96166.6640625,96916.6640625,95750.0,96666.6640625,887340
2018-11-20,65189.0,97083.3359375,97166.6640625,96083.3359375,96166.6640625,858108
2018-11-21,66699.8359375,99333.3359375,99333.3359375,96416.6640625,96666.6640625,1336248
2018-11-22,67203.421875,100083.3359375,100250.0,99333.3359375,99333.3359375,1120656
2018-11-23,66028.3359375,98333.3359375,99916.6640625,97916.6640625,99916.6640625,500316
2018-11-26,68882.1171875,102583.3359375,102833.3359375,98333.3359375,98500.0,2181096
2018-11-27,70784.6171875,105416.6640625,106250.0,102666.6640625,103750.0,2259264
2018-11-28,71623.9609375,106666.6640625,107500.0,105000.0,105000.0,1596888
2018-11-29,70672.7109375,105250.0,107083.3359375,105250.0,107083.3359375,1164984
2018-11-30,71623.9609375,106666.6640625,107083.3359375,105000.0,105000.0,1701108
2018-12-03,74757.5,111333.3359375,111666.6640625,106666.6640625,106666.6640625,1538772
2018-12-04,76380.2421875,113750.0,113750.0,111333.3359375,111666.6640625,1202160
2018-12-05,74421.796875,110833.3359375,112666.6640625,110083.3359375,112083.3359375,1328592
2018-12-06,73694.3671875,109750.0,110666.6640625,108250.0,110000.0,1307232
2018-12-07,74925.390625,111583.3359375,112166.6640625,110083.3359375,110083.3359375,611796
2018-12-10,75540.8984375,112500.0,113750.0,111250.0,111583.3359375,1204572
2018-12-11,75428.96875,112333.3359375,112916.6640625,111250.0,112333.3359375,531672
2018-12-12,75428.96875,112333.3359375,112333.3359375,112333.3359375,112333.3359375,0
2018-12-13,75540.8984375,112500.0,113333.3359375,111666.6640625,111666.6640625,771732
2018-12-14,75540.8984375,112500.0,112833.3359375,112000.0,112500.0,312204
2018-12-17,74925.390625,111583.3359375,112500.0,111583.3359375,112500.0,1251624
2018-12-18,73694.3671875,109750.0,110000.0,108750.0,108750.0,974220
2018-12-19,72239.484375,107583.3359375,109583.3359375,107500.0,109250.0,580908
2018-12-20,70616.75,105166.6640625,107500.0,105166.6640625,107500.0,647652
2018-12-21,68546.375,102083.3359375,104166.6640625,101750.0,103833.3359375,2281884
2018-12-24,70281.015625,104666.6640625,105416.6640625,102500.0,102500.0,551076
2018-12-25,69721.453125,103833.3359375,103916.6640625,102500.0,103500.0,419532
2018-12-26,69385.7265625,103333.3359375,103833.3359375,102083.3359375,103833.3359375,804624
2018-12-27,69498.5390625,102666.6640625,104916.6640625,102666.6640625,103333.3359375,927132
2018-12-28,70182.125,102666.6640625,102666.6640625,102666.6640625,102666.6640625,0
2018-12-31,70182.125,102666.6640625,102666.6640625,102666.6640625,102666.6640625,0
2019-01-01,70182.125,102666.6640625,102666.6640625,102666.6640625,102666.6640625,0
2019-01-02,70637.8515625,103333.3359375,103333.3359375,100833.3359375,101250.0,484284
2019-01-03,70011.21875,102416.6640625,103333.3359375,101333.3359375,103333.3359375,539676
2019-01-04,71207.5078125,104166.6640625,104166.6640625,100833.3359375,102083.3359375,598164
2019-01-07,74625.484375,109166.6640625,109166.6640625,104583.3359375,106416.6640625,1076916
2019-01-08,74055.8125,108333.3359375,109500.0,107250.0,109500.0,538020
2019-01-09,75138.15625,109916.6640625,110416.6640625,107500.0,108333.3359375,763260
2019-01-10,75024.2578125,109750.0,110000.0,109083.3359375,109916.6640625,362040
2019-01-11,76334.4609375,111666.6640625,111666.6640625,109750.0,109750.0,1144932
2019-01-14,76904.109375,112500.0,112500.0,110750.0,110833.3359375,733704
2019-01-15,76847.15625,112416.6640625,112666.6640625,111666.6640625,112500.0,718212
2019-01-16,75764.8046875,110833.3359375,112250.0,110000.0,111666.6640625,674664
2019-01-17,75309.0625,110166.6640625,111166.6640625,109666.6640625,110833.3359375,617844
2019-01-18,76334.4609375,111666.6640625,112416.6640625,110833.3359375,110833.3359375,654720
2019-01-21,76220.515625,111500.0,111750.0,110250.0,111750.0,335256
2019-01-22,76334.4609375,111666.6640625,112500.0,110833.3359375,111833.3359375,478848
2019-01-23,76619.28125,112083.3359375,112500.0,111500.0,112416.6640625,1234380
2019-01-24,77188.9375,112916.6640625,112916.6640625,111916.6640625,112500.0,1293120
2019-01-25,77416.8046875,113250.0,113583.3359375,113000.0,113333.3359375,976572
2019-01-28,77758.6015625,113750.0,113833.3359375,113250.0,113750.0,585180
2019-01-29,77758.6015625,113750.0,114166.6640625,112916.6640625,114166.6640625,445212
2019-01-30,77188.9375,112916.6640625,113833.3359375,112916.6640625,113833.3359375,335136
2019-01-31,76904.109375,112500.0,113750.0,111250.0,113750.0,974748
2019-02-01,76904.109375,112500.0,113166.6640625,110833.3359375,113166.6640625,877716
2019-02-04,76904.109375,112500.0,112500.0,112500.0,112500.0,0
2019-02-05,76904.109375,112500.0,112500.0,112500.0,112500.0,0
2019-02-06,76904.109375,112500.0,112500.0,112500.0,112500.0,0
2019-02-07,76904.109375,112500.0,112500.0,112500.0,112500.0,0
2019-02-08,76904.109375,112500.0,112500.0,112500.0,112500.0,0
2019-02-11,78043.4453125,114166.6640625,114916.6640625,112416.6640625,112500.0,1628652
2019-02-12,78613.09375,115000.0,115166.6640625,114166.6640625,115000.0,1148928
2019-02-13,78784.0078125,115250.0,115333.3359375,113500.0,115000.0,917376
2019-02-14,79410.6171875,116166.6640625,116916.6640625,115000.0,115250.0,1609308
2019-02-15,79866.359375,116833.3359375,116916.6640625,116250.0,116666.6640625,1092192
2019-02-18,79866.359375,116833.3359375,116833.3359375,116833.3359375,116833.3359375,0
2019-02-19,81233.53125,118833.3359375,119416.6640625,118666.6640625,119166.6640625,2369040
2019-02-20,81233.53125,118833.3359375,118833.3359375,118833.3359375,118833.3359375,0
2019-02-21,84594.5234375,123750.0,124250.0,119166.6640625,119583.3359375,2231112
2019-02-22,84822.3984375,124083.3359375,124583.3359375,123583.3359375,124166.6640625,977184
2019-02-25,86360.4765625,126333.3359375,127166.6640625,123916.6640625,124166.6640625,1453248
2019-02-26,83227.3671875,121750.0,126666.6640625,120833.3359375,125000.0,968172
2019-02-27,84138.8203125,123083.3359375,125000.0,121916.6640625,121916.6640625,581532
2019-02-28,80379.0390625,117583.3359375,123750.0,117583.3359375,123750.0,1171740
2019-03-01,80549.9453125,117833.3359375,119916.6640625,117833.3359375,119916.6640625,1042464
2019-03-04,81404.4375,119083.3359375,119916.6640625,117916.6640625,117916.6640625,1052112
2019-03-05,80891.734375,118333.3359375,119000.0,118000.0,118750.0,639012
2019-03-06,80322.078125,117500.0,119000.0,115416.6640625,118333.3359375,853500
2019-03-07,79581.5234375,116416.6640625,118333.3359375,116250.0,117750.0,849600
2019-03-08,78043.4453125,114166.6640625,116250.0,113000.0,115833.3359375,1177032
2019-03-11,78385.234375,114666.6640625,115750.0,113750.0,113750.0,507720
2019-03-12,79182.7578125,115833.3359375,116250.0,115000.0,115000.0,672432
2019-03-13,78784.0078125,115250.0,116750.0,115166.6640625,116250.0,739212
2019-03-14,78157.390625,114333.3359375,115833.3359375,113916.6640625,115833.3359375,1105032
2019-03-15,78043.4453125,114166.6640625,115000.0,113750.0,114333.3359375,1504860
2019-03-18,78613.09375,115000.0,115500.0,114583.3359375,115000.0,1092828
2019-03-19,77986.46875,114083.3359375,115000.0,113833.3359375,115000.0,1123476
2019-03-20,78897.9140625,115416.6640625,115416.6640625,112666.6640625,113750.0,1523832
2019-03-21,77473.78125,113333.3359375,116583.3359375,113333.3359375,115833.3359375,1062576
2019-03-22,77758.6015625,113750.0,114166.6640625,112916.6640625,113333.3359375,631884
2019-03-25,77758.6015625,113750.0,113750.0,112166.6640625,112250.0,699096
2019-03-26,77758.6015625,113750.0,114500.0,113333.3359375,113750.0,821364
2019-03-27,77758.6015625,113750.0,114333.3359375,113583.3359375,113833.3359375,818400
2019-03-28,77018.0390625,112666.6640625,113750.0,112666.6640625,113666.6640625,980124
2019-03-29,76790.1875,112333.3359375,113750.0,112333.3359375,112666.6640625,1628880
2019-04-01,78954.8984375,115500.0,115500.0,112500.0,112916.6640625,956064
2019-04-02,79182.7578125,115833.3359375,116583.3359375,114416.6640625,116583.3359375,1480008
2019-04-03,78897.9140625,115416.6640625,115833.3359375,114666.6640625,115833.3359375,820764
2019-04-04,78613.09375,115000.0,116500.0,115000.0,115333.3359375,563676
2019-04-05,77644.6796875,113583.3359375,115000.0,113583.3359375,115000.0,1221240
2019-04-08,78157.390625,114333.3359375,114750.0,113750.0,114500.0,655428
2019-04-09,77131.984375,112833.3359375,114916.6640625,112500.0,114916.6640625,1377648
2019-04-10,77075.015625,112750.0,113750.0,112500.0,112500.0,1047732
2019-04-11,77245.9140625,113000.0,113500.0,112750.0,112750.0,460620
2019-04-12,77302.8828125,113083.3359375,113416.6640625,112416.6640625,113000.0,821424
2019-04-15,77302.8828125,113083.3359375,113083.3359375,113083.3359375,113083.3359375,0
2019-04-16,77473.78125,113333.3359375,113666.6640625,112500.0,112500.0,616968
2019-04-17,76904.109375,112500.0,114083.3359375,112416.6640625,113666.6640625,1037112
2019-04-18,77018.0390625,112666.6640625,112916.6640625,112416.6640625,112500.0,721488
2019-04-19,75764.8046875,110833.3359375,113000.0,110416.6640625,112916.6640625,719148
2019-04-22,73827.9453125,108000.0,110000.0,107666.6640625,109166.6640625,1700748
2019-04-23,72346.828125,105833.3359375,107916.6640625,105583.3359375,106750.0,1169940
2019-04-24,73770.9765625,107916.6640625,107916.6640625,106166.6640625,106500.0,578988
2019-04-25,73770.9765625,107916.6640625,108083.3359375,106916.6640625,108000.0,497196
2019-04-26,73941.8828125,108166.6640625,108583.3359375,107750.0,108166.6640625,678288
2019-04-29,73941.8828125,108166.6640625,108166.6640625,108166.6640625,108166.6640625,0
2019-04-30,73941.8828125,108166.6640625,108166.6640625,108166.6640625,108166.6640625,0
2019-05-01,73941.8828125,108166.6640625,108166.6640625,108166.6640625,108166.6640625,0
2019-05-02,74055.8125,108333.3359375,109250.0,108083.3359375,108333.3359375,884388
2019-05-03,74625.484375,109166.6640625,109166.6640625,108250.0,109166.6640625,583668
2019-05-06,73543.125,107583.3359375,108583.3359375,106666.6640625,108583.3359375,442692
2019-05-07,73770.9765625,107916.6640625,108333.3359375,107666.6640625,108250.0,868164
2019-05-08,72916.4921875,106666.6640625,107583.3359375,106666.6640625,106750.0,754596
2019-05-09,73030.4375,106833.3359375,107583.3359375,106666.6640625,107083.3359375,345216
2019-05-10,74112.8046875,108416.6640625,108416.6640625,107083.3359375,107083.3359375,440028
2019-05-13,76277.5,111583.3359375,111583.3359375,108166.6640625,108166.6640625,1168836
2019-05-14,77188.9375,112916.6640625,113666.6640625,110166.6640625,110166.6640625,1317492
2019-05-15,77245.9140625,113000.0,113666.6640625,112000.0,112916.6640625,427020
2019-05-16,77701.6484375,113666.6640625,113666.6640625,112500.0,112750.0,842556
2019-05-17,77245.9140625,113000.0,113750.0,112916.6640625,113750.0,522456
2019-05-20,78328.265625,114583.3359375,114666.6640625,112250.0,112500.0,541080
2019-05-21,76049.6328125,111250.0,114166.6640625,111250.0,114166.6640625,914772
2019-05-22,75252.1015625,110083.3359375,112500.0,109916.6640625,111666.6640625,743244
2019-05-23,75252.1015625,110083.3359375,110833.3359375,109333.3359375,109333.3359375,515148
2019-05-24,74340.640625,108750.0,111250.0,108666.6640625,109166.6640625,918180
2019-05-27,76334.4609375,111666.6640625,111666.6640625,108250.0,109166.6640625,384072
2019-05-28,75195.1328125,110000.0,112083.3359375,109750.0,111666.6640625,730548
2019-05-29,75707.8203125,110750.0,111416.6640625,109833.3359375,110333.3359375,326076
2019-05-30,74910.3125,109583.3359375,110833.3359375,109583.3359375,110666.6640625,651252
2019-05-31,73770.9765625,107916.6640625,109833.3359375,107916.6640625,109500.0,853668
2019-06-03,72916.4921875,106666.6640625,108416.6640625,105916.6640625,107916.6640625,861588
2019-06-04,73258.28125,107166.6640625,107500.0,106666.6640625,107083.3359375,567180
2019-06-05,73488.8515625,106250.0,107666.6640625,105833.3359375,107166.6640625,430536
2019-06-06,72912.46875,105416.6640625,106500.0,104916.6640625,106250.0,658380
2019-06-07,72970.1015625,105500.0,106166.6640625,105250.0,105250.0,434436
2019-06-10,73143.03125,105750.0,106500.0,104916.6640625,105833.3359375,673512
2019-06-11,72336.078125,104583.3359375,105833.3359375,104500.0,105833.3359375,678480
2019-06-12,72163.15625,104333.3359375,104833.3359375,104250.0,104333.3359375,839856
2019-06-13,71010.3984375,102666.6640625,104333.3359375,102333.3359375,104333.3359375,1350372
2019-06-14,71298.59375,103083.3359375,103500.0,102416.6640625,102500.0,799056
2019-06-17,71298.59375,103083.3359375,103166.6640625,102333.3359375,103083.3359375,759276
2019-06-18,70895.125,102500.0,103083.3359375,102500.0,102500.0,1246884
2019-06-19,71125.6875,102833.3359375,103083.3359375,102500.0,102500.0,1115628
2019-06-20,71068.03125,102750.0,102916.6640625,102583.3359375,102916.6640625,1212240
2019-06-21,72336.078125,104583.3359375,104583.3359375,102750.0,102750.0,3136704
2019-06-24,70952.7734375,102583.3359375,104916.6640625,102583.3359375,104916.6640625,738108
2019-06-25,71125.6875,102833.3359375,103500.0,102583.3359375,102583.3359375,845868
2019-06-26,71183.3125,102916.6640625,103250.0,102500.0,102583.3359375,597276
2019-06-27,70952.7734375,102583.3359375,103166.6640625,102416.6640625,102916.6640625,962592
2019-06-28,70895.125,102500.0,102666.6640625,101250.0,102500.0,1103964
2019-07-01,72047.8984375,104166.6640625,104250.0,102500.0,102500.0,1189728
2019-07-02,72105.53125,104250.0,105083.3359375,103833.3359375,104166.6640625,860172
2019-07-03,72624.2734375,105000.0,105250.0,104000.0,104333.3359375,789444
2019-07-04,72624.2734375,105000.0,105000.0,105000.0,105000.0,0
2019-07-05,72624.2734375,105000.0,105000.0,105000.0,105000.0,0
2019-07-08,72624.2734375,105000.0,105000.0,105000.0,105000.0,0
2019-07-09,72624.2734375,105000.0,105000.0,105000.0,105000.0,0
2019-07-10,72624.2734375,105000.0,105000.0,105000.0,105000.0,0
2019-07-11,72624.2734375,105000.0,105000.0,105000.0,105000.0,0
2019-07-12,72624.2734375,105000.0,105000.0,105000.0,105000.0,0
2019-07-15,72624.2734375,105000.0,105000.0,105000.0,105000.0,0
2019-07-16,72624.2734375,105000.0,105000.0,105000.0,105000.0,0
2019-07-17,72278.4453125,104500.0,104916.6640625,103250.0,103333.3359375,1158204
2019-07-18,71817.34375,103833.3359375,104500.0,103750.0,104166.6640625,849264
2019-07-19,73143.03125,105750.0,105916.6640625,103833.3359375,103833.3359375,1657476
2019-07-22,72336.078125,104583.3359375,105416.6640625,104583.3359375,105416.6640625,866376
2019-07-23,72278.4453125,104500.0,104666.6640625,104000.0,104583.3359375,917460
2019-07-24,72393.71875,104666.6640625,105750.0,104333.3359375,105000.0,712560
2019-07-25,72393.71875,104666.6640625,104666.6640625,104666.6640625,104666.6640625,0
2019-07-26,72393.71875,104666.6640625,104666.6640625,104666.6640625,104666.6640625,0
2019-07-29,72393.71875,104666.6640625,104666.6640625,104666.6640625,104666.6640625,0
2019-07-30,72393.71875,104666.6640625,104666.6640625,104666.6640625,104666.6640625,0
2019-07-31,71010.3984375,102666.6640625,103333.3359375,102416.6640625,102916.6640625,979380
2019-08-01,71586.8046875,103500.0,103750.0,102666.6640625,102916.6640625,603348
2019-08-02,71471.5,103333.3359375,103500.0,102750.0,102916.6640625,565812
2019-08-05,70318.7265625,101666.6640625,103666.6640625,101666.6640625,102916.6640625,1059300
2019-08-06,70318.7265625,101666.6640625,101666.6640625,101666.6640625,101666.6640625,0
2019-08-07,69742.3515625,100833.3359375,101500.0,100166.6640625,100166.6640625,878136
2019-08-08,69684.7109375,100750.0,101333.3359375,100166.6640625,100833.3359375,684768
2019-08-09,69684.7109375,100750.0,100750.0,100750.0,100750.0,0
2019-08-12,69511.796875,100500.0,100833.3359375,100333.3359375,100833.3359375,530796
2019-08-13,68013.2109375,98333.3359375,100166.6640625,98333.3359375,100000.0,1414536
2019-08-14,68416.6640625,98916.6640625,99916.6640625,98916.6640625,99333.3359375,812832
2019-08-15,70318.7265625,101666.6640625,101666.6640625,97750.0,97750.0,807744
2019-08-16,70318.7265625,101666.6640625,101666.6640625,101666.6640625,101666.6640625,0
2019-08-19,70318.7265625,101666.6640625,101666.6640625,101666.6640625,101666.6640625,0
2019-08-20,70318.7265625,101666.6640625,101666.6640625,101666.6640625,101666.6640625,0
2019-08-21,71413.875,103250.0,103583.3359375,102916.6640625,103333.3359375,697032
2019-08-22,71471.5,103333.3359375,103583.3359375,103166.6640625,103250.0,630732
2019-08-23,70895.125,102500.0,103500.0,102500.0,103416.6640625,746196
2019-08-26,69454.1796875,100416.6640625,101833.3359375,100166.6640625,101666.6640625,1007844
2019-08-27,68589.59375,99166.6640625,101500.0,99166.6640625,101250.0,1131756
2019-08-28,68820.140625,99500.0,100083.3359375,99333.3359375,100000.0,626040
2019-08-29,70895.125,102500.0,102500.0,99833.3359375,100000.0,673836
2019-08-30,70895.125,102500.0,102500.0,102500.0,102500.0,0
2019-09-02,70895.125,102500.0,102500.0,102500.0,102500.0,0
2019-09-03,70895.125,102500.0,102500.0,102500.0,102500.0,0
2019-09-04,71356.234375,103166.6640625,103333.3359375,102166.6640625,103333.3359375,486960
2019-09-05,70318.7265625,101666.6640625,103500.0,101666.6640625,103500.0,704616
2019-09-06,70779.84375,102333.3359375,102583.3359375,101666.6640625,101666.6640625,379176
2019-09-09,71759.703125,103750.0,103750.0,102083.3359375,102500.0,598620
2019-09-10,71298.59375,103083.3359375,103583.3359375,102750.0,103583.3359375,777468
2019-09-11,70376.3828125,101750.0,103333.3359375,101750.0,103166.6640625,481692
2019-09-12,70318.7265625,101666.6640625,102750.0,101166.6640625,102083.3359375,721044
2019-09-13,70376.3828125,101750.0,102083.3359375,101250.0,101833.3359375,604236
2019-09-16,71196.75,101250.0,101250.0,100083.3359375,101250.0,725652
2019-09-17,71782.7421875,102083.3359375,102500.0,100583.3359375,101250.0,579084
2019-09-18,72485.9296875,103083.3359375,103250.0,101416.6640625,101666.6640625,1167528
2019-09-19,72427.3125,103000.0,103250.0,102083.3359375,102916.6640625,870840
2019-09-20,71548.34375,101750.0,103083.3359375,101750.0,103083.3359375,1948020
2019-09-23,72954.6953125,103750.0,104250.0,102250.0,102500.0,1872168
2019-09-24,74361.0546875,105750.0,106333.3359375,103583.3359375,103750.0,1608540
2019-09-25,74068.0625,105333.3359375,105750.0,104583.3359375,105250.0,741156
2019-09-26,76177.5859375,108333.3359375,108416.6640625,105416.6640625,105916.6640625,1936272
2019-09-27,76236.203125,108416.6640625,109250.0,107833.3359375,108333.3359375,1420236
2019-09-30,76001.8046875,108083.3359375,108916.6640625,107833.3359375,108416.6640625,1062588
2019-10-01,75005.625,106666.6640625,108083.3359375,106416.6640625,107916.6640625,1448856
2019-10-02,74419.6484375,105833.3359375,106500.0,105166.6640625,106250.0,2484264
2019-10-03,75591.6328125,107500.0,107500.0,104583.3359375,105000.0,990372
2019-10-04,75357.2109375,107166.6640625,109083.3359375,107083.3359375,107583.3359375,769848
2019-10-07,75650.2109375,107583.3359375,108333.3359375,106833.3359375,107000.0,1000416
2019-10-08,75591.6328125,107500.0,107750.0,107166.6640625,107166.6640625,644928
2019-10-09,74419.6484375,105833.3359375,107333.3359375,105666.6640625,107333.3359375,795780
2019-10-10,74419.6484375,105833.3359375,107083.3359375,105583.3359375,105583.3359375,530580
2019-10-11,75005.625,106666.6640625,106666.6640625,105750.0,105833.3359375,757572
2019-10-14,75357.2109375,107166.6640625,107500.0,106583.3359375,107500.0,703248
2019-10-15,75181.4375,106916.6640625,107916.6640625,106416.6640625,107083.3359375,1398156
2019-10-16,76411.9921875,108666.6640625,109083.3359375,106916.6640625,106916.6640625,1585896
2019-10-17,76763.5625,109166.6640625,110333.3359375,108500.0,108666.6640625,1691496
2019-10-18,77642.5234375,110416.6640625,110833.3359375,109583.3359375,109583.3359375,1340304
2019-10-21,78287.1328125,111333.3359375,112916.6640625,109916.6640625,110416.6640625,2407956
2019-10-22,77642.5234375,110416.6640625,112000.0,110250.0,111666.6640625,1678704
2019-10-23,77525.359375,110250.0,110583.3359375,109333.3359375,110416.6640625,1017384
2019-10-24,77701.140625,110500.0,111166.6640625,110166.6640625,110166.6640625,625068
2019-10-25,78814.515625,112083.3359375,112083.3359375,110416.6640625,110500.0,979872
2019-10-28,78404.328125,111500.0,112833.3359375,111333.3359375,112083.3359375,670032
2019-10-29,78580.109375,111750.0,112416.6640625,111333.3359375,111416.6640625,624336
2019-10-30,77349.5703125,110000.0,112333.3359375,109166.6640625,112000.0,1562028
2019-10-31,76177.5859375,108333.3359375,110000.0,107333.3359375,110000.0,3060576
2019-11-01,77583.9453125,110333.3359375,110833.3359375,108500.0,108500.0,1163244
2019-11-04,76939.375,109416.6640625,110833.3359375,108833.3359375,110833.3359375,1689564
2019-11-05,75708.8125,107666.6640625,109416.6640625,107666.6640625,109416.6640625,2252148
2019-11-06,76236.203125,108416.6640625,108750.0,107083.3359375,107500.0,1420920
2019-11-07,75650.2109375,107583.3359375,108166.6640625,107250.0,107916.6640625,1039404
2019-11-08,75708.8125,107666.6640625,108583.3359375,107416.6640625,107583.3359375,1431756
2019-11-11,75767.40625,107750.0,108500.0,107500.0,107666.6640625,774600
2019-11-12,74712.6484375,106250.0,107750.0,106083.3359375,107750.0,2321376
2019-11-13,73540.671875,104583.3359375,106250.0,104500.0,106250.0,2348328
2019-11-14,73775.0703125,104916.6640625,105333.3359375,104666.6640625,105000.0,834564
2019-11-15,72075.7265625,102500.0,105000.0,100000.0,105000.0,2861232
2019-11-18,70786.578125,100666.6640625,102833.3359375,100333.3359375,102500.0,2005764
2019-11-19,72896.109375,103666.6640625,103666.6640625,100333.3359375,100333.3359375,1294332
2019-11-20,72661.703125,103333.3359375,104000.0,102750.0,103750.0,1380840
2019-11-21,71489.734375,101666.6640625,103166.6640625,101416.6640625,102916.6640625,1674000
2019-11-22,71196.75,101250.0,102666.6640625,101083.3359375,102000.0,863616
2019-11-25,72017.1328125,102416.6640625,102750.0,100500.0,101833.3359375,816888
2019-11-26,72075.7265625,102500.0,103333.3359375,102250.0,102416.6640625,1165668
2019-11-27,71548.34375,101750.0,103083.3359375,101750.0,103083.3359375,440304
2019-11-28,71548.34375,101750.0,101916.6640625,100333.3359375,101750.0,1329264
2019-11-29,71196.75,101250.0,102000.0,101000.0,101666.6640625,659808
2019-12-02,69321.6015625,98583.3359375,101250.0,98583.3359375,101250.0,1786980
2019-12-06,68149.65625,96916.6640625,98250.0,96916.6640625,98250.0,1124544
2019-12-09,69204.40625,98416.6640625,98500.0,96916.6640625,96916.6640625,919260
2019-12-10,69263.0078125,98500.0,98916.6640625,97916.6640625,98416.6640625,1020108
2019-12-11,69497.40625,98833.3359375,98833.3359375,97750.0,98083.3359375,952728
2019-12-12,69849.0078125,99333.3359375,99583.3359375,99083.3359375,99166.6640625,841656
2019-12-13,69145.8125,98333.3359375,99916.6640625,98333.3359375,99416.6640625,677616
2019-12-16,69555.9921875,98916.6640625,99000.0,98083.3359375,98750.0,901536
2019-12-17,68618.4296875,97583.3359375,99000.0,97583.3359375,99000.0,995556
2019-12-18,69497.40625,98833.3359375,99166.6640625,97750.0,97833.3359375,1680408
2019-12-19,70142.0,99750.0,100000.0,98833.3359375,98833.3359375,1899012
2019-12-20,70317.7734375,100000.0,100250.0,99583.3359375,100000.0,2187084
2019-12-23,69145.8125,98333.3359375,100000.0,98333.3359375,100000.0,943320
2019-12-24,69497.40625,98833.3359375,99000.0,98333.3359375,98333.3359375,692400
2019-12-25,69145.8125,98333.3359375,99583.3359375,98083.3359375,99583.3359375,649428
2019-12-26,69145.8046875,97500.0,98333.3359375,97500.0,98166.6640625,414180
2019-12-27,69855.0,98500.0,98750.0,96666.6640625,97500.0,460152
2019-12-30,68850.3203125,97083.3359375,98333.3359375,97083.3359375,98166.6640625,806568
2019-12-31,68850.3203125,97083.3359375,99166.6640625,97000.0,99166.6640625,465168
2020-01-01,68850.3203125,97083.3359375,97083.3359375,97083.3359375,97083.3359375,0
2020-01-02,69677.703125,98250.0,98500.0,97083.3359375,97500.0,423240
2020-01-03,69914.09375,98583.3359375,99166.6640625,98500.0,98500.0,750468
2020-01-06,69382.21875,97833.3359375,98500.0,97333.3359375,98333.3359375,595092
2020-01-07,70032.296875,98750.0,99000.0,97916.6640625,97916.6640625,551424
2020-01-08,70209.59375,99000.0,99000.0,97916.6640625,98750.0,1005252
2020-01-09,70091.390625,98833.3359375,99583.3359375,98666.6640625,99166.6640625,748956
2020-01-10,70268.703125,99083.3359375,99333.3359375,98666.6640625,98833.3359375,715536
2020-01-13,69382.21875,97833.3359375,99166.6640625,97833.3359375,99166.6640625,495456
2020-01-14,69618.609375,98166.6640625,98416.6640625,97583.3359375,97833.3359375,402216
2020-01-15,69618.609375,98166.6640625,98250.0,97666.6640625,98166.6640625,818088
2020-01-16,69855.0,98500.0,98750.0,97666.6640625,98166.6640625,654108
2020-01-17,70091.390625,98833.3359375,98833.3359375,98166.6640625,98500.0,450036
2020-01-20,70327.7890625,99166.6640625,99333.3359375,98666.6640625,99166.6640625,592320
2020-01-21,71509.7890625,100833.3359375,101583.3359375,98833.3359375,99166.6640625,1024728
2020-01-22,71687.0703125,101083.3359375,101583.3359375,100833.3359375,100833.3359375,953328
2020-01-23,71687.0703125,101083.3359375,101083.3359375,101083.3359375,101083.3359375,0
2020-01-24,71687.0703125,101083.3359375,101083.3359375,101083.3359375,101083.3359375,0
2020-01-27,71687.0703125,101083.3359375,101083.3359375,101083.3359375,101083.3359375,0
2020-01-28,71687.0703125,101083.3359375,101083.3359375,101083.3359375,101083.3359375,0
2020-01-29,71687.0703125,101083.3359375,101083.3359375,101083.3359375,101083.3359375,0
2020-01-30,68909.421875,97166.6640625,99833.3359375,96833.3359375,99166.6640625,1840464
2020-01-31,64122.41015625,90416.6640625,97166.6640625,90416.6640625,97000.0,2298984
2020-02-03,64004.2109375,90250.0,92083.3359375,84166.6640625,84583.3359375,2746980
2020-02-04,62053.9375,87500.0,91666.6640625,86750.0,91583.3359375,2242848
2020-02-05,62999.5234375,88833.3359375,89750.0,86083.3359375,88666.6640625,1854900
2020-02-06,63531.42578125,89583.3359375,90500.0,88250.0,88333.3359375,2564424
2020-02-07,65127.1015625,91833.3359375,92083.3359375,89666.6640625,89750.0,1828056
2020-02-10,64417.8984375,90833.3359375,91166.6640625,89416.6640625,90833.3359375,1092612
2020-02-11,63354.11328125,89333.3359375,90833.3359375,89166.6640625,90833.3359375,1063152
2020-02-12,63354.11328125,89333.3359375,90000.0,89333.3359375,90000.0,1005804
2020-02-13,63176.82421875,89083.3359375,89583.3359375,88833.3359375,89333.3359375,856272
2020-02-14,62999.5234375,88833.3359375,89500.0,88833.3359375,89333.3359375,849696
2020-02-17,63531.42578125,89583.3359375,89666.6640625,89000.0,89000.0,748020
2020-02-18,62349.44140625,87916.6640625,89833.3359375,87750.0,89833.3359375,1294200
2020-02-19,62881.32421875,88666.6640625,88916.6640625,87500.0,87500.0,953364
2020-02-20,62881.32421875,88666.6640625,89583.3359375,88583.3359375,89166.6640625,749544
2020-02-21,64122.41015625,90416.6640625,91166.6640625,89583.3359375,89583.3359375,1781400
2020-02-24,62881.32421875,88666.6640625,89833.3359375,88333.3359375,89166.6640625,1145520
2020-02-25,63826.90625,90000.0,90416.6640625,88333.3359375,88583.3359375,1440264
2020-02-26,62053.9375,87500.0,88916.6640625,87500.0,88916.6640625,1615956
2020-02-27,63472.3125,89500.0,89500.0,86500.0,87500.0,1036668
2020-02-28,61758.44140625,87083.3359375,88416.6640625,85833.3359375,87750.0,1724820
2020-03-02,61758.44140625,87083.3359375,87916.6640625,86500.0,87083.3359375,1091088
2020-03-03,62231.2421875,87750.0,88500.0,87166.6640625,87916.6640625,889656
2020-03-05,61758.44140625,87083.3359375,88250.0,87083.3359375,87500.0,525624
2020-03-06,61581.15234375,86833.3359375,87333.3359375,86333.3359375,87083.3359375,797904
2020-03-09,57326.015625,80833.3359375,85416.6640625,80833.3359375,83333.3359375,2828148
2020-03-10,60103.66796875,84750.0,84833.3359375,80000.0,80000.0,2113560
2020-03-11,60044.55859375,84666.6640625,87500.0,82666.6640625,85000.0,2750892
2020-03-12,59630.8828125,84083.3359375,84583.3359375,80833.3359375,81000.0,2917920
2020-03-13,58567.09765625,82583.3359375,83833.3359375,79333.3359375,79333.3359375,2590956
2020-03-16,57326.015625,80833.3359375,82666.6640625,80416.6640625,82583.3359375,1304496
2020-03-17,56735.02734375,80000.0,80333.3359375,79166.6640625,80000.0,2145888
2020-03-18,56144.02734375,79166.6640625,81500.0,79166.6640625,80166.6640625,1586580
2020-03-19,52598.1015625,74166.6640625,78333.3359375,74166.6640625,77500.0,3329472
2020-03-20,53189.09765625,75000.0,76083.3359375,74166.6640625,74166.6640625,2779992
2020-03-23,49465.8515625,69750.0,74250.0,69750.0,74250.0,2625252
2020-03-24,50884.234375,71750.0,73583.3359375,69750.0,69750.0,2087436
2020-03-25,54371.07421875,76666.6640625,76750.0,75083.3359375,75500.0,3591624
2020-03-26,55553.05859375,78333.3359375,79166.6640625,74000.0,76916.6640625,3067740
2020-03-27,55612.13671875,78416.6640625,79416.6640625,76666.6640625,77500.0,3307140
2020-03-30,53898.28515625,76000.0,77083.3359375,74166.6640625,75000.0,1871880
2020-03-31,53780.0859375,75833.3359375,77833.3359375,75000.0,77083.3359375,1551948
2020-04-01,55553.05859375,78333.3359375,78333.3359375,75833.3359375,75833.3359375,1386876
2020-04-02,55553.05859375,78333.3359375,78333.3359375,78333.3359375,78333.3359375,0
2020-04-03,56144.02734375,79166.6640625,79583.3359375,78333.3359375,78750.0,2321316
2020-04-06,56853.22265625,80166.6640625,80500.0,79166.6640625,80416.6640625,2208660
2020-04-07,58212.5,82083.3359375,82500.0,79833.3359375,80416.6640625,2727708
2020-04-08,58507.9921875,82500.0,82500.0,80416.6640625,81666.6640625,1085904
2020-04-09,59158.08203125,83416.6640625,84083.3359375,82666.6640625,83250.0,1464660
2020-04-10,58862.59375,83000.0,83333.3359375,81750.0,83333.3359375,1333764
2020-04-13,58567.09765625,82583.3359375,83166.6640625,81916.6640625,83000.0,1353204
2020-04-14,58507.9921875,82500.0,83083.3359375,82250.0,82916.6640625,1271472
2020-04-15,58626.1953125,82666.6640625,83083.3359375,82666.6640625,83083.3359375,1063356
2020-04-16,58685.30078125,82750.0,82916.6640625,82416.6640625,82750.0,1386792
2020-04-17,58685.30078125,82750.0,83416.6640625,82500.0,83333.3359375,2120772
2020-04-20,59098.9921875,83333.3359375,84333.3359375,83333.3359375,83333.3359375,1766016
2020-04-21,57207.82421875,80666.6640625,83333.3359375,79833.3359375,83333.3359375,2555232
2020-04-22,57621.50390625,81250.0,81333.3359375,79833.3359375,80083.3359375,1303140
2020-04-23,56794.1328125,80083.3359375,82166.6640625,79916.6640625,82166.6640625,1731816
2020-04-24,60753.74609375,85666.6640625,85666.6640625,81250.0,82750.0,4349352
2020-04-27,60753.74609375,85666.6640625,88750.0,85666.6640625,88750.0,2340672
2020-04-28,59394.46875,83750.0,85833.3359375,83083.3359375,85666.6640625,1681824
2020-04-29,59394.46875,83750.0,83750.0,83750.0,83750.0,0
2020-04-30,59394.46875,83750.0,83750.0,83750.0,83750.0,0
2020-05-01,59394.46875,83750.0,83750.0,83750.0,83750.0,0
2020-05-04,57680.6171875,81333.3359375,82500.0,80833.3359375,80833.3359375,1483164
2020-05-05,59394.46875,83750.0,84083.3359375,81666.6640625,82333.3359375,1396560
2020-05-06,59985.4765625,84583.3359375,84583.3359375,83083.3359375,83916.6640625,1326024
2020-05-07,61108.36328125,86166.6640625,86500.0,84583.3359375,84666.6640625,1899912
2020-05-08,62053.9375,87500.0,89666.6640625,86666.6640625,87083.3359375,3821004
2020-05-11,64122.41015625,90416.6640625,90416.6640625,87250.0,87500.0,2150640
2020-05-12,67313.7578125,94916.6640625,95333.3359375,89500.0,90416.6640625,3533580
2020-05-13,67195.546875,94750.0,95833.3359375,91666.6640625,94333.3359375,3009276
2020-05-14,66781.8515625,94166.6640625,94916.6640625,93750.0,93833.3359375,1677300
2020-05-15,66781.8515625,94166.6640625,94166.6640625,94166.6640625,94166.6640625,0
2020-05-18,66781.8515625,94166.6640625,94166.6640625,94166.6640625,94166.6640625,0
2020-05-19,67609.2578125,95333.3359375,95333.3359375,93583.3359375,94833.3359375,1718880
2020-05-20,67609.2578125,95333.3359375,95333.3359375,95333.3359375,95333.3359375,0
2020-05-21,67963.828125,95833.3359375,95833.3359375,94583.3359375,95000.0,1898508
2020-05-22,67609.2578125,95333.3359375,95666.6640625,94583.3359375,95333.3359375,1299672
2020-05-25,69500.4140625,98000.0,98000.0,95083.3359375,95416.6640625,1898232
2020-05-26,69736.8046875,98333.3359375,98333.3359375,96000.0,98333.3359375,1179804
2020-05-27,67963.828125,95833.3359375,98166.6640625,95833.3359375,98083.3359375,1330020
2020-05-28,67845.65625,95666.6640625,96666.6640625,95666.6640625,95833.3359375,1205400
2020-05-29,67963.828125,95833.3359375,96000.0,94583.3359375,94583.3359375,1444416
2020-06-01,68613.9296875,96750.0,97500.0,95916.6640625,95916.6640625,1256424
2020-06-02,68554.828125,96666.6640625,97500.0,96416.6640625,96750.0,1070292
2020-06-03,68909.421875,97166.6640625,98416.6640625,96333.3359375,96833.3359375,1586496
2020-06-04,69618.609375,98166.6640625,98250.0,97500.0,97500.0,882504
2020-06-05,69618.609375,98166.6640625,98166.6640625,98166.6640625,98166.6640625,0
2020-06-08,69618.609375,98166.6640625,98166.6640625,98166.6640625,98166.6640625,0
2020-06-09,69618.609375,98166.6640625,98166.6640625,98166.6640625,98166.6640625,0
2020-06-10,72691.765625,102500.0,105000.0,102333.3359375,105000.0,1490616
2020-06-11,72278.0625,101916.6640625,104166.6640625,100833.3359375,102500.0,1317912
2020-06-12,69736.8046875,98333.3359375,99833.3359375,95500.0,98333.3359375,2873196
2020-06-15,66190.8671875,93333.3359375,100750.0,93333.3359375,100000.0,2470644
2020-06-16,69145.8046875,97500.0,97916.6640625,95000.0,95500.0,1013688
2020-06-17,68318.4296875,96333.3359375,97666.6640625,96166.6640625,97500.0,616284
2020-06-18,68082.03125,96000.0,97166.6640625,95083.3359375,96333.3359375,627792
2020-06-19,67963.828125,95833.3359375,97083.3359375,95833.3359375,96000.0,1501920
2020-06-22,68200.234375,96166.6640625,96583.3359375,95666.6640625,95833.3359375,1041144
2020-06-23,68554.828125,96666.6640625,97000.0,96333.3359375,96666.6640625,1276164
2020-06-24,69204.9140625,97583.3359375,98666.6640625,97000.0,97000.0,901152
2020-06-25,68791.2265625,97000.0,97083.3359375,96083.3359375,97083.3359375,687324
2020-06-26,68495.734375,96583.3359375,97583.3359375,96166.6640625,97166.6640625,594900
2020-06-29,66998.8828125,93250.0,95250.0,91750.0,95000.0,1822848
2020-06-30,67477.875,93916.6640625,94583.3359375,93250.0,94166.6640625,957552
2020-07-01,68675.359375,95583.3359375,95833.3359375,93333.3359375,93916.6640625,540024
2020-07-02,67657.5,94166.6640625,95750.0,94166.6640625,95666.6640625,864576
2020-07-03,68316.109375,95083.3359375,95166.6640625,94000.0,94166.6640625,875148
2020-07-06,69753.078125,97083.3359375,97166.6640625,95250.0,95416.6640625,1583976
2020-07-07,69453.7109375,96666.6640625,97583.3359375,96666.6640625,97083.3359375,1229952
2020-07-08,69154.3359375,96250.0,96666.6640625,96250.0,96666.6640625,661572
2020-07-09,69393.8515625,96583.3359375,97250.0,96250.0,96250.0,1872492
2020-07-10,69393.8515625,96583.3359375,96583.3359375,96583.3359375,96583.3359375,0
2020-07-13,68735.2421875,95666.6640625,96500.0,95250.0,96083.3359375,1132620
2020-07-14,68974.71875,96000.0,96000.0,94916.6640625,95166.6640625,877404
2020-07-15,68974.71875,96000.0,96000.0,96000.0,96000.0,0
2020-07-16,70351.8203125,97916.6640625,97916.6640625,96833.3359375,97250.0,1334952
2020-07-17,69932.7109375,97333.3359375,97833.3359375,97083.3359375,97250.0,700212
2020-07-20,69274.09375,96416.6640625,97250.0,96250.0,96666.6640625,569640
2020-07-21,69453.7109375,96666.6640625,96916.6640625,95500.0,96416.6640625,1942536
2020-07-22,68316.109375,95083.3359375,96666.6640625,95083.3359375,96166.6640625,1261584
2020-07-23,68375.9765625,95166.6640625,95500.0,94583.3359375,95166.6640625,919800
2020-07-24,66519.8828125,92583.3359375,95166.6640625,90833.3359375,95166.6640625,2775924
2020-07-27,61909.61328125,86166.6640625,89666.6640625,86166.6640625,89250.0,3064536
2020-07-28,65801.40625,91583.3359375,91583.3359375,86666.6640625,86666.6640625,1668972
2020-07-29,63466.31640625,88333.3359375,90750.0,87916.6640625,90416.6640625,1796940
2020-07-30,65262.53515625,90833.3359375,91250.0,89000.0,90000.0,1234344
2020-07-31,64065.0625,89166.6640625,91000.0,88750.0,89166.6640625,1007796
2020-08-03,65382.2734375,91000.0,91666.6640625,89750.0,90000.0,1032228
2020-08-04,66639.640625,92750.0,92750.0,91583.3359375,92500.0,918204
2020-08-05,67118.640625,93416.6640625,94666.6640625,91666.6640625,92916.6640625,1065696
2020-08-06,68735.2421875,95666.6640625,96666.6640625,93416.6640625,93500.0,1632684
2020-08-07,69154.3359375,96250.0,96666.6640625,95666.6640625,95833.3359375,1377840
2020-08-10,68555.59375,95416.6640625,97083.3359375,95416.6640625,96666.6640625,1695216
2020-08-11,68555.59375,95416.6640625,95833.3359375,95000.0,95750.0,1022700
2020-08-12,69214.2109375,96333.3359375,96583.3359375,95416.6640625,95416.6640625,1742352
2020-08-13,69693.203125,97000.0,97166.6640625,96583.3359375,96666.6640625,1486776
2020-08-14,69872.828125,97250.0,98333.3359375,96833.3359375,97166.6640625,1948428
2020-08-17,70052.4375,97500.0,98250.0,96083.3359375,97500.0,1088268
2020-08-18,69214.2109375,96333.3359375,97833.3359375,96333.3359375,97500.0,725484
2020-08-19,69034.59375,96083.3359375,96666.6640625,95750.0,96666.6640625,1178208
2020-08-20,68974.71875,96000.0,96500.0,95500.0,96083.3359375,1505136
2020-08-21,69214.2109375,96333.3359375,96666.6640625,95916.6640625,96250.0,1061988
2020-08-24,69753.078125,97083.3359375,98000.0,96666.6640625,97083.3359375,1832232
2020-08-25,70232.0703125,97750.0,98250.0,97333.3359375,97500.0,2031636
2020-08-26,70112.3203125,97583.3359375,98500.0,97416.6640625,98333.3359375,2307336
2020-08-27,70172.203125,97666.6640625,98250.0,97500.0,97916.6640625,959484
2020-08-28,71429.5625,99416.6640625,100000.0,97666.6640625,98166.6640625,1609524
2020-08-31,72447.4140625,100833.3359375,100833.3359375,99583.3359375,100250.0,1960908
2020-09-01,73764.640625,102666.6640625,102666.6640625,100166.6640625,100833.3359375,1737672
2020-09-02,73764.640625,102666.6640625,102666.6640625,102666.6640625,102666.6640625,0
2020-09-03,74662.7421875,103916.6640625,104000.0,102916.6640625,102916.6640625,2420016
2020-09-04,74842.3515625,104166.6640625,104166.6640625,102583.3359375,103083.3359375,2054376
2020-09-07,75441.109375,105000.0,107000.0,104083.3359375,104166.6640625,2614056
2020-09-08,74363.3671875,103500.0,106166.6640625,103250.0,104916.6640625,2171484
2020-09-09,74123.8828125,103166.6640625,103250.0,101250.0,102083.3359375,1946304
2020-09-10,74662.7421875,103916.6640625,104500.0,103666.6640625,104166.6640625,1017996
2020-09-11,74123.8828125,103166.6640625,103916.6640625,102916.6640625,103500.0,1148004
2020-09-14,74363.3671875,103500.0,104166.6640625,103333.3359375,103666.6640625,1433004
2020-09-15,74722.625,104000.0,104083.3359375,103333.3359375,103500.0,1058436
2020-09-16,74722.625,104000.0,104000.0,104000.0,104000.0,0
2020-09-17,74542.9921875,103750.0,104833.3359375,103333.3359375,103333.3359375,1651884
2020-09-18,75680.6015625,105333.3359375,105333.3359375,103500.0,103833.3359375,1468836
2020-09-21,77895.9453125,108416.6640625,108500.0,105333.3359375,105333.3359375,3137172
2020-09-22,77596.5625,108000.0,108500.0,107083.3359375,108416.6640625,1493532
2020-09-23,77357.0625,107666.6640625,108500.0,107583.3359375,108250.0,1251360
2020-09-24,76219.4609375,106083.3359375,107416.6640625,106083.3359375,106833.3359375,1807932
2020-09-25,76458.953125,106416.6640625,106666.6640625,106250.0,106500.0,1213368
2020-09-28,76818.1953125,106916.6640625,107166.6640625,106083.3359375,106666.6640625,3124497
2020-09-29,79701.15625,109200.0,112600.0,108000.0,110000.0,5191680
2020-09-30,79482.203125,108900.0,111400.0,108500.0,110000.0,1432380
2020-10-01,79774.140625,109300.0,109400.0,107900.0,109000.0,1702500
2020-10-02,78825.3203125,108000.0,110100.0,106700.0,109500.0,2864220
2020-10-05,78314.421875,107300.0,109000.0,107000.0,108000.0,1427600
2020-10-06,78095.46875,107000.0,108000.0,106500.0,107300.0,2044710
2020-10-07,78825.3203125,108000.0,108000.0,106500.0,106800.0,2153700
2020-10-08,78022.4765625,106900.0,107900.0,106800.0,107900.0,1325810
2020-10-09,77876.5078125,106700.0,107100.0,106600.0,107000.0,980970
2020-10-12,78095.46875,107000.0,107800.0,106600.0,106800.0,1209250
2020-10-13,78168.4453125,107100.0,108000.0,106900.0,107000.0,858550
2020-10-14,78387.4140625,107400.0,107700.0,106800.0,107100.0,1299160
2020-10-15,78460.40625,107500.0,107900.0,107000.0,107800.0,1854560
2020-10-16,78387.4140625,107400.0,108000.0,106900.0,107500.0,1637740
2020-10-19,78606.359375,107700.0,108300.0,107400.0,107400.0,1617740
2020-10-20,77511.5703125,106200.0,107600.0,106000.0,107300.0,2150990
2020-10-21,77657.5546875,106400.0,106900.0,106000.0,106500.0,805550
2020-10-22,77876.5078125,106700.0,106800.0,105100.0,106800.0,2422540
2020-10-23,80285.0546875,110000.0,110000.0,107100.0,107500.0,2946790
2020-10-26,80649.9921875,110500.0,112500.0,110000.0,111000.0,2313520
2020-10-27,79993.1015625,109600.0,111000.0,109100.0,110000.0,1721090
2020-10-28,78387.4140625,107400.0,109000.0,106500.0,109000.0,2609180
2020-10-29,78022.4765625,106900.0,107200.0,105600.0,106500.0,1723240
2020-10-30,78825.3203125,108000.0,108000.0,105300.0,107000.0,2683620
2020-11-02,78533.390625,107600.0,108000.0,107000.0,107000.0,867340
2020-11-03,78606.359375,107700.0,108000.0,107000.0,107600.0,870230
2020-11-04,78825.3203125,108000.0,109400.0,107400.0,108000.0,1342780
2020-11-05,79409.2109375,108800.0,109400.0,108000.0,108000.0,1891270
2020-11-06,79409.2109375,108800.0,109400.0,108000.0,109200.0,1011020
2020-11-09,79409.2109375,108800.0,109400.0,108500.0,109000.0,1066640
2020-11-10,78460.40625,107500.0,109200.0,107500.0,109100.0,2297200
2020-11-11,78460.40625,107500.0,107900.0,106000.0,107900.0,2429710
2020-11-12,78095.46875,107000.0,107500.0,106700.0,107500.0,1074590
2020-11-13,78387.4140625,107400.0,107400.0,107000.0,107000.0,1089500
2020-11-16,78168.4453125,107100.0,108700.0,107000.0,107500.0,2571160
2020-11-17,78533.390625,107600.0,107700.0,107000.0,107200.0,1648330
2020-11-18,79847.140625,109400.0,109500.0,107800.0,108000.0,3396750
2020-11-19,80066.1015625,109700.0,109700.0,109000.0,109400.0,3140680
2020-11-20,80941.9296875,110900.0,111500.0,109100.0,109900.0,2801420
2020-11-23,80722.9765625,110600.0,111300.0,109800.0,111000.0,2104330
2020-11-24,79993.1015625,109600.0,110900.0,109000.0,110600.0,1937130
2020-11-25,80649.9921875,110500.0,111000.0,109100.0,109600.0,2190900
2020-11-26,80212.078125,109900.0,110900.0,109300.0,110900.0,1490270
2020-11-27,80139.078125,109800.0,109900.0,108700.0,109900.0,2823860
2020-11-30,78971.2890625,108200.0,110000.0,108000.0,109800.0,2687040
2020-12-01,80066.1015625,109700.0,109800.0,107200.0,107300.0,2493230
2020-12-02,79555.1953125,109000.0,109800.0,108700.0,109600.0,1332460
2020-12-03,79920.1328125,109500.0,109900.0,108800.0,109000.0,1108730
2020-12-04,79555.1953125,109000.0,109700.0,108800.0,109500.0,1571130
2020-12-07,80285.0546875,110000.0,110900.0,108800.0,109000.0,1970400
2020-12-08,79701.15625,109200.0,110300.0,109000.0,110100.0,1468350
2020-12-09,80066.1015625,109700.0,110100.0,109300.0,110000.0,1701940
2020-12-10,81744.78125,112000.0,113900.0,110300.0,110300.0,6077770
2020-12-11,82182.703125,112600.0,112800.0,111800.0,112000.0,2297940
2020-12-14,82766.5859375,113400.0,113400.0,112400.0,112800.0,2535300
2020-12-15,81160.8828125,111200.0,113300.0,110800.0,113000.0,4572910
2020-12-16,81452.8359375,111600.0,112300.0,110700.0,111200.0,2106480
2020-12-17,80576.9921875,110400.0,111000.0,110300.0,111000.0,2951870
2020-12-18,80576.9921875,110400.0,111000.0,110000.0,110500.0,3342900
2020-12-21,81014.921875,111000.0,111400.0,110200.0,110400.0,2341080
2020-12-22,80212.078125,109900.0,110900.0,109800.0,110900.0,2266760
2020-12-23,80431.0234375,110200.0,111400.0,109900.0,109900.0,2432590
2020-12-24,79336.2421875,108700.0,110500.0,108000.0,110200.0,2511360
2020-12-25,79555.1953125,109000.0,109100.0,108100.0,108800.0,1755510
2020-12-28,79336.2421875,108700.0,109700.0,108300.0,109100.0,2305300
2020-12-29,79701.15625,109200.0,109400.0,108600.0,109000.0,1299700
2020-12-30,79409.2109375,108800.0,110200.0,108600.0,109200.0,1856600
2020-12-31,79409.2109375,108800.0,109900.0,108800.0,109000.0,993810
2021-01-01,79409.2109375,108800.0,108800.0,108800.0,108800.0,0
2021-01-04,79774.140625,109300.0,109800.0,109000.0,109700.0,229960
2021-01-05,81615.6640625,110800.0,112000.0,108400.0,108900.0,401390
2021-01-06,80879.0546875,109800.0,111300.0,109800.0,111000.0,282310
2021-01-07,81321.015625,110400.0,110800.0,109800.0,110000.0,245300
2021-01-08,82499.5859375,112000.0,112900.0,110900.0,111500.0,332300
2021-01-11,85372.34375,115900.0,116000.0,112500.0,112500.0,460390
2021-01-12,85666.9765625,116300.0,116700.0,115400.0,116500.0,234490
2021-01-13,84341.1015625,114500.0,117200.0,114200.0,116300.0,252160
2021-01-14,83309.84375,113100.0,114400.0,112600.0,114400.0,368040
2021-01-15,83899.1328125,113900.0,115300.0,113100.0,113500.0,212570
2021-01-18,83457.171875,113300.0,115100.0,113300.0,114200.0,262400
2021-01-19,79332.1875,107700.0,113300.0,107000.0,113300.0,366830
2021-01-20,80289.78125,109000.0,109500.0,106000.0,108800.0,336370
2021-01-21,81247.359375,110300.0,110700.0,108800.0,109900.0,253120
2021-01-22,80068.796875,108700.0,110800.0,108700.0,110200.0,242900
2021-01-25,79700.4921875,108200.0,109700.0,108000.0,108900.0,255480
2021-01-26,78595.59375,106700.0,108500.0,105000.0,108100.0,259690
2021-01-27,76091.15625,103300.0,106800.0,102500.0,106000.0,315380
2021-01-28,70787.5859375,96100.0,101900.0,96100.0,100000.0,456560
2021-01-29,75722.8359375,102800.0,102800.0,96000.0,96000.0,414050
2021-02-01,75649.1796875,102700.0,105200.0,102000.0,103000.0,293480
2021-02-02,78374.6015625,106400.0,107000.0,102300.0,102300.0,335090
2021-02-03,80805.4140625,109700.0,109700.0,106400.0,106400.0,305650
2021-02-04,80142.4609375,108800.0,109700.0,107000.0,109700.0,189680
2021-02-05,80731.734375,109600.0,110000.0,108600.0,108600.0,223120
2021-02-08,77564.3515625,105300.0,109600.0,103800.0,109600.0,433160
2021-02-09,79553.1796875,108000.0,108900.0,104900.0,105300.0,193170
2021-02-10,79553.1796875,108000.0,108000.0,108000.0,108000.0,0
2021-02-11,79553.1796875,108000.0,108000.0,108000.0,108000.0,0
2021-02-12,79553.1796875,108000.0,108000.0,108000.0,108000.0,0
2021-02-15,79553.1796875,108000.0,108000.0,108000.0,108000.0,0
2021-02-16,79553.1796875,108000.0,108000.0,108000.0,108000.0,0
2021-02-17,80068.796875,108700.0,108900.0,107300.0,108000.0,287230
2021-02-18,80289.78125,109000.0,109000.0,107500.0,108700.0,284740
2021-02-19,79553.1796875,108000.0,108300.0,107100.0,107800.0,269650
2021-02-22,79184.859375,107500.0,107800.0,107300.0,107400.0,300620
2021-02-23,78816.5703125,107000.0,108000.0,106200.0,107500.0,304840
2021-02-24,78816.5703125,107000.0,107000.0,107000.0,107000.0,0
2021-02-25,78816.5703125,107000.0,107000.0,107000.0,107000.0,0
2021-02-26,77196.0390625,104800.0,104900.0,103400.0,103600.0,335780
2021-03-01,77785.3203125,105600.0,105900.0,105000.0,105500.0,217900
2021-03-02,77269.703125,104900.0,106500.0,104000.0,106200.0,305010
2021-03-03,76975.0546875,104500.0,104900.0,104000.0,104800.0,255130
2021-03-04,76164.796875,103400.0,105500.0,103000.0,105200.0,275510
2021-03-05,75870.15625,103000.0,103100.0,101700.0,103100.0,418760
2021-03-08,75280.8671875,102200.0,103600.0,101700.0,103400.0,320820
2021-03-09,74028.6484375,100500.0,101500.0,100200.0,101100.0,414190
2021-03-10,74470.5859375,101100.0,102500.0,99800.0,100500.0,339130
2021-03-11,75722.8359375,102800.0,103800.0,102100.0,102500.0,241700
2021-03-12,75280.8671875,102200.0,103300.0,101700.0,103000.0,270460
2021-03-15,75280.8671875,102200.0,103000.0,102100.0,102800.0,237940
2021-03-16,74396.96875,101000.0,102300.0,100100.0,102200.0,412110
2021-03-17,74028.6484375,100500.0,101000.0,100100.0,101000.0,356840
2021-03-18,75501.8515625,102500.0,102500.0,101000.0,101000.0,255340
2021-03-19,74912.5625,101700.0,102200.0,101400.0,102200.0,233940
2021-03-22,74249.6328125,100800.0,101800.0,100600.0,101700.0,341630
2021-03-23,73807.65625,100200.0,100700.0,99700.0,100600.0,455430
2021-03-24,72702.765625,98700.0,100000.0,98500.0,99600.0,319220
2021-03-25,72555.4453125,98500.0,99700.0,98300.0,99000.0,315270
2021-03-26,71745.1796875,97400.0,98500.0,96600.0,98000.0,365370
2021-03-29,72923.75,99000.0,99900.0,97800.0,98100.0,279030
2021-03-30,73071.0625,99200.0,100100.0,98600.0,99600.0,259040
2021-03-31,72481.765625,98400.0,99100.0,98000.0,99100.0,281560
2021-04-01,74396.96875,101000.0,101000.0,98000.0,98500.0,559400
2021-04-02,75649.1796875,102700.0,104000.0,102100.0,102500.0,384000
2021-04-05,75575.515625,102600.0,104500.0,102200.0,104500.0,282270
2021-04-06,74765.25,101500.0,102700.0,100800.0,102600.0,345260
2021-04-07,73734.015625,100100.0,101000.0,100000.0,101000.0,350370
2021-04-08,73586.6875,99900.0,100500.0,99400.0,100400.0,360380
2021-04-09,73513.015625,99800.0,100000.0,99200.0,99900.0,271670
2021-04-12,73660.3359375,100000.0,100300.0,99500.0,100000.0,363240
2021-04-13,73660.3359375,100000.0,101700.0,99700.0,100800.0,379910
2021-04-14,73144.71875,99300.0,100000.0,98900.0,100000.0,349850
2021-04-15,72997.3984375,99100.0,100500.0,98900.0,99600.0,354940
2021-04-16,71376.875,96900.0,98700.0,96400.0,98600.0,487640
2021-04-19,70787.5859375,96100.0,97500.0,95100.0,96900.0,572290
2021-04-20,73144.71875,99300.0,101000.0,96900.0,97000.0,698720
2021-04-21,73144.71875,99300.0,99300.0,99300.0,99300.0,0
2021-04-22,72187.140625,98000.0,99500.0,97000.0,99300.0,316630
2021-04-23,73292.03125,99500.0,99900.0,96800.0,98000.0,355680
2021-04-26,70713.9296875,96000.0,99000.0,96000.0,97000.0,504560
2021-04-27,70492.9453125,95700.0,96500.0,95000.0,96000.0,314940
2021-04-28,69019.734375,93700.0,95800.0,93500.0,95700.0,502710
2021-04-29,68872.4296875,93500.0,94200.0,91500.0,93700.0,649970
2021-04-30,68872.4296875,93500.0,93500.0,93500.0,93500.0,0
2021-05-03,68872.4296875,93500.0,93500.0,93500.0,93500.0,0
2021-05-04,67472.8671875,91600.0,93000.0,91500.0,93000.0,411280
2021-05-05,67767.515625,92000.0,93000.0,91600.0,91600.0,379230
2021-05-06,65999.6640625,89600.0,92000.0,89600.0,92000.0,744860
2021-05-07,64084.49609375,87000.0,89200.0,86800.0,89000.0,674450
2021-05-10,68504.1171875,93000.0,93000.0,86100.0,87000.0,817690
2021-05-11,67178.2265625,91200.0,94500.0,91200.0,93500.0,419700
2021-05-12,67620.1875,91800.0,92200.0,90000.0,90100.0,319930
2021-05-13,66662.609375,90500.0,91700.0,90500.0,91000.0,311840
2021-05-14,65926.0,89500.0,91200.0,89500.0,91100.0,439120
2021-05-17,64231.82421875,87200.0,90000.0,87200.0,89500.0,500130
2021-05-18,64084.49609375,87000.0,88000.0,86800.0,87500.0,297010
2021-05-19,64452.796875,87500.0,89000.0,87100.0,87800.0,352610
2021-05-20,64821.1171875,88000.0,88100.0,87000.0,87900.0,280050
2021-05-21,65705.0234375,89200.0,90800.0,87100.0,87900.0,394280
2021-05-24,65705.0234375,89200.0,89200.0,89200.0,89200.0,0
2021-05-25,66662.609375,90500.0,91200.0,90000.0,91200.0,279120
2021-05-26,67030.9140625,91000.0,91900.0,89300.0,90000.0,377330
2021-05-27,66662.609375,90500.0,91600.0,90000.0,91400.0,292430
2021-05-28,67104.5703125,91100.0,91700.0,90400.0,91000.0,312220
2021-05-31,66662.609375,90500.0,92000.0,90200.0,91800.0,309590
2021-06-01,66220.65625,89900.0,90700.0,89900.0,90500.0,233990
2021-06-02,65852.34375,89400.0,89600.0,89000.0,89600.0,367240
2021-06-03,66441.6328125,90200.0,90800.0,89800.0,90000.0,362900
2021-06-04,65926.0,89500.0,91000.0,89100.0,90300.0,456440
2021-06-07,66671.78125,89400.0,89600.0,88000.0,89500.0,3736600
2021-06-08,66671.78125,89400.0,89400.0,89400.0,89400.0,0
2021-06-09,66448.0390625,89100.0,90100.0,88800.0,89800.0,3013500
2021-06-10,68759.9296875,92200.0,93600.0,88600.0,89400.0,5619300
2021-06-11,68610.7734375,92000.0,92500.0,91200.0,92200.0,2940400
2021-06-14,68983.640625,92500.0,93500.0,91500.0,92500.0,4875100
2021-06-15,69281.9609375,92900.0,93200.0,92100.0,92600.0,4534800
2021-06-16,68461.6171875,91800.0,93000.0,91300.0,92700.0,3041200
2021-06-17,67865.0078125,91000.0,92200.0,90800.0,91000.0,2388800
2021-06-18,68685.34375,92100.0,92700.0,91400.0,91400.0,2971800
2021-06-21,67566.7109375,90600.0,92100.0,90600.0,92000.0,4193600
2021-06-22,67566.7109375,90600.0,91500.0,90600.0,91000.0,2242800
2021-06-23,67119.234375,90000.0,90800.0,89700.0,90600.0,3357300
2021-06-24,66149.7421875,88700.0,90200.0,88300.0,89900.0,4225000
2021-06-25,66895.4921875,89700.0,89900.0,88700.0,88700.0,2079300
2021-06-28,66522.6171875,89200.0,90200.0,89000.0,90000.0,1847900
2021-06-29,67865.0078125,91000.0,91700.0,89000.0,89800.0,4368100
2021-06-30,67417.53125,90400.0,91100.0,90200.0,91000.0,2115600
2021-07-01,67790.4296875,90900.0,91300.0,90400.0,90600.0,3811500
2021-07-02,67193.8125,90100.0,91000.0,90100.0,91000.0,2750900
2021-07-05,67193.8125,90100.0,90100.0,90100.0,90100.0,0
2021-07-06,67193.8125,90100.0,90100.0,90100.0,90100.0,0
2021-07-07,67193.8125,90100.0,90100.0,90100.0,90100.0,0
2021-07-08,67193.8125,90100.0,90100.0,90100.0,90100.0,0
2021-07-09,64881.9375,87000.0,88400.0,86900.0,88300.0,3058100
2021-07-12,64881.9375,87000.0,87000.0,87000.0,87000.0,0
2021-07-13,62868.34765625,84300.0,86500.0,84200.0,86100.0,2883300
2021-07-14,62868.34765625,84300.0,84300.0,84300.0,84300.0,0
2021-07-15,63539.53515625,85200.0,86300.0,84500.0,85000.0,3284100
2021-07-16,63539.53515625,85200.0,85200.0,85200.0,85200.0,0
2021-07-19,63390.39453125,85000.0,85000.0,84000.0,84400.0,4111700
2021-07-20,64061.58203125,85900.0,86000.0,84300.0,85000.0,3207300
2021-07-21,63614.12109375,85300.0,85900.0,85200.0,85400.0,1696200
2021-07-22,64732.78125,86800.0,87100.0,85300.0,85500.0,2152400
2021-07-23,65329.390625,87600.0,89800.0,86100.0,86800.0,4126700
2021-07-26,66298.8828125,88900.0,89200.0,87900.0,88000.0,2791500
2021-07-27,65254.8203125,87500.0,89500.0,87500.0,88900.0,2388200
2021-07-28,64807.3359375,86900.0,87400.0,86600.0,87100.0,1665500
2021-07-29,64732.78125,86800.0,87700.0,86000.0,87000.0,2648300
2021-07-30,64210.73828125,86100.0,87200.0,85900.0,86800.0,4405200
2021-08-02,64509.0390625,86500.0,86900.0,86000.0,86200.0,2574300
2021-08-03,64956.5078125,87100.0,87500.0,86600.0,86600.0,2714600
2021-08-04,64956.5078125,87100.0,87100.0,87100.0,87100.0,0
2021-08-05,64583.6171875,86600.0,87100.0,86600.0,86900.0,2833600
2021-08-06,65031.078125,87200.0,88400.0,86600.0,86900.0,3960600
2021-08-09,65403.9609375,87700.0,87900.0,87000.0,87200.0,2731300
2021-08-10,65403.9609375,87700.0,87700.0,87700.0,87700.0,0
2021-08-11,67790.4296875,90900.0,91400.0,89800.0,89900.0,5330400
2021-08-12,67492.1171875,90500.0,91500.0,90300.0,90800.0,4287800
2021-08-13,67044.65625,89900.0,90500.0,89200.0,90400.0,4105500
2021-08-16,66746.34375,89500.0,90600.0,89000.0,89900.0,3270800
2021-08-17,66746.34375,89500.0,89500.0,89500.0,89500.0,0
2021-08-18,67119.234375,90000.0,90900.0,89400.0,89500.0,4710100
2021-08-19,67342.9765625,90300.0,90500.0,89800.0,90500.0,3061300
2021-08-20,65478.546875,87800.0,90300.0,87000.0,90300.0,4326800
2021-08-23,64136.16015625,86000.0,87800.0,86000.0,87700.0,4356500
2021-08-24,64359.890625,86300.0,87000.0,85700.0,86100.0,2375700
2021-08-25,64807.3359375,86900.0,87100.0,86000.0,86400.0,1675500
2021-08-26,64881.9375,87000.0,87700.0,86700.0,86900.0,1896000
2021-08-27,64881.9375,87000.0,87500.0,86700.0,87400.0,2346900
2021-08-30,65180.234375,87400.0,87600.0,87000.0,87100.0,4306000
2021-08-31,65180.234375,87400.0,87600.0,87100.0,87500.0,2957200
2021-09-01,65702.265625,88100.0,88800.0,87200.0,87400.0,3430100
2021-09-02,65702.265625,88100.0,88100.0,88100.0,88100.0,0
2021-09-03,65702.265625,88100.0,88100.0,88100.0,88100.0,0
2021-09-06,65851.4296875,88300.0,88800.0,88200.0,88300.0,3212200
2021-09-07,65472.09765625,86300.0,87800.0,86300.0,87800.0,2622200
2021-09-08,65472.09765625,86300.0,86300.0,86300.0,86300.0,0
2021-09-09,64637.56640625,85200.0,85500.0,85000.0,85400.0,2452400
2021-09-10,65623.8359375,86500.0,87000.0,85000.0,85200.0,3962100
2021-09-13,66154.8984375,87200.0,87400.0,86300.0,86500.0,2956200
2021-09-14,66003.1640625,87000.0,87300.0,86600.0,87200.0,2482900
2021-09-15,65320.3828125,86100.0,86800.0,86100.0,86800.0,2425000
2021-09-16,65547.9765625,86400.0,86500.0,85900.0,86500.0,1825400
2021-09-17,65623.8359375,86500.0,88400.0,86300.0,86400.0,5292600
2021-09-20,67292.8828125,88700.0,89100.0,87300.0,87600.0,5447700
2021-09-21,67292.8828125,88700.0,88700.0,88700.0,88700.0,0
2021-09-22,67292.8828125,88700.0,88700.0,88700.0,88700.0,0
2021-09-23,68886.0625,90800.0,92400.0,90400.0,91500.0,3941300
2021-09-24,68810.1875,90700.0,91400.0,90700.0,91000.0,299000000
2021-09-27,67368.734375,88800.0,91400.0,88800.0,90600.0,5053900
2021-09-28,67748.078125,89300.0,89900.0,88000.0,88800.0,3757200
2021-09-29,67975.6640625,89600.0,90100.0,88700.0,89300.0,2763400
2021-09-30,67975.6640625,89600.0,90700.0,89600.0,89900.0,2799400
2021-10-01,68127.3984375,89800.0,90400.0,89100.0,89300.0,3805400
2021-10-04,68430.8515625,90200.0,91100.0,90100.0,90500.0,306020000
2021-10-05,67975.6640625,89600.0,90300.0,89600.0,90300.0,2268000
2021-10-06,67975.6640625,89600.0,89600.0,89600.0,89600.0,0
2021-10-07,67368.734375,88800.0,89400.0,88800.0,89300.0,2981800
2021-10-08,67975.6640625,89600.0,90000.0,88700.0,88900.0,2618600
2021-10-11,67975.6640625,89600.0,89600.0,89600.0,89600.0,0
2021-10-12,68582.59375,90400.0,91300.0,90100.0,90400.0,3616300
2021-10-13,68354.9921875,90100.0,91300.0,90000.0,91000.0,3793100
2021-10-14,68354.9921875,90100.0,90100.0,90100.0,90100.0,0
2021-10-15,68279.1328125,90000.0,90700.0,89600.0,90000.0,3206000
2021-10-18,68279.1328125,90000.0,90000.0,90000.0,90000.0,0
2021-10-19,68506.734375,90300.0,90500.0,89800.0,89800.0,5984500
2021-10-20,68279.1328125,90000.0,90600.0,89000.0,90400.0,3480500
2021-10-21,67596.34375,89100.0,90100.0,89100.0,90000.0,2936500
2021-10-22,68658.453125,90500.0,90500.0,89200.0,89500.0,4487700
2021-10-25,68658.453125,90500.0,90500.0,90500.0,90500.0,0
2021-10-26,67975.6640625,89600.0,90200.0,89400.0,90000.0,1641200
2021-10-27,68582.59375,90400.0,90600.0,89700.0,90000.0,3549900
2021-10-28,68734.328125,90600.0,91500.0,90500.0,90500.0,4093700
2021-10-29,68810.1875,90700.0,91000.0,90300.0,90600.0,3748500
2021-11-01,68810.1875,90700.0,90700.0,90700.0,90700.0,0
2021-11-02,68279.1328125,90000.0,89200.0,89000.0,90000.0,4888900
2021-11-03,66913.5546875,88200.0,89500.0,88200.0,89100.0,5547900
2021-11-04,67065.2734375,88400.0,88700.0,88100.0,88400.0,2513000
2021-11-05,67672.203125,89200.0,89400.0,88500.0,88600.0,2654600
2021-11-08,68886.0625,90800.0,91100.0,89600.0,89700.0,6171800
2021-11-09,68127.3984375,89800.0,91100.0,89700.0,91000.0,3695000
2021-11-10,68051.53125,89700.0,90100.0,89300.0,90000.0,2666100
2021-11-11,67975.6640625,89600.0,90400.0,89300.0,89800.0,3380600
2021-11-12,67748.078125,89300.0,90100.0,89100.0,90000.0,2120400
2021-11-15,67520.46875,89000.0,89600.0,89000.0,89500.0,3268000
2021-11-16,67217.0078125,88600.0,89300.0,88500.0,89000.0,3251700
2021-11-17,67368.734375,88800.0,89600.0,88600.0,88600.0,2514400
2021-11-18,66761.8125,88000.0,88800.0,88000.0,88800.0,3900000
2021-11-19,65320.3828125,86100.0,88400.0,86000.0,88000.0,5151200
2021-11-22,65396.2265625,86200.0,86500.0,85900.0,86000.0,3497600
2021-11-23,65472.09765625,86300.0,86700.0,86000.0,86500.0,2198800
2021-11-24,66382.484375,87500.0,87500.0,86500.0,86500.0,2124500
2021-11-25,66382.484375,87500.0,88200.0,87200.0,87500.0,2175400
2021-11-26,66989.40625,88300.0,88800.0,87500.0,87600.0,3015700
2021-11-29,66382.484375,87500.0,87900.0,87200.0,87800.0,2835900
2021-11-30,66458.3515625,87600.0,88800.0,87600.0,87600.0,3177100
2021-12-01,66382.484375,87500.0,88600.0,87400.0,88000.0,1894500
2021-12-02,66306.6328125,87400.0,88000.0,87400.0,87500.0,1254100
2021-12-03,65092.765625,85800.0,88000.0,85800.0,87600.0,2900400
2021-12-06,64713.453125,85300.0,86600.0,85300.0,86000.0,3168200
2021-12-07,65623.8359375,86500.0,86500.0,85400.0,85800.0,1530000
2021-12-08,65244.49609375,86000.0,86500.0,85700.0,86300.0,1294500
2021-12-09,66003.1640625,87000.0,87100.0,85700.0,85900.0,1449900
2021-12-10,65472.09765625,86300.0,87000.0,85800.0,86500.0,1485000
2021-12-13,65547.9765625,86400.0,86800.0,86000.0,86300.0,1495700
2021-12-14,65472.09765625,86300.0,86900.0,86200.0,86400.0,1671200
2021-12-15,65472.09765625,86300.0,86700.0,86300.0,86400.0,1214100
2021-12-16,65699.6953125,86600.0,86600.0,86000.0,86300.0,1610300
2021-12-17,65016.9140625,85700.0,86700.0,85700.0,86600.0,2660200
2021-12-20,65016.9140625,85700.0,86300.0,85600.0,86000.0,1807000
2021-12-21,64865.16796875,85500.0,86000.0,85500.0,85800.0,1192900
2021-12-22,64789.3125,85400.0,86200.0,85300.0,85700.0,1844400
2021-12-23,64258.25390625,84700.0,85400.0,84500.0,85400.0,2147800
2021-12-24,65244.49609375,86000.0,86000.0,84700.0,84700.0,1148400
2021-12-27,65320.3828125,86100.0,86400.0,85700.0,86000.0,1138300
2021-12-28,64865.16796875,85500.0,86200.0,85200.0,86200.0,1544400
2021-12-29,64637.56640625,85200.0,85600.0,85100.0,85500.0,945400
2021-12-30,64713.453125,85300.0,85600.0,85100.0,85300.0,893100
2021-12-31,65547.9765625,86400.0,87500.0,85300.0,85500.0,2325100
2022-01-03,65547.9765625,86400.0,86400.0,86400.0,86400.0,0
2022-01-04,65775.5625,86700.0,87400.0,86700.0,87200.0,1885600
2022-01-05,65396.2265625,86200.0,87000.0,86000.0,86800.0,3124600
2022-01-06,64789.3125,85400.0,86100.0,85300.0,86100.0,2848200
2022-01-07,64637.56640625,85200.0,85600.0,85000.0,85300.0,2553900
2022-01-10,64560.4453125,83700.0,85000.0,83500.0,84800.0,2146400
2022-01-11,64560.4453125,83700.0,84000.0,83500.0,83600.0,1829000
2022-01-12,64097.64453125,83100.0,83800.0,82700.0,83800.0,2183600
2022-01-13,64097.64453125,83100.0,83700.0,82900.0,83400.0,1711600
2022-01-14,65331.78125,84700.0,85100.0,82700.0,83100.0,2516600
2022-01-17,63943.3828125,82900.0,85000.0,82900.0,85000.0,2100400
2022-01-18,64329.0390625,83400.0,83500.0,82600.0,82900.0,2100400
2022-01-19,64329.0390625,83400.0,83500.0,82700.0,82900.0,1764900
2022-01-20,64020.50390625,83000.0,83300.0,82900.0,83000.0,1488400
2022-01-21,63711.9765625,82600.0,83300.0,82500.0,83000.0,1576400
2022-01-24,62477.84765625,81000.0,82700.0,81000.0,82600.0,2222200
2022-01-25,61089.44921875,79200.0,81000.0,79100.0,80500.0,3758600
2022-01-26,61475.1171875,79700.0,80500.0,79300.0,79300.0,1452100
2022-01-27,64097.64453125,83100.0,83400.0,80100.0,80100.0,2039000
2022-01-28,64097.64453125,83100.0,84200.0,82800.0,83000.0,2257400
2022-01-31,64097.64453125,83100.0,83100.0,83100.0,83100.0,0
2022-02-01,64097.64453125,83100.0,83100.0,83100.0,83100.0,0
2022-02-02,64097.64453125,83100.0,83100.0,83100.0,83100.0,0
2022-02-03,64097.64453125,83100.0,83100.0,83100.0,83100.0,0
2022-02-04,64097.64453125,83100.0,83100.0,83100.0,83100.0,0
2022-02-07,64406.1796875,83500.0,84000.0,82900.0,83200.0,1324200
2022-02-08,63249.18359375,82000.0,83500.0,82000.0,83400.0,2708900
2022-02-09,63866.25390625,82800.0,83700.0,82000.0,82000.0,1799300
2022-02-10,63789.109375,82700.0,83300.0,82300.0,82800.0,1612500
2022-02-11,63249.18359375,82000.0,82600.0,81900.0,82500.0,1624600
2022-02-14,62554.98828125,81100.0,82000.0,81000.0,81500.0,2971800
2022-02-15,62554.98828125,81100.0,81100.0,81100.0,81100.0,0
2022-02-16,62015.0546875,80400.0,81300.0,80300.0,81200.0,2825100
2022-02-17,62323.578125,80800.0,81200.0,80400.0,80500.0,1787700
2022-02-18,62169.3125,80600.0,80800.0,80100.0,80100.0,1808100
2022-02-21,62477.84765625,81000.0,81600.0,80900.0,80900.0,1280600
2022-02-22,61706.515625,80000.0,81000.0,79700.0,80900.0,3204500
2022-02-23,61706.515625,80000.0,80500.0,79800.0,80000.0,2200300
2022-02-24,60626.65234375,78600.0,80000.0,78500.0,80000.0,2723500
2022-02-25,60858.0546875,78900.0,79500.0,78900.0,79000.0,1347700
2022-02-28,60472.38671875,78400.0,79000.0,77800.0,78900.0,2258900
2022-03-01,61089.44921875,79200.0,79400.0,78200.0,78400.0,1273100
2022-03-02,60549.515625,78500.0,79200.0,78000.0,79200.0,2037100
2022-03-03,60472.38671875,78400.0,79000.0,78200.0,78700.0,1486600
2022-03-04,60086.71875,77900.0,78400.0,77800.0,78400.0,2511600
2022-03-07,59238.26171875,76800.0,77900.0,76700.0,77900.0,3530800
2022-03-08,58698.3203125,76100.0,76500.0,76000.0,76300.0,2383000
2022-03-09,57926.98828125,75100.0,76800.0,75000.0,76000.0,3003700
2022-03-10,59469.65234375,77100.0,77900.0,76000.0,76000.0,2971800
2022-03-11,60163.8515625,78000.0,78500.0,77100.0,77200.0,2322900
2022-03-14,59546.7890625,77200.0,78000.0,76900.0,78000.0,1654700
2022-03-15,59546.7890625,77200.0,77500.0,76300.0,77000.0,1482600
2022-03-16,59623.921875,77300.0,78000.0,77000.0,77200.0,1850400
2022-03-17,58929.72265625,76400.0,77800.0,76400.0,77600.0,1354400
2022-03-18,58621.19140625,76000.0,77000.0,76000.0,76600.0,4233000
2022-03-21,59855.328125,77600.0,77900.0,76000.0,76000.0,1884100
2022-03-22,59315.38671875,76900.0,77900.0,76800.0,77900.0,2390200
2022-03-23,58698.3203125,76100.0,77000.0,75900.0,76800.0,3226000
2022-03-24,58312.65625,75600.0,76100.0,75200.0,76000.0,3389800
2022-03-25,58004.125,75200.0,75800.0,75100.0,75600.0,2699500
2022-03-28,56615.73046875,73400.0,75600.0,73400.0,75300.0,4038700
2022-03-29,58235.5234375,75500.0,75500.0,73500.0,73500.0,2139300
2022-03-30,58775.46484375,76200.0,76600.0,75100.0,75500.0,3413800
2022-03-31,62400.71484375,80900.0,81000.0,76000.0,76200.0,9645800
2022-04-01,63017.77734375,81700.0,82700.0,80300.0,81000.0,6112000
2022-04-04,63403.44140625,82200.0,82500.0,81500.0,82000.0,3808700
2022-04-05,62015.0546875,80400.0,81800.0,80400.0,81800.0,2202100
2022-04-06,61166.57421875,79300.0,81200.0,79100.0,80000.0,4306700
2022-04-07,60549.515625,78500.0,80000.0,78500.0,79900.0,1760300
2022-04-08,59623.921875,77300.0,79100.0,77300.0,78500.0,2738300
2022-04-11,59623.921875,77300.0,77300.0,77300.0,77300.0,0
2022-04-12,59238.26171875,76800.0,77800.0,76500.0,77300.0,1776300
2022-04-13,59546.7890625,77200.0,78500.0,76700.0,76800.0,2118800
2022-04-14,58852.58984375,76300.0,78000.0,76300.0,77500.0,1810200
2022-04-15,59006.85546875,76500.0,77600.0,76000.0,76500.0,1362400
2022-04-18,59392.53125,77000.0,77900.0,76400.0,76500.0,2564300
2022-04-19,58621.19140625,76000.0,77700.0,76000.0,77100.0,1670200
2022-04-20,58312.65625,75600.0,76700.0,75600.0,76000.0,1931100
2022-04-21,57849.859375,75000.0,76500.0,75000.0,75300.0,4615600
2022-04-22,58544.05078125,75900.0,76500.0,75500.0,75700.0,2800400
2022-04-25,56692.86328125,73500.0,76300.0,73000.0,76000.0,2659800
2022-04-26,58544.05078125,75900.0,76000.0,70900.0,73500.0,3883000
2022-04-27,57849.859375,75000.0,75800.0,73700.0,75200.0,1826000
2022-04-28,57309.9296875,74300.0,74900.0,73800.0,74900.0,1911000
2022-04-29,57232.796875,74200.0,75000.0,74000.0,74400.0,1630100
2022-05-02,57232.796875,74200.0,74200.0,74200.0,74200.0,0
2022-05-03,57232.796875,74200.0,74200.0,74200.0,74200.0,0
2022-05-04,55921.53125,72500.0,74400.0,72500.0,74200.0,1763900
2022-05-05,55612.99609375,72100.0,73200.0,71500.0,73200.0,1548200
2022-05-06,54147.46484375,70200.0,71600.0,69500.0,71400.0,2109800
2022-05-09,53993.203125,70000.0,71500.0,69600.0,70200.0,2392100
2022-05-10,54456.0078125,70600.0,71900.0,70000.0,70000.0,3106500
2022-05-11,53607.53125,69500.0,71100.0,69500.0,70600.0,1793700
2022-05-12,51293.54296875,66500.0,69800.0,66500.0,69800.0,3189100
2022-05-13,50985.015625,66100.0,67800.0,65900.0,67000.0,4590600
2022-05-16,50753.609375,65800.0,67600.0,65700.0,66600.0,1977800
2022-05-17,53993.203125,70000.0,70000.0,65200.0,65600.0,2105100
2022-05-18,54224.59765625,70300.0,70500.0,69500.0,70000.0,1983200
2022-05-19,53221.87109375,69000.0,70000.0,69000.0,69500.0,1449400
2022-05-20,52527.66796875,68100.0,69900.0,68000.0,69000.0,1296200
2022-05-23,51139.27734375,66300.0,68700.0,66200.0,68500.0,2022200
2022-05-24,53144.73828125,68900.0,68900.0,66500.0,66700.0,2033000
2022-05-25,55458.73046875,71900.0,72300.0,68900.0,68900.0,2362100
2022-05-26,54995.9375,71300.0,71900.0,70700.0,71900.0,1530800
2022-05-27,56307.1953125,73000.0,73300.0,70700.0,71300.0,3456900
2022-05-30,55921.53125,72500.0,72900.0,72000.0,72900.0,2124400
2022-05-31,55304.46484375,71700.0,72400.0,71700.0,72100.0,2058700
2022-06-01,55458.73046875,71900.0,72600.0,71300.0,71500.0,1229600
2022-06-02,55458.73046875,71900.0,71900.0,71900.0,71900.0,0
2022-06-03,54224.59765625,70300.0,71300.0,70000.0,71000.0,1052800
2022-06-06,54610.265625,70800.0,71200.0,70000.0,70200.0,1432000
2022-06-07,54456.0078125,70600.0,70700.0,70000.0,70300.0,1322200
2022-06-08,54764.53515625,71000.0,71400.0,70700.0,70700.0,1698600
2022-06-09,54147.46484375,70200.0,71100.0,70200.0,71000.0,1045100
2022-06-10,53607.53125,69500.0,70200.0,69500.0,70000.0,1483300
2022-06-13,51216.41015625,66400.0,68400.0,66200.0,68400.0,2379700
2022-06-14,50985.015625,66100.0,67500.0,65400.0,65500.0,1393200
2022-06-15,49750.88671875,64500.0,66500.0,64500.0,66100.0,2680600
2022-06-16,52450.5390625,68000.0,68300.0,65000.0,65100.0,2215500
2022-06-17,51447.8125,66700.0,68600.0,65200.0,66900.0,2502800
2022-06-20,53221.87109375,69000.0,69700.0,66400.0,66400.0,2588200
2022-06-21,56847.1328125,73700.0,73800.0,68800.0,69200.0,4839300
2022-06-22,54456.0078125,70600.0,73400.0,70600.0,73100.0,2214000
2022-06-23,54533.13671875,70700.0,72000.0,70000.0,70600.0,1103100
2022-06-24,55150.1953125,71500.0,72900.0,70900.0,71000.0,1684400
2022-06-27,54841.66796875,71100.0,72100.0,70300.0,71800.0,1804300
2022-06-28,54610.265625,70800.0,72700.0,70100.0,70600.0,3037200
2022-06-29,55767.26171875,72300.0,72700.0,70600.0,70600.0,1941000
2022-06-30,55690.140625,72200.0,74800.0,72200.0,72300.0,3582600
2022-07-01,56847.1328125,73700.0,73900.0,72000.0,72300.0,2859000
2022-07-04,57926.98828125,75100.0,75800.0,73800.0,74000.0,3139300
2022-07-05,56384.32421875,73100.0,75400.0,73000.0,75300.0,2590800
2022-07-06,56424.23828125,70700.0,71500.0,69500.0,71000.0,2360100
2022-07-07,58259.81640625,73000.0,73000.0,70000.0,70700.0,3049600
2022-07-08,58259.81640625,73000.0,73300.0,72500.0,73000.0,1704200
2022-07-11,58259.81640625,73000.0,74700.0,72000.0,72200.0,2556900
2022-07-12,58259.81640625,73000.0,73000.0,73000.0,73000.0,0
2022-07-13,57860.77734375,72500.0,73600.0,72400.0,73200.0,1423500
2022-07-14,57780.96875,72400.0,73200.0,72200.0,72300.0,982300
2022-07-15,57142.5078125,71600.0,73000.0,71600.0,72400.0,1475000
2022-07-18,57222.3125,71700.0,72200.0,71500.0,72000.0,1106700
2022-07-19,58100.20703125,72800.0,72900.0,71600.0,72000.0,1530100
2022-07-20,58259.81640625,73000.0,73600.0,72800.0,73200.0,1167800
2022-07-21,58419.44140625,73200.0,73600.0,72200.0,72500.0,1720500
2022-07-22,57461.74609375,72000.0,73200.0,72000.0,73200.0,712300
2022-07-25,58180.0078125,72900.0,72900.0,71800.0,72000.0,1242600
2022-07-26,57461.74609375,72000.0,73000.0,71800.0,72900.0,1154000
2022-07-27,57621.36328125,72200.0,72600.0,71800.0,72000.0,789500
2022-07-28,57940.5859375,72600.0,72800.0,72300.0,72500.0,1219400
2022-07-29,58100.20703125,72800.0,73600.0,72400.0,72700.0,2582800
2022-08-01,58658.859375,73500.0,73500.0,72200.0,72800.0,2527600
2022-08-02,58579.05078125,73400.0,74200.0,72700.0,73400.0,2600900
2022-08-03,58579.05078125,73400.0,73500.0,72500.0,72800.0,3134700
2022-08-04,58499.2421875,73300.0,73400.0,72800.0,73400.0,1720600
2022-08-05,57940.5859375,72600.0,73400.0,72600.0,73300.0,2135400
2022-08-08,57621.36328125,72200.0,72500.0,72100.0,72500.0,2795800
2022-08-09,57461.74609375,72000.0,72400.0,72000.0,72200.0,2129800
2022-08-10,57860.77734375,72500.0,72600.0,72000.0,72000.0,1544800
2022-08-11,56743.46875,71100.0,72600.0,70700.0,72600.0,3884600
2022-08-12,57381.9296875,71900.0,71900.0,71000.0,71000.0,1796100
2022-08-15,57062.6953125,71500.0,72000.0,71300.0,72000.0,2525800
2022-08-16,57302.1328125,71800.0,72400.0,71700.0,71800.0,1688300
2022-08-17,57940.5859375,72600.0,72600.0,71700.0,71800.0,1316400
2022-08-18,58579.05078125,73400.0,73600.0,72600.0,72600.0,4230600
2022-08-19,59137.7109375,74100.0,74500.0,72900.0,73400.0,5225600
2022-08-22,58818.4765625,73700.0,74800.0,73700.0,74100.0,2071700
2022-08-23,60494.44921875,75800.0,75900.0,73600.0,73700.0,4551200
2022-08-24,62010.7890625,77700.0,78300.0,75800.0,75800.0,5443600
2022-08-25,62170.40625,77900.0,78300.0,77000.0,77900.0,2182100
2022-08-26,61372.328125,76900.0,78100.0,76200.0,77800.0,2463000
2022-08-29,60255.015625,75500.0,76300.0,75400.0,76100.0,3311500
2022-08-30,60654.05859375,76000.0,76400.0,75500.0,75500.0,2234900
2022-08-31,60255.015625,75500.0,76400.0,75500.0,75900.0,1657100
2022-09-01,60255.015625,75500.0,75500.0,75500.0,75500.0,0
2022-09-02,60255.015625,75500.0,75500.0,75500.0,75500.0,0
2022-09-05,61851.18359375,77500.0,77800.0,75500.0,75500.0,3169400
2022-09-06,62090.60546875,77800.0,79000.0,77300.0,77500.0,2649000
2022-09-07,60414.6328125,75700.0,77800.0,75700.0,77800.0,2916400
2022-09-08,60414.6328125,75700.0,76500.0,75200.0,76000.0,1351100
2022-09-09,60574.2421875,75900.0,76500.0,75500.0,75900.0,1188500
2022-09-12,60095.40234375,75300.0,76200.0,75300.0,76000.0,1386100
2022-09-13,60414.6328125,75700.0,76000.0,75200.0,75200.0,1556500
2022-09-14,59057.90625,74000.0,75000.0,73800.0,74900.0,2037900
2022-09-15,59456.94140625,74500.0,75200.0,74100.0,74100.0,1207500
2022-09-16,60654.05859375,76000.0,76000.0,74400.0,74700.0,2308600
2022-09-19,60015.59375,75200.0,75700.0,74900.0,75600.0,1418000
2022-09-20,60494.44921875,75800.0,76200.0,75300.0,75300.0,1139700
2022-09-21,61372.328125,76900.0,77600.0,75600.0,75700.0,2477500
2022-09-22,61372.328125,76900.0,77100.0,76000.0,76600.0,1033500
2022-09-23,61212.7109375,76700.0,77300.0,76500.0,77000.0,1398600
2022-09-26,59057.90625,74000.0,76200.0,73700.0,75800.0,3386000
2022-09-27,57780.96875,72400.0,74900.0,72300.0,74500.0,2415500
2022-09-28,57302.1328125,71800.0,73000.0,70900.0,72000.0,2145700
2022-09-29,58020.3984375,72700.0,73500.0,72200.0,72900.0,2033200
2022-09-30,57701.16015625,72300.0,73300.0,71900.0,71900.0,2345100
2022-10-03,56663.66015625,71000.0,72500.0,71000.0,71900.0,2039100
2022-10-04,56583.8515625,70900.0,71800.0,70000.0,71800.0,1631300
2022-10-05,57142.5078125,71600.0,72000.0,71000.0,71000.0,1493400
2022-10-06,55865.578125,70000.0,71400.0,70000.0,71300.0,1503000
2022-10-07,55705.96875,69800.0,71300.0,66500.0,69300.0,2685300
2022-10-10,56264.625,70500.0,71500.0,67400.0,68500.0,1661900
2022-10-11,56025.19140625,70200.0,71500.0,69600.0,70500.0,1718400
2022-10-12,57142.5078125,71600.0,71700.0,70100.0,70500.0,1274000
2022-10-13,58898.28125,73800.0,73800.0,70800.0,71000.0,3171000
2022-10-14,59057.90625,74000.0,74500.0,73700.0,74000.0,1436500
2022-10-17,59137.7109375,74100.0,75100.0,73700.0,73800.0,1679700
2022-10-18,61053.09765625,76500.0,77000.0,74700.0,75000.0,3137000
2022-10-19,61132.90625,76600.0,76800.0,76100.0,76100.0,1038000
2022-10-20,61851.18359375,77500.0,77500.0,75800.0,76600.0,2290400
2022-10-21,61452.14453125,77000.0,78400.0,76500.0,77500.0,2097600
2022-10-24,59057.90625,74000.0,77200.0,74000.0,77200.0,1578600
2022-10-25,60654.05859375,76000.0,76800.0,74100.0,74100.0,1657600
2022-10-26,60654.05859375,76000.0,76400.0,75600.0,76000.0,824700
2022-10-27,62649.25390625,78500.0,78500.0,76000.0,76000.0,2283600
2022-10-28,62250.21484375,78000.0,78600.0,77700.0,78500.0,1438800
2022-10-31,62649.25390625,78500.0,78500.0,77300.0,77700.0,1572200
2022-11-01,64005.98828125,80200.0,82500.0,78500.0,78500.0,3180100
2022-11-02,62489.64453125,78300.0,80300.0,78300.0,80200.0,1830500
2022-11-03,63846.375,80000.0,80700.0,78000.0,78000.0,1278300
2022-11-04,63846.375,80000.0,81000.0,78000.0,79900.0,2909200
2022-11-07,65602.1484375,82200.0,82200.0,80000.0,80100.0,2638300
2022-11-08,65761.765625,82400.0,82400.0,79600.0,82200.0,2301400
2022-11-09,64564.6484375,80900.0,82200.0,80000.0,82000.0,2701100
2022-11-10,62569.44921875,78400.0,81000.0,77000.0,80900.0,2637600
2022-11-11,62569.44921875,78400.0,80400.0,78400.0,78900.0,1564400
2022-11-14,63048.30078125,79000.0,82000.0,76100.0,78000.0,2596800
2022-11-15,61452.14453125,77000.0,79400.0,76500.0,79000.0,2089600
2022-11-16,59456.94140625,74500.0,78800.0,73800.0,75500.0,3542600
2022-11-17,60654.05859375,76000.0,78300.0,75100.0,76800.0,2599500
2022-11-18,61452.14453125,77000.0,77800.0,75700.0,77000.0,2229300
2022-11-21,62170.40625,77900.0,77900.0,76900.0,77000.0,1787400
2022-11-22,63447.34375,79500.0,80200.0,77400.0,77500.0,2281200
2022-11-23,63367.53125,79400.0,79700.0,78300.0,79500.0,773100
2022-11-24,64804.078125,81200.0,81200.0,78900.0,79000.0,2881100
2022-11-25,65602.1484375,82200.0,82700.0,81000.0,81300.0,2596100
2022-11-28,65203.109375,81700.0,83400.0,81700.0,82000.0,2299200
2022-11-29,66240.609375,83000.0,83300.0,80500.0,81300.0,2404200
2022-11-30,66081.0078125,82800.0,83000.0,81500.0,83000.0,1995600
2022-12-01,65761.765625,82400.0,82900.0,81600.0,81600.0,2216800
2022-12-02,67038.703125,84000.0,84000.0,82000.0,82300.0,2521800
2022-12-05,67836.7734375,85000.0,85600.0,84100.0,84100.0,2066000
2022-12-06,65841.578125,82500.0,85100.0,82500.0,85000.0,1395300
2022-12-07,65841.578125,82500.0,84300.0,81800.0,83000.0,1839600
2022-12-08,64644.453125,81000.0,84000.0,81000.0,83000.0,1597100
2022-12-09,63846.375,80000.0,81800.0,80000.0,81000.0,2408500
2022-12-12,62649.25390625,78500.0,81900.0,78400.0,80300.0,3142700
2022-12-13,62250.21484375,78000.0,79400.0,77200.0,78600.0,3610400
2022-12-14,61851.18359375,77500.0,79400.0,77500.0,79400.0,3522100
2022-12-15,61930.9921875,77600.0,79200.0,77300.0,77500.0,2595300
2022-12-16,62250.21484375,78000.0,78800.0,77600.0,77700.0,3002000
2022-12-19,61452.14453125,77000.0,78500.0,77000.0,78500.0,2422700
2022-12-20,62808.87109375,78700.0,79700.0,76900.0,77300.0,3030300
2022-12-21,63606.953125,79700.0,80600.0,79500.0,79700.0,2305500
2022-12-22,62550.90234375,77000.0,79500.0,77000.0,79300.0,1587300
2022-12-23,61901.0234375,76200.0,78200.0,76200.0,77100.0,1561800
2022-12-26,61738.546875,76000.0,77600.0,75900.0,76400.0,1657600
2022-12-27,62225.953125,76600.0,78000.0,76000.0,76800.0,1586800
2022-12-28,62550.90234375,77000.0,78000.0,76600.0,76700.0,1188500
2022-12-29,62550.90234375,77000.0,78200.0,77000.0,77400.0,1329700
2022-12-30,61819.78125,76100.0,78000.0,76100.0,78000.0,1199300
2023-01-02,61819.78125,76100.0,76100.0,76100.0,76100.0,0
2023-01-03,63769.4140625,78500.0,78500.0,76200.0,76500.0,1496000
2023-01-04,64419.296875,79300.0,79300.0,78600.0,78700.0,1089800
2023-01-05,65962.765625,81200.0,81400.0,79000.0,79300.0,2469800
2023-01-06,64825.4765625,79800.0,81200.0,79600.0,81000.0,1269700
2023-01-09,65556.59375,80700.0,80700.0,79600.0,79900.0,948300
2023-01-10,65800.296875,81000.0,81500.0,80600.0,80900.0,1196000
2023-01-11,64500.53515625,79400.0,81600.0,79400.0,81000.0,1534700
2023-01-12,64987.94140625,80000.0,80200.0,79300.0,79900.0,684900
2023-01-13,65475.3515625,80600.0,81100.0,80100.0,80200.0,1449000
2023-01-16,64500.53515625,79400.0,80800.0,79400.0,80600.0,654700
2023-01-17,65719.0625,80900.0,81000.0,79400.0,80200.0,1671400
2023-01-18,66044.0,81300.0,81500.0,80700.0,80900.0,1297900
2023-01-19,66044.0,81300.0,81500.0,80000.0,80800.0,2627700
2023-01-20,66044.0,81300.0,81300.0,81300.0,81300.0,0
2023-01-23,66044.0,81300.0,81300.0,81300.0,81300.0,0
2023-01-24,66044.0,81300.0,81300.0,81300.0,81300.0,0
2023-01-25,66044.0,81300.0,81300.0,81300.0,81300.0,0
2023-01-26,66044.0,81300.0,81300.0,81300.0,81300.0,0
2023-01-27,64987.94140625,80000.0,81900.0,79600.0,81400.0,2331800
2023-01-30,64500.53515625,79400.0,80000.0,79400.0,80000.0,1614000
2023-01-31,62632.13671875,77100.0,79500.0,76900.0,79200.0,4817500
2023-02-01,62713.3671875,77200.0,77800.0,76900.0,77700.0,1810400
2023-02-02,62307.1875,76700.0,77500.0,76700.0,77400.0,1494400
2023-02-03,61738.546875,76000.0,77100.0,75900.0,77000.0,1855200
2023-02-06,62875.8359375,77400.0,77500.0,75900.0,75900.0,1910700
2023-02-07,61819.78125,76100.0,77600.0,76100.0,77600.0,1274400
2023-02-08,61576.08203125,75800.0,76600.0,75700.0,76200.0,1550000
2023-02-09,60926.19921875,75000.0,76000.0,75000.0,75800.0,1593600
2023-02-10,61657.3046875,75900.0,75900.0,75000.0,75000.0,1236100
2023-02-13,61169.90234375,75300.0,75900.0,74100.0,75900.0,1569000
2023-02-14,60682.49609375,74700.0,75700.0,74400.0,75300.0,1073500
2023-02-15,61738.546875,76000.0,76000.0,74400.0,74700.0,1443500
2023-02-16,62144.72265625,76500.0,76500.0,75600.0,76000.0,691300
2023-02-17,61738.546875,76000.0,76400.0,75300.0,76100.0,777000
2023-02-20,62957.078125,77500.0,77500.0,75500.0,76000.0,1385300
2023-02-21,62713.3671875,77200.0,77600.0,76700.0,77500.0,888300
2023-02-22,61332.37109375,75500.0,76700.0,75500.0,76300.0,1295600
2023-02-23,61494.84375,75700.0,76900.0,74400.0,75500.0,2327900
2023-02-24,60682.49609375,74700.0,76000.0,74500.0,75700.0,1681000
2023-02-27,61088.66796875,75200.0,75900.0,74000.0,74700.0,1112500
2023-02-28,61332.37109375,75500.0,75900.0,75100.0,75500.0,1034300
2023-03-01,62469.65625,76900.0,77000.0,75000.0,75100.0,1635500
2023-03-02,62144.72265625,76500.0,76900.0,76100.0,76900.0,1088800
2023-03-03,61738.546875,76000.0,76800.0,75000.0,75000.0,704200
2023-03-06,60926.19921875,75000.0,76600.0,75000.0,76000.0,891800
2023-03-07,61576.08203125,75800.0,76200.0,75500.0,75900.0,1170900
2023-03-08,62144.72265625,76500.0,76500.0,75000.0,75200.0,1244400
2023-03-09,62144.72265625,76500.0,77100.0,76200.0,76200.0,1389700
2023-03-10,62469.65625,76900.0,77200.0,76100.0,76500.0,1427700
2023-03-13,62469.65625,76900.0,77100.0,76600.0,76800.0,1824500
2023-03-14,62225.953125,76600.0,76900.0,75600.0,76300.0,1735100
2023-03-15,62632.13671875,77100.0,77300.0,76500.0,76600.0,1960200
2023-03-16,62063.48828125,76400.0,77100.0,75900.0,77000.0,1529200
2023-03-17,60520.01953125,74500.0,76400.0,74500.0,76400.0,2432800
2023-03-20,60357.55078125,74300.0,75000.0,74100.0,75000.0,1609600
2023-03-21,60438.79296875,74400.0,75100.0,74200.0,74400.0,1350200
2023-03-22,60438.79296875,74400.0,74700.0,74400.0,74600.0,900200
2023-03-23,61169.90234375,75300.0,75300.0,74000.0,74300.0,1285000
2023-03-24,60926.19921875,75000.0,75500.0,74800.0,75000.0,932300
2023-03-27,60601.26171875,74600.0,75000.0,74300.0,75000.0,1371500
2023-03-28,60438.79296875,74400.0,75300.0,74400.0,74500.0,1650000
2023-03-29,60844.96875,74900.0,74900.0,74400.0,74700.0,907400
2023-03-30,60926.19921875,75000.0,75400.0,74600.0,74700.0,838700
2023-03-31,60438.79296875,74400.0,75400.0,74400.0,75000.0,1076100
2023-04-03,60438.79296875,74400.0,74900.0,74200.0,74600.0,850600
2023-04-04,60276.3203125,74200.0,74500.0,74200.0,74400.0,1819000
2023-04-05,60520.01953125,74500.0,74800.0,74100.0,74200.0,963400
2023-04-06,60357.55078125,74300.0,74600.0,74300.0,74400.0,905600
2023-04-07,60682.49609375,74700.0,74700.0,74300.0,74400.0,794400
2023-04-10,60438.79296875,74400.0,74700.0,74400.0,74700.0,832700
2023-04-11,60438.79296875,74400.0,74500.0,74100.0,74300.0,782800
2023-04-12,60357.55078125,74300.0,74400.0,74000.0,74400.0,979100
2023-04-13,59707.67578125,73500.0,74400.0,73500.0,74300.0,889600
2023-04-14,59139.03125,72800.0,73700.0,72800.0,73600.0,1294000
2023-04-17,58245.4453125,71700.0,72900.0,71700.0,72800.0,1365400
2023-04-18,59301.49609375,73000.0,73000.0,71800.0,71800.0,931800
2023-04-19,58489.15625,72000.0,73100.0,72000.0,73100.0,816300
2023-04-20,58407.9140625,71900.0,72600.0,71800.0,72100.0,822300
2023-04-21,57595.56640625,70900.0,72000.0,70800.0,72000.0,1107600
2023-04-24,57270.62890625,70500.0,71100.0,70200.0,71000.0,1134600
2023-04-25,56783.21875,69900.0,71400.0,69800.0,70500.0,1370200
2023-04-26,57676.8046875,71000.0,71000.0,70000.0,70000.0,941600
2023-04-27,56458.2734375,69500.0,71000.0,69500.0,71000.0,1369100
2023-04-28,56864.453125,70000.0,70200.0,69700.0,69800.0,1116700
2023-05-01,56864.453125,70000.0,70000.0,70000.0,70000.0,0
2023-05-02,56864.453125,70000.0,70000.0,70000.0,70000.0,0
2023-05-03,56864.453125,70000.0,70000.0,70000.0,70000.0,0
2023-05-04,55727.16015625,68600.0,70000.0,68400.0,70000.0,2657800
2023-05-05,55889.6328125,68800.0,69200.0,68600.0,68600.0,712200
2023-05-08,57189.39453125,70400.0,70400.0,69000.0,69000.0,1227700
2023-05-09,57433.09375,70700.0,71000.0,70500.0,70800.0,871300
2023-05-10,57270.62890625,70500.0,71100.0,70500.0,70800.0,951600
2023-05-11,56864.453125,70000.0,70900.0,70000.0,70500.0,447300
2023-05-12,56539.515625,69600.0,70400.0,69500.0,70400.0,1214100
2023-05-15,56052.1015625,69000.0,69900.0,69000.0,69900.0,1537800
2023-05-16,56620.75390625,69700.0,69700.0,69000.0,69000.0,1380300
2023-05-17,56052.1015625,69000.0,69700.0,68800.0,69700.0,1869200
2023-05-18,56214.57421875,69200.0,70000.0,68500.0,69000.0,2496400
2023-05-19,55727.16015625,68600.0,69500.0,68600.0,69400.0,1203800
2023-05-22,55402.2265625,68200.0,69000.0,68200.0,68700.0,1698000
2023-05-23,54427.41015625,67000.0,68400.0,67000.0,68000.0,2935700
2023-05-24,54427.41015625,67000.0,67000.0,67000.0,67000.0,0
2023-05-25,54508.64453125,67100.0,67500.0,66000.0,66200.0,1305500
2023-05-26,54508.64453125,67100.0,68000.0,67100.0,67400.0,904500
2023-05-29,54508.64453125,67100.0,67700.0,67100.0,67300.0,1043600
2023-05-30,54021.2265625,66500.0,67400.0,66500.0,67100.0,1770500
2023-05-31,53696.29296875,66100.0,66800.0,66100.0,66800.0,1466600
2023-06-01,53696.29296875,66100.0,66500.0,66000.0,66100.0,1214500
2023-06-02,53533.82421875,65900.0,66300.0,65500.0,66200.0,2969700
2023-06-05,54021.2265625,66500.0,67200.0,66200.0,66500.0,3323000
2023-06-06,53939.99609375,66400.0,66900.0,66000.0,66900.0,3423000
2023-06-07,53777.53515625,66200.0,66700.0,66000.0,66500.0,3719000
2023-06-08,53208.8828125,65500.0,66500.0,65500.0,66500.0,5036500
2023-06-09,53452.5859375,65800.0,66500.0,65500.0,65600.0,2080200
2023-06-12,55158.51953125,67900.0,68000.0,66000.0,66000.0,5450300
2023-06-13,54914.80859375,67600.0,68300.0,67500.0,68100.0,4943400
2023-06-14,54508.64453125,67100.0,68200.0,67100.0,67700.0,4910200
2023-06-15,53858.76171875,66300.0,67400.0,66200.0,67300.0,4687800
2023-06-16,53696.29296875,66100.0,66600.0,66000.0,66500.0,5993000
2023-06-19,53452.5859375,65800.0,66600.0,65600.0,66300.0,3279400
2023-06-20,53208.8828125,65500.0,65900.0,65500.0,65900.0,2963000
2023-06-21,53858.76171875,66300.0,66300.0,65500.0,65600.0,3490900
2023-06-22,53858.76171875,66300.0,66300.0,66300.0,66300.0,0
2023-06-23,56133.3359375,69100.0,69500.0,67000.0,67000.0,11958000
2023-06-26,57351.8671875,70600.0,70700.0,68300.0,69300.0,10737800
2023-06-27,57270.62890625,70500.0,70800.0,69600.0,70800.0,5978900
2023-06-28,57351.8671875,70600.0,70900.0,69700.0,70500.0,6154700
2023-06-29,58407.9140625,71900.0,72400.0,70100.0,70600.0,7698400
2023-06-30,57676.8046875,71000.0,72000.0,70800.0,71900.0,3645000
2023-07-03,57433.09375,70700.0,71400.0,70300.0,71100.0,3186200
2023-07-04,57351.8671875,70600.0,71200.0,70100.0,70500.0,4781600
2023-07-05,56701.98046875,69800.0,70800.0,69600.0,70800.0,6659200
2023-07-06,57270.62890625,70500.0,70700.0,69800.0,69900.0,7631000
2023-07-07,57595.56640625,70900.0,71200.0,70400.0,70700.0,5780500
2023-07-10,58570.3828125,72100.0,72700.0,71200.0,71400.0,6171100
2023-07-11,59139.03125,72800.0,73400.0,71700.0,72100.0,5702300
2023-07-12,59707.67578125,73500.0,73500.0,72600.0,72900.0,4195800
2023-07-13,59382.734375,73100.0,73800.0,72900.0,73400.0,3783500
2023-07-14,59545.20703125,73300.0,73400.0,72100.0,73200.0,5209700
2023-07-17,58732.8515625,72300.0,73600.0,72200.0,73000.0,3922800
2023-07-18,58814.09375,72400.0,72600.0,72200.0,72500.0,2930000
2023-07-19,58976.5625,72600.0,73000.0,72400.0,72500.0,2945100
2023-07-20,58976.5625,72600.0,72800.0,72300.0,72600.0,2600700
2023-07-21,59707.67578125,73500.0,73500.0,72500.0,72600.0,3341800
2023-07-24,59788.9140625,73600.0,74000.0,73300.0,73500.0,2535300
2023-07-25,60520.01953125,74500.0,74700.0,73100.0,73600.0,4245900
2023-07-26,60926.19921875,75000.0,75200.0,74300.0,74400.0,3189700
2023-07-27,61494.84375,75700.0,75800.0,74800.0,75000.0,4178200
2023-07-28,62875.8359375,77400.0,77700.0,75600.0,75800.0,5473600
2023-07-31,63363.24609375,78000.0,78400.0,77200.0,77300.0,3364900
2023-08-01,61738.546875,76000.0,78000.0,76000.0,78000.0,5730800
2023-08-02,61819.78125,76100.0,76500.0,75300.0,76000.0,2678900
2023-08-03,60938.4453125,72600.0,74100.0,72600.0,74100.0,2917600
2023-08-04,61274.1953125,73000.0,73000.0,72000.0,72500.0,3165200
2023-08-07,62869.00390625,74900.0,74900.0,72300.0,72900.0,4317900
2023-08-08,62533.25,74500.0,74900.0,73900.0,74700.0,3430500
2023-08-09,61358.12890625,73100.0,74500.0,72800.0,74500.0,3705000
2023-08-10,61358.12890625,73100.0,74000.0,72900.0,73100.0,2733200
2023-08-11,61693.87890625,73500.0,73500.0,72400.0,73100.0,2181300
2023-08-14,61609.9453125,73400.0,73500.0,72500.0,73400.0,3066500
2023-08-15,61106.3203125,72800.0,73400.0,72700.0,72900.0,2219700
2023-08-16,61358.12890625,73100.0,73500.0,72500.0,72800.0,2083900
2023-08-17,61777.8203125,73600.0,74500.0,72900.0,73100.0,4580900
2023-08-18,61526.00390625,73300.0,74800.0,72100.0,73500.0,7106200
2023-08-21,61190.25390625,72900.0,73800.0,72700.0,72700.0,3055200
2023-08-22,61022.3828125,72700.0,73200.0,71100.0,73200.0,3075100
2023-08-23,61693.87890625,73500.0,73600.0,71600.0,72400.0,3072800
2023-08-24,62701.12109375,74700.0,74900.0,73000.0,73500.0,4419900
2023-08-25,62869.00390625,74900.0,75300.0,74300.0,75300.0,2751400
2023-08-28,65387.11328125,77900.0,78100.0,75000.0,75000.0,5466800
2023-08-29,64967.4375,77400.0,77600.0,76200.0,77500.0,4199900
2023-08-30,65303.17578125,77800.0,78500.0,76500.0,77000.0,2659700
2023-08-31,65303.17578125,77800.0,78900.0,77100.0,77500.0,3836000
2023-09-01,65303.17578125,77800.0,77800.0,77800.0,77800.0,0
2023-09-04,65303.17578125,77800.0,77800.0,77800.0,77800.0,0
2023-09-05,67233.7421875,80100.0,80500.0,78100.0,78500.0,6839900
2023-09-06,67149.8046875,80000.0,80100.0,79500.0,80100.0,2280400
2023-09-07,66730.109375,79500.0,80000.0,78600.0,79900.0,3526700
2023-09-08,67149.8046875,80000.0,80100.0,79100.0,79200.0,2774900
2023-09-11,66730.109375,79500.0,81100.0,77600.0,80000.0,4234900
2023-09-12,67401.6171875,80300.0,80700.0,78300.0,79000.0,2668500
2023-09-13,66394.359375,79100.0,80300.0,78700.0,79600.0,2507000
2023-09-14,66646.171875,79400.0,80000.0,78400.0,78500.0,2482600
2023-09-15,66730.109375,79500.0,81200.0,79000.0,79400.0,5614800
2023-09-18,66226.4921875,78900.0,79800.0,78700.0,79100.0,1322100
2023-09-19,66226.4921875,78900.0,78900.0,77400.0,78500.0,2571700
2023-09-20,65722.8671875,78300.0,78800.0,78000.0,78400.0,1842800
2023-09-21,65471.05859375,78000.0,78300.0,77300.0,78100.0,2537900
2023-09-22,65051.375,77500.0,78300.0,75800.0,77100.0,4244900
2023-09-25,65135.30078125,77600.0,78500.0,76700.0,77200.0,2755500
2023-09-26,63876.24609375,76100.0,78000.0,76000.0,77600.0,2534600
2023-09-27,64295.93359375,76600.0,76600.0,74800.0,76300.0,2273300
2023-09-28,62785.0625,74800.0,76400.0,74800.0,76100.0,1889300
2023-09-29,62281.44140625,74200.0,76400.0,74200.0,75000.0,1403900
2023-10-02,63456.56640625,75600.0,75600.0,74200.0,74200.0,1159900
2023-10-03,62113.56640625,74000.0,75100.0,73900.0,74600.0,1993700
2023-10-04,62449.31640625,74400.0,74600.0,73400.0,73600.0,1077900
2023-10-05,61022.3828125,72700.0,74400.0,72700.0,74100.0,2571400
2023-10-06,62281.44140625,74200.0,74200.0,72600.0,72700.0,1227000
2023-10-09,61861.75,73700.0,74100.0,73600.0,74000.0,830900
2023-10-10,62449.31640625,74400.0,75000.0,74000.0,74300.0,1023900
2023-10-11,62449.31640625,74400.0,74800.0,74000.0,74600.0,1134400
2023-10-12,63372.625,75500.0,75900.0,74500.0,74500.0,2534800
2023-10-13,63624.43359375,75800.0,76300.0,75000.0,75400.0,1487000
2023-10-16,63120.81640625,75200.0,75800.0,74700.0,75100.0,1344400
2023-10-17,62785.0625,74800.0,76100.0,74800.0,75300.0,1421900
2023-10-18,62029.62890625,73900.0,74800.0,72400.0,74800.0,2572400
2023-10-19,59931.203125,71400.0,73400.0,70900.0,73400.0,3904700
2023-10-20,60686.6328125,72300.0,72500.0,70200.0,71300.0,2371800
2023-10-23,58923.94921875,70200.0,72000.0,70100.0,71700.0,2725900
2023-10-24,59007.8828125,70300.0,70800.0,70100.0,70200.0,1099500
2023-10-25,57916.703125,69000.0,70800.0,69000.0,70300.0,2423700
2023-10-26,56237.95703125,67000.0,68600.0,65900.0,68500.0,5201700
2023-10-27,57077.3359375,68000.0,68000.0,66600.0,67300.0,1811000
2023-10-30,56741.57421875,67600.0,68000.0,67100.0,67900.0,1047000
2023-10-31,57077.3359375,68000.0,69500.0,67600.0,67900.0,2183600
2023-11-01,59091.82421875,70400.0,70500.0,67900.0,69000.0,2337200
2023-11-02,59511.5078125,70900.0,70900.0,69800.0,70500.0,2390200
2023-11-03,58756.07421875,70000.0,70900.0,69800.0,70900.0,1692700
2023-11-06,59595.4453125,71000.0,71500.0,70100.0,70200.0,1136800
2023-11-07,59427.57421875,70800.0,70800.0,69800.0,70500.0,1474700
2023-11-08,59931.203125,71400.0,71500.0,69800.0,70800.0,2339600
2023-11-09,59343.6328125,70700.0,72100.0,70700.0,71600.0,3420100
2023-11-10,58420.328125,69600.0,70800.0,69600.0,70800.0,2833100
2023-11-13,57664.890625,68700.0,70000.0,68600.0,69700.0,1730800
2023-11-14,57832.765625,68900.0,69400.0,68200.0,69000.0,2996000
2023-11-15,59343.6328125,70700.0,71800.0,70000.0,70000.0,3949400
2023-11-16,59007.8828125,70300.0,71300.0,69900.0,70600.0,2338200
2023-11-17,58756.07421875,70000.0,71100.0,69200.0,71000.0,2335800
2023-11-20,58168.51171875,69300.0,69900.0,69000.0,69200.0,1770000
2023-11-21,58336.38671875,69500.0,69800.0,68900.0,69400.0,2959800
2023-11-22,58252.44921875,69400.0,70200.0,69000.0,69500.0,1302200
2023-11-23,57664.890625,68700.0,69900.0,68700.0,69800.0,1623100
2023-11-24,57329.14453125,68300.0,68900.0,67600.0,68600.0,3128900
2023-11-27,57161.26171875,68100.0,68400.0,67900.0,68300.0,1333300
2023-11-28,57497.015625,68500.0,68500.0,67500.0,68100.0,1775600
2023-11-29,57413.08203125,68400.0,68800.0,68200.0,68500.0,1262500
2023-11-30,56573.70703125,67400.0,68700.0,67400.0,68400.0,2581600
2023-12-01,57413.08203125,68400.0,68500.0,67700.0,68000.0,1391800
2023-12-04,57748.828125,68800.0,69500.0,68400.0,68500.0,3006800
2023-12-05,57161.26171875,68100.0,69000.0,68000.0,68800.0,2302100
2023-12-06,57497.015625,68500.0,68600.0,68100.0,68100.0,1606600
2023-12-07,57413.08203125,68400.0,68800.0,67500.0,68800.0,3874400
2023-12-08,57916.703125,69000.0,69300.0,68000.0,68400.0,3729400
2023-12-11,58756.07421875,70000.0,70500.0,69900.0,70500.0,4734500
2023-12-12,58252.44921875,69400.0,70100.0,69000.0,70000.0,2788700
2023-12-13,57245.20703125,68200.0,69700.0,68100.0,69600.0,4511000
2023-12-14,57413.08203125,68400.0,68900.0,68200.0,68400.0,1462000
2023-12-15,57161.26171875,68100.0,68600.0,68100.0,68500.0,3739700
2023-12-18,56237.95703125,67000.0,68200.0,67000.0,68100.0,3513100
2023-12-19,56237.95703125,67000.0,67400.0,66300.0,67100.0,3061900
2023-12-20,57161.26171875,68100.0,68200.0,67000.0,67000.0,2603900
2023-12-21,56909.453125,67800.0,68300.0,67800.0,67900.0,2585900
2023-12-22,56741.57421875,67600.0,68100.0,67500.0,67800.0,2145700
2023-12-25,56993.390625,67900.0,68700.0,67600.0,67600.0,2672700
2023-12-26,57077.3359375,68000.0,68500.0,68000.0,68300.0,1975400
2023-12-27,57077.33203125,67500.0,68200.0,67500.0,68000.0,1626400
2023-12-28,57922.921875,68500.0,68500.0,67500.0,67500.0,2408700
2023-12-29,57161.88671875,67600.0,68700.0,67600.0,68700.0,1954700
2024-01-01,57161.88671875,67600.0,67600.0,67600.0,67600.0,0
2024-01-02,57753.80859375,68300.0,68500.0,67900.0,68200.0,2142800
2024-01-03,58345.71875,69000.0,69000.0,68000.0,68400.0,1889800
2024-01-04,58345.71875,69000.0,69500.0,69000.0,69100.0,3401500
2024-01-05,58176.59765625,68800.0,69300.0,68500.0,69300.0,1475700
2024-01-08,57669.25,68200.0,69100.0,68200.0,69000.0,2396400
2024-01-09,57584.6796875,68100.0,68500.0,68000.0,68200.0,2460400
2024-01-10,57077.33203125,67500.0,68100.0,67400.0,68100.0,3006600
2024-01-11,57415.56640625,67900.0,68500.0,67500.0,67500.0,2083900
2024-01-12,56823.65234375,67200.0,67900.0,67000.0,67600.0,3283000
2024-01-15,56654.53515625,67000.0,67500.0,67000.0,67200.0,2226700
2024-01-16,56992.7734375,67400.0,67400.0,66700.0,67000.0,2072400
2024-01-17,56739.09375,67100.0,67900.0,67000.0,67500.0,1826400
2024-01-18,56992.7734375,67400.0,67800.0,67300.0,67300.0,1228400
2024-01-19,57500.12890625,68000.0,68600.0,67400.0,67400.0,2619900
2024-01-22,57753.80859375,68300.0,68700.0,68000.0,68000.0,1959800
2024-01-23,57246.453125,67700.0,68300.0,67600.0,68300.0,2112000
2024-01-24,56908.2109375,67300.0,68000.0,67200.0,67800.0,2083500
2024-01-25,56908.2109375,67300.0,67300.0,67300.0,67300.0,0
2024-01-26,56654.53515625,67000.0,67500.0,67000.0,67000.0,1675800
2024-01-29,56654.53515625,67000.0,67300.0,66900.0,67100.0,1732800
2024-01-30,56569.9765625,66900.0,67300.0,66900.0,67300.0,1790400
2024-01-31,56654.53515625,67000.0,68200.0,66900.0,67200.0,4020100
2024-02-01,57077.33203125,67500.0,67800.0,67200.0,67200.0,2499300
2024-02-02,57077.33203125,67500.0,67500.0,67500.0,67500.0,0
2024-02-05,57500.12890625,68000.0,68200.0,67200.0,67400.0,3565900
2024-02-06,57161.88671875,67600.0,68200.0,67600.0,68100.0,2392800
2024-02-07,57161.88671875,67600.0,67900.0,67200.0,67600.0,2736300
2024-02-08,57161.88671875,67600.0,67600.0,67600.0,67600.0,0
2024-02-09,57161.88671875,67600.0,67600.0,67600.0,67600.0,0
2024-02-15,57161.88671875,67600.0,68000.0,67200.0,67600.0,3876600
2024-02-16,59191.3046875,70000.0,70300.0,67500.0,67800.0,11114600
2024-02-19,60797.9296875,71900.0,72600.0,70700.0,70900.0,6652800
2024-02-20,60459.68359375,71500.0,72400.0,71300.0,71700.0,4385700
2024-02-21,60290.5703125,71300.0,71900.0,71000.0,71500.0,3590200
2024-02-22,60544.25,71600.0,72700.0,71100.0,71300.0,4648100
2024-02-23,60036.89453125,71000.0,72700.0,71000.0,71800.0,6142500
2024-02-26,60036.89453125,71000.0,71700.0,70700.0,71000.0,3048400
2024-02-27,60882.48828125,72000.0,72400.0,71100.0,71200.0,5282500
2024-02-28,61051.609375,72200.0,72600.0,71500.0,72400.0,3419000
2024-02-29,60882.48828125,72000.0,73300.0,71600.0,72600.0,6539800
2024-03-01,60459.68359375,71500.0,72100.0,71200.0,72100.0,4397700
2024-03-04,60882.48828125,72000.0,72700.0,71600.0,71800.0,5014600
2024-03-05,61728.078125,73000.0,73000.0,71700.0,72000.0,5440900
2024-03-06,60713.37109375,71800.0,73500.0,71800.0,73300.0,4833900
2024-03-07,60882.48828125,72000.0,72100.0,71300.0,71700.0,5067600
2024-03-08,59191.3046875,70000.0,72900.0,70000.0,72100.0,7361000
2024-03-11,59444.98046875,70300.0,71300.0,70000.0,70500.0,4208400
2024-03-12,59191.3046875,70000.0,70600.0,70000.0,70400.0,3844000
2024-03-13,59867.77734375,70800.0,70900.0,70000.0,70100.0,5646500
2024-03-14,59614.1015625,70500.0,71300.0,70300.0,71000.0,5445400
2024-03-15,58928.87890625,68800.0,70100.0,68700.0,70100.0,4851100
2024-03-18,58158.0078125,67900.0,69100.0,67600.0,68800.0,6796400
2024-03-19,58072.3515625,67800.0,68500.0,67800.0,68500.0,3164500
2024-03-20,58243.66015625,68000.0,68600.0,67500.0,67800.0,3546900
2024-03-21,58586.2734375,68400.0,68500.0,67900.0,68200.0,4906200
2024-03-22,58072.3515625,67800.0,68700.0,67800.0,68600.0,6066700
2024-03-25,57644.09375,67300.0,68200.0,67100.0,67900.0,5450700
2024-03-26,57986.703125,67700.0,67900.0,67300.0,67400.0,2504200
2024-03-27,57986.703125,67700.0,68000.0,67500.0,68000.0,2637700
2024-03-28,57986.703125,67700.0,68400.0,67600.0,67700.0,4470700
2024-03-29,57901.05078125,67600.0,68400.0,67500.0,68400.0,3484600
2024-04-01,57387.13671875,67000.0,67700.0,67000.0,67600.0,4988000
2024-04-02,57644.09375,67300.0,67400.0,66700.0,67000.0,4322900
2024-04-03,57130.18359375,66700.0,67300.0,66700.0,67300.0,5046100
2024-04-04,58414.96875,68200.0,68400.0,66700.0,66700.0,7472800
2024-04-05,58158.0078125,67900.0,68200.0,67700.0,68200.0,4233800
2024-04-08,57387.13671875,67000.0,68000.0,66900.0,68000.0,3666000
2024-04-09,57387.13671875,67000.0,67300.0,66800.0,67100.0,2516000
2024-04-10,57215.828125,66800.0,67300.0,66800.0,67100.0,2765500
2024-04-11,57044.52734375,66600.0,66900.0,66500.0,66700.0,2947700
2024-04-12,57130.18359375,66700.0,67100.0,66600.0,66800.0,2509200
2024-04-15,55588.4375,64900.0,66700.0,64900.0,66700.0,5756100
2024-04-16,54817.5625,64000.0,65000.0,63000.0,64900.0,7128700
2024-04-17,54988.8671875,64200.0,64900.0,64200.0,64400.0,4589800
2024-04-19,54988.8671875,64200.0,64400.0,63300.0,64200.0,4516100
2024-04-22,54817.5625,64000.0,65300.0,64000.0,64700.0,2035200
2024-04-23,54389.30078125,63500.0,64300.0,63200.0,64200.0,2014400
2024-04-24,54817.5625,64000.0,64300.0,63500.0,64000.0,2401300
2024-04-25,55417.12890625,64700.0,64800.0,63900.0,64000.0,1916000
2024-04-26,55674.0859375,65000.0,65800.0,64500.0,64700.0,2940600
2024-04-29,55674.0859375,65000.0,65000.0,65000.0,65000.0,0
2024-04-30,55674.0859375,65000.0,65000.0,65000.0,65000.0,0
2024-05-02,56016.69921875,65400.0,65500.0,64900.0,65400.0,2563400
2024-05-03,56188.00390625,65600.0,66000.0,65500.0,65600.0,1966400
2024-05-06,56359.30859375,65800.0,66400.0,65500.0,65800.0,2261300
2024-05-07,58243.66015625,68000.0,68500.0,65900.0,66000.0,8485900
2024-05-08,58158.0078125,67900.0,68000.0,67100.0,68000.0,2964400
2024-05-09,57044.52734375,66600.0,67900.0,66600.0,67900.0,2998000
2024-05-10,56958.87109375,66500.0,67500.0,66100.0,66700.0,2418100
2024-05-13,56359.30859375,65800.0,66800.0,65400.0,66600.0,2732500
2024-05-14,56958.87109375,66500.0,67000.0,65900.0,65900.0,2433100
2024-05-15,57387.13671875,67000.0,67300.0,66700.0,66900.0,3234900
2024-05-16,57558.44140625,67200.0,67700.0,67000.0,67100.0,2911400
2024-05-17,57387.13671875,67000.0,67800.0,66800.0,67300.0,4169000
2024-05-20,56873.21875,66400.0,67600.0,66400.0,67100.0,4920600
2024-05-21,56701.921875,66200.0,66600.0,65800.0,66400.0,3799500
2024-05-22,56359.30859375,65800.0,66700.0,65800.0,66400.0,3618300
2024-05-23,57387.13671875,67000.0,67000.0,65800.0,66000.0,2991400
2024-05-24,56530.61328125,66000.0,66900.0,65700.0,66700.0,4104100
2024-05-27,56616.26171875,66100.0,66600.0,65800.0,66100.0,2336600
2024-05-28,57215.828125,66800.0,67300.0,66100.0,66300.0,5347500
2024-05-29,56787.5703125,66300.0,67300.0,66000.0,67000.0,3357900
2024-05-30,56273.65234375,65700.0,66200.0,65500.0,66100.0,4412600
2024-05-31,56016.69921875,65400.0,65900.0,65300.0,65900.0,4143400
2024-06-03,56016.69921875,65400.0,65400.0,65400.0,65400.0,0
2024-06-04,56530.61328125,66000.0,66600.0,66000.0,66100.0,2445200
2024-06-05,58671.921875,68500.0,69200.0,66200.0,66200.0,11865800
2024-06-06,57558.44140625,67200.0,69000.0,67200.0,69000.0,4887800
2024-06-07,58072.3515625,67800.0,68600.0,67500.0,67600.0,4127600
2024-06-10,57558.44140625,67200.0,68500.0,67200.0,68400.0,4564100
2024-06-11,56958.87109375,66500.0,67500.0,66400.0,67400.0,6177100
2024-06-12,57387.13671875,67000.0,67300.0,66300.0,66500.0,3425100
2024-06-13,57301.484375,66900.0,67400.0,66800.0,67000.0,2803600
2024-06-14,56701.921875,66200.0,67300.0,66200.0,67000.0,4124200
2024-06-17,56530.61328125,66000.0,66600.0,66000.0,66300.0,3617600
2024-06-18,56444.95703125,65900.0,66500.0,65900.0,66500.0,2751700
2024-06-19,55931.046875,65300.0,66000.0,65100.0,66000.0,6155000
2024-06-20,56530.61328125,66000.0,66800.0,65200.0,65400.0,4397100
2024-06-21,56530.61328125,66000.0,67100.0,66000.0,66500.0,3967700
2024-06-24,56102.3515625,65500.0,66600.0,65300.0,66100.0,3847700
2024-06-25,56102.3515625,65500.0,66200.0,65500.0,65800.0,2433600
2024-06-26,55845.39453125,65200.0,65800.0,65100.0,65800.0,2485100
2024-06-27,55931.046875,65300.0,65600.0,65100.0,65200.0,2708400
2024-06-28,56102.3515625,65500.0,66000.0,65300.0,65500.0,2731700
2024-07-01,56530.61328125,66000.0,66000.0,65300.0,65800.0,1909300
2024-07-02,56701.921875,66200.0,66300.0,65800.0,66000.0,2042800
2024-07-03,56701.921875,66200.0,66300.0,66000.0,66200.0,1332600
2024-07-04,56873.21875,66400.0,66900.0,66300.0,66300.0,2688900
2024-07-05,57558.44140625,67200.0,67500.0,66400.0,66400.0,4180100
2024-07-08,57901.05078125,67600.0,67700.0,67000.0,67300.0,4942400
2024-07-09,57815.3984375,67500.0,67800.0,67200.0,67600.0,5045200
2024-07-10,57215.828125,66800.0,67800.0,66800.0,67500.0,3881700
2024-07-11,56787.5703125,66300.0,67000.0,66300.0,66900.0,3787100
2024-07-12,56787.5703125,66300.0,66600.0,66100.0,66400.0,2079900
2024-07-15,56701.921875,66200.0,66900.0,66200.0,66300.0,2155300
2024-07-16,56616.26171875,66100.0,66700.0,66100.0,66400.0,2243700
2024-07-17,56273.65234375,65700.0,66500.0,65600.0,66200.0,3464800
2024-07-18,56444.95703125,65900.0,66000.0,65500.0,66000.0,2283000
2024-07-19,55931.046875,65300.0,65900.0,65100.0,65900.0,3392700
2024-07-22,56016.69921875,65400.0,66000.0,65200.0,65300.0,2654800
2024-07-23,56444.95703125,65900.0,66300.0,65500.0,65600.0,3777800
2024-07-24,56188.00390625,65600.0,66100.0,65600.0,65800.0,3613500
2024-07-25,56188.00390625,65600.0,65700.0,65300.0,65600.0,1957600
2024-07-26,56359.30859375,65800.0,66200.0,65400.0,65400.0,2975400
2024-07-29,57558.44140625,67200.0,67600.0,65900.0,66200.0,5781800
2024-07-30,57986.703125,67700.0,68400.0,66900.0,67300.0,6375600
2024-07-31,61327.15234375,71600.0,72000.0,68500.0,68500.0,21144900
2024-08-01,60213.6640625,70300.0,71900.0,70100.0,71800.0,8865800
2024-08-02,61241.4921875,71500.0,71900.0,70000.0,70000.0,10290200
2024-08-05,59442.79296875,69400.0,71200.0,68500.0,71000.0,12155500
2024-08-06,62269.32421875,72700.0,73300.0,70000.0,70300.0,13496200
2024-08-07,63211.5,73800.0,73800.0,72400.0,73200.0,10700700
2024-08-08,62269.32421875,72700.0,74400.0,72200.0,73900.0,5811000
2024-08-09,62783.2421875,73300.0,73400.0,72500.0,72800.0,4527500
2024-08-12,62526.28515625,73000.0,74400.0,72800.0,73300.0,5804000
2024-08-13,63211.5,73800.0,74400.0,72700.0,72800.0,6734400
2024-08-14,63382.8125,74000.0,74100.0,73300.0,74000.0,5456200
2024-08-15,63211.5,73800.0,74600.0,73700.0,74000.0,4255800
2024-08-16,63211.5,73800.0,74100.0,73200.0,74000.0,7392900
2024-08-19,65095.8515625,76000.0,76000.0,73800.0,74000.0,7917900
2024-08-20,64753.25,75600.0,76200.0,75300.0,76000.0,4177300
2024-08-21,64496.28125,75300.0,76100.0,75100.0,75200.0,3991000
2024-08-22,63554.11328125,74200.0,76000.0,73600.0,76000.0,6025900
2024-08-23,64153.6796875,74900.0,75600.0,74400.0,74900.0,3307600
2024-08-26,62868.89453125,73400.0,75000.0,73300.0,74900.0,6324800
2024-08-27,62954.54296875,73500.0,73800.0,72600.0,73400.0,4265800
2024-08-28,63297.15625,73900.0,74000.0,73200.0,73600.0,3352800
2024-08-29,62954.54296875,73500.0,74000.0,73400.0,73700.0,2042900
2024-08-30,63297.15625,73900.0,74800.0,73400.0,73600.0,3675800
2024-09-04,63639.76171875,74300.0,74500.0,73100.0,73300.0,2839100
2024-09-05,63982.375,74700.0,75400.0,74100.0,74300.0,5857500
2024-09-06,64581.94921875,75400.0,75500.0,74800.0,74900.0,3641800
2024-09-09,64068.03125,74800.0,75100.0,74200.0,75100.0,2638800
2024-09-10,64153.6796875,74900.0,75500.0,74300.0,74800.0,3332400
2024-09-11,63896.72265625,74600.0,75100.0,73900.0,74800.0,3165200
2024-09-12,63982.375,74700.0,75200.0,74400.0,75000.0,2052100
2024-09-13,62440.62890625,72900.0,74800.0,72900.0,74800.0,5347100
2024-09-16,61584.10546875,71900.0,73000.0,71900.0,73000.0,4034700
2024-09-17,62868.89453125,73400.0,73400.0,71700.0,72000.0,2390300
2024-09-18,62783.2421875,73300.0,73900.0,73000.0,73600.0,2845300
2024-09-19,62783.2421875,73300.0,73500.0,73000.0,73300.0,1572700
2024-09-20,62269.32421875,72700.0,74000.0,72700.0,73500.0,5232400
2024-09-23,62440.62890625,72900.0,73200.0,72600.0,73100.0,2930300
2024-09-24,62307.6796875,70300.0,71000.0,70100.0,71000.0,2076500
2024-09-25,61687.26953125,69600.0,70400.0,69600.0,70300.0,4520500
2024-09-26,62662.203125,70700.0,71100.0,69600.0,69600.0,3984100
2024-09-27,62928.09765625,71000.0,71200.0,70700.0,70800.0,2968700
2024-09-30,62130.421875,70100.0,71000.0,70100.0,71000.0,2043500
2024-10-01,62130.421875,70100.0,70700.0,70100.0,70200.0,2040200
2024-10-02,62130.421875,70100.0,70200.0,69600.0,70200.0,2139900
2024-10-03,62307.6796875,70300.0,70500.0,69900.0,70200.0,2948000
2024-10-04,60712.3203125,68500.0,70500.0,68400.0,70500.0,6134000
2024-10-07,59471.48828125,67100.0,69300.0,67100.0,68700.0,5986300
2024-10-08,60446.43359375,68200.0,68200.0,67200.0,67200.0,2887600
2024-10-09,60091.90234375,67800.0,68600.0,67800.0,68300.0,3527900
2024-10-10,60003.27734375,67700.0,68800.0,67700.0,68300.0,2622600
2024-10-11,60003.27734375,67700.0,68200.0,67500.0,68100.0,2370000
2024-10-14,59560.1171875,67200.0,68100.0,67100.0,68100.0,2820500
2024-10-15,59205.58984375,66800.0,67400.0,66700.0,67200.0,3073300
2024-10-16,59826.01171875,67500.0,68100.0,66800.0,66800.0,2003900
2024-10-17,59914.640625,67600.0,67900.0,67300.0,67600.0,1655000
2024-10-18,59737.37890625,67400.0,68000.0,67400.0,67600.0,1597500
2024-10-21,59648.75,67300.0,67900.0,67200.0,67400.0,1860000
2024-10-22,59648.75,67300.0,67800.0,67200.0,67300.0,2250400
2024-10-23,59648.75,67300.0,67600.0,67200.0,67300.0,1635900
2024-10-24,60623.6953125,68400.0,69000.0,67300.0,67300.0,4365000
2024-10-25,60269.1640625,68000.0,68600.0,67900.0,68600.0,2170200
2024-10-28,59560.1171875,67200.0,68000.0,66700.0,67700.0,2923300
2024-10-29,59382.8515625,67000.0,67300.0,66800.0,67300.0,2030600
2024-10-30,58762.4375,66300.0,67300.0,66300.0,67000.0,3431700
2024-10-31,58585.171875,66100.0,66600.0,65300.0,66600.0,5170700
2024-11-01,58319.28125,65800.0,66300.0,65600.0,66100.0,2178000
2024-11-04,58142.01953125,65600.0,66600.0,65600.0,65900.0,2118800
2024-11-05,58053.390625,65500.0,66000.0,65500.0,65700.0,1060900
2024-11-06,58319.28125,65800.0,66000.0,65300.0,66000.0,2594600
2024-11-07,58407.9140625,65900.0,66200.0,65600.0,66000.0,1152300
2024-11-08,58230.6484375,65700.0,66200.0,65600.0,66000.0,1592400
2024-11-11,57787.49609375,65200.0,65800.0,64700.0,65700.0,2737600
2024-11-12,57521.6015625,64900.0,65700.0,64800.0,65200.0,1729600
2024-11-13,57610.234375,65000.0,65600.0,64700.0,65100.0,2770700
2024-11-14,57610.234375,65000.0,65000.0,64700.0,65000.0,1779900
2024-11-15,56458.02734375,63700.0,64900.0,63700.0,64900.0,3688300
2024-11-18,56014.87109375,63200.0,64200.0,63200.0,63700.0,3747000
2024-11-19,55837.61328125,63000.0,63500.0,63000.0,63300.0,2733600
2024-11-20,56369.39453125,63600.0,63800.0,62900.0,63000.0,2818000
2024-11-21,56635.2890625,63900.0,64100.0,63400.0,63700.0,2253500
2024-11-22,56989.81640625,64300.0,64800.0,63900.0,63900.0,2176700
2024-11-25,56989.81640625,64300.0,64600.0,64200.0,64300.0,2446600
2024-11-26,57432.96875,64800.0,65000.0,64400.0,64500.0,1675600
2024-11-27,57255.70703125,64600.0,65000.0,64500.0,64800.0,1586400
2024-11-28,57167.08203125,64500.0,65000.0,64500.0,65000.0,1273300
2024-11-29,57255.70703125,64600.0,64800.0,64300.0,64500.0,1105500
2024-12-02,57167.08203125,64500.0,64800.0,64200.0,64600.0,1229100
2024-12-03,56635.2890625,63900.0,64600.0,63900.0,64600.0,2425200
2024-12-04,56103.50390625,63300.0,63900.0,63300.0,63800.0,2745800
2024-12-05,56989.81640625,64300.0,64700.0,63200.0,63500.0,2218400
2024-12-06,56812.5546875,64100.0,64800.0,64100.0,64500.0,1677900
2024-12-09,56812.5546875,64100.0,64500.0,64000.0,64500.0,1762700
2024-12-10,56635.2890625,63900.0,64400.0,63900.0,64100.0,1711000
2024-12-11,56901.18359375,64200.0,64600.0,63900.0,63900.0,2024600
2024-12-12,57255.70703125,64600.0,64900.0,64200.0,64200.0,2249800
2024-12-13,56901.18359375,64200.0,64500.0,64100.0,64300.0,1396700
2024-12-16,57610.234375,65000.0,65200.0,64200.0,64200.0,2387600
2024-12-17,57255.70703125,64600.0,65000.0,64500.0,64900.0,1204000
2024-12-18,57344.33984375,64700.0,65100.0,64700.0,65000.0,1614100
2024-12-19,56635.2890625,63900.0,64500.0,63900.0,64400.0,2626900
2024-12-20,57610.234375,65000.0,65000.0,64000.0,64000.0,3799600
2024-12-23,57078.44140625,64400.0,65000.0,64300.0,64700.0,1347800
2024-12-24,56989.81640625,64300.0,64700.0,64100.0,64400.0,1287000
2024-12-25,57078.44140625,64400.0,64900.0,64400.0,64400.0,1302500
2024-12-26,56989.125,63800.0,64200.0,63800.0,64200.0,1708800
2024-12-27,56989.125,63800.0,64100.0,63700.0,63900.0,2443700
2024-12-30,56542.5,63300.0,63700.0,63300.0,63600.0,1490800
2024-12-31,56631.82421875,63400.0,63800.0,63300.0,63400.0,1641900
2025-01-02,56363.84765625,63100.0,63800.0,63100.0,63600.0,1336600
2025-01-03,56274.52734375,63000.0,63300.0,62900.0,63200.0,1776700
2025-01-06,55827.90234375,62500.0,63200.0,62500.0,63000.0,2103500
2025-01-07,55113.3046875,61700.0,63000.0,61600.0,62600.0,2802100
2025-01-08,55113.3046875,61700.0,62100.0,61200.0,62000.0,2053300
2025-01-09,55202.62890625,61800.0,61900.0,61300.0,61800.0,1500000
2025-01-10,54756.0078125,61300.0,61900.0,61300.0,61700.0,1189800
2025-01-13,54845.328125,61400.0,61900.0,61100.0,61200.0,1101700
2025-01-14,55023.984375,61600.0,61800.0,61300.0,61400.0,1147600
2025-01-15,55113.3046875,61700.0,62300.0,61700.0,62100.0,1216400
2025-01-16,55113.3046875,61700.0,62300.0,61700.0,62100.0,1216400
2025-01-17,55381.28125,62000.0,62200.0,62000.0,62200.0,889400
2025-01-20,55291.94921875,61900.0,62200.0,61600.0,62000.0,1633600
2025-01-21,55202.62890625,61800.0,62100.0,61600.0,62000.0,1403900
2025-01-22,55023.984375,61600.0,62000.0,61600.0,62000.0,1760900
2025-01-23,55381.28125,62000.0,62300.0,61600.0,61600.0,1781300
2025-01-24,55559.92578125,62200.0,62500.0,61800.0,61900.0,1576400
2025-01-27,55559.92578125,62200.0,62200.0,62200.0,62200.0,0
2025-01-28,55559.92578125,62200.0,62200.0,62200.0,62200.0,0
2025-01-29,55559.92578125,62200.0,62200.0,62200.0,62200.0,0
2025-01-30,55559.92578125,62200.0,62200.0,62200.0,62200.0,0
2025-01-31,55559.92578125,62200.0,62200.0,62200.0,62200.0,0
2025-02-03,54041.41015625,60500.0,62200.0,60500.0,62200.0,7279900
2025-02-04,53773.43359375,60200.0,60900.0,60000.0,60600.0,7125000
2025-02-05,54934.65234375,61500.0,61500.0,60400.0,60400.0,3198100
2025-02-06,54220.05859375,60700.0,61600.0,60500.0,61500.0,3024800
2025-02-07,54309.3828125,60800.0,61200.0,60600.0,60700.0,2552300
2025-02-10,54130.734375,60600.0,61200.0,60600.0,61200.0,2592100
2025-02-11,53952.0859375,60400.0,60700.0,60100.0,60600.0,3433800
2025-02-12,54488.03125,61000.0,61000.0,60500.0,60600.0,2756600
2025-02-13,54220.05859375,60700.0,61000.0,60400.0,61000.0,2576800
2025-02-14,53862.76171875,60300.0,60700.0,60300.0,60700.0,6401800
2025-02-17,53594.78515625,60000.0,60600.0,60000.0,60400.0,3612400
2025-02-18,53862.76171875,60300.0,60500.0,60000.0,60400.0,2436800
2025-02-19,54309.3828125,60800.0,60900.0,60300.0,60300.0,3072700
2025-02-20,54220.05859375,60700.0,60900.0,60600.0,60900.0,2627900
2025-02-21,54845.328125,61400.0,62100.0,60600.0,60800.0,4717200
2025-02-24,56989.125,63800.0,63900.0,61600.0,61600.0,11512800
2025-02-25,56185.19921875,62900.0,64000.0,62600.0,64000.0,3884200
2025-02-26,56363.84765625,63100.0,63400.0,62900.0,63000.0,3636600
2025-02-27,55559.92578125,62200.0,63200.0,62200.0,63200.0,3520600
2025-02-28,55559.92578125,62200.0,63200.0,62200.0,62300.0,4175600
2025-03-03,56453.171875,63200.0,63200.0,62300.0,62800.0,3610600
2025-03-04,56721.1484375,63500.0,63800.0,62900.0,63200.0,6042000
2025-03-05,56006.55078125,62700.0,63600.0,62700.0,63600.0,2275500
2025-03-06,56185.19921875,62900.0,62900.0,62200.0,62700.0,3125600
2025-03-07,56006.55078125,62700.0,63000.0,62400.0,62900.0,2655600
2025-03-10,55827.90234375,62500.0,63000.0,62500.0,63000.0,2529500
2025-03-11,55738.578125,62400.0,62500.0,62100.0,62300.0,2287600
2025-03-12,55559.92578125,62200.0,62800.0,62200.0,62500.0,2755400
2025-03-13,55381.28125,62000.0,62900.0,61900.0,62300.0,5100400
2025-03-14,55470.60546875,62100.0,62700.0,62100.0,62400.0,2696700
2025-03-17,56274.52734375,63000.0,63400.0,62400.0,62400.0,4062100
2025-03-18,55827.90234375,62500.0,63100.0,62500.0,63100.0,3281900
2025-03-19,55649.25390625,62300.0,62800.0,61900.0,62700.0,3038400
2025-03-20,55202.62890625,61800.0,62200.0,61300.0,62200.0,3888200
2025-03-21,54756.0078125,61300.0,61800.0,61200.0,61800.0,3325900
2025-03-24,54845.328125,61400.0,62000.0,61100.0,61400.0,2488900
2025-03-25,54845.328125,61400.0,61700.0,61200.0,61700.0,2323000
2025-03-26,54666.6796875,61200.0,61900.0,61200.0,61500.0,1846000
2025-03-27,54577.35546875,61100.0,61500.0,61100.0,61200.0,2230500
2025-03-28,53862.76171875,60300.0,61100.0,60200.0,61000.0,5430100
2025-03-31,54130.734375,60600.0,61600.0,60600.0,60800.0,5301500
2025-04-01,54309.3828125,60800.0,61200.0,60300.0,61200.0,3129300
2025-04-02,54041.41015625,60500.0,61400.0,60500.0,60700.0,4684400
2025-04-03,50468.421875,56500.0,59600.0,56300.0,59500.0,16938200
2025-04-04,52254.9140625,58500.0,58800.0,53800.0,54000.0,9776600
2025-04-08,48681.93359375,54500.0,56900.0,54500.0,56700.0,13324100
2025-04-09,46448.81640625,52000.0,55200.0,51400.0,51400.0,9882600
2025-04-10,49664.5,55600.0,55600.0,55600.0,55600.0,1514300
2025-04-11,51361.66796875,57500.0,58400.0,55600.0,55600.0,9164400
2025-04-14,50825.71875,56900.0,57900.0,56500.0,57900.0,5479700
2025-04-15,50289.7734375,56300.0,57500.0,56300.0,56700.0,4163500
2025-04-16,50021.80078125,56000.0,57200.0,56000.0,56400.0,3735600
2025-04-17,50021.80078125,56000.0,56600.0,54800.0,55500.0,7219000
2025-04-18,50557.75,56600.0,57300.0,56600.0,56700.0,3037200
2025-04-21,50647.07421875,56700.0,57100.0,56500.0,56800.0,3021400
2025-04-22,50021.80078125,56000.0,56600.0,53900.0,56600.0,6955000
2025-04-23,50379.09765625,56400.0,57300.0,56400.0,56800.0,3586000
2025-04-24,50289.7734375,56300.0,56800.0,56200.0,56500.0,1956400
2025-04-25,52076.265625,58300.0,58300.0,56500.0,56500.0,8119700
2025-04-28,51361.66796875,57500.0,58300.0,57500.0,58300.0,2664700
2025-04-29,51450.9921875,57600.0,57900.0,57200.0,57500.0,2556000
2025-04-30,51450.9921875,57600.0,57600.0,57600.0,57600.0,0
2025-05-01,51450.9921875,57600.0,57600.0,57600.0,57600.0,0
2025-05-02,51450.9921875,57600.0,57600.0,57600.0,57600.0,0
2025-05-05,51450.9921875,57600.0,57600.0,57600.0,57600.0,0
2025-05-06,50825.71875,56900.0,57600.0,56900.0,57500.0,4238300
2025-05-07,50825.71875,56900.0,57400.0,56900.0,57000.0,2502600
2025-05-08,51093.6953125,57200.0,57700.0,56900.0,56900.0,2905500
2025-05-09,51272.34765625,57400.0,57800.0,57200.0,57200.0,3262200
2025-05-12,51272.34765625,57400.0,57400.0,57400.0,57400.0,0
2025-05-13,52344.2421875,58600.0,58700.0,58000.0,58000.0,5863100
2025-05-14,54101.37890625,58500.0,59000.0,58300.0,58900.0,4352200
2025-05-15,51974.3125,56200.0,57000.0,56100.0,57000.0,5034700
2025-05-16,52529.203125,56800.0,57000.0,56200.0,56200.0,4092100
2025-05-19,51789.3515625,56000.0,57000.0,56000.0,56200.0,2795600
2025-05-20,51789.3515625,56000.0,57000.0,56000.0,56200.0,2795600
2025-05-21,51696.87109375,55900.0,56300.0,55800.0,56100.0,3224100
2025-05-22,51234.46875,55400.0,56000.0,55400.0,56000.0,4464400
2025-05-23,50864.54296875,55000.0,55600.0,55000.0,55400.0,2665200
2025-05-26,51511.91015625,55700.0,55800.0,55000.0,55400.0,2729200
2025-05-27,51511.91015625,55700.0,55800.0,55000.0,55400.0,2729200
2025-05-28,51234.46875,55400.0,56000.0,55300.0,55900.0,3680800
2025-05-29,51049.50390625,55200.0,55700.0,55100.0,55700.0,3901700
2025-05-30,50957.0234375,55100.0,55500.0,55100.0,55500.0,2182300
2025-06-02,50494.62109375,54600.0,55200.0,54500.0,54900.0,2644100
2025-06-03,50494.62109375,54600.0,55200.0,54500.0,54900.0,2644100
2025-06-04,51326.94921875,55500.0,56000.0,54700.0,54700.0,4311900
2025-06-05,52621.68359375,56900.0,57800.0,55500.0,55800.0,8419300
2025-06-06,52066.796875,56300.0,57100.0,56300.0,57000.0,2794700
2025-06-09,51141.984375,55300.0,56300.0,55300.0,55400.0,3035700
2025-06-10,51141.984375,55300.0,56300.0,55300.0,55400.0,3035700
2025-06-11,51141.984375,55300.0,56100.0,55100.0,55500.0,2999200
2025-06-12,51049.50390625,55200.0,55600.0,55100.0,55300.0,1720700
2025-06-13,51696.87109375,55900.0,56200.0,55500.0,55600.0,3282700
2025-06-16,52066.796875,56300.0,56600.0,55400.0,55400.0,4734300
2025-06-17,52066.796875,56300.0,56600.0,55400.0,55400.0,4734300
2025-06-18,51974.3125,56200.0,56700.0,56100.0,56400.0,3406400
2025-06-19,51789.3515625,56000.0,56800.0,56000.0,56300.0,4098100
2025-06-20,51881.83203125,56100.0,56400.0,55700.0,56000.0,2628700
2025-06-23,51696.87109375,55900.0,56400.0,55800.0,56000.0,3022700
2025-06-24,51696.87109375,55900.0,56400.0,55800.0,56000.0,3022700
2025-06-25,52159.27734375,56400.0,56500.0,56100.0,56200.0,2803800
2025-06-26,52529.203125,56800.0,57800.0,56400.0,56500.0,6268200
2025-06-27,52159.27734375,56400.0,57000.0,56300.0,56800.0,3118900
2025-06-30,53638.97265625,58000.0,58700.0,57900.0,58100.0,4487800
2025-07-01,53638.97265625,58000.0,58700.0,57900.0,58100.0,4487800
2025-07-02,53176.5703125,57500.0,58400.0,57200.0,58400.0,4013600
2025-07-03,53361.53125,57700.0,58000.0,57300.0,57600.0,3775700
2025-07-04,53176.5703125,57500.0,58400.0,57300.0,57700.0,5293100
2025-07-07,53546.4921875,57900.0,58300.0,57700.0,58000.0,3762300
2025-07-08,53546.4921875,57900.0,58300.0,57700.0,58000.0,3762300
2025-07-09,54563.78515625,59000.0,59200.0,57900.0,58000.0,7163100
2025-07-10,55673.5546875,60200.0,60600.0,59100.0,59300.0,9636900
2025-07-11,55211.1484375,59700.0,60600.0,59700.0,60500.0,5246100
2025-07-14,55766.03515625,60300.0,60800.0,59300.0,60000.0,6083200
2025-07-15,55766.03515625,60300.0,60800.0,59300.0,60000.0,6083200
2025-07-16,55581.07421875,60100.0,61200.0,60100.0,60600.0,6553200
2025-07-17,55581.07421875,60100.0,60200.0,59600.0,60000.0,4961100
2025-07-18,55581.07421875,60100.0,60600.0,59800.0,60300.0,6357800
2025-07-21,55488.59375,60000.0,60800.0,60000.0,60300.0,5503300
2025-07-22,55488.59375,60000.0,60800.0,60000.0,60300.0,5503300
2025-07-23,55673.5546875,60200.0,60200.0,59500.0,60000.0,4735100
2025-07-24,57060.76953125,61700.0,61700.0,60200.0,60400.0,9228600
2025-07-25,58910.390625,63700.0,64000.0,62100.0,62100.0,13421100
2025-07-28,58540.46484375,63300.0,63900.0,63000.0,63300.0,8462700
2025-07-29,58540.46484375,63300.0,63900.0,63000.0,63300.0,8462700
2025-07-30,58447.984375,63200.0,64200.0,62800.0,63300.0,10714200
2025-07-31,58170.54296875,62900.0,63500.0,62800.0,63000.0,6078500
2025-08-01,56598.3671875,61200.0,63500.0,60400.0,63000.0,10570300
2025-08-04,55858.515625,60400.0,60800.0,59800.0,59800.0,3746300
2025-08-05,55858.515625,60400.0,60800.0,59800.0,59800.0,3746300
2025-08-06,55581.07421875,60100.0,61500.0,60000.0,60500.0,9564600
2025-08-07,56690.84765625,61300.0,61700.0,60400.0,60400.0,5377500
2025-08-08,56320.92578125,60900.0,62000.0,60800.0,61900.0,4741600
2025-08-11,56875.80859375,61500.0,62100.0,60900.0,61000.0,5787800
2025-08-12,56875.80859375,61500.0,62100.0,60900.0,61000.0,5787800
2025-08-13,57153.25390625,61800.0,62400.0,61400.0,62100.0,5207000
2025-08-14,56505.88671875,61100.0,62100.0,60800.0,62000.0,6210800
2025-08-15,57060.76953125,61700.0,62200.0,61000.0,61300.0,6534600
2025-08-18,56135.95703125,60700.0,61300.0,60600.0,61100.0,4775600
2025-08-19,56135.95703125,60700.0,61300.0,60600.0,61100.0,4775600
2025-08-20,55950.99609375,60500.0,61200.0,60400.0,60800.0,5257700
2025-08-21,55488.59375,60000.0,60900.0,59600.0,60500.0,6338200
2025-08-22,55581.07421875,60100.0,60900.0,59600.0,60100.0,5810000
2025-08-25,54286.33984375,58700.0,59600.0,58700.0,58900.0,3360400
2025-08-26,54286.33984375,58700.0,59600.0,58700.0,58900.0,3360400
2025-08-27,55211.1484375,59700.0,60100.0,58500.0,58600.0,2990300
2025-08-28,55950.99609375,60500.0,61200.0,59500.0,59700.0,4849200
2025-08-29,56413.40625,61000.0,61500.0,60700.0,61000.0,3661100
2025-09-01,56413.40625,61000.0,61000.0,61000.0,61000.0,0
2025-09-02,56413.40625,61000.0,61000.0,61000.0,61000.0,0
2025-09-03,56875.80859375,61500.0,61500.0,60300.0,60300.0,4767300
2025-09-04,56875.80859375,61500.0,61500.0,60300.0,60300.0,4767300
2025-09-05,57153.25390625,61800.0,62500.0,61500.0,61700.0,4228100
2025-09-08,56043.4765625,60600.0,61900.0,60600.0,60900.0,6958800
2025-09-09,56043.4765625,60600.0,61900.0,60600.0,60900.0,6958800
2025-09-10,55766.03515625,60300.0,61000.0,60100.0,60600.0,3516800
2025-09-11,55303.62890625,59800.0,60600.0,59700.0,60500.0,3120100
2025-09-12,56598.3671875,61200.0,61200.0,59400.0,59800.0,4998900
2025-09-15,56598.3671875,61200.0,61200.0,61200.0,61200.0,0
2025-09-16,58355.50390625,63100.0,63500.0,62800.0,63400.0,3527500
2025-09-17,59835.19921875,64700.0,65400.0,63200.0,63500.0,12673100
2025-09-18,60205.125,65100.0,66200.0,64800.0,64800.0,9865800
2025-09-19,58817.91015625,63600.0,65300.0,63500.0,65100.0,5050800
2025-09-22,56783.328125,61400.0,62800.0,61400.0,62100.0,5285200
2025-09-23,56783.328125,61400.0,62800.0,61400.0,62100.0,5285200
2025-09-24,56968.2890625,61600.0,62500.0,61500.0,61500.0,3425100
2025-09-25,57338.21484375,62000.0,62000.0,61000.0,61900.0,3214500
2025-09-26,56875.80859375,61500.0,62400.0,61500.0,62300.0,2752800
2025-09-29,55766.03515625,60300.0,61200.0,60200.0,61100.0,5130400
2025-09-30,55766.03515625,60300.0,61200.0,60200.0,61100.0,5130400
2025-10-01,55488.59375,60000.0,60800.0,60000.0,60400.0,3030200
2025-10-02,57430.6953125,62100.0,62500.0,60200.0,60700.0,4526400
2025-10-03,56598.3671875,61200.0,62600.0,61200.0,62500.0,3398700
2025-10-06,57708.13671875,62400.0,62700.0,61800.0,62700.0,4051900
2025-10-07,57708.13671875,62400.0,62700.0,61800.0,62700.0,4051900
2025-10-08,56783.328125,61400.0,62700.0,61400.0,62700.0,3715300
2025-10-09,58632.9453125,63400.0,63500.0,61700.0,62300.0,5919700
2025-10-10,58170.54296875,62900.0,63500.0,62600.0,63400.0,3297300
2025-10-13,59187.83203125,64000.0,64100.0,61800.0,62200.0,6305000
2025-10-14,59187.83203125,64000.0,64100.0,61800.0,62200.0,6305000
2025-10-15,58725.42578125,63500.0,64400.0,63300.0,64400.0,5359800
2025-10-16,61581.81640625,63600.0,64400.0,63600.0,63800.0,4645400
2025-10-17,59257.9765625,61200.0,61200.0,60200.0,60800.0,5158400
2025-10-20,53254.71484375,55000.0,59400.0,55000.0,58900.0,8737700
2025-10-21,53254.71484375,55000.0,59400.0,55000.0,58900.0,8737700
2025-10-22,54707.1171875,56500.0,58000.0,56100.0,56100.0,7068100
2025-10-23,54513.46484375,56300.0,57300.0,55700.0,57100.0,3846700
2025-10-24,54803.9453125,56600.0,57100.0,56300.0,56500.0,2327300
2025-10-27,55191.25,57000.0,58400.0,57000.0,58400.0,2998800
2025-10-28,55191.25,57000.0,58400.0,57000.0,58400.0,2998800
2025-10-29,55578.55859375,57400.0,57400.0,56800.0,57200.0,2079100
2025-10-30,55675.3828125,57500.0,57900.0,57100.0,57500.0,1973000
2025-10-31,55288.078125,57100.0,57900.0,57000.0,57800.0,1905200
2025-11-03,55481.73046875,57300.0,58300.0,57300.0,57700.0,2642700
2025-11-04,55481.73046875,57300.0,57900.0,56300.0,57600.0,4175200
2025-11-05,55481.73046875,57300.0,57900.0,56300.0,57600.0,4175200
2025-11-06,56159.51953125,58000.0,58500.0,57600.0,58000.0,2241200
2025-11-07,55772.2109375,57600.0,58400.0,57500.0,57600.0,3251100
2025-11-10,55191.25,57000.0,57900.0,57000.0,57700.0,2675800
2025-11-11,57030.9609375,58900.0,59000.0,57000.0,57000.0,5152700
2025-11-12,57902.3984375,59800.0,60000.0,58500.0,58800.0,5161900
2025-11-13,59838.93359375,61800.0,62000.0,59700.0,59800.0,9741800
2025-11-14,60807.203125,62800.0,63300.0,61600.0,61700.0,10146900
2025-11-17,60129.4140625,62100.0,63300.0,61800.0,62900.0,4198400
2025-11-18,58773.83984375,60700.0,62300.0,60500.0,62000.0,5559900
2025-11-19,58967.49609375,60900.0,61900.0,60500.0,60700.0,4458500
2025-11-20,58773.83984375,60700.0,61600.0,60500.0,61400.0,2656100
2025-11-21,57999.2265625,59900.0,60700.0,59700.0,60300.0,4191100
2025-11-24,61000.85546875,63000.0,63400.0,60100.0,60100.0,9900300
2025-11-25,59935.76171875,61900.0,63200.0,61900.0,63000.0,4907900
2025-11-26,60807.203125,62800.0,63200.0,62300.0,62300.0,3651000
2025-11-27,60032.58984375,62000.0,63400.0,62000.0,63000.0,3962300
2025-11-28,61969.125,64000.0,64500.0,62200.0,62200.0,11898300
2025-12-01,62840.56640625,64900.0,65900.0,64300.0,64300.0,9107300
2025-12-02,62937.390625,65000.0,65600.0,64500.0,64800.0,6764300
2025-12-03,62550.0859375,64600.0,65200.0,64000.0,65100.0,5383600
2025-12-04,62550.0859375,64600.0,65200.0,64000.0,65100.0,5383600
2025-12-05,61388.1640625,63400.0,64500.0,63400.0,63600.0,3598900
2025-12-08,61484.98828125,63500.0,64500.0,63200.0,63300.0,3322000
2025-12-09,60516.72265625,62500.0,64100.0,62500.0,63500.0,5389200
2025-12-10,61097.68359375,63100.0,64500.0,62300.0,62400.0,3470500
2025-12-11,59548.453125,61500.0,63500.0,61500.0,63000.0,4852300
2025-12-12,58289.70703125,60200.0,62000.0,60200.0,61700.0,4396400
2025-12-15,60032.58984375,62000.0,62600.0,60300.0,60300.0,4242600
2025-12-16,62162.77734375,64200.0,64400.0,61700.0,62000.0,6863300
2025-12-17,60904.03125,62900.0,64100.0,62900.0,64100.0,2090400
2025-12-18,60904.03125,62900.0,64100.0,62900.0,64100.0,2090400
2025-12-19,61969.125,64000.0,64000.0,63000.0,63700.0,2685700
2025-12-22,61194.51171875,63200.0,63900.0,63100.0,63900.0,2650700
2025-12-23,60613.55078125,62600.0,64100.0,62300.0,63500.0,4394700
2025-12-24,59548.453125,61500.0,62900.0,61500.0,62800.0,4870200
2025-12-25,59548.453125,61500.0,62900.0,61500.0,62800.0,4870200
2025-12-26,59548.453125,61500.0,62300.0,61200.0,61600.0,2399200
2025-12-29,60129.4140625,62100.0,62200.0,61400.0,61500.0,1943000
2025-12-30,59838.93359375,61800.0,62300.0,61700.0,62100.0,1581000
2025-12-31,59257.9765625,61200.0,62000.0,61200.0,61900.0,1879600
2026-01-01,59257.9765625,61200.0,61200.0,61200.0,61200.0,0
2026-01-02,59257.9765625,61200.0,61200.0,61200.0,61200.0,0
2026-01-05,58386.53515625,60300.0,61500.0,60000.0,61300.0,2814700
2026-01-06,58870.66796875,60800.0,60900.0,60300.0,60500.0,2963300
2026-01-07,58967.49609375,60900.0,61500.0,60500.0,60800.0,3228100
2026-01-08,60226.2421875,62200.0,63400.0,61100.0,61100.0,5636400
2026-01-09,59064.3203125,61000.0,62500.0,61000.0,62400.0,4184100
2026-01-12,60710.375,62700.0,62700.0,61100.0,61100.0,4146300
2026-01-13,61291.3359375,63300.0,64900.0,62800.0,62900.0,6761300
2026-01-14,65551.7109375,67700.0,67700.0,63400.0,63600.0,24838300
2026-01-15,68747.0,71000.0,72400.0,69500.0,70000.0,19260600
2026-01-16,67391.421875,69600.0,73000.0,69100.0,71100.0,13372500
2026-01-19,68359.6875,70600.0,71000.0,68300.0,69800.0,10385300
2026-01-20,71070.8359375,73400.0,75500.0,71100.0,71500.0,21521900
2026-01-21,68069.2109375,70300.0,73000.0,70000.0,73000.0,11234100
2026-01-22,68650.171875,70900.0,72800.0,70000.0,71100.0,8055200
2026-01-23,65067.578125,67200.0,70100.0,67200.0,69400.0,16050400
2026-01-26,66713.6328125,68900.0,69300.0,67400.0,67400.0,8864800
2026-01-27,65551.7109375,67700.0,68600.0,66100.0,68400.0,8357800
2026-01-28,65551.7109375,67700.0,69500.0,67200.0,67700.0,9816800
2026-01-29,68843.8203125,71100.0,71100.0,67900.0,68500.0,10036800
2026-01-30,68359.6875,70600.0,72500.0,70500.0,71500.0,7844800
2026-02-02,70296.2265625,72600.0,72600.0,70300.0,70900.0,10777700
2026-02-03,69327.9609375,71600.0,73600.0,71300.0,72900.0,7261000
2026-02-04,69715.265625,72000.0,72600.0,70800.0,71800.0,7672500
2026-02-05,66907.2890625,69100.0,72200.0,69100.0,71900.0,8057000
2026-02-06,66907.2890625,69100.0,70700.0,68200.0,68300.0,6695900
2026-02-09,67391.421875,69600.0,70400.0,69300.0,69400.0,2573300
2026-02-10,66229.5,68400.0,70500.0,68100.0,69600.0,5090400
2026-02-11,66907.2890625,69100.0,69900.0,68400.0,68400.0,2672900
2026-02-12,66810.4609375,69000.0,69800.0,69000.0,69300.0,1951100
2026-02-13,67294.59375,69500.0,69800.0,68600.0,69000.0,3341400
2026-02-16,67294.59375,69500.0,69500.0,69500.0,69500.0,0
2026-02-17,67294.59375,69500.0,69500.0,69500.0,69500.0,0
2026-02-18,67294.59375,69500.0,69500.0,69500.0,69500.0,0
2026-02-19,67294.59375,69500.0,69500.0,69500.0,69500.0,0
2026-02-20,67294.59375,69500.0,69500.0,69500.0,69500.0,0
2026-02-23,68359.6875,70600.0,71300.0,69800.0,70000.0,4211800
2026-02-24,67972.3828125,70200.0,71300.0,70200.0,70600.0,3552500
2026-02-25,70005.7421875,72300.0,73400.0,70400.0,70400.0,9804200
2026-02-26,68359.6875,70600.0,71400.0,69600.0,71200.0,14298200
2026-02-27,66035.84375,68200.0,70600.0,68000.0,70200.0,13371400
2026-03-02,64486.62109375,66600.0,69800.0,66500.0,66900.0,12468700
2026-03-03,64486.62109375,66600.0,69800.0,66500.0,66900.0,12468700
2026-03-04,62840.56640625,64900.0,64900.0,62000.0,63400.0,13382500
2026-03-05,61194.51171875,63200.0,65200.0,63000.0,65000.0,8165700
2026-03-06,60419.89453125,62400.0,63000.0,62200.0,63000.0,6471800
2026-03-09,56256.34375,58100.0,59100.0,58100.0,59000.0,18046300
2026-03-10,60129.4140625,62100.0,62100.0,59500.0,60000.0,10762100
2026-03-11,61000.85546875,63000.0,63700.0,61600.0,61700.0,7507500
2026-03-12,59645.28125,61600.0,62700.0,61300.0,62000.0,6298800
2026-03-13,61097.68359375,63100.0,63200.0,61600.0,62000.0,5388500
2026-03-16,59838.93359375,61800.0,62900.0,61700.0,62600.0,2965000
2026-03-17,59548.453125,61500.0,63000.0,61500.0,62700.0,3816100
2026-03-18,59742.109375,61700.0,62700.0,61600.0,61800.0,2596400
2026-03-19,59064.3203125,61000.0,62000.0,60800.0,61400.0,6400100
2026-03-20,58096.0546875,60000.0,61500.0,60000.0,61000.0,5734800
2026-03-23,58870.66796875,60800.0,61000.0,59200.0,59200.0,5908000
2026-03-24,59257.9765625,61200.0,61800.0,60900.0,61800.0,2689900
2026-03-25,60129.4140625,62100.0,62200.0,61400.0,61500.0,3445600
2026-03-26,59064.3203125,61000.0,62100.0,61000.0,62100.0,2044000
2026-03-27,59548.453125,61500.0,61900.0,60900.0,61000.0,2137400
2026-03-30,58677.015625,60600.0,61500.0,60200.0,60600.0,4075600
2026-03-31,58580.1875,60500.0,61500.0,60500.0,61000.0,5323200
2026-04-01,59354.80078125,61300.0,62200.0,61000.0,61300.0,5446200
2026-04-02,58870.66796875,60800.0,61700.0,60800.0,61500.0,2855300
2026-04-03,58096.0546875,60000.0,61700.0,60000.0,61000.0,3788600
2026-04-06,58967.49609375,60900.0,61000.0,60000.0,60000.0,2587400
2026-04-07,59064.3203125,61000.0,61200.0,60300.0,60900.0,1825200
2026-04-08,60613.55078125,62600.0,62700.0,61700.0,62200.0,5568500
2026-04-09,59838.93359375,61800.0,62100.0,61400.0,61800.0,2921000
2026-04-10,60807.203125,62800.0,64000.0,62500.0,62600.0,6158400
2026-04-13,60807.203125,62800.0,62800.0,62200.0,62400.0,3418300
2026-04-14,60032.58984375,62000.0,63500.0,62000.0,63400.0,4247700
2026-04-15,59354.80078125,61300.0,62600.0,61200.0,62100.0,4403200
2026-04-16,59161.1484375,61100.0,61700.0,61100.0,61500.0,2272100
2026-04-17,59354.80078125,61300.0,62700.0,61300.0,61300.0,3115500
2026-04-20,59548.453125,61500.0,62400.0,61300.0,61400.0,3251900
2026-04-21,59645.28125,61600.0,62700.0,61500.0,61900.0,5306600
2026-04-22,59838.93359375,61800.0,62300.0,61500.0,61600.0,3939900
2026-04-23,60032.58984375,62000.0,62500.0,61000.0,62000.0,4234100
2026-04-24,59451.62890625,61400.0,62100.0,60500.0,62100.0,5855700
2026-04-27,59451.62890625,61400.0,61400.0,61400.0,61400.0,0
2026-04-28,59257.9765625,61200.0,61300.0,60500.0,61200.0,3220800
2026-04-29,58967.49609375,60900.0,61300.0,60300.0,60300.0,2407200
2026-04-30,58967.49609375,60900.0,60900.0,60900.0,60900.0,0
2026-05-01,58967.49609375,60900.0,60900.0,60900.0,60900.0,0
2026-05-04,58967.49609375,60900.0,61600.0,60700.0,61100.0,1873800
2026-05-05,59161.1484375,61100.0,61200.0,60400.0,61100.0,2751900
2026-05-06,59548.453125,61500.0,61700.0,60700.0,61200.0,2590900
2026-05-07,59548.453125,61500.0,61800.0,61100.0,61600.0,4751300
2026-05-08,58967.49609375,60900.0,61800.0,60900.0,61800.0,2787000
2026-05-11,58677.015625,60600.0,61100.0,60500.0,61100.0,3875800
2026-05-12,58192.87890625,60100.0,60700.0,59900.0,60600.0,4102800
2026-05-13,57418.265625,59300.0,60100.0,58700.0,60100.0,8534300
2026-05-14,58192.87890625,60100.0,60100.0,59300.0,59300.0,3058300
2026-05-15,57902.3984375,59800.0,60300.0,59800.0,60100.0,2010300
2026-05-18,58580.1875,60500.0,60700.0,59500.0,59500.0,4850600
2026-05-19,57902.3984375,59800.0,60700.0,59700.0,60500.0,2739700
2026-05-20,57224.61328125,59100.0,59900.0,58600.0,59800.0,5727600
2026-05-21,57127.78515625,59000.0,59600.0,58800.0,59500.0,3271300
2026-05-22,57611.91796875,59500.0,59700.0,58700.0,59100.0,6005000
2026-05-25,57224.61328125,59100.0,59800.0,59100.0,59500.0,1587500
2026-05-26,57224.61328125,59100.0,59400.0,59000.0,59100.0,1880800
2026-05-27,56934.1328125,58800.0,59200.0,58700.0,59100.0,2976500
2026-05-28,57127.78515625,59000.0,59800.0,59000.0,59000.0,3798600
2026-05-29,57321.44140625,59200.0,59300.0,58900.0,59000.0,1960700
2026-06-01,57224.61328125,59100.0,59300.0,58800.0,59200.0,2259500
2026-06-02,56740.48046875,58600.0,59200.0,58600.0,59100.0,2961900
2026-06-03,56450.0,58300.0,58800.0,58100.0,58600.0,3814300
2026-06-04,56740.48046875,58600.0,58800.0,58200.0,58600.0,2126500
2026-06-05,56546.82421875,58400.0,58900.0,58300.0,58800.0,1866100
2026-06-08,56159.51953125,58000.0,58800.0,57800.0,58200.0,3179800
2026-06-09,56450.0,58300.0,58500.0,58000.0,58100.0,1228000
2026-06-10,57030.9609375,58900.0,58900.0,58200.0,58400.0,2353200
2026-06-11,57321.44140625,59200.0,59600.0,58500.0,58800.0,1804500
2026-06-12,57127.78515625,59000.0,59800.0,59000.0,59300.0,3489300
2026-06-15,57805.57421875,59700.0,59800.0,59300.0,59300.0,2021700
2026-06-16,57224.61328125,59100.0,59800.0,59100.0,59800.0,2029500
2026-06-17,57127.78515625,59000.0,59700.0,59000.0,59100.0,2838900
2026-06-18,57321.44140625,59200.0,59700.0,59100.0,59500.0,2482800
2026-06-19,57127.78515625,59000.0,59400.0,58900.0,59200.0,3349900
2026-06-22,56740.48046875,58600.0,59600.0,58600.0,59500.0,2997800
2026-06-23,56546.82421875,58400.0,59000.0,58400.0,58700.0,2295600
2026-06-24,56450.0,58300.0,58700.0,58100.0,58600.0,1532100
2026-06-25,56450.0,58300.0,58600.0,58200.0,58500.0,1803300
2026-06-26,56300.0,56300.0,56800.0,55900.0,56800.0,3173400
2026-06-29,56100.0,56100.0,56500.0,56000.0,56500.0,1470900
2026-06-30,54800.0,54800.0,56200.0,54700.0,56100.0,9320000
2026-07-01,54800.0,54800.0,56200.0,54700.0,56100.0,9320000
2026-07-02,55500.0,55500.0,56000.0,55300.0,55300.0,3669400
2026-07-03,54900.0,54900.0,55700.0,54700.0,55500.0,4133600
2026-07-06,55300.0,55300.0,55400.0,54600.0,55000.0,3211000
2026-07-07,55100.0,55100.0,55300.0,54900.0,55200.0,1611400
2026-07-08,55700.0,55700.0,55700.0,55000.0,55000.0,3705000
2026-07-09,55700.0,55700.0,55900.0,55400.0,55600.0,2469400
2026-07-10,56600.0,56600.0,56700.0,55800.0,55900.0,5573700
2026-07-13,55400.0,55400.0,56600.0,55300.0,56600.0,1951400
2026-07-14,56000.0,56000.0,56000.0,55200.0,55500.0,1755100
2026-07-15,56200.0,56200.0,56400.0,55500.0,56000.0,2491200
2026-07-16,56200.0,56200.0,56300.0,55300.0,56100.0,1991100
2026-07-17,59000.0,59000.0,59400.0,56200.0,56300.0,12982500
2026-07-20,58500.0,58500.0,58800.0,57700.0,58800.0,4583900
2026-07-21,58400.0,58400.0,58800.0,58100.0,58100.0,3543700
2026-07-22,59100.0,59100.0,60100.0,58400.0,58700.0,10506300
2026-07-23,57800.0,57800.0,59100.0,56900.0,59100.0,4827500
2026-07-24,58900.0,58900.0,59500.0,58300.0,58500.0,4176800
2026-07-27,57900.0,57900.0,59800.0,57900.0,59200.0,3671400
2026-07-28,59600.0,59600.0,59600.0,57700.0,57700.0,5256600
2026-07-29,60000.0,60000.0,61000.0,59400.0,59900.0,6199800
2026-07-30,61200.0,61200.0,61400.0,59800.0,60300.0,6944300
