date,Open,High,Low,Close,Adj Close,Volume
2018-03-02,17160.0,17510.0,16059.999999999998,16219.999999999998,16219.999999999998,7695417
2018-03-05,17100.0,17100.0,16020.0,16059.999999999998,16059.999999999998,4083263
2018-03-06,16059.999999999998,16320.0,15550.0,16020.0,16020.0,3132026
2018-03-07,15910.0,16320.0,15340.0,15490.0,15490.0,2770016
2018-03-08,15700.0,15700.0,14510.0,14770.0,14770.0,2383360
2018-03-09,14720.0,15650.0,14720.0,15030.0,15030.0,3008463
2018-03-12,15280.0,15390.0,14510.0,14820.0,14820.0,1896730
2018-03-13,14980.0,14980.0,14400.0,14510.0,14510.0,1469970
2018-03-14,14510.0,14510.0,13370.0,13730.0,13730.0,5329546
2018-03-15,13840.0,14460.0,13420.0,13990.0,13990.0,2586788
2018-03-16,14040.0,14250.0,13890.0,13990.0,13990.0,1213193
2018-03-19,14040.0,14100.0,13420.0,13470.0,13470.0,2111480
2018-03-20,13470.0,14350.0,13220.0,14150.0,14150.0,3150487
2018-03-21,14250.0,14350.0,14100.0,14200.0,14200.0,1270380
2018-03-22,14250.0,14300.0,13840.0,13940.0,13940.0,1199547
2018-03-23,13780.0,13780.0,13260.0,13630.0,13630.0,1506200
2018-03-26,13570.0,13940.0,13420.0,13470.0,13470.0,916293
2018-03-27,13470.0,13840.0,13470.0,13520.0,13520.0,1025820
2018-03-28,13470.0,13520.0,13220.0,13310.0,13310.0,1111610
2018-03-29,13370.0,13520.0,13220.0,13310.0,13310.0,729200
2018-03-30,13310.0,13780.0,13260.0,13780.0,13780.0,1105930
2018-04-02,13780.0,14100.0,13420.0,13630.0,13630.0,1817678
2018-04-03,13470.0,13730.0,13070.0,13160.0,13160.0,2182202
2018-04-04,13220.0,13220.0,12690.0,12950.0,12950.0,2114026
2018-04-05,12950.0,12950.0,12480.0,12590.0,12590.0,1953982
2018-04-06,12640.0,12950.0,12240.0,12380.0,12380.0,2342281
2018-04-09,12440.0,12440.0,11980.0,12440.0,12440.0,1716271
2018-04-10,12590.0,12590.0,12130.0,12180.0,12180.0,1104775
2018-04-11,12380.0,12440.0,11980.0,12180.0,12180.0,1116412
2018-04-12,12180.0,12180.0,11820.0,11980.0,11980.0,1285128
2018-04-13,11920.0,12180.0,11660.0,11860.0,11860.0,1111730
2018-04-16,11860.0,12130.0,11550.0,11920.0,11920.0,1530858
2018-04-17,11820.0,12070.0,11820.0,11980.0,11980.0,855535
2018-04-18,11980.0,11980.0,11610.0,11660.0,11660.0,582850
2018-04-19,11550.0,11820.0,10990.0,11040.0,11040.0,1120801
2018-04-20,11150.0,11290.0,10930.0,11200.0,11200.0,819882
2018-04-23,11290.0,11710.0,11150.0,11290.0,11290.0,817609
2018-04-24,11350.0,11550.0,10990.0,11040.0,11040.0,848301
2018-04-26,11040.0,11150.0,10060.0,10310.0,10310.0,1134250
2018-04-27,10410.0,10520.0,10000.0,10410.0,10410.0,1036590
2018-05-02,10270.0,10370.0,9430.0,9480.0,9480.0,1161645
2018-05-03,9430.0,9540.0,9230.0,9540.0,9540.0,1671160
2018-05-04,9370.0,9850.0,9370.0,9640.0,9640.0,1330950
2018-05-07,9640.0,11150.0,9640.0,10890.0,10890.0,2086585
2018-05-08,10990.0,11150.0,10460.0,10520.0,10520.0,750400
2018-05-09,10580.0,10620.0,10270.0,10460.0,10460.0,761030
2018-05-10,10460.0,10620.0,9960.0,10000.0,10000.0,977380
2018-05-11,9170.0,10730.0,9070.0,10670.0,10670.0,2699614
2018-05-14,10210.0,11450.0,10210.0,10730.0,10730.0,1121100
2018-05-15,10730.0,11760.0,10670.0,11290.0,11290.0,2040992
2018-05-16,11150.0,11760.0,11150.0,11240.0,11240.0,1928213
2018-05-17,11350.0,11760.0,11290.0,11400.0,11400.0,1085850
2018-05-18,11500.0,11500.0,10990.0,11200.0,11200.0,1037675
2018-05-21,11200.0,11290.0,10620.0,10620.0,10620.0,968158
2018-05-22,10780.0,10780.0,9850.0,10210.0,10210.0,1339898
2018-05-23,10110.0,10460.0,10000.0,10410.0,10410.0,851716
2018-05-24,10310.0,10460.0,10110.0,10370.0,10370.0,770683
2018-05-25,10270.0,10270.0,9750.0,9850.0,9850.0,1053610
2018-05-28,9850.0,9850.0,8810.0,9120.0,9120.0,1421966
2018-05-29,9120.0,9850.0,9070.0,9590.0,9590.0,1329567
2018-05-30,9430.0,9480.0,9170.0,9330.0,9330.0,577849
2018-05-31,9370.0,9640.0,9370.0,9540.0,9540.0,992100
2018-06-01,9480.0,9590.0,9370.0,9540.0,9540.0,588584
2018-06-04,9590.0,10000.0,9430.0,9960.0,9960.0,1016785
2018-06-05,9750.0,10310.0,9750.0,10270.0,10270.0,1220150
2018-06-06,10270.0,10460.0,10110.0,10270.0,10270.0,865840
2018-06-07,10210.0,10210.0,9800.0,9850.0,9850.0,736510
2018-06-08,9960.0,9960.0,9590.0,9850.0,9850.0,744720
2018-06-11,9850.0,10060.0,9690.0,9750.0,9750.0,788220
2018-06-12,9800.0,9850.0,9330.0,9430.0,9430.0,1408430
2018-06-13,9430.0,9690.0,9430.0,9590.0,9590.0,513800
2018-06-14,9690.0,9960.0,9640.0,9800.0,9800.0,1165500
2018-06-15,9800.0,9850.0,9540.0,9750.0,9750.0,790810
2018-06-18,9640.0,9690.0,9330.0,9430.0,9430.0,1521500
2018-06-19,9370.0,9370.0,8810.0,9330.0,9330.0,2428288
2018-06-20,9230.0,9280.0,9020.0,9280.0,9280.0,705040
2018-06-21,9330.0,9330.0,9020.0,9170.0,9170.0,931360
2018-06-22,9120.0,9370.0,9070.0,9370.0,9370.0,1205899
2018-06-25,9430.0,9590.0,9330.0,9430.0,9430.0,1054480
2018-06-26,9430.0,9430.0,9230.0,9370.0,9370.0,1012240
2018-06-27,9330.0,9430.0,9170.0,9330.0,9330.0,1427810
2018-06-28,9280.0,9330.0,9070.0,9230.0,9230.0,1311811
2018-06-29,9280.0,9330.0,9020.0,9330.0,9330.0,1473504
2018-07-02,9120.0,9230.0,9020.0,9120.0,9120.0,1115250
2018-07-03,9070.0,9120.0,8760.0,8760.0,8760.0,2005680
2018-07-04,8660.0,8860.0,8540.0,8540.0,8540.0,2192115
2018-07-05,8600.0,8660.0,8080.0,8350.0,8350.0,1977110
2018-07-06,8290.0,8500.0,8140.000000000001,8450.0,8450.0,846661
2018-07-09,8500.0,8600.0,8240.0,8240.0,8240.0,1282880
2018-07-10,8189.999999999999,8350.0,7830.0,7830.0,7830.0,2214061
2018-07-11,7830.0,7830.0,7260.0,7410.0,7410.0,2216190
2018-07-12,7410.0,7410.0,7100.0,7310.0,7310.0,746170
2018-07-13,7410.0,7620.0,7310.0,7460.0,7460.0,767399
2018-07-16,7570.0,7770.0,7410.0,7570.0,7570.0,828325
2018-07-17,7570.0,7620.0,7360.0,7510.0,7510.0,446305
2018-07-18,7460.0,7880.0,7410.0,7770.0,7770.0,1415665
2018-07-19,7880.0,8660.0,7770.0,8189.999999999999,8189.999999999999,2465232
2018-07-20,8290.0,8390.0,8080.0,8189.999999999999,8189.999999999999,835710
2018-07-23,8080.0,8140.000000000001,7880.0,8039.999999999999,8039.999999999999,935816
2018-07-24,7930.0,7980.0,7510.0,7670.0,7670.0,1159559
2018-07-25,7720.0,7770.0,7570.0,7570.0,7570.0,637510
2018-07-26,7720.0,7720.0,7570.0,7620.0,7620.0,181600
2018-07-27,7720.0,7930.0,7620.0,7670.0,7670.0,668799
2018-07-30,7770.0,8189.999999999999,7770.0,8140.000000000001,8140.000000000001,1736965
2018-07-31,8189.999999999999,8350.0,8039.999999999999,8140.000000000001,8140.000000000001,1450544
2018-08-01,8140.000000000001,8660.0,8140.000000000001,8500.0,8500.0,2612588
2018-08-02,8450.0,9020.0,8450.0,8970.0,8970.0,3393218
2018-08-03,8970.0,9480.0,8970.0,9370.0,9370.0,3275313
2018-08-06,9370.0,9640.0,9070.0,9330.0,9330.0,3163325
2018-08-07,9330.0,9330.0,8910.0,9020.0,9020.0,1727362
2018-08-08,9020.0,9370.0,8860.0,9330.0,9330.0,2454019
2018-08-09,9280.0,9800.0,9280.0,9480.0,9480.0,2705658
2018-08-10,9430.0,9590.0,9170.0,9430.0,9430.0,1754081
2018-08-13,9430.0,9640.0,9120.0,9280.0,9280.0,1896455
2018-08-14,9280.0,9330.0,9020.0,9170.0,9170.0,2354758
2018-08-15,9170.0,9370.0,8810.0,8860.0,8860.0,2299149
2018-08-16,9020.0,9070.0,8290.0,8700.0,8700.0,2585684
2018-08-17,8860.0,8970.0,8660.0,8700.0,8700.0,955250
2018-08-20,8760.0,8760.0,8390.0,8450.0,8450.0,1304440
2018-08-21,8450.0,8660.0,8390.0,8600.0,8600.0,1644360
2018-08-22,8660.0,8910.0,8600.0,8660.0,8660.0,1550211
2018-08-23,8760.0,8810.0,8540.0,8700.0,8700.0,1215500
2018-08-24,8660.0,8700.0,8540.0,8600.0,8600.0,1278940
2018-08-27,8600.0,8970.0,8600.0,8700.0,8700.0,2010600
2018-08-28,8810.0,8810.0,8660.0,8700.0,8700.0,750524
2018-08-29,8700.0,8970.0,8600.0,8600.0,8600.0,2238675
2018-08-30,8760.0,8860.0,8600.0,8860.0,8860.0,1355751
2018-08-31,8910.0,9230.0,8860.0,9020.0,9020.0,3288596
2018-09-04,9020.0,9070.0,8760.0,8910.0,8910.0,1313160
2018-09-05,8860.0,8860.0,8600.0,8700.0,8700.0,1086540
2018-09-06,8700.0,8760.0,8540.0,8660.0,8660.0,1151240
2018-09-07,8600.0,8760.0,8500.0,8700.0,8700.0,1137921
2018-09-10,8700.0,8860.0,8600.0,8660.0,8660.0,1138800
2018-09-11,8700.0,9230.0,8660.0,9120.0,9120.0,3901853
2018-09-12,9120.0,9430.0,9120.0,9230.0,9230.0,4664024
2018-09-13,9280.0,9540.0,9280.0,9370.0,9370.0,2992641
2018-09-14,9330.0,9370.0,9230.0,9330.0,9330.0,2439092
2018-09-17,9330.0,9430.0,9170.0,9230.0,9230.0,2899341
2018-09-18,9230.0,9280.0,9020.0,9280.0,9280.0,2148183
2018-09-19,9330.0,10000.0,9280.0,9800.0,9800.0,8285694
2018-09-20,10160.0,10310.0,9750.0,10160.0,10160.0,5097730
2018-09-21,10110.0,10270.0,9750.0,10000.0,10000.0,4545084
2018-09-24,10110.0,10370.0,9960.0,10310.0,10310.0,3437250
2018-09-25,10310.0,10780.0,10310.0,10730.0,10730.0,3912611
2018-09-26,10730.0,11090.0,10460.0,10580.0,10580.0,5501055
2018-09-27,10670.0,10830.0,10410.0,10830.0,10830.0,4418568
2018-09-28,10890.0,10890.0,10270.0,10370.0,10370.0,6106055
2018-10-01,10520.0,10780.0,10370.0,10460.0,10460.0,5482504
2018-10-02,10620.0,10780.0,10410.0,10520.0,10520.0,5267350
2018-10-03,10520.0,10580.0,10110.0,10460.0,10460.0,4544530
2018-10-04,10460.0,10670.0,10370.0,10460.0,10460.0,4387431
2018-10-05,10460.0,10460.0,10060.0,10160.0,10160.0,3729366
2018-10-08,10160.0,10160.0,9850.0,9900.0,9900.0,3494942
2018-10-09,9900.0,10060.0,9690.0,9750.0,9750.0,4541409
2018-10-10,9750.0,9800.0,9480.0,9590.0,9590.0,3458770
2018-10-11,9540.0,9540.0,8350.0,8660.0,8660.0,8183266
2018-10-12,8500.0,8970.0,8290.0,8910.0,8910.0,2660010
2018-10-15,8860.0,8910.0,8540.0,8660.0,8660.0,1320970
2018-10-16,8600.0,8810.0,8600.0,8760.0,8760.0,1269200
2018-10-17,8810.0,9120.0,8810.0,8910.0,8910.0,2295195
2018-10-18,8910.0,8910.0,8700.0,8700.0,8700.0,1250590
2018-10-19,8660.0,8970.0,8450.0,8760.0,8760.0,1357151
2018-10-22,8700.0,8970.0,8700.0,8760.0,8760.0,1113580
2018-10-23,8810.0,8810.0,8350.0,8540.0,8540.0,2149170
2018-10-24,8540.0,8600.0,8080.0,8240.0,8240.0,2477002
2018-10-25,8189.999999999999,8350.0,7770.0,8240.0,8240.0,2534474
2018-10-26,8080.0,8500.0,8080.0,8140.000000000001,8140.000000000001,1463380
2018-10-29,8189.999999999999,8290.0,8039.999999999999,8080.0,8080.0,1223802
2018-10-30,8039.999999999999,8240.0,8039.999999999999,8140.000000000001,8140.000000000001,743209
2018-10-31,8189.999999999999,8540.0,8189.999999999999,8540.0,8540.0,2635545
2018-11-01,8540.0,8540.0,8240.0,8240.0,8240.0,1063610
2018-11-02,8350.0,8500.0,8290.0,8500.0,8500.0,1507400
2018-11-05,8450.0,8450.0,8189.999999999999,8350.0,8350.0,980133
2018-11-06,8390.0,8660.0,8390.0,8390.0,8390.0,2873338
2018-11-07,8390.0,8450.0,8240.0,8350.0,8350.0,953910
2018-11-08,8450.0,8540.0,8350.0,8390.0,8390.0,886250
2018-11-09,8350.0,8350.0,8039.999999999999,8080.0,8080.0,1760740
2018-11-12,8039.999999999999,8350.0,7930.0,8290.0,8290.0,1513688
2018-11-13,8080.0,8189.999999999999,7980.0,7980.0,7980.0,1364850
2018-11-14,7930.0,7980.0,7670.0,7670.0,7670.0,2592291
2018-11-15,7770.0,7930.0,7720.0,7720.0,7720.0,856120
2018-11-16,7770.0,7980.0,7770.0,7880.0,7880.0,2083251
2018-11-19,7770.0,8039.999999999999,6740.0,7980.0,7980.0,1225507
2018-11-20,7930.0,7930.0,7770.0,7830.0,7830.0,856630
2018-11-21,7720.0,7770.0,7620.0,7770.0,7770.0,1269820
2018-11-22,7830.0,7880.0,7460.0,7570.0,7570.0,3026508
2018-11-23,7570.0,7620.0,7510.0,7570.0,7570.0,829211
2018-11-26,7510.0,7880.0,7460.0,7830.0,7830.0,1088643
2018-11-27,7770.0,7980.0,7670.0,7770.0,7770.0,1702220
2018-11-28,7770.0,7830.0,7720.0,7830.0,7830.0,418400
2018-11-29,7720.0,7880.0,7620.0,7620.0,7620.0,936600
2018-11-30,7720.0,7720.0,7570.0,7620.0,7620.0,934200
2018-12-03,7720.0,8039.999999999999,7720.0,7880.0,7880.0,2873919
2018-12-04,7980.0,8080.0,7930.0,7980.0,7980.0,2011360
2018-12-05,7930.0,7980.0,7830.0,7980.0,7980.0,1842000
2018-12-06,7930.0,8240.0,7880.0,8039.999999999999,8039.999999999999,3497078
2018-12-07,8080.0,8189.999999999999,7980.0,8039.999999999999,8039.999999999999,1182541
2018-12-10,8080.0,8080.0,7830.0,7930.0,7930.0,1726479
2018-12-11,7880.0,7930.0,7720.0,7770.0,7770.0,1757610
2018-12-12,7770.0,8140.000000000001,7770.0,8080.0,8080.0,1701519
2018-12-13,8039.999999999999,8140.000000000001,7930.0,7980.0,7980.0,1291380
2018-12-14,7980.0,7980.0,7830.0,7930.0,7930.0,1031890
2018-12-17,7830.0,7880.0,7620.0,7720.0,7720.0,2463321
2018-12-18,7620.0,7620.0,7460.0,7510.0,7510.0,2140710
2018-12-19,7570.0,7570.0,7360.0,7410.0,7410.0,1442600
2018-12-20,7360.0,7620.0,7310.0,7510.0,7510.0,1491185
2018-12-21,7510.0,7510.0,7360.0,7460.0,7460.0,1146570
2018-12-24,7460.0,7460.0,7150.0,7210.0,7210.0,1491200
2018-12-25,7100.0,7100.0,6740.0,6950.0,6950.0,3285950
2018-12-26,7000.0,7050.0,6790.0,6840.0,6840.0,1742000
2018-12-27,6950.0,7360.0,6950.0,7210.0,7210.0,2097731
2018-12-28,7150.0,7310.0,7000.0,7050.0,7050.0,1546117
2019-01-02,7150.0,7150.0,6950.0,7000.0,7000.0,688310
2019-01-03,7000.0,7050.0,6740.0,6840.0,6840.0,1303200
2019-01-04,6840.0,6890.0,6630.0,6840.0,6840.0,1309060
2019-01-07,6950.0,7050.0,6790.0,6840.0,6840.0,1297910
2019-01-08,6950.0,6950.0,6840.0,6840.0,6840.0,614836
2019-01-09,6950.0,7050.0,6890.0,7000.0,7000.0,1388802
2019-01-10,7000.0,7050.0,6890.0,6950.0,6950.0,1382350
2019-01-11,6950.0,7210.0,5960.0,7100.0,7100.0,2346200
2019-01-14,7150.0,7150.0,6890.0,6950.0,6950.0,837109
2019-01-15,7000.0,7050.0,6950.0,7000.0,7000.0,1133340
2019-01-16,7050.0,7100.0,6950.0,7050.0,7050.0,1569100
2019-01-17,7000.0,7050.0,6950.0,7000.0,7000.0,893657
2019-01-18,7000.0,7050.0,6840.0,6950.0,6950.0,1245223
2019-01-21,6630.0,6950.0,6120.0,6330.0,6330.0,5107272
2019-01-22,6330.0,6420.0,6270.0,6270.0,6270.0,1300297
2019-01-23,6330.0,6950.0,6170.0,6220.0,6220.0,1467160
2019-01-24,6270.0,6420.0,5290.0,6380.0,6380.0,1410920
2019-01-25,6380.0,6420.0,6330.0,6380.0,6380.0,702829
2019-01-28,6480.0,6630.0,6330.0,6580.0,6580.0,1860290
2019-01-29,6530.0,6530.0,6420.0,6530.0,6530.0,833930
2019-01-30,6480.0,6790.0,6480.0,6740.0,6740.0,1518249
2019-01-31,6740.0,6890.0,6740.0,6790.0,6790.0,1194630
2019-02-01,6840.0,6840.0,6680.0,6740.0,6740.0,835950
2019-02-11,6740.0,6890.0,6740.0,6890.0,6890.0,837710
2019-02-12,6890.0,7050.0,6840.0,7050.0,7050.0,1652785
2019-02-13,7050.0,7410.0,6740.0,7310.0,7310.0,2775513
2019-02-14,7210.0,7410.0,7210.0,7360.0,7360.0,1587930
2019-02-15,7360.0,7410.0,7260.0,7410.0,7410.0,1566100
2019-02-18,7410.0,7620.0,7000.0,7620.0,7620.0,2749513
2019-02-19,7670.0,7670.0,7360.0,7410.0,7410.0,1903003
2019-02-20,7410.0,7460.0,7310.0,7360.0,7360.0,1220876
2019-02-21,7410.0,7460.0,7310.0,7360.0,7360.0,1359556
2019-02-22,7360.0,7360.0,7210.0,7310.0,7310.0,1749016
2019-02-25,7260.0,7410.0,7260.0,7360.0,7360.0,1622834
2019-02-26,7360.0,7360.0,7150.0,7210.0,7210.0,1433335
2019-02-27,7210.0,7870.0,7210.0,7210.0,7210.0,1088480
2019-02-28,7260.0,7770.0,7050.0,7100.0,7100.0,1095695
2019-03-01,7100.0,7150.0,7050.0,7100.0,7100.0,1591859
2019-03-04,7100.0,7360.0,7100.0,7310.0,7310.0,2224778
2019-03-05,7310.0,7570.0,7260.0,7510.0,7510.0,4438870
2019-03-06,7570.0,7570.0,7310.0,7510.0,7510.0,1197088
2019-03-07,7460.0,7670.0,7460.0,7460.0,7460.0,2994481
2019-03-08,7510.0,7510.0,7310.0,7360.0,7360.0,1295348
2019-03-11,7360.0,7360.0,7210.0,7310.0,7310.0,1228934
2019-03-12,7360.0,7410.0,7210.0,7260.0,7260.0,1959470
2019-03-13,7260.0,7310.0,7150.0,7210.0,7210.0,2996040
2019-03-14,7210.0,7310.0,7100.0,7260.0,7260.0,1658266
2019-03-15,7260.0,7360.0,7150.0,7310.0,7310.0,1745856
2019-03-18,7260.0,7310.0,7150.0,7150.0,7150.0,2044845
2019-03-19,7210.0,7260.0,7050.0,7100.0,7100.0,2544226
2019-03-20,7100.0,7100.0,6840.0,7050.0,7050.0,2148752
2019-03-21,7000.0,7210.0,6840.0,6890.0,6890.0,2254420
2019-03-22,6950.0,6950.0,6740.0,6840.0,6840.0,1312925
2019-03-25,6740.0,6740.0,6580.0,6680.0,6680.0,2485053
2019-03-26,6680.0,6790.0,6580.0,6680.0,6680.0,1330327
2019-03-27,6740.0,6950.0,6680.0,6840.0,6840.0,1935780
2019-03-28,6790.0,6840.0,5960.0,6630.0,6630.0,1686846
2019-03-29,6630.0,6680.0,6480.0,6580.0,6580.0,2299686
2019-04-01,6580.0,6680.0,6420.0,6580.0,6580.0,2224700
2019-04-02,6580.0,6740.0,6530.0,6580.0,6580.0,1842080
2019-04-03,6630.0,6790.0,6580.0,6790.0,6790.0,1725600
2019-04-04,6740.0,6950.0,6740.0,6840.0,6840.0,2331987
2019-04-05,6790.0,6840.0,6680.0,6740.0,6740.0,1144330
2019-04-08,6790.0,6950.0,6740.0,6890.0,6890.0,1530849
2019-04-09,6890.0,7000.0,6840.0,6890.0,6890.0,2037899
2019-04-10,6840.0,6840.0,6680.0,6740.0,6740.0,1351690
2019-04-11,6740.0,6790.0,6740.0,6740.0,6740.0,797400
2019-04-12,6740.0,6790.0,6630.0,6790.0,6790.0,1720750
2019-04-16,6680.0,6790.0,6580.0,6740.0,6740.0,1272548
2019-04-17,6630.0,6790.0,6630.0,6680.0,6680.0,1404453
2019-04-18,6680.0,6740.0,6580.0,6580.0,6580.0,1321637
2019-04-19,6580.0,6740.0,6580.0,6630.0,6630.0,931130
2019-04-22,6630.0,6790.0,6630.0,6740.0,6740.0,1226478
2019-04-23,6740.0,6790.0,6680.0,6790.0,6790.0,1359333
2019-04-24,6790.0,7260.0,6790.0,7210.0,7210.0,5856991
2019-04-25,7260.0,7410.0,7100.0,7310.0,7310.0,3290307
2019-04-26,7260.0,7360.0,7210.0,7310.0,7310.0,2124762
2019-05-02,7260.0,7310.0,7150.0,7260.0,7260.0,2089832
2019-05-03,7210.0,7210.0,7050.0,7100.0,7100.0,2081146
2019-05-06,7050.0,7050.0,6790.0,6890.0,6890.0,2338979
2019-05-07,6890.0,7000.0,6840.0,6950.0,6950.0,1112097
2019-05-08,6890.0,7000.0,6790.0,7000.0,7000.0,2026450
2019-05-09,6950.0,7000.0,6790.0,6790.0,6790.0,1085670
2019-05-10,6740.0,7100.0,6740.0,6950.0,6950.0,2647970
2019-05-13,7000.0,7260.0,6950.0,7150.0,7150.0,2266031
2019-05-14,7100.0,7310.0,7050.0,7260.0,7260.0,3365260
2019-05-15,7260.0,7360.0,7210.0,7260.0,7260.0,2629995
2019-05-16,7260.0,7310.0,7210.0,7260.0,7260.0,1970210
2019-05-17,7260.0,7510.0,7260.0,7360.0,7360.0,4341429
2019-05-20,7410.0,7510.0,7410.0,7410.0,7410.0,1897315
2019-05-21,7410.0,7460.0,7260.0,7310.0,7310.0,1579822
2019-05-22,7260.0,7310.0,7150.0,7210.0,7210.0,1974755
2019-05-23,7210.0,7260.0,7050.0,7260.0,7260.0,2211670
2019-05-24,7150.0,7150.0,7000.0,7050.0,7050.0,2431615
2019-05-27,7050.0,7100.0,7000.0,7050.0,7050.0,1014950
2019-05-28,7050.0,7210.0,7050.0,7210.0,7210.0,1995075
2019-05-29,7150.0,7210.0,7100.0,7100.0,7100.0,984980
2019-05-30,7100.0,7210.0,7100.0,7150.0,7150.0,780441
2019-05-31,7150.0,7150.0,6950.0,7000.0,7000.0,1623180
2019-06-03,6950.0,6950.0,6630.0,6680.0,6680.0,2279681
2019-06-04,6740.0,6890.0,6680.0,6840.0,6840.0,1548750
2019-06-05,6890.0,6890.0,6740.0,6790.0,6790.0,754489
2019-06-06,6740.0,6840.0,6680.0,6840.0,6840.0,1251713
2019-06-07,6790.0,6950.0,6790.0,6950.0,6950.0,780709
2019-06-10,6950.0,7000.0,6840.0,6840.0,6840.0,604183
2019-06-11,6840.0,6840.0,6740.0,6790.0,6790.0,721584
2019-06-12,6740.0,6790.0,6630.0,6680.0,6680.0,1047101
2019-06-13,6680.0,6740.0,6630.0,6740.0,6740.0,827470
2019-06-14,6740.0,6790.0,6680.0,6740.0,6740.0,1228050
2019-06-17,6740.0,6790.0,6680.0,6740.0,6740.0,405284
2019-06-18,6680.0,6740.0,6530.0,6630.0,6630.0,1660400
2019-06-19,6740.0,6790.0,6580.0,6630.0,6630.0,835260
2019-06-20,6480.0,6740.0,6420.0,6630.0,6630.0,1570310
2019-06-21,6790.0,6840.0,6630.0,6740.0,6740.0,889350
2019-06-24,6740.0,6740.0,6630.0,6680.0,6680.0,631050
2019-06-25,6630.0,6680.0,6580.0,6630.0,6630.0,547490
2019-06-26,6630.0,6740.0,6580.0,6580.0,6580.0,1197255
2019-06-27,6630.0,6680.0,6380.0,6420.0,6420.0,2894410
2019-06-28,6480.0,6680.0,6380.0,6680.0,6680.0,1487013
2019-07-01,6530.0,6630.0,6420.0,6480.0,6480.0,1188730
2019-07-02,6480.0,6480.0,6420.0,6480.0,6480.0,550200
2019-07-03,6420.0,6480.0,6380.0,6420.0,6420.0,885915
2019-07-04,6420.0,6480.0,6330.0,6380.0,6380.0,1134638
2019-07-05,6420.0,6420.0,6270.0,6320.0,6320.0,1105932
2019-07-08,6370.0,6420.0,6320.0,6320.0,6320.0,640079
2019-07-09,6370.0,6370.0,6270.0,6270.0,6270.0,1116720
2019-07-10,6270.0,6480.0,6270.0,6420.0,6420.0,1491331
2019-07-11,6420.0,6480.0,6320.0,6420.0,6420.0,799984
2019-07-12,6420.0,6420.0,6370.0,6370.0,6370.0,656180
2019-07-15,6370.0,6370.0,6270.0,6320.0,6320.0,466980
2019-07-16,6320.0,6320.0,6210.0,6210.0,6210.0,1261811
2019-07-17,6210.0,6270.0,6110.0,6170.0,6170.0,1227821
2019-07-18,6170.0,6270.0,6110.0,6170.0,6170.0,776725
2019-07-19,6210.0,6210.0,6010.0,6060.0,6060.0,1845451
2019-07-22,6010.0,6060.0,5850.0,5960.0,5960.0,1836297
2019-07-23,5960.0,5960.0,5750.0,5800.0,5800.0,1624835
2019-07-24,5800.0,5850.0,5640.0,5700.0,5700.0,2206108
2019-07-25,5700.0,6010.0,5640.0,5960.0,5960.0,2469220
2019-07-26,5960.0,6060.0,5850.0,6010.0,6010.0,1910605
2019-07-29,6010.0,6010.0,5850.0,5850.0,5850.0,904274
2019-07-30,5900.0,5900.0,5700.0,5700.0,5700.0,1271920
2019-07-31,5750.0,5750.0,5640.0,5700.0,5700.0,1546210
2019-08-01,5700.0,5800.0,5700.0,5750.0,5750.0,569160
2019-08-02,5750.0,5750.0,5590.0,5700.0,5700.0,1249799
2019-08-05,5700.0,5700.0,5330.0,5330.0,5330.0,2993706
2019-08-06,5330.0,5330.0,5170.0,5230.0,5230.0,2649312
2019-08-07,5230.0,5280.0,5170.0,5170.0,5170.0,1168811
2019-08-08,5230.0,5330.0,5070.0,5120.0,5120.0,1663491
2019-08-09,5120.0,5280.0,5120.0,5170.0,5170.0,1009856
2019-08-12,5230.0,5380.0,5230.0,5280.0,5280.0,1203648
2019-08-13,5280.0,5280.0,5120.0,5170.0,5170.0,1009984
2019-08-14,5170.0,5280.0,5070.0,5120.0,5120.0,1506500
2019-08-15,5120.0,5120.0,5020.0,5020.0,5020.0,1441650
2019-08-16,5020.0,5070.0,4960.0,5070.0,5070.0,1251144
2019-08-19,5070.0,5170.0,5020.0,5070.0,5070.0,1060620
2019-08-20,5070.0,5070.0,4920.0,4960.0,4960.0,1707975
2019-08-21,4960.0,5020.0,4920.0,4960.0,4960.0,1283112
2019-08-22,4920.0,4960.0,4760.0,4860.0,4860.0,1845828
2019-08-23,4860.0,5020.0,4760.0,4860.0,4860.0,2017830
2019-08-26,4860.0,4860.0,4710.0,4860.0,4860.0,1845869
2019-08-27,4800.0,4860.0,4760.0,4800.0,4800.0,1142000
2019-08-28,4800.0,4920.0,4760.0,4800.0,4800.0,1164490
2019-08-29,4800.0,4860.0,4710.0,4760.0,4760.0,629950
2019-08-30,4800.0,5070.0,4760.0,4960.0,4960.0,2110682
2019-09-03,4960.0,5020.0,4800.0,4920.0,4920.0,1085394
2019-09-04,4920.0,4920.0,4760.0,4760.0,4760.0,825920
2019-09-05,4800.0,4920.0,4710.0,4800.0,4800.0,1147710
2019-09-06,4800.0,4800.0,4710.0,4760.0,4760.0,497604
2019-09-09,4760.0,4800.0,4710.0,4710.0,4710.0,665714
2019-09-10,4760.0,4760.0,4600.0,4650.0,4650.0,1237555
2019-09-11,4650.0,4650.0,4500.0,4540.0,4540.0,1435413
2019-09-12,4540.0,4650.0,4540.0,4540.0,4540.0,469720
2019-09-13,4600.0,4650.0,4540.0,4650.0,4650.0,656950
2019-09-16,4710.0,4920.0,4710.0,4860.0,4860.0,3753282
2019-09-17,4920.0,4920.0,4800.0,4800.0,4800.0,991885
2019-09-18,4920.0,5540.0,4860.0,5280.0,5280.0,7270257
2019-09-19,5280.0,5330.0,5070.0,5170.0,5170.0,2412270
2019-09-20,5120.0,5170.0,5020.0,5020.0,5020.0,1370145
2019-09-23,4960.0,5070.0,4860.0,4920.0,4920.0,1886780
2019-09-24,4960.0,5700.0,4800.0,4860.0,4860.0,2406500
2019-09-25,4860.0,4860.0,4760.0,4800.0,4800.0,809954
2019-09-26,4920.0,4960.0,4800.0,4920.0,4920.0,874720
2019-09-27,4920.0,4960.0,4800.0,4860.0,4860.0,1335490
2019-09-30,4860.0,5120.0,4800.0,5020.0,5020.0,4429925
2019-10-01,5020.0,5070.0,4960.0,4960.0,4960.0,1360255
2019-10-02,5020.0,5020.0,4860.0,4920.0,4920.0,1139454
2019-10-03,4860.0,4860.0,4390.0,4800.0,4800.0,1269280
2019-10-04,4800.0,4860.0,4760.0,4760.0,4760.0,1016755
2019-10-07,4760.0,5490.0,4130.0,4860.0,4860.0,1288230
2019-10-08,4860.0,5280.0,4860.0,5070.0,5070.0,4095336
2019-10-09,5070.0,5120.0,4960.0,5070.0,5070.0,1243095
2019-10-10,5020.0,5750.0,4960.0,5070.0,5070.0,1508263
2019-10-11,5070.0,5280.0,5070.0,5170.0,5170.0,3414347
2019-10-14,5170.0,5230.0,5120.0,5070.0,5070.0,590830
2019-10-15,5070.0,5070.0,4960.0,5020.0,5020.0,1306150
2019-10-16,5070.0,5070.0,4450.0,5070.0,5070.0,1501034
2019-10-17,5070.0,5070.0,4920.0,4960.0,4960.0,1179110
2019-10-18,4960.0,5020.0,4920.0,5020.0,5020.0,1031390
2019-10-21,5020.0,5020.0,4920.0,4960.0,4960.0,1488625
2019-10-22,4960.0,5640.0,4860.0,4960.0,4960.0,2159330
2019-10-23,4960.0,5070.0,4960.0,5020.0,5020.0,1519570
2019-10-24,5020.0,5070.0,4960.0,5020.0,5020.0,2417601
2019-10-25,5020.0,5330.0,4330.0,5170.0,5170.0,4684091
2019-10-28,5170.0,5230.0,5070.0,5070.0,5070.0,797791
2019-10-29,5070.0,5170.0,5020.0,5070.0,5070.0,734733
2019-10-30,5070.0,5750.0,4960.0,5020.0,5020.0,1323290
2019-10-31,5070.0,5230.0,5020.0,5070.0,5070.0,2899950
2019-11-01,5070.0,5120.0,5020.0,5120.0,5120.0,1429750
2019-11-04,5120.0,5330.0,4390.0,5230.0,5230.0,4807099
2019-11-05,5230.0,5280.0,5170.0,5230.0,5230.0,2141491
2019-11-06,5230.0,5330.0,5170.0,5230.0,5230.0,2734645
2019-11-07,5230.0,6010.0,5120.0,5230.0,5230.0,1429027
2019-11-08,5230.0,5330.0,5170.0,5230.0,5230.0,1371270
2019-11-11,5230.0,5280.0,5120.0,5170.0,5170.0,1142340
2019-11-12,5170.0,5280.0,4500.0,5280.0,5280.0,2169688
2019-11-13,5280.0,5380.0,4450.0,5230.0,5230.0,2277476
2019-11-14,5280.0,5280.0,5170.0,5280.0,5280.0,2985402
2019-11-15,5280.0,6010.0,5170.0,5330.0,5330.0,3078541
2019-11-18,5280.0,5430.0,5280.0,5330.0,5330.0,1587295
2019-11-19,5330.0,6060.0,5280.0,5330.0,5330.0,3343278
2019-11-20,5330.0,5330.0,5230.0,5280.0,5280.0,883697
2019-11-21,5280.0,5330.0,5170.0,5230.0,5230.0,1263300
2019-11-22,5230.0,5230.0,4500.0,5070.0,5070.0,3184631
2019-11-25,5070.0,5120.0,4960.0,5020.0,5020.0,1302247
2019-11-26,5070.0,5070.0,4960.0,5020.0,5020.0,1263205
2019-11-27,5020.0,5700.0,4920.0,4960.0,4960.0,2172019
2019-11-28,4960.0,5020.0,4860.0,4920.0,4920.0,1610126
2019-11-29,4960.0,4960.0,4860.0,4920.0,4920.0,638900
2019-12-02,4920.0,4920.0,4180.0,4760.0,4760.0,2301082
2019-12-03,4800.0,4800.0,4650.0,4710.0,4710.0,1493969
2019-12-04,4710.0,4860.0,4710.0,4800.0,4800.0,1904333
2019-12-05,4860.0,4920.0,4760.0,4760.0,4760.0,1877347
2019-12-06,4800.0,4800.0,4710.0,4800.0,4800.0,883466
2019-12-09,4800.0,4800.0,4710.0,4760.0,4760.0,826065
2019-12-10,4760.0,4760.0,4080.0,4710.0,4710.0,1458479
2019-12-11,4650.0,4650.0,4450.0,4540.0,4540.0,2486692
2019-12-12,4540.0,4600.0,4180.0,4540.0,4540.0,1052730
2019-12-13,4650.0,5230.0,4540.0,4600.0,4600.0,1005140
2019-12-16,4600.0,4600.0,4540.0,4540.0,4540.0,506310
2019-12-17,4540.0,4540.0,4500.0,4450.0,4450.0,2708369
2019-12-18,4450.0,4960.0,3810.0,4290.0,4290.0,1775559
2019-12-19,4290.0,4330.0,4180.0,4240.0,4240.0,1240446
2019-12-20,4240.0,4290.0,4180.0,4240.0,4240.0,893368
2019-12-23,4240.0,4860.0,3600.0,4390.0,4390.0,2040498
2019-12-24,4390.0,4390.0,4290.0,4330.0,4330.0,828991
2019-12-25,4330.0,4390.0,4290.0,4330.0,4330.0,506548
2019-12-26,4330.0,4330.0,3700.0,4240.0,4240.0,1536611
2019-12-27,4240.0,4290.0,4180.0,4290.0,4290.0,1463621
2019-12-30,4290.0,4290.0,4180.0,4240.0,4240.0,876553
2019-12-31,4240.0,4800.0,4180.0,4290.0,4290.0,767594
2020-01-02,4290.0,4290.0,4180.0,4290.0,4290.0,1232420
2020-01-03,4290.0,4330.0,4180.0,4240.0,4240.0,2024568
2020-01-06,4330.0,4450.0,4290.0,4450.0,4450.0,3836947
2020-01-07,4450.0,4450.0,4290.0,4330.0,4330.0,1378587
2020-01-08,4390.0,4390.0,4180.0,4240.0,4240.0,3326547
2020-01-09,4240.0,4240.0,4130.0,4130.0,4130.0,2652190
2020-01-10,4130.0,4130.0,3980.0,4019.9999999999995,4019.9999999999995,2137026
2020-01-13,4019.9999999999995,4019.9999999999995,3810.0,3910.0,3910.0,2759130
2020-01-14,3910.0,3910.0,3760.0,3860.0,3860.0,1688991
2020-01-15,3860.0,3910.0,3760.0,3810.0,3810.0,934445
2020-01-16,3810.0,3980.0,3760.0,3860.0,3860.0,2902912
2020-01-17,3860.0,4450.0,3760.0,3810.0,3810.0,1181300
2020-01-20,3810.0,3910.0,3760.0,3910.0,3910.0,1126220
2020-01-21,3910.0,4450.0,3910.0,4450.0,4450.0,9879031
2020-01-22,4500.0,4500.0,4330.0,4390.0,4390.0,2282520
2020-01-30,4450.0,4450.0,4130.0,4290.0,4290.0,2743532
2020-01-31,4240.0,4240.0,3910.0,3980.0,3980.0,2822569
2020-02-03,3980.0,3980.0,3550.0,3860.0,3860.0,3747796
2020-02-04,3810.0,4019.9999999999995,3810.0,4019.9999999999995,4019.9999999999995,2443762
2020-02-05,3980.0,4019.9999999999995,3860.0,3980.0,3980.0,923440
2020-02-06,3910.0,4180.0,3910.0,4080.0,4080.0,1826752
2020-02-07,4080.0,4080.0,3450.0,3980.0,3980.0,1135672
2020-02-10,3980.0,3980.0,3860.0,3910.0,3910.0,1080915
2020-02-11,3910.0,3980.0,3860.0,3980.0,3980.0,550993
2020-02-12,3980.0,4130.0,3980.0,4080.0,4080.0,1453371
2020-02-13,4080.0,4130.0,4019.9999999999995,4080.0,4080.0,824818
2020-02-14,4080.0,4130.0,4019.9999999999995,4080.0,4080.0,565040
2020-02-17,4080.0,4500.0,4019.9999999999995,4080.0,4080.0,901360
2020-02-18,4080.0,4080.0,4019.9999999999995,4019.9999999999995,4019.9999999999995,940476
2020-02-19,3980.0,4080.0,3980.0,4019.9999999999995,4019.9999999999995,521327
2020-02-20,4019.9999999999995,4130.0,3450.0,4080.0,4080.0,763481
2020-02-21,4080.0,4130.0,3980.0,4019.9999999999995,4019.9999999999995,1067633
2020-02-24,4019.9999999999995,4019.9999999999995,3760.0,3810.0,3810.0,2076235
2020-02-25,3810.0,3860.0,3700.0,3860.0,3860.0,1895380
2020-02-26,3810.0,4290.0,3700.0,3860.0,3860.0,1506840
2020-02-27,3860.0,3910.0,3810.0,3860.0,3860.0,791522
2020-02-28,3860.0,3910.0,3760.0,3860.0,3860.0,2431582
2020-03-02,3860.0,4019.9999999999995,3290.0,3980.0,3980.0,2928755
2020-03-03,3980.0,4290.0,3980.0,4130.0,4130.0,4877781
2020-03-04,4180.0,4240.0,3550.0,4240.0,4240.0,1678305
2020-03-05,4240.0,4800.0,3550.0,4330.0,4330.0,2911743
2020-03-06,4290.0,4330.0,4130.0,4240.0,4240.0,1852717
2020-03-09,4080.0,4080.0,3550.0,3660.0,3660.0,6939472
2020-03-10,3390.0,3810.0,3130.0,3760.0,3760.0,2521792
2020-03-11,3700.0,3860.0,3600.0,3700.0,3700.0,4072814
2020-03-12,3660.0,3660.0,3500.0,3550.0,3550.0,5065041
2020-03-13,3550.0,4080.0,3340.0,3550.0,3550.0,2004446
2020-03-16,3550.0,3700.0,3500.0,3600.0,3600.0,2839903
2020-03-17,3550.0,3660.0,3500.0,3660.0,3660.0,1249700
2020-03-18,3660.0,3660.0,3080.0,3390.0,3390.0,5270301
2020-03-19,3390.0,3450.0,3240.0,3340.0,3340.0,3181479
2020-03-20,3340.0,3390.0,3190.0,3240.0,3240.0,5539323
2020-03-23,3190.0,3760.0,2820.0,2820.0,2820.0,7326967
2020-03-24,3190.0,3190.0,2660.0,2980.0,2980.0,1470085
2020-03-25,2980.0,3080.0,2920.0,2980.0,2980.0,2703274
2020-03-26,2980.0,2980.0,2560.0,2870.0,2870.0,1517984
2020-03-27,2870.0,2920.0,2820.0,2870.0,2870.0,990510
2020-03-30,2770.0,3290.0,2450.0,2560.0,2560.0,2159515
2020-03-31,2450.0,2660.0,2450.0,2510.0,2510.0,2202715
2020-04-01,2450.0,2660.0,2410.0,2610.0,2610.0,2092997
2020-04-03,2720.0,2920.0,2610.0,2920.0,2920.0,4006383
2020-04-06,2920.0,3190.0,2870.0,3190.0,3190.0,4762754
2020-04-07,3190.0,3190.0,2920.0,2980.0,2980.0,4013139
2020-04-08,3030.0,3030.0,2820.0,2980.0,2980.0,2956727
2020-04-09,2980.0,3080.0,2980.0,3030.0,3030.0,3914822
2020-04-10,2980.0,3080.0,2980.0,3030.0,3030.0,4935592
2020-04-13,3080.0,3130.0,2980.0,3030.0,3030.0,3111240
2020-04-14,3080.0,3080.0,2870.0,2920.0,2920.0,3486419
2020-04-15,2920.0,3030.0,2870.0,2980.0,2980.0,2500874
2020-04-16,2980.0,3030.0,2870.0,2980.0,2980.0,3552453
2020-04-17,2980.0,3340.0,2980.0,3290.0,3290.0,14305861
2020-04-20,3390.0,3550.0,3240.0,3290.0,3290.0,9751302
2020-04-21,3290.0,3290.0,2980.0,3030.0,3030.0,7437718
2020-04-22,2870.0,3030.0,2770.0,3030.0,3030.0,4836352
2020-04-23,3080.0,3190.0,2980.0,3130.0,3130.0,3418414
2020-04-24,3130.0,3290.0,3130.0,3190.0,3190.0,4107975
2020-04-27,3190.0,3190.0,2980.0,3030.0,3030.0,2424175
2020-04-28,3030.0,3080.0,2980.0,3030.0,3030.0,2040923
2020-04-29,3030.0,3130.0,3030.0,3130.0,3130.0,2205788
2020-05-04,3130.0,3190.0,3030.0,3080.0,3080.0,1785660
2020-05-05,3080.0,3130.0,3030.0,3130.0,3130.0,1753835
2020-05-06,3130.0,3240.0,3080.0,3130.0,3130.0,4971490
2020-05-07,3130.0,3190.0,3080.0,3130.0,3130.0,1699157
2020-05-08,3130.0,3240.0,3130.0,3190.0,3190.0,4944384
2020-05-11,3190.0,3340.0,3130.0,3290.0,3290.0,7933781
2020-05-12,3290.0,3340.0,3240.0,3340.0,3340.0,5117555
2020-05-13,3340.0,3390.0,3240.0,3340.0,3340.0,5364068
2020-05-14,3340.0,3450.0,3290.0,3390.0,3390.0,6662670
2020-05-15,3450.0,3500.0,3290.0,3390.0,3390.0,6803277
2020-05-18,3390.0,3390.0,3290.0,3390.0,3390.0,2899270
2020-05-19,3390.0,3550.0,3340.0,3390.0,3390.0,5607514
2020-05-20,3390.0,3450.0,3340.0,3390.0,3390.0,2200890
2020-05-21,3390.0,3450.0,3340.0,3390.0,3390.0,3042092
2020-05-22,3390.0,3450.0,3240.0,3340.0,3340.0,5814350
2020-05-25,3340.0,3340.0,3240.0,3340.0,3340.0,3993591
2020-05-26,3290.0,3760.0,3240.0,3340.0,3340.0,4077920
2020-05-27,3340.0,3390.0,3290.0,3340.0,3340.0,4015031
2020-05-28,3340.0,3340.0,3240.0,3340.0,3340.0,2428988
2020-05-29,3290.0,3340.0,3240.0,3240.0,3240.0,1665329
2020-06-01,3290.0,3340.0,3290.0,3290.0,3290.0,4336806
2020-06-02,3290.0,3700.0,3240.0,3450.0,3450.0,12354255
2020-06-03,3500.0,3860.0,3500.0,3810.0,3810.0,12099175
2020-06-04,3810.0,4180.0,3760.0,4080.0,4080.0,13822636
2020-06-05,4080.0,4130.0,3980.0,4080.0,4080.0,7515624
2020-06-08,4130.0,4240.0,4080.0,4130.0,4130.0,9701119
2020-06-09,4130.0,4180.0,3910.0,3980.0,3980.0,10117125
2020-06-10,4019.9999999999995,4080.0,3910.0,4019.9999999999995,4019.9999999999995,5805248
2020-06-11,4080.0,4080.0,3660.0,3760.0,3760.0,8882886
2020-06-12,3660.0,3860.0,3450.0,3660.0,3660.0,7068864
2020-06-15,3920.0,3980.0,3750.0,3860.0,3860.0,4731448
2020-06-16,3750.0,4030.0000000000005,3750.0,3980.0,3980.0,3224145
2020-06-17,4150.0,4370.0,3860.0,3980.0,3980.0,2330853
2020-06-18,3980.0,4030.0000000000005,3860.0,3980.0,3980.0,1669010
2020-06-19,3980.0,4200.0,3980.0,4150.0,4150.0,6588753
2020-06-22,4150.0,4260.0,4090.0,4150.0,4150.0,3344782
2020-06-23,4150.0,4200.0,3520.0,4090.0,4090.0,2997559
2020-06-24,4090.0,4150.0,3980.0,4030.0000000000005,4030.0000000000005,3923621
2020-06-25,3980.0,4030.0000000000005,3920.0,4030.0000000000005,4030.0000000000005,2346097
2020-06-26,4030.0000000000005,4090.0,3920.0,4030.0000000000005,4030.0000000000005,2225134
2020-06-29,3980.0,3980.0,3750.0,3810.0,3810.0,5452663
2020-06-30,3860.0,3920.0,3750.0,3860.0,3860.0,2253069
2020-07-01,3810.0,3980.0,3810.0,3920.0,3920.0,2022535
2020-07-02,3920.0,3980.0,3860.0,3920.0,3920.0,1881751
2020-07-03,3920.0,3980.0,3860.0,3860.0,3860.0,1134101
2020-07-06,3920.0,3980.0,3860.0,3980.0,3980.0,1825917
2020-07-07,3980.0,4030.0000000000005,3920.0,3920.0,3920.0,1483794
2020-07-08,3920.0,3980.0,3920.0,3980.0,3980.0,1353161
2020-07-09,3980.0,4150.0,3980.0,4090.0,4090.0,5091477
2020-07-10,4030.0000000000005,4090.0,3980.0,3980.0,3980.0,2412481
2020-07-13,3980.0,4540.0,3920.0,3980.0,3980.0,1915346
2020-07-14,3980.0,3980.0,3920.0,3980.0,3980.0,1530826
2020-07-15,3980.0,4030.0000000000005,3920.0,3980.0,3980.0,1690706
2020-07-16,3980.0,4030.0000000000005,3920.0,3920.0,3920.0,1748817
2020-07-17,3980.0,3980.0,3920.0,3980.0,3980.0,957910
2020-07-20,3920.0,3980.0,3650.0,3860.0,3860.0,1732905
2020-07-21,3860.0,3920.0,3750.0,3860.0,3860.0,5247422
2020-07-22,3810.0,4370.0,3750.0,3810.0,3810.0,1522529
2020-07-23,3750.0,3860.0,3750.0,3860.0,3860.0,1446620
2020-07-24,3810.0,3810.0,3470.0,3590.0,3590.0,4781245
2020-07-27,3520.0,3520.0,3140.0,3200.0,3200.0,6828638
2020-07-28,3200.0,3470.0,3140.0,3470.0,3470.0,2888612
2020-07-29,3470.0,3470.0,3140.0,3250.0,3250.0,3248282
2020-07-30,3250.0,3360.0,3250.0,3310.0,3310.0,1357431
2020-07-31,3250.0,3420.0,3200.0,3310.0,3310.0,1855750
2020-08-03,3360.0,3420.0,3310.0,3420.0,3420.0,1781208
2020-08-04,3420.0,3520.0,3420.0,3470.0,3470.0,2710027
2020-08-05,3470.0,3520.0,3420.0,3470.0,3470.0,1121315
2020-08-06,3520.0,3590.0,3470.0,3590.0,3590.0,2889638
2020-08-07,3590.0,3590.0,3420.0,3470.0,3470.0,1246570
2020-08-10,3520.0,3520.0,3470.0,3520.0,3520.0,1193526
2020-08-11,3520.0,3590.0,3470.0,3520.0,3520.0,1679028
2020-08-12,3520.0,3650.0,3470.0,3590.0,3590.0,3078629
2020-08-13,3650.0,3690.0,3590.0,3650.0,3650.0,1989347
2020-08-14,3650.0,3650.0,3520.0,3520.0,3520.0,1740840
2020-08-17,3590.0,3590.0,3470.0,3590.0,3590.0,1343937
2020-08-18,3590.0,3590.0,3520.0,3520.0,3520.0,1381005
2020-08-19,3520.0,3650.0,3520.0,3590.0,3590.0,1584788
2020-08-20,3590.0,3650.0,3520.0,3590.0,3590.0,1414046
2020-08-21,3590.0,3650.0,3520.0,3650.0,3650.0,784278
2020-08-24,3650.0,3690.0,3590.0,3650.0,3650.0,2618441
2020-08-25,3690.0,3750.0,3650.0,3690.0,3690.0,2700855
2020-08-26,3690.0,3860.0,3690.0,3810.0,3810.0,2368065
2020-08-27,3810.0,3810.0,3690.0,3690.0,3690.0,1398243
2020-08-28,3750.0,3810.0,3690.0,3690.0,3690.0,1648672
2020-08-31,3690.0,3750.0,3650.0,3650.0,3650.0,2104814
2020-09-01,3690.0,3750.0,3650.0,3750.0,3750.0,1269897
2020-09-03,3750.0,3810.0,3690.0,3750.0,3750.0,1435911
2020-09-04,3750.0,3750.0,3650.0,3750.0,3750.0,1809142
2020-09-07,3750.0,3750.0,3650.0,3690.0,3690.0,1738882
2020-09-08,3650.0,3690.0,3650.0,3690.0,3690.0,730749
2020-09-09,3650.0,3690.0,3590.0,3690.0,3690.0,1549786
2020-09-10,3650.0,3750.0,3650.0,3690.0,3690.0,1630197
2020-09-11,3690.0,3750.0,3690.0,3750.0,3750.0,2179209
2020-09-14,3750.0,3810.0,3690.0,3810.0,3810.0,3063680
2020-09-15,3810.0,3860.0,3750.0,3810.0,3810.0,1775835
2020-09-16,3810.0,3860.0,3750.0,3810.0,3810.0,1936711
2020-09-17,3750.0,3860.0,3750.0,3810.0,3810.0,1080850
2020-09-18,3810.0,3860.0,3750.0,3860.0,3860.0,886246
2020-09-21,3810.0,3920.0,3810.0,3860.0,3860.0,2416577
2020-09-22,3810.0,3860.0,3750.0,3810.0,3810.0,1875710
2020-09-23,3860.0,3860.0,3810.0,3860.0,3860.0,1542991
2020-09-24,3810.0,3860.0,3750.0,3750.0,3750.0,1977470
2020-09-25,3810.0,3860.0,3750.0,3810.0,3810.0,958920
2020-09-28,3860.0,4090.0,3810.0,4090.0,4090.0,6476461
2020-09-29,4090.0,4150.0,3980.0,4090.0,4090.0,5556870
2020-09-30,4090.0,4090.0,3980.0,3980.0,3980.0,1606542
2020-10-01,4030.0000000000005,4090.0,3980.0,4090.0,4090.0,2880530
2020-10-02,4030.0000000000005,4030.0000000000005,3860.0,3920.0,3920.0,5288948
2020-10-05,3980.0,4090.0,3920.0,4090.0,4090.0,3661297
2020-10-06,4150.0,4150.0,3980.0,4090.0,4090.0,3911969
2020-10-07,4090.0,4090.0,3980.0,4030.0000000000005,4030.0000000000005,1799739
2020-10-08,4030.0000000000005,4030.0000000000005,3980.0,4030.0000000000005,4030.0000000000005,1195617
2020-10-09,4030.0000000000005,4090.0,3980.0,4090.0,4090.0,3381946
2020-10-12,4090.0,4150.0,3980.0,4090.0,4090.0,3501240
2020-10-13,4090.0,4090.0,3980.0,4030.0000000000005,4030.0000000000005,1499084
2020-10-14,4030.0000000000005,4030.0000000000005,3920.0,3980.0,3980.0,1989040
2020-10-15,3980.0,4030.0000000000005,3860.0,3920.0,3920.0,3974140
2020-10-16,3920.0,3980.0,3860.0,3980.0,3980.0,1893018
2020-10-19,3920.0,3980.0,3860.0,3920.0,3920.0,1062730
2020-10-20,3860.0,4200.0,3860.0,4090.0,4090.0,5258420
2020-10-21,4090.0,4090.0,3980.0,3980.0,3980.0,2048777
2020-10-22,3980.0,4030.0000000000005,3920.0,3980.0,3980.0,2105458
2020-10-23,3980.0,4030.0000000000005,3920.0,3920.0,3920.0,1623195
2020-10-26,3980.0,3980.0,3860.0,3860.0,3860.0,3131161
2020-10-27,3920.0,3920.0,3810.0,3860.0,3860.0,2025436
2020-10-28,3860.0,3860.0,3690.0,3750.0,3750.0,4756468
2020-10-29,3690.0,3750.0,3650.0,3750.0,3750.0,1464157
2020-10-30,3750.0,3810.0,3690.0,3750.0,3750.0,1930559
2020-11-02,3750.0,3810.0,3690.0,3810.0,3810.0,863102
2020-11-03,3810.0,3810.0,3750.0,3810.0,3810.0,495815
2020-11-04,3810.0,3860.0,3750.0,3860.0,3860.0,1126430
2020-11-05,3810.0,3860.0,3750.0,3810.0,3810.0,565391
2020-11-06,3810.0,3810.0,3750.0,3810.0,3810.0,343543
2020-11-09,3750.0,3810.0,3750.0,3810.0,3810.0,1310802
2020-11-10,3860.0,3980.0,3860.0,3860.0,3860.0,3801896
2020-11-11,3920.0,3980.0,3860.0,3920.0,3920.0,1570100
2020-11-12,3920.0,3980.0,3860.0,3920.0,3920.0,1310114
2020-11-13,3920.0,3920.0,3860.0,3920.0,3920.0,892833
2020-11-16,3920.0,3980.0,3860.0,3920.0,3920.0,2962290
2020-11-17,3920.0,4150.0,3860.0,4090.0,4090.0,8674213
2020-11-18,4090.0,4150.0,4030.0000000000005,4090.0,4090.0,2984935
2020-11-19,4150.0,4200.0,4030.0000000000005,4200.0,4200.0,5252775
2020-11-20,4150.0,4200.0,4030.0000000000005,4090.0,4090.0,3019325
2020-11-23,4090.0,4370.0,4090.0,4310.0,4310.0,8121022
2020-11-24,4310.0,4370.0,4200.0,4260.0,4260.0,4229615
2020-11-25,4260.0,4480.0,4200.0,4260.0,4260.0,9083886
2020-11-26,4200.0,4260.0,4030.0000000000005,4090.0,4090.0,10002358
2020-11-27,4090.0,4150.0,3980.0,4090.0,4090.0,4693479
2020-11-30,4090.0,4150.0,3980.0,3980.0,3980.0,4074703
2020-12-01,3980.0,4030.0000000000005,3920.0,4030.0000000000005,4030.0000000000005,5688963
2020-12-02,4030.0000000000005,4030.0000000000005,3920.0,4030.0000000000005,4030.0000000000005,2232331
2020-12-03,4030.0000000000005,4150.0,3980.0,4150.0,4150.0,6252340
2020-12-04,4150.0,4260.0,4090.0,4260.0,4260.0,7960116
2020-12-07,4260.0,4370.0,4200.0,4370.0,4370.0,7180209
2020-12-08,4370.0,4430.0,4260.0,4370.0,4370.0,8878659
2020-12-09,4370.0,4710.0,4310.0,4590.0,4590.0,17235475
2020-12-10,4540.0,4710.0,4480.0,4540.0,4540.0,7131723
2020-12-11,4590.0,4710.0,4540.0,4650.0,4650.0,4038169
2020-12-14,4650.0,4930.0,4590.0,4930.0,4930.0,10783932
2020-12-15,4880.0,4930.0,4760.0,4820.0,4820.0,9902449
2020-12-16,4880.0,4880.0,4760.0,4820.0,4820.0,4972727
2020-12-17,4880.0,5050.0,4760.0,4930.0,4930.0,8479552
2020-12-18,4930.0,5260.0,4930.0,5150.0,5150.0,6193985
2020-12-21,5210.0,5660.0,5150.0,5490.0,5490.0,13838077
2020-12-22,5430.0,5490.0,5330.0,5490.0,5490.0,9212372
2020-12-23,5430.0,5550.0,5150.0,5380.0,5380.0,10337045
2020-12-24,5380.0,5430.0,4930.0,5260.0,5260.0,13122063
2020-12-25,5210.0,5380.0,5100.0,5380.0,5380.0,6838210
2020-12-28,5330.0,5830.0,5260.0,5720.0,5720.0,14331021
2020-12-29,5720.0,5830.0,5550.0,5660.0,5660.0,9118460
2020-12-30,5760.0,5880.0,5550.0,5660.0,5660.0,5232078
2020-12-31,5600.0,5660.0,5430.0,5550.0,5550.0,6573192
2021-01-04,5600.0,5760.0,5550.0,5720.0,5720.0,7327963
2021-01-05,5660.0,5660.0,5550.0,5600.0,5600.0,7046670
2021-01-06,5660.0,5990.0,5660.0,5830.0,5830.0,11445066
2021-01-07,5880.0,6110.0,5760.0,6110.0,6110.0,14177972
2021-01-08,6110.0,6440.0,5990.0,6390.0,6390.0,9549600
2021-01-11,6270.0,7000.0,6270.0,6950.0,6950.0,12659475
2021-01-12,6830.0,7060.0,6720.0,7060.0,7060.0,13531973
2021-01-13,7060.0,7290.0,6890.0,6950.0,6950.0,10981725
2021-01-14,6950.0,7060.0,6830.0,7000.0,7000.0,7764465
2021-01-15,7000.0,7170.0,6950.0,7060.0,7060.0,8071271
2021-01-18,6950.0,7060.0,6790.0,6890.0,6890.0,9417963
2021-01-19,6830.0,6950.0,5880.0,6330.0,6330.0,16635014
2021-01-20,6330.0,6660.0,5940.0,6610.0,6610.0,11321449
2021-01-21,6610.0,6890.0,6610.0,6790.0,6790.0,6412479
2021-01-22,6790.0,6830.0,6610.0,6660.0,6660.0,7802673
2021-01-25,6560.0,6610.0,6390.0,6440.0,6440.0,7422897
2021-01-26,6500.0,6500.0,5940.0,6170.0,6170.0,11771731
2021-01-27,6170.0,6170.0,5600.0,5720.0,5720.0,9153198
2021-01-28,4980.0,5720.0,4980.0,4980.0,4980.0,10026116
2021-01-29,4760.0,5600.0,4370.0,5380.0,5380.0,9888607
2021-02-01,5430.0,5430.0,4820.0,5050.0,5050.0,5935717
2021-02-02,4980.0,5380.0,4980.0,5330.0,5330.0,5362720
2021-02-03,5380.0,5940.0,5380.0,5940.0,5940.0,10952394
2021-02-04,5940.0,6220.0,5940.0,6110.0,6110.0,9136085
2021-02-05,6170.0,6270.0,6050.0,6170.0,6170.0,6674009
2021-02-08,6170.0,6390.0,5990.0,6170.0,6170.0,13854621
2021-02-09,6170.0,6390.0,6170.0,6390.0,6390.0,8729550
2021-02-17,6170.0,6950.0,6170.0,6890.0,6890.0,18919893
2021-02-18,7060.0,7290.0,6830.0,6950.0,6950.0,23100408
2021-02-19,6830.0,6950.0,6660.0,6790.0,6790.0,17605273
2021-02-22,6790.0,6890.0,6660.0,6830.0,6830.0,10700535
2021-02-23,6830.0,7120.0,6830.0,7000.0,7000.0,16061241
2021-02-24,7000.0,7000.0,6660.0,6790.0,6790.0,16698138
2021-02-25,6890.0,7000.0,6790.0,6950.0,6950.0,10129231
2021-02-26,6830.0,6950.0,6720.0,6890.0,6890.0,10974313
2021-03-01,6890.0,7850.0,6890.0,7790.0,7790.0,36722839
2021-03-02,7730.0,8010.0,7620.0,7790.0,7790.0,18355410
2021-03-03,7730.0,8010.0,7620.0,7850.0,7850.0,11209504
2021-03-04,7850.0,8740.0,7850.0,8690.0,8690.0,36627073
2021-03-05,8800.0,9130.0,8630.0,9020.0,9020.0,21472009
2021-03-08,9240.0,9580.0,9130.0,9180.0,9180.0,19098050
2021-03-09,9180.0,9180.0,8630.0,8740.0,8740.0,27603028
2021-03-10,8970.0,9080.0,8630.0,9020.0,9020.0,14478519
2021-03-11,9080.0,9410.0,9020.0,9410.0,9410.0,11431367
2021-03-12,9410.0,9580.0,9180.0,9240.0,9240.0,10640691
2021-03-15,9350.0,9350.0,9020.0,9180.0,9180.0,9718374
2021-03-16,9080.0,9130.0,8800.0,8970.0,8970.0,13177348
2021-03-17,8970.0,9310.0,8850.0,9240.0,9240.0,11290073
2021-03-18,9180.0,9310.0,9020.0,9180.0,9180.0,8308217
2021-03-19,9130.0,9470.0,8630.0,9350.0,9350.0,23500478
2021-03-22,9410.0,9750.0,9350.0,9410.0,9410.0,13731597
2021-03-23,9410.0,9470.0,9130.0,9350.0,9350.0,9933405
2021-03-24,9180.0,9240.0,8850.0,9180.0,9180.0,19977235
2021-03-25,9240.0,9310.0,9020.0,9180.0,9180.0,9565052
2021-03-26,9130.0,9180.0,8740.0,9130.0,9130.0,16013626
2021-03-29,9310.0,9640.0,9180.0,9310.0,9310.0,13492479
2021-03-30,9310.0,9410.0,9130.0,9240.0,9240.0,9998441
2021-03-31,9240.0,9920.0,9080.0,9920.0,9920.0,34894731
2021-04-01,9920.0,10140.0,9700.0,10090.0,10090.0,16827977
2021-04-02,10090.0,10250.0,9920.0,9970.0,9970.0,9083120
2021-04-05,10030.0,10250.0,9800.0,10090.0,10090.0,18835225
2021-04-06,9970.0,10250.0,9860.0,10200.0,10200.0,17500602
2021-04-07,10250.0,10310.0,10090.0,10140.0,10140.0,8862516
2021-04-08,10200.0,10200.0,9860.0,9970.0,9970.0,18329217
2021-04-09,9970.0,10030.0,9800.0,9970.0,9970.0,7036024
2021-04-12,9920.0,10030.0,9750.0,9800.0,9800.0,13360095
2021-04-13,9860.0,9860.0,8690.0,9350.0,9350.0,26002911
2021-04-14,9410.0,9700.0,9180.0,9580.0,9580.0,10298424
2021-04-15,9750.0,9920.0,9410.0,9410.0,9410.0,10301929
2021-04-16,9470.0,9580.0,9080.0,9410.0,9410.0,13482380
2021-04-19,9180.0,9470.0,9020.0,9180.0,9180.0,8130447
2021-04-20,9300.0,9470.0,9130.0,9300.0,9300.0,8723713
2021-04-22,9300.0,9300.0,8400.0,8400.0,8400.0,17696796
2021-04-23,8400.0,8790.0,8280.0,8680.0,8680.0,10953456
2021-04-26,8730.0,8850.0,8280.0,8400.0,8400.0,7200762
2021-04-27,8460.0,8460.0,7780.0,7890.0,7890.0,11163774
2021-04-28,8109.999999999999,8230.0,7780.0,8060.000000000001,8060.000000000001,7262971
2021-04-29,8109.999999999999,8560.0,8060.000000000001,8280.0,8280.0,9375715
2021-05-04,8230.0,8230.0,7940.0,8060.000000000001,8060.000000000001,6982006
2021-05-05,8109.999999999999,9240.0,8109.999999999999,9020.0,9020.0,19535101
2021-05-06,8850.0,9130.0,8630.0,8680.0,8680.0,10341147
2021-05-07,8630.0,8730.0,8280.0,8400.0,8400.0,12270722
2021-05-10,8400.0,8730.0,8280.0,8630.0,8630.0,10258054
2021-05-11,8560.0,8960.0,8510.0,8680.0,8680.0,10832496
2021-05-12,8730.0,9080.0,8680.0,8960.0,8960.0,16830519
2021-05-13,9020.0,9180.0,8730.0,8790.0,8790.0,12815711
2021-05-14,8730.0,8850.0,8630.0,8730.0,8730.0,10333479
2021-05-17,8790.0,9020.0,8560.0,8630.0,8630.0,10037598
2021-05-18,8630.0,8850.0,8230.0,8730.0,8730.0,13695968
2021-05-19,8680.0,8730.0,8400.0,8510.0,8510.0,7008893
2021-05-20,8460.0,8510.0,8170.0,8230.0,8230.0,13157000
2021-05-21,8230.0,8680.0,8010.0,8460.0,8460.0,18819897
2021-05-24,8460.0,8730.0,8460.0,8680.0,8680.0,8519629
2021-05-25,8730.0,9020.0,8730.0,8850.0,8850.0,15444891
2021-05-26,8900.0,8900.0,8560.0,8730.0,8730.0,11107893
2021-05-27,8680.0,8790.0,8340.0,8510.0,8510.0,10566261
2021-05-28,8510.0,8960.0,8510.0,8850.0,8850.0,21871299
2021-05-31,8850.0,9800.0,8680.0,9700.0,9700.0,35549063
2021-06-01,9750.0,10090.0,9700.0,9930.0,9930.0,20891459
2021-06-02,9800.0,10370.0,9800.0,10320.0,10320.0,27536059
2021-06-03,10420.0,10710.0,10140.0,10320.0,10320.0,25587696
2021-06-04,10320.0,11830.0,10140.0,11500.0,11500.0,41879253
2021-06-07,11500.0,11950.0,10990.0,11440.0,11440.0,25999830
2021-06-08,11210.0,11500.0,9970.0,10370.0,10370.0,35669577
2021-06-09,10370.0,11160.0,10200.0,10880.0,10880.0,30048456
2021-06-10,10880.0,10880.0,10260.0,10370.0,10370.0,14815488
2021-06-11,10420.0,11050.0,10370.0,10880.0,10880.0,20012447
2021-06-14,10880.0,11670.0,10880.0,11440.0,11440.0,27610276
2021-06-15,11380.0,11780.0,11210.0,11270.0,11270.0,20854554
2021-06-16,11550.0,12280.0,11440.0,11830.0,11830.0,31312487
2021-06-17,11830.0,12170.0,11270.0,12010.0,12010.0,21339344
2021-06-18,12010.0,12010.0,11500.0,11830.0,11830.0,17241045
2021-06-21,11830.0,12280.0,11720.0,12010.0,12010.0,17878165
2021-06-22,12170.0,12510.0,12060.0,12120.0,12120.0,18246648
2021-06-23,12230.0,12280.0,11720.0,11890.0,11890.0,22867429
2021-06-24,12010.0,12120.0,11720.0,11780.0,11780.0,12252536
2021-06-25,11780.0,12060.0,11670.0,12060.0,12060.0,13379643
2021-06-28,12060.0,12460.0,12060.0,12170.0,12170.0,13999174
2021-06-29,12170.0,12170.0,11830.0,12010.0,12010.0,18230381
2021-06-30,11950.0,12170.0,11830.0,11830.0,11830.0,13852403
2021-07-01,11830.0,11950.0,11270.0,11720.0,11720.0,29389541
2021-07-02,11830.0,12120.0,11670.0,11780.0,11780.0,12621285
2021-07-05,11780.0,11830.0,11160.0,11330.0,11330.0,19732053
2021-07-06,11440.0,11670.0,10480.0,10650.0,10650.0,20809112
2021-07-07,10650.0,10760.0,10200.0,10590.0,10590.0,20331111
2021-07-08,10420.0,10650.0,10200.0,10320.0,10320.0,10051596
2021-07-09,10320.0,10320.0,9580.0,9750.0,9750.0,18088810
2021-07-12,9860.0,9970.0,9020.0,9520.0,9520.0,21145739
2021-07-13,9520.0,10090.0,9300.0,10090.0,10090.0,13615318
2021-07-14,10240.0,10300.0,9780.0,10070.0,10070.0,11168800
2021-07-15,9900.0,10300.0,9780.0,10120.0,10120.0,10283400
2021-07-16,10240.0,10460.0,10010.0,10240.0,10240.0,10717100
2021-07-19,10120.0,10120.0,9330.0,9550.0,9550.0,16535000
2021-07-20,9150.0,9670.0,9150.0,9670.0,9670.0,11655500
2021-07-21,9670.0,9780.0,9440.0,9610.0,9610.0,5266800
2021-07-22,9610.0,10180.0,9610.0,10120.0,10120.0,10271000
2021-07-23,10120.0,10180.0,9840.0,9840.0,9840.0,6978100
2021-07-26,9840.0,10120.0,9730.0,10070.0,10070.0,8129600
2021-07-27,10070.0,10810.0,10070.0,10700.0,10700.0,24535900
2021-07-28,10870.0,10980.0,10640.0,10760.0,10760.0,11909700
2021-07-29,10810.0,11040.0,10640.0,11040.0,11040.0,10698600
2021-07-30,11100.0,11100.0,10810.0,10920.0,10920.0,9711500
2021-08-02,10920.0,11270.0,10700.0,10980.0,10980.0,14551600
2021-08-03,10870.0,11040.0,10580.0,10920.0,10920.0,17417500
2021-08-04,10810.0,11330.0,10760.0,11160.0,11160.0,15036400
2021-08-05,10870.0,11210.0,10870.0,11210.0,11210.0,9373200
2021-08-06,11210.0,11440.0,11100.0,11100.0,11100.0,12924300
2021-08-09,10870.0,11210.0,10870.0,11100.0,11100.0,17337400
2021-08-10,11160.0,11840.0,11040.0,11730.0,11730.0,28069600
2021-08-11,11730.0,11890.0,11500.0,11500.0,11500.0,11299700
2021-08-12,11550.0,11620.0,11210.0,11270.0,11270.0,16624600
2021-08-13,11210.0,11210.0,10530.0,10980.0,10980.0,39598400
2021-08-16,10810.0,11160.0,10810.0,10980.0,10980.0,10664900
2021-08-17,10980.0,11330.0,10870.0,11210.0,11210.0,10467500
2021-08-18,11100.0,11210.0,10980.0,11100.0,11100.0,8366900
2021-08-19,11040.0,11100.0,10870.0,10920.0,10920.0,10600800
2021-08-20,10870.0,10920.0,9730.0,10180.0,10180.0,27065100
2021-08-23,10070.0,10240.0,9730.0,9780.0,9780.0,15013300
2021-08-24,9840.0,10180.0,9780.0,10070.0,10070.0,8757000
2021-08-25,10070.0,10180.0,9960.0,10120.0,10120.0,5852300
2021-08-26,10180.0,10180.0,9900.0,9960.0,9960.0,6926800
2021-08-27,9960.0,10120.0,9730.0,10070.0,10070.0,7815600
2021-08-30,10120.0,10360.0,10120.0,10240.0,10240.0,3991500
2021-08-31,10410.0,10640.0,10360.0,10530.0,10530.0,8334100
2021-09-01,10530.0,10530.0,10360.0,10460.0,10460.0,6095600
2021-09-06,10460.0,10760.0,10300.0,10640.0,10640.0,9648500
2021-09-07,10580.0,10700.0,10300.0,10360.0,10360.0,7183200
2021-09-08,10360.0,10410.0,10070.0,10120.0,10120.0,7987800
2021-09-09,10120.0,10410.0,10120.0,10360.0,10360.0,5800200
2021-09-10,10360.0,10410.0,10180.0,10300.0,10300.0,4722300
2021-09-13,10300.0,10700.0,10300.0,10580.0,10580.0,13939400
2021-09-14,10580.0,10760.0,10410.0,10460.0,10460.0,6576700
2021-09-15,10530.0,11100.0,10360.0,10980.0,10980.0,18401000
2021-09-16,11100.0,11160.0,10810.0,10920.0,10920.0,7105100
2021-09-17,10920.0,10980.0,10810.0,10870.0,10870.0,7942600
2021-09-20,10870.0,10920.0,10410.0,10410.0,10410.0,16794100
2021-09-21,10640.0,10640.0,10070.0,10530.0,10530.0,11182600
2021-09-22,10530.0,10810.0,10360.0,10640.0,10640.0,7887400
2021-09-23,10700.0,10870.0,10530.0,10640.0,10640.0,7706400
2021-09-24,10700.0,10920.0,10530.0,10700.0,10700.0,9217800
2021-09-27,10760.0,11040.0,10580.0,10580.0,10580.0,14106900
2021-09-28,10760.0,11550.0,10580.0,11380.0,11380.0,29680600
2021-09-29,11380.0,11380.0,11100.0,11210.0,11210.0,10818700
2021-09-30,11210.0,11550.0,11100.0,11330.0,11330.0,13541300
2021-10-01,11330.0,11670.0,11160.0,11550.0,11550.0,22386300
2021-10-04,11730.0,12250.0,11550.0,11790.0,11790.0,23409700
2021-10-05,11840.0,12300.0,11840.0,12130.0,12130.0,16258400
2021-10-06,12250.0,12300.0,11960.0,12130.0,12130.0,12573600
2021-10-07,12130.0,12130.0,11670.0,11730.0,11730.0,19129900
2021-10-08,11730.0,12130.0,11730.0,12130.0,12130.0,14092000
2021-10-11,12130.0,12640.0,12130.0,12470.0,12470.0,14632600
2021-10-12,12470.0,13100.0,12350.0,12980.0,12980.0,24714700
2021-10-13,12980.0,13050.0,12760.0,12930.0,12930.0,11761900
2021-10-14,12810.0,13160.0,12810.0,12980.0,12980.0,8388100
2021-10-15,12980.0,13270.0,12930.0,13160.0,13160.0,13716200
2021-10-18,13440.0,13900.0,13270.0,13620.0,13620.0,18067600
2021-10-19,13550.0,13620.0,13330.0,13550.0,13550.0,10398000
2021-10-20,13500.0,13780.0,13160.0,13440.0,13440.0,14553900
2021-10-21,13440.0,13670.0,13210.0,13390.0,13390.0,12020400
2021-10-22,13330.0,13440.0,13050.0,13210.0,13210.0,16945900
2021-10-25,13390.0,13620.0,13210.0,13270.0,13270.0,10003300
2021-10-26,13330.0,13440.0,13100.0,13390.0,13390.0,8601400
2021-10-27,13440.0,14240.0,13440.0,14130.0,14130.0,19568200
2021-10-28,14020.0,14070.0,13780.0,13960.0,13960.0,11805600
2021-10-29,13960.0,14240.0,13900.0,14180.0,14180.0,12285900
2021-11-01,14130.0,14590.0,13730.0,14020.0,14020.0,13341400
2021-11-02,14180.0,14530.0,13900.0,14410.0,14410.0,12790100
2021-11-03,14410.0,14480.0,13780.0,13850.0,13850.0,12644700
2021-11-04,13440.0,13730.0,13440.0,13620.0,13620.0,14302300
2021-11-05,13730.0,13960.0,13500.0,13850.0,13850.0,11857400
2021-11-08,13960.0,14130.0,13780.0,13960.0,13960.0,7258700
2021-11-09,14070.0,14070.0,13730.0,13960.0,13960.0,11835600
2021-11-10,14070.0,14760.0,14020.0,14590.0,14590.0,20416600
2021-11-11,14870.0,14870.0,14070.0,14180.0,14180.0,11514800
2021-11-12,14300.0,14300.0,13900.0,14130.0,14130.0,11569500
2021-11-15,14070.0,14130.0,13620.0,13780.0,13780.0,20731300
2021-11-16,13730.0,14020.0,13730.0,13850.0,13850.0,8256000
2021-11-17,13850.0,14130.0,13620.0,13960.0,13960.0,11796900
2021-11-18,13730.0,13780.0,13160.0,13210.0,13210.0,23380600
2021-11-19,13210.0,13210.0,12070.0,12410.0,12410.0,32111700
2021-11-22,12350.0,12350.0,11620.0,11730.0,11730.0,14182900
2021-11-23,11890.0,12530.0,11730.0,12410.0,12410.0,7447200
2021-11-24,12530.0,12810.0,12300.0,12470.0,12470.0,8988400
2021-11-25,12530.0,12760.0,12470.0,12590.0,12590.0,7803500
2021-11-26,12590.0,12590.0,11960.0,12070.0,12070.0,13383100
2021-11-29,11730.0,11890.0,11210.0,11840.0,11840.0,14098100
2021-11-30,11890.0,12410.0,11840.0,12010.0,12010.0,10672600
2021-12-01,11840.0,12300.0,11730.0,12250.0,12250.0,6928100
2021-12-02,12070.0,12470.0,11890.0,12250.0,12250.0,7570900
2021-12-03,12250.0,12410.0,11840.0,11890.0,11890.0,7297300
2021-12-06,11890.0,12070.0,11500.0,11670.0,11670.0,8291900
2021-12-07,11730.0,12470.0,11730.0,12410.0,12410.0,11964600
2021-12-08,12470.0,12760.0,12300.0,12350.0,12350.0,6158000
2021-12-09,12350.0,12810.0,12250.0,12640.0,12640.0,8098300
2021-12-10,12590.0,12590.0,12300.0,12350.0,12350.0,6574900
2021-12-13,12700.0,12700.0,12350.0,12640.0,12640.0,6239000
2021-12-14,12590.0,12590.0,12300.0,12410.0,12410.0,6366400
2021-12-15,12410.0,12470.0,12130.0,12190.0,12190.0,7168300
2021-12-16,12300.0,12640.0,12250.0,12640.0,12640.0,6886800
2021-12-17,12590.0,13050.0,12590.0,12870.0,12870.0,11632500
2021-12-20,12760.0,12760.0,12350.0,12410.0,12410.0,7905700
2021-12-21,12350.0,12700.0,12300.0,12530.0,12530.0,5681300
2021-12-22,12590.0,12870.0,12410.0,12530.0,12530.0,6063500
2021-12-23,12590.0,13390.0,12410.0,13100.0,13100.0,21644900
2021-12-24,13160.0,13390.0,12980.0,13160.0,13160.0,7181700
2021-12-27,13160.0,13670.0,13160.0,13330.0,13330.0,8005200
2021-12-28,13500.0,13670.0,13330.0,13330.0,13330.0,11825000
2021-12-29,13500.0,13620.0,13210.0,13330.0,13330.0,7579400
2021-12-30,13440.0,13620.0,13270.0,13330.0,13330.0,6304200
2021-12-31,13440.0,13500.0,13050.0,13210.0,13210.0,7984700
2022-01-04,13210.0,13780.0,13160.0,13730.0,13730.0,15554700
2022-01-05,13730.0,14020.0,13550.0,13670.0,13670.0,9968300
2022-01-06,13670.0,13960.0,13440.0,13780.0,13780.0,12957900
2022-01-07,14020.0,14130.0,13780.0,13900.0,13900.0,10552800
2022-01-10,13960.0,13960.0,13270.0,13270.0,13270.0,12993200
2022-01-11,13440.0,13440.0,13050.0,13160.0,13160.0,7800900
2022-01-12,13210.0,13900.0,13210.0,13620.0,13620.0,11892700
2022-01-13,13620.0,13960.0,13160.0,13390.0,13390.0,9548500
2022-01-14,13390.0,13500.0,13100.0,13270.0,13270.0,6120700
2022-01-17,13390.0,13850.0,13160.0,13210.0,13210.0,10907500
2022-01-18,13440.0,13670.0,13100.0,13440.0,13440.0,9612000
2022-01-19,13550.0,13900.0,13390.0,13390.0,13390.0,6713900
2022-01-20,13550.0,13620.0,13270.0,13620.0,13620.0,5310500
2022-01-21,13620.0,14530.0,13440.0,14300.0,14300.0,31995100
2022-01-24,14020.0,14480.0,13900.0,14070.0,14070.0,11110100
2022-01-25,14070.0,14410.0,13730.0,14300.0,14300.0,10519400
2022-01-26,14300.0,14760.0,14300.0,14530.0,14530.0,11672300
2022-01-27,14700.0,14990.0,14480.0,14590.0,14590.0,9222400
2022-01-28,14590.0,14810.0,13780.0,14020.0,14020.0,19953400
2022-02-07,14870.0,15620.0,14410.0,15440.0,15440.0,18635200
2022-02-08,15440.0,15440.0,15100.0,15160.0,15160.0,8355400
2022-02-09,15210.0,15440.0,14930.0,15100.0,15100.0,10014200
2022-02-10,15160.0,15670.0,15100.0,15620.0,15620.0,14872300
2022-02-11,15620.0,16070.0,15500.0,15560.0,15560.0,16050100
2022-02-14,16020.0,16190.000000000002,15670.0,15730.0,15730.0,16641400
2022-02-15,15730.0,15850.0,15210.0,15330.0,15330.0,16438400
2022-02-16,15160.0,15210.0,14760.0,15100.0,15100.0,19904000
2022-02-17,15100.0,15210.0,14870.0,15100.0,15100.0,6490400
2022-02-18,15100.0,15160.0,14810.0,15100.0,15100.0,7395300
2022-02-21,16190.000000000002,16190.000000000002,14990.0,15050.0,15050.0,9779900
2022-02-22,15280.0,15440.0,15100.0,15330.0,15330.0,12285000
2022-02-23,15330.0,16300.0,15210.0,15960.0,15960.0,23697300
2022-02-24,15960.0,16820.0,15670.0,16300.0,16300.0,24651800
2022-02-25,16530.0,16530.0,15670.0,15730.0,15730.0,14182500
2022-02-28,15960.0,16190.000000000002,15730.0,16020.0,16020.0,13517000
2022-03-01,16190.000000000002,16190.000000000002,15730.0,15960.0,15960.0,11801500
2022-03-02,16190.000000000002,16820.0,16190.000000000002,16370.000000000002,16370.000000000002,14739500
2022-03-03,16370.000000000002,16650.0,16020.0,16250.0,16250.0,15276700
2022-03-04,16129.999999999998,16300.0,15850.0,15910.0,15910.0,10993100
2022-03-07,16530.0,17100.0,16250.0,16870.0,16870.0,23416600
2022-03-08,16870.0,16870.0,16129.999999999998,16250.0,16250.0,13648600
2022-03-09,16420.0,16930.0,16190.000000000002,16650.0,16650.0,14683500
2022-03-10,16370.000000000002,16420.0,15440.0,16300.0,16300.0,14675100
2022-03-11,16870.0,16870.0,15620.0,15790.0,15790.0,14701900
2022-03-14,15790.0,15910.0,14700.0,14760.0,14760.0,23001700
2022-03-15,14760.0,14810.0,14240.0,14700.0,14700.0,12125300
2022-03-16,14640.0,14810.0,14480.0,14810.0,14810.0,5337700
2022-03-17,14810.0,14870.0,14480.0,14640.0,14640.0,5253400
2022-03-18,14810.0,15210.0,14810.0,15100.0,15100.0,7199600
2022-03-21,15160.0,15330.0,14990.0,15330.0,15330.0,7016800
2022-03-22,15330.0,15670.0,15330.0,15440.0,15440.0,6218800
2022-03-23,15560.0,15560.0,15210.0,15330.0,15330.0,6803900
2022-03-24,15500.0,15670.0,15390.0,15440.0,15440.0,4239900
2022-03-25,15440.0,15440.0,15210.0,15280.0,15280.0,4410600
2022-03-28,15280.0,15440.0,15100.0,15440.0,15440.0,7068500
2022-03-29,15210.0,15560.0,15160.0,15440.0,15440.0,6306300
2022-03-30,15390.0,15500.0,15050.0,15210.0,15210.0,7107800
2022-03-31,15210.0,15280.0,14870.0,14930.0,14930.0,4697900
2022-04-01,14930.0,15050.0,14640.0,14870.0,14870.0,5757600
2022-04-04,14870.0,15210.0,14870.0,14990.0,14990.0,4509900
2022-04-05,15160.0,15500.0,15100.0,15330.0,15330.0,7338400
2022-04-06,15330.0,15330.0,15100.0,15330.0,15330.0,3565000
2022-04-07,15280.0,15620.0,15050.0,15440.0,15440.0,8189700
2022-04-08,15440.0,15440.0,15050.0,15100.0,15100.0,5899700
2022-04-12,15100.0,15100.0,14300.0,14410.0,14410.0,7464100
2022-04-13,14590.0,14760.0,14300.0,14700.0,14700.0,3971800
2022-04-14,14810.0,14930.0,14590.0,14760.0,14760.0,2529000
2022-04-15,14870.0,15050.0,14700.0,14760.0,14760.0,4614300
2022-04-18,14760.0,14990.0,14410.0,14480.0,14480.0,5389000
2022-04-19,14480.0,14810.0,14300.0,14530.0,14530.0,4969700
2022-04-20,14590.0,14590.0,13100.0,13390.0,13390.0,11862900
2022-04-21,13730.0,13730.0,12070.0,12640.0,12640.0,9744200
2022-04-22,12810.0,13270.0,11890.0,12760.0,12760.0,8564600
2022-04-25,12760.0,12870.0,11210.0,11330.0,11330.0,7869100
2022-04-26,11960.0,12870.0,10760.0,12190.0,12190.0,9213000
2022-04-27,12300.0,12350.0,11890.0,12300.0,12300.0,4180900
2022-04-28,12300.0,12530.0,12130.0,12300.0,12300.0,3566100
2022-04-29,12190.0,12470.0,12190.0,12410.0,12410.0,4041800
2022-05-04,12410.0,12640.0,12300.0,12530.0,12530.0,4911800
2022-05-05,12760.0,12980.0,12300.0,12530.0,12530.0,7161300
2022-05-06,12590.0,12590.0,12130.0,12300.0,12300.0,4438200
2022-05-09,12350.0,12350.0,11330.0,11550.0,11550.0,7239400
2022-05-10,10010.0,11840.0,10010.0,11790.0,11790.0,5691400
2022-05-11,11790.0,11960.0,11620.0,11730.0,11730.0,1610700
2022-05-12,11730.0,11960.0,10870.0,10980.0,10980.0,4563700
2022-05-13,10980.0,11330.0,10360.0,10580.0,10580.0,8616200
2022-05-16,10580.0,11620.0,10580.0,11040.0,11040.0,4069100
2022-05-17,11330.0,12250.0,11160.0,12130.0,12130.0,9360100
2022-05-18,12130.0,12640.0,12070.0,12410.0,12410.0,7879000
2022-05-19,12250.0,13270.0,11840.0,13050.0,13050.0,12396700
2022-05-20,13050.0,13730.0,12930.0,13390.0,13390.0,9878200
2022-05-23,13390.0,14020.0,13160.0,13780.0,13780.0,10448600
2022-05-24,13730.0,13780.0,12980.0,13670.0,13670.0,14089000
2022-05-25,13440.0,14300.0,13440.0,14240.0,14240.0,10362400
2022-05-26,14070.0,14300.0,13440.0,13620.0,13620.0,8259500
2022-05-27,13780.0,14020.0,13440.0,13670.0,13670.0,7950000
2022-05-30,13850.0,14590.0,13730.0,14180.0,14180.0,11407800
2022-05-31,14360.0,15560.0,14180.0,15210.0,15210.0,22263500
2022-06-01,15160.0,15910.0,14810.0,15790.0,15790.0,15605700
2022-06-02,15560.0,16370.000000000002,15440.0,15500.0,15500.0,18680900
2022-06-03,15440.0,16129.999999999998,15440.0,15850.0,15850.0,16941100
2022-06-06,15730.0,17960.0,15730.0,17390.0,17390.0,38286700
2022-06-07,17450.0,18250.0,16700.0,18140.0,18140.0,27576100
2022-06-08,18080.0,18590.0,17560.0,17850.0,17850.0,13749200
2022-06-09,18190.0,18710.0,17960.0,18410.0,18410.0,18250400
2022-06-10,18300.0,18590.0,17100.0,17330.0,17330.0,32658100
2022-06-13,17100.0,17560.0,16300.0,16590.0,16590.0,28097100
2022-06-14,16470.0,18300.0,16470.0,18250.0,18250.0,22792100
2022-06-15,18250.0,18250.0,17450.0,17910.0,17910.0,22516400
2022-06-16,17730.0,19170.0,17620.0,18410.0,18410.0,26577500
2022-06-17,18190.0,18820.0,17790.0,18710.0,18710.0,19989300
2022-06-20,17910.0,18080.0,16870.0,17330.0,17330.0,26729400
2022-06-21,17100.0,17790.0,15440.0,16020.0,16020.0,23857600
2022-06-22,16020.0,16300.0,14590.0,14640.0,14640.0,27406000
2022-06-23,14590.0,16370.000000000002,14410.0,15960.0,15960.0,15226400
2022-06-24,16020.0,16370.000000000002,15790.0,16020.0,16020.0,8622200
2022-06-27,16020.0,16870.0,16020.0,16420.0,16420.0,12240500
2022-06-28,16590.0,17390.0,16590.0,17050.0,17050.0,12310400
2022-06-29,17160.0,17160.0,16129.999999999998,16420.0,16420.0,12027700
2022-06-30,16420.0,16760.0,16020.0,16300.0,16300.0,8087100
2022-07-01,16020.0,16070.0,14930.0,15730.0,15730.0,19214600
2022-07-04,15790.0,16190.000000000002,15500.0,15620.0,15620.0,6517400
2022-07-05,15730.0,16250.0,14810.0,14870.0,14870.0,15092800
2022-07-06,13850.0,14590.0,13050.0,13100.0,13100.0,33947200
2022-07-07,12590.0,13160.0,12350.0,12870.0,12870.0,11633800
2022-07-08,12870.0,13730.0,12870.0,13440.0,13440.0,6529800
2022-07-11,13440.0,13440.0,12640.0,12870.0,12870.0,9413000
2022-07-12,12870.0,13550.0,12530.0,13440.0,13440.0,9765200
2022-07-13,13160.0,13160.0,12300.0,12930.0,12930.0,8486000
2022-07-14,12870.0,13390.0,12760.0,13210.0,13210.0,8124100
2022-07-15,13160.0,13330.0,12930.0,13050.0,13050.0,8021100
2022-07-18,13160.0,13620.0,13050.0,13500.0,13500.0,8098500
2022-07-19,13550.0,14130.0,13500.0,13780.0,13780.0,12555400
2022-07-20,14130.0,14240.0,13730.0,14130.0,14130.0,12717500
2022-07-21,14020.0,14360.0,13730.0,14180.0,14180.0,12333600
2022-07-22,14180.0,14700.0,14070.0,14300.0,14300.0,14887300
2022-07-25,14300.0,14300.0,13620.0,13780.0,13780.0,10001000
2022-07-26,13960.0,14710.0,13960.0,14070.0,14070.0,16867100
2022-07-27,14140.0,14190.0,13900.0,14190.0,14190.0,3757400
2022-07-28,14360.0,14650.0,14310.0,14360.0,14360.0,9982600
2022-07-29,14420.0,14480.0,14070.0,14190.0,14190.0,10215200
2022-08-01,14310.0,14360.0,13730.0,14140.0,14140.0,14743800
2022-08-02,14020.0,14310.0,13730.0,14140.0,14140.0,6989000
2022-08-03,14190.0,14420.0,13900.0,14310.0,14310.0,7028200
2022-08-04,14250.0,14360.0,14020.0,14070.0,14070.0,9985500
2022-08-05,13900.0,14540.0,13730.0,14190.0,14190.0,14661500
2022-08-08,14070.0,14590.0,14070.0,14480.0,14480.0,9678400
2022-08-09,14480.0,14770.0,14360.0,14420.0,14420.0,6056200
2022-08-10,14480.0,14710.0,14360.0,14480.0,14480.0,9519100
2022-08-11,14590.0,15000.0,14480.0,14650.0,14650.0,14998300
2022-08-12,14770.0,14890.0,14590.0,14820.0,14820.0,6793800
2022-08-15,14820.0,14950.0,14650.0,14770.0,14770.0,6840400
2022-08-16,14770.0,14770.0,14250.0,14420.0,14420.0,12500000
2022-08-17,14420.0,14420.0,13960.0,14020.0,14020.0,13207300
2022-08-18,14020.0,14310.0,13960.0,14070.0,14070.0,5713200
2022-08-19,14250.0,14590.0,14190.0,14310.0,14310.0,7566400
2022-08-22,14250.0,14360.0,13960.0,14020.0,14020.0,5984300
2022-08-23,14020.0,14650.0,14020.0,14650.0,14650.0,16435400
2022-08-24,14650.0,15120.0,14650.0,15060.0,15060.0,15985800
2022-08-25,15000.0,15350.0,14950.0,15060.0,15060.0,7617400
2022-08-26,15060.0,15060.0,14710.0,14820.0,14820.0,9986500
2022-08-29,14710.0,15180.0,14360.0,15120.0,15120.0,17647200
2022-08-30,15290.0,15460.0,14950.0,15120.0,15120.0,9482900
2022-08-31,15000.0,15000.0,14710.0,14890.0,14890.0,9186400
2022-09-05,14820.0,14950.0,14590.0,14950.0,14950.0,6875700
2022-09-06,14950.0,15120.0,14710.0,14770.0,14770.0,4879900
2022-09-07,14710.0,14710.0,13730.0,14020.0,14020.0,19706900
2022-09-08,14070.0,14070.0,13780.0,13850.0,13850.0,9956300
2022-09-09,13780.0,14250.0,13780.0,14190.0,14190.0,6491300
2022-09-12,14190.0,14420.0,14020.0,14070.0,14070.0,5112100
2022-09-13,14070.0,14190.0,13850.0,14070.0,14070.0,4333700
2022-09-14,13960.0,13960.0,13380.0,13900.0,13900.0,8103000
2022-09-15,13900.0,14070.0,13780.0,14020.0,14020.0,3099400
2022-09-16,13900.0,13900.0,13500.0,13610.0,13610.0,7381800
2022-09-19,13610.0,13670.0,12860.0,12920.0,12920.0,9431000
2022-09-20,13210.0,13210.0,12680.0,13090.0,13090.0,5779000
2022-09-21,13030.0,13150.0,12800.0,13150.0,13150.0,3538400
2022-09-22,12920.0,13030.0,12630.0,13030.0,13030.0,5914200
2022-09-23,13090.0,13670.0,12970.0,13210.0,13210.0,8658900
2022-09-26,13150.0,13150.0,12460.0,12680.0,12680.0,8053100
2022-09-27,12680.0,12800.0,12400.0,12510.0,12510.0,4738500
2022-09-28,12510.0,12570.0,11640.0,11820.0,11820.0,8244200
2022-09-29,11990.0,12400.0,11640.0,11760.0,11760.0,5253800
2022-09-30,11760.0,12160.0,11120.0,11640.0,11640.0,7401600
2022-10-03,11470.0,11820.0,10950.0,11000.0,11000.0,5642100
2022-10-04,11120.0,11640.0,11060.0,11180.0,11180.0,6898900
2022-10-05,11470.0,11760.0,11360.0,11640.0,11640.0,6792300
2022-10-06,11820.0,12110.0,11360.0,11590.0,11590.0,8085500
2022-10-07,11360.0,11700.0,10770.0,11180.0,11180.0,7880600
2022-10-10,11180.0,11820.0,11180.0,11820.0,11820.0,6653500
2022-10-11,11700.0,11990.0,11120.0,11180.0,11180.0,9803600
2022-10-12,11360.0,11820.0,11180.0,11520.0,11520.0,4826900
2022-10-13,11590.0,11590.0,11180.0,11410.0,11410.0,4903100
2022-10-14,11410.0,11760.0,11410.0,11640.0,11640.0,7295500
2022-10-17,11590.0,11870.0,11290.0,11760.0,11760.0,6164800
2022-10-18,11820.0,11990.0,11640.0,11640.0,11640.0,4796700
2022-10-19,11590.0,12280.0,11520.0,12050.0,12050.0,10421900
2022-10-20,11990.0,12160.0,11820.0,11930.0,11930.0,3677400
2022-10-21,11930.0,12110.0,10770.0,11000.0,11000.0,12776800
2022-10-24,11060.0,11290.0,9730.0,9910.0,9910.0,9825700
2022-10-25,10080.0,10720.0,9440.0,10250.0,10250.0,9027900
2022-10-26,10250.0,10480.0,9910.0,10080.0,10080.0,2642900
2022-10-27,10080.0,10590.0,10080.0,10590.0,10590.0,4761300
2022-10-28,10660.0,10830.0,10310.0,10370.0,10370.0,5709200
2022-10-31,10480.0,10540.0,9910.0,10250.0,10250.0,4470200
2022-11-01,10310.0,10420.0,10190.0,10310.0,10310.0,2924300
2022-11-02,10420.0,10590.0,10250.0,10480.0,10480.0,5102900
2022-11-03,10480.0,10480.0,10250.0,10310.0,10310.0,2635800
2022-11-04,10370.0,10370.0,9730.0,9960.0,9960.0,6743800
2022-11-07,10080.0,10190.0,9790.0,9790.0,9790.0,4348700
2022-11-08,9960.0,10020.0,9670.0,10020.0,10020.0,4584200
2022-11-09,9850.0,10020.0,9850.0,10020.0,10020.0,3334000
2022-11-10,9850.0,9960.0,8570.0,8860.0,8860.0,10477300
2022-11-11,9100.0,9440.0,8570.0,8690.0,8690.0,5997100
2022-11-14,8860.0,8860.0,7650.0,7650.0,7650.0,11557600
2022-11-15,7880.0,7880.0,6660.0,6660.0,6660.0,9251300
2022-11-16,5730.0,7420.0,5730.0,7070.0,7070.0,23020400
2022-11-17,7130.0,7290.0,6890.0,7290.0,7290.0,6348400
2022-11-18,7470.0,7650.0,6780.0,7470.0,7470.0,14686700
2022-11-21,7470.0,7590.0,7290.0,7420.0,7420.0,5533600
2022-11-22,7360.0,8510.0,7290.0,8060.000000000001,8060.000000000001,12731200
2022-11-23,8109.999999999999,8230.0,7590.0,7590.0,7590.0,5409800
2022-11-24,7590.0,7760.0,7130.0,7590.0,7590.0,8425800
2022-11-25,7590.0,7880.0,7470.0,7820.0,7820.0,5034100
2022-11-28,7700.0,8230.0,7650.0,8230.0,8230.0,7798600
2022-11-29,8170.0,8510.0,7880.0,8400.0,8400.0,10538300
2022-11-30,8570.0,8570.0,8280.0,8570.0,8570.0,6998500
2022-12-01,8570.0,8980.0,8280.0,8340.0,8340.0,12541500
2022-12-02,8400.0,9210.0,8109.999999999999,9100.0,9100.0,19332300
2022-12-05,9100.0,9380.0,8980.0,9150.0,9150.0,7815300
2022-12-06,9100.0,9100.0,8280.0,8340.0,8340.0,16528000
2022-12-07,8280.0,8400.0,8060.000000000001,8230.0,8230.0,10521900
2022-12-08,8230.0,8630.0,8060.000000000001,8340.0,8340.0,7773400
2022-12-09,8400.0,8400.0,8060.000000000001,8170.0,8170.0,6305400
2022-12-12,8170.0,8460.0,8109.999999999999,8170.0,8170.0,8166800
2022-12-13,8170.0,8340.0,8060.000000000001,8280.0,8280.0,6206000
2022-12-14,8280.0,8690.0,8280.0,8570.0,8570.0,11034100
2022-12-15,8630.0,8920.0,8510.0,8630.0,8630.0,8774300
2022-12-16,8630.0,8630.0,8400.0,8570.0,8570.0,7004500
2022-12-19,8510.0,8740.0,8170.0,8230.0,8230.0,8663300
2022-12-20,8230.0,8340.0,7760.0,7930.0,7930.0,14509400
2022-12-21,7930.0,8060.000000000001,7470.0,7700.0,7700.0,9066100
2022-12-22,7700.0,7990.0,7590.0,7820.0,7820.0,3591900
2022-12-23,7650.0,8170.0,7650.0,7990.0,7990.0,10295500
2022-12-26,8170.0,8230.0,7650.0,7760.0,7760.0,5137000
2022-12-27,7820.0,7880.0,7700.0,7760.0,7760.0,1935700
2022-12-27,7760.0,7930.0,7590.0,7930.0,7930.0,4789000
2022-12-28,7930.0,7930.0,7760.0,7820.0,7820.0,3509700
2022-12-29,7820.0,7820.0,7650.0,7700.0,7700.0,2825100
2022-12-30,7760.0,7820.0,7590.0,7700.0,7700.0,2966000
2023-01-03,7700.0,8230.0,7700.0,8170.0,8170.0,9926300
2023-01-04,8170.0,8460.0,8060.000000000001,8280.0,8280.0,9389000
2023-01-05,8280.0,8340.0,8109.999999999999,8280.0,8280.0,7182400
2023-01-06,8230.0,8630.0,8230.0,8460.0,8460.0,14042300
2023-01-09,8510.0,8630.0,8340.0,8460.0,8460.0,4826100
2023-01-10,8510.0,8510.0,8170.0,8400.0,8400.0,6998600
2023-01-11,8340.0,8510.0,8340.0,8400.0,8400.0,4516200
2023-01-12,8400.0,8690.0,8400.0,8690.0,8690.0,12390800
2023-01-13,8690.0,8860.0,8510.0,8690.0,8690.0,7587000
2023-01-16,8690.0,8740.0,8460.0,8510.0,8510.0,5529600
2023-01-17,8510.0,8690.0,8510.0,8630.0,8630.0,6169700
2023-01-18,8630.0,9150.0,8630.0,9100.0,9100.0,17575900
2023-01-19,8980.0,9330.0,8920.0,9270.0,9270.0,10460700
2023-01-27,9440.0,10140.0,9380.0,9850.0,9850.0,13978500
2023-01-30,9910.0,10020.0,9620.0,9670.0,9670.0,12305600
2023-01-31,9730.0,9850.0,9500.0,9790.0,9790.0,10483400
2023-02-01,9850.0,10080.0,9270.0,9380.0,9380.0,13585200
2023-02-02,9380.0,9500.0,9100.0,9380.0,9380.0,11032500
2023-02-03,9380.0,9380.0,9150.0,9330.0,9330.0,4730100
2023-02-06,9270.0,9330.0,9030.0,9330.0,9330.0,5413000
2023-02-07,9330.0,9550.0,9210.0,9270.0,9270.0,8163400
2023-02-08,9440.0,9440.0,9150.0,9330.0,9330.0,4948700
2023-02-09,9330.0,9850.0,9270.0,9620.0,9620.0,18074300
2023-02-10,9670.0,9730.0,9380.0,9440.0,9440.0,5213300
2023-02-13,9550.0,9550.0,8860.0,9150.0,9150.0,12696400
2023-02-14,9100.0,9270.0,8860.0,9030.0,9030.0,4989600
2023-02-15,9030.0,9210.0,8860.0,9150.0,9150.0,4234300
2023-02-16,9150.0,9620.0,9100.0,9620.0,9620.0,11288900
2023-02-17,9620.0,9620.0,9380.0,9500.0,9500.0,4482400
2023-02-20,9440.0,9910.0,9380.0,9910.0,9910.0,12289200
2023-02-21,9960.0,10020.0,9730.0,9790.0,9790.0,10977900
2023-02-22,9730.0,10250.0,9500.0,9620.0,9620.0,21077800
2023-02-23,9550.0,9730.0,9330.0,9670.0,9670.0,11372600
2023-02-24,9620.0,9730.0,9270.0,9380.0,9380.0,6972800
2023-02-27,9150.0,9380.0,8980.0,9030.0,9030.0,8113100
2023-02-28,9030.0,9270.0,9030.0,9100.0,9100.0,3606000
2023-03-01,9100.0,9440.0,8980.0,9380.0,9380.0,5415900
2023-03-02,9440.0,9440.0,9210.0,9330.0,9330.0,3000200
2023-03-03,9330.0,9670.0,9330.0,9380.0,9380.0,7450000
2023-03-06,9440.0,9620.0,9330.0,9550.0,9550.0,4215400
2023-03-07,9550.0,9730.0,9500.0,9670.0,9670.0,4998900
2023-03-08,9550.0,9730.0,9440.0,9670.0,9670.0,7265000
2023-03-09,9620.0,9790.0,9620.0,9730.0,9730.0,5504800
2023-03-10,9670.0,9670.0,9440.0,9500.0,9500.0,6575900
2023-03-13,9380.0,9440.0,9270.0,9330.0,9330.0,5718900
2023-03-14,9330.0,9330.0,9030.0,9030.0,9030.0,7228000
2023-03-15,9150.0,9440.0,9100.0,9380.0,9380.0,7727500
2023-03-16,9270.0,9270.0,8980.0,9030.0,9030.0,8899600
2023-03-17,9100.0,9270.0,9030.0,9150.0,9150.0,3636800
2023-03-20,9150.0,9150.0,8570.0,8630.0,8630.0,10328800
2023-03-21,8740.0,8800.0,8400.0,8630.0,8630.0,6781600
2023-03-22,8630.0,8800.0,8630.0,8690.0,8690.0,3141100
2023-03-23,8740.0,8800.0,8630.0,8740.0,8740.0,2280200
2023-03-24,8690.0,8980.0,8690.0,8800.0,8800.0,5614400
2023-03-27,8860.0,8980.0,8860.0,8980.0,8980.0,2498900
2023-03-28,9030.0,9150.0,8980.0,8980.0,8980.0,3927900
2023-03-29,9100.0,9100.0,8860.0,8980.0,8980.0,2917700
2023-03-30,8980.0,9030.0,8800.0,8860.0,8860.0,4501400
2023-03-31,9030.0,9030.0,8800.0,8920.0,8920.0,4906400
2023-04-03,9030.0,9500.0,9030.0,9440.0,9440.0,14540300
2023-04-04,9550.0,9620.0,9380.0,9500.0,9500.0,5684700
2023-04-05,9500.0,9730.0,9380.0,9550.0,9550.0,9126200
2023-04-06,9620.0,9670.0,9330.0,9330.0,9330.0,7751800
2023-04-07,9330.0,9440.0,9210.0,9380.0,9380.0,5483400
2023-04-10,9380.0,9500.0,9270.0,9330.0,9330.0,5696900
2023-04-11,9270.0,9670.0,9270.0,9620.0,9620.0,14686500
2023-04-12,9620.0,9790.0,9550.0,9620.0,9620.0,5710200
2023-04-13,9670.0,10020.0,9670.0,9790.0,9790.0,18070700
2023-04-14,10020.0,10020.0,9440.0,9440.0,9440.0,7343500
2023-04-17,9500.0,9620.0,9380.0,9440.0,9440.0,4859800
2023-04-18,9440.0,9550.0,9330.0,9500.0,9500.0,3914800
2023-04-19,9550.0,9550.0,9330.0,9380.0,9380.0,4176200
2023-04-20,9380.0,9380.0,9210.0,9270.0,9270.0,6514000
2023-04-21,9270.0,9270.0,9100.0,9150.0,9150.0,4344300
2023-04-24,9150.0,9210.0,8980.0,9100.0,9100.0,3598900
2023-04-25,9150.0,9210.0,9030.0,9150.0,9150.0,2842800
2023-04-26,9030.0,9330.0,9030.0,9270.0,9270.0,3224000
2023-04-27,9210.0,9330.0,9150.0,9210.0,9210.0,2443400
2023-04-28,9210.0,9330.0,9150.0,9270.0,9270.0,2837200
2023-05-04,9150.0,9210.0,9030.0,9150.0,9150.0,5766400
2023-05-05,9150.0,9210.0,9100.0,9210.0,9210.0,3728300
2023-05-08,9270.0,9500.0,9210.0,9440.0,9440.0,6157400
2023-05-09,9440.0,9670.0,9440.0,9500.0,9500.0,5938700
2023-05-10,9550.0,9550.0,9380.0,9440.0,9440.0,3993600
2023-05-11,9500.0,9670.0,9440.0,9550.0,9550.0,6197400
2023-05-12,9620.0,9620.0,9440.0,9620.0,9620.0,6238500
2023-05-15,9550.0,9730.0,9500.0,9620.0,9620.0,11646700
2023-05-16,9620.0,9790.0,9620.0,9620.0,9620.0,5673400
2023-05-17,9670.0,9730.0,9330.0,9380.0,9380.0,7291100
2023-05-18,9500.0,9500.0,9330.0,9380.0,9380.0,4515700
2023-05-19,9440.0,9730.0,9440.0,9550.0,9550.0,10036400
2023-05-22,9670.0,9790.0,9550.0,9670.0,9670.0,5635700
2023-05-23,9730.0,9730.0,9500.0,9620.0,9620.0,6926200
2023-05-24,9670.0,9730.0,9500.0,9550.0,9550.0,3761200
2023-05-25,9550.0,9670.0,9440.0,9620.0,9620.0,5497400
2023-05-26,9620.0,10080.0,9500.0,9960.0,9960.0,22881000
2023-05-29,9960.0,10020.0,9850.0,9960.0,9960.0,6267700
2023-05-30,9960.0,10140.0,9910.0,10080.0,10080.0,12351700
2023-05-31,10080.0,10080.0,9850.0,9850.0,9850.0,9515300
2023-06-01,9850.0,9910.0,9730.0,9850.0,9850.0,9097400
2023-06-02,9850.0,10020.0,9790.0,9960.0,9960.0,11357100
2023-06-05,10020.0,10370.0,10020.0,10190.0,10190.0,14976600
2023-06-06,10190.0,10250.0,10020.0,10190.0,10190.0,8285900
2023-06-07,10190.0,10250.0,10080.0,10190.0,10190.0,8987700
2023-06-08,10190.0,10480.0,10020.0,10020.0,10020.0,14019300
2023-06-09,10080.0,10140.0,9850.0,10080.0,10080.0,10745500
2023-06-12,10080.0,10080.0,9790.0,9960.0,9960.0,7018100
2023-06-13,9850.0,10020.0,9790.0,10020.0,10020.0,6213600
2023-06-14,10020.0,10140.0,9910.0,9960.0,9960.0,8346200
2023-06-15,9910.0,10190.0,9910.0,10140.0,10140.0,8864500
2023-06-16,10140.0,10250.0,9960.0,10020.0,10020.0,9059000
2023-06-19,9910.0,10080.0,9910.0,9960.0,9960.0,4044100
2023-06-20,9960.0,10140.0,9910.0,10140.0,10140.0,6641100
2023-06-21,10140.0,10190.0,10020.0,10190.0,10190.0,10599600
2023-06-22,10190.0,10540.0,10190.0,10370.0,10370.0,15417600
2023-06-23,10310.0,10310.0,10080.0,10140.0,10140.0,11712500
2023-06-26,10140.0,10190.0,9960.0,10140.0,10140.0,8862600
2023-06-27,10140.0,10310.0,10080.0,10140.0,10140.0,7186200
2023-06-28,10190.0,10190.0,10020.0,10140.0,10140.0,6517200
2023-06-29,10140.0,10310.0,10020.0,10080.0,10080.0,8947400
2023-06-30,10080.0,10140.0,9960.0,10020.0,10020.0,6284200
2023-07-03,10020.0,10140.0,9960.0,10080.0,10080.0,3766100
2023-07-04,10080.0,10310.0,10020.0,10250.0,10250.0,10993700
2023-07-05,10250.0,10370.0,10140.0,10190.0,10190.0,5434300
2023-07-06,10250.0,10310.0,9960.0,10080.0,10080.0,8462000
2023-07-07,10140.0,10140.0,9960.0,10140.0,10140.0,5783100
2023-07-10,10140.0,10540.0,10140.0,10480.0,10480.0,20619400
2023-07-11,10420.0,10540.0,10310.0,10420.0,10420.0,7637800
2023-07-12,10420.0,10590.0,10370.0,10540.0,10540.0,12299700
2023-07-13,10540.0,10830.0,10540.0,10660.0,10660.0,9424200
2023-07-14,10720.0,10770.0,10480.0,10540.0,10540.0,8638300
2023-07-17,10540.0,10590.0,10420.0,10590.0,10590.0,7129500
2023-07-18,10590.0,10660.0,10480.0,10540.0,10540.0,5184900
2023-07-19,10540.0,10660.0,10310.0,10370.0,10370.0,8499100
2023-07-20,10370.0,10540.0,10310.0,10480.0,10480.0,5494900
2023-07-21,10480.0,10540.0,10370.0,10540.0,10540.0,5515400
2023-07-24,10540.0,10720.0,10480.0,10720.0,10720.0,8978500
2023-07-25,10720.0,10890.0,10590.0,10660.0,10660.0,9059100
2023-07-26,10720.0,10720.0,10540.0,10590.0,10590.0,6451900
2023-07-27,10660.0,10720.0,10480.0,10660.0,10660.0,7545000
2023-07-28,10590.0,10830.0,10590.0,10770.0,10770.0,9772100
2023-07-31,10890.0,11410.0,10770.0,11360.0,11360.0,21686800
2023-08-01,11180.0,11590.0,11180.0,11230.0,11230.0,14059200
2023-08-02,11290.0,11990.0,11180.0,11760.0,11760.0,19080100
2023-08-03,11640.0,11930.0,11520.0,11640.0,11640.0,13079400
2023-08-04,11700.0,11870.0,11640.0,11820.0,11820.0,8212800
2023-08-07,11870.0,12110.0,11760.0,11870.0,11870.0,6995800
2023-08-08,11870.0,11990.0,11700.0,11820.0,11820.0,8122100
2023-08-09,11870.0,12050.0,11700.0,11870.0,11870.0,8032700
2023-08-10,11990.0,12220.0,11870.0,12050.0,12050.0,13464900
2023-08-11,12050.0,12280.0,11870.0,12050.0,12050.0,11036800
2023-08-14,12050.0,12110.0,11930.0,12050.0,12050.0,7126400
2023-08-15,12110.0,12160.0,11760.0,11930.0,11930.0,11719600
2023-08-16,11870.0,11930.0,11700.0,11700.0,11700.0,12191700
2023-08-17,11760.0,11760.0,11640.0,11700.0,11700.0,8273100
2023-08-18,11700.0,11760.0,10660.0,10890.0,10890.0,18078900
2023-08-21,11180.0,11180.0,10770.0,11120.0,11120.0,8259000
2023-08-22,11190.0,11240.0,10640.0,11130.0,11130.0,7178800
2023-08-23,11190.0,11190.0,11000.0,11000.0,11000.0,5441700
2023-08-24,11000.0,11130.0,10890.0,11130.0,11130.0,4932500
2023-08-25,11130.0,11310.0,11000.0,11190.0,11190.0,6692100
2023-08-28,11130.0,11490.0,11070.0,11420.0,11420.0,7399200
2023-08-29,11490.0,11670.0,11370.0,11610.0,11610.0,8244200
2023-08-30,11610.0,11730.0,11490.0,11670.0,11670.0,5926900
2023-08-31,11670.0,11790.0,11610.0,11790.0,11790.0,6861700
2023-09-05,11850.0,12150.0,11850.0,12090.0,12090.0,10250900
2023-09-06,12150.0,12450.0,12150.0,12450.0,12450.0,14870200
2023-09-07,12450.0,12570.0,12330.0,12450.0,12450.0,8675900
2023-09-08,12450.0,12930.0,12330.0,12870.0,12870.0,12895200
2023-09-11,12870.0,13170.0,12450.0,12510.0,12510.0,12967300
2023-09-12,12690.0,12870.0,12450.0,12870.0,12870.0,10103800
2023-09-13,12990.0,13530.0,12810.0,13350.0,13350.0,20255700
2023-09-14,13350.0,13470.0,12810.0,12930.0,12930.0,13367300
2023-09-15,13170.0,13650.0,13050.0,13290.0,13290.0,11402400
2023-09-18,13530.0,13530.0,12930.0,13110.0,13110.0,8865800
2023-09-19,13110.0,13230.0,12810.0,13170.0,13170.0,7289000
2023-09-20,13230.0,13230.0,12990.0,13110.0,13110.0,7643400
2023-09-21,13110.0,13350.0,12870.0,12870.0,12870.0,11002200
2023-09-22,12990.0,13050.0,12330.0,12570.0,12570.0,14913300
2023-09-25,12330.0,13050.0,12330.0,12750.0,12750.0,15504900
2023-09-26,12810.0,12810.0,12330.0,12390.0,12390.0,9515600
2023-09-27,12390.0,12990.0,12330.0,12990.0,12990.0,13196000
2023-09-28,12990.0,13470.0,12990.0,13470.0,13470.0,15845500
2023-09-29,13170.0,13410.0,12990.0,13110.0,13110.0,8850500
2023-10-02,13050.0,13170.0,12810.0,12990.0,12990.0,8264500
2023-10-03,12870.0,12870.0,12210.0,12390.0,12390.0,19953000
2023-10-04,12330.0,12570.0,12090.0,12450.0,12450.0,8569800
2023-10-05,12270.0,12270.0,11850.0,11970.0,11970.0,14260000
2023-10-06,11910.0,12030.0,11610.0,11970.0,11970.0,9789200
2023-10-09,12210.0,12510.0,12210.0,12390.0,12390.0,10607300
2023-10-10,12570.0,12690.0,12390.0,12450.0,12450.0,11108600
2023-10-11,12570.0,12990.0,12450.0,12810.0,12810.0,10691400
2023-10-12,12630.0,12750.0,12450.0,12570.0,12570.0,6984500
2023-10-13,12570.0,12870.0,12390.0,12750.0,12750.0,8072000
2023-10-16,13230.0,13230.0,12870.0,12930.0,12930.0,12555900
2023-10-17,13050.0,13050.0,12270.0,12510.0,12510.0,11428200
2023-10-18,12570.0,12690.0,12030.0,12450.0,12450.0,11902700
2023-10-19,12450.0,12510.0,11970.0,12150.0,12150.0,7201600
2023-10-20,12030.0,12510.0,12030.0,12450.0,12450.0,6492100
2023-10-23,12330.0,12510.0,11970.0,12210.0,12210.0,5232200
2023-10-24,12210.0,12270.0,11850.0,12090.0,12090.0,6975000
2023-10-25,11970.0,12090.0,11610.0,11670.0,11670.0,11343700
2023-10-26,11670.0,11790.0,10640.0,10890.0,10890.0,16616900
2023-10-27,10890.0,11190.0,10770.0,11190.0,11190.0,6782700
2023-10-30,11130.0,11190.0,10710.0,10710.0,10710.0,5292100
2023-10-31,10890.0,11000.0,10350.0,10460.0,10460.0,10406300
2023-11-01,10400.0,10890.0,10350.0,10820.0,10820.0,6999000
2023-11-02,10820.0,11310.0,10820.0,11240.0,11240.0,10617900
2023-11-03,11370.0,11370.0,11070.0,11190.0,11190.0,6802200
2023-11-06,11190.0,11240.0,11000.0,11190.0,11190.0,4932200
2023-11-07,11190.0,11550.0,11070.0,11190.0,11190.0,8803400
2023-11-08,11130.0,11610.0,11070.0,11550.0,11550.0,12954900
2023-11-09,11610.0,11610.0,11370.0,11490.0,11490.0,6936600
2023-11-10,11420.0,11490.0,11240.0,11240.0,11240.0,7611600
2023-11-13,11240.0,11490.0,11190.0,11420.0,11420.0,6090000
2023-11-14,11420.0,11670.0,11370.0,11550.0,11550.0,6252100
2023-11-15,11670.0,11790.0,11490.0,11610.0,11610.0,7030100
2023-11-16,11610.0,11670.0,11370.0,11670.0,11670.0,6887900
2023-11-17,11490.0,11610.0,11130.0,11190.0,11190.0,12437000
2023-11-20,11130.0,11240.0,11000.0,11240.0,11240.0,5285900
2023-11-21,11240.0,11550.0,11240.0,11550.0,11550.0,7578900
2023-11-22,11610.0,11610.0,11370.0,11550.0,11550.0,6450700
2023-11-23,11490.0,11730.0,11240.0,11310.0,11310.0,13352500
2023-11-24,11420.0,11490.0,11070.0,11420.0,11420.0,6832200
2023-11-27,11310.0,11420.0,11240.0,11240.0,11240.0,3428500
2023-11-28,11310.0,11420.0,11000.0,11190.0,11190.0,5131500
2023-11-29,11310.0,11490.0,11240.0,11420.0,11420.0,6430200
2023-11-30,11420.0,11550.0,11310.0,11310.0,11310.0,5576700
2023-12-01,11370.0,11420.0,11240.0,11420.0,11420.0,3483500
2023-12-04,11370.0,11730.0,11370.0,11610.0,11610.0,13306400
2023-12-05,11610.0,11850.0,11550.0,11610.0,11610.0,11247600
2023-12-06,11610.0,11730.0,11490.0,11670.0,11670.0,5508900
2023-12-07,11610.0,11670.0,11240.0,11370.0,11370.0,10653300
2023-12-08,11370.0,11420.0,11310.0,11420.0,11420.0,3872400
2023-12-11,11370.0,11490.0,11310.0,11420.0,11420.0,2798300
2023-12-12,11310.0,11490.0,11310.0,11490.0,11490.0,4329900
2023-12-13,11490.0,11490.0,11190.0,11240.0,11240.0,6432700
2023-12-14,11310.0,11370.0,11000.0,11070.0,11070.0,5150000
2023-12-15,11070.0,11190.0,11070.0,11130.0,11130.0,4156500
2023-12-18,11130.0,11190.0,10890.0,10950.0,10950.0,3251300
2023-12-19,11000.0,11070.0,10890.0,11070.0,11070.0,3003800
2023-12-20,11070.0,11190.0,11070.0,11190.0,11190.0,2453300
2023-12-21,11190.0,11190.0,11000.0,11130.0,11130.0,1729400
2023-12-22,11070.0,11190.0,11000.0,11000.0,11000.0,2754400
2023-12-25,11070.0,11240.0,11070.0,11190.0,11190.0,3105600
2023-12-26,11190.0,11240.0,11070.0,11190.0,11190.0,2392500
2023-12-27,11130.0,11310.0,11130.0,11190.0,11190.0,2136800
2023-12-28,11190.0,11190.0,11070.0,11130.0,11130.0,3092700
2023-12-29,11130.0,11190.0,11070.0,11190.0,11190.0,3244200
2024-01-02,11190.0,11370.0,11130.0,11190.0,11190.0,5237600
2024-01-03,11190.0,11240.0,11130.0,11240.0,11240.0,3452500
2024-01-04,11240.0,11420.0,11190.0,11310.0,11310.0,9766700
2024-01-05,11240.0,11490.0,11240.0,11370.0,11370.0,4181700
2024-01-08,11370.0,11490.0,11240.0,11310.0,11310.0,4130000
2024-01-09,11370.0,11370.0,11070.0,11070.0,11070.0,9343300
2024-01-10,11130.0,11190.0,10950.0,11070.0,11070.0,4958200
2024-01-11,11070.0,11130.0,10950.0,11130.0,11130.0,4675300
2024-01-12,11070.0,11190.0,10950.0,11070.0,11070.0,5928500
2024-01-15,11070.0,11130.0,11000.0,11070.0,11070.0,2204000
2024-01-16,11070.0,11070.0,10950.0,11070.0,11070.0,2556500
2024-01-17,11070.0,11130.0,10950.0,11070.0,11070.0,2949300
2024-01-18,11000.0,11240.0,11000.0,11190.0,11190.0,5248600
2024-01-19,11130.0,11310.0,11130.0,11240.0,11240.0,5227400
2024-01-22,11240.0,11310.0,11130.0,11310.0,11310.0,4195700
2024-01-23,11190.0,11370.0,11190.0,11310.0,11310.0,2501500
2024-01-24,11310.0,11420.0,11190.0,11370.0,11370.0,6576300
2024-01-25,11370.0,11420.0,11190.0,11310.0,11310.0,1944200
2024-01-26,11370.0,11490.0,11310.0,11420.0,11420.0,6685000
2024-01-29,11420.0,11550.0,11370.0,11490.0,11490.0,3549700
2024-01-30,11490.0,11490.0,11310.0,11490.0,11490.0,3446000
2024-01-31,11310.0,11550.0,11240.0,11240.0,11240.0,3982200
2024-02-01,11240.0,11310.0,11130.0,11190.0,11190.0,4431700
2024-02-02,11240.0,11240.0,11130.0,11190.0,11190.0,3055400
2024-02-05,11190.0,11240.0,11000.0,11130.0,11130.0,4433900
2024-02-06,11130.0,11190.0,11070.0,11190.0,11190.0,2856100
2024-02-07,11190.0,11240.0,11070.0,11190.0,11190.0,3537300
2024-02-15,11190.0,11420.0,11190.0,11310.0,11310.0,5429200
2024-02-16,11370.0,11420.0,11240.0,11370.0,11370.0,2715100
2024-02-19,11370.0,12030.0,11370.0,12030.0,12030.0,21845400
2024-02-20,12030.0,12090.0,11790.0,11850.0,11850.0,5246800
2024-02-21,11910.0,11910.0,11670.0,11790.0,11790.0,6042900
2024-02-22,11790.0,12030.0,11730.0,11850.0,11850.0,6403000
2024-02-23,11850.0,11850.0,11490.0,11610.0,11610.0,7893600
2024-02-26,11550.0,11670.0,11370.0,11550.0,11550.0,5724700
2024-02-27,11490.0,11970.0,11490.0,11850.0,11850.0,10914900
2024-02-28,11850.0,12330.0,11850.0,12150.0,12150.0,13625000
2024-02-29,12150.0,12210.0,11790.0,11970.0,11970.0,6273500
2024-03-01,12030.0,12030.0,11790.0,12030.0,12030.0,5345600
2024-03-04,12030.0,12210.0,11910.0,11970.0,11970.0,6285100
2024-03-05,12030.0,12030.0,11790.0,11970.0,11970.0,5001700
2024-03-06,11850.0,11970.0,11610.0,11790.0,11790.0,6553800
2024-03-07,11790.0,11910.0,11670.0,11910.0,11910.0,5121400
2024-03-08,11910.0,12030.0,11610.0,11670.0,11670.0,5834400
2024-03-11,11670.0,11730.0,11490.0,11550.0,11550.0,4051500
2024-03-12,11550.0,11610.0,11370.0,11370.0,11370.0,5845000
2024-03-13,11370.0,11610.0,11370.0,11610.0,11610.0,5971500
2024-03-14,11610.0,11790.0,11490.0,11670.0,11670.0,8184800
2024-03-15,11730.0,11790.0,11490.0,11670.0,11670.0,5263500
2024-03-18,11670.0,11670.0,11070.0,11310.0,11310.0,9550200
2024-03-19,11370.0,11420.0,11240.0,11420.0,11420.0,4396100
2024-03-20,11490.0,11550.0,11310.0,11550.0,11550.0,4701800
2024-03-21,11550.0,11610.0,11420.0,11550.0,11550.0,4756200
2024-03-22,11550.0,11610.0,11420.0,11610.0,11610.0,6756500
2024-03-25,11550.0,11790.0,11420.0,11550.0,11550.0,6290000
2024-03-26,11550.0,11670.0,11490.0,11670.0,11670.0,4405400
2024-03-27,11670.0,11790.0,11550.0,11670.0,11670.0,4565700
2024-03-28,11670.0,11670.0,11490.0,11670.0,11670.0,3693100
2024-03-29,11420.0,11730.0,11420.0,11610.0,11610.0,4765600
2024-04-01,11670.0,11670.0,11490.0,11610.0,11610.0,4872100
2024-04-02,11610.0,11850.0,11490.0,11850.0,11850.0,10262000
2024-04-03,11850.0,12150.0,11790.0,11910.0,11910.0,13633900
2024-04-04,11910.0,11970.0,11670.0,11670.0,11670.0,8098500
2024-04-05,11670.0,12270.0,11610.0,11970.0,11970.0,23944500
2024-04-08,11970.0,12030.0,11850.0,11910.0,11910.0,6592500
2024-04-09,11910.0,12030.0,11850.0,11970.0,11970.0,7990300
2024-04-10,11970.0,11970.0,11670.0,11730.0,11730.0,7410200
2024-04-11,11730.0,11850.0,11610.0,11850.0,11850.0,5177800
2024-04-12,11910.0,11910.0,11670.0,11850.0,11850.0,4703300
2024-04-15,11910.0,12150.0,11370.0,11370.0,11370.0,17180000
2024-04-16,11130.0,11550.0,11130.0,11550.0,11550.0,6975300
2024-04-17,11420.0,11490.0,11070.0,11190.0,11190.0,7500800
2024-04-19,11190.0,11370.0,10820.0,10820.0,10820.0,9487100
2024-04-22,10890.0,11070.0,10820.0,10950.0,10950.0,5162900
2024-04-23,10950.0,11130.0,10770.0,10890.0,10890.0,3397000
2024-04-24,10890.0,11070.0,10820.0,11000.0,11000.0,3828700
2024-04-25,11070.0,11070.0,10770.0,10950.0,10950.0,4491800
2024-04-26,10770.0,10950.0,10770.0,10890.0,10890.0,2647200
2024-05-02,10820.0,10890.0,10770.0,10890.0,10890.0,2828600
2024-05-03,10890.0,11000.0,10820.0,10950.0,10950.0,4105800
2024-05-06,10950.0,11370.0,10950.0,11310.0,11310.0,9200900
2024-05-07,11310.0,11490.0,11240.0,11370.0,11370.0,6107500
2024-05-08,11420.0,11730.0,11240.0,11610.0,11610.0,7563500
2024-05-09,11610.0,11670.0,11420.0,11490.0,11490.0,4064300
2024-05-10,11490.0,11550.0,11240.0,11420.0,11420.0,4967100
2024-05-13,11420.0,11490.0,11240.0,11310.0,11310.0,3653000
2024-05-14,11310.0,11550.0,11240.0,11420.0,11420.0,3394300
2024-05-15,11420.0,11490.0,11370.0,11420.0,11420.0,2928000
2024-05-16,11490.0,11850.0,11420.0,11730.0,11730.0,11629400
2024-05-17,11730.0,11850.0,11730.0,11790.0,11790.0,6801900
2024-05-20,11850.0,12150.0,11790.0,11970.0,11970.0,8478900
2024-05-21,11970.0,12030.0,11790.0,12030.0,12030.0,6687000
2024-05-22,12030.0,13230.0,12030.0,12990.0,12990.0,28915200
2024-05-23,13230.0,13830.0,12930.0,13530.0,13530.0,18961600
2024-05-24,13720.0,14070.0,13230.0,13590.0,13590.0,23000400
2024-05-27,13590.0,13830.0,13290.0,13590.0,13590.0,8215300
2024-05-28,13590.0,14070.0,13590.0,14010.0,14010.0,11739200
2024-05-29,14070.0,14500.0,13830.0,13890.0,13890.0,14750500
2024-05-30,13890.0,14010.0,13410.0,13830.0,13830.0,15805600
2024-05-31,13770.0,13830.0,13530.0,13720.0,13720.0,5050600
2024-06-03,13720.0,14070.0,13720.0,13890.0,13890.0,7135900
2024-06-04,13950.0,14320.0,13720.0,14010.0,14010.0,12934200
2024-06-05,14010.0,14140.0,13770.0,14010.0,14010.0,9313400
2024-06-06,14010.0,14610.0,14010.0,14250.0,14250.0,14447400
2024-06-07,14250.0,14500.0,14070.0,14250.0,14250.0,6484900
2024-06-10,14320.0,14430.0,14010.0,14070.0,14070.0,5941600
2024-06-11,14070.0,14250.0,13830.0,13950.0,13950.0,10518200
2024-06-12,13830.0,14010.0,13720.0,13950.0,13950.0,8480500
2024-06-13,14370.0,14370.0,13830.0,13950.0,13950.0,6044900
2024-06-14,13890.0,14250.0,13650.0,13720.0,13720.0,13423200
2024-06-17,13720.0,14010.0,13650.0,14010.0,14010.0,8476600
2024-06-18,14010.0,14740.0,13950.0,14610.0,14610.0,21639900
2024-06-19,14610.0,14790.0,14320.0,14670.0,14670.0,10816200
2024-06-20,14670.0,14980.0,14500.0,14740.0,14740.0,11154700
2024-06-21,14740.0,14920.0,14250.0,14500.0,14500.0,13331000
2024-06-24,14430.0,14430.0,13650.0,13830.0,13830.0,17713500
2024-06-25,13830.0,13890.0,13410.0,13720.0,13720.0,11492300
2024-06-26,13720.0,14010.0,13590.0,13890.0,13890.0,6283200
2024-06-27,13890.0,13890.0,13470.0,13590.0,13590.0,7537300
2024-06-28,13590.0,13650.0,12870.0,13050.0,13050.0,12862400
2024-07-01,13230.0,13290.0,12930.0,13290.0,13290.0,7743300
2024-07-02,13720.0,13720.0,13230.0,13350.0,13350.0,5525200
2024-07-03,13350.0,13470.0,13170.0,13290.0,13290.0,5597700
2024-07-04,13290.0,13830.0,13290.0,13720.0,13720.0,10829100
2024-07-05,13720.0,13770.0,13530.0,13720.0,13720.0,4597900
2024-07-08,13830.0,14010.0,13590.0,13950.0,13950.0,9556900
2024-07-09,14010.0,14430.0,13890.0,14370.0,14370.0,15110000
2024-07-10,14250.0,14610.0,14070.0,14190.0,14190.0,9971700
2024-07-11,14190.0,14370.0,13950.0,14070.0,14070.0,7681900
2024-07-12,14070.0,14430.0,14010.0,14370.0,14370.0,10655600
2024-07-15,14370.0,14670.0,14320.0,14560.0,14560.0,10294100
2024-07-16,14560.0,14610.0,14140.0,14190.0,14190.0,8646100
2024-07-17,14190.0,14250.0,13110.0,13590.0,13590.0,17207600
2024-07-18,13770.0,13950.0,13470.0,13830.0,13830.0,8286900
2024-07-19,13830.0,14010.0,13530.0,13650.0,13650.0,6815300
2024-07-22,13650.0,13770.0,13230.0,13350.0,13350.0,8673300
2024-07-23,13350.0,13470.0,12750.0,12810.0,12810.0,12586800
2024-07-24,12630.0,13050.0,12510.0,12930.0,12930.0,7430500
2024-07-25,12810.0,13290.0,12750.0,13050.0,13050.0,5263300
2024-07-26,12930.0,13290.0,12930.0,13230.0,13230.0,4204000
2024-07-29,13350.0,13410.0,13110.0,13230.0,13230.0,3351600
2024-07-30,12330.0,13230.0,12330.0,12990.0,12990.0,5909500
2024-07-31,13170.0,13950.0,12930.0,13720.0,13720.0,16415000
2024-08-01,13830.0,14010.0,13290.0,13470.0,13470.0,8709200
2024-08-02,13530.0,13530.0,13050.0,13470.0,13470.0,9195400
2024-08-05,12930.0,13720.0,12930.0,13050.0,13050.0,11915300
2024-08-06,13050.0,13410.0,13050.0,13350.0,13350.0,5424000
2024-08-07,13350.0,13770.0,13230.0,13650.0,13650.0,10932400
2024-08-08,13650.0,14010.0,13530.0,13770.0,13770.0,12462800
2024-08-09,13770.0,13950.0,13590.0,13950.0,13950.0,7841400
2024-08-12,13950.0,14320.0,13890.0,13950.0,13950.0,7646800
2024-08-13,14190.0,14500.0,13950.0,14140.0,14140.0,13729300
2024-08-14,14190.0,14190.0,13770.0,13890.0,13890.0,9088700
2024-08-15,13830.0,13950.0,13720.0,13770.0,13770.0,5419800
2024-08-16,13770.0,14610.0,13770.0,14500.0,14500.0,19049900
2024-08-19,14430.0,14920.0,14430.0,14500.0,14500.0,9761900
2024-08-20,14610.0,14610.0,14320.0,14500.0,14500.0,11814400
2024-08-21,14610.0,14850.0,14430.0,14610.0,14610.0,14964100
2024-08-22,14610.0,14790.0,14430.0,14610.0,14610.0,5826400
2024-08-23,14560.0,14560.0,14320.0,14430.0,14430.0,7061900
2024-08-26,14430.0,14670.0,14320.0,14370.0,14370.0,7874600
2024-08-27,14430.0,14610.0,14320.0,14610.0,14610.0,7652300
2024-08-28,14610.0,14740.0,14430.0,14500.0,14500.0,5744100
2024-08-29,14500.0,14560.0,14320.0,14370.0,14370.0,3463900
2024-08-30,14370.0,14500.0,14320.0,14370.0,14370.0,4110300
2024-09-04,14250.0,14370.0,14010.0,14010.0,14010.0,8177900
2024-09-05,14070.0,14190.0,13720.0,13890.0,13890.0,7487700
2024-09-06,14010.0,14010.0,13650.0,13890.0,13890.0,5169500
2024-09-09,13770.0,14140.0,13770.0,14070.0,14070.0,6411900
2024-09-10,14140.0,14190.0,13830.0,14010.0,14010.0,5456300
2024-09-11,13950.0,14010.0,13770.0,14010.0,14010.0,4869400
2024-09-12,14010.0,14070.0,13950.0,14070.0,14070.0,3588900
2024-09-13,14070.0,14140.0,13830.0,13950.0,13950.0,5162300
2024-09-16,13890.0,14010.0,13890.0,13950.0,13950.0,3620300
2024-09-17,13890.0,14320.0,13890.0,14250.0,14250.0,5266500
2024-09-18,14370.0,14370.0,14070.0,14190.0,14190.0,3775700
2024-09-19,14070.0,14140.0,14010.0,14140.0,14140.0,3578200
2024-09-20,14140.0,14560.0,14070.0,14370.0,14370.0,10809900
2024-09-23,14370.0,14560.0,14320.0,14370.0,14370.0,3369900
2024-09-24,14370.0,14500.0,14250.0,14430.0,14430.0,4833100
2024-09-25,14430.0,14610.0,14370.0,14500.0,14500.0,5813300
2024-09-26,14560.0,15210.0,14500.0,14920.0,14920.0,16138900
2024-09-27,14920.0,14980.0,14670.0,14740.0,14740.0,5805200
2024-09-30,14740.0,14790.0,14430.0,14500.0,14500.0,8012300
2024-10-01,14500.0,14670.0,14370.0,14430.0,14430.0,7453400
2024-10-02,13830.0,14790.0,13830.0,14610.0,14610.0,7430100
2024-10-03,14610.0,14670.0,14320.0,14370.0,14370.0,7257900
2024-10-04,14500.0,14670.0,14320.0,14430.0,14430.0,4952400
2024-10-07,14430.0,14610.0,14370.0,14610.0,14610.0,3205200
2024-10-08,14670.0,14850.0,14560.0,14670.0,14670.0,6341700
2024-10-09,14610.0,14670.0,14430.0,14610.0,14610.0,5393000
2024-10-10,14560.0,14670.0,14500.0,14610.0,14610.0,5690400
2024-10-11,14610.0,14850.0,14560.0,14670.0,14670.0,6883800
2024-10-14,14980.0,14980.0,14490.0,14610.0,14610.0,3508700
2024-10-15,14550.0,14550.0,14060.0,14120.0,14120.0,10711300
2024-10-16,14120.0,14240.0,13930.0,14060.0,14060.0,3775700
2024-10-17,13990.0,14120.0,13750.0,14060.0,14060.0,5610700
2024-10-18,14060.0,14120.0,13810.0,13930.0,13930.0,3171000
2024-10-21,14060.0,14060.0,13500.0,13560.0,13560.0,4486400
2024-10-22,13500.0,13680.0,13190.0,13190.0,13190.0,8774600
2024-10-23,13190.0,13500.0,13190.0,13310.0,13310.0,2258500
2024-10-24,13370.0,13500.0,13310.0,13370.0,13370.0,2657500
2024-10-25,13370.0,13440.0,13190.0,13250.0,13250.0,2674500
2024-10-28,13190.0,13250.0,13070.0,13250.0,13250.0,1963700
2024-10-29,13190.0,13310.0,13130.0,13310.0,13310.0,2223700
2024-10-30,13310.0,13440.0,13250.0,13310.0,13310.0,1483900
2024-10-31,13000.0,13190.0,12760.0,13130.0,13130.0,7028800
2024-11-01,13070.0,13130.0,12940.0,12940.0,12940.0,2179000
2024-11-04,12940.0,13070.0,12820.0,12940.0,12940.0,2237200
2024-11-05,12940.0,13000.0,12880.0,12940.0,12940.0,1390700
2024-11-06,13000.0,13250.0,12940.0,13250.0,13250.0,2356900
2024-11-07,13250.0,13310.0,13130.0,13190.0,13190.0,2074900
2024-11-08,13190.0,13250.0,13070.0,13130.0,13130.0,2146300
2024-11-11,13130.0,13130.0,12880.0,12940.0,12940.0,3231400
2024-11-12,12940.0,13000.0,12690.0,12760.0,12760.0,3193400
2024-11-13,12760.0,12760.0,12380.0,12450.0,12450.0,5541700
2024-11-14,12450.0,12510.0,12070.0,12070.0,12070.0,5667000
2024-11-15,12070.0,12140.0,11700.0,11700.0,11700.0,5002600
2024-11-18,11700.0,11890.0,11520.0,11760.0,11760.0,3415800
2024-11-19,11760.0,11890.0,11640.0,11760.0,11760.0,1658900
2024-11-20,11700.0,12010.0,11640.0,12010.0,12010.0,2916200
2024-11-21,12010.0,12010.0,11890.0,12010.0,12010.0,1565100
2024-11-22,11950.0,12140.0,11890.0,12010.0,12010.0,2554500
2024-11-25,12010.0,12070.0,11890.0,12070.0,12070.0,2062400
2024-11-26,12010.0,12200.0,12010.0,12140.0,12140.0,2362300
2024-11-27,12140.0,12140.0,11890.0,11950.0,11950.0,1698500
2024-11-28,11950.0,12320.0,11950.0,12140.0,12140.0,3191000
2024-11-29,12140.0,12200.0,12070.0,12200.0,12200.0,1415800
2024-12-02,12200.0,12200.0,12010.0,12010.0,12010.0,1269300
2024-12-03,12010.0,12070.0,11890.0,12010.0,12010.0,1750900
2024-12-04,11950.0,12140.0,11950.0,12070.0,12070.0,2700600
2024-12-05,12140.0,12450.0,11950.0,12380.0,12380.0,5601100
2024-12-06,12380.0,13000.0,12380.0,13000.0,13000.0,9391600
2024-12-09,13000.0,13250.0,13000.0,13130.0,13130.0,5700800
2024-12-10,13070.0,13250.0,13070.0,13190.0,13190.0,4508400
2024-12-11,13070.0,13250.0,13000.0,13190.0,13190.0,3654500
2024-12-12,13000.0,13440.0,13000.0,13310.0,13310.0,3279200
2024-12-13,13620.0,14180.0,13440.0,13930.0,13930.0,11393300
2024-12-16,13930.0,14120.0,13500.0,13620.0,13620.0,4409400
2024-12-17,13620.0,13680.0,13370.0,13500.0,13500.0,3028800
2024-12-18,13500.0,13870.0,13440.0,13810.0,13810.0,3647300
2024-12-19,13680.0,13810.0,12690.0,13680.0,13680.0,5528500
2024-12-20,13440.0,13870.0,13440.0,13870.0,13870.0,3574700
2024-12-23,13870.0,13990.0,13680.0,13810.0,13810.0,2962900
2024-12-24,13810.0,13870.0,13620.0,13810.0,13810.0,3080900
2024-12-25,13750.0,13930.0,13750.0,13870.0,13870.0,3002900
2024-12-26,13870.0,14240.0,13810.0,13990.0,13990.0,5204000
2024-12-27,14060.0,14120.0,13750.0,13810.0,13810.0,4178300
2024-12-30,13810.0,13990.0,13750.0,13930.0,13930.0,2542000
2024-12-31,13990.0,14240.0,13930.0,14120.0,14120.0,5588800
2025-01-02,14120.0,14240.0,13930.0,14060.0,14060.0,3330800
2025-01-03,13990.0,14060.0,13680.0,13680.0,13680.0,5022300
2025-01-06,14120.0,14120.0,13370.0,13560.0,13560.0,4679900
2025-01-17,13930.0,13930.0,13370.0,13370.0,13370.0,6048500
2025-01-20,13370.0,13410.0,13000.0,13030.0,13030.0,3740500
2025-01-21,13000.0,13000.0,12540.0,12540.0,12540.0,7428700
2025-01-22,12450.0,12790.0,12380.0,12720.0,12720.0,2778600
2025-01-23,12660.0,12850.0,12630.0,12690.0,12690.0,1806800
2025-01-24,12630.0,12660.0,12510.0,12570.0,12570.0,3056400
2025-02-03,12510.0,12820.0,12410.0,12820.0,12820.0,2031700
2025-02-04,12850.0,12940.0,12820.0,12910.0,12910.0,2203700
2025-02-05,12970.0,12970.0,12820.0,12850.0,12850.0,1347900
2025-02-06,12850.0,12880.0,12630.0,12690.0,12690.0,2052900
2025-02-07,12690.0,12790.0,12570.0,12600.0,12600.0,2531100
2025-02-10,12600.0,12760.0,12510.0,12630.0,12630.0,1935900
2025-02-11,12630.0,12660.0,12410.0,12510.0,12510.0,2865000
2025-02-12,12510.0,12570.0,12450.0,12480.0,12480.0,1897100
2025-02-13,12510.0,12510.0,12230.0,12290.0,12290.0,3536100
2025-02-14,12320.0,12630.0,12320.0,12450.0,12450.0,3058400
2025-02-17,12480.0,12510.0,12350.0,12450.0,12450.0,2239800
2025-02-18,12540.0,12540.0,12380.0,12410.0,12410.0,2036800
2025-02-19,12450.0,12690.0,12410.0,12630.0,12630.0,3247300
2025-02-20,12630.0,12690.0,12540.0,12540.0,12540.0,1976600
2025-02-21,12540.0,12570.0,12410.0,12480.0,12480.0,2438400
2025-02-24,12410.0,12480.0,12380.0,12480.0,12480.0,2102000
2025-02-25,12540.0,12690.0,12480.0,12660.0,12660.0,3729900
2025-02-26,12660.0,12690.0,12540.0,12540.0,12540.0,1829900
2025-02-27,12510.0,12540.0,12450.0,12540.0,12540.0,2230100
2025-02-28,12630.0,12850.0,12600.0,12660.0,12660.0,5278400
2025-03-03,12630.0,12790.0,12630.0,12760.0,12760.0,2318800
2025-03-04,12760.0,12760.0,12570.0,12600.0,12600.0,2516300
2025-03-05,12600.0,12630.0,12410.0,12410.0,12410.0,3299100
2025-03-06,12410.0,12480.0,12140.0,12260.0,12260.0,6588800
2025-03-07,12260.0,12410.0,12070.0,12320.0,12320.0,5028400
2025-03-10,12350.0,12380.0,12200.0,12230.0,12230.0,2631500
2025-03-11,12110.0,12140.0,11950.0,12040.0,12040.0,3959000
2025-03-12,12110.0,12230.0,12040.0,12140.0,12140.0,3052600
2025-03-13,12070.0,12170.0,11950.0,11950.0,11950.0,2867400
2025-03-14,11950.0,11950.0,11700.0,11730.0,11730.0,5312100
2025-03-17,11700.0,11980.0,11700.0,11950.0,11950.0,2542300
2025-03-18,12070.0,12540.0,12010.0,12320.0,12320.0,6490300
2025-03-19,12480.0,12480.0,12200.0,12200.0,12200.0,2793400
2025-03-20,12200.0,12230.0,12010.0,12140.0,12140.0,2607600
2025-03-21,12200.0,12260.0,12070.0,12070.0,12070.0,1742900
2025-03-24,12070.0,12070.0,11920.0,11980.0,11980.0,1620600
2025-03-25,12040.0,12170.0,12040.0,12040.0,12040.0,1209600
2025-03-26,12070.0,12290.0,12070.0,12170.0,12170.0,2317500
2025-03-27,12200.0,12230.0,12110.0,12110.0,12110.0,1064500
2025-03-28,12070.0,12170.0,11890.0,11890.0,11890.0,2373700
2025-03-31,11860.0,11890.0,11700.0,11730.0,11730.0,1939500
2025-04-01,11950.0,12140.0,11920.0,12040.0,12040.0,1355300
2025-04-02,12040.0,12070.0,11920.0,11980.0,11980.0,930900
2025-04-03,11420.0,11580.0,11150.0,11150.0,11150.0,5260700
2025-04-04,10370.0,10530.0,10370.0,10370.0,10370.0,9214800
2025-04-08,9660.0,9910.0,9660.0,9660.0,9660.0,2455400
2025-04-09,9010.0,9290.0,9010.0,9010.0,9010.0,9397200
2025-04-10,9630.0,9630.0,9630.0,9630.0,9630.0,774200
2025-04-11,9850.0,10030.0,9320.0,10000.0,10000.0,7790100
2025-04-14,10150.0,10400.0,9970.0,10310.0,10310.0,4016300
2025-04-15,10090.0,10220.0,9780.0,9880.0,9880.0,3762300
2025-04-16,9720.0,9880.0,9660.0,9660.0,9660.0,3041800
2025-04-17,9500.0,9750.0,9470.0,9750.0,9750.0,1632900
2025-04-18,9850.0,10000.0,9850.0,9880.0,9880.0,2226200
2025-04-21,9940.0,9940.0,9720.0,9720.0,9720.0,1404800
2025-04-22,9720.0,9720.0,9070.0,9290.0,9290.0,4805800
2025-04-23,9690.0,9690.0,9470.0,9540.0,9540.0,1322500
2025-04-24,9660.0,9880.0,9630.0,9720.0,9720.0,2114600
2025-04-25,9750.0,10120.0,9750.0,9940.0,9940.0,3496300
2025-04-28,9970.0,10000.0,9880.0,10000.0,10000.0,1454400
2025-04-29,10000.0,10000.0,9850.0,9940.0,9940.0,1618400
2025-05-05,9970.0,9970.0,9940.0,9970.0,9970.0,1917500
2025-05-06,10000.0,10340.0,10000.0,10220.0,10220.0,3387800
2025-05-07,10220.0,10930.0,10220.0,10930.0,10930.0,6780000
2025-05-08,11240.0,11330.0,11110.0,11110.0,11110.0,4449700
2025-05-09,11150.0,11300.0,11020.0,11150.0,11150.0,2778400
2025-05-12,11150.0,11270.0,11080.0,11240.0,11240.0,2232400
2025-05-13,11330.0,11360.0,11180.0,11240.0,11240.0,2752600
2025-05-14,11270.0,11330.0,11150.0,11240.0,11240.0,2463000
2025-05-15,11240.0,11270.0,10930.0,11150.0,11150.0,3842600
2025-05-16,11150.0,11150.0,10960.0,10990.0,10990.0,1973300
2025-05-19,10930.0,11110.0,10800.0,10800.0,10800.0,2202700
2025-05-20,10930.0,10930.0,10770.0,10800.0,10800.0,1203900
2025-05-21,10870.0,10870.0,10590.0,10650.0,10650.0,1938600
2025-05-22,10650.0,10960.0,10500.0,10740.0,10740.0,2682300
2025-05-23,10770.0,10960.0,10650.0,10870.0,10870.0,1408900
2025-05-26,10770.0,10960.0,10560.0,10900.0,10900.0,2324800
2025-05-27,10930.0,11020.0,10870.0,10930.0,10930.0,2104700
2025-05-28,11210.0,11420.0,11150.0,11240.0,11240.0,5641800
2025-05-29,11240.0,11300.0,10990.0,11020.0,11020.0,1826700
2025-05-30,10990.0,11180.0,10680.0,10710.0,10710.0,3287900
2025-06-02,10680.0,11110.0,10620.0,11080.0,11080.0,2988400
2025-06-03,11150.0,11240.0,10930.0,10960.0,10960.0,2333800
2025-06-04,11020.0,11300.0,10990.0,11110.0,11110.0,4249400
2025-06-05,11150.0,11300.0,11020.0,11110.0,11110.0,2957200
2025-06-06,11240.0,11330.0,11110.0,11110.0,11110.0,4842300
2025-06-09,11150.0,11210.0,10900.0,10900.0,10900.0,2082800
2025-06-10,10900.0,10990.0,10770.0,10770.0,10770.0,2283100
2025-06-11,10840.0,10870.0,10680.0,10740.0,10740.0,1905700
2025-06-12,10990.0,10990.0,10800.0,10870.0,10870.0,1840200
2025-06-13,11460.0,11460.0,11240.0,11460.0,11460.0,11032500
2025-06-16,11980.0,12110.0,11860.0,12070.0,12070.0,8794300
2025-06-17,12010.0,12010.0,11520.0,11760.0,11760.0,6322000
2025-06-18,11980.0,12010.0,11700.0,11800.0,11800.0,4575800
2025-06-19,11890.0,11890.0,11490.0,11640.0,11640.0,4256100
2025-06-20,11700.0,11730.0,11330.0,11390.0,11390.0,5142300
2025-06-23,12110.0,12110.0,11610.0,11640.0,11640.0,8895100
2025-06-24,11150.0,11330.0,11080.0,11080.0,11080.0,6976200
2025-06-25,11080.0,11150.0,10960.0,10990.0,10990.0,2817600
2025-06-26,11020.0,11050.0,10930.0,11020.0,11020.0,1736900
2025-06-27,11050.0,11080.0,10960.0,10990.0,10990.0,2901600
2025-06-30,10990.0,11050.0,10960.0,11050.0,11050.0,2506400
2025-07-01,11080.0,11080.0,10960.0,11020.0,11020.0,2097300
2025-07-02,11020.0,11020.0,10960.0,11020.0,11020.0,1582100
2025-07-03,11050.0,11210.0,11020.0,11050.0,11050.0,2634000
2025-07-04,11150.0,11270.0,11080.0,11110.0,11110.0,2620400
2025-07-07,11110.0,11210.0,11080.0,11110.0,11110.0,2587700
2025-07-08,11180.0,11330.0,11110.0,11300.0,11300.0,4963700
2025-07-09,11390.0,11390.0,11270.0,11300.0,11300.0,3821100
2025-07-10,11460.0,11700.0,11330.0,11610.0,11610.0,7589700
2025-07-11,11610.0,11640.0,11390.0,11420.0,11420.0,3709100
2025-07-14,11520.0,11520.0,11270.0,11460.0,11460.0,3948800
2025-07-15,11460.0,11640.0,11390.0,11420.0,11420.0,4977600
2025-07-16,11420.0,11520.0,11390.0,11490.0,11490.0,2810800
2025-07-17,11490.0,11610.0,11460.0,11550.0,11550.0,5032200
2025-07-18,11580.0,11920.0,11460.0,11760.0,11760.0,9333300
2025-07-21,11860.0,11860.0,11490.0,11520.0,11520.0,4266400
2025-07-22,11520.0,11520.0,11420.0,11520.0,11520.0,3602900
2025-07-23,11550.0,11760.0,11490.0,11550.0,11550.0,7295900
2025-07-24,11700.0,12010.0,11550.0,12010.0,12010.0,13897700
2025-07-25,12170.0,12510.0,12140.0,12260.0,12260.0,16043900
2025-07-28,12450.0,12450.0,12170.0,12260.0,12260.0,15242600
2025-07-29,12380.0,12880.0,12170.0,12320.0,12320.0,22081300
2025-07-30,12570.0,12630.0,12040.0,12170.0,12170.0,12999600
2025-07-31,12380.0,12630.0,12110.0,12630.0,12630.0,15233200
2025-08-01,13100.0,13310.0,12690.0,12820.0,12820.0,18694600
2025-08-04,12690.0,13030.0,12600.0,12690.0,12690.0,13157500
2025-08-05,12820.0,12940.0,12320.0,12630.0,12630.0,28020100
2025-08-06,12790.0,13500.0,12540.0,13500.0,13500.0,27534600
2025-08-07,13930.0,13930.0,13340.0,13560.0,13560.0,16099400
2025-08-08,13590.0,14150.0,13470.0,13930.0,13930.0,24581600
2025-08-11,14120.0,14120.0,13650.0,13720.0,13720.0,13861100
2025-08-12,13870.0,14210.0,13680.0,14210.0,14210.0,18173000
2025-08-13,14020.0,14330.0,13750.0,13930.0,13930.0,15379900
2025-08-14,14090.0,14120.0,13750.0,14090.0,14090.0,13986800
2025-08-15,14270.0,15050.0,14240.0,15050.0,15050.0,35202800
2025-08-18,16100.000000000002,16100.000000000002,16010.000000000002,16100.000000000002,16100.000000000002,11908600
2025-08-19,17210.0,17210.0,17210.0,17210.0,17210.0,6043300
2025-08-20,17710.0,18390.0,16590.0,18390.0,18390.0,60028200
2025-08-21,19470.0,19470.0,18300.0,18510.0,18510.0,17365800
2025-08-22,17830.0,18540.0,17240.0,17240.0,17240.0,37060600
2025-08-25,17400.0,17400.0,16070.0,16070.0,16070.0,26389500
2025-08-26,15820.0,17000.0,15820.0,17000.0,17000.0,13992500
2025-08-27,17150.0,17150.0,16379.999999999998,16410.0,16410.0,18944900
2025-08-28,16590.0,16900.0,16350.000000000002,16810.0,16810.0,8108700
2025-08-29,17030.0,17030.0,16410.0,16410.0,16410.0,16052800
2025-09-03,16660.0,17340.0,16470.0,17060.0,17060.0,11413500
2025-09-04,17240.0,17340.0,16810.0,16930.0,16930.0,10757100
2025-09-05,17090.0,17800.0,16810.0,16870.0,16870.0,16506400
2025-09-08,16780.0,17120.0,15760.0,15760.0,15760.0,15247000
2025-09-09,16070.0,16070.0,15480.0,16010.000000000002,16010.000000000002,7851200
2025-09-10,16320.0,17000.0,16040.0,16780.0,16780.0,14417400
2025-09-11,16840.0,16970.0,16280.000000000002,16720.0,16720.0,9568500
2025-09-12,16870.0,17340.0,16810.0,16840.0,16840.0,9618700
2025-09-15,17060.0,17520.0,16840.0,17400.0,17400.0,11859300
2025-09-16,17550.0,17550.0,16930.0,17000.0,17000.0,9655900
2025-09-17,16970.0,17280.0,16780.0,16780.0,16780.0,7380300
2025-09-18,16870.0,16900.0,16440.0,16630.0,16630.0,7072600
2025-09-19,16720.0,16720.0,16100.000000000002,16100.000000000002,16100.000000000002,5917800
2025-09-22,16219.999999999998,16590.0,15820.0,16590.0,16590.0,9617100
2025-09-23,16470.0,16660.0,16280.000000000002,16660.0,16660.0,4457600
2025-09-24,16590.0,16720.0,16379.999999999998,16720.0,16720.0,3943100
2025-09-25,16870.0,17520.0,16780.0,17310.0,17310.0,14585800
2025-09-26,17340.0,17830.0,17030.0,17030.0,17030.0,10700100
2025-09-29,17060.0,17240.0,16590.0,16660.0,16660.0,5676700
2025-09-30,16720.0,16720.0,16100.000000000002,16219.999999999998,16219.999999999998,6880500
2025-10-01,16250.0,16560.0,16250.0,16440.0,16440.0,2106400
2025-10-02,16630.0,16840.0,16350.000000000002,16470.0,16470.0,4625800
2025-10-03,16560.0,16560.0,16100.000000000002,16129.999999999998,16129.999999999998,5553800
2025-10-06,16410.0,16900.0,16160.0,16870.0,16870.0,5052600
2025-10-07,16930.0,16930.0,16350.000000000002,16350.000000000002,16350.000000000002,4786200
2025-10-08,16440.0,16630.0,16160.0,16470.0,16470.0,5697800
2025-10-09,16720.0,17620.0,16720.0,17620.0,17620.0,21019000
2025-10-10,18200.0,18510.0,17960.0,18080.0,18080.0,15131400
2025-10-13,17770.0,18300.0,17770.0,17860.0,17860.0,13741000
2025-10-14,17890.0,17890.0,17340.0,17340.0,17340.0,17636000
2025-10-15,17370.0,17770.0,17370.0,17520.0,17520.0,6709600
2025-10-16,17740.0,17740.0,17310.0,17370.0,17370.0,7400300
2025-10-17,17400.0,17770.0,17150.0,17150.0,17150.0,8948400
2025-10-20,17240.0,17490.0,15980.0,15980.0,15980.0,13284700
2025-10-21,16040.0,16470.0,15570.0,16280.000000000002,16280.000000000002,8833700
2025-10-22,16530.0,16900.0,16350.000000000002,16900.0,16900.0,6036000
2025-10-23,17210.0,17370.0,17030.0,17090.0,17090.0,6773600
2025-10-24,17280.0,17590.0,16750.0,16900.0,16900.0,7774400
2025-10-27,17090.0,17150.0,16320.0,16320.0,16320.0,7733200
2025-10-28,16190.000000000002,16379.999999999998,15760.0,16100.000000000002,16100.000000000002,12881300
2025-10-29,17200.0,17200.0,17200.0,17200.0,17200.0,4403000
2025-10-30,17450.0,17450.0,16600.0,16600.0,16600.0,11935100
2025-10-31,16600.0,17150.0,16550.0,16650.0,16650.0,6817400
2025-11-03,16800.0,16800.0,16000.0,16000.0,16000.0,4999200
2025-11-04,15950.0,16450.0,15100.0,16300.0,16300.0,9461700
2025-11-05,16350.000000000002,17150.0,16149.999999999998,16800.0,16800.0,10745900
2025-11-06,16950.0,16950.0,16400.0,16500.0,16500.0,3847000
2025-11-07,16500.0,16650.0,15850.0,15950.0,15950.0,4675600
2025-11-10,15950.0,16149.999999999998,15450.0,15550.0,15550.0,3593400
2025-11-11,15700.0,15800.0,15400.0,15600.0,15600.0,2802900
2025-11-12,15650.0,15950.0,15650.0,15800.0,15800.0,3270600
2025-11-13,15800.0,16550.0,15700.0,16050.0,16050.0,5694400
2025-11-14,16000.0,16200.0,16000.0,16000.0,16000.0,3081200
2025-11-17,16200.0,16450.0,16000.0,16450.0,16450.0,4617400
2025-11-18,16550.0,16550.0,16200.0,16300.0,16300.0,3166100
2025-11-19,16300.0,16500.0,16000.0,16200.0,16200.0,3353400
2025-11-20,16300.0,16300.0,15900.0,16050.0,16050.0,2149100
2025-11-21,16000.0,16000.0,15700.0,15800.0,15800.0,2920700
2025-11-24,15800.0,15950.0,15550.0,15550.0,15550.0,3110400
2025-11-25,15750.0,15850.0,15400.0,15400.0,15400.0,3931800
2025-11-26,15550.0,15950.0,15500.0,15700.0,15700.0,3227000
2025-11-27,15850.0,15900.0,15500.0,15500.0,15500.0,3201600
2025-11-28,15600.0,15800.0,15500.0,15500.0,15500.0,2413700
2025-12-01,15550.0,15650.0,15400.0,15400.0,15400.0,2213600
2025-12-02,15400.0,15450.0,14900.0,15250.0,15250.0,5151400
2025-12-03,15300.0,15400.0,15100.0,15300.0,15300.0,2747400
2025-12-04,15350.0,15500.0,15300.0,15450.0,15450.0,2918800
2025-12-05,15500.0,15500.0,15200.0,15200.0,15200.0,2148500
2025-12-08,15100.0,15200.0,14850.0,14900.0,14900.0,8535400
2025-12-09,14900.0,14900.0,14300.0,14450.0,14450.0,8990900
2025-12-10,14450.0,14550.0,14300.0,14400.0,14400.0,3511200
2025-12-11,14500.0,14600.0,14200.0,14250.0,14250.0,2840200
2025-12-12,14250.0,14350.0,13500.0,13500.0,13500.0,6877100
2025-12-15,13500.0,14400.0,13500.0,14400.0,14400.0,11539300
2025-12-16,14600.0,15400.0,14500.0,15400.0,15400.0,16692700
2025-12-17,15550.0,15800.0,15100.0,15250.0,15250.0,7112600
2025-12-18,15300.0,15600.0,14700.0,14950.0,14950.0,7420600
2025-12-19,15150.0,15950.0,14800.0,15950.0,15950.0,24803500
2025-12-22,15850.0,16450.0,15600.0,16450.0,16450.0,13332800
2025-12-23,16400.0,16650.0,16050.0,16200.0,16200.0,9958300
2025-12-24,16250.0,16500.0,16000.0,16149.999999999998,16149.999999999998,6624400
2025-12-25,16149.999999999998,16250.0,15850.0,15900.0,15900.0,5374500
2025-12-26,15900.0,16300.0,15700.0,16250.0,16250.0,11687700
2025-12-29,16400.0,17150.0,16250.0,16700.0,16700.0,17508200
2025-12-30,16900.0,16900.0,16200.0,16200.0,16200.0,7348700
2025-12-31,16300.0,16350.000000000002,16100.000000000002,16100.000000000002,16100.000000000002,5363600
2026-01-05,16600.0,16950.0,16149.999999999998,16250.0,16250.0,16538300
2026-01-06,16200.0,17100.0,16200.0,16800.0,16800.0,20485800
2026-01-07,16900.0,17950.0,16750.0,17950.0,17950.0,31374900
2026-01-08,18850.0,19200.0,18250.0,18600.0,18600.0,44567300
2026-01-09,18700.0,19900.0,18700.0,19700.0,19700.0,38812900
2026-01-12,20100.0,20850.0,19050.0,19600.0,19600.0,34088000
2026-01-13,19650.0,20950.0,19500.0,20950.0,20950.0,46664000
2026-01-14,21600.0,21900.0,20400.0,21400.0,21400.0,38293200
2026-01-15,21000.0,21600.0,20500.0,20700.0,20700.0,29699000
2026-01-16,20850.0,21650.0,20000.0,20150.0,20150.0,32240900
2026-01-19,20250.0,21100.0,20050.0,20800.0,20800.0,22521200
2026-01-20,21000.0,21250.0,20700.0,20750.0,20750.0,23609200
2026-01-21,20450.0,22200.0,20300.0,22200.0,22200.0,40775000
2026-01-22,23150.0,23200.0,22000.0,22200.0,22200.0,31658700
2026-01-23,22250.0,22350.0,20650.0,20650.0,20650.0,40730800
2026-01-26,20900.0,21550.0,20550.0,20850.0,20850.0,24331600
2026-01-27,20900.0,22000.0,20650.0,21500.0,21500.0,22591500
2026-01-28,22000.0,23000.0,21500.0,21900.0,21900.0,41660200
2026-01-29,22000.0,22050.0,21100.0,21850.0,21850.0,16709600
2026-01-30,22500.0,22900.0,22050.0,22400.0,22400.0,22201400
2026-02-02,22700.0,23900.0,22400.0,23900.0,23900.0,32535700
2026-02-03,24300.0,24800.0,23900.0,23900.0,23900.0,23657600
2026-02-04,23800.0,24500.0,23400.0,24050.0,24050.0,18172400
2026-02-05,24550.0,25150.0,24150.0,24400.0,24400.0,24530700
2026-02-06,23800.0,25450.0,23200.0,24550.0,24550.0,31341200
2026-02-09,25000.0,25100.0,24400.0,24650.0,24650.0,10409100
2026-02-10,24600.0,25150.0,22950.0,23100.0,23100.0,37264600
2026-02-11,23100.0,23700.0,22400.0,23450.0,23450.0,13784700
2026-02-12,23800.0,24400.0,23800.0,23900.0,23900.0,10936300
2026-02-13,23950.0,24800.0,23700.0,24500.0,24500.0,13364500
2026-02-23,25300.0,26200.0,25100.0,26200.0,26200.0,14417700
2026-02-24,26850.0,28000.0,26800.0,28000.0,28000.0,31801100
2026-02-25,28700.0,29950.0,27500.0,29350.0,29350.0,26335100
2026-02-26,29300.0,30000.0,28350.0,30000.0,30000.0,23273900
2026-02-27,30550.0,32000.0,30200.0,31200.0,31200.0,18188800
2026-03-02,33350.0,33350.0,33350.0,33350.0,33350.0,4097400
2026-03-03,35650.0,35650.0,32049.999999999996,35650.0,35650.0,49024000
2026-03-04,36100.0,37950.0,34100.0,37850.0,37850.0,27427500
2026-03-05,37850.0,38450.0,35600.0,35600.0,35600.0,27388400
2026-03-06,35800.0,37800.0,35700.0,37050.0,37050.0,21561100
2026-03-09,39600.0,39600.0,36100.0,36100.0,36100.0,35545500
2026-03-10,35450.0,37900.0,33700.0,33800.0,33800.0,31752600
2026-03-11,33500.0,36150.0,32950.0,36150.0,36150.0,19019300
2026-03-12,37300.0,38000.0,36500.0,37800.0,37800.0,17242000
2026-03-13,38250.0,39500.0,35200.0,35200.0,35200.0,35612800
2026-03-16,35050.0,35050.0,32750.0,32750.0,32750.0,18025800
2026-03-17,31900.0,32750.0,30500.0,30500.0,30500.0,16522700
2026-03-18,28450.0,32600.0,28450.0,30650.0,30650.0,37080100
2026-03-19,31900.0,32000.0,29300.0,29300.0,29300.0,16049500
2026-03-20,29000.0,29950.0,27250.0,28050.0,28050.0,34027800
2026-03-23,27100.0,29000.0,26100.0,26100.0,26100.0,25169500
2026-03-24,26750.0,27450.0,24650.0,26400.0,26400.0,20130400
2026-03-25,26950.0,28200.0,26800.0,27500.0,27500.0,16946200
2026-03-26,27750.0,27800.0,26500.0,27250.0,27250.0,9550900
2026-03-27,27350.0,27750.0,27000.0,27600.0,27600.0,10857200
2026-03-30,28450.0,29300.0,28100.0,29150.0,29150.0,19698000
2026-03-31,29600.0,29650.0,27650.0,27650.0,27650.0,20456600
2026-04-01,27650.0,28000.0,26100.0,26300.0,26300.0,23335900
2026-04-02,26350.0,27250.0,25350.0,25900.0,25900.0,16030200
2026-04-03,26400.0,27100.0,26300.0,26350.0,26350.0,9858500
2026-04-06,26400.0,26500.0,25000.0,25100.0,25100.0,9927300
2026-04-07,25300.0,26200.0,24600.0,25150.0,25150.0,10889200
2026-04-08,25600.0,25900.0,24950.0,25700.0,25700.0,14571200
2026-04-09,25800.0,26000.0,25000.0,25000.0,25000.0,8885200
2026-04-10,25400.0,26750.0,25100.0,26750.0,26750.0,20100100
2026-04-13,27250.0,27850.0,26800.0,27350.0,27350.0,13428700
2026-04-14,27900.0,27900.0,26100.0,26300.0,26300.0,16976800
2026-04-15,26300.0,26950.0,25900.0,26150.0,26150.0,11319000
2026-04-16,26100.0,26500.0,25800.0,25800.0,25800.0,9596200
2026-04-17,26300.0,26900.0,25800.0,26700.0,26700.0,10425100
2026-04-20,26750.0,26850.0,26000.0,26150.0,26150.0,7862400
2026-04-21,26200.0,26700.0,25900.0,26100.0,26100.0,9310600
2026-04-22,26350.0,26500.0,25950.0,25950.0,25950.0,5460700
2026-04-23,26250.0,26250.0,24450.0,25000.0,25000.0,16826400
2026-04-24,25300.0,25800.0,24900.0,25000.0,25000.0,7701000
2026-04-28,24800.0,25000.0,23300.0,23400.0,23400.0,20263700
2026-04-29,23200.0,23900.0,23150.0,23600.0,23600.0,9691400
2026-05-04,25250.0,25250.0,24750.0,25250.0,25250.0,8112800
2026-05-05,25950.0,27000.0,25500.0,26750.0,26750.0,24544300
2026-05-06,26650.0,27500.0,26100.0,26700.0,26700.0,19346900
2026-05-07,26500.0,26650.0,25450.0,25500.0,25500.0,15910000
2026-05-08,26300.0,26400.0,25550.0,25950.0,25950.0,10019900
2026-05-11,26350.0,27750.0,25800.0,27750.0,27750.0,27083100
2026-05-12,28200.0,29450.0,27550.0,29100.0,29100.0,27100600
2026-05-13,29300.0,31100.0,28600.0,30200.0,30200.0,31372300
2026-05-14,30500.0,31100.0,29650.0,30250.0,30250.0,15952800
2026-05-15,29900.0,31900.0,29900.0,31750.0,31750.0,19692700
2026-05-18,32000.0,33950.0,31950.0,33450.0,33450.0,20890200
2026-05-19,33450.0,33850.0,31150.0,31150.0,31150.0,31727500
2026-05-20,30350.0,32299.999999999996,29000.0,31800.0,31800.0,27302800
2026-05-21,31500.0,31550.0,30350.0,30700.0,30700.0,8311400
2026-05-22,30950.0,31100.0,29600.0,29700.0,29700.0,12254000
2026-05-25,28500.0,29200.0,28050.0,28200.0,28200.0,15121000
2026-05-26,28700.0,29250.0,28300.0,28500.0,28500.0,7751100
2026-05-27,28800.0,29150.0,28200.0,28250.0,28250.0,7027500
2026-05-28,28250.0,29250.0,27500.0,28500.0,28500.0,14151400
2026-05-29,28400.0,29950.0,28000.0,29750.0,29750.0,14394100
2026-06-01,29800.0,29850.0,28500.0,28600.0,28600.0,9001700
2026-06-02,28900.0,29100.0,27450.0,27700.0,27700.0,10549500
2026-06-03,28000.0,28350.0,27700.0,27850.0,27850.0,4898600
2026-06-04,28300.0,29500.0,28250.0,28900.0,28900.0,7152700
2026-06-05,28800.0,29400.0,28300.0,28500.0,28500.0,6092200
2026-06-08,28450.0,29100.0,28300.0,28600.0,28600.0,7422600
2026-06-09,28800.0,28800.0,28050.0,28050.0,28050.0,5079800
2026-06-10,28150.0,28450.0,27900.0,27950.0,27950.0,4454200
2026-06-11,28300.0,28700.0,28050.0,28050.0,28050.0,4474400
2026-06-12,28000.0,28600.0,27750.0,28100.0,28100.0,6629500
2026-06-15,26800.0,27800.0,26200.0,26500.0,26500.0,14670800
2026-06-16,26450.0,27000.0,26200.0,26800.0,26800.0,6795300
2026-06-17,26450.0,27100.0,26300.0,26350.0,26350.0,8234600
2026-06-18,26300.0,27000.0,26300.0,26400.0,26400.0,7942500
2026-06-19,26600.0,26650.0,26000.0,26050.0,26050.0,7749900
2026-06-22,26400.0,26850.0,26250.0,26400.0,26400.0,6723800
2026-06-23,26550.0,26550.0,25100.0,25100.0,25100.0,15250800
2026-06-24,25300.0,25750.0,24300.0,25550.0,25550.0,13355000
2026-06-25,25450.0,25450.0,24600.0,24600.0,24600.0,8790200
2026-06-26,24700.0,24900.0,24250.0,24250.0,24250.0,5812700
2026-06-29,24500.0,24850.0,24150.0,24400.0,24400.0,9405400
2026-06-30,24600.0,24650.0,24100.0,24150.0,24150.0,6224100
2026-07-01,24250.0,25800.0,24250.0,25450.0,25450.0,11720300
2026-07-02,25300.0,25400.0,24900.0,24900.0,24900.0,5272300
2026-07-03,24900.0,25350.0,24550.0,24700.0,24700.0,4937400
2026-07-06,24700.0,24850.0,23500.0,23500.0,23500.0,10575100
2026-07-07,23900.0,24250.0,23350.0,24250.0,24250.0,6980100
2026-07-08,25000.0,25600.0,24850.0,25100.0,25100.0,12717700
2026-07-09,25300.0,26650.0,25300.0,26350.0,26350.0,21213500
2026-07-10,26450.0,26450.0,25500.0,25500.0,25500.0,7831100
2026-07-13,26200.0,26550.0,25450.0,25750.0,25750.0,8511100
2026-07-14,26350.0,27450.0,26200.0,27200.0,27200.0,18606700
2026-07-15,27100.0,27150.0,26050.0,26300.0,26300.0,9268800
2026-07-16,26300.0,26550.0,24650.0,26000.0,26000.0,9466800
2026-07-17,26050.0,26050.0,24800.0,24900.0,24900.0,7346100
2026-07-20,25500.0,25550.0,24500.0,24650.0,24650.0,8075400
2026-07-21,24150.0,24700.0,22950.0,23050.0,23050.0,14600800
2026-07-22,23150.0,23700.0,22600.0,23000.0,23000.0,7633900
2026-07-23,23500.0,23650.0,22950.0,23350.0,23350.0,5798100
2026-07-24,23700.0,24750.0,23650.0,24000.0,24000.0,10125300
2026-07-27,23650.0,24700.0,23300.0,23700.0,23700.0,8546000
2026-07-28,23500.0,24400.0,23500.0,24250.0,24250.0,7215200
2026-07-29,24500.0,25100.0,24250.0,24800.0,24800.0,7133400
2026-07-30,25100.0,25700.0,24750.0,25700.0,25700.0,7278800
