date,Adj Close,Close,High,Low,Open,Volume
2016-12-06,44269.08984375,66000.0,66000.0,66000.0,66000.0,6020
2016-12-07,47354.515625,70600.0,70600.0,70600.0,70600.0,60
2016-12-08,50641.16796875,75500.0,75500.0,75500.0,75500.0,2000
2016-12-09,54162.55859375,80750.0,80750.0,75500.0,75500.0,6020
2016-12-12,57952.28125,86400.0,86400.0,86400.0,86400.0,71380
2016-12-13,61976.73046875,92400.0,92400.0,92400.0,92400.0,193660
2016-12-14,66303.03125,98850.0,98850.0,98850.0,98850.0,308760
2016-12-15,70931.15625,105750.0,105750.0,105000.0,105750.0,760100
2016-12-16,75458.6953125,112500.0,113150.0,100000.0,113150.0,775040
2016-12-19,71098.859375,106000.0,112500.0,106000.0,106000.0,336380
2016-12-20,66135.359375,98600.0,105750.0,98600.0,105500.0,799420
2016-12-21,67342.6875,100400.0,101750.0,92500.0,98600.0,483500
2016-12-22,68080.5,101500.0,104950.0,101500.0,104950.0,104920
2016-12-23,67074.390625,100000.0,101500.0,98550.0,101500.0,109620
2016-12-26,67074.390625,98500.0,99000.0,95000.0,99000.0,339740
2016-12-27,67414.8671875,99000.0,99900.0,96550.0,98500.0,139760
2016-12-28,67721.296875,99450.0,99900.0,98550.0,99900.0,57060
2016-12-29,67074.390625,98500.0,99000.0,96500.0,99000.0,197120
2016-12-30,67312.71875,98850.0,99000.0,97750.0,99000.0,193480
2017-01-03,67074.390625,98500.0,98850.0,97950.0,98850.0,126340
2017-01-04,67074.390625,98500.0,99300.0,97500.0,98500.0,174980
2017-01-05,67108.4296875,98550.0,99000.0,98000.0,98500.0,54340
2017-01-06,70138.7109375,103000.0,104950.0,98600.0,98950.0,424780
2017-01-09,69798.21875,102500.0,104000.0,102500.0,103000.0,62780
2017-01-10,69627.9921875,102250.0,103450.0,100750.0,103450.0,89080
2017-01-11,71500.609375,105000.0,105000.0,101000.0,102000.0,456960
2017-01-12,71704.890625,105300.0,106500.0,105000.0,106500.0,110580
2017-01-13,72113.46875,105900.0,106100.0,105300.0,105350.0,75340
2017-01-16,71160.140625,104500.0,105500.0,104000.0,105500.0,67780
2017-01-17,73713.734375,108250.0,108700.0,104050.0,104250.0,227520
2017-01-18,76199.234375,111900.0,112500.0,107650.0,107650.0,206960
2017-01-19,76199.234375,111900.0,112500.0,110000.0,112500.0,80080
2017-01-20,76199.234375,111900.0,112550.0,111500.0,111500.0,155880
2017-01-23,75586.3515625,111000.0,111900.0,110250.0,111900.0,88720
2017-01-24,75586.3515625,111000.0,112000.0,110000.0,110000.0,274200
2017-01-25,76199.234375,111900.0,111900.0,110000.0,111000.0,37600
2017-01-26,76199.234375,111900.0,111900.0,111900.0,111900.0,0
2017-02-03,73883.9765625,108500.0,111450.0,108200.0,108700.0,103400
2017-02-06,73203.015625,107500.0,109750.0,105750.0,109750.0,100140
2017-02-07,73543.5,108000.0,110000.0,106500.0,107500.0,153160
2017-02-08,73305.171875,107650.0,108500.0,107500.0,108000.0,72700
2017-02-09,71841.09375,105500.0,107650.0,104000.0,107650.0,300140
2017-02-10,72590.1484375,106600.0,107000.0,105500.0,105500.0,71760
2017-02-13,72658.234375,106700.0,107350.0,105000.0,106600.0,50480
2017-02-14,73543.5,108000.0,108450.0,106550.0,106700.0,144440
2017-02-15,72828.484375,106950.0,108000.0,106400.0,108000.0,168600
2017-02-16,73339.1953125,107700.0,108000.0,107000.0,107000.0,88460
2017-02-17,73100.875,107350.0,107500.0,107000.0,107500.0,68860
2017-02-20,74224.4609375,109000.0,109000.0,106600.0,106650.0,207860
2017-02-21,74769.203125,109800.0,110000.0,108800.0,108800.0,69860
2017-02-22,76369.4765625,112150.0,112250.0,109750.0,109750.0,200720
2017-02-23,77288.765625,113500.0,113500.0,112000.0,112450.0,260040
2017-02-24,77288.765625,113500.0,115000.0,113000.0,114000.0,215680
2017-02-27,76641.84375,112550.0,113950.0,112000.0,112250.0,122540
2017-02-28,76641.84375,112550.0,113100.0,112550.0,112750.0,101440
2017-03-01,76914.2421875,112950.0,113000.0,112500.0,113000.0,138880
2017-03-02,76573.765625,112450.0,113500.0,109600.0,113500.0,60500
2017-03-03,76744.0,112700.0,112700.0,110500.0,111500.0,41340
2017-03-06,76437.5625,112250.0,112750.0,111000.0,112500.0,65980
2017-03-07,75790.65625,111300.0,112500.0,111300.0,112450.0,71440
2017-03-08,74530.890625,109450.0,111300.0,109200.0,111300.0,28240
2017-03-09,73543.5,108000.0,110500.0,106000.0,108050.0,112900
2017-03-10,71841.09375,105500.0,108000.0,105500.0,108000.0,35100
2017-03-13,70479.1796875,103500.0,105500.0,103200.0,105500.0,61120
2017-03-14,72862.5234375,107000.0,108500.0,101600.0,103500.0,108520
2017-03-15,72045.390625,105800.0,107500.0,105500.0,107000.0,26500
2017-03-16,72488.0,106450.0,107000.0,102750.0,105800.0,14900
2017-03-17,70819.65625,104000.0,106450.0,104000.0,106450.0,28500
2017-03-20,71160.140625,104500.0,104950.0,104000.0,104000.0,15340
2017-03-21,69866.3046875,102600.0,104500.0,102400.0,104500.0,122200
2017-03-22,69117.2578125,101500.0,102950.0,100250.0,102600.0,85260
2017-03-23,68776.7734375,101000.0,102400.0,100250.0,101150.0,41680
2017-03-24,68095.828125,100000.0,101050.0,99550.0,101000.0,203540
2017-03-27,68095.828125,100000.0,100250.0,99500.0,100000.0,51660
2017-03-28,67755.34375,99500.0,101000.0,99500.0,100500.0,110160
2017-03-29,68095.828125,100000.0,102500.0,99000.0,99050.0,71700
2017-03-30,68776.7734375,101000.0,101000.0,100000.0,100000.0,23400
2017-03-31,68095.828125,100000.0,101000.0,100000.0,101000.0,21660
2017-04-03,68232.0234375,100200.0,100950.0,100000.0,100000.0,40960
2017-04-04,68232.0234375,100200.0,100200.0,99700.0,99700.0,22140
2017-04-05,69117.2578125,101500.0,101500.0,100300.0,101250.0,48960
2017-04-07,69798.21875,102500.0,102500.0,101000.0,101500.0,44160
2017-04-10,71160.140625,104500.0,104500.0,101950.0,102000.0,82440
2017-04-11,70649.421875,103750.0,104750.0,103500.0,104500.0,95840
2017-04-12,69117.2578125,101500.0,103750.0,101500.0,103500.0,15660
2017-04-13,69798.21875,102500.0,103000.0,101000.0,101000.0,35520
2017-04-14,69457.7265625,102000.0,103450.0,101250.0,103450.0,49220
2017-04-17,70479.1796875,103500.0,103500.0,102000.0,102500.0,121980
2017-04-18,69798.21875,102500.0,103000.0,101750.0,103000.0,99200
2017-04-19,68606.5390625,100750.0,102500.0,100250.0,102500.0,19900
2017-04-20,68095.828125,100000.0,100750.0,100000.0,100750.0,47820
2017-04-21,68436.3046875,100500.0,100500.0,99000.0,100000.0,57460
2017-04-24,68095.828125,100000.0,100750.0,100000.0,100500.0,109880
2017-04-25,67755.34375,99500.0,100000.0,99500.0,99500.0,25440
2017-04-26,68266.0625,100250.0,100250.0,99500.0,99750.0,30760
2017-04-27,68061.78125,99950.0,100500.0,99950.0,100250.0,132400
2017-04-28,68061.78125,99950.0,99950.0,99950.0,99950.0,0
2017-05-03,68061.78125,99950.0,99950.0,99500.0,99950.0,11760
2017-05-04,67755.34375,99500.0,99950.0,99150.0,99950.0,78580
2017-05-05,67857.4765625,99650.0,99700.0,99400.0,99400.0,2280
2017-05-08,67755.34375,99500.0,99750.0,99500.0,99750.0,76180
2017-05-09,66972.2421875,98350.0,99500.0,98350.0,99500.0,30080
2017-05-10,67006.296875,98400.0,99500.0,98250.0,98250.0,15660
2017-05-11,66699.8828125,97950.0,99150.0,97950.0,98400.0,37420
2017-05-12,66904.15625,98250.0,98950.0,98000.0,98000.0,14760
2017-05-15,66052.9453125,97000.0,98250.0,97000.0,98250.0,47420
2017-05-16,65065.5546875,95550.0,97000.0,95550.0,97000.0,17300
2017-05-17,64248.40625,94350.0,97500.0,94000.0,94000.0,43640
2017-05-18,64656.984375,94950.0,95000.0,94400.0,94400.0,17720
2017-05-19,64691.02734375,95000.0,95000.0,94450.0,95000.0,37460
2017-05-22,64827.2265625,95200.0,96000.0,94750.0,95000.0,136720
2017-05-23,66052.9453125,97000.0,97850.0,95500.0,97750.0,468600
2017-05-24,65031.5,95500.0,97000.0,95150.0,97000.0,76100
2017-05-25,65031.5,95500.0,95500.0,94950.0,95000.0,97980
2017-05-26,64520.7890625,94750.0,96800.0,94000.0,96800.0,56300
2017-05-29,64691.02734375,95000.0,95250.0,94750.0,94750.0,159540
2017-05-30,65031.5,95500.0,95550.0,95000.0,95500.0,99940
2017-05-31,64384.60546875,94550.0,95550.0,94550.0,95100.0,267940
2017-06-01,64691.02734375,95000.0,95600.0,94600.0,94600.0,39580
2017-06-02,65031.5,95500.0,95500.0,94500.0,95000.0,23280
2017-06-05,65031.5,95500.0,95500.0,95000.0,95100.0,42140
2017-06-06,65133.64453125,95650.0,95650.0,94650.0,95500.0,80420
2017-06-07,65337.921875,95950.0,95950.0,95000.0,95650.0,65860
2017-06-08,65031.5,95500.0,95750.0,95250.0,95750.0,3680
2017-06-09,65031.5,95500.0,96000.0,94600.0,94600.0,15660
2017-06-12,66018.90625,96950.0,96950.0,95000.0,95500.0,111860
2017-06-13,66359.375,97450.0,97450.0,96250.0,97450.0,39000
2017-06-14,68095.828125,100000.0,101000.0,97450.0,97500.0,280380
2017-06-15,68095.828125,100000.0,101000.0,100000.0,101000.0,27360
2017-06-16,68197.9765625,100150.0,101500.0,100000.0,100000.0,26860
2017-06-19,68436.3046875,100500.0,100500.0,100000.0,100500.0,94420
2017-06-20,69117.2578125,101500.0,101500.0,93950.0,100500.0,97340
2017-06-21,69764.171875,102450.0,102450.0,101000.0,101500.0,39240
2017-06-22,69798.21875,102500.0,102900.0,101550.0,102450.0,11780
2017-06-23,70445.140625,103450.0,103450.0,102150.0,102400.0,72480
2017-06-26,70615.3671875,103700.0,103750.0,103000.0,103500.0,27260
2017-06-27,70615.3671875,103700.0,104000.0,103250.0,103700.0,32800
2017-06-28,70411.0859375,103400.0,103700.0,100600.0,103700.0,16560
2017-06-29,70308.9296875,103250.0,103750.0,101050.0,103400.0,132760
2017-06-30,70921.8046875,104150.0,104500.0,103250.0,103250.0,162800
2017-07-03,71500.609375,105000.0,105250.0,102000.0,105000.0,101860
2017-07-04,71807.0390625,105450.0,105450.0,102500.0,102500.0,89860
2017-07-05,71500.609375,105000.0,105000.0,104500.0,104500.0,17160
2017-07-06,71500.609375,105000.0,105000.0,103800.0,105000.0,10720
2017-07-07,71500.609375,105000.0,105050.0,104300.0,105000.0,22880
2017-07-10,71500.609375,105000.0,105200.0,104500.0,105000.0,130080
2017-07-11,71670.8515625,105250.0,105450.0,104750.0,105000.0,170860
2017-07-12,71568.7109375,105100.0,105750.0,105000.0,105550.0,19160
2017-07-13,71568.7109375,105100.0,105100.0,105100.0,105100.0,0
2017-07-14,72011.328125,105750.0,105900.0,105500.0,105750.0,101360
2017-07-17,74735.1640625,109750.0,111000.0,106000.0,106000.0,89900
2017-07-18,76948.28125,113000.0,114000.0,110500.0,111500.0,175780
2017-07-19,79025.203125,116050.0,118000.0,113500.0,113950.0,343200
2017-07-20,79672.1171875,117000.0,117500.0,113000.0,116050.0,186460
2017-07-21,80182.8359375,117750.0,118750.0,116000.0,117000.0,235180
2017-07-24,80182.8359375,117750.0,118200.0,112000.0,117750.0,222880
2017-07-25,80182.8359375,117750.0,118000.0,116400.0,117500.0,38780
2017-07-26,80080.6796875,117600.0,118000.0,109700.0,118000.0,57740
2017-07-27,80080.6796875,117600.0,117700.0,115000.0,115000.0,50880
2017-07-28,80080.6796875,117600.0,117600.0,117600.0,117600.0,0
2017-07-31,80659.5,118450.0,118450.0,116000.0,116000.0,191040
2017-08-01,83383.34375,122450.0,122450.0,119000.0,120000.0,138900
2017-08-02,83553.5625,122700.0,122750.0,120250.0,122450.0,28680
2017-08-03,83417.390625,122500.0,122900.0,121550.0,122500.0,11820
2017-08-04,83689.7734375,122900.0,122900.0,120250.0,122900.0,31100
2017-08-07,84813.3515625,124550.0,131500.0,122500.0,122500.0,67240
2017-08-08,86141.2265625,126500.0,129250.0,124550.0,129250.0,82440
2017-08-09,82395.9453125,121000.0,129750.0,121000.0,126000.0,123600
2017-08-10,84779.3046875,124500.0,125250.0,121250.0,124500.0,39140
2017-08-11,84438.8359375,124000.0,125250.0,122550.0,124500.0,50280
2017-08-14,83076.8984375,122000.0,124950.0,122000.0,123050.0,51940
2017-08-15,82702.375,121450.0,122950.0,118500.0,122950.0,160700
2017-08-16,84745.2578125,124450.0,124500.0,120050.0,122750.0,78920
2017-08-17,86141.2265625,126500.0,131500.0,124900.0,124900.0,171280
2017-08-18,86141.2265625,126500.0,127500.0,123000.0,123000.0,96080
2017-08-21,87503.125,128500.0,128500.0,122500.0,124000.0,118960
2017-08-22,83825.984375,123100.0,129450.0,121250.0,129450.0,80200
2017-08-23,86720.03125,127350.0,127450.0,120500.0,124900.0,9226000
2017-08-24,86720.03125,127350.0,127500.0,123000.0,127350.0,13532000
2017-08-25,86141.2265625,126500.0,126950.0,123050.0,124000.0,20120
2017-08-28,85970.96875,126250.0,126500.0,122500.0,126500.0,47800
2017-08-29,84779.3046875,124500.0,125000.0,123400.0,123500.0,33140
2017-08-30,85119.765625,125000.0,125000.0,123600.0,124950.0,21720
2017-08-31,85460.2421875,125500.0,127650.0,123550.0,123550.0,99480
2017-09-01,86651.9296875,127250.0,127250.0,125500.0,125500.0,37360
2017-09-04,86651.9296875,127250.0,127250.0,127250.0,127250.0,0
2017-09-05,86822.1953125,127500.0,131500.0,127250.0,127250.0,85120
2017-09-06,89546.0,131500.0,131500.0,128000.0,128000.0,44920
2017-09-07,92337.9296875,135600.0,135600.0,129600.0,131500.0,215760
2017-09-08,95912.96875,140850.0,140850.0,136500.0,137000.0,96040
2017-09-11,97036.5546875,142500.0,144500.0,140850.0,140850.0,58560
2017-09-12,95674.625,140500.0,144500.0,140000.0,140000.0,57000
2017-09-13,94414.8515625,138650.0,142450.0,138650.0,140500.0,54620
2017-09-14,92780.5703125,136250.0,139500.0,135750.0,139500.0,73820
2017-09-15,92610.3203125,136000.0,136000.0,133500.0,133500.0,48700
2017-09-18,94142.46875,138250.0,139950.0,134000.0,139950.0,38200
2017-09-19,93631.765625,137500.0,139000.0,136000.0,138250.0,41160
2017-09-20,92950.8046875,136500.0,138500.0,135950.0,138500.0,25720
2017-09-21,90226.9609375,132500.0,136000.0,132500.0,136000.0,105320
2017-09-22,90635.5546875,133100.0,135450.0,132500.0,135450.0,11900
2017-09-25,89035.28125,130750.0,133100.0,125000.0,133100.0,29240
2017-09-26,87843.609375,129000.0,130750.0,128550.0,130750.0,11200
2017-09-27,86822.1953125,127500.0,129000.0,126500.0,129000.0,30100
2017-09-28,90601.5,133050.0,135000.0,125800.0,127500.0,33920
2017-09-29,88524.578125,130000.0,136250.0,130000.0,133000.0,27280
2017-10-02,87843.609375,129000.0,131450.0,128000.0,130000.0,7160
2017-10-03,87435.0390625,128400.0,131000.0,128050.0,131000.0,14660
2017-10-04,88660.78125,130200.0,130200.0,127600.0,127600.0,6500
2017-10-05,88524.578125,130000.0,132400.0,127500.0,127500.0,4440
2017-10-06,88558.609375,130050.0,130950.0,127600.0,130950.0,3840
2017-10-09,88558.609375,130050.0,131400.0,127750.0,131400.0,24600
2017-10-10,88558.609375,130050.0,130900.0,129700.0,130850.0,41800
2017-10-11,89137.4296875,130900.0,130950.0,129900.0,129950.0,30600
2017-10-12,90567.453125,133000.0,133150.0,130550.0,130550.0,38940
2017-10-13,92610.3203125,136000.0,136000.0,130550.0,133000.0,114300
2017-10-16,92610.3203125,136000.0,136350.0,134500.0,136000.0,94840
2017-10-17,94993.671875,139500.0,139500.0,134100.0,136000.0,81260
2017-10-18,95844.875,140750.0,141000.0,138500.0,138550.0,355400
2017-10-19,94653.1796875,139000.0,142500.0,139000.0,142400.0,77980
2017-10-20,91929.34375,135000.0,142000.0,135000.0,137800.0,55060
2017-10-23,95334.1640625,140000.0,140000.0,135050.0,138000.0,72760
2017-10-24,95504.375,140250.0,140950.0,135050.0,140000.0,109340
2017-10-25,95129.8671875,139700.0,140250.0,137000.0,140250.0,11440
2017-10-26,96015.109375,141000.0,141000.0,137500.0,140250.0,91120
2017-10-27,95504.375,140250.0,141000.0,136050.0,141000.0,52920
2017-10-30,97717.5078125,143500.0,143500.0,138500.0,140000.0,220300
2017-10-31,97240.828125,142800.0,143500.0,141550.0,143500.0,6120
2017-11-01,97683.453125,143450.0,143500.0,140350.0,142800.0,37860
2017-11-02,98398.484375,144500.0,144500.0,142000.0,143450.0,87880
2017-11-03,98738.9609375,145000.0,145000.0,140550.0,142750.0,24300
2017-11-06,98738.9609375,145000.0,146000.0,144000.0,145000.0,15540
2017-11-07,97070.6015625,142550.0,145000.0,142550.0,144500.0,100940
2017-11-08,95844.875,140750.0,149450.0,138850.0,144400.0,159840
2017-11-09,94687.2265625,139050.0,141450.0,138850.0,140750.0,9360
2017-11-10,94142.46875,138250.0,139050.0,136950.0,139050.0,33300
2017-11-13,94040.328125,138100.0,141400.0,138000.0,138250.0,74740
2017-11-14,93359.375,137100.0,140000.0,137100.0,138100.0,36800
2017-11-15,92235.796875,135450.0,139250.0,134850.0,137050.0,88420
2017-11-16,95334.1640625,140000.0,140000.0,134000.0,134000.0,110120
2017-11-17,95334.1640625,140000.0,141950.0,137650.0,140500.0,162060
2017-11-20,95538.4375,140300.0,140400.0,137650.0,138000.0,92100
2017-11-21,99760.390625,146500.0,149500.0,140250.0,140300.0,233740
2017-11-22,105003.75,154200.0,154500.0,146500.0,146500.0,227140
2017-11-23,105208.0390625,154500.0,155000.0,150500.0,154200.0,69880
2017-11-24,108544.7421875,159400.0,159800.0,152500.0,155000.0,110580
2017-11-27,103165.1640625,151500.0,159500.0,150100.0,155050.0,55680
2017-11-28,108953.3125,160000.0,160000.0,150500.0,150500.0,82180
2017-11-29,115422.4296875,169500.0,171200.0,161500.0,167000.0,229940
2017-11-30,112017.6328125,164500.0,173500.0,164500.0,170900.0,119760
2017-12-01,112358.1328125,165000.0,165750.0,162550.0,164500.0,82980
2017-12-04,113141.203125,166150.0,170500.0,165000.0,165000.0,154900
2017-12-05,112358.1328125,165000.0,169000.0,165000.0,168450.0,129920
2017-12-06,111677.15625,164000.0,166500.0,158000.0,165000.0,131780
2017-12-07,108749.0234375,159700.0,166500.0,157500.0,165000.0,100240
2017-12-08,105208.0390625,154500.0,159750.0,153750.0,158000.0,171720
2017-12-11,99760.390625,146500.0,155500.0,146500.0,155500.0,285820
2017-12-12,106569.9765625,156500.0,156750.0,154000.0,156750.0,622320
2017-12-13,106910.421875,157000.0,160500.0,156500.0,159850.0,266360
2017-12-14,105208.0390625,154500.0,158500.0,154500.0,158500.0,262960
2017-12-15,105276.140625,154600.0,155000.0,153500.0,154500.0,276960
2017-12-18,105276.140625,154600.0,158950.0,154600.0,154600.0,511860
2017-12-19,97921.796875,143800.0,155000.0,143800.0,154600.0,724680
2017-12-20,91078.1484375,133750.0,140000.0,133750.0,134000.0,552540
2017-12-21,84847.3984375,124600.0,132500.0,124450.0,126000.0,1166120
2017-12-22,85460.2421875,125500.0,131000.0,125500.0,129000.0,453560
2017-12-25,90090.7734375,132300.0,132950.0,126000.0,127450.0,239080
2017-12-26,87503.125,128500.0,132100.0,128000.0,132000.0,348380
2017-12-27,85868.8515625,126100.0,130000.0,126100.0,128000.0,313580
2017-12-28,84847.3984375,124600.0,127000.0,124600.0,127000.0,354660
2017-12-29,84881.453125,124650.0,126900.0,124600.0,126900.0,340700
2018-01-01,84881.453125,124650.0,124650.0,124650.0,124650.0,0
2018-01-02,85902.8828125,126150.0,127350.0,124950.0,127000.0,232380
2018-01-03,90226.9609375,132500.0,132500.0,126150.0,126150.0,463000
2018-01-04,91078.1484375,133750.0,134350.0,131500.0,134000.0,477600
2018-01-05,89988.6328125,132150.0,134250.0,131550.0,134000.0,263740
2018-01-08,88865.046875,130500.0,132000.0,129500.0,131500.0,231380
2018-01-09,88865.046875,130500.0,132000.0,130000.0,132000.0,254260
2018-01-10,88354.34375,129750.0,131000.0,129500.0,130500.0,164380
2018-01-11,88865.046875,130500.0,132000.0,129650.0,130500.0,368000
2018-01-12,88762.8984375,130350.0,131500.0,129500.0,131500.0,188780
2018-01-15,89901.8046875,130250.0,130500.0,122550.0,130500.0,163940
2018-01-16,89384.1015625,129500.0,130250.0,129000.0,130250.0,304880
2018-01-17,89384.1015625,129500.0,129500.0,129500.0,129500.0,0
2018-01-18,88969.984375,128900.0,128900.0,126650.0,128900.0,209840
2018-01-19,88176.21875,127750.0,129000.0,127500.0,128900.0,401860
2018-01-22,88176.21875,127750.0,127750.0,127750.0,127750.0,0
2018-01-23,88176.21875,127750.0,127750.0,127750.0,127750.0,0
2018-01-24,88176.21875,127750.0,127750.0,127750.0,127750.0,0
2018-01-25,89038.9921875,129000.0,131000.0,128500.0,131000.0,189980
2018-01-26,87002.8359375,126050.0,129050.0,126050.0,129000.0,206020
2018-01-29,84552.5390625,122500.0,126300.0,122500.0,126050.0,329200
2018-01-30,84897.6640625,123000.0,123000.0,121750.0,122000.0,190440
2018-01-31,85242.75,123500.0,126000.0,123000.0,123000.0,248620
2018-02-01,84552.5390625,122500.0,123500.0,121800.0,123500.0,276000
2018-02-02,85242.75,123500.0,123500.0,120550.0,122500.0,155800
2018-02-05,82447.3359375,119450.0,123400.0,118000.0,122500.0,252680
2018-02-06,80307.65625,116350.0,119450.0,111150.0,119450.0,268500
2018-02-07,80342.1796875,116400.0,120500.0,116250.0,116400.0,91500
2018-02-08,77650.296875,112500.0,117000.0,112500.0,116400.0,134960
2018-02-09,77650.296875,112500.0,112500.0,108000.0,112500.0,192600
2018-02-12,80411.1875,116500.0,116500.0,112500.0,115000.0,217620
2018-02-13,80721.8046875,116950.0,118500.0,116500.0,117000.0,41740
2018-02-14,80721.8046875,116950.0,116950.0,116950.0,116950.0,0
2018-02-15,80721.8046875,116950.0,116950.0,116950.0,116950.0,0
2018-02-16,80721.8046875,116950.0,116950.0,116950.0,116950.0,0
2018-02-19,80721.8046875,116950.0,116950.0,116950.0,116950.0,0
2018-02-20,80721.8046875,116950.0,116950.0,116950.0,116950.0,0
2018-02-21,83172.078125,120500.0,122500.0,117000.0,119000.0,104100
2018-02-22,82067.7421875,118900.0,121000.0,118900.0,120000.0,243340
2018-02-23,82826.9765625,120000.0,121500.0,118400.0,121500.0,88360
2018-02-26,83758.7890625,121350.0,122000.0,118500.0,120000.0,441640
2018-02-27,83344.640625,120750.0,122500.0,119650.0,122500.0,404480
2018-02-28,83344.640625,120750.0,120750.0,120750.0,120750.0,0
2018-03-01,80066.0703125,116000.0,117600.0,114950.0,116500.0,209980
2018-03-02,78685.6171875,114000.0,115000.0,113900.0,114650.0,178160
2018-03-05,77995.390625,113000.0,115400.0,113000.0,114000.0,161140
2018-03-06,76097.2890625,110250.0,113100.0,109750.0,113000.0,519200
2018-03-07,76269.84375,110500.0,111950.0,110000.0,110250.0,169000
2018-03-08,75959.25,110050.0,111000.0,110000.0,111000.0,97000
2018-03-09,76062.7734375,110200.0,111050.0,109700.0,111000.0,99540
2018-03-12,75993.75,110100.0,111000.0,110000.0,111000.0,83680
2018-03-13,74889.390625,108500.0,110500.0,107750.0,110500.0,201160
2018-03-14,74061.1171875,107300.0,108450.0,104000.0,108000.0,430480
2018-03-15,73854.0546875,107000.0,107000.0,102400.0,105500.0,392640
2018-03-16,78858.1640625,114250.0,114400.0,105000.0,109500.0,885640
2018-03-19,77650.296875,112500.0,117400.0,112500.0,115000.0,207320
2018-03-20,77995.390625,113000.0,114450.0,109600.0,110550.0,179220
2018-03-21,77995.390625,113000.0,114000.0,111000.0,113500.0,212380
2018-03-22,79720.953125,115500.0,117750.0,111500.0,113000.0,398460
2018-03-23,81239.4453125,117700.0,118500.0,113050.0,115050.0,324020
2018-03-26,84276.4453125,122100.0,122500.0,117000.0,117000.0,349440
2018-03-27,84207.421875,122000.0,124450.0,120050.0,124450.0,166840
2018-03-28,82516.375,119550.0,122500.0,119000.0,122000.0,209340
2018-03-29,82516.375,119550.0,121000.0,119500.0,121000.0,157680
2018-03-30,83034.046875,120300.0,121000.0,119550.0,119550.0,152160
2018-04-02,82136.75,119000.0,122500.0,119000.0,121750.0,177120
2018-04-03,79030.7265625,114500.0,119500.0,114500.0,119000.0,131700
2018-04-04,77995.390625,113000.0,115500.0,111500.0,115500.0,111080
2018-04-05,78409.5390625,113600.0,116750.0,111500.0,113050.0,87360
2018-04-06,78409.5390625,113600.0,115000.0,113000.0,113000.0,64980
2018-04-09,77650.296875,112500.0,114500.0,112000.0,112000.0,87500
2018-04-10,79375.8359375,115000.0,116300.0,111750.0,112950.0,174300
2018-04-11,79375.8359375,115000.0,117450.0,113550.0,113550.0,93520
2018-04-12,79375.8359375,115000.0,115500.0,114000.0,115000.0,111680
2018-04-13,78616.6015625,113900.0,116000.0,113750.0,114550.0,146740
2018-04-16,79203.296875,114750.0,115200.0,113750.0,114500.0,62580
2018-04-17,79030.7265625,114500.0,115500.0,114000.0,115100.0,49220
2018-04-18,78685.6171875,114000.0,115500.0,113600.0,115500.0,102140
2018-04-19,73232.8359375,106100.0,114400.0,106100.0,114400.0,154380
2018-04-20,76614.9453125,111000.0,111550.0,106100.0,106100.0,109100
2018-04-23,75061.953125,108750.0,114000.0,108000.0,112000.0,108220
2018-04-24,74889.390625,108500.0,111500.0,107500.0,108500.0,92620
2018-04-25,74889.390625,108500.0,108500.0,108500.0,108500.0,0
2018-04-26,75579.609375,109500.0,110500.0,108500.0,110500.0,66720
2018-04-27,73508.9453125,106500.0,110250.0,106500.0,109250.0,179520
2018-04-30,73508.9453125,106500.0,106500.0,106500.0,106500.0,0
2018-05-01,73508.9453125,106500.0,106500.0,106500.0,106500.0,0
2018-05-02,73543.4609375,106550.0,108000.0,106500.0,107500.0,96940
2018-05-03,74992.9375,108650.0,108750.0,106150.0,106500.0,61060
2018-05-04,75579.609375,109500.0,109500.0,108000.0,109500.0,39560
2018-05-07,80859.8203125,117150.0,117150.0,109950.0,110000.0,131260
2018-05-08,81066.8984375,117450.0,120950.0,115000.0,117150.0,121200
2018-05-09,80756.3125,117000.0,119550.0,115650.0,119500.0,149740
2018-05-10,80756.3125,117000.0,118750.0,110000.0,116000.0,132220
2018-05-11,81446.53125,118000.0,118000.0,114100.0,117000.0,106000
2018-05-14,84897.6640625,123000.0,123000.0,115050.0,119000.0,193660
2018-05-15,86278.09375,125000.0,129000.0,121000.0,123750.0,244340
2018-05-16,86968.3359375,126000.0,126000.0,122000.0,125000.0,97620
2018-05-17,83344.640625,120750.0,125600.0,120750.0,124750.0,194780
2018-05-18,87106.3671875,126200.0,126200.0,120850.0,122750.0,153940
2018-05-21,86623.203125,125500.0,127550.0,123750.0,126200.0,245460
2018-05-22,85553.359375,123950.0,124900.0,122500.0,123850.0,159680
2018-05-23,83862.3203125,121500.0,125050.0,120600.0,124500.0,275240
2018-05-24,83793.2890625,121400.0,122500.0,116500.0,122000.0,206740
2018-05-25,80756.3125,117000.0,122400.0,117000.0,118400.0,142580
2018-05-28,80066.0703125,116000.0,118850.0,114000.0,114000.0,103220
2018-05-29,79030.7265625,114500.0,117100.0,111000.0,117100.0,199660
2018-05-30,79030.7265625,114500.0,115000.0,110650.0,112850.0,208080
2018-05-31,82826.9765625,120000.0,122500.0,112000.0,114500.0,421840
2018-06-01,84552.5390625,122500.0,122500.0,118100.0,121500.0,154960
2018-06-04,83379.1484375,120800.0,122500.0,119500.0,122000.0,101880
2018-06-05,85449.828125,123800.0,125000.0,119500.0,120550.0,104160
2018-06-06,85242.75,123500.0,124900.0,122000.0,122500.0,63500
2018-06-07,85587.8828125,124000.0,125000.0,121500.0,123500.0,71960
2018-06-08,84552.5390625,122500.0,124500.0,121500.0,122500.0,90160
2018-06-11,83862.3203125,121500.0,123900.0,121100.0,121500.0,113320
2018-06-12,82481.8671875,119500.0,121500.0,118000.0,121500.0,77080
2018-06-13,81135.9140625,117550.0,119500.0,117000.0,119500.0,50140
2018-06-14,80445.6875,116550.0,119000.0,116550.0,117600.0,91020
2018-06-15,80963.3828125,117300.0,117400.0,114150.0,116500.0,128960
2018-06-18,80066.0703125,116000.0,118500.0,115500.0,117000.0,59720
2018-06-19,77650.296875,112500.0,117200.0,107950.0,115250.0,224000
2018-06-20,78651.1171875,113950.0,113950.0,108000.0,108000.0,183540
2018-06-21,77995.390625,113000.0,113950.0,111000.0,113950.0,107960
2018-06-22,77995.390625,113000.0,113500.0,111250.0,113000.0,65160
2018-06-25,77753.828125,112650.0,113450.0,111700.0,113000.0,60760
2018-06-26,76856.5234375,111350.0,112500.0,110750.0,112500.0,65740
2018-06-27,76856.5234375,111350.0,112400.0,110750.0,111050.0,109260
2018-06-28,75717.65625,109700.0,111000.0,108550.0,110600.0,91040
2018-06-29,77822.84375,112750.0,112750.0,108050.0,109700.0,139640
2018-07-02,79375.8359375,115000.0,115000.0,110350.0,112500.0,115760
2018-07-03,78720.125,114050.0,115000.0,112650.0,115000.0,104420
2018-07-04,77995.390625,113000.0,114000.0,112000.0,112000.0,94960
2018-07-05,75924.7265625,110000.0,113450.0,110000.0,113450.0,51640
2018-07-06,75924.7265625,110000.0,110950.0,108000.0,110000.0,69540
2018-07-09,76166.3203125,110350.0,111500.0,109650.0,111450.0,32740
2018-07-10,75924.7265625,110000.0,111450.0,108850.0,111450.0,163240
2018-07-11,75924.7265625,110000.0,110350.0,108550.0,110350.0,157960
2018-07-12,75269.0234375,109050.0,110500.0,109000.0,109000.0,51720
2018-07-13,75234.5,109000.0,109550.0,107000.0,109000.0,228060
2018-07-16,75199.9921875,108950.0,109000.0,107000.0,109000.0,148680
2018-07-17,75234.5,109000.0,109000.0,107050.0,108000.0,126160
2018-07-18,75199.9921875,108950.0,109000.0,107500.0,109000.0,114420
2018-07-19,74199.1640625,107500.0,109000.0,107500.0,108050.0,136860
2018-07-20,69022.484375,100000.0,108250.0,100000.0,107500.0,335000
2018-07-23,72646.15625,105250.0,105250.0,101750.0,102500.0,243680
2018-07-24,72646.15625,105250.0,105250.0,105250.0,105250.0,0
2018-07-25,71438.265625,103500.0,104500.0,102550.0,102850.0,178240
2018-07-26,71438.265625,103500.0,103500.0,101100.0,101300.0,226580
2018-07-27,71438.265625,103500.0,103500.0,101550.0,101550.0,142260
2018-07-30,71369.234375,103400.0,103500.0,102500.0,103500.0,83680
2018-07-31,70920.6015625,102750.0,103500.0,102000.0,102050.0,225000
2018-08-01,70748.0546875,102500.0,103000.0,101850.0,102500.0,66700
2018-08-02,70402.921875,102000.0,102950.0,101500.0,102050.0,82580
2018-08-03,68987.96875,99950.0,102500.0,99750.0,101750.0,167180
2018-08-06,68677.3828125,99500.0,100000.0,98600.0,99950.0,117100
2018-08-07,68677.3828125,99500.0,99500.0,96900.0,98750.0,154760
2018-08-08,69022.484375,100000.0,100000.0,97500.0,98500.0,145240
2018-08-09,71783.3671875,104000.0,104000.0,99500.0,100000.0,268380
2018-08-10,72128.5,104500.0,104750.0,102000.0,104000.0,158100
2018-08-13,72473.6015625,105000.0,105000.0,103050.0,104500.0,169160
2018-08-14,72473.6015625,105000.0,105000.0,103750.0,105000.0,67120
2018-08-15,72818.71875,105500.0,105950.0,104000.0,105000.0,89220
2018-08-16,73163.828125,106000.0,106000.0,103650.0,105500.0,113720
2018-08-17,73508.9453125,106500.0,106500.0,105000.0,106000.0,91460
2018-08-20,73508.9453125,106500.0,106500.0,105000.0,105050.0,69320
2018-08-21,73508.9453125,106500.0,106500.0,104300.0,106500.0,142360
2018-08-22,73508.9453125,106500.0,106500.0,105050.0,106500.0,85100
2018-08-23,73336.375,106250.0,106500.0,105150.0,106000.0,158560
2018-08-24,73508.9453125,106500.0,106500.0,105000.0,105500.0,191100
2018-08-27,75579.609375,109500.0,111400.0,106600.0,107000.0,134980
2018-08-28,76614.9453125,111000.0,111500.0,109350.0,109500.0,76720
2018-08-29,77995.390625,113000.0,113000.0,110000.0,111000.0,50920
2018-08-30,77995.390625,113000.0,113000.0,111100.0,111100.0,74480
2018-08-31,77995.390625,113000.0,113000.0,111650.0,113000.0,94740
2018-09-03,77995.390625,113000.0,113000.0,113000.0,113000.0,0
2018-09-04,77236.15625,111900.0,113000.0,111800.0,113000.0,121440
2018-09-05,76925.5625,111450.0,111900.0,110550.0,111900.0,77220
2018-09-06,76891.046875,111400.0,111450.0,109500.0,111000.0,83260
2018-09-07,76891.046875,111400.0,111450.0,109600.0,110000.0,65580
2018-09-10,76960.0625,111500.0,111500.0,110050.0,111350.0,62960
2018-09-11,76960.0625,111500.0,111500.0,110100.0,111500.0,39540
2018-09-12,76891.046875,111400.0,111450.0,110150.0,111050.0,23060
2018-09-13,76614.9453125,111000.0,111350.0,110500.0,110500.0,14460
2018-09-14,76891.046875,111400.0,112500.0,111000.0,111000.0,84300
2018-09-17,76649.4609375,111050.0,112500.0,110750.0,112500.0,10820
2018-09-18,76960.0625,111500.0,112000.0,111000.0,112000.0,49360
2018-09-19,75924.7265625,110000.0,111500.0,110000.0,111500.0,39540
2018-09-20,75890.2265625,109950.0,111000.0,109250.0,110000.0,19440
2018-09-21,75579.609375,109500.0,110950.0,108650.0,109250.0,61620
2018-09-24,75545.109375,109450.0,109500.0,108750.0,109500.0,52840
2018-09-25,75579.609375,109500.0,109500.0,108900.0,109450.0,36360
2018-09-26,75545.109375,109450.0,109500.0,108500.0,109500.0,45120
2018-09-27,75924.7265625,110000.0,111000.0,109100.0,109450.0,69580
2018-09-28,76787.5078125,111250.0,111250.0,110000.0,110500.0,132180
2018-10-01,76683.9765625,111100.0,111150.0,110000.0,111150.0,41560
2018-10-02,77650.296875,112500.0,112500.0,109900.0,111100.0,206440
2018-10-03,77891.8671875,112850.0,113500.0,112500.0,112500.0,34460
2018-10-04,77995.390625,113000.0,113350.0,112500.0,113000.0,9880
2018-10-05,77029.0703125,111600.0,112950.0,111000.0,111500.0,44580
2018-10-08,77029.0703125,111600.0,111600.0,109950.0,110850.0,49900
2018-10-09,77029.0703125,111600.0,111600.0,110050.0,110850.0,55420
2018-10-10,77995.390625,113000.0,113000.0,110850.0,110850.0,36900
2018-10-11,76614.9453125,111000.0,113000.0,109200.0,113000.0,42460
2018-10-12,76787.5078125,111250.0,111500.0,109500.0,111000.0,81980
2018-10-15,76960.0625,111500.0,112450.0,110000.0,110250.0,91920
2018-10-16,77133.78125,111000.0,112100.0,110250.0,110300.0,44100
2018-10-17,77481.2421875,111500.0,111650.0,110550.0,111000.0,73100
2018-10-18,77133.78125,111000.0,111950.0,110600.0,111950.0,20420
2018-10-19,76438.8984375,110000.0,111350.0,109000.0,110000.0,49220
2018-10-22,77133.78125,111000.0,111250.0,109000.0,110000.0,63200
2018-10-23,77446.5,111450.0,112000.0,110000.0,111000.0,69200
2018-10-24,77133.78125,111000.0,112050.0,110250.0,111200.0,108440
2018-10-25,77133.78125,111000.0,111000.0,108500.0,108550.0,53360
2018-10-26,76855.828125,110600.0,111700.0,109600.0,111700.0,65940
2018-10-29,77133.78125,111000.0,111250.0,110600.0,111000.0,134100
2018-10-30,77203.265625,111100.0,111450.0,106000.0,111000.0,181740
2018-10-31,77307.5078125,111250.0,111250.0,108050.0,111100.0,110320
2018-11-01,77133.78125,111000.0,111250.0,109100.0,111250.0,22640
2018-11-02,77133.78125,111000.0,111250.0,109250.0,110000.0,162700
2018-11-05,77481.2421875,111500.0,111500.0,109050.0,109500.0,84740
2018-11-06,77585.46875,111650.0,111750.0,109600.0,111500.0,53720
2018-11-07,78176.140625,112500.0,112500.0,110050.0,111650.0,80140
2018-11-08,78488.84375,112950.0,113400.0,111750.0,112500.0,52360
2018-11-09,78488.84375,112950.0,113000.0,111550.0,113000.0,65940
2018-11-12,80955.734375,116500.0,118000.0,112000.0,112950.0,100960
2018-11-13,82554.0,118800.0,121000.0,116000.0,116150.0,98220
2018-11-14,84430.2265625,121500.0,123250.0,118800.0,119000.0,154480
2018-11-15,85125.140625,122500.0,124450.0,120000.0,121250.0,93980
2018-11-16,85125.140625,122500.0,123450.0,121000.0,122500.0,85100
2018-11-19,85298.8515625,122750.0,124250.0,121000.0,122500.0,46580
2018-11-20,84603.9453125,121750.0,122000.0,120050.0,121400.0,56540
2018-11-21,84082.78125,121000.0,121000.0,119000.0,121000.0,123200
2018-11-22,84082.78125,121000.0,121500.0,119500.0,121000.0,25600
2018-11-23,83909.0546875,120750.0,121500.0,119250.0,120500.0,28260
2018-11-26,83418.5625,119050.0,120000.0,119000.0,120000.0,42760
2018-11-27,84784.9296875,121000.0,121500.0,118050.0,118050.0,63940
2018-11-28,87587.7421875,125000.0,125000.0,120150.0,121000.0,127360
2018-11-29,87587.7421875,125000.0,128000.0,124750.0,126000.0,229420
2018-11-30,87587.7421875,125000.0,125500.0,123250.0,124750.0,110160
2018-12-03,87938.109375,125500.0,127500.0,124000.0,127500.0,38620
2018-12-04,86887.03125,124000.0,126000.0,124000.0,124500.0,64640
2018-12-05,86011.15625,122750.0,124900.0,122750.0,124900.0,48840
2018-12-06,86536.6796875,123500.0,123850.0,121000.0,122600.0,30920
2018-12-07,86641.8046875,123650.0,125450.0,122050.0,123000.0,61920
2018-12-10,86887.03125,124000.0,124450.0,121500.0,121500.0,89140
2018-12-11,88638.78125,126500.0,126500.0,123200.0,123200.0,57920
2018-12-12,88638.78125,126500.0,126500.0,126500.0,126500.0,0
2018-12-13,87657.8203125,125100.0,127000.0,125100.0,126650.0,61740
2018-12-14,87727.875,125200.0,126400.0,124550.0,125150.0,62740
2018-12-17,87727.875,125200.0,125200.0,123950.0,124000.0,118920
2018-12-18,87727.875,125200.0,125200.0,123000.0,125200.0,90340
2018-12-19,87587.7421875,125000.0,125200.0,122800.0,125000.0,204540
2018-12-20,86536.6796875,123500.0,125000.0,123250.0,125000.0,179280
2018-12-21,86536.6796875,123500.0,123500.0,121650.0,122500.0,135480
2018-12-24,86501.6484375,123450.0,124450.0,120000.0,120000.0,87000
2018-12-25,86501.6484375,123450.0,123450.0,121100.0,121100.0,81620
2018-12-26,87237.3984375,124500.0,124500.0,121450.0,121450.0,46720
2018-12-27,87868.0234375,125400.0,125450.0,123500.0,124950.0,71700
2018-12-28,87868.0234375,125400.0,125400.0,125400.0,125400.0,0
2018-12-31,87868.0234375,125400.0,125400.0,125400.0,125400.0,0
2019-01-01,87868.0234375,125400.0,125400.0,125400.0,125400.0,0
2019-01-02,87167.3203125,124400.0,133750.0,124400.0,133750.0,93980
2019-01-03,86011.15625,122750.0,127500.0,116600.0,124400.0,197600
2019-01-04,85205.34375,121600.0,123000.0,117550.0,123000.0,17080
2019-01-07,85485.6328125,122000.0,124000.0,120500.0,121600.0,24540
2019-01-08,85485.6328125,122000.0,122000.0,119550.0,121600.0,23200
2019-01-09,85485.6328125,122000.0,124000.0,119500.0,122000.0,50300
2019-01-10,84084.234375,120000.0,121900.0,119650.0,120300.0,57120
2019-01-11,84084.234375,120000.0,120250.0,118050.0,120000.0,77640
2019-01-14,84084.234375,120000.0,121250.0,118950.0,121250.0,90580
2019-01-15,83944.078125,119800.0,119950.0,119000.0,119000.0,47000
2019-01-16,83733.8828125,119500.0,120500.0,119000.0,119150.0,60600
2019-01-17,82157.2890625,117250.0,120400.0,117250.0,119000.0,82800
2019-01-18,82157.2890625,117250.0,118700.0,117200.0,117250.0,28680
2019-01-21,82157.2890625,117250.0,118600.0,117250.0,118600.0,9540
2019-01-22,81912.0546875,116900.0,117500.0,116250.0,117500.0,29140
2019-01-23,81912.0546875,116900.0,117250.0,116050.0,116900.0,33000
2019-01-24,81631.7734375,116500.0,117500.0,116000.0,117400.0,71840
2019-01-25,81631.7734375,116500.0,116950.0,115550.0,116000.0,53700
2019-01-28,81631.7734375,116500.0,117400.0,115500.0,116500.0,48740
2019-01-29,81631.7734375,116500.0,117250.0,115550.0,117250.0,37240
2019-01-30,81631.7734375,116500.0,117400.0,115850.0,116500.0,72020
2019-01-31,81631.7734375,116500.0,116750.0,116050.0,116500.0,42400
2019-02-01,81631.7734375,116500.0,117400.0,115500.0,116500.0,160960
2019-02-04,81631.7734375,116500.0,116500.0,116500.0,116500.0,0
2019-02-05,81631.7734375,116500.0,116500.0,116500.0,116500.0,0
2019-02-06,81631.7734375,116500.0,116500.0,116500.0,116500.0,0
2019-02-07,81631.7734375,116500.0,116500.0,116500.0,116500.0,0
2019-02-08,81631.7734375,116500.0,116500.0,116500.0,116500.0,0
2019-02-11,81736.8828125,116650.0,117100.0,115700.0,117000.0,85620
2019-02-12,83313.4609375,118900.0,119500.0,116750.0,119500.0,22400
2019-02-13,82717.8671875,118050.0,118950.0,117600.0,118900.0,236000
2019-02-14,83383.5234375,119000.0,119000.0,118000.0,119000.0,246540
2019-02-15,83523.6640625,119200.0,119900.0,118550.0,119750.0,96440
2019-02-18,83523.6640625,119200.0,119200.0,119200.0,119200.0,0
2019-02-19,84434.5703125,120500.0,121100.0,119000.0,119500.0,51100
2019-02-20,85485.6328125,122000.0,122000.0,119500.0,119500.0,78840
2019-02-21,86887.03125,124000.0,124000.0,122000.0,122000.0,49100
2019-02-22,86536.6796875,123500.0,124350.0,123500.0,124000.0,28080
2019-02-25,86816.96875,123900.0,123900.0,123000.0,123500.0,62280
2019-02-26,86536.6796875,123500.0,124000.0,123000.0,123000.0,52720
2019-02-27,86711.8671875,123750.0,124000.0,123000.0,124000.0,15540
2019-02-28,84084.234375,120000.0,123750.0,120000.0,122650.0,63860
2019-03-01,84784.9296875,121000.0,123000.0,118150.0,118150.0,62500
2019-03-04,84784.9296875,121000.0,122750.0,119500.0,120000.0,88180
2019-03-05,85310.453125,121750.0,122400.0,120050.0,122250.0,20440
2019-03-06,85450.609375,121950.0,122500.0,120000.0,120200.0,45820
2019-03-07,84469.6171875,120550.0,121450.0,120250.0,121000.0,50680
2019-03-08,84469.6171875,120550.0,120550.0,120550.0,120550.0,0
2019-03-11,85835.9921875,122500.0,123150.0,120800.0,122500.0,40680
2019-03-12,88288.4453125,126000.0,126300.0,122350.0,122500.0,85240
2019-03-13,89339.4921875,127500.0,129000.0,117450.0,124650.0,108280
2019-03-14,88638.78125,126500.0,128750.0,126000.0,126500.0,52240
2019-03-15,88919.078125,126900.0,127500.0,123900.0,127500.0,81100
2019-03-18,85871.03125,122550.0,126900.0,122550.0,125050.0,151060
2019-03-19,86887.03125,124000.0,124750.0,122550.0,122550.0,74640
2019-03-20,87412.5625,124750.0,125000.0,122500.0,122500.0,35640
2019-03-21,87377.53125,124700.0,125500.0,122800.0,125450.0,35340
2019-03-22,87938.109375,125500.0,125500.0,122500.0,122500.0,61620
2019-03-25,87167.3203125,124400.0,125000.0,122500.0,125000.0,11280
2019-03-26,87868.0234375,125400.0,125450.0,123600.0,124400.0,83180
2019-03-27,87868.0234375,125400.0,125500.0,123650.0,125400.0,24040
2019-03-28,87587.7421875,125000.0,125400.0,123800.0,125400.0,16640
2019-03-29,87482.625,124850.0,125950.0,123500.0,125950.0,245180
2019-04-01,87482.625,124850.0,125200.0,123750.0,125200.0,46100
2019-04-02,86186.3359375,123000.0,125550.0,123000.0,125550.0,43780
2019-04-03,86501.6484375,123450.0,124300.0,122700.0,124300.0,2400
2019-04-04,87517.6640625,124900.0,125400.0,123050.0,123450.0,77480
2019-04-05,86887.03125,124000.0,125350.0,123550.0,123550.0,26080
2019-04-08,87377.53125,124700.0,124950.0,124000.0,124950.0,4780
2019-04-09,85871.03125,122550.0,124700.0,122550.0,123300.0,45540
2019-04-10,86536.6796875,123500.0,124500.0,120050.0,124500.0,79260
2019-04-11,86711.8671875,123750.0,124900.0,120600.0,123500.0,65880
2019-04-12,85555.703125,122100.0,124250.0,122100.0,123750.0,11780
2019-04-15,85555.703125,122100.0,122100.0,122100.0,122100.0,0
2019-04-16,86256.4140625,123100.0,123500.0,120600.0,122100.0,26500
2019-04-17,86466.609375,123400.0,123750.0,122050.0,122050.0,24680
2019-04-18,80931.078125,115500.0,123500.0,115500.0,123350.0,82300
2019-04-19,84259.390625,120250.0,121500.0,118550.0,121500.0,16340
2019-04-22,85135.28125,121500.0,121500.0,118250.0,120250.0,36000
2019-04-23,84259.390625,120250.0,121000.0,119250.0,120000.0,46820
2019-04-24,84084.234375,120000.0,121000.0,119600.0,120500.0,99520
2019-04-25,83733.8828125,119500.0,120050.0,118250.0,120050.0,87100
2019-04-26,83803.953125,119600.0,121000.0,117550.0,118500.0,54540
2019-04-29,83803.953125,119600.0,119600.0,119600.0,119600.0,0
2019-04-30,83803.953125,119600.0,119600.0,119600.0,119600.0,0
2019-05-01,83803.953125,119600.0,119600.0,119600.0,119600.0,0
2019-05-02,85380.515625,121850.0,122000.0,119600.0,119600.0,96400
2019-05-03,85380.515625,121850.0,121900.0,119850.0,121850.0,161880
2019-05-06,84259.390625,120250.0,121750.0,119150.0,121750.0,40480
2019-05-07,84644.7890625,120800.0,121500.0,119600.0,119600.0,14640
2019-05-08,84855.0078125,121100.0,121500.0,120000.0,120000.0,56980
2019-05-09,86186.3359375,123000.0,123450.0,119750.0,119750.0,41260
2019-05-10,86887.03125,124000.0,124700.0,121500.0,123500.0,46460
2019-05-13,86887.03125,124000.0,126000.0,124000.0,124750.0,30600
2019-05-14,88638.78125,126500.0,129500.0,122550.0,124000.0,30440
2019-05-15,88638.78125,126500.0,128800.0,126000.0,126000.0,216720
2019-05-16,85835.9921875,122500.0,127250.0,122500.0,127000.0,40640
2019-05-17,90040.1875,128500.0,129000.0,123750.0,127450.0,63060
2019-05-20,92142.3046875,131500.0,132500.0,126000.0,128500.0,61260
2019-05-21,92387.546875,131850.0,132000.0,130150.0,130750.0,35520
2019-05-22,92387.546875,131850.0,131850.0,130350.0,131800.0,49340
2019-05-23,91476.6328125,130550.0,131850.0,130000.0,131850.0,29560
2019-05-24,91511.6796875,130600.0,131950.0,130050.0,130050.0,74200
2019-05-27,92843.0078125,132500.0,132500.0,130000.0,131900.0,41840
2019-05-28,91091.25,130000.0,132500.0,130000.0,132500.0,57460
2019-05-29,91196.3515625,130150.0,131500.0,129450.0,130000.0,27800
2019-05-30,92317.4765625,131750.0,133500.0,128000.0,131000.0,43360
2019-05-31,93543.703125,133500.0,133500.0,130050.0,131700.0,17660
2019-06-03,94594.75,135000.0,137000.0,128500.0,131750.0,196720
2019-06-04,95645.8046875,136500.0,136500.0,132550.0,132550.0,60320
2019-06-05,95996.15625,137000.0,140000.0,134250.0,135050.0,56420
2019-06-06,95996.15625,137000.0,137500.0,134000.0,137000.0,71800
2019-06-07,96837.0,138200.0,138250.0,134700.0,137050.0,81160
2019-06-10,98728.8984375,140900.0,140950.0,138000.0,138200.0,211540
2019-06-11,96696.875,138000.0,140000.0,138000.0,140000.0,90360
2019-06-12,95996.15625,137000.0,138000.0,133500.0,138000.0,154800
2019-06-13,95996.15625,137000.0,137250.0,135500.0,137000.0,25160
2019-06-14,95645.8046875,136500.0,137000.0,133450.0,133450.0,27100
2019-06-17,95645.8046875,136500.0,136500.0,133500.0,136500.0,74900
2019-06-18,95645.8046875,136500.0,136500.0,133250.0,136500.0,9020
2019-06-19,96521.671875,137750.0,137750.0,135600.0,136500.0,38260
2019-06-20,96346.515625,137500.0,141750.0,134500.0,134500.0,153260
2019-06-21,97397.5703125,139000.0,140450.0,137500.0,140450.0,18440
2019-06-24,98448.625,140500.0,140500.0,139000.0,139000.0,32960
2019-06-25,98728.8984375,140900.0,140900.0,139000.0,140500.0,79100
2019-06-26,98798.96875,141000.0,142500.0,138000.0,138000.0,31460
2019-06-27,95295.46875,136000.0,141000.0,136000.0,140100.0,78240
2019-06-28,96346.515625,137500.0,140000.0,135050.0,136500.0,45180
2019-07-01,97362.515625,138950.0,139500.0,138050.0,139450.0,34340
2019-07-02,96416.5859375,137600.0,139900.0,137550.0,139000.0,18960
2019-07-03,96696.875,138000.0,138500.0,137500.0,137600.0,54560
2019-07-04,96696.875,138000.0,138000.0,138000.0,138000.0,0
2019-07-05,96696.875,138000.0,138000.0,138000.0,138000.0,0
2019-07-08,96696.875,138000.0,138000.0,138000.0,138000.0,0
2019-07-09,96696.875,138000.0,138000.0,138000.0,138000.0,0
2019-07-10,96696.875,138000.0,138000.0,138000.0,138000.0,0
2019-07-11,96696.875,138000.0,138000.0,138000.0,138000.0,0
2019-07-12,96696.875,138000.0,138000.0,138000.0,138000.0,0
2019-07-15,96696.875,138000.0,138000.0,138000.0,138000.0,0
2019-07-16,99850.015625,142500.0,142500.0,141000.0,142500.0,1452000
2019-07-17,100200.3671875,143000.0,143500.0,141250.0,142500.0,86160
2019-07-18,99499.6640625,142000.0,143000.0,140500.0,142000.0,91340
2019-07-19,97082.2578125,138550.0,142500.0,138550.0,142500.0,40240
2019-07-22,97117.2890625,138600.0,140500.0,138250.0,138550.0,57340
2019-07-23,97152.3203125,138650.0,140000.0,138600.0,138600.0,13800
2019-07-24,97222.3828125,138750.0,140500.0,138000.0,138650.0,111400
2019-07-25,97222.3828125,138750.0,138750.0,138750.0,138750.0,0
2019-07-26,97222.3828125,138750.0,138750.0,138750.0,138750.0,0
2019-07-29,97222.3828125,138750.0,138750.0,138750.0,138750.0,0
2019-07-30,97222.3828125,138750.0,138750.0,138750.0,138750.0,0
2019-07-31,97747.9140625,139500.0,141000.0,139500.0,140000.0,93960
2019-08-01,98623.78125,140750.0,140750.0,138400.0,140700.0,33200
2019-08-02,98098.265625,140000.0,140500.0,139000.0,139100.0,67400
2019-08-05,98168.3359375,140100.0,140950.0,138650.0,138650.0,26960
2019-08-06,98168.3359375,140100.0,140100.0,140100.0,140100.0,0
2019-08-07,98098.265625,140000.0,140000.0,137000.0,138400.0,138220
2019-08-08,98098.265625,140000.0,140000.0,137050.0,140000.0,123660
2019-08-09,98098.265625,140000.0,140000.0,140000.0,140000.0,0
2019-08-12,96136.3125,137200.0,139750.0,137200.0,139750.0,13820
2019-08-13,97047.21875,138500.0,140500.0,137300.0,140000.0,71320
2019-08-14,97047.21875,138500.0,139400.0,138000.0,138600.0,58000
2019-08-15,99850.015625,142500.0,142500.0,137750.0,138500.0,30960
2019-08-16,99850.015625,142500.0,142500.0,142500.0,142500.0,0
2019-08-19,96872.03125,138250.0,139600.0,137750.0,139600.0,1110000
2019-08-20,96872.03125,138250.0,138250.0,138250.0,138250.0,0
2019-08-21,97362.515625,138950.0,139000.0,137250.0,139000.0,16620
2019-08-22,96696.875,138000.0,139700.0,138000.0,139000.0,36500
2019-08-23,96556.734375,137800.0,139250.0,137800.0,138250.0,71960
2019-08-26,95785.96875,136700.0,138000.0,136550.0,138000.0,101040
2019-08-27,94629.7890625,135050.0,137000.0,135050.0,136700.0,116260
2019-08-28,95295.46875,136000.0,137850.0,134950.0,134950.0,6860
2019-08-29,95645.8046875,136500.0,137250.0,136250.0,136250.0,72880
2019-08-30,95645.8046875,136500.0,137900.0,136000.0,137900.0,55180
2019-09-02,95645.8046875,136500.0,136500.0,136500.0,136500.0,0
2019-09-03,95435.6015625,136200.0,136500.0,135550.0,136500.0,9460
2019-09-04,92317.4765625,131750.0,137250.0,131750.0,136200.0,131760
2019-09-05,93726.90625,133000.0,134000.0,131750.0,131750.0,41520
2019-09-06,93726.90625,133000.0,133500.0,132300.0,132300.0,16300
2019-09-09,93726.90625,133000.0,133950.0,132850.0,133950.0,33140
2019-09-10,92669.8359375,131500.0,133500.0,131000.0,133500.0,14820
2019-09-11,92493.6640625,131250.0,132950.0,131000.0,131500.0,25180
2019-09-12,92035.6015625,130600.0,131400.0,130500.0,131400.0,16480
2019-09-13,93022.1875,132000.0,132000.0,130250.0,130600.0,44320
2019-09-16,93022.1875,132000.0,133400.0,130250.0,130250.0,7980
2019-09-17,93691.671875,132950.0,133000.0,130600.0,133000.0,5240
2019-09-18,93480.25,132650.0,133400.0,132300.0,132950.0,16540
2019-09-19,93409.7890625,132550.0,132650.0,131000.0,132500.0,47420
2019-09-20,94079.265625,133500.0,133950.0,132500.0,132650.0,49920
2019-09-23,93585.96875,132800.0,134350.0,131050.0,134350.0,11220
2019-09-24,92669.8359375,131500.0,134500.0,131500.0,132500.0,43220
2019-09-25,92669.8359375,131500.0,136500.0,131500.0,133600.0,56860
2019-09-26,92846.015625,131750.0,136350.0,131500.0,131500.0,25400
2019-09-27,93903.0859375,133250.0,134000.0,131750.0,134000.0,19660
2019-09-30,92881.2578125,131800.0,133500.0,131750.0,133500.0,16260
2019-10-01,92317.4609375,131000.0,132500.0,131000.0,131800.0,39540
2019-10-02,93339.3125,132450.0,132500.0,131000.0,132500.0,15080
2019-10-03,92317.4609375,131000.0,132750.0,131000.0,132450.0,14600
2019-10-04,90908.0546875,129000.0,132200.0,121850.0,131050.0,35240
2019-10-07,91612.765625,130000.0,131000.0,128050.0,129000.0,22720
2019-10-08,91084.234375,129250.0,131000.0,129250.0,130900.0,9640
2019-10-09,89956.6875,127650.0,129700.0,127500.0,128550.0,11520
2019-10-10,89956.6875,127650.0,128850.0,127650.0,127650.0,33140
2019-10-11,90802.328125,128850.0,129000.0,127500.0,127500.0,27520
2019-10-14,91084.234375,129250.0,129500.0,127050.0,127050.0,54360
2019-10-15,90485.234375,128400.0,129150.0,127900.0,129000.0,19860
2019-10-16,90203.34375,128000.0,129500.0,127950.0,127950.0,23900
2019-10-17,89146.2578125,126500.0,129500.0,126500.0,129000.0,56980
2019-10-18,88829.1484375,126050.0,128500.0,126050.0,127750.0,19220
2019-10-21,86327.421875,122500.0,127500.0,122500.0,126500.0,27400
2019-10-22,88758.671875,125950.0,125950.0,120500.0,120500.0,44960
2019-10-23,88793.9140625,126000.0,126950.0,125250.0,125750.0,60120
2019-10-24,89146.2578125,126500.0,126850.0,125550.0,126450.0,20180
2019-10-25,90203.34375,128000.0,128700.0,127000.0,127000.0,90020
2019-10-28,90731.8828125,128750.0,130000.0,128250.0,130000.0,42220
2019-10-29,91612.765625,130000.0,131250.0,128750.0,128800.0,110180
2019-10-30,91965.125,130500.0,131000.0,129050.0,131000.0,46160
2019-10-31,91788.953125,130250.0,131150.0,130250.0,130500.0,52500
2019-11-01,91612.765625,130000.0,130950.0,130000.0,130000.0,41960
2019-11-04,91612.765625,130000.0,130950.0,130000.0,130950.0,28500
2019-11-05,91612.765625,130000.0,130600.0,129900.0,130500.0,26420
2019-11-06,91612.765625,130000.0,130950.0,129550.0,130900.0,37500
2019-11-07,91612.765625,130000.0,131100.0,129500.0,130000.0,68260
2019-11-08,91612.765625,130000.0,131000.0,130000.0,131000.0,82180
2019-11-11,89886.21875,127550.0,131000.0,127100.0,130000.0,42780
2019-11-12,89850.9765625,127500.0,129000.0,127500.0,128000.0,32320
2019-11-13,88793.9140625,126000.0,128500.0,125250.0,128500.0,93020
2019-11-14,88793.9140625,126000.0,127450.0,125250.0,126000.0,58380
2019-11-15,88793.9140625,126000.0,127000.0,117200.0,126000.0,72680
2019-11-18,89146.2578125,126500.0,127500.0,126500.0,126550.0,23820
2019-11-19,88441.5703125,125500.0,127500.0,125500.0,125550.0,18060
2019-11-20,86785.484375,123150.0,125500.0,123050.0,125500.0,31160
2019-11-21,84917.9765625,120500.0,125250.0,120500.0,123500.0,171080
2019-11-22,82803.8515625,117500.0,123000.0,117000.0,122500.0,109540
2019-11-25,82099.125,116500.0,119950.0,116100.0,119950.0,58040
2019-11-26,81042.0703125,115000.0,120000.0,115000.0,120000.0,184960
2019-11-27,81218.2265625,115250.0,117000.0,115000.0,115000.0,106560
2019-11-28,81042.0703125,115000.0,116750.0,115000.0,115250.0,196120
2019-11-29,79632.6328125,113000.0,116500.0,113000.0,115000.0,140220
2019-12-02,80689.703125,114500.0,115000.0,113000.0,113000.0,45300
2019-12-06,82099.125,116500.0,118000.0,115750.0,115900.0,66340
2019-12-09,83085.7265625,117900.0,118750.0,117050.0,117450.0,76340
2019-12-10,82134.3671875,116550.0,117950.0,116550.0,117900.0,52660
2019-12-11,82134.3671875,116550.0,117900.0,116500.0,117500.0,14320
2019-12-12,82169.59375,116600.0,118200.0,116600.0,117800.0,31660
2019-12-13,82169.59375,116600.0,117950.0,116600.0,117950.0,21280
2019-12-16,82099.125,116500.0,117500.0,116500.0,116600.0,13260
2019-12-17,82099.125,116500.0,117600.0,116500.0,116650.0,48860
2019-12-18,82099.125,116500.0,117100.0,116250.0,116700.0,71340
2019-12-19,82099.125,116500.0,117500.0,116500.0,116800.0,26880
2019-12-20,82486.7265625,117050.0,117350.0,116550.0,116950.0,103660
2019-12-23,82662.90625,117300.0,117800.0,117200.0,117500.0,42460
2019-12-24,82099.125,116500.0,117550.0,116500.0,117350.0,50800
2019-12-25,81922.9375,116250.0,117350.0,116250.0,116500.0,108520
2019-12-26,82240.0703125,116700.0,116750.0,115500.0,116000.0,49220
2019-12-27,81218.2265625,115250.0,116700.0,115250.0,116700.0,72680
2019-12-30,81042.0703125,115000.0,116250.0,112750.0,116250.0,81520
2019-12-31,80337.3515625,114000.0,115000.0,112000.0,115000.0,85800
2020-01-01,80337.3515625,114000.0,114000.0,114000.0,114000.0,0
2020-01-02,78927.921875,112000.0,114000.0,112000.0,114000.0,57200
2020-01-03,79139.34375,112300.0,113500.0,112000.0,112000.0,35180
2020-01-06,78857.4453125,111900.0,112250.0,111250.0,111500.0,71700
2020-01-07,78927.921875,112000.0,112450.0,111300.0,111300.0,31160
2020-01-08,78646.03125,111600.0,112250.0,111300.0,112250.0,61220
2020-01-09,79985.0,113500.0,113950.0,110500.0,111000.0,108060
2020-01-10,82275.3125,116750.0,117250.0,113500.0,113500.0,111540
2020-01-13,82416.265625,116950.0,117650.0,116750.0,116750.0,45180
2020-01-14,82099.125,116500.0,116950.0,116000.0,116000.0,18680
2020-01-15,82451.4921875,117000.0,117250.0,116500.0,116500.0,45080
2020-01-16,82204.8359375,116650.0,117450.0,116500.0,116500.0,18540
2020-01-17,82627.65625,117250.0,117250.0,116500.0,116650.0,25160
2020-01-20,83156.203125,118000.0,118000.0,116500.0,116500.0,34340
2020-01-21,82099.125,116500.0,118000.0,116500.0,118000.0,104320
2020-01-22,81922.9375,116250.0,118000.0,115550.0,116500.0,23020
2020-01-23,81922.9375,116250.0,116250.0,116250.0,116250.0,0
2020-01-24,81922.9375,116250.0,116250.0,116250.0,116250.0,0
2020-01-27,81922.9375,116250.0,116250.0,116250.0,116250.0,0
2020-01-28,81922.9375,116250.0,116250.0,116250.0,116250.0,0
2020-01-29,81922.9375,116250.0,116250.0,116250.0,116250.0,0
2020-01-30,76813.78125,109000.0,115700.0,109000.0,115700.0,76280
2020-01-31,74699.625,106000.0,112800.0,102000.0,106000.0,49460
2020-02-03,73607.3359375,104450.0,106000.0,98600.0,98600.0,33760
2020-02-04,71528.421875,101500.0,104450.0,100000.0,104450.0,334280
2020-02-05,68357.2265625,97000.0,101500.0,97000.0,101500.0,87740
2020-02-06,66947.78125,95000.0,99500.0,94650.0,97000.0,330160
2020-02-07,68709.5703125,97500.0,99500.0,95500.0,96000.0,95900
2020-02-10,68709.5703125,97500.0,99500.0,97500.0,99500.0,139140
2020-02-11,68357.2265625,97000.0,97500.0,97000.0,97500.0,52600
2020-02-12,67300.1484375,95500.0,97950.0,95500.0,97950.0,114820
2020-02-13,68556.4140625,95500.0,95900.0,94000.0,95900.0,153540
2020-02-14,68125.6953125,94900.0,96500.0,94550.0,96450.0,77300
2020-02-17,66761.75,93000.0,95000.0,93000.0,94900.0,62920
2020-02-18,63890.265625,89000.0,91500.0,89000.0,91250.0,172640
2020-02-19,63890.265625,89000.0,90000.0,87500.0,88500.0,211120
2020-02-20,64608.14453125,90000.0,90250.0,89450.0,90000.0,560380
2020-02-21,64823.5,90300.0,90800.0,90000.0,90000.0,90760
2020-02-24,63890.265625,89000.0,90100.0,88550.0,90100.0,87560
2020-02-25,63890.265625,89000.0,90000.0,88200.0,90000.0,32460
2020-02-26,63531.32421875,88500.0,89700.0,88100.0,89700.0,159760
2020-02-27,62167.390625,86600.0,88600.0,86600.0,88500.0,92600
2020-02-28,58147.33203125,81000.0,86150.0,81000.0,86150.0,153820
2020-03-02,61018.80859375,85000.0,86500.0,81000.0,81000.0,358980
2020-03-03,61018.80859375,85000.0,86250.0,84500.0,86250.0,258540
2020-03-05,60659.859375,84500.0,85000.0,84500.0,84500.0,130760
2020-03-06,58362.6875,81300.0,84500.0,81000.0,84500.0,76340
2020-03-09,55742.46875,77650.0,79500.0,75650.0,76500.0,215140
2020-03-10,55742.46875,77650.0,79950.0,75500.0,77650.0,79240
2020-03-11,54557.99609375,76000.0,80000.0,76000.0,77700.0,146240
2020-03-12,51901.8671875,72300.0,79950.0,71050.0,74650.0,76800
2020-03-13,51686.51171875,72000.0,76500.0,69000.0,69000.0,109120
2020-03-16,53840.1171875,75000.0,75000.0,69500.0,71000.0,93600
2020-03-17,50645.609375,70550.0,75000.0,70500.0,70500.0,50640
2020-03-18,48815.04296875,68000.0,72950.0,68000.0,70550.0,98460
2020-03-19,45584.63671875,63500.0,69000.0,63500.0,65250.0,81480
2020-03-20,45225.69921875,63000.0,65500.0,60050.0,63500.0,103880
2020-03-23,42067.07421875,58600.0,62750.0,58600.0,60500.0,76460
2020-03-24,41456.890625,57750.0,59900.0,55750.0,56000.0,49040
2020-03-25,43072.09375,60000.0,61500.0,57950.0,58000.0,275820
2020-03-26,44866.765625,62500.0,63300.0,60000.0,60750.0,376160
2020-03-27,46517.859375,64800.0,66150.0,62500.0,62500.0,291140
2020-03-30,43466.92578125,60550.0,65000.0,60300.0,64800.0,48420
2020-03-31,44148.89453125,61500.0,64450.0,60550.0,60550.0,38440
2020-04-01,44184.796875,61550.0,63950.0,60300.0,61100.0,67500
2020-04-02,44184.796875,61550.0,61550.0,61550.0,61550.0,0
2020-04-03,44866.765625,62500.0,64950.0,62500.0,64750.0,135600
2020-04-06,47379.30078125,66000.0,66750.0,63500.0,64500.0,171400
2020-04-07,49173.9765625,68500.0,69500.0,66000.0,69000.0,135060
2020-04-08,49532.90625,69000.0,71250.0,68000.0,69000.0,173400
2020-04-09,50250.78125,70000.0,73800.0,70000.0,70000.0,472620
2020-04-10,50609.70703125,70500.0,73450.0,70000.0,72100.0,66620
2020-04-13,50609.70703125,70500.0,72750.0,70500.0,71500.0,80060
2020-04-14,51471.15234375,71700.0,72900.0,70650.0,72900.0,108680
2020-04-15,54916.921875,76500.0,76700.0,71750.0,71750.0,420060
2020-04-16,56568.0078125,78800.0,81600.0,76500.0,76500.0,316560
2020-04-17,59367.703125,82700.0,84000.0,82500.0,83750.0,256600
2020-04-20,63495.45703125,88450.0,88450.0,84050.0,86000.0,217520
2020-04-21,61018.80859375,85000.0,94600.0,85000.0,88450.0,409300
2020-04-22,62813.47265625,87500.0,87500.0,79900.0,82500.0,207780
2020-04-23,64823.5,90300.0,93450.0,89350.0,93450.0,238480
2020-04-24,64608.14453125,90000.0,92500.0,87600.0,90300.0,155760
2020-04-27,64608.14453125,90000.0,90000.0,87500.0,90000.0,162100
2020-04-28,61018.80859375,85000.0,89950.0,85000.0,88000.0,146420
2020-04-29,61018.80859375,85000.0,85000.0,85000.0,85000.0,0
2020-04-30,61018.80859375,85000.0,85000.0,85000.0,85000.0,0
2020-05-01,61018.80859375,85000.0,85000.0,85000.0,85000.0,0
2020-05-04,55634.78515625,77500.0,81750.0,77500.0,81500.0,396060
2020-05-05,54450.3046875,75850.0,77500.0,75450.0,77500.0,235240
2020-05-06,56711.58203125,79000.0,80900.0,76000.0,80900.0,173060
2020-05-07,60659.859375,84500.0,84500.0,80000.0,80950.0,127360
2020-05-08,61736.66796875,86000.0,90000.0,85000.0,85000.0,491060
2020-05-11,62131.48828125,86550.0,88000.0,84500.0,86000.0,223340
2020-05-12,62275.06640625,86750.0,87550.0,86500.0,86650.0,118220
2020-05-13,61736.66796875,86000.0,87000.0,83000.0,84000.0,231480
2020-05-14,61808.44921875,86100.0,86500.0,85500.0,86000.0,91580
2020-05-15,61808.44921875,86100.0,86100.0,86100.0,86100.0,0
2020-05-18,61808.44921875,86100.0,86100.0,86100.0,86100.0,0
2020-05-19,63531.32421875,88500.0,88500.0,86000.0,87500.0,362200
2020-05-20,63531.32421875,88500.0,88500.0,88500.0,88500.0,0
2020-05-21,63172.41015625,88000.0,89000.0,86500.0,89000.0,257420
2020-05-22,62454.5390625,87000.0,88000.0,86500.0,88000.0,90440
2020-05-25,62813.47265625,87500.0,88050.0,86500.0,87000.0,118440
2020-05-26,64249.1953125,89500.0,89500.0,87250.0,87550.0,195720
2020-05-27,62885.265625,87600.0,88000.0,87500.0,87800.0,144280
2020-05-28,62885.265625,87600.0,88600.0,86500.0,88250.0,147980
2020-05-29,63315.9765625,88200.0,88500.0,87000.0,87400.0,122760
2020-06-01,63782.58984375,88850.0,91000.0,87650.0,88200.0,173620
2020-06-02,65684.9453125,91500.0,94500.0,88850.0,88850.0,288920
2020-06-03,64608.14453125,90000.0,92500.0,90000.0,91750.0,109400
2020-06-04,64249.1953125,89500.0,91500.0,89500.0,90900.0,103320
2020-06-05,64249.1953125,89500.0,90950.0,89500.0,89500.0,52540
2020-06-08,64249.1953125,89500.0,89500.0,89500.0,89500.0,0
2020-06-09,64249.1953125,89500.0,89500.0,89500.0,89500.0,0
2020-06-10,63890.265625,89000.0,90000.0,88750.0,89350.0,89980
2020-06-11,63531.32421875,88500.0,90250.0,88500.0,89000.0,122460
2020-06-12,61736.66796875,86000.0,88900.0,85550.0,87000.0,190800
2020-06-15,59583.06640625,83000.0,87500.0,82750.0,86000.0,79280
2020-06-16,59618.9609375,83050.0,86450.0,83000.0,84250.0,125140
2020-06-17,59618.9609375,83050.0,86900.0,83050.0,86900.0,75000
2020-06-18,59690.74609375,83150.0,84700.0,83000.0,83050.0,49060
2020-06-19,59690.74609375,83150.0,84500.0,83150.0,83150.0,53300
2020-06-22,59583.06640625,83000.0,84500.0,83000.0,84500.0,105320
2020-06-23,58865.20703125,82000.0,83550.0,82000.0,82500.0,77400
2020-06-24,57429.46484375,80000.0,83000.0,80000.0,82500.0,164760
2020-06-25,57429.46484375,80000.0,82000.0,79500.0,80000.0,113020
2020-06-26,59152.34375,82400.0,82650.0,80000.0,80000.0,157620
2020-06-29,57608.9296875,80250.0,82000.0,80250.0,80500.0,118080
2020-06-30,56352.6484375,78500.0,82000.0,78500.0,80250.0,125060
2020-07-01,58506.2734375,81500.0,82500.0,78000.0,78000.0,117240
2020-07-02,59906.109375,83450.0,83500.0,81250.0,81500.0,93920
2020-07-03,62813.47265625,87500.0,87950.0,82500.0,84000.0,400680
2020-07-06,64787.6015625,90250.0,91000.0,88900.0,88900.0,292700
2020-07-07,66438.7109375,92550.0,94300.0,91500.0,91750.0,489280
2020-07-08,69274.28125,96500.0,96850.0,90700.0,92500.0,714860
2020-07-09,73581.5078125,102500.0,103250.0,97450.0,97450.0,571920
2020-07-10,73581.5078125,102500.0,102500.0,102500.0,102500.0,0
2020-07-13,71786.828125,100000.0,104900.0,100000.0,103000.0,301620
2020-07-14,69992.15625,97500.0,99750.0,95500.0,98500.0,361380
2020-07-15,69992.15625,97500.0,97500.0,97500.0,97500.0,0
2020-07-16,69274.28125,96500.0,96500.0,95000.0,95500.0,717100
2020-07-17,68915.3515625,96000.0,98500.0,95750.0,98500.0,179180
2020-07-20,68556.4140625,95500.0,97000.0,95250.0,96550.0,259700
2020-07-21,68305.171875,95150.0,97200.0,95000.0,95300.0,147400
2020-07-22,68233.390625,95050.0,96450.0,95050.0,95150.0,213700
2020-07-23,67407.8359375,93900.0,95000.0,93600.0,95000.0,274320
2020-07-24,65002.97265625,90550.0,93500.0,89550.0,93000.0,471160
2020-07-27,62095.6015625,86500.0,88000.0,84250.0,86500.0,472520
2020-07-28,64608.14453125,90000.0,92500.0,84000.0,86500.0,474000
2020-07-29,61377.734375,85500.0,91450.0,85500.0,87500.0,439600
2020-07-30,61054.703125,85050.0,87250.0,84500.0,85500.0,162960
2020-07-31,60300.93359375,84000.0,86000.0,83000.0,84500.0,403140
2020-08-03,60659.859375,84500.0,85950.0,84000.0,84900.0,327840
2020-08-04,61449.51953125,85600.0,86450.0,84500.0,84500.0,484740
2020-08-05,63172.41015625,88000.0,90500.0,85800.0,87000.0,597100
2020-08-06,65505.47265625,91250.0,91750.0,88500.0,89450.0,427680
2020-08-07,66043.875,92000.0,92250.0,90000.0,91000.0,321100
2020-08-10,64572.2421875,89950.0,93000.0,89950.0,91550.0,303240
2020-08-11,64069.74609375,89250.0,90450.0,88550.0,89950.0,294140
2020-08-12,64213.31640625,89450.0,90250.0,89250.0,89250.0,277500
2020-08-13,65684.9453125,91500.0,92000.0,90350.0,90350.0,145160
2020-08-14,66402.8203125,92500.0,94450.0,91000.0,91500.0,484140
2020-08-17,65972.09375,91900.0,92250.0,90300.0,92000.0,182160
2020-08-18,64823.5,90300.0,92000.0,90000.0,92000.0,135860
2020-08-19,64823.5,90300.0,91150.0,90200.0,90300.0,153440
2020-08-20,64464.56640625,89800.0,91000.0,89800.0,90300.0,235260
2020-08-21,64464.56640625,89800.0,90950.0,89800.0,90000.0,221220
2020-08-24,65684.9453125,91500.0,92000.0,90050.0,90050.0,193380
2020-08-25,66941.2109375,93250.0,94050.0,91500.0,91500.0,269820
2020-08-26,66115.6640625,92100.0,94000.0,92100.0,93500.0,176640
2020-08-27,65684.9453125,91500.0,93000.0,91500.0,92100.0,153180
2020-08-28,65325.99609375,91000.0,93000.0,91000.0,92750.0,194260
2020-08-31,68735.8828125,95750.0,96450.0,91550.0,92450.0,542920
2020-09-01,68197.4765625,95000.0,97000.0,95000.0,97000.0,263420
2020-09-02,68197.4765625,95000.0,95000.0,95000.0,95000.0,0
2020-09-03,69561.4140625,96900.0,97350.0,95650.0,95950.0,297540
2020-09-04,68987.140625,96100.0,97750.0,95800.0,96000.0,280080
2020-09-07,68987.140625,96100.0,98000.0,96100.0,97000.0,376560
2020-09-08,68628.2109375,95600.0,96500.0,95000.0,96150.0,213180
2020-09-09,68197.4765625,95000.0,95550.0,94000.0,95450.0,246140
2020-09-10,67838.546875,94500.0,96000.0,94500.0,96000.0,158120
2020-09-11,67838.546875,94500.0,94500.0,94500.0,94500.0,0
2020-09-14,67551.40625,94100.0,94750.0,93500.0,94500.0,98100
2020-09-15,67551.40625,94100.0,95500.0,94100.0,94500.0,72720
2020-09-16,67551.40625,94100.0,95500.0,94100.0,95500.0,87140
2020-09-17,67551.40625,94100.0,94950.0,94100.0,94100.0,202440
2020-09-18,67766.765625,94400.0,95250.0,94100.0,94100.0,91280
2020-09-21,68197.4765625,95000.0,95900.0,94650.0,94650.0,199060
2020-09-22,67838.546875,94500.0,96200.0,94500.0,95500.0,299220
2020-09-23,68197.4765625,95000.0,95850.0,94750.0,95850.0,71280
2020-09-24,67120.6796875,93500.0,95200.0,93500.0,95000.0,141660
2020-09-25,67120.6796875,93500.0,94250.0,93500.0,93600.0,287800
2020-09-28,67479.609375,94000.0,94000.0,93500.0,93500.0,161920
2020-09-29,66402.8203125,92500.0,94100.0,92500.0,94000.0,264900
2020-09-30,65792.625,91650.0,92750.0,91050.0,92500.0,298120
2020-10-01,66223.3359375,92250.0,92550.0,91650.0,91650.0,44660
2020-10-02,66223.3359375,92250.0,92450.0,91750.0,91950.0,91020
2020-10-05,66223.3359375,92250.0,93000.0,92250.0,93000.0,148540
2020-10-06,66869.421875,93150.0,93400.0,92300.0,92600.0,110740
2020-10-07,68197.4765625,95000.0,95000.0,93000.0,93150.0,129840
2020-10-08,67479.609375,94000.0,95000.0,94000.0,95000.0,92280
2020-10-09,69274.28125,96500.0,96500.0,93800.0,94500.0,241520
2020-10-12,67515.5,94050.0,97900.0,94050.0,97000.0,474220
2020-10-13,66043.875,92000.0,95450.0,91500.0,95450.0,468200
2020-10-14,68197.4765625,95000.0,97950.0,92000.0,92000.0,239660
2020-10-15,68197.4765625,95000.0,96250.0,94250.0,95500.0,337720
2020-10-16,67659.0859375,94250.0,95700.0,94250.0,95250.0,259380
2020-10-19,67371.9375,93850.0,94250.0,93550.0,94000.0,250280
2020-10-20,66618.1640625,92800.0,93850.0,92500.0,93850.0,306720
2020-10-21,66654.0703125,92850.0,94500.0,92550.0,94500.0,173880
2020-10-22,66402.8203125,92500.0,93500.0,92350.0,92850.0,68520
2020-10-23,66689.953125,92900.0,93250.0,92500.0,92750.0,358200
2020-10-26,66402.8203125,92500.0,94250.0,92500.0,93000.0,176960
2020-10-27,66438.7109375,92550.0,93400.0,92350.0,92500.0,81240
2020-10-28,66223.3359375,92250.0,93000.0,92000.0,92100.0,212000
2020-10-29,66223.3359375,92250.0,92900.0,91300.0,91300.0,196100
2020-10-30,66151.578125,92150.0,93000.0,92050.0,92400.0,128520
2020-11-02,66582.2734375,92750.0,92950.0,88000.0,92150.0,167700
2020-11-03,66582.2734375,92750.0,93000.0,92000.0,92850.0,159980
2020-11-04,66582.2734375,92750.0,93100.0,92450.0,93000.0,118600
2020-11-05,66223.3359375,92250.0,93150.0,92250.0,92500.0,90120
2020-11-06,66079.7734375,92050.0,92500.0,92050.0,92500.0,142200
2020-11-09,65936.1875,91850.0,92750.0,91750.0,92700.0,197460
2020-11-10,65325.99609375,91000.0,92750.0,91000.0,92700.0,227800
2020-11-11,65254.23046875,90900.0,92000.0,90850.0,92000.0,187600
2020-11-12,65828.515625,91700.0,91950.0,90900.0,90900.0,72460
2020-11-13,66402.8203125,92500.0,92500.0,91500.0,91500.0,84320
2020-11-16,65254.23046875,90900.0,93500.0,90900.0,93000.0,407360
2020-11-17,65397.78515625,91100.0,92050.0,90850.0,92050.0,371320
2020-11-18,65900.3046875,91800.0,92750.0,91100.0,91100.0,335620
2020-11-19,69525.53125,96850.0,96850.0,92000.0,92000.0,449960
2020-11-20,68915.3515625,96000.0,96500.0,95000.0,95000.0,305280
2020-11-23,68376.9453125,95250.0,96200.0,94950.0,96000.0,229100
2020-11-24,67910.328125,94600.0,96000.0,94300.0,95150.0,220420
2020-11-25,68987.140625,96100.0,97100.0,94600.0,94600.0,388440
2020-11-26,69992.15625,97500.0,98000.0,96500.0,96500.0,505880
2020-11-27,69453.7578125,96750.0,98250.0,96650.0,97500.0,124960
2020-11-30,69453.7578125,95750.0,96500.0,95000.0,96500.0,379760
2020-12-01,70179.109375,96750.0,96750.0,95050.0,95650.0,214180
2020-12-02,71375.9609375,98400.0,98600.0,96250.0,96750.0,359760
2020-12-03,70723.1328125,97500.0,98350.0,97050.0,98350.0,192820
2020-12-04,73261.9140625,101000.0,102000.0,97500.0,97500.0,319620
2020-12-07,75075.34375,103500.0,104250.0,101000.0,101000.0,153000
2020-12-08,74712.6640625,103000.0,104500.0,103000.0,103550.0,244520
2020-12-09,72717.890625,100250.0,102500.0,100000.0,101550.0,204700
2020-12-10,71847.4453125,99050.0,101650.0,99050.0,101000.0,122500
2020-12-11,74241.1640625,102350.0,102350.0,99050.0,99050.0,97680
2020-12-14,73987.28125,102000.0,102350.0,101500.0,102350.0,107940
2020-12-15,72173.875,99500.0,102250.0,99300.0,102000.0,233240
2020-12-16,72210.140625,99550.0,101450.0,99500.0,99500.0,59600
2020-12-17,71811.1875,99000.0,101000.0,92600.0,100000.0,413240
2020-12-18,73189.390625,100900.0,101000.0,98250.0,99000.0,211060
2020-12-21,72536.5546875,100000.0,100950.0,99550.0,100900.0,94740
2020-12-22,72536.5546875,100000.0,100000.0,100000.0,100000.0,0
2020-12-23,71448.5078125,98500.0,100000.0,98500.0,99750.0,189720
2020-12-24,71811.1875,99000.0,99750.0,97500.0,99000.0,143520
2020-12-25,71811.1875,99000.0,99250.0,98000.0,99250.0,88020
2020-12-28,71484.765625,98550.0,99550.0,98250.0,99100.0,222340
2020-12-29,72500.296875,99950.0,101000.0,98250.0,98550.0,161260
2020-12-30,72536.5546875,100000.0,100900.0,99400.0,100000.0,195080
2020-12-31,70723.1328125,97500.0,100350.0,97500.0,100000.0,292200
2021-01-01,70723.1328125,97500.0,97500.0,97500.0,97500.0,0
2021-01-04,72318.9453125,99700.0,100500.0,97600.0,99250.0,31940
2021-01-05,72173.875,99500.0,99800.0,98900.0,99700.0,24660
2021-01-06,71992.53125,99250.0,99300.0,97500.0,98800.0,32920
2021-01-07,71738.6484375,98900.0,99500.0,98050.0,99150.0,25980
2021-01-08,71883.7265625,99100.0,99950.0,98900.0,98900.0,30580
2021-01-11,73370.71875,101150.0,102500.0,99200.0,99500.0,34140
2021-01-12,74531.3203125,102750.0,103000.0,101250.0,102350.0,38580
2021-01-13,75111.59375,103550.0,105500.0,103000.0,103500.0,45280
2021-01-14,74349.9609375,102500.0,105000.0,102500.0,105000.0,31020
2021-01-15,72717.890625,100250.0,102700.0,100000.0,102500.0,45900
2021-01-18,72681.625,100200.0,100200.0,98600.0,99750.0,27380
2021-01-19,69997.7734375,96500.0,100200.0,93500.0,100200.0,26940
2021-01-20,70614.328125,97350.0,97350.0,95000.0,96500.0,45360
2021-01-21,70360.46875,97000.0,97650.0,96000.0,97650.0,33040
2021-01-22,70360.46875,97000.0,97350.0,96450.0,97000.0,26200
2021-01-25,70360.46875,97000.0,97800.0,96000.0,97000.0,28840
2021-01-26,68909.734375,95000.0,96950.0,93000.0,96950.0,45480
2021-01-27,67749.1328125,93400.0,94950.0,91150.0,93250.0,45520
2021-01-28,63034.2578125,86900.0,90600.0,86900.0,90000.0,56880
2021-01-29,58645.80859375,80850.0,91900.0,80850.0,85000.0,101720
2021-02-01,62744.125,86500.0,86500.0,86500.0,86500.0,21800
2021-02-02,64920.2109375,89500.0,90000.0,88750.0,89300.0,91980
2021-02-03,64920.2109375,89500.0,90000.0,89000.0,89500.0,48100
2021-02-04,66044.53125,91050.0,92500.0,89500.0,89500.0,59220
2021-02-05,65972.0,90950.0,91100.0,90700.0,91000.0,22500
2021-02-08,63106.80078125,87000.0,91900.0,86000.0,91900.0,28220
2021-02-09,63106.80078125,87000.0,87000.0,87000.0,87000.0,0
2021-02-10,63106.80078125,87000.0,87000.0,87000.0,87000.0,0
2021-02-11,63106.80078125,87000.0,87000.0,87000.0,87000.0,0
2021-02-12,63106.80078125,87000.0,87000.0,87000.0,87000.0,0
2021-02-15,63106.80078125,87000.0,87000.0,87000.0,87000.0,0
2021-02-16,63106.80078125,87000.0,87000.0,87000.0,87000.0,0
2021-02-17,65790.6640625,90700.0,91000.0,90000.0,90100.0,32400
2021-02-18,69816.4453125,96250.0,96250.0,90500.0,90750.0,39100
2021-02-19,69526.2890625,95850.0,96250.0,94500.0,95500.0,30040
2021-02-22,68909.734375,95000.0,95700.0,94050.0,94050.0,20220
2021-02-23,67458.984375,93000.0,95000.0,92500.0,95000.0,44800
2021-02-24,67205.1171875,92650.0,94000.0,92500.0,94000.0,1162000
2021-02-25,68003.015625,93750.0,94500.0,92700.0,93000.0,1854000
2021-02-26,68184.3671875,94000.0,94000.0,92700.0,93000.0,12420
2021-03-01,68111.828125,93900.0,94050.0,92500.0,94000.0,22300
2021-03-02,67782.765625,92700.0,93500.0,90550.0,93500.0,21100
2021-03-03,66832.2109375,91400.0,92700.0,91250.0,92700.0,20640
2021-03-04,65077.31640625,89000.0,91600.0,86500.0,91500.0,43980
2021-03-05,64528.9140625,88250.0,89000.0,87750.0,89000.0,35720
2021-03-08,63980.50390625,87500.0,88500.0,87000.0,88250.0,40620
2021-03-09,63249.30859375,86500.0,87750.0,86250.0,87750.0,33500
2021-03-10,63358.984375,86650.0,87000.0,86500.0,86500.0,36420
2021-03-11,64346.109375,88000.0,88250.0,87000.0,88000.0,38700
2021-03-12,65077.31640625,89000.0,89000.0,88250.0,88850.0,13180
2021-03-15,64711.71484375,88500.0,89100.0,88250.0,89000.0,22820
2021-03-16,66027.8828125,90300.0,90400.0,88400.0,88500.0,18240
2021-03-17,65516.03515625,89600.0,90300.0,89400.0,89500.0,18640
2021-03-18,66027.8828125,90300.0,90400.0,89900.0,90000.0,13360
2021-03-19,65808.5234375,90000.0,90000.0,88500.0,90000.0,15020
2021-03-22,65442.91796875,89500.0,90000.0,88600.0,90000.0,8140
2021-03-23,65077.31640625,89000.0,89100.0,87650.0,87650.0,8380
2021-03-24,64163.3125,87750.0,89000.0,87350.0,87500.0,10080
2021-03-25,63980.50390625,87500.0,89000.0,87000.0,89000.0,29220
2021-03-26,63249.30859375,86500.0,87500.0,86250.0,86850.0,21700
2021-03-29,63358.984375,86650.0,87000.0,86400.0,86500.0,20460
2021-03-30,63980.50390625,87500.0,87750.0,86250.0,86500.0,20000
2021-03-31,65808.5234375,90000.0,90000.0,85500.0,87500.0,33740
2021-04-01,65442.91796875,89500.0,90000.0,89050.0,90000.0,35520
2021-04-02,65808.5234375,90000.0,90000.0,89350.0,89500.0,17120
2021-04-05,65625.7265625,89750.0,94500.0,89500.0,94500.0,57000
2021-04-06,65077.31640625,89000.0,90000.0,87300.0,89750.0,34480
2021-04-07,64711.71484375,88500.0,89000.0,88000.0,89000.0,25400
2021-04-08,63614.90625,87000.0,88500.0,86750.0,88500.0,29460
2021-04-09,63614.90625,87000.0,87650.0,87000.0,87400.0,36600
2021-04-12,63980.50390625,87500.0,88750.0,87300.0,88750.0,33620
2021-04-13,63395.55078125,86700.0,88250.0,86550.0,88250.0,34640
2021-04-14,63139.62109375,86350.0,86950.0,85950.0,86700.0,36660
2021-04-15,62774.02734375,85850.0,87400.0,85750.0,86250.0,31800
2021-04-16,61823.46484375,84550.0,85500.0,84000.0,85500.0,33060
2021-04-19,62152.5,85000.0,85000.0,83050.0,84500.0,30720
2021-04-20,62152.5,85000.0,85550.0,84500.0,85100.0,37340
2021-04-21,62152.5,85000.0,85000.0,85000.0,85000.0,0
2021-04-22,61275.05859375,83800.0,85250.0,83500.0,85000.0,22520
2021-04-23,62152.5,85000.0,85000.0,83400.0,83900.0,35180
2021-04-26,62152.5,85000.0,86000.0,82250.0,86000.0,36880
2021-04-27,62079.3828125,84900.0,85000.0,82700.0,85000.0,17740
2021-04-28,62079.3828125,84900.0,84900.0,83350.0,84900.0,28380
2021-04-29,61092.2421875,83550.0,84900.0,82600.0,84900.0,34020
2021-04-30,61092.2421875,83550.0,83550.0,83550.0,83550.0,0
2021-05-03,61092.2421875,83550.0,83550.0,83550.0,83550.0,0
2021-05-04,58935.19140625,80600.0,83550.0,80500.0,83550.0,55640
2021-05-05,58642.7109375,80200.0,80750.0,80050.0,80750.0,52880
2021-05-06,57034.0546875,78000.0,80200.0,77300.0,80200.0,72540
2021-05-07,55937.24609375,76500.0,78350.0,76000.0,77950.0,39980
2021-05-10,55023.23828125,75250.0,76150.0,75000.0,75000.0,47040
2021-05-11,55644.765625,76100.0,80000.0,75500.0,75500.0,47620
2021-05-12,55461.95703125,75850.0,76400.0,75500.0,76100.0,18280
2021-05-13,56375.97265625,77100.0,77600.0,75300.0,75750.0,78980
2021-05-14,56631.890625,77450.0,78500.0,77000.0,77100.0,48500
2021-05-17,56485.64453125,77250.0,78000.0,77250.0,78000.0,42840
2021-05-18,56302.84765625,77000.0,77500.0,76750.0,77250.0,49620
2021-05-19,56120.04296875,76750.0,77100.0,76250.0,77000.0,36100
2021-05-20,55608.203125,76050.0,76750.0,75750.0,76750.0,24420
2021-05-21,54913.55078125,75100.0,76000.0,75050.0,75500.0,34100
2021-05-24,56266.2890625,76950.0,77600.0,75150.0,75750.0,36520
2021-05-25,57728.69140625,78950.0,79000.0,77550.0,78000.0,34840
2021-05-26,59885.76171875,81900.0,82150.0,78000.0,78900.0,32180
2021-05-27,59593.27734375,81500.0,82000.0,80000.0,81900.0,45820
2021-05-28,59044.87109375,80750.0,81900.0,80000.0,80000.0,37220
2021-05-31,56851.25390625,77750.0,80250.0,77000.0,79500.0,33860
2021-06-01,56302.84765625,77000.0,78100.0,76000.0,76600.0,25460
2021-06-02,55571.64453125,76000.0,77000.0,75800.0,76150.0,29860
2021-06-03,56266.2890625,76950.0,77000.0,76000.0,76000.0,41520
2021-06-04,56193.16796875,76850.0,77850.0,76250.0,77850.0,39480
2021-06-07,56705.01171875,77550.0,78000.0,76500.0,76850.0,327000
2021-06-08,56705.01171875,77550.0,77550.0,77550.0,77550.0,0
2021-06-09,57363.08984375,78450.0,80000.0,78000.0,79050.0,189800
2021-06-10,58496.46484375,80000.0,81250.0,78650.0,78650.0,1381200
2021-06-11,59995.4375,82050.0,82450.0,80500.0,80500.0,718800
2021-06-14,60507.2890625,82750.0,83000.0,82050.0,82050.0,277200
2021-06-15,61604.09765625,84250.0,85250.0,81700.0,82250.0,537200
2021-06-16,61786.89453125,84500.0,84500.0,83000.0,84000.0,471600
2021-06-17,60690.0859375,83000.0,83950.0,82750.0,82750.0,165400
2021-06-18,62591.2109375,85600.0,86000.0,83250.0,83500.0,327600
2021-06-21,62152.5,85000.0,86000.0,84500.0,86000.0,238400
2021-06-22,61092.2421875,83550.0,86000.0,83550.0,86000.0,414800
2021-06-23,62225.61328125,85100.0,85500.0,83550.0,83550.0,372000
2021-06-24,62847.1328125,85950.0,86150.0,85000.0,85350.0,296200
2021-06-25,62847.1328125,85950.0,86000.0,84250.0,85950.0,221400
2021-06-28,62554.6640625,85550.0,86000.0,85000.0,85950.0,368600
2021-06-29,62006.2578125,84800.0,85550.0,84750.0,85550.0,181600
2021-06-30,61823.46484375,84550.0,84800.0,84000.0,84500.0,173600
2021-07-01,61311.60546875,83850.0,84750.0,83150.0,84750.0,314000
2021-07-02,61860.01953125,84600.0,84650.0,83150.0,84650.0,208000
2021-07-05,61860.01953125,84600.0,84600.0,84600.0,84600.0,0
2021-07-06,61860.01953125,84600.0,84600.0,84600.0,84600.0,0
2021-07-07,61860.01953125,84600.0,84600.0,84600.0,84600.0,0
2021-07-08,61860.01953125,84600.0,84600.0,84600.0,84600.0,0
2021-07-09,58496.46484375,80000.0,81500.0,80000.0,81500.0,116600
2021-07-12,58496.46484375,80000.0,80000.0,80000.0,80000.0,0
2021-07-13,57399.65234375,78500.0,79250.0,78050.0,79000.0,167400
2021-07-14,57399.65234375,78500.0,78500.0,78500.0,78500.0,0
2021-07-15,58459.9140625,79950.0,79950.0,78000.0,79000.0,268800
2021-07-16,58459.9140625,79950.0,79950.0,79950.0,79950.0,0
2021-07-19,56485.64453125,77250.0,78500.0,76750.0,78500.0,254000
2021-07-20,56668.4375,77500.0,78250.0,77000.0,77250.0,388600
2021-07-21,57326.52734375,78400.0,78750.0,78000.0,78250.0,221000
2021-07-22,57143.734375,78150.0,78250.0,77650.0,77750.0,219000
2021-07-23,56156.61328125,76800.0,78950.0,76800.0,78000.0,513600
2021-07-26,56120.04296875,76750.0,77050.0,76500.0,76800.0,182000
2021-07-27,56485.64453125,77250.0,79500.0,77000.0,78000.0,148000
2021-07-28,56485.64453125,77250.0,78000.0,77250.0,77350.0,77000
2021-07-29,57399.65234375,78500.0,78500.0,77300.0,77300.0,209600
2021-07-30,58130.86328125,79500.0,80000.0,78000.0,79700.0,1002600
2021-08-02,56705.01171875,77550.0,78900.0,77500.0,78900.0,474400
2021-08-03,56778.12109375,77650.0,78000.0,77650.0,78000.0,242000
2021-08-04,56778.12109375,77650.0,77650.0,77650.0,77650.0,0
2021-08-05,56924.37109375,77850.0,78500.0,77450.0,77750.0,331800
2021-08-06,56741.56640625,77600.0,78550.0,77550.0,78550.0,201800
2021-08-09,56705.01171875,77550.0,78500.0,77550.0,77600.0,298200
2021-08-10,56705.01171875,77550.0,77550.0,77550.0,77550.0,0
2021-08-11,56375.97265625,77100.0,77650.0,77100.0,77500.0,371800
2021-08-12,55973.8046875,76550.0,77100.0,76550.0,77050.0,424000
2021-08-13,55498.52734375,75900.0,76550.0,75800.0,76550.0,362400
2021-08-16,55425.41015625,75800.0,76250.0,75700.0,75900.0,397200
2021-08-17,55425.41015625,75800.0,75800.0,75800.0,75800.0,0
2021-08-18,53378.03125,73000.0,74500.0,72900.0,72900.0,689600
2021-08-19,54109.23046875,74000.0,74000.0,72600.0,73250.0,946600
2021-08-20,52281.21484375,71500.0,73850.0,71500.0,73850.0,694200
2021-08-23,51184.41015625,70000.0,71500.0,70000.0,71500.0,603000
2021-08-24,52061.859375,71200.0,71450.0,69900.0,70500.0,388600
2021-08-25,53816.75390625,73600.0,73900.0,71200.0,71200.0,480000
2021-08-26,53962.98046875,73800.0,73950.0,73250.0,73550.0,289800
2021-08-27,54292.03125,74250.0,74500.0,72850.0,73650.0,274600
2021-08-30,53816.75390625,73600.0,74750.0,73500.0,74250.0,235600
2021-08-31,54840.4296875,75000.0,75000.0,73250.0,73600.0,325400
2021-09-01,54365.15234375,74350.0,74850.0,74000.0,74850.0,137000
2021-09-02,54365.15234375,74350.0,74350.0,74350.0,74350.0,0
2021-09-03,54365.15234375,74350.0,74350.0,74350.0,74350.0,0
2021-09-06,54547.953125,74600.0,75000.0,73750.0,73750.0,231600
2021-09-07,54365.15234375,74350.0,75400.0,74250.0,74750.0,257800
2021-09-08,54365.15234375,74350.0,74350.0,74350.0,74350.0,0
2021-09-09,54401.70703125,74400.0,75050.0,74050.0,75050.0,159400
2021-09-10,55352.27734375,75700.0,75950.0,74350.0,74350.0,315800
2021-09-13,59044.87109375,80750.0,80950.0,77750.0,78250.0,1900000
2021-09-14,60690.0859375,83000.0,84500.0,80250.0,80950.0,736000
2021-09-15,60690.0859375,83000.0,83000.0,79250.0,83000.0,479400
2021-09-16,58862.078125,80500.0,81600.0,79250.0,81550.0,400400
2021-09-17,58862.078125,80500.0,80500.0,78800.0,80000.0,1593400
2021-09-20,57874.94140625,79150.0,81000.0,79150.0,81000.0,207000
2021-09-21,57874.94140625,79150.0,79150.0,79150.0,79150.0,0
2021-09-22,57874.94140625,79150.0,79150.0,79150.0,79150.0,0
2021-09-23,57838.37890625,79100.0,80400.0,78950.0,80400.0,162000
2021-09-24,58496.46484375,80000.0,80000.0,79500.0,79850.0,16420000
2021-09-27,58130.86328125,79500.0,80100.0,78900.0,80000.0,161000
2021-09-28,57436.20703125,78550.0,79200.0,78500.0,79000.0,261000
2021-09-29,57326.52734375,78400.0,78650.0,77050.0,78650.0,249000
2021-09-30,57180.2890625,78200.0,78500.0,78100.0,78250.0,160000
2021-10-01,56375.97265625,77100.0,78250.0,77000.0,78250.0,298800
2021-10-04,56668.4375,77500.0,79500.0,77100.0,77150.0,9580000
2021-10-05,58679.27734375,80250.0,80450.0,77550.0,79200.0,303200
2021-10-06,58679.27734375,80250.0,80250.0,80250.0,80250.0,0
2021-10-07,57984.62890625,79300.0,79750.0,78650.0,79500.0,88000
2021-10-08,57984.62890625,79300.0,79300.0,79300.0,79300.0,0
2021-10-11,57984.62890625,79300.0,79300.0,79300.0,79300.0,0
2021-10-12,59593.27734375,81500.0,82450.0,81000.0,82250.0,111400
2021-10-13,58862.078125,80500.0,82450.0,80400.0,81950.0,315800
2021-10-14,58862.078125,80500.0,80500.0,80500.0,80500.0,0
2021-10-15,59520.16796875,81400.0,81500.0,80100.0,80100.0,105800
2021-10-18,59520.16796875,81400.0,81400.0,81400.0,81400.0,0
2021-10-19,57948.0625,79250.0,80050.0,78000.0,80050.0,496400
2021-10-20,56741.56640625,77600.0,80150.0,77550.0,79250.0,807200
2021-10-21,55571.64453125,76000.0,79250.0,76000.0,78100.0,449400
2021-10-22,57216.84765625,78250.0,78250.0,77200.0,77250.0,103600
2021-10-25,57216.84765625,78250.0,78250.0,78250.0,78250.0,0
2021-10-26,57216.84765625,78250.0,78250.0,78250.0,78250.0,0
2021-10-27,57216.84765625,78250.0,78250.0,78250.0,78250.0,0
2021-10-28,60178.23828125,82300.0,82400.0,80100.0,81000.0,411800
2021-10-29,58679.27734375,80250.0,82300.0,80250.0,82300.0,444400
2021-11-01,58679.27734375,80250.0,80250.0,80250.0,80250.0,0
2021-11-02,60507.2890625,82750.0,82600.0,81000.0,81400.0,252600
2021-11-03,63103.06640625,86300.0,86400.0,82000.0,82600.0,68840000
2021-11-04,62810.58203125,85900.0,86300.0,83800.0,84800.0,212800
2021-11-05,62883.69921875,86000.0,86000.0,84050.0,84050.0,206600
2021-11-08,63505.22265625,86850.0,86950.0,85100.0,86000.0,279800
2021-11-09,63614.90625,87000.0,87000.0,85500.0,86700.0,125400
2021-11-10,63614.90625,87000.0,87000.0,85500.0,87000.0,75200
2021-11-11,62883.69921875,86000.0,87450.0,86000.0,86900.0,112600
2021-11-12,62883.69921875,86000.0,86950.0,85950.0,86000.0,71600
2021-11-15,62152.5,85000.0,86500.0,85000.0,85950.0,58600
2021-11-16,62371.85546875,85300.0,85500.0,83250.0,85500.0,94000
2021-11-17,62335.30078125,85250.0,85350.0,84500.0,85350.0,89000
2021-11-18,61494.421875,84100.0,85450.0,84100.0,85450.0,206800
2021-11-19,61092.2421875,83550.0,84600.0,83500.0,84100.0,84200
2021-11-22,61421.29296875,84000.0,84900.0,82000.0,83500.0,310200
2021-11-23,61421.29296875,84000.0,84900.0,83650.0,84050.0,61200
2021-11-24,61421.29296875,84000.0,84500.0,82050.0,84000.0,216400
2021-11-25,60324.48046875,82500.0,84000.0,82500.0,84000.0,201200
2021-11-26,58569.59375,80100.0,82800.0,80000.0,82800.0,423600
2021-11-29,57070.6171875,78050.0,80000.0,78050.0,80000.0,368600
2021-11-30,56302.84765625,77000.0,80000.0,77000.0,78150.0,718600
2021-12-01,57216.84765625,78250.0,79000.0,77300.0,79000.0,104000
2021-12-02,58130.86328125,79500.0,80000.0,78250.0,78250.0,413200
2021-12-03,57399.65234375,78500.0,79500.0,78500.0,79500.0,204200
2021-12-06,55425.41015625,75800.0,78400.0,75800.0,78400.0,243200
2021-12-07,55937.24609375,76500.0,77250.0,75900.0,75900.0,392800
2021-12-08,55900.68359375,76450.0,76800.0,76350.0,76550.0,289000
2021-12-09,55754.44921875,76250.0,77100.0,76200.0,76500.0,415800
2021-12-10,55681.3203125,76150.0,77000.0,75950.0,76250.0,300400
2021-12-13,55681.3203125,76150.0,76650.0,76150.0,76500.0,350200
2021-12-14,55864.12890625,76400.0,77000.0,76000.0,76150.0,252800
2021-12-15,55754.44921875,76250.0,76500.0,76100.0,76500.0,157800
2021-12-16,55206.046875,75500.0,76350.0,75300.0,76150.0,180800
2021-12-17,54840.4296875,75000.0,75650.0,75000.0,75500.0,378600
2021-12-20,54474.83203125,74500.0,75050.0,74400.0,75050.0,234200
2021-12-21,54438.2734375,74450.0,74850.0,74400.0,74500.0,244000
2021-12-22,53962.98046875,73800.0,74500.0,73750.0,74500.0,258800
2021-12-23,53707.07421875,73450.0,73800.0,73400.0,73650.0,285400
2021-12-24,53743.625,73500.0,74400.0,73100.0,73250.0,275600
2021-12-27,54072.6640625,73950.0,75500.0,73600.0,73650.0,156600
2021-12-28,54218.91015625,74150.0,74750.0,73750.0,74750.0,204000
2021-12-29,54218.91015625,74150.0,74150.0,73850.0,74150.0,100600
2021-12-30,54438.2734375,74450.0,74500.0,74250.0,74500.0,164200
2021-12-31,55206.046875,75500.0,79550.0,74450.0,74450.0,553200
2022-01-03,55206.046875,75500.0,75500.0,75500.0,75500.0,0
2022-01-04,57399.65234375,78500.0,78750.0,76000.0,76000.0,790600
2022-01-05,58240.55078125,79650.0,79850.0,79000.0,79000.0,644600
2022-01-06,57253.4140625,78300.0,79600.0,78000.0,79500.0,150600
2022-01-07,56734.94921875,76600.0,77350.0,76050.0,77350.0,228200
2022-01-10,56290.55078125,76000.0,77050.0,75550.0,77050.0,391800
2022-01-11,56623.84765625,76450.0,76500.0,75250.0,76000.0,259400
2022-01-12,56586.8125,76400.0,76450.0,75450.0,76400.0,326600
2022-01-13,55920.21875,75500.0,76550.0,75500.0,76500.0,240000
2022-01-14,56253.515625,75950.0,76050.0,75000.0,75000.0,160800
2022-01-17,55549.87890625,75000.0,77450.0,74500.0,76000.0,370000
2022-01-18,55920.21875,75500.0,76450.0,75050.0,75050.0,538800
2022-01-19,55549.87890625,75000.0,76000.0,74500.0,76000.0,223000
2022-01-20,55549.87890625,75000.0,76800.0,73200.0,73750.0,476200
2022-01-21,54809.21484375,74000.0,75950.0,72500.0,75950.0,217400
2022-01-24,53698.21875,72500.0,74150.0,72250.0,74150.0,323200
2022-01-25,53698.21875,72500.0,74250.0,71450.0,72450.0,311800
2022-01-26,53216.78515625,71850.0,72500.0,71500.0,72500.0,260200
2022-01-27,55105.48046875,74400.0,74450.0,72000.0,72500.0,315000
2022-01-28,55068.44921875,74350.0,74900.0,73550.0,74400.0,329600
2022-01-31,55068.44921875,74350.0,74350.0,74350.0,74350.0,0
2022-02-01,55068.44921875,74350.0,74350.0,74350.0,74350.0,0
2022-02-02,55068.44921875,74350.0,74350.0,74350.0,74350.0,0
2022-02-03,55068.44921875,74350.0,74350.0,74350.0,74350.0,0
2022-02-04,55068.44921875,74350.0,74350.0,74350.0,74350.0,0
2022-02-07,56327.5859375,76050.0,77500.0,74750.0,74750.0,151400
2022-02-08,57327.4765625,77400.0,77400.0,75950.0,76750.0,246200
2022-02-09,56957.15234375,76900.0,77400.0,75500.0,77200.0,151800
2022-02-10,58142.203125,78500.0,78500.0,75650.0,77400.0,417000
2022-02-11,59105.08203125,79800.0,79800.0,77750.0,78550.0,447600
2022-02-14,62178.8359375,83950.0,83950.0,77600.0,77600.0,685000
2022-02-15,62178.8359375,83950.0,83950.0,83950.0,83950.0,0
2022-02-16,62364.01171875,84200.0,85150.0,82500.0,85150.0,215000
2022-02-17,63141.703125,85250.0,86100.0,83750.0,83950.0,623000
2022-02-18,62734.3359375,84700.0,84950.0,83400.0,84000.0,378200
2022-02-21,62808.41015625,84800.0,85000.0,83500.0,84500.0,211000
2022-02-22,62364.01171875,84200.0,84450.0,80000.0,84450.0,236800
2022-02-23,62882.48046875,84900.0,85200.0,84050.0,84050.0,301600
2022-02-24,62845.44140625,84850.0,85200.0,82750.0,83050.0,325400
2022-02-25,62808.41015625,84800.0,85000.0,84000.0,84600.0,176000
2022-02-28,62882.48046875,84900.0,84950.0,83300.0,84500.0,141200
2022-03-01,62215.87890625,84000.0,84900.0,83750.0,84900.0,85800
2022-03-02,63150.05078125,84500.0,84500.0,83000.0,83500.0,186400
2022-03-03,62440.07421875,83550.0,84450.0,83550.0,84250.0,47400
2022-03-04,59787.02734375,80000.0,83000.0,80000.0,83000.0,223400
2022-03-07,57769.203125,77300.0,79950.0,76550.0,78750.0,572800
2022-03-08,58142.875,77800.0,77800.0,76600.0,76650.0,193600
2022-03-09,57918.671875,77500.0,80500.0,77000.0,77350.0,357600
2022-03-10,58666.015625,78500.0,79500.0,77500.0,77500.0,286000
2022-03-11,57545.0078125,77000.0,79400.0,76850.0,79400.0,267400
2022-03-14,57545.0078125,77000.0,77450.0,75500.0,76500.0,309000
2022-03-15,56536.1015625,75650.0,77000.0,75250.0,77000.0,276200
2022-03-16,57545.0078125,77000.0,77050.0,75350.0,75750.0,286000
2022-03-17,57545.0078125,77000.0,77000.0,76100.0,77000.0,83400
2022-03-18,56610.83984375,75750.0,77450.0,75750.0,77350.0,480400
2022-03-21,56872.41015625,76100.0,76950.0,76050.0,76950.0,133000
2022-03-22,57545.0078125,77000.0,77200.0,76400.0,76900.0,234600
2022-03-23,58852.84765625,78750.0,80000.0,76450.0,77000.0,290800
2022-03-24,58964.953125,78900.0,78950.0,77500.0,78900.0,190400
2022-03-25,58852.84765625,78750.0,79000.0,77950.0,79000.0,245200
2022-03-28,58890.21484375,78800.0,79050.0,77000.0,79050.0,156200
2022-03-29,59039.6875,79000.0,79450.0,77650.0,78800.0,340200
2022-03-30,59002.31640625,78950.0,79000.0,78200.0,79000.0,319800
2022-03-31,59413.35546875,79500.0,79500.0,78700.0,78950.0,393800
2022-04-01,61767.46875,82650.0,83000.0,79550.0,80250.0,700400
2022-04-04,62215.87109375,83250.0,83650.0,82750.0,83400.0,442800
2022-04-05,62103.7734375,83100.0,83500.0,83000.0,83250.0,138800
2022-04-06,63336.875,84750.0,85100.0,81550.0,83000.0,593200
2022-04-07,62215.87109375,83250.0,84400.0,83250.0,84400.0,179200
2022-04-08,61356.4296875,82100.0,83050.0,80800.0,80800.0,290400
2022-04-11,61356.4296875,82100.0,82100.0,82100.0,82100.0,0
2022-04-12,61020.1328125,81650.0,83500.0,81650.0,82050.0,223400
2022-04-13,61094.8671875,81750.0,82500.0,81100.0,81700.0,265600
2022-04-14,62365.34375,83450.0,83500.0,80800.0,81950.0,200600
2022-04-15,63000.578125,84300.0,85400.0,83000.0,83000.0,440200
2022-04-18,63523.7109375,85000.0,86500.0,84000.0,84200.0,1559600
2022-04-19,63112.6796875,84450.0,85500.0,83000.0,85000.0,638600
2022-04-20,64271.05859375,86000.0,86450.0,83500.0,84450.0,645000
2022-04-21,63411.62109375,84850.0,85900.0,83450.0,85050.0,1003400
2022-04-22,63635.8203125,85150.0,90700.0,78950.0,84800.0,746400
2022-04-25,59189.1640625,79200.0,84600.0,79200.0,84600.0,517800
2022-04-26,63150.05078125,84500.0,84650.0,75500.0,75500.0,880600
2022-04-27,63150.05078125,84500.0,84500.0,81100.0,81100.0,293000
2022-04-28,61655.37109375,82500.0,83500.0,81600.0,82550.0,87400
2022-04-29,60571.73046875,81050.0,83000.0,80000.0,82200.0,323000
2022-05-02,60571.73046875,81050.0,81050.0,81050.0,81050.0,0
2022-05-03,60571.73046875,81050.0,81050.0,81050.0,81050.0,0
2022-05-04,61094.8671875,81750.0,82000.0,79900.0,79900.0,151800
2022-05-05,63299.51171875,84700.0,84700.0,80600.0,81750.0,224600
2022-05-06,62589.546875,83750.0,84650.0,82500.0,83000.0,310000
2022-05-09,59824.3984375,80050.0,83500.0,80000.0,81650.0,372200
2022-05-10,61618.00390625,82450.0,82500.0,78500.0,78650.0,294000
2022-05-11,61094.8671875,81750.0,82650.0,81000.0,82400.0,318800
2022-05-12,61618.00390625,82450.0,83300.0,80950.0,81750.0,478800
2022-05-13,60795.9296875,81350.0,82500.0,76950.0,82000.0,663200
2022-05-16,58964.953125,78900.0,80950.0,77250.0,79500.0,199400
2022-05-17,61842.2109375,82750.0,82750.0,76500.0,76900.0,344600
2022-05-18,60347.5234375,80750.0,81400.0,79500.0,81000.0,310800
2022-05-19,60870.6640625,81450.0,81450.0,78000.0,78000.0,277200
2022-05-20,58479.171875,78250.0,80350.0,78000.0,79150.0,333400
2022-05-23,57582.375,77050.0,79000.0,77000.0,78300.0,192800
2022-05-24,57545.0078125,77000.0,77500.0,76500.0,77050.0,356200
2022-05-25,57545.0078125,77000.0,77800.0,76550.0,77000.0,392400
2022-05-26,57171.34375,76500.0,77850.0,76250.0,77000.0,454800
2022-05-27,57545.0078125,77000.0,77350.0,76350.0,76550.0,457400
2022-05-30,57320.8125,76700.0,77450.0,76350.0,77000.0,281800
2022-05-31,57358.171875,76750.0,77350.0,75950.0,76700.0,341800
2022-06-01,57208.70703125,76550.0,77250.0,76300.0,76300.0,718200
2022-06-02,57208.70703125,76550.0,76550.0,76550.0,76550.0,0
2022-06-03,57993.40625,77600.0,78400.0,76500.0,76500.0,517400
2022-06-06,59226.51953125,79250.0,79450.0,77500.0,77500.0,442600
2022-06-07,59749.6640625,79950.0,79950.0,78450.0,78950.0,275400
2022-06-08,59674.92578125,79850.0,81100.0,78950.0,79950.0,397800
2022-06-09,58666.015625,78500.0,79900.0,78500.0,79850.0,222000
2022-06-10,58927.5859375,78850.0,79150.0,78250.0,78500.0,153600
2022-06-13,57171.34375,76500.0,77500.0,75850.0,77500.0,303000
2022-06-14,56050.328125,75000.0,76200.0,74800.0,76000.0,392800
2022-06-15,56797.67578125,76000.0,76350.0,75000.0,76000.0,233600
2022-06-16,58441.8125,78200.0,79000.0,76250.0,76250.0,313400
2022-06-17,58292.34375,78000.0,78500.0,75500.0,76450.0,301600
2022-06-20,56797.67578125,76000.0,77350.0,75750.0,76500.0,104800
2022-06-21,57918.671875,77500.0,79000.0,74500.0,76750.0,365800
2022-06-22,58292.34375,78000.0,78850.0,77000.0,78850.0,271000
2022-06-23,57320.8125,76700.0,77450.0,75800.0,75800.0,47000
2022-06-24,58142.875,77800.0,77900.0,76100.0,76100.0,168000
2022-06-27,58591.27734375,78400.0,78450.0,77500.0,78000.0,198200
2022-06-28,58703.37109375,78550.0,78650.0,76400.0,78400.0,138200
2022-06-29,57545.0078125,77000.0,78550.0,76750.0,78550.0,78600
2022-06-30,57769.203125,77300.0,78000.0,77000.0,77000.0,48600
2022-07-01,57507.6484375,76950.0,77850.0,76250.0,77850.0,123000
2022-07-04,57358.171875,76750.0,77500.0,76250.0,77000.0,41600
2022-07-05,56349.2734375,75400.0,77450.0,75400.0,77400.0,302600
2022-07-06,57021.875,76300.0,76500.0,75000.0,75400.0,120600
2022-07-07,58367.07421875,78100.0,78100.0,75700.0,76450.0,104200
2022-07-08,57956.046875,77550.0,78150.0,76450.0,76450.0,183000
2022-07-11,57956.046875,77550.0,77550.0,76500.0,76800.0,109000
2022-07-12,57956.046875,77550.0,77550.0,77550.0,77550.0,0
2022-07-13,57395.55078125,76800.0,77900.0,76600.0,76600.0,83400
2022-07-14,57881.3125,77450.0,77500.0,76500.0,76500.0,44800
2022-07-15,57545.0078125,77000.0,77150.0,76300.0,77000.0,77000
2022-07-18,57619.74609375,77100.0,77100.0,76600.0,76650.0,24000
2022-07-19,58591.27734375,78400.0,78450.0,76600.0,77250.0,278000
2022-07-20,59712.30078125,79900.0,79900.0,78400.0,78750.0,214400
2022-07-21,61655.37109375,82500.0,83000.0,80000.0,80000.0,446600
2022-07-22,62029.046875,83000.0,83950.0,80500.0,82000.0,392800
2022-07-25,61655.37109375,82500.0,83000.0,81500.0,83000.0,261800
2022-07-26,62664.27734375,83850.0,84000.0,81000.0,81000.0,330200
2022-07-27,62664.27734375,83850.0,83900.0,82900.0,83900.0,233400
2022-07-28,64644.7265625,86500.0,87500.0,84600.0,84600.0,466600
2022-07-29,67260.3984375,90000.0,92250.0,87700.0,87700.0,340600
2022-08-01,68381.3984375,91500.0,92000.0,90150.0,91000.0,429200
2022-08-02,70175.0234375,93900.0,93950.0,91000.0,91000.0,460200
2022-08-03,70959.7421875,94950.0,95500.0,92400.0,93000.0,480400
2022-08-04,69128.734375,92500.0,95150.0,90000.0,94000.0,585400
2022-08-05,68231.9375,91300.0,95000.0,90800.0,91050.0,439400
2022-08-08,67634.0703125,90500.0,94000.0,89500.0,91700.0,295200
2022-08-09,67335.1328125,90100.0,92000.0,90100.0,92000.0,277600
2022-08-10,68007.7421875,91000.0,91000.0,89400.0,91000.0,270800
2022-08-11,68007.7421875,91000.0,92350.0,90000.0,91400.0,397400
2022-08-12,68007.7421875,91000.0,91250.0,90300.0,90750.0,218800
2022-08-15,69502.4140625,93000.0,93500.0,90550.0,91000.0,485800
2022-08-16,70249.7578125,94000.0,94250.0,93050.0,93700.0,385600
2022-08-17,70436.609375,94250.0,94350.0,92000.0,94000.0,401600
2022-08-18,72304.9296875,96750.0,98950.0,93050.0,94200.0,660000
2022-08-19,72865.4453125,97500.0,98050.0,95550.0,95550.0,208600
2022-08-22,72491.7734375,97000.0,97700.0,96100.0,97700.0,175600
2022-08-23,70997.109375,95000.0,97500.0,95000.0,96750.0,178800
2022-08-24,69876.0859375,93500.0,96150.0,93250.0,95000.0,246200
2022-08-25,70062.921875,93750.0,96400.0,93400.0,93550.0,122800
2022-08-26,70249.7578125,94000.0,94250.0,92150.0,93650.0,183000
2022-08-29,70249.7578125,94000.0,94950.0,91750.0,91750.0,212600
2022-08-30,70212.390625,93950.0,94500.0,93400.0,94250.0,114800
2022-08-31,70212.390625,93950.0,94200.0,92750.0,93900.0,252000
2022-09-01,70212.390625,93950.0,93950.0,93950.0,93950.0,0
2022-09-02,70212.390625,93950.0,93950.0,93950.0,93950.0,0
2022-09-05,70249.7578125,94000.0,94050.0,93050.0,93950.0,211800
2022-09-06,70473.96875,94300.0,95350.0,93900.0,94000.0,207000
2022-09-07,70249.7578125,94000.0,94500.0,92650.0,94300.0,256800
2022-09-08,71632.328125,95850.0,96550.0,94000.0,94500.0,336400
2022-09-09,72417.03125,96900.0,97750.0,95850.0,96250.0,453600
2022-09-12,72865.4453125,97500.0,98900.0,96900.0,96900.0,455000
2022-09-13,71370.7578125,95500.0,98350.0,95500.0,97500.0,326200
2022-09-14,68755.078125,92000.0,95000.0,92000.0,95000.0,474800
2022-09-15,69240.8515625,92650.0,94000.0,91500.0,92250.0,399600
2022-09-16,69240.8515625,92650.0,94450.0,91500.0,94450.0,378200
2022-09-19,69240.8515625,92650.0,93750.0,92450.0,92650.0,294600
2022-09-20,70062.921875,93750.0,94750.0,92900.0,93000.0,163600
2022-09-21,70249.7578125,94000.0,94750.0,92600.0,92750.0,93400
2022-09-22,69876.0859375,93500.0,94700.0,92900.0,94700.0,205600
2022-09-23,69876.0859375,93500.0,94000.0,92850.0,94000.0,280400
2022-09-26,69128.734375,92500.0,94000.0,92000.0,93000.0,261400
2022-09-27,69240.8515625,92650.0,93200.0,91500.0,93200.0,181000
2022-09-28,68381.3984375,91500.0,92400.0,87500.0,92000.0,157600
2022-09-29,68306.671875,91400.0,92800.0,90250.0,92800.0,126600
2022-09-30,69128.734375,92500.0,93250.0,89000.0,89000.0,190400
2022-10-03,68082.4765625,91100.0,93000.0,90500.0,90500.0,154800
2022-10-04,70249.7578125,94000.0,94450.0,91100.0,91100.0,412400
2022-10-05,70623.4375,94500.0,95500.0,93550.0,94800.0,530200
2022-10-06,69427.6796875,92900.0,93250.0,92500.0,92600.0,108200
2022-10-07,69876.0859375,93500.0,93500.0,91500.0,91500.0,356200
2022-10-10,68941.8984375,92250.0,93050.0,90600.0,93000.0,423000
2022-10-11,68568.2421875,91750.0,92750.0,91050.0,91750.0,316600
2022-10-12,68568.2421875,91750.0,93750.0,91750.0,93750.0,120400
2022-10-13,70997.109375,95000.0,95000.0,90750.0,91750.0,391200
2022-10-14,70399.234375,94200.0,96500.0,92000.0,96500.0,198200
2022-10-17,69166.1015625,92550.0,94900.0,91800.0,92750.0,133400
2022-10-18,70922.359375,94900.0,94900.0,92650.0,94700.0,360600
2022-10-19,71333.4140625,95450.0,95450.0,94250.0,95000.0,227800
2022-10-20,71482.875,95650.0,95950.0,94600.0,95000.0,228800
2022-10-21,72118.09375,96500.0,97500.0,94700.0,95750.0,355000
2022-10-24,67634.0703125,90500.0,101500.0,90500.0,98000.0,558600
2022-10-25,70175.0234375,93900.0,96250.0,91750.0,91800.0,504200
2022-10-26,69539.78125,93050.0,96800.0,93050.0,96800.0,301200
2022-10-27,70212.390625,93950.0,94450.0,91750.0,93100.0,444000
2022-10-28,69539.78125,93050.0,95300.0,93050.0,95000.0,171600
2022-10-31,69240.8515625,92650.0,94250.0,91250.0,94250.0,211400
2022-11-01,68605.6015625,91800.0,93450.0,91600.0,92650.0,341400
2022-11-02,68568.2421875,91750.0,91800.0,90050.0,91800.0,330000
2022-11-03,68007.7421875,91000.0,91500.0,90300.0,91500.0,126000
2022-11-04,68007.7421875,91000.0,92500.0,89500.0,91000.0,235000
2022-11-07,68755.078125,92000.0,92000.0,90550.0,91050.0,393600
2022-11-08,68381.3984375,91500.0,92100.0,91400.0,92000.0,338400
2022-11-09,68941.8984375,92250.0,92900.0,91550.0,91550.0,290600
2022-11-10,68941.8984375,92250.0,93000.0,91500.0,92750.0,335200
2022-11-11,70175.0234375,93900.0,95950.0,92900.0,94000.0,324000
2022-11-14,72865.4453125,97500.0,97950.0,91000.0,93900.0,480000
2022-11-15,69689.25,93250.0,97450.0,93250.0,97450.0,318000
2022-11-16,67559.3359375,90400.0,93000.0,90400.0,91000.0,542800
2022-11-17,68381.3984375,91500.0,96700.0,89750.0,91450.0,565200
2022-11-18,66961.4609375,89600.0,92750.0,89250.0,92700.0,590800
2022-11-21,68231.9375,91300.0,92000.0,90000.0,91000.0,146600
2022-11-22,67708.8046875,90600.0,92500.0,90050.0,90350.0,206200
2022-11-23,68007.7421875,91000.0,91500.0,90400.0,90400.0,107800
2022-11-24,67447.2421875,90250.0,91500.0,90000.0,91500.0,305200
2022-11-25,67260.3984375,90000.0,91100.0,89950.0,90250.0,288800
2022-11-28,66176.7578125,88550.0,90000.0,83700.0,83700.0,595400
2022-11-29,65765.7265625,88000.0,89950.0,87150.0,88600.0,621400
2022-11-30,67260.3984375,90000.0,90350.0,88050.0,89900.0,576600
2022-12-01,65541.53125,87700.0,90250.0,87500.0,89500.0,755200
2022-12-02,66139.3984375,88500.0,90400.0,87750.0,87750.0,615000
2022-12-05,67148.3046875,89850.0,90500.0,88550.0,88550.0,334400
2022-12-06,66699.8984375,89250.0,90000.0,88950.0,89800.0,501000
2022-12-07,66886.734375,89500.0,89950.0,88250.0,88300.0,428200
2022-12-08,66513.0625,89000.0,90000.0,88500.0,89950.0,376000
2022-12-09,66513.0625,89000.0,89650.0,88500.0,89650.0,435200
2022-12-12,66625.1484375,89150.0,89950.0,89000.0,89000.0,471400
2022-12-13,66513.0625,89000.0,89750.0,89000.0,89150.0,723800
2022-12-14,66886.734375,89500.0,89850.0,88650.0,89700.0,504400
2022-12-15,66886.734375,89500.0,89900.0,89200.0,89550.0,279200
2022-12-16,66176.7578125,88550.0,89500.0,88550.0,89500.0,851800
2022-12-19,65392.046875,87500.0,89250.0,87500.0,88600.0,324200
2022-12-20,65581.609375,86500.0,88500.0,86000.0,86450.0,612800
2022-12-21,66339.765625,87500.0,88200.0,86250.0,86250.0,346000
2022-12-22,66453.5,87650.0,88950.0,87650.0,87650.0,246400
2022-12-23,66339.765625,87500.0,88500.0,87500.0,88450.0,150600
2022-12-26,65581.609375,86500.0,88450.0,86500.0,88000.0,441600
2022-12-27,65012.97265625,85750.0,88200.0,85750.0,87650.0,276800
2022-12-28,66908.3984375,88250.0,88250.0,85800.0,85900.0,314000
2022-12-29,65543.6953125,86450.0,87850.0,86450.0,86750.0,206800
2022-12-30,63269.19140625,83450.0,87950.0,83450.0,87000.0,334600
2023-01-02,63269.19140625,83450.0,83450.0,83450.0,83450.0,0
2023-01-03,64065.265625,84500.0,86750.0,84100.0,85550.0,243400
2023-01-04,65012.97265625,85750.0,87000.0,84500.0,84600.0,233800
2023-01-05,66036.4921875,87100.0,91750.0,85750.0,86000.0,510600
2023-01-06,68500.5546875,90350.0,91300.0,87100.0,88600.0,260200
2023-01-09,68083.5546875,89800.0,91000.0,87900.0,89750.0,93800
2023-01-10,66756.7734375,88050.0,90100.0,88050.0,89850.0,202400
2023-01-11,68614.2734375,90500.0,90950.0,90000.0,90000.0,310000
2023-01-12,68159.375,89900.0,91000.0,89500.0,91000.0,60400
2023-01-13,70471.7890625,92950.0,93200.0,89900.0,89900.0,436200
2023-01-16,71457.4140625,94250.0,94950.0,93050.0,94000.0,210600
2023-01-17,70888.7890625,93500.0,94250.0,91150.0,94000.0,177200
2023-01-18,70888.7890625,93500.0,96000.0,93500.0,96000.0,150400
2023-01-19,70395.96875,92850.0,96500.0,92850.0,95000.0,403400
2023-01-20,70395.96875,92850.0,92850.0,92850.0,92850.0,0
2023-01-23,70395.96875,92850.0,92850.0,92850.0,92850.0,0
2023-01-24,70395.96875,92850.0,92850.0,92850.0,92850.0,0
2023-01-25,70395.96875,92850.0,92850.0,92850.0,92850.0,0
2023-01-26,70395.96875,92850.0,92850.0,92850.0,92850.0,0
2023-01-27,73201.1875,96550.0,97500.0,92900.0,92900.0,267200
2023-01-30,72026.046875,95000.0,96550.0,94750.0,96550.0,355600
2023-01-31,71646.953125,94500.0,95400.0,93250.0,93500.0,111000
2023-02-01,70888.7890625,93500.0,95250.0,93300.0,94500.0,341400
2023-02-02,71078.328125,93750.0,95750.0,93050.0,95000.0,177400
2023-02-03,73087.46875,96400.0,96400.0,92900.0,92900.0,210600
2023-02-06,74073.09375,97700.0,97700.0,95050.0,95250.0,157600
2023-02-07,72480.9453125,95600.0,98500.0,95600.0,96000.0,57800
2023-02-08,74755.4453125,98600.0,99250.0,94500.0,94500.0,219400
2023-02-09,73466.5625,96900.0,99500.0,96000.0,98650.0,99800
2023-02-10,71798.6015625,94700.0,98000.0,94600.0,98000.0,141800
2023-02-13,72746.2890625,95950.0,95950.0,93200.0,94500.0,175800
2023-02-14,71267.875,94000.0,96450.0,93550.0,96450.0,102800
2023-02-15,71646.953125,94500.0,95750.0,94000.0,94050.0,154000
2023-02-16,71912.328125,94850.0,95250.0,94000.0,94050.0,55400
2023-02-17,70926.6953125,93550.0,95000.0,93300.0,94850.0,90600
2023-02-20,72101.8671875,95100.0,96450.0,94250.0,95500.0,139600
2023-02-21,72215.59375,95250.0,95400.0,93800.0,93800.0,169000
2023-02-22,70888.7890625,93500.0,95500.0,93500.0,95500.0,164200
2023-02-23,70926.6953125,93550.0,94550.0,92500.0,94500.0,155400
2023-02-24,71646.953125,94500.0,94800.0,92500.0,93550.0,197600
2023-02-27,70244.3359375,92650.0,95000.0,92550.0,95000.0,115200
2023-02-28,71267.875,94000.0,95150.0,92750.0,95000.0,193800
2023-03-01,72973.7421875,96250.0,96250.0,92800.0,93000.0,82800
2023-03-02,71678.140625,94050.0,95000.0,93550.0,94300.0,76600
2023-03-03,71258.9609375,93500.0,94650.0,92600.0,94650.0,184800
2023-03-06,70496.8203125,92500.0,95950.0,92500.0,95950.0,152600
2023-03-07,71220.8515625,93450.0,94500.0,92600.0,93000.0,245400
2023-03-08,71068.4296875,93250.0,93250.0,92200.0,92200.0,194600
2023-03-09,71068.4296875,93250.0,93550.0,93200.0,93250.0,433400
2023-03-10,70725.4609375,92800.0,93550.0,92350.0,92350.0,533400
2023-03-13,71258.9609375,93500.0,93500.0,93000.0,93400.0,707000
2023-03-14,72402.1640625,95000.0,95000.0,93500.0,93850.0,522600
2023-03-15,72211.6328125,94750.0,95750.0,94550.0,95300.0,467600
2023-03-16,72783.21875,95500.0,98000.0,93500.0,94950.0,616200
2023-03-17,73164.28125,96000.0,96000.0,94600.0,95500.0,813800
2023-03-20,72021.09375,94500.0,96100.0,93050.0,95050.0,84800
2023-03-21,70877.890625,93000.0,95000.0,92950.0,94500.0,283200
2023-03-22,71449.4921875,93750.0,94450.0,91750.0,92750.0,363200
2023-03-23,71640.03125,94000.0,94100.0,92100.0,93750.0,173000
2023-03-24,71563.8125,93900.0,94100.0,92500.0,92500.0,261200
2023-03-27,70877.890625,93000.0,94000.0,92800.0,93050.0,116800
2023-03-28,70877.890625,93000.0,93250.0,92600.0,93000.0,119600
2023-03-29,70649.25,92700.0,93400.0,92050.0,93400.0,119800
2023-03-30,70496.8203125,92500.0,93150.0,92200.0,93150.0,140200
2023-03-31,70382.5078125,92350.0,92900.0,91750.0,92500.0,132800
2023-04-03,68972.5703125,90500.0,92250.0,90500.0,92000.0,187800
2023-04-04,67829.3828125,89000.0,90800.0,88900.0,90600.0,330000
2023-04-05,67257.7890625,88250.0,89050.0,87750.0,89050.0,334200
2023-04-06,67410.2109375,88450.0,89250.0,88250.0,89250.0,294600
2023-04-07,67448.3203125,88500.0,88950.0,88050.0,88500.0,130800
2023-04-10,67295.8984375,88300.0,88800.0,88000.0,88800.0,387400
2023-04-11,66686.1875,87500.0,88100.0,87500.0,87900.0,262800
2023-04-12,65161.9453125,85500.0,87100.0,85350.0,87100.0,672000
2023-04-13,64590.34375,84750.0,86350.0,84250.0,85750.0,373200
2023-04-14,63637.6875,83500.0,85000.0,83500.0,84750.0,553200
2023-04-17,62494.484375,82000.0,83500.0,82000.0,83300.0,465200
2023-04-18,63180.40625,82900.0,84000.0,82300.0,82350.0,359000
2023-04-19,64933.30859375,85200.0,85500.0,83100.0,83850.0,658200
2023-04-20,64971.4140625,85250.0,86700.0,85250.0,85850.0,492400
2023-04-21,64971.4140625,85250.0,86300.0,85250.0,86250.0,339800
2023-04-24,65200.0546875,85550.0,85600.0,85250.0,85250.0,253000
2023-04-25,65161.9453125,85500.0,85600.0,84500.0,85550.0,395200
2023-04-26,65161.9453125,85500.0,85750.0,85400.0,85500.0,355000
2023-04-27,66305.125,87000.0,87000.0,84750.0,85500.0,309200
2023-04-28,65543.0078125,86000.0,87400.0,86000.0,87150.0,150600
2023-05-01,65543.0078125,86000.0,86000.0,86000.0,86000.0,0
2023-05-02,65543.0078125,86000.0,86000.0,86000.0,86000.0,0
2023-05-03,65543.0078125,86000.0,86000.0,86000.0,86000.0,0
2023-05-04,63485.26171875,83300.0,86000.0,83050.0,86000.0,216000
2023-05-05,63066.08984375,82750.0,83750.0,82650.0,83400.0,220400
2023-05-08,63447.1484375,83250.0,83400.0,82900.0,83000.0,135800
2023-05-09,62913.66015625,82550.0,83500.0,82500.0,83500.0,158800
2023-05-10,62951.765625,82600.0,82900.0,82550.0,82550.0,202600
2023-05-11,62685.0234375,82250.0,84500.0,82000.0,82650.0,328600
2023-05-12,62456.375,81950.0,82850.0,81450.0,82700.0,299400
2023-05-15,62532.58984375,82050.0,82800.0,82000.0,82350.0,238000
2023-05-16,62113.42578125,81500.0,82500.0,81400.0,82500.0,146800
2023-05-17,61922.89453125,81250.0,81500.0,81050.0,81500.0,206000
2023-05-18,61846.6796875,81150.0,81500.0,80800.0,81250.0,359800
2023-05-19,61236.984375,80350.0,81150.0,80050.0,81150.0,151400
2023-05-22,61236.984375,80350.0,80900.0,80100.0,80350.0,133000
2023-05-23,60589.16796875,79500.0,80900.0,79100.0,80750.0,289200
2023-05-24,60589.16796875,79500.0,79500.0,79500.0,79500.0,0
2023-05-25,60208.10546875,79000.0,79400.0,78000.0,79250.0,195000
2023-05-26,59255.44140625,77750.0,79000.0,77500.0,79000.0,141200
2023-05-29,59179.2265625,77650.0,78700.0,77600.0,77800.0,181800
2023-05-30,59445.97265625,78000.0,78150.0,77650.0,77700.0,291200
2023-05-31,60208.10546875,79000.0,79250.0,78000.0,78000.0,315800
2023-06-01,60284.3203125,79100.0,79500.0,78200.0,78200.0,252200
2023-06-02,60208.10546875,79000.0,79750.0,78800.0,79750.0,277400
2023-06-05,60741.59765625,79700.0,80150.0,79550.0,80000.0,226600
2023-06-06,60970.234375,80000.0,80050.0,79650.0,79950.0,253600
2023-06-07,60894.02734375,79900.0,80150.0,79800.0,80050.0,410200
2023-06-08,60894.02734375,79900.0,80100.0,79750.0,80100.0,316400
2023-06-09,60778.6171875,79000.0,79750.0,79000.0,79750.0,54800
2023-06-12,62317.3203125,81000.0,81100.0,79050.0,79050.0,218200
2023-06-13,62240.3828125,80900.0,81100.0,80300.0,81050.0,169200
2023-06-14,62317.3203125,81000.0,81750.0,80300.0,80900.0,406400
2023-06-15,61163.2890625,79500.0,81400.0,79500.0,81400.0,217200
2023-06-16,59624.58203125,77500.0,80500.0,77500.0,80500.0,469800
2023-06-19,60317.0,78400.0,78500.0,77950.0,78500.0,258800
2023-06-20,59739.98828125,77650.0,78400.0,77600.0,78400.0,195600
2023-06-21,59624.58203125,77500.0,77900.0,77200.0,77650.0,273600
2023-06-22,59624.58203125,77500.0,77500.0,77500.0,77500.0,0
2023-06-23,60201.59375,78250.0,78250.0,77200.0,77400.0,397200
2023-06-26,60009.26171875,78000.0,78950.0,78000.0,78950.0,279800
2023-06-27,59393.78515625,77200.0,78500.0,77200.0,77800.0,389200
2023-06-28,59509.18359375,77350.0,77700.0,77300.0,77700.0,169600
2023-06-29,59239.9140625,77000.0,77600.0,77000.0,77600.0,359600
2023-06-30,59086.05078125,76800.0,77200.0,76750.0,77200.0,305400
2023-07-03,59124.515625,76850.0,77400.0,76750.0,77000.0,156200
2023-07-04,59086.05078125,76800.0,77150.0,76700.0,76850.0,198000
2023-07-05,59162.984375,76900.0,77400.0,76800.0,76900.0,160000
2023-07-06,59009.11328125,76700.0,77000.0,76700.0,76900.0,182800
2023-07-07,58085.89453125,75500.0,77200.0,75450.0,76800.0,407200
2023-07-10,57816.62109375,75150.0,75650.0,75000.0,75550.0,395600
2023-07-11,57701.21484375,75000.0,75400.0,75000.0,75000.0,407000
2023-07-12,58085.89453125,75500.0,76000.0,75000.0,75000.0,198000
2023-07-13,59047.57421875,76750.0,77000.0,75600.0,75600.0,413400
2023-07-14,59162.984375,76900.0,76900.0,76550.0,76800.0,238400
2023-07-17,59047.57421875,76750.0,77550.0,76500.0,77150.0,242200
2023-07-18,58893.70703125,76550.0,77100.0,76300.0,76900.0,246400
2023-07-19,58778.30859375,76400.0,76800.0,76400.0,76550.0,302200
2023-07-20,58932.17578125,76600.0,76950.0,76350.0,76400.0,222000
2023-07-21,58893.70703125,76550.0,76600.0,76200.0,76550.0,244800
2023-07-24,59624.58203125,77500.0,77750.0,76650.0,76650.0,464200
2023-07-25,60778.6171875,79000.0,79050.0,77600.0,77900.0,758600
2023-07-26,62163.44921875,80800.0,80900.0,78950.0,78950.0,398400
2023-07-27,61624.90625,80100.0,80750.0,79750.0,80500.0,302600
2023-07-28,60393.9375,78500.0,80100.0,78500.0,80000.0,648800
2023-07-31,60317.0,78400.0,79850.0,78300.0,78450.0,551000
2023-08-01,60932.4921875,79200.0,80000.0,79000.0,79550.0,264800
2023-08-02,61124.828125,79450.0,79650.0,78850.0,79650.0,244200
2023-08-03,62124.9765625,80750.0,80750.0,79500.0,79800.0,560400
2023-08-04,61740.30859375,80250.0,81250.0,79750.0,81250.0,491800
2023-08-07,61932.64453125,80500.0,81100.0,79800.0,80100.0,570200
2023-08-08,62163.44921875,80800.0,81150.0,80300.0,81150.0,337200
2023-08-09,61932.64453125,80500.0,80850.0,80150.0,80800.0,255000
2023-08-10,61778.76953125,80300.0,80650.0,80000.0,80650.0,361800
2023-08-11,61355.63671875,79750.0,80300.0,79250.0,80000.0,374600
2023-08-14,60778.6171875,79000.0,79800.0,79000.0,79500.0,326000
2023-08-15,60509.3359375,78650.0,79000.0,78350.0,79000.0,295200
2023-08-16,60509.3359375,78650.0,79750.0,78500.0,79500.0,437000
2023-08-17,59893.86328125,77850.0,78650.0,77750.0,78650.0,651600
2023-08-18,59086.05078125,76800.0,79250.0,76350.0,77750.0,610800
2023-08-21,58739.83984375,76350.0,77250.0,76000.0,77250.0,416600
2023-08-22,57701.21484375,75000.0,76700.0,75000.0,76350.0,781400
2023-08-23,57739.69140625,75050.0,76400.0,75000.0,76250.0,706400
2023-08-24,59047.57421875,76750.0,77500.0,76600.0,77450.0,1218800
2023-08-25,60086.19140625,78100.0,79100.0,77350.0,77650.0,861200
2023-08-28,60124.66796875,78150.0,79000.0,77950.0,79000.0,573400
2023-08-29,60817.0859375,79050.0,79650.0,77950.0,78250.0,550800
2023-08-30,61471.0390625,79900.0,80400.0,79350.0,79750.0,558600
2023-08-31,60778.6171875,79000.0,80250.0,79000.0,80000.0,590200
2023-09-01,60778.6171875,79000.0,79000.0,79000.0,79000.0,0
2023-09-04,60778.6171875,79000.0,79000.0,79000.0,79000.0,0
2023-09-05,61086.3515625,79400.0,80200.0,79250.0,79500.0,670800
2023-09-06,61163.2890625,79500.0,80000.0,79150.0,79150.0,478600
2023-09-07,61740.30859375,80250.0,80500.0,79650.0,79700.0,470400
2023-09-08,61778.76953125,80300.0,80900.0,80000.0,80400.0,571400
2023-09-11,64433.03125,83750.0,84950.0,80800.0,80800.0,1689200
2023-09-12,64971.57421875,84450.0,85250.0,83900.0,84950.0,965600
2023-09-13,64163.7578125,83400.0,84900.0,83250.0,84550.0,1370200
2023-09-14,65548.59375,85200.0,88000.0,84100.0,88000.0,1162600
2023-09-15,63932.94921875,83100.0,86000.0,83100.0,86000.0,511300
2023-09-18,62163.44921875,80800.0,83100.0,80400.0,83100.0,483600
2023-09-19,60778.6171875,79000.0,81800.0,78500.0,80700.0,665800
2023-09-20,61932.64453125,80500.0,81000.0,79000.0,79100.0,523000
2023-09-21,61547.96875,80000.0,81800.0,80000.0,80600.0,480400
2023-09-22,60470.875,78600.0,79400.0,77200.0,79000.0,463700
2023-09-25,58470.5703125,76000.0,79400.0,76000.0,78700.0,226500
2023-09-26,57932.01953125,75300.0,76600.0,75000.0,76000.0,414000
2023-09-27,57008.80078125,74100.0,75600.0,73900.0,75300.0,509500
2023-09-28,55700.91015625,72400.0,74500.0,72400.0,74200.0,452200
2023-09-29,55777.84375,72500.0,73300.0,72400.0,73000.0,361200
2023-10-02,56162.51953125,73000.0,73300.0,72600.0,73300.0,218300
2023-10-03,54085.27734375,70300.0,73200.0,70300.0,73200.0,608100
2023-10-04,53854.47265625,70000.0,70200.0,69300.0,70000.0,335600
2023-10-05,53469.796875,69500.0,71000.0,69500.0,70200.0,185000
2023-10-06,53546.734375,69600.0,70000.0,68300.0,69500.0,320300
2023-10-09,52931.25390625,68800.0,69800.0,68800.0,69700.0,438200
2023-10-10,52931.25390625,68800.0,69800.0,68000.0,69000.0,596000
2023-10-11,52315.7734375,68000.0,68900.0,67800.0,68800.0,532600
2023-10-12,53008.19140625,68900.0,68900.0,68200.0,68400.0,526200
2023-10-13,53931.40625,70100.0,70400.0,68200.0,68700.0,605600
2023-10-16,54546.88671875,70900.0,71800.0,70100.0,70100.0,664200
2023-10-17,53777.5390625,69900.0,71600.0,69900.0,71500.0,352500
2023-10-18,52546.578125,68300.0,69900.0,67500.0,69900.0,511400
2023-10-19,52546.578125,68300.0,68800.0,67800.0,68300.0,289500
2023-10-20,53854.47265625,70000.0,70000.0,68000.0,68400.0,209500
2023-10-23,52161.8984375,67800.0,70000.0,67800.0,70000.0,315200
2023-10-24,53162.05859375,69100.0,69800.0,67700.0,67700.0,175100
2023-10-25,53238.9921875,69200.0,69700.0,68500.0,69000.0,223500
2023-10-26,50930.94140625,66200.0,68500.0,66000.0,68000.0,389100
2023-10-27,48545.9609375,63100.0,65900.0,62100.0,65900.0,997300
2023-10-30,46776.453125,60800.0,63100.0,60800.0,63100.0,379900
2023-10-31,43622.12109375,56700.0,61000.0,56700.0,60900.0,840800
2023-11-01,44160.6640625,57400.0,57800.0,54900.0,57000.0,735700
2023-11-02,47238.0625,61400.0,61400.0,57900.0,57900.0,719700
2023-11-03,49161.4375,63900.0,64700.0,61400.0,61400.0,745600
2023-11-06,50930.94140625,66200.0,66200.0,63900.0,64500.0,571800
2023-11-07,50084.65625,65100.0,66800.0,64900.0,66300.0,441800
2023-11-08,50084.65625,65100.0,65500.0,62600.0,65500.0,924800
2023-11-09,49161.4375,63900.0,65800.0,63600.0,65500.0,1035500
2023-11-10,48007.41015625,62400.0,63800.0,62300.0,63800.0,740700
2023-11-13,47161.12890625,61300.0,63500.0,61100.0,62400.0,573500
2023-11-14,47699.67578125,62000.0,63300.0,61700.0,61800.0,734800
2023-11-15,48622.89453125,63200.0,64500.0,63100.0,63200.0,1323600
2023-11-16,49392.24609375,64200.0,64600.0,63200.0,63700.0,740900
2023-11-17,49007.5703125,63700.0,65400.0,63400.0,64300.0,978300
2023-11-20,48469.0234375,63000.0,63600.0,62500.0,62700.0,659500
2023-11-21,48545.9609375,63100.0,63800.0,62900.0,63200.0,563600
2023-11-22,48853.703125,63500.0,63900.0,63100.0,63100.0,474900
2023-11-23,46468.71484375,60400.0,63900.0,60400.0,63600.0,617600
2023-11-24,48469.0234375,63000.0,63000.0,60500.0,60500.0,764100
2023-11-27,49469.1796875,64300.0,64400.0,62400.0,62500.0,946000
2023-11-28,49930.7890625,64900.0,64900.0,63400.0,64500.0,497100
2023-11-29,50930.94140625,66200.0,66800.0,64200.0,64900.0,770200
2023-11-30,50007.71875,65000.0,66400.0,65000.0,65800.0,549900
2023-12-01,50007.71875,65000.0,65200.0,64100.0,65000.0,288000
2023-12-04,49776.91796875,64700.0,65900.0,64200.0,65000.0,552500
2023-12-05,49238.375,64000.0,65500.0,64000.0,65500.0,401700
2023-12-06,50161.59375,65200.0,65300.0,64000.0,64000.0,288500
2023-12-07,50469.33203125,65600.0,65900.0,65000.0,65900.0,626200
2023-12-08,50469.33203125,65600.0,66000.0,65100.0,66000.0,555900
2023-12-11,50392.3984375,65500.0,66100.0,65100.0,65700.0,383500
2023-12-12,50007.71875,65000.0,65900.0,64900.0,65500.0,360800
2023-12-13,49238.375,64000.0,65800.0,64000.0,65200.0,745900
2023-12-14,48469.0234375,63000.0,64900.0,63000.0,64400.0,427100
2023-12-15,48315.15234375,62800.0,63600.0,62800.0,63100.0,844700
2023-12-18,47315.0,61500.0,62900.0,61300.0,62900.0,591300
2023-12-19,47853.54296875,62200.0,62500.0,61500.0,61900.0,528200
2023-12-20,47699.67578125,62000.0,62700.0,61900.0,62200.0,565300
2023-12-21,47699.67578125,62000.0,62200.0,61500.0,61500.0,445100
2023-12-22,47315.0,61500.0,62100.0,61500.0,62000.0,639900
2023-12-25,47699.67578125,62000.0,63100.0,61400.0,61400.0,546700
2023-12-26,48238.21484375,62700.0,63000.0,62300.0,62300.0,357500
2023-12-27,47776.609375,62100.0,63300.0,62100.0,62900.0,646500
2023-12-28,47853.54296875,62200.0,63100.0,62200.0,62600.0,868500
2023-12-29,48469.0234375,63000.0,63500.0,62700.0,63000.0,1568600
2024-01-01,48469.0234375,63000.0,63000.0,63000.0,63000.0,0
2024-01-02,48853.703125,63500.0,64300.0,63300.0,63900.0,770100
2024-01-03,48853.703125,63500.0,63700.0,63200.0,63700.0,557100
2024-01-04,49168.8828125,62400.0,62600.0,62200.0,62200.0,773600
2024-01-05,48774.90234375,61900.0,62400.0,61600.0,62400.0,708500
2024-01-08,48932.49609375,62100.0,62300.0,61900.0,61900.0,654700
2024-01-09,48538.515625,61600.0,62300.0,61500.0,62000.0,558500
2024-01-10,47908.13671875,60800.0,61600.0,60600.0,61600.0,822000
2024-01-11,48380.921875,61400.0,61800.0,60800.0,60800.0,489400
2024-01-12,48144.53125,61100.0,61400.0,60500.0,61400.0,497900
2024-01-15,47592.95703125,60400.0,61500.0,60400.0,61000.0,443100
2024-01-16,47592.95703125,60400.0,60600.0,60100.0,60500.0,266500
2024-01-17,47592.95703125,60400.0,60600.0,60200.0,60400.0,469900
2024-01-18,47671.75,60500.0,60700.0,60400.0,60700.0,446200
2024-01-19,48380.921875,61400.0,61800.0,60800.0,61800.0,714800
2024-01-22,47986.9375,60900.0,61600.0,60800.0,61600.0,360100
2024-01-23,47514.16015625,60300.0,61000.0,60300.0,60900.0,346300
2024-01-24,47514.16015625,60300.0,60500.0,60100.0,60300.0,472300
2024-01-25,47514.16015625,60300.0,60300.0,60300.0,60300.0,0
2024-01-26,45150.2734375,57300.0,59100.0,56900.0,59000.0,2066000
2024-01-29,45623.0546875,57900.0,59000.0,57300.0,57300.0,701800
2024-01-30,45071.4765625,57200.0,58000.0,57200.0,58000.0,732100
2024-01-31,44362.3125,56300.0,57900.0,56300.0,57300.0,1095600
2024-02-01,45307.8671875,57500.0,57700.0,56400.0,56400.0,592000
2024-02-02,45307.8671875,57500.0,57500.0,57500.0,57500.0,0
2024-02-05,44913.88671875,57000.0,57400.0,56900.0,57200.0,882600
2024-02-06,45150.2734375,57300.0,57400.0,56800.0,57000.0,671200
2024-02-07,45544.2578125,57800.0,57900.0,57100.0,57300.0,568300
2024-02-08,45544.2578125,57800.0,57800.0,57800.0,57800.0,0
2024-02-09,45544.2578125,57800.0,57800.0,57800.0,57800.0,0
2024-02-15,46017.03125,58400.0,58800.0,57900.0,57900.0,864400
2024-02-16,45701.84765625,58000.0,58700.0,57800.0,58500.0,1078900
2024-02-19,45623.0546875,57900.0,58100.0,57200.0,58000.0,1268000
2024-02-20,46174.62109375,58600.0,59600.0,58000.0,58300.0,1642700
2024-02-21,45780.64453125,58100.0,59000.0,57900.0,59000.0,1131900
2024-02-22,45701.84765625,58000.0,58500.0,57900.0,58100.0,788900
2024-02-23,44913.88671875,57000.0,58200.0,56900.0,58000.0,1499400
2024-02-26,44598.69921875,56600.0,57400.0,56400.0,57200.0,809500
2024-02-27,44362.3125,56300.0,56600.0,55800.0,56600.0,1759100
2024-02-28,45465.4609375,57700.0,57700.0,56500.0,56500.0,1090300
2024-02-29,46095.828125,58500.0,59200.0,57900.0,58000.0,2670400
2024-03-01,46174.62109375,58600.0,58900.0,58100.0,58800.0,847400
2024-03-04,45938.234375,58300.0,59000.0,58200.0,58700.0,1252100
2024-03-05,46411.01171875,58900.0,58900.0,57900.0,58400.0,1003900
2024-03-06,48302.125,61300.0,61800.0,59100.0,59200.0,4279400
2024-03-07,47750.546875,60600.0,62300.0,60300.0,61300.0,2509100
2024-03-08,47277.76953125,60000.0,61100.0,59500.0,60900.0,1825500
2024-03-11,46726.1953125,59300.0,60500.0,59000.0,60000.0,2346300
2024-03-12,46568.6015625,59100.0,60000.0,59000.0,59300.0,1290300
2024-03-13,46962.5859375,59600.0,59600.0,58600.0,59300.0,1485900
2024-03-14,46253.41796875,58700.0,60000.0,58700.0,59900.0,1458700
2024-03-15,45701.84765625,58000.0,58800.0,57400.0,58700.0,2037000
2024-03-18,44677.49609375,56700.0,58600.0,56100.0,58100.0,1833100
2024-03-19,44835.0859375,56900.0,57400.0,56600.0,57300.0,654600
2024-03-20,44835.0859375,56900.0,57100.0,56400.0,57000.0,739800
2024-03-21,45071.4765625,57200.0,57600.0,57100.0,57400.0,738100
2024-03-22,45150.2734375,57300.0,57600.0,57100.0,57500.0,698100
2024-03-25,44913.88671875,57000.0,57700.0,56800.0,57300.0,1086200
2024-03-26,44835.0859375,56900.0,57200.0,56600.0,57000.0,910400
2024-03-27,45307.8671875,57500.0,57800.0,56900.0,57000.0,598300
2024-03-28,45071.4765625,57200.0,57500.0,56900.0,57500.0,1074300
2024-03-29,44677.49609375,56700.0,57400.0,56700.0,57400.0,618700
2024-04-01,44756.29296875,56800.0,57100.0,56600.0,56700.0,600200
2024-04-02,44441.109375,56400.0,56900.0,56300.0,56900.0,1026300
2024-04-03,44125.921875,56000.0,56700.0,56000.0,56400.0,1435600
2024-04-04,44519.90234375,56500.0,56600.0,56200.0,56200.0,991100
2024-04-05,44204.72265625,56100.0,56500.0,56100.0,56500.0,947600
2024-04-08,43574.34765625,55300.0,56200.0,55300.0,56200.0,1057800
2024-04-09,43337.9609375,55000.0,55500.0,54900.0,55400.0,1017800
2024-04-10,43574.34765625,55300.0,55500.0,55100.0,55300.0,522900
2024-04-11,43653.14453125,55400.0,55600.0,55000.0,55100.0,493900
2024-04-12,44125.921875,56000.0,56300.0,55400.0,55500.0,957300
2024-04-15,43337.9609375,55000.0,56000.0,54500.0,56000.0,926600
2024-04-16,43180.3671875,54800.0,55000.0,53000.0,55000.0,1104300
2024-04-17,42550.0,54000.0,54900.0,54000.0,54800.0,364800
2024-04-19,41368.05078125,52500.0,53900.0,52000.0,53700.0,1184600
2024-04-22,41919.62109375,53200.0,53700.0,53000.0,53400.0,356700
2024-04-23,41762.03125,53000.0,53600.0,52300.0,53500.0,373300
2024-04-24,42234.80859375,53600.0,53800.0,53100.0,53300.0,467200
2024-04-25,42865.1796875,54400.0,55500.0,53600.0,53600.0,1107400
2024-04-26,42865.1796875,54400.0,55300.0,54100.0,54400.0,705300
2024-04-29,42865.1796875,54400.0,54400.0,54400.0,54400.0,0
2024-04-30,42865.1796875,54400.0,54400.0,54400.0,54400.0,0
2024-05-02,44598.69921875,56600.0,56700.0,54500.0,54600.0,1580600
2024-05-03,44677.49609375,56700.0,57100.0,56600.0,57000.0,784800
2024-05-06,44913.88671875,57000.0,57500.0,56500.0,56700.0,884900
2024-05-07,45465.4609375,57700.0,57900.0,56500.0,57000.0,913700
2024-05-08,46411.01171875,58900.0,60000.0,57000.0,57600.0,2243700
2024-05-09,45386.6640625,57600.0,59000.0,57500.0,58900.0,1040100
2024-05-10,45386.6640625,57600.0,58100.0,57300.0,57700.0,784000
2024-05-13,44835.0859375,56900.0,57900.0,56700.0,57600.0,725700
2024-05-14,44992.6796875,57100.0,57500.0,56900.0,57000.0,479300
2024-05-15,45386.6640625,57600.0,58000.0,57200.0,57200.0,896300
2024-05-16,45307.8671875,57500.0,58100.0,57500.0,57700.0,769400
2024-05-17,45780.64453125,58100.0,58900.0,57500.0,57800.0,1434500
2024-05-20,45544.2578125,57800.0,58800.0,57800.0,58100.0,669100
2024-05-21,45701.84765625,58000.0,58800.0,57500.0,57800.0,1171200
2024-05-22,45307.8671875,57500.0,58600.0,57500.0,58300.0,927200
2024-05-23,46883.79296875,59500.0,59700.0,57500.0,57800.0,1912100
2024-05-24,45701.84765625,58000.0,59500.0,57800.0,59500.0,1322500
2024-05-27,46095.828125,58500.0,58600.0,58000.0,58000.0,654000
2024-05-28,48065.73046875,61000.0,61000.0,58400.0,58700.0,2525000
2024-05-29,47671.75,60500.0,61300.0,60300.0,61000.0,1467500
2024-05-30,46726.1953125,59300.0,60000.0,58300.0,59600.0,1667200
2024-05-31,45938.234375,58300.0,59300.0,58300.0,59300.0,1492400
2024-06-03,45938.234375,58300.0,58300.0,58300.0,58300.0,0
2024-06-04,48380.921875,61400.0,61700.0,59500.0,59700.0,2338200
2024-06-05,51690.36328125,65600.0,65600.0,61800.0,62000.0,2896100
2024-06-06,51611.5703125,65500.0,68500.0,65200.0,66500.0,2270100
2024-06-07,53502.67578125,67900.0,69400.0,65600.0,65600.0,2577800
2024-06-10,53345.0859375,67700.0,68600.0,66900.0,68600.0,2027900
2024-06-11,53266.2890625,67600.0,68200.0,66700.0,67700.0,1730800
2024-06-12,52793.51171875,67000.0,67600.0,66400.0,67600.0,1706900
2024-06-13,51690.36328125,65600.0,67300.0,65500.0,67300.0,1816900
2024-06-14,49956.8515625,63400.0,65100.0,62600.0,64800.0,3852700
2024-06-17,50114.44140625,63600.0,64400.0,62600.0,63400.0,1936900
2024-06-18,50114.44140625,63600.0,64000.0,63200.0,63800.0,739100
2024-06-19,48853.703125,62000.0,63900.0,61800.0,63600.0,1464400
2024-06-20,48932.49609375,62100.0,62800.0,60600.0,62300.0,947800
2024-06-21,48459.71875,61500.0,62800.0,61500.0,62600.0,960200
2024-06-24,48459.71875,61500.0,62900.0,60700.0,62100.0,950000
2024-06-25,47750.546875,60600.0,61800.0,59300.0,61500.0,1150200
2024-06-26,47277.76953125,60000.0,60800.0,59800.0,60600.0,848100
2024-06-27,47750.546875,60600.0,61700.0,59900.0,60400.0,1076400
2024-06-28,47277.76953125,60000.0,61300.0,60000.0,61000.0,947400
2024-07-01,47986.9375,60900.0,60900.0,60200.0,60600.0,278900
2024-07-02,48223.328125,61200.0,61200.0,60700.0,61000.0,424800
2024-07-03,48459.71875,61500.0,61500.0,61000.0,61300.0,450400
2024-07-04,48065.73046875,61000.0,62100.0,61000.0,62100.0,679800
2024-07-05,47251.0625,58000.0,59600.0,58000.0,59500.0,1112800
2024-07-08,45947.5859375,56400.0,58000.0,55700.0,58000.0,1317900
2024-07-09,46680.79296875,57300.0,58500.0,55700.0,56500.0,1503200
2024-07-10,45947.5859375,56400.0,57600.0,56400.0,57400.0,584100
2024-07-11,45866.12109375,56300.0,56900.0,56200.0,56900.0,561000
2024-07-12,45621.71484375,56000.0,56500.0,55700.0,56500.0,481400
2024-07-15,45458.78125,55800.0,56400.0,55700.0,56400.0,402500
2024-07-16,45458.78125,55800.0,56100.0,55600.0,55800.0,888900
2024-07-17,43992.37109375,54000.0,56100.0,53700.0,55800.0,1128200
2024-07-18,44236.76953125,54300.0,55500.0,53500.0,54200.0,1203600
2024-07-19,44969.9765625,55200.0,55300.0,54300.0,54300.0,728700
2024-07-22,45377.31640625,55700.0,56500.0,54700.0,55200.0,990500
2024-07-23,44562.64453125,54700.0,55700.0,54700.0,55700.0,439700
2024-07-24,44481.17578125,54600.0,54900.0,53900.0,54900.0,383300
2024-07-25,43992.37109375,54000.0,54900.0,53700.0,54900.0,416200
2024-07-26,44807.04296875,55000.0,55700.0,54500.0,54700.0,1302400
2024-07-29,44725.57421875,54900.0,55600.0,54900.0,55500.0,427300
2024-07-30,44644.109375,54800.0,55500.0,54700.0,54700.0,714700
2024-07-31,45132.91015625,55400.0,55600.0,54700.0,54800.0,926300
2024-08-01,44807.04296875,55000.0,57500.0,55000.0,55800.0,1285700
2024-08-02,44888.51171875,55100.0,55400.0,54500.0,55000.0,597000
2024-08-05,42363.01953125,52000.0,54900.0,52000.0,54700.0,1609500
2024-08-06,43422.09375,53300.0,54000.0,52100.0,52800.0,738500
2024-08-07,43096.2265625,52900.0,53900.0,52700.0,53900.0,704300
2024-08-08,43014.7578125,52800.0,53800.0,52800.0,53000.0,892100
2024-08-09,43666.5,53600.0,54200.0,53300.0,53400.0,471000
2024-08-12,43992.37109375,54000.0,54400.0,53400.0,53800.0,542700
2024-08-13,44236.76953125,54300.0,54800.0,53800.0,54500.0,732900
2024-08-14,45377.31640625,55700.0,56700.0,54300.0,54400.0,1649400
2024-08-15,45377.31640625,55700.0,56500.0,55700.0,55800.0,899700
2024-08-16,45866.12109375,56300.0,56500.0,55500.0,55600.0,946500
2024-08-19,47088.1328125,57800.0,57800.0,56100.0,56300.0,1178400
2024-08-20,47251.0625,58000.0,58500.0,57300.0,57800.0,970200
2024-08-21,46762.2578125,57400.0,58000.0,57200.0,58000.0,777500
2024-08-22,46436.390625,57000.0,57800.0,56600.0,57600.0,785800
2024-08-23,46354.91796875,56900.0,57500.0,56600.0,56600.0,651200
2024-08-26,46191.98828125,56700.0,57700.0,56700.0,56900.0,578500
2024-08-27,46436.390625,57000.0,57400.0,56700.0,56700.0,692700
2024-08-28,46762.2578125,57400.0,58100.0,57000.0,57100.0,997600
2024-08-29,46762.2578125,57400.0,58200.0,57400.0,57400.0,824600
2024-08-30,46843.7265625,57500.0,58500.0,57400.0,57700.0,1404900
2024-09-04,46599.32421875,57200.0,57700.0,57000.0,57200.0,698100
2024-09-05,46436.390625,57000.0,58200.0,56700.0,57300.0,824400
2024-09-06,46191.98828125,56700.0,57300.0,56700.0,57000.0,454100
2024-09-09,45784.65234375,56200.0,56900.0,55600.0,56700.0,1129500
2024-09-10,45051.4453125,55300.0,56900.0,55300.0,56600.0,1289900
2024-09-11,45132.91015625,55400.0,55700.0,55000.0,55700.0,649500
2024-09-12,45132.91015625,55400.0,56500.0,55300.0,56400.0,625800
2024-09-13,45703.1875,56100.0,56300.0,55500.0,55500.0,538100
2024-09-16,45458.78125,55800.0,56400.0,55700.0,55700.0,567100
2024-09-17,46029.05078125,56500.0,56500.0,55700.0,55700.0,361500
2024-09-18,45703.1875,56100.0,56600.0,56100.0,56500.0,466900
2024-09-19,46029.05078125,56500.0,56700.0,56200.0,56300.0,358900
2024-09-20,46762.2578125,57400.0,57400.0,56500.0,56800.0,946400
2024-09-23,46762.2578125,57400.0,57800.0,57100.0,57500.0,646600
2024-09-24,46843.7265625,57500.0,57800.0,57200.0,57700.0,598600
2024-09-25,46762.2578125,57400.0,57700.0,57300.0,57500.0,337400
2024-09-26,47332.53125,58100.0,58500.0,57500.0,57500.0,1091100
2024-09-27,47658.3984375,58500.0,58800.0,57900.0,58300.0,794200
2024-09-30,47088.1328125,57800.0,58800.0,57700.0,58800.0,551500
2024-10-01,47088.1328125,57800.0,58000.0,57600.0,58000.0,559300
2024-10-02,46354.91796875,56900.0,57800.0,56800.0,57800.0,635600
2024-10-03,46273.45703125,56800.0,57700.0,56800.0,57200.0,606400
2024-10-04,46110.51953125,56600.0,57000.0,56600.0,56800.0,381200
2024-10-07,46191.98828125,56700.0,57100.0,56500.0,56600.0,414800
2024-10-08,45866.12109375,56300.0,56900.0,56100.0,56700.0,514800
2024-10-09,45947.5859375,56400.0,56600.0,55900.0,56400.0,613900
2024-10-10,47006.66015625,57700.0,57900.0,56500.0,56600.0,685400
2024-10-11,46843.7265625,57500.0,58200.0,57400.0,57900.0,379300
2024-10-14,46599.32421875,57200.0,57700.0,57100.0,57600.0,335400
2024-10-15,46517.85546875,57100.0,58200.0,57100.0,57200.0,642600
2024-10-16,47088.1328125,57800.0,57800.0,57100.0,57100.0,531800
2024-10-17,46680.79296875,57300.0,58000.0,56900.0,58000.0,294700
2024-10-18,46762.2578125,57400.0,58100.0,57300.0,57500.0,245300
2024-10-21,46110.51953125,56600.0,57600.0,56500.0,57400.0,645600
2024-10-22,45621.71484375,56000.0,56500.0,55900.0,56400.0,646300
2024-10-23,45621.71484375,56000.0,56500.0,55600.0,56000.0,369000
2024-10-24,45540.25,55900.0,56000.0,55700.0,56000.0,228400
2024-10-25,45214.37890625,55500.0,56000.0,55200.0,55900.0,449500
2024-10-28,45214.37890625,55500.0,55600.0,55300.0,55600.0,238900
2024-10-29,45132.91015625,55400.0,55700.0,55200.0,55500.0,258400
2024-10-30,44969.9765625,55200.0,55700.0,55100.0,55500.0,357300
2024-10-31,44969.9765625,55200.0,56200.0,55200.0,55300.0,486300
2024-11-01,45051.4453125,55300.0,56100.0,55300.0,55600.0,436900
2024-11-04,45214.37890625,55500.0,56100.0,55500.0,55900.0,456700
2024-11-05,45214.37890625,55500.0,56100.0,55400.0,55900.0,271600
2024-11-06,45458.78125,55800.0,56000.0,55500.0,55700.0,391500
2024-11-07,45295.84765625,55600.0,56100.0,55600.0,56000.0,294500
2024-11-08,44969.9765625,55200.0,55900.0,55200.0,55700.0,516500
2024-11-11,45051.4453125,55300.0,55800.0,55200.0,55300.0,446500
2024-11-12,46110.51953125,56600.0,57400.0,55400.0,55400.0,1042200
2024-11-13,46273.45703125,56800.0,57000.0,56300.0,56700.0,314300
2024-11-14,45703.1875,56100.0,56800.0,56000.0,56800.0,298700
2024-11-15,45214.37890625,55500.0,56100.0,55500.0,56000.0,386200
2024-11-18,45214.37890625,55500.0,56300.0,55300.0,56300.0,471600
2024-11-19,44807.04296875,55000.0,56000.0,55000.0,56000.0,497100
2024-11-20,45214.37890625,55500.0,55500.0,54700.0,54700.0,414600
2024-11-21,45051.4453125,55300.0,55600.0,55100.0,55600.0,243200
2024-11-22,45132.91015625,55400.0,56000.0,55300.0,55300.0,382400
2024-11-25,45214.37890625,55500.0,56000.0,55500.0,55900.0,388600
2024-11-26,45703.1875,56100.0,56300.0,55600.0,55600.0,718100
2024-11-27,45703.1875,56100.0,56600.0,56100.0,56100.0,432800
2024-11-28,45214.37890625,55500.0,56500.0,55500.0,56400.0,342400
2024-11-29,45703.1875,56100.0,56100.0,55200.0,55500.0,436000
2024-12-02,45784.65234375,56200.0,56900.0,56000.0,56200.0,355300
2024-12-03,45784.65234375,56200.0,56300.0,55800.0,56200.0,374400
2024-12-04,46762.2578125,57400.0,58000.0,56000.0,56200.0,1381400
2024-12-05,46843.7265625,57500.0,58000.0,56900.0,57600.0,676400
2024-12-06,47006.66015625,57700.0,58500.0,57300.0,57700.0,1069700
2024-12-09,46843.7265625,57500.0,57900.0,57200.0,57700.0,462400
2024-12-10,47332.53125,58100.0,58300.0,57400.0,57500.0,735300
2024-12-11,46925.1953125,57600.0,58400.0,57600.0,58200.0,817200
2024-12-12,46843.7265625,57500.0,58100.0,57500.0,57600.0,507300
2024-12-13,46762.2578125,57400.0,57700.0,57200.0,57500.0,461700
2024-12-16,46680.79296875,57300.0,57600.0,57200.0,57400.0,206600
2024-12-17,46680.79296875,57300.0,57600.0,57000.0,57500.0,339400
2024-12-18,46762.2578125,57400.0,57600.0,57300.0,57300.0,270100
2024-12-19,46354.91796875,56900.0,57300.0,56400.0,57000.0,769800
2024-12-20,46029.05078125,56500.0,57100.0,56400.0,56900.0,778600
2024-12-23,46599.32421875,57200.0,58100.0,56700.0,57000.0,588200
2024-12-24,46599.32421875,57200.0,57500.0,57000.0,57300.0,510800
2024-12-25,46762.2578125,57400.0,57800.0,57200.0,57500.0,845200
2024-12-26,47015.484375,55700.0,56000.0,55200.0,55200.0,866500
2024-12-27,47099.890625,55800.0,55800.0,55100.0,55800.0,632700
2024-12-30,47353.1171875,56100.0,56100.0,55200.0,55700.0,478700
2024-12-31,46846.66796875,55500.0,55900.0,55500.0,55900.0,366000
2025-01-02,46931.07421875,55600.0,55800.0,55100.0,55800.0,359100
2025-01-03,46424.62109375,55000.0,55700.0,55000.0,55600.0,367400
2025-01-06,45242.90625,53600.0,55700.0,53600.0,54900.0,941500
2025-01-07,45327.3125,53700.0,54200.0,53700.0,53700.0,403600
2025-01-08,45327.3125,53700.0,53900.0,53600.0,53700.0,496600
2025-01-09,45242.90625,53600.0,54000.0,53500.0,53700.0,411400
2025-01-10,45242.90625,53600.0,54000.0,53600.0,53600.0,475600
2025-01-13,45664.94921875,54100.0,54400.0,53300.0,53400.0,462200
2025-01-14,46002.58203125,54500.0,54500.0,54000.0,54000.0,329200
2025-01-15,46424.62109375,55000.0,55000.0,54400.0,55000.0,331800
2025-01-16,46424.62109375,55000.0,55000.0,54400.0,55000.0,331800
2025-01-17,45074.08984375,53400.0,55000.0,53200.0,53900.0,637800
2025-01-20,45664.94921875,54100.0,54200.0,53600.0,53600.0,200400
2025-01-21,45242.90625,53600.0,54400.0,53500.0,54400.0,257900
2025-01-22,45327.3125,53700.0,54100.0,53600.0,53900.0,201200
2025-01-23,45580.5390625,54000.0,54100.0,53600.0,54000.0,235100
2025-01-24,45411.72265625,53800.0,54100.0,53700.0,53700.0,302900
2025-01-27,45411.72265625,53800.0,53800.0,53800.0,53800.0,0
2025-01-28,45411.72265625,53800.0,53800.0,53800.0,53800.0,0
2025-01-29,45411.72265625,53800.0,53800.0,53800.0,53800.0,0
2025-01-30,45411.72265625,53800.0,53800.0,53800.0,53800.0,0
2025-01-31,45411.72265625,53800.0,53800.0,53800.0,53800.0,0
2025-02-03,44483.234375,52700.0,53800.0,52600.0,53600.0,598200
2025-02-04,44483.234375,52700.0,53000.0,52400.0,52800.0,438000
2025-02-05,44820.8671875,53100.0,53100.0,52700.0,52800.0,269800
2025-02-06,44483.234375,52700.0,53200.0,52700.0,53200.0,352600
2025-02-07,44230.0078125,52400.0,52800.0,52300.0,52700.0,768400
2025-02-10,44061.1875,52200.0,52400.0,52000.0,52200.0,645100
2025-02-11,43554.7421875,51600.0,52200.0,51500.0,52100.0,747000
2025-02-12,43807.96875,51900.0,52000.0,51700.0,51700.0,90500
2025-02-13,43639.1484375,51700.0,52000.0,51700.0,51900.0,274800
2025-02-14,43554.7421875,51600.0,52400.0,51500.0,52400.0,668700
2025-02-17,43132.69921875,51100.0,51600.0,51000.0,51500.0,1115900
2025-02-18,43217.10546875,51200.0,51500.0,51000.0,51100.0,489700
2025-02-19,43301.51171875,51300.0,51400.0,51100.0,51200.0,871100
2025-02-20,43385.921875,51400.0,51600.0,51300.0,51500.0,580300
2025-02-21,43723.5546875,51800.0,52200.0,51400.0,51600.0,751900
2025-02-24,44230.0078125,52400.0,52400.0,51800.0,51800.0,713800
2025-02-25,44230.0078125,52400.0,53500.0,52100.0,53500.0,484400
2025-02-26,44061.1875,52200.0,52500.0,52000.0,52500.0,647800
2025-02-27,44061.1875,52200.0,52300.0,51800.0,52200.0,457200
2025-02-28,43470.33203125,51500.0,52300.0,51500.0,52000.0,928900
2025-03-03,43639.1484375,51700.0,52000.0,51500.0,52000.0,580400
2025-03-04,43892.375,52000.0,52100.0,51500.0,51700.0,736100
2025-03-05,43723.5546875,51800.0,52100.0,51600.0,52000.0,480300
2025-03-06,43385.921875,51400.0,51900.0,51300.0,51800.0,1209600
2025-03-07,43217.10546875,51200.0,52000.0,51100.0,51900.0,1424200
2025-03-10,43385.921875,51400.0,51700.0,51000.0,51500.0,1214300
2025-03-11,43217.10546875,51200.0,51400.0,50900.0,51300.0,1571800
2025-03-12,43132.69921875,51100.0,51500.0,51000.0,51000.0,1576300
2025-03-13,43132.69921875,51100.0,51500.0,51000.0,51100.0,1125100
2025-03-14,43554.7421875,51600.0,52400.0,51200.0,51300.0,1387600
2025-03-17,43554.7421875,51600.0,52100.0,51400.0,52000.0,738900
2025-03-18,43132.69921875,51100.0,51900.0,51100.0,51600.0,1619800
2025-03-19,42879.47265625,50800.0,51300.0,50800.0,51300.0,2188100
2025-03-20,42710.65234375,50600.0,51100.0,50500.0,50900.0,1384600
2025-03-21,42457.43359375,50300.0,50800.0,50300.0,50800.0,1204900
2025-03-24,42119.796875,49900.0,50400.0,49900.0,50300.0,1549500
2025-03-25,41824.36328125,49550.0,50200.0,49550.0,50100.0,1603600
2025-03-26,41824.36328125,49550.0,50100.0,49400.0,49550.0,1262300
2025-03-27,41824.36328125,49550.0,49700.0,49450.0,49550.0,988300
2025-03-28,41613.34375,49300.0,49700.0,49200.0,49600.0,1139000
2025-03-31,41275.71484375,48900.0,49400.0,48900.0,49250.0,1125000
2025-04-01,41655.55078125,49350.0,49600.0,48850.0,49050.0,955800
2025-04-02,41613.34375,49300.0,49450.0,49100.0,49400.0,630100
2025-04-03,38701.2578125,45850.0,48300.0,45850.0,48300.0,3156200
2025-04-04,36591.04296875,43350.0,44850.0,42650.0,42650.0,3848700
2025-04-08,35957.98046875,42600.0,44550.0,42400.0,43350.0,3263800
2025-04-09,37224.109375,44100.0,44600.0,41500.0,41500.0,3152100
2025-04-10,39798.56640625,47150.0,47150.0,47100.0,47150.0,598500
2025-04-11,41360.12109375,49000.0,49600.0,47150.0,48000.0,4010000
2025-04-14,41782.1640625,49500.0,49750.0,48550.0,49500.0,2473300
2025-04-15,41106.8984375,48700.0,49100.0,47800.0,49050.0,2331300
2025-04-16,40178.40625,47600.0,48500.0,47350.0,48200.0,1343400
2025-04-17,39671.94921875,47000.0,47500.0,46950.0,47300.0,1363100
2025-04-18,39967.3828125,47350.0,48000.0,47200.0,47400.0,845000
2025-04-21,39756.36328125,47100.0,47600.0,47100.0,47300.0,472500
2025-04-22,39334.31640625,46600.0,47500.0,45000.0,47000.0,1204500
2025-04-23,41022.484375,48600.0,48600.0,47400.0,47800.0,1164100
2025-04-24,41528.9375,49200.0,49350.0,48800.0,49000.0,1696900
2025-04-25,41782.1640625,49500.0,49500.0,48900.0,49200.0,1951100
2025-04-28,43217.10546875,51200.0,51300.0,49250.0,49450.0,1966300
2025-04-29,40600.4453125,48100.0,50800.0,48100.0,50800.0,4405000
2025-04-30,40600.4453125,48100.0,48100.0,48100.0,48100.0,0
2025-05-01,40600.4453125,48100.0,48100.0,48100.0,48100.0,0
2025-05-02,40600.4453125,48100.0,48100.0,48100.0,48100.0,0
2025-05-05,40600.4453125,48100.0,48100.0,48100.0,48100.0,0
2025-05-06,40431.62890625,47900.0,48150.0,47150.0,47900.0,1250000
2025-05-07,40389.421875,47850.0,48450.0,47750.0,48450.0,789500
2025-05-08,40558.2421875,48050.0,48400.0,48000.0,48050.0,767300
2025-05-09,40980.28515625,48550.0,48750.0,48100.0,48100.0,858200
2025-05-12,40980.28515625,48550.0,48550.0,48550.0,48550.0,0
2025-05-13,41739.95703125,49450.0,49500.0,49000.0,49200.0,1225700
2025-05-14,41571.140625,49250.0,49600.0,49200.0,49600.0,1005900
2025-05-15,41782.1640625,49500.0,49650.0,49100.0,49100.0,1128000
2025-05-16,42457.43359375,50300.0,50600.0,49500.0,49500.0,1279400
2025-05-19,41950.98046875,49700.0,50200.0,49600.0,50200.0,753400
2025-05-20,41950.98046875,49700.0,50200.0,49600.0,50200.0,753400
2025-05-21,42035.38671875,49800.0,49900.0,49450.0,49500.0,583600
2025-05-22,41866.5703125,49600.0,49950.0,49500.0,49800.0,576400
2025-05-23,41908.7734375,49650.0,49700.0,49400.0,49600.0,793900
2025-05-26,41739.95703125,49450.0,49900.0,48700.0,49900.0,715800
2025-05-27,41739.95703125,49450.0,49900.0,48700.0,49900.0,715800
2025-05-28,41739.95703125,49450.0,49750.0,49400.0,49750.0,590800
2025-05-29,41739.95703125,49450.0,49700.0,49250.0,49600.0,597900
2025-05-30,41571.140625,49250.0,49800.0,49250.0,49500.0,773000
2025-06-02,41486.73046875,49150.0,49350.0,48550.0,48750.0,569400
2025-06-03,41486.73046875,49150.0,49350.0,48550.0,48750.0,569400
2025-06-04,41782.1640625,49500.0,49550.0,49200.0,49200.0,604500
2025-06-05,42288.61328125,50100.0,50700.0,49550.0,49600.0,1483800
2025-06-06,41782.1640625,49500.0,50200.0,49500.0,50000.0,994000
2025-06-09,41233.5078125,48850.0,49400.0,48850.0,49050.0,923500
2025-06-10,41233.5078125,48850.0,49400.0,48850.0,49050.0,923500
2025-06-11,41233.5078125,48850.0,49250.0,48800.0,49250.0,844500
2025-06-12,41360.12109375,49000.0,49100.0,48850.0,48900.0,347400
2025-06-13,41739.95703125,49450.0,49600.0,49100.0,49100.0,631300
2025-06-16,41824.36328125,49550.0,49700.0,49000.0,49000.0,976600
2025-06-17,41824.36328125,49550.0,49700.0,49000.0,49000.0,976600
2025-06-18,42162.0,49950.0,50800.0,49550.0,49600.0,1505900
2025-06-19,41782.1640625,49500.0,50100.0,49500.0,49950.0,1297100
2025-06-20,41739.95703125,49450.0,49850.0,49200.0,49700.0,1024900
2025-06-23,41571.140625,49250.0,49450.0,49100.0,49200.0,1049600
2025-06-24,41571.140625,49250.0,49450.0,49100.0,49200.0,1049600
2025-06-25,41908.7734375,49650.0,49650.0,49350.0,49500.0,710200
2025-06-26,42457.43359375,50300.0,50500.0,49350.0,49350.0,1762000
2025-06-27,42626.24609375,50500.0,50800.0,50300.0,50700.0,1283600
2025-06-30,42177.546875,47000.0,47750.0,46900.0,47600.0,1923100
2025-07-01,42177.546875,47000.0,47750.0,46900.0,47600.0,1923100
2025-07-02,41773.71875,46550.0,47000.0,46500.0,47000.0,904400
2025-07-03,41639.109375,46400.0,46500.0,46100.0,46500.0,1099500
2025-07-04,41504.5,46250.0,46600.0,46250.0,46400.0,1535400
2025-07-07,41639.109375,46400.0,46650.0,46300.0,46500.0,1320400
2025-07-08,41639.109375,46400.0,46650.0,46300.0,46500.0,1320400
2025-07-09,42042.9375,46850.0,46850.0,46450.0,46450.0,1639400
2025-07-10,42760.8515625,47650.0,47750.0,46900.0,47000.0,2602200
2025-07-11,43164.68359375,48100.0,48350.0,47700.0,47700.0,2150900
2025-07-14,43074.94140625,48000.0,48350.0,47650.0,48150.0,1272000
2025-07-15,43074.94140625,48000.0,48350.0,47650.0,48150.0,1272000
2025-07-16,43119.8125,48050.0,48900.0,47950.0,48000.0,2151700
2025-07-17,43074.94140625,48000.0,48150.0,47650.0,48050.0,1366400
2025-07-18,43433.90234375,48400.0,48700.0,47850.0,48050.0,2042400
2025-07-21,42805.72265625,47700.0,48350.0,47700.0,48050.0,1645300
2025-07-22,42805.72265625,47700.0,48350.0,47700.0,48050.0,1645300
2025-07-23,42895.4609375,47800.0,47900.0,47500.0,47750.0,797900
2025-07-24,43613.37890625,48600.0,48900.0,47500.0,47850.0,2660200
2025-07-25,43972.33984375,49000.0,50000.0,48700.0,48950.0,2245700
2025-07-28,44241.5546875,49300.0,49500.0,48900.0,49350.0,2668300
2025-07-29,44241.5546875,49300.0,49500.0,48900.0,49350.0,2668300
2025-07-30,42491.63671875,47350.0,49500.0,47350.0,49300.0,2638000
2025-07-31,42715.98828125,47600.0,47800.0,47350.0,47400.0,2020500
2025-08-01,42760.8515625,47650.0,48400.0,47500.0,47700.0,1914100
2025-08-04,43164.68359375,48100.0,48100.0,47650.0,48000.0,804800
2025-08-05,43164.68359375,48100.0,48100.0,47650.0,48000.0,804800
2025-08-06,42626.24609375,47500.0,48200.0,47400.0,48100.0,2101200
2025-08-07,42895.4609375,47800.0,48150.0,47350.0,47600.0,980700
2025-08-08,42805.72265625,47700.0,48000.0,47550.0,48000.0,860100
2025-08-11,43254.421875,48200.0,48550.0,48000.0,48000.0,1467500
2025-08-12,43254.421875,48200.0,48550.0,48000.0,48000.0,1467500
2025-08-13,43344.16015625,48300.0,48550.0,48200.0,48400.0,1258100
2025-08-14,43030.07421875,47950.0,48450.0,47850.0,48450.0,1126700
2025-08-15,42985.203125,47900.0,48100.0,47750.0,48100.0,1143800
2025-08-18,42312.16015625,47150.0,47750.0,47150.0,47550.0,962200
2025-08-19,42312.16015625,47150.0,47750.0,47150.0,47550.0,962200
2025-08-20,42312.16015625,47150.0,47350.0,47050.0,47250.0,1046500
2025-08-21,41953.19921875,46750.0,47150.0,46550.0,47150.0,1212700
2025-08-22,41818.58984375,46600.0,46900.0,46300.0,46550.0,1406200
2025-08-25,40921.1953125,45600.0,46000.0,45500.0,45800.0,990900
2025-08-26,40921.1953125,45600.0,46000.0,45500.0,45800.0,990900
2025-08-27,41190.4140625,45900.0,45900.0,45450.0,45600.0,696900
2025-08-28,41280.15625,46000.0,46300.0,45850.0,46100.0,1209900
2025-08-29,41773.71875,46550.0,46650.0,46000.0,46000.0,545500
2025-09-01,41773.71875,46550.0,46550.0,46550.0,46550.0,0
2025-09-02,41773.71875,46550.0,46550.0,46550.0,46550.0,0
2025-09-03,41594.2421875,46350.0,46600.0,46250.0,46600.0,558900
2025-09-04,41594.2421875,46350.0,46600.0,46250.0,46600.0,558900
2025-09-05,42267.2890625,47100.0,47200.0,46350.0,46500.0,1013000
2025-09-08,41998.0703125,46800.0,47550.0,46750.0,47500.0,869100
2025-09-09,41998.0703125,46800.0,47550.0,46750.0,47500.0,869100
2025-09-10,41549.37109375,46300.0,46800.0,46200.0,46750.0,858200
2025-09-11,41504.5,46250.0,46600.0,46150.0,46500.0,506700
2025-09-12,41639.109375,46400.0,46500.0,45700.0,46400.0,705600
2025-09-15,41908.328125,46700.0,47000.0,46650.0,46950.0,507500
2025-09-16,41908.328125,46700.0,47000.0,46650.0,46950.0,507500
2025-09-17,42895.4609375,47800.0,48150.0,46600.0,46950.0,2744100
2025-09-18,42446.76953125,47300.0,48150.0,47300.0,47800.0,983000
2025-09-19,41998.0703125,46800.0,47550.0,46700.0,47450.0,1010400
2025-09-22,41010.9375,45700.0,46450.0,45500.0,46100.0,1354200
2025-09-23,41010.9375,45700.0,46450.0,45500.0,46100.0,1354200
2025-09-24,41100.67578125,45800.0,46100.0,45650.0,45800.0,447500
2025-09-25,41369.89453125,46100.0,46100.0,45500.0,45900.0,503600
2025-09-26,41145.546875,45850.0,46250.0,45750.0,46150.0,468600
2025-09-29,40831.45703125,45500.0,45700.0,45350.0,45700.0,571100
2025-09-30,40831.45703125,45500.0,45700.0,45350.0,45700.0,571100
2025-10-01,40562.23828125,45200.0,45600.0,45150.0,45500.0,553000
2025-10-02,40651.9765625,45300.0,45550.0,45200.0,45300.0,324100
2025-10-03,40741.71875,45400.0,45750.0,45400.0,45400.0,696400
2025-10-06,41414.765625,46150.0,46200.0,45700.0,46050.0,894200
2025-10-07,41414.765625,46150.0,46200.0,45700.0,46050.0,894200
2025-10-08,41280.15625,46000.0,46450.0,45900.0,46450.0,690800
2025-10-09,41235.28515625,45950.0,46400.0,45950.0,46300.0,517900
2025-10-10,40921.1953125,45600.0,46050.0,45550.0,46000.0,557300
2025-10-13,41235.28515625,45950.0,45950.0,45350.0,45500.0,521600
2025-10-14,41235.28515625,45950.0,45950.0,45350.0,45500.0,521600
2025-10-15,40741.71875,45400.0,45950.0,45400.0,45800.0,579100
2025-10-16,40607.10546875,45250.0,45700.0,45250.0,45450.0,544100
2025-10-17,40562.23828125,45200.0,45600.0,45100.0,45300.0,467500
2025-10-20,39485.36328125,44000.0,45250.0,44000.0,45050.0,961100
2025-10-21,39485.36328125,44000.0,45250.0,44000.0,45050.0,961100
2025-10-22,39889.1953125,44450.0,44500.0,44000.0,44150.0,806800
2025-10-23,40203.27734375,44800.0,44800.0,44250.0,44450.0,390300
2025-10-24,40786.5859375,45450.0,45650.0,44550.0,44800.0,730200
2025-10-27,40786.5859375,45450.0,45750.0,45200.0,45500.0,691600
2025-10-28,40786.5859375,45450.0,45750.0,45200.0,45500.0,691600
2025-10-29,40786.5859375,45450.0,45650.0,45350.0,45450.0,405600
2025-10-30,41055.8046875,45750.0,46000.0,45450.0,45800.0,762700
2025-10-31,41010.9375,45700.0,45900.0,45400.0,45900.0,623700
2025-11-03,41549.37109375,46300.0,46650.0,45750.0,45800.0,858900
2025-11-04,41504.5,46250.0,46450.0,45500.0,46450.0,851500
2025-11-05,41504.5,46250.0,46450.0,45500.0,46450.0,851500
2025-11-06,41414.765625,46150.0,46300.0,45900.0,46000.0,543600
2025-11-07,41369.89453125,46100.0,46400.0,45900.0,45900.0,560000
2025-11-10,41280.15625,46000.0,46350.0,46000.0,46200.0,515600
2025-11-11,41998.0703125,46800.0,47250.0,45900.0,45950.0,1271900
2025-11-12,42132.6796875,46950.0,47100.0,46600.0,46800.0,753600
2025-11-13,42536.5078125,47400.0,47550.0,46850.0,47100.0,1122200
2025-11-14,42267.2890625,47100.0,47550.0,47050.0,47400.0,842800
2025-11-17,42401.8984375,47250.0,47600.0,47100.0,47100.0,1032700
2025-11-18,42357.02734375,47200.0,47500.0,46800.0,47300.0,623200
2025-11-19,42177.546875,47000.0,47200.0,46900.0,47200.0,665000
2025-11-20,42222.41796875,47050.0,47500.0,46950.0,47400.0,776700
2025-11-21,41908.328125,46700.0,46950.0,46500.0,46950.0,542300
2025-11-24,41414.765625,46150.0,47000.0,46150.0,46700.0,863800
2025-11-25,41549.37109375,46300.0,46800.0,46100.0,46200.0,435300
2025-11-26,41728.8515625,46500.0,46800.0,46400.0,46400.0,374600
2025-11-27,41639.109375,46400.0,46750.0,46350.0,46750.0,301100
2025-11-28,41639.109375,46400.0,46650.0,46300.0,46400.0,381200
2025-12-01,43972.33984375,49000.0,49600.0,46550.0,46550.0,4104800
2025-12-02,47023.48046875,52400.0,52400.0,48850.0,49000.0,5646800
2025-12-03,46574.78515625,51900.0,54400.0,51900.0,54000.0,3231900
2025-12-04,46574.78515625,51900.0,54400.0,51900.0,54000.0,3231900
2025-12-05,44690.25390625,49800.0,51300.0,49800.0,50900.0,2542700
2025-12-08,47741.39453125,53200.0,53200.0,49700.0,49800.0,5248000
2025-12-09,47831.13671875,53300.0,55300.0,53300.0,54500.0,4328800
2025-12-10,46215.82421875,51500.0,53400.0,51400.0,53300.0,2433700
2025-12-11,46933.73828125,52300.0,53000.0,51500.0,51700.0,1643600
2025-12-12,44869.734375,50000.0,52600.0,49950.0,52000.0,2534500
2025-12-15,45318.4296875,50500.0,51500.0,50000.0,50300.0,1509700
2025-12-16,46395.3046875,51700.0,52000.0,48100.0,51000.0,2083100
2025-12-17,44959.47265625,50100.0,51800.0,50100.0,51800.0,1555300
2025-12-18,44959.47265625,50100.0,51800.0,50100.0,51800.0,1555300
2025-12-19,44600.515625,49700.0,50200.0,49600.0,50200.0,1138800
2025-12-22,44510.7734375,49600.0,50300.0,49450.0,49700.0,995900
2025-12-23,44421.03515625,49500.0,49900.0,48900.0,49700.0,1429100
2025-12-24,43792.859375,48800.0,49600.0,48800.0,49500.0,997100
2025-12-25,43792.859375,48800.0,49600.0,48800.0,49500.0,997100
2025-12-26,43747.98828125,48750.0,49200.0,48100.0,48100.0,1433800
2025-12-29,43792.859375,48800.0,49250.0,48600.0,48800.0,882900
2025-12-30,44510.7734375,49600.0,49900.0,48400.0,48900.0,1279000
2025-12-31,43972.33984375,49000.0,49600.0,49000.0,49600.0,579700
2026-01-01,43972.33984375,49000.0,49000.0,49000.0,49000.0,0
2026-01-02,43972.33984375,49000.0,49000.0,49000.0,49000.0,0
2026-01-05,43164.68359375,48100.0,49200.0,48050.0,49150.0,1623700
2026-01-06,42671.1171875,47550.0,48200.0,47150.0,48200.0,1942000
2026-01-07,43523.640625,48500.0,48850.0,47600.0,47600.0,2000300
2026-01-08,43344.16015625,48300.0,49400.0,48300.0,48500.0,1599300
2026-01-09,43927.46875,48950.0,49900.0,48600.0,48900.0,2041500
2026-01-12,43974.25,47000.0,47450.0,46150.0,47200.0,1678300
2026-01-13,46968.2421875,50200.0,50200.0,47050.0,47050.0,3322400
2026-01-14,50242.91796875,53700.0,53700.0,51300.0,51300.0,4550700
2026-01-15,49307.296875,52700.0,57100.0,52700.0,55000.0,6078400
2026-01-16,49120.171875,52500.0,53800.0,51800.0,52700.0,2852800
2026-01-19,47810.30078125,51100.0,52700.0,50200.0,52500.0,2768200
2026-01-20,48933.046875,52300.0,54300.0,51500.0,52000.0,3633500
2026-01-21,47342.48828125,50600.0,52000.0,50200.0,52000.0,2222400
2026-01-22,47342.48828125,50600.0,52000.0,50500.0,51000.0,1396700
2026-01-23,46126.1796875,49300.0,51300.0,48900.0,50700.0,2328200
2026-01-26,45377.68359375,48500.0,50000.0,48300.0,49300.0,1694200
2026-01-27,46360.0859375,49550.0,49550.0,48250.0,48950.0,1290400
2026-01-28,45798.71484375,48950.0,50300.0,48750.0,49900.0,1151800
2026-01-29,47061.8046875,50300.0,50600.0,49000.0,49100.0,1623900
2026-01-30,46687.5546875,49900.0,51400.0,49900.0,51000.0,1724800
2026-02-02,46687.5546875,49900.0,50900.0,49200.0,49900.0,1193500
2026-02-03,48745.921875,52100.0,52400.0,50300.0,50900.0,2564900
2026-02-04,48371.67578125,51700.0,53300.0,51600.0,52400.0,1558600
2026-02-05,46874.6796875,50100.0,52200.0,50000.0,52200.0,1682000
2026-02-06,45611.58984375,48750.0,49800.0,48700.0,49500.0,1886100
2026-02-09,46266.5234375,49450.0,49450.0,48900.0,48900.0,519800
2026-02-10,45237.33984375,48350.0,49650.0,47750.0,49450.0,1278300
2026-02-11,45564.80859375,48700.0,48800.0,48050.0,48400.0,675500
2026-02-12,45658.37109375,48800.0,49200.0,48500.0,48700.0,508400
2026-02-13,45377.68359375,48500.0,49000.0,48400.0,49000.0,758900
2026-02-16,45377.68359375,48500.0,48500.0,48500.0,48500.0,0
2026-02-17,45377.68359375,48500.0,48500.0,48500.0,48500.0,0
2026-02-18,45377.68359375,48500.0,48500.0,48500.0,48500.0,0
2026-02-19,45377.68359375,48500.0,48500.0,48500.0,48500.0,0
2026-02-20,45377.68359375,48500.0,48500.0,48500.0,48500.0,0
2026-02-23,45705.15234375,48850.0,49150.0,48600.0,48600.0,747400
2026-02-24,45658.37109375,48800.0,49250.0,48650.0,48850.0,812400
2026-02-25,46032.6171875,49200.0,49900.0,48800.0,48800.0,1341700
2026-02-26,45939.0546875,49100.0,49550.0,48800.0,49500.0,1107900
2026-02-27,45284.12109375,48400.0,49200.0,48350.0,49100.0,1197000
2026-03-02,44161.375,47200.0,47850.0,47000.0,47050.0,1618800
2026-03-03,44161.375,47200.0,47850.0,47000.0,47050.0,1618800
2026-03-04,43038.62890625,46000.0,46500.0,45200.0,46050.0,1327100
2026-03-05,42711.16015625,45650.0,46450.0,45650.0,46150.0,768200
2026-03-06,42664.37890625,45600.0,46200.0,45550.0,45650.0,804600
2026-03-09,39717.16796875,42450.0,44000.0,42450.0,43750.0,3538000
2026-03-10,41869.09765625,44750.0,44750.0,43100.0,43600.0,1473200
2026-03-11,41915.87890625,44800.0,45000.0,44050.0,44600.0,966300
2026-03-12,40933.4765625,43750.0,44650.0,43700.0,44650.0,824200
2026-03-13,41541.6328125,44400.0,44650.0,43650.0,43750.0,599500
2026-03-16,41635.1953125,44500.0,44650.0,44100.0,44200.0,465900
2026-03-17,41494.8515625,44350.0,45200.0,44350.0,44500.0,700800
2026-03-18,41588.4140625,44450.0,44850.0,43900.0,44500.0,577100
2026-03-19,41494.8515625,44350.0,44450.0,43600.0,44350.0,840600
2026-03-20,39857.51171875,42600.0,44350.0,42600.0,44350.0,1019800
2026-03-23,40138.19921875,42900.0,43200.0,42200.0,42500.0,789200
2026-03-24,42196.56640625,45100.0,45100.0,43250.0,43450.0,779500
2026-03-25,41869.09765625,44750.0,45150.0,44400.0,44800.0,817400
2026-03-26,40933.4765625,43750.0,44650.0,43600.0,44650.0,472100
2026-03-27,41307.7265625,44150.0,44350.0,43750.0,44000.0,346700
2026-03-30,41307.7265625,44150.0,44550.0,42050.0,43900.0,668100
2026-03-31,41448.0703125,44300.0,44650.0,44150.0,44250.0,413500
2026-04-01,41635.1953125,44500.0,44800.0,44350.0,44750.0,469200
2026-04-02,41354.5078125,44200.0,44700.0,44100.0,44700.0,401600
2026-04-03,41260.9453125,44100.0,44750.0,44100.0,44600.0,543600
2026-04-06,41541.6328125,44400.0,44750.0,44050.0,44200.0,640800
2026-04-07,41214.1640625,44050.0,44600.0,43900.0,44450.0,408500
2026-04-08,42477.25390625,45400.0,45550.0,44500.0,44950.0,901300
2026-04-09,42196.56640625,45100.0,45450.0,44850.0,45000.0,510700
2026-04-10,42851.50390625,45800.0,45950.0,45150.0,45150.0,627600
2026-04-13,42524.03515625,45450.0,46000.0,45250.0,45500.0,427500
2026-04-14,42243.34765625,45150.0,45950.0,45050.0,45750.0,554900
2026-04-15,43178.97265625,46150.0,46350.0,45150.0,45650.0,805700
2026-04-16,42804.72265625,45750.0,46200.0,45300.0,46200.0,349400
2026-04-17,42570.81640625,45500.0,46450.0,45300.0,46000.0,676000
2026-04-20,42570.81640625,45500.0,45900.0,45350.0,45500.0,249100
2026-04-21,42243.34765625,45150.0,45700.0,45150.0,45700.0,486700
2026-04-22,42149.78515625,45050.0,45300.0,44800.0,45200.0,621600
2026-04-23,45096.99609375,48200.0,48200.0,44850.0,45050.0,3372800
2026-04-24,43974.25,47000.0,48100.0,46650.0,48100.0,825900
2026-04-27,43974.25,47000.0,47000.0,47000.0,47000.0,0
2026-04-28,45377.68359375,48500.0,49400.0,47100.0,47250.0,1524700
2026-04-29,44442.0625,47500.0,48500.0,47500.0,48000.0,590700
2026-04-30,44442.0625,47500.0,47500.0,47500.0,47500.0,0
2026-05-01,44442.0625,47500.0,47500.0,47500.0,47500.0,0
2026-05-04,44301.71875,47350.0,47800.0,46550.0,47500.0,884900
2026-05-05,44021.03125,47050.0,47300.0,46150.0,47250.0,1090900
2026-05-06,44722.74609375,47800.0,47800.0,46550.0,47000.0,654100
2026-05-07,43646.78125,46650.0,47800.0,46500.0,47800.0,1146500
2026-05-08,43272.53125,46250.0,46650.0,46200.0,46400.0,886100
2026-05-11,44535.625,47600.0,47800.0,45800.0,46250.0,1480800
2026-05-12,43974.25,47000.0,47750.0,46550.0,47700.0,656300
2026-05-13,43553.21875,46550.0,47000.0,46150.0,47000.0,586800
2026-05-14,43974.25,47000.0,47500.0,46650.0,46650.0,511700
2026-05-15,45424.46484375,48550.0,49100.0,47150.0,47450.0,1646900
2026-05-18,45284.12109375,48400.0,48650.0,47750.0,48550.0,570000
2026-05-19,45377.68359375,48500.0,49200.0,47650.0,48450.0,972600
2026-05-20,44629.18359375,47700.0,48500.0,47200.0,48500.0,716000
2026-05-21,44909.87109375,48000.0,48650.0,47650.0,48100.0,665600
2026-05-22,45003.43359375,48100.0,49350.0,48050.0,48300.0,917600
2026-05-25,44816.30859375,47900.0,48950.0,47850.0,48000.0,439000
2026-05-26,44161.375,47200.0,48000.0,47100.0,48000.0,880400
2026-05-27,44675.96484375,47750.0,47750.0,47050.0,47350.0,437900
2026-05-28,44161.375,47200.0,47700.0,47200.0,47700.0,345600
2026-05-29,43927.46875,46950.0,47400.0,46950.0,47300.0,520300
2026-06-01,44161.375,47200.0,47250.0,46800.0,46850.0,416200
2026-06-02,43974.25,47000.0,47250.0,46800.0,47150.0,596100
2026-06-03,44442.0625,47500.0,48100.0,46750.0,46750.0,625500
2026-06-04,44722.74609375,47800.0,47900.0,47350.0,47500.0,285400
2026-06-05,44722.74609375,47800.0,48300.0,47000.0,47900.0,589100
2026-06-08,43974.25,47000.0,47800.0,46600.0,47800.0,771900
2026-06-09,44114.59375,47150.0,47400.0,47000.0,47250.0,316800
2026-06-10,44488.84375,47550.0,47550.0,47150.0,47300.0,284900
2026-06-11,45471.24609375,48600.0,49200.0,47450.0,47500.0,1436400
2026-06-12,45471.24609375,48600.0,49350.0,48500.0,48700.0,850800
2026-06-15,45377.68359375,48500.0,49300.0,48150.0,48500.0,567600
2026-06-16,45939.0546875,49100.0,49850.0,48150.0,48500.0,1268100
2026-06-17,45658.37109375,48800.0,49400.0,48650.0,49100.0,423500
2026-06-18,45096.99609375,48200.0,48700.0,48200.0,48600.0,563100
2026-06-19,45050.21484375,48150.0,48450.0,48100.0,48200.0,318800
2026-06-22,45096.99609375,48200.0,48400.0,48050.0,48100.0,310900
2026-06-23,44722.74609375,47800.0,48950.0,47600.0,48950.0,602600
2026-06-24,44722.74609375,47800.0,48050.0,47500.0,47800.0,266600
2026-06-25,45471.24609375,48600.0,48950.0,47950.0,47950.0,642500
2026-06-26,45564.80859375,48700.0,48900.0,48500.0,48650.0,485600
2026-06-29,44909.87109375,48000.0,48950.0,47800.0,48750.0,753400
2026-06-30,45377.68359375,48500.0,48700.0,48100.0,48100.0,653200
2026-07-01,45377.68359375,48500.0,48700.0,48100.0,48100.0,653200
2026-07-02,45471.24609375,48600.0,48800.0,48200.0,48350.0,650500
2026-07-03,44816.30859375,47900.0,48800.0,47900.0,48800.0,800100
2026-07-06,44114.59375,47150.0,48150.0,46800.0,47900.0,863000
2026-07-07,44208.15625,47250.0,47450.0,47000.0,47150.0,398900
2026-07-08,44161.375,47200.0,47400.0,47050.0,47250.0,485900
2026-07-09,44114.59375,47150.0,47650.0,47100.0,47200.0,302100
2026-07-10,44114.59375,47150.0,47400.0,46800.0,47200.0,377800
2026-07-13,43178.97265625,46150.0,47200.0,45900.0,47150.0,900100
2026-07-14,43787.125,46800.0,46900.0,45900.0,46150.0,400600
2026-07-15,43085.41015625,46050.0,46950.0,46000.0,46950.0,311700
2026-07-16,43366.09375,46350.0,46600.0,45750.0,46100.0,515200
2026-07-17,43880.6875,46900.0,46900.0,46050.0,46300.0,341400
2026-07-20,44254.9375,47300.0,47900.0,46800.0,47050.0,609300
2026-07-21,43974.25,47000.0,47550.0,47000.0,47100.0,492300
2026-07-22,43927.46875,46950.0,47300.0,46900.0,47300.0,518500
2026-07-23,43974.25,47000.0,47250.0,45000.0,47250.0,875600
2026-07-24,43506.4375,46500.0,46900.0,46050.0,46900.0,618600
2026-07-27,43600.0,46600.0,47150.0,46450.0,46700.0,892500
2026-07-28,43150.0,43150.0,43500.0,42700.0,43000.0,567000
2026-07-29,43000.0,43000.0,43400.0,42950.0,43400.0,547800
2026-07-30,43400.0,43400.0,44000.0,43000.0,43500.0,677700
