date,Adj Close,Close,High,Low,Open,Volume
2018-04-19,5820.91162109375,8724.794921875,9410.41015625,8550.0302734375,9410.41015625,27132594
2018-04-20,5829.880859375,8738.23828125,8818.8994140625,8576.9169921875,8818.8994140625,7329260
2018-04-23,5524.93310546875,8281.1611328125,8765.125,8146.72705078125,8738.23828125,3416126
2018-04-24,5524.93310546875,8281.1611328125,8334.9345703125,7716.53662109375,8146.72705078125,4034011
2018-04-25,5524.93310546875,8281.1611328125,8281.1611328125,8281.1611328125,8281.1611328125,0
2018-04-26,5327.61474609375,7985.4052734375,8308.0478515625,7931.6318359375,8254.2744140625,2298666
2018-04-27,5417.30419921875,8119.83984375,8119.83984375,7891.30126953125,8052.62255859375,2914729
2018-04-30,5417.30419921875,8119.83984375,8119.83984375,8119.83984375,8119.83984375,0
2018-05-01,5417.30419921875,8119.83984375,8119.83984375,8119.83984375,8119.83984375,0
2018-05-02,5345.552734375,8012.29248046875,8308.0478515625,7985.4052734375,8308.0478515625,1744121
2018-05-03,5345.552734375,8012.29248046875,8012.29248046875,7797.197265625,8012.29248046875,1516203
2018-05-04,5345.552734375,8012.29248046875,8187.05712890625,7931.6318359375,8187.05712890625,995280
2018-05-07,5381.4287109375,8066.06640625,8066.06640625,7850.97119140625,8039.17919921875,1003463
2018-05-08,5399.36669921875,8092.953125,8334.9345703125,8012.29248046875,8334.9345703125,2068703
2018-05-09,5381.4287109375,8066.06640625,8092.953125,7958.5185546875,8092.953125,1372155
2018-05-10,5291.73828125,7931.6318359375,8066.06640625,7797.197265625,8066.06640625,688030
2018-05-11,5345.552734375,8012.29248046875,8012.29248046875,7689.64990234375,7931.6318359375,2698006
2018-05-14,5291.73828125,7931.6318359375,8012.29248046875,7743.42333984375,8012.29248046875,940681
2018-05-15,5345.552734375,8012.29248046875,8025.73583984375,7743.42333984375,7931.6318359375,1743042
2018-05-16,5291.73828125,7931.6318359375,8025.73583984375,7850.97119140625,8012.29248046875,1953889
2018-05-17,5291.73828125,7931.6318359375,8012.29248046875,7877.85791015625,7958.5185546875,1434565
2018-05-18,5327.61474609375,7985.4052734375,8012.29248046875,7837.52783203125,7904.74462890625,1733000
2018-05-21,5300.70751953125,7945.0751953125,7998.84912109375,7918.1884765625,7998.84912109375,1262697
2018-05-22,5255.86181640625,7877.85791015625,7998.84912109375,7689.64990234375,7945.0751953125,1542015
2018-05-23,5273.80029296875,7904.74462890625,7918.1884765625,7770.310546875,7877.85791015625,1882255
2018-05-24,5255.86181640625,7877.85791015625,7918.1884765625,7824.083984375,7891.30126953125,1364568
2018-05-25,5202.0478515625,7797.197265625,7904.74462890625,7783.75390625,7877.85791015625,1145502
2018-05-28,4861.2236328125,7286.3466796875,7770.310546875,7286.3466796875,7743.42333984375,732847
2018-05-29,5166.1708984375,7743.42333984375,7756.8671875,7393.89404296875,7393.89404296875,2195903
2018-05-30,5148.2333984375,7716.53662109375,7783.75390625,7635.8759765625,7729.97998046875,637783
2018-05-31,5022.6669921875,7528.32861328125,7703.09326171875,7528.32861328125,7689.64990234375,1068736
2018-06-01,5022.6669921875,7528.32861328125,7689.64990234375,7528.32861328125,7689.64990234375,373974
2018-06-04,5291.73828125,7931.6318359375,8012.29248046875,7514.884765625,7555.21533203125,1441966
2018-06-05,5273.80029296875,7904.74462890625,7958.5185546875,7770.310546875,7958.5185546875,1707895
2018-06-06,5184.10986328125,7770.310546875,7877.85791015625,7743.42333984375,7850.97119140625,3153619
2018-06-07,5184.10986328125,7770.310546875,7797.197265625,7716.53662109375,7797.197265625,2512637
2018-06-08,5139.2646484375,7703.09326171875,7797.197265625,7662.7626953125,7770.310546875,4323743
2018-06-11,5112.35693359375,7662.7626953125,7770.310546875,7582.10205078125,7770.310546875,143973
2018-06-12,5058.54248046875,7582.10205078125,7662.7626953125,7474.5546875,7662.7626953125,156879
2018-06-13,5058.54248046875,7582.10205078125,7608.9892578125,7528.32861328125,7582.10205078125,413547
2018-06-14,5022.6669921875,7528.32861328125,7582.10205078125,7461.111328125,7582.10205078125,85506
2018-06-15,4986.79052734375,7474.5546875,7568.65869140625,7461.111328125,7568.65869140625,97668
2018-06-18,4843.28564453125,7259.45947265625,7474.5546875,7259.45947265625,7474.5546875,165470
2018-06-19,4861.2236328125,7286.3466796875,7367.00732421875,6762.05224609375,7151.912109375,2413295
2018-06-20,4915.03857421875,7367.00732421875,7393.89404296875,7286.3466796875,7286.3466796875,2412811
2018-06-21,4915.03857421875,7367.00732421875,7501.44140625,7259.45947265625,7420.78076171875,162383
2018-06-22,4932.9765625,7393.89404296875,7393.89404296875,7340.1201171875,7340.1201171875,428907
2018-06-25,4986.79052734375,7474.5546875,7528.32861328125,7393.89404296875,7407.33740234375,762416
2018-06-26,4986.79052734375,7474.5546875,7501.44140625,7044.3642578125,7044.3642578125,377284
2018-06-27,4959.88330078125,7434.22412109375,7474.5546875,7259.45947265625,7447.66796875,157548
2018-06-28,4843.28564453125,7259.45947265625,7434.22412109375,7259.45947265625,7434.22412109375,165024
2018-06-29,4932.9765625,7393.89404296875,7393.89404296875,7232.57275390625,7393.89404296875,872507
2018-07-02,4843.28564453125,7259.45947265625,7420.78076171875,7246.01611328125,7393.89404296875,275078
2018-07-03,4681.8427734375,7017.4775390625,7272.90283203125,6977.1474609375,7259.45947265625,677765
2018-07-04,4565.24560546875,6842.712890625,7044.3642578125,6667.9482421875,7017.4775390625,1055644
2018-07-05,4538.337890625,6802.38232421875,7084.69482421875,6802.38232421875,6963.70361328125,2897955
2018-07-06,4789.47119140625,7178.798828125,7178.798828125,6802.38232421875,6802.38232421875,1279880
2018-07-09,4843.28564453125,7259.45947265625,7259.45947265625,6681.3916015625,7259.45947265625,842455
2018-07-10,4879.162109375,7313.2333984375,7313.2333984375,7232.57275390625,7259.45947265625,1036713
2018-07-11,4807.4091796875,7205.685546875,7313.2333984375,7151.912109375,7313.2333984375,306580
2018-07-12,4798.4404296875,7192.2421875,7205.685546875,7138.46875,7178.798828125,516645
2018-07-13,4861.2236328125,7286.3466796875,7326.6767578125,7232.57275390625,7299.7900390625,1129732
2018-07-16,4843.28564453125,7259.45947265625,7259.45947265625,7125.02490234375,7259.45947265625,805002
2018-07-17,4807.4091796875,7205.685546875,7272.90283203125,7205.685546875,7259.45947265625,586828
2018-07-18,4843.28564453125,7259.45947265625,7286.3466796875,7165.35546875,7219.12939453125,921564
2018-07-19,4825.34814453125,7232.57275390625,7259.45947265625,7178.798828125,7246.01611328125,205118
2018-07-20,4825.34814453125,7232.57275390625,7259.45947265625,7205.685546875,7259.45947265625,95176
2018-07-23,4816.37890625,7219.12939453125,7246.01611328125,7178.798828125,7246.01611328125,244542
2018-07-24,4816.37890625,7219.12939453125,7219.12939453125,7219.12939453125,7219.12939453125,0
2018-07-25,4735.6572265625,7098.13818359375,7219.12939453125,6721.7216796875,7151.912109375,367874
2018-07-26,4753.5947265625,7125.02490234375,7205.685546875,7084.69482421875,7098.13818359375,274185
2018-07-27,4771.533203125,7151.912109375,7205.685546875,7084.69482421875,7125.02490234375,387661
2018-07-30,4592.15234375,6883.04296875,7151.912109375,6748.60888671875,6963.70361328125,809576
2018-07-31,4574.21484375,6856.15625,6883.04296875,6735.1650390625,6735.1650390625,489718
2018-08-01,4484.52392578125,6721.7216796875,6869.599609375,6721.7216796875,6815.82568359375,500467
2018-08-02,4430.70947265625,6641.06103515625,6721.7216796875,6452.85302734375,6708.2783203125,699299
2018-08-03,4421.74072265625,6627.61767578125,6721.7216796875,6452.85302734375,6452.85302734375,745047
2018-08-06,4287.20458984375,6425.9658203125,6721.7216796875,6399.0791015625,6627.61767578125,1120732
2018-08-07,4314.11181640625,6466.29638671875,6479.73974609375,6439.40966796875,6439.40966796875,356902
2018-08-08,4376.89501953125,6560.400390625,6600.73095703125,6466.29638671875,6466.29638671875,837508
2018-08-09,4556.27685546875,6829.26953125,6909.93017578125,6587.28759765625,6587.28759765625,1715371
2018-08-10,4583.18359375,6869.599609375,6909.93017578125,6748.60888671875,6842.712890625,1235211
2018-08-13,4663.90478515625,6990.5908203125,7004.0341796875,6815.82568359375,6883.04296875,1252841
2018-08-14,4663.90478515625,6990.5908203125,7098.13818359375,6990.5908203125,7071.25146484375,1162946
2018-08-15,4619.0595703125,6923.37353515625,7057.80810546875,6909.93017578125,6990.5908203125,1077290
2018-08-16,4672.8740234375,7004.0341796875,7017.4775390625,6883.04296875,6883.04296875,874032
2018-08-17,4708.75,7057.80810546875,7259.45947265625,7004.0341796875,7071.25146484375,976014
2018-08-20,4663.90478515625,6990.5908203125,7071.25146484375,6990.5908203125,6990.5908203125,1060702
2018-08-21,4708.75,7057.80810546875,7057.80810546875,6990.5908203125,6990.5908203125,1160454
2018-08-22,4726.68798828125,7084.69482421875,7165.35546875,7017.4775390625,7057.80810546875,1620194
2018-08-23,4753.5947265625,7125.02490234375,7178.798828125,7044.3642578125,7044.3642578125,1397409
2018-08-24,4762.56494140625,7138.46875,7138.46875,7098.13818359375,7138.46875,1185522
2018-08-27,4789.47119140625,7178.798828125,7178.798828125,7151.912109375,7151.912109375,977725
2018-08-28,4825.34814453125,7232.57275390625,7246.01611328125,7151.912109375,7151.912109375,1367878
2018-08-29,4852.25439453125,7272.90283203125,7286.3466796875,7205.685546875,7232.57275390625,1313986
2018-08-30,4852.25439453125,7272.90283203125,7286.3466796875,7205.685546875,7259.45947265625,1436164
2018-08-31,4825.34814453125,7232.57275390625,7326.6767578125,7232.57275390625,7272.90283203125,1282186
2018-09-03,4825.34814453125,7232.57275390625,7232.57275390625,7232.57275390625,7232.57275390625,0
2018-09-04,4807.4091796875,7205.685546875,7246.01611328125,7192.2421875,7219.12939453125,1022617
2018-09-05,4753.5947265625,7125.02490234375,7219.12939453125,7125.02490234375,7192.2421875,1068810
2018-09-06,4421.74072265625,6627.61767578125,7205.685546875,6627.61767578125,7098.13818359375,1169715
2018-09-07,4726.68798828125,7084.69482421875,7084.69482421875,6909.93017578125,6923.37353515625,1243096
2018-09-10,4726.68798828125,7084.69482421875,7138.46875,7057.80810546875,7111.58154296875,1097337
2018-09-11,4681.8427734375,7017.4775390625,7098.13818359375,7017.4775390625,7084.69482421875,1138101
2018-09-12,4681.8427734375,7017.4775390625,7084.69482421875,6990.5908203125,7017.4775390625,1157850
2018-09-13,4699.78076171875,7044.3642578125,7057.80810546875,7017.4775390625,7030.9208984375,1020274
2018-09-14,4699.78076171875,7044.3642578125,7071.25146484375,7030.9208984375,7044.3642578125,1101763
2018-09-17,4681.8427734375,7017.4775390625,7044.3642578125,6990.5908203125,7044.3642578125,1103921
2018-09-18,4681.8427734375,7017.4775390625,7017.4775390625,6869.599609375,7017.4775390625,1269429
2018-09-19,4699.78076171875,7044.3642578125,7057.80810546875,6990.5908203125,7030.9208984375,1500285
2018-09-20,4708.75,7057.80810546875,7111.58154296875,7044.3642578125,7057.80810546875,1679815
2018-09-21,4708.75,7057.80810546875,7098.13818359375,7044.3642578125,7057.80810546875,1707114
2018-09-24,4708.75,7057.80810546875,7098.13818359375,7044.3642578125,7071.25146484375,668727
2018-09-25,4654.935546875,6977.1474609375,7057.80810546875,6950.26025390625,7057.80810546875,1311419
2018-09-26,4663.90478515625,6990.5908203125,7138.46875,6936.81689453125,6990.5908203125,1044263
2018-09-27,4663.90478515625,6990.5908203125,7044.3642578125,6977.1474609375,6990.5908203125,883664
2018-09-28,4699.78076171875,7044.3642578125,7044.3642578125,6963.70361328125,6990.5908203125,1402505
2018-10-01,4699.78076171875,7044.3642578125,7084.69482421875,7030.9208984375,7044.3642578125,1245923
2018-10-02,4690.8115234375,7030.9208984375,7125.02490234375,6977.1474609375,7044.3642578125,1720950
2018-10-03,4717.71923828125,7071.25146484375,7084.69482421875,7030.9208984375,7044.3642578125,1834239
2018-10-04,4843.28564453125,7259.45947265625,7313.2333984375,7071.25146484375,7071.25146484375,3415642
2018-10-05,4843.28564453125,7259.45947265625,7299.7900390625,7219.12939453125,7286.3466796875,2571699
2018-10-08,4780.50244140625,7165.35546875,7272.90283203125,7125.02490234375,7272.90283203125,2183145
2018-10-09,4789.47119140625,7178.798828125,7192.2421875,7071.25146484375,7098.13818359375,3964200
2018-10-10,4789.47119140625,7178.798828125,7205.685546875,7151.912109375,7178.798828125,2074766
2018-10-11,4466.5859375,6694.8349609375,6990.5908203125,6694.8349609375,6721.7216796875,1862952
2018-10-12,4511.431640625,6762.05224609375,6802.38232421875,6681.3916015625,6681.3916015625,1400310
2018-10-15,4305.14306640625,6452.85302734375,6762.05224609375,6291.53173828125,6748.60888671875,1251725
2018-10-16,4332.04931640625,6493.18310546875,6520.0703125,6452.85302734375,6466.29638671875,1222938
2018-10-17,4394.8330078125,6587.28759765625,6721.7216796875,6506.626953125,6506.626953125,1195936
2018-10-18,4385.8642578125,6573.84375,6654.50439453125,6560.400390625,6600.73095703125,1038350
2018-10-19,4385.8642578125,6573.84375,6587.28759765625,6506.626953125,6560.400390625,1146246
2018-10-22,4412.771484375,6614.17431640625,6748.60888671875,6573.84375,6573.84375,1437280
2018-10-23,4376.89501953125,6560.400390625,6627.61767578125,6546.95703125,6627.61767578125,1174401
2018-10-24,4403.802734375,6600.73095703125,6627.61767578125,6560.400390625,6573.84375,1176112
2018-10-25,4394.8330078125,6587.28759765625,6600.73095703125,6493.18310546875,6573.84375,929486
2018-10-26,4457.61669921875,6681.3916015625,6721.7216796875,6627.61767578125,6627.61767578125,1002719
2018-10-29,4457.61669921875,6681.3916015625,6694.8349609375,6627.61767578125,6681.3916015625,807270
2018-10-30,4484.52392578125,6721.7216796875,6775.49560546875,6681.3916015625,6681.3916015625,1369998
2018-10-31,4636.99755859375,6950.26025390625,6950.26025390625,6856.15625,6856.15625,1146729
2018-11-01,4619.0595703125,6923.37353515625,7125.02490234375,6909.93017578125,7125.02490234375,1061260
2018-11-02,4305.14306640625,6452.85302734375,7004.0341796875,6452.85302734375,6936.81689453125,1901707
2018-11-05,4439.67822265625,6654.50439453125,6667.9482421875,6573.84375,6587.28759765625,1791579
2018-11-06,4439.67822265625,6654.50439453125,6694.8349609375,6641.06103515625,6654.50439453125,923386
2018-11-07,4484.52392578125,6721.7216796875,6748.60888671875,6654.50439453125,6654.50439453125,950128
2018-11-08,4538.337890625,6802.38232421875,6829.26953125,6627.61767578125,6721.7216796875,2349955
2018-11-09,4502.4619140625,6748.60888671875,6883.04296875,6721.7216796875,6802.38232421875,2095445
2018-11-12,4583.18359375,6869.599609375,6869.599609375,6708.2783203125,6748.60888671875,873734
2018-11-13,4565.24560546875,6842.712890625,6856.15625,6788.93896484375,6856.15625,769780
2018-11-14,4574.21484375,6856.15625,6883.04296875,6842.712890625,6842.712890625,671888
2018-11-15,4583.18359375,6869.599609375,6883.04296875,6829.26953125,6869.599609375,869903
2018-11-16,4654.935546875,6977.1474609375,6990.5908203125,6883.04296875,6883.04296875,937780
2018-11-19,4699.78076171875,7044.3642578125,7044.3642578125,6990.5908203125,6990.5908203125,1233352
2018-11-20,4699.78076171875,7044.3642578125,7057.80810546875,7017.4775390625,7057.80810546875,1065277
2018-11-21,4825.34814453125,7232.57275390625,7259.45947265625,6977.1474609375,7044.3642578125,1144795
2018-11-22,5040.6044921875,7555.21533203125,7555.21533203125,7232.57275390625,7393.89404296875,4695634
2018-11-23,4932.9765625,7393.89404296875,7555.21533203125,7367.00732421875,7555.21533203125,3924701
2018-11-26,4744.6259765625,7111.58154296875,7246.01611328125,7111.58154296875,7125.02490234375,2233616
2018-11-27,4645.96630859375,6963.70361328125,7111.58154296875,6909.93017578125,7098.13818359375,1165437
2018-11-28,4556.27685546875,6829.26953125,6963.70361328125,6721.7216796875,6963.70361328125,1166144
2018-11-29,4556.27685546875,6829.26953125,6936.81689453125,6815.82568359375,6936.81689453125,883107
2018-11-30,4511.431640625,6762.05224609375,6909.93017578125,6708.2783203125,6909.93017578125,1426792
2018-12-03,4744.6259765625,7111.58154296875,7125.02490234375,6856.15625,6963.70361328125,1761267
2018-12-04,4663.90478515625,6990.5908203125,7125.02490234375,6990.5908203125,7111.58154296875,1143605
2018-12-05,4735.6572265625,7098.13818359375,7125.02490234375,6950.26025390625,6990.5908203125,1709346
2018-12-06,4753.5947265625,7125.02490234375,7205.685546875,7071.25146484375,7125.02490234375,2140299
2018-12-07,5044.41552734375,7560.9267578125,7578.14990234375,7371.47314453125,7578.14990234375,2519237
2018-12-10,4940.99853515625,7405.9189453125,7543.70361328125,7388.6962890625,7543.70361328125,1297736
2018-12-11,4860.564453125,7285.35791015625,7388.6962890625,7268.134765625,7388.6962890625,932934
2018-12-12,4860.564453125,7285.35791015625,7285.35791015625,7285.35791015625,7285.35791015625,0
2018-12-13,4883.5458984375,7319.8037109375,7440.365234375,7319.8037109375,7405.9189453125,647968
2018-12-14,4860.564453125,7285.35791015625,7388.6962890625,7268.134765625,7371.47314453125,940657
2018-12-17,4768.638671875,7147.5732421875,7268.134765625,7061.4580078125,7268.134765625,685621
2018-12-18,4619.25927734375,6923.67333984375,7095.90380859375,6923.67333984375,7095.90380859375,1181874
2018-12-19,4596.2783203125,6889.22705078125,7130.35009765625,6889.22705078125,7095.90380859375,795299
2018-12-20,4665.22216796875,6992.5654296875,7044.23486328125,6975.34228515625,6992.5654296875,561456
2018-12-21,4619.25927734375,6923.67333984375,7009.78857421875,6906.4501953125,6958.11962890625,766820
2018-12-24,4607.7685546875,6906.4501953125,6958.11962890625,6889.22705078125,6958.11962890625,510507
2018-12-25,4435.40869140625,6648.10400390625,6889.22705078125,6544.765625,6889.22705078125,595915
2018-12-26,4504.3525390625,6751.4423828125,6854.78076171875,6648.10400390625,6648.10400390625,638010
2018-12-27,4584.78759765625,6872.00390625,7061.4580078125,6872.00390625,7061.4580078125,532454
2018-12-28,4584.78759765625,6872.00390625,6872.00390625,6872.00390625,6872.00390625,0
2018-12-31,4584.78759765625,6872.00390625,6872.00390625,6872.00390625,6872.00390625,0
2019-01-01,4584.78759765625,6872.00390625,6872.00390625,6872.00390625,6872.00390625,0
2019-01-02,4584.78759765625,6872.00390625,6992.5654296875,6716.99658203125,6992.5654296875,295708
2019-01-03,4481.37109375,6716.99658203125,6992.5654296875,6665.3271484375,6854.78076171875,254890
2019-01-04,4469.88037109375,6699.7734375,6716.99658203125,6441.42724609375,6716.99658203125,474218
2019-01-07,4515.8427734375,6768.66552734375,6975.34228515625,6699.7734375,6923.67333984375,292369
2019-01-08,4527.333984375,6785.888671875,6923.67333984375,6734.2197265625,6820.3349609375,420656
2019-01-09,4734.1669921875,7095.90380859375,7130.35009765625,6854.78076171875,6889.22705078125,2296106
2019-01-10,4791.61962890625,7182.01904296875,7250.91162109375,7095.90380859375,7095.90380859375,1382535
2019-01-11,4803.1103515625,7199.2421875,7233.6884765625,7164.79638671875,7233.6884765625,1147211
2019-01-14,5067.396484375,7595.373046875,7595.373046875,6716.99658203125,7233.6884765625,771378
2019-01-15,4849.07373046875,7268.134765625,7423.14208984375,7130.35009765625,7423.14208984375,1284672
2019-01-16,4780.12939453125,7164.79638671875,7319.8037109375,7164.79638671875,7285.35791015625,351360
2019-01-17,4757.14794921875,7130.35009765625,7233.6884765625,7113.126953125,7233.6884765625,300236
2019-01-18,4780.12939453125,7164.79638671875,7319.8037109375,7130.35009765625,7130.35009765625,396067
2019-01-21,4826.09228515625,7233.6884765625,7405.9189453125,7164.79638671875,7182.01904296875,839339
2019-01-22,4826.09228515625,7233.6884765625,7337.02685546875,7164.79638671875,7337.02685546875,628865
2019-01-23,5009.94287109375,7509.25732421875,7509.25732421875,7130.35009765625,7199.2421875,2764344
2019-01-24,4883.5458984375,7319.8037109375,7405.9189453125,7233.6884765625,7268.134765625,789464
2019-01-25,4860.564453125,7285.35791015625,7354.25,7285.35791015625,7337.02685546875,1048854
2019-01-28,4837.5830078125,7250.91162109375,7319.8037109375,7233.6884765625,7319.8037109375,665880
2019-01-29,4757.14794921875,7130.35009765625,7268.134765625,7113.126953125,7250.91162109375,804589
2019-01-30,4803.1103515625,7199.2421875,7233.6884765625,7182.01904296875,7233.6884765625,556666
2019-01-31,4780.12939453125,7164.79638671875,7268.134765625,7164.79638671875,7233.6884765625,563314
2019-02-01,4814.60107421875,7216.46533203125,7233.6884765625,7164.79638671875,7199.2421875,387155
2019-02-04,4814.60107421875,7216.46533203125,7216.46533203125,7216.46533203125,7216.46533203125,0
2019-02-05,4814.60107421875,7216.46533203125,7216.46533203125,7216.46533203125,7216.46533203125,0
2019-02-06,4814.60107421875,7216.46533203125,7216.46533203125,7216.46533203125,7216.46533203125,0
2019-02-07,4814.60107421875,7216.46533203125,7216.46533203125,7216.46533203125,7216.46533203125,0
2019-02-08,4814.60107421875,7216.46533203125,7216.46533203125,7216.46533203125,7216.46533203125,0
2019-02-11,4883.5458984375,7319.8037109375,7319.8037109375,7250.91162109375,7250.91162109375,952559
2019-02-12,4895.0361328125,7337.02685546875,7388.6962890625,7319.8037109375,7337.02685546875,1125728
2019-02-13,4906.52685546875,7354.25,7388.6962890625,7302.58056640625,7354.25,894788
2019-02-14,4895.0361328125,7337.02685546875,7371.47314453125,7285.35791015625,7371.47314453125,953808
2019-02-15,4872.0546875,7302.58056640625,7371.47314453125,7233.6884765625,7354.25,1558607
2019-02-18,4872.0546875,7302.58056640625,7302.58056640625,7302.58056640625,7302.58056640625,0
2019-02-19,4849.07373046875,7268.134765625,7337.02685546875,7233.6884765625,7337.02685546875,814837
2019-02-20,4849.07373046875,7268.134765625,7302.58056640625,7164.79638671875,7302.58056640625,1015469
2019-02-21,4780.12939453125,7164.79638671875,7302.58056640625,7147.5732421875,7285.35791015625,1379487
2019-02-22,4826.09228515625,7233.6884765625,7285.35791015625,7147.5732421875,7182.01904296875,1010621
2019-02-25,4883.5458984375,7319.8037109375,7440.365234375,7250.91162109375,7250.91162109375,962226
2019-02-26,4826.09228515625,7233.6884765625,7319.8037109375,7164.79638671875,7319.8037109375,1338002
2019-02-27,4814.60107421875,7216.46533203125,7233.6884765625,7130.35009765625,7233.6884765625,1699116
2019-02-28,4768.638671875,7147.5732421875,7233.6884765625,7113.126953125,7216.46533203125,1533611
2019-03-01,4814.60107421875,7216.46533203125,7216.46533203125,7130.35009765625,7147.5732421875,1344766
2019-03-04,4872.0546875,7302.58056640625,7440.365234375,7182.01904296875,7216.46533203125,1799621
2019-03-05,4803.1103515625,7199.2421875,7319.8037109375,7164.79638671875,7302.58056640625,1802263
2019-03-06,4803.1103515625,7199.2421875,7250.91162109375,7164.79638671875,7216.46533203125,543805
2019-03-07,4826.09228515625,7233.6884765625,7319.8037109375,7216.46533203125,7233.6884765625,828162
2019-03-08,4791.61962890625,7182.01904296875,7216.46533203125,7147.5732421875,7216.46533203125,386313
2019-03-11,4780.12939453125,7164.79638671875,7199.2421875,7113.126953125,7164.79638671875,172907
2019-03-12,4872.0546875,7302.58056640625,7302.58056640625,7164.79638671875,7164.79638671875,1937111
2019-03-13,4895.0361328125,7337.02685546875,7371.47314453125,7302.58056640625,7354.25,1593560
2019-03-14,4895.0361328125,7337.02685546875,7354.25,7233.6884765625,7354.25,812602
2019-03-15,4826.09228515625,7233.6884765625,7354.25,7233.6884765625,7319.8037109375,1010824
2019-03-18,4883.5458984375,7319.8037109375,7337.02685546875,7233.6884765625,7233.6884765625,2727069
2019-03-19,4883.5458984375,7319.8037109375,7354.25,7285.35791015625,7337.02685546875,2240919
2019-03-20,4872.0546875,7302.58056640625,7337.02685546875,7216.46533203125,7319.8037109375,2007249
2019-03-21,4860.564453125,7285.35791015625,7337.02685546875,7199.2421875,7337.02685546875,1465940
2019-03-22,4872.0546875,7302.58056640625,7319.8037109375,7268.134765625,7302.58056640625,989167
2019-03-25,4803.1103515625,7199.2421875,7285.35791015625,7130.35009765625,7285.35791015625,1365842
2019-03-26,4803.1103515625,7199.2421875,7337.02685546875,7199.2421875,7199.2421875,978745
2019-03-27,4826.09228515625,7233.6884765625,7285.35791015625,7182.01904296875,7216.46533203125,933399
2019-03-28,4872.0546875,7302.58056640625,7319.8037109375,7216.46533203125,7250.91162109375,1466434
2019-03-29,4883.5458984375,7319.8037109375,7354.25,7319.8037109375,7337.02685546875,1459728
2019-04-01,5193.79443359375,7784.82666015625,7819.27294921875,7285.35791015625,7337.02685546875,2296977
2019-04-02,5113.359375,7664.26513671875,7819.27294921875,7647.0419921875,7784.82666015625,2119134
2019-04-03,5193.79443359375,7784.82666015625,7819.27294921875,7647.0419921875,7681.48828125,3461607
2019-04-04,5228.2666015625,7836.49609375,7853.71875,7733.1572265625,7802.0498046875,2408397
2019-04-05,5216.77587890625,7819.27294921875,7991.50341796875,7819.27294921875,7853.71875,1952933
2019-04-08,5239.75732421875,7853.71875,7905.38818359375,7802.0498046875,7836.49609375,2629351
2019-04-09,5193.79443359375,7784.82666015625,7905.38818359375,7784.82666015625,7905.38818359375,4642465
2019-04-10,5090.37744140625,7629.81884765625,7767.603515625,7526.48046875,7750.38037109375,1932495
2019-04-11,5170.81298828125,7750.38037109375,7750.38037109375,7612.59619140625,7629.81884765625,2525479
2019-04-12,5159.322265625,7733.1572265625,7853.71875,7681.48828125,7853.71875,593912
2019-04-15,5159.322265625,7733.1572265625,7733.1572265625,7733.1572265625,7733.1572265625,0
2019-04-16,5101.86865234375,7647.0419921875,7733.1572265625,7560.9267578125,7698.71142578125,1020520
2019-04-17,5078.88720703125,7612.59619140625,7647.0419921875,7543.70361328125,7647.0419921875,1607872
2019-04-18,5021.43408203125,7526.48046875,7664.26513671875,7509.25732421875,7629.81884765625,2109525
2019-04-19,5078.88720703125,7612.59619140625,7922.611328125,7474.8115234375,7560.9267578125,2167558
2019-04-22,4998.45263671875,7492.03466796875,7681.48828125,7440.365234375,7681.48828125,2350191
2019-04-23,4986.9619140625,7474.8115234375,7578.14990234375,7388.6962890625,7578.14990234375,3059791
2019-04-24,4929.5087890625,7388.6962890625,7509.25732421875,7388.6962890625,7492.03466796875,2850566
2019-04-25,4872.0546875,7302.58056640625,7405.9189453125,7302.58056640625,7405.9189453125,1488846
2019-04-26,4906.52685546875,7354.25,7405.9189453125,7302.58056640625,7302.58056640625,3042199
2019-04-29,4906.52685546875,7354.25,7354.25,7354.25,7354.25,0
2019-04-30,4906.52685546875,7354.25,7354.25,7354.25,7354.25,0
2019-05-01,4906.52685546875,7354.25,7354.25,7354.25,7354.25,0
2019-05-02,4906.52685546875,7354.25,7388.6962890625,7337.02685546875,7354.25,2553058
2019-05-03,4895.0361328125,7337.02685546875,7388.6962890625,7285.35791015625,7354.25,3310385
2019-05-06,4895.0361328125,7337.02685546875,7371.47314453125,7199.2421875,7302.58056640625,944053
2019-05-07,4940.99853515625,7405.9189453125,7474.8115234375,7337.02685546875,7337.02685546875,4905194
2019-05-08,4918.017578125,7371.47314453125,7405.9189453125,7354.25,7354.25,1577680
2019-05-09,4940.99853515625,7405.9189453125,7509.25732421875,7388.6962890625,7405.9189453125,4977858
2019-05-10,5170.81298828125,7750.38037109375,7750.38037109375,7440.365234375,7526.48046875,7477645
2019-05-13,5262.73876953125,7888.1650390625,7991.50341796875,7784.82666015625,7784.82666015625,4429118
2019-05-14,5285.72021484375,7922.611328125,7922.611328125,7819.27294921875,7853.71875,3854133
2019-05-15,5320.19189453125,7974.2802734375,7974.2802734375,7888.1650390625,7922.611328125,6347736
2019-05-16,5354.6640625,8025.94970703125,8025.94970703125,7939.83447265625,8008.7265625,4653061
2019-05-17,5469.5712890625,8198.1806640625,8198.1806640625,8025.94970703125,8043.1728515625,2871904
2019-05-20,5481.06201171875,8215.4033203125,8249.849609375,8146.51123046875,8215.4033203125,1628107
2019-05-21,5492.5517578125,8232.6259765625,8249.849609375,8180.95703125,8232.6259765625,1702280
2019-05-22,5492.5517578125,8232.6259765625,8335.96484375,8198.1806640625,8284.2958984375,1584764
2019-05-23,5423.6083984375,8129.2880859375,8232.6259765625,8094.841796875,8232.6259765625,1567781
2019-05-24,5423.6083984375,8129.2880859375,8198.1806640625,8060.3955078125,8094.841796875,1760632
2019-05-27,5469.5712890625,8198.1806640625,8232.6259765625,8129.2880859375,8129.2880859375,3020367
2019-05-28,5458.08056640625,8180.95703125,8267.072265625,8180.95703125,8249.849609375,2752064
2019-05-29,5527.02490234375,8284.2958984375,8318.7421875,8180.95703125,8180.95703125,2341191
2019-05-30,5527.02490234375,8284.2958984375,8335.96484375,8267.072265625,8301.5185546875,2942100
2019-05-31,5492.5517578125,8232.6259765625,8284.2958984375,8215.4033203125,8284.2958984375,2893619
2019-06-03,5469.5712890625,8198.1806640625,8232.6259765625,8094.841796875,8232.6259765625,1950436
2019-06-04,5469.5712890625,8198.1806640625,8249.849609375,8094.841796875,8232.6259765625,1511141
2019-06-05,5492.5517578125,8232.6259765625,8232.6259765625,8180.95703125,8198.1806640625,1691597
2019-06-06,5492.5517578125,8232.6259765625,8267.072265625,8094.841796875,8267.072265625,1338147
2019-06-07,5538.51513671875,8301.5185546875,8301.5185546875,8198.1806640625,8249.849609375,2250295
2019-06-10,5595.96826171875,8387.6337890625,8422.080078125,8267.072265625,8335.96484375,2671968
2019-06-11,5860.2548828125,8783.7646484375,8783.7646484375,8318.7421875,8387.6337890625,3592042
2019-06-12,5791.310546875,8680.42578125,8697.6494140625,8542.6416015625,8680.42578125,3889638
2019-06-13,5837.2734375,8749.318359375,8749.318359375,8370.4111328125,8577.087890625,8829843
2019-06-14,5722.36669921875,8577.087890625,8749.318359375,8508.1953125,8749.318359375,7932994
2019-06-17,5630.44140625,8439.3037109375,8577.087890625,8267.072265625,8577.087890625,1736159
2019-06-18,5412.11767578125,8112.06494140625,8611.5341796875,8060.3955078125,8060.3955078125,2285887
2019-06-19,5377.64501953125,8060.3955078125,8198.1806640625,7957.05712890625,7957.05712890625,875831
2019-06-20,5423.6083984375,8129.2880859375,8146.51123046875,7991.50341796875,8129.2880859375,2004259
2019-06-21,5423.6083984375,8129.2880859375,8198.1806640625,8025.94970703125,8198.1806640625,1454705
2019-06-24,5274.22900390625,7905.38818359375,8129.2880859375,7905.38818359375,8129.2880859375,1439000
2019-06-25,5262.73876953125,7888.1650390625,7922.611328125,7715.9345703125,7905.38818359375,2209159
2019-06-26,5216.77587890625,7819.27294921875,7905.38818359375,7750.38037109375,7905.38818359375,1777615
2019-06-27,5216.77587890625,7819.27294921875,7853.71875,7767.603515625,7819.27294921875,1014250
2019-06-28,5251.24755859375,7870.94189453125,7905.38818359375,7750.38037109375,7905.38818359375,1007456
2019-07-01,5262.73876953125,7888.1650390625,7939.83447265625,7853.71875,7870.94189453125,871041
2019-07-02,5285.72021484375,7922.611328125,7991.50341796875,7888.1650390625,7991.50341796875,1228410
2019-07-03,5308.70166015625,7957.05712890625,8008.7265625,7905.38818359375,8008.7265625,1999614
2019-07-04,5308.70166015625,7957.05712890625,7957.05712890625,7957.05712890625,7957.05712890625,0
2019-07-05,5308.70166015625,7957.05712890625,7957.05712890625,7957.05712890625,7957.05712890625,0
2019-07-08,5308.70166015625,7957.05712890625,7957.05712890625,7957.05712890625,7957.05712890625,0
2019-07-09,5308.70166015625,7957.05712890625,7957.05712890625,7957.05712890625,7957.05712890625,0
2019-07-10,5308.70166015625,7957.05712890625,7957.05712890625,7957.05712890625,7957.05712890625,0
2019-07-11,5308.70166015625,7957.05712890625,7957.05712890625,7957.05712890625,7957.05712890625,0
2019-07-12,5308.70166015625,7957.05712890625,7957.05712890625,7957.05712890625,7957.05712890625,0
2019-07-15,5308.70166015625,7957.05712890625,7957.05712890625,7957.05712890625,7957.05712890625,0
2019-07-16,5308.70166015625,7957.05712890625,7957.05712890625,7957.05712890625,7957.05712890625,0
2019-07-17,5377.64501953125,8060.3955078125,8094.841796875,7991.50341796875,8094.841796875,1512070
2019-07-18,5331.68310546875,7991.50341796875,8060.3955078125,7957.05712890625,8060.3955078125,286302
2019-07-19,5239.75732421875,7853.71875,8025.94970703125,7853.71875,7991.50341796875,1581222
2019-07-22,5285.72021484375,7922.611328125,7922.611328125,7802.0498046875,7836.49609375,865031
2019-07-23,5308.70166015625,7957.05712890625,8008.7265625,7870.94189453125,8008.7265625,629011
2019-07-24,5297.21044921875,7939.83447265625,7991.50341796875,7853.71875,7991.50341796875,605728
2019-07-25,5297.21044921875,7939.83447265625,7939.83447265625,7939.83447265625,7939.83447265625,0
2019-07-26,5297.21044921875,7939.83447265625,7939.83447265625,7939.83447265625,7939.83447265625,0
2019-07-29,5297.21044921875,7939.83447265625,7939.83447265625,7939.83447265625,7939.83447265625,0
2019-07-30,5297.21044921875,7939.83447265625,7939.83447265625,7939.83447265625,7939.83447265625,0
2019-07-31,5239.75732421875,7853.71875,7870.94189453125,7750.38037109375,7870.94189453125,448061
2019-08-01,5170.81298828125,7750.38037109375,7853.71875,7733.1572265625,7853.71875,547376
2019-08-02,5090.37744140625,7629.81884765625,7733.1572265625,7543.70361328125,7733.1572265625,1418156
2019-08-05,5170.81298828125,7750.38037109375,7922.611328125,7578.14990234375,7612.59619140625,631043
2019-08-06,5170.81298828125,7750.38037109375,7750.38037109375,7750.38037109375,7750.38037109375,0
2019-08-07,5170.81298828125,7750.38037109375,7784.82666015625,7681.48828125,7750.38037109375,300033
2019-08-08,5182.3037109375,7767.603515625,7767.603515625,7629.81884765625,7750.38037109375,557450
2019-08-09,5182.3037109375,7767.603515625,7767.603515625,7767.603515625,7767.603515625,0
2019-08-12,5193.79443359375,7784.82666015625,7853.71875,7715.9345703125,7853.71875,213986
2019-08-13,5193.79443359375,7784.82666015625,7802.0498046875,7578.14990234375,7750.38037109375,1278982
2019-08-14,5159.322265625,7733.1572265625,7784.82666015625,7647.0419921875,7784.82666015625,628836
2019-08-15,5147.83203125,7715.9345703125,7715.9345703125,7629.81884765625,7681.48828125,396038
2019-08-16,5147.83203125,7715.9345703125,7715.9345703125,7715.9345703125,7715.9345703125,0
2019-08-19,5147.83203125,7715.9345703125,7715.9345703125,7715.9345703125,7715.9345703125,0
2019-08-20,5147.83203125,7715.9345703125,7715.9345703125,7715.9345703125,7715.9345703125,0
2019-08-21,5147.83203125,7715.9345703125,7715.9345703125,7595.373046875,7698.71142578125,823024
2019-08-22,5159.322265625,7733.1572265625,7733.1572265625,7664.26513671875,7715.9345703125,435520
2019-08-23,5193.79443359375,7784.82666015625,7819.27294921875,7664.26513671875,7664.26513671875,401293
2019-08-26,5182.3037109375,7767.603515625,7767.603515625,7733.1572265625,7750.38037109375,153892
2019-08-27,5205.28466796875,7802.0498046875,7853.71875,7750.38037109375,7750.38037109375,591270
2019-08-28,5228.2666015625,7836.49609375,7853.71875,7784.82666015625,7784.82666015625,347557
2019-08-29,5285.72021484375,7922.611328125,7922.611328125,7853.71875,7888.1650390625,1270795
2019-08-30,5343.17333984375,8008.7265625,8025.94970703125,7974.2802734375,7974.2802734375,1758949
2019-09-02,5343.17333984375,8008.7265625,8008.7265625,8008.7265625,8008.7265625,0
2019-09-03,5216.77587890625,7819.27294921875,8008.7265625,7819.27294921875,8008.7265625,789812
2019-09-04,5216.77587890625,7819.27294921875,7819.27294921875,7319.8037109375,7698.71142578125,684372
2019-09-05,5147.83203125,7715.9345703125,7853.71875,7647.0419921875,7853.71875,636820
2019-09-06,5147.83203125,7715.9345703125,7767.603515625,7578.14990234375,7715.9345703125,989893
2019-09-09,5090.37744140625,7629.81884765625,7715.9345703125,7560.9267578125,7715.9345703125,926954
2019-09-10,5044.41552734375,7560.9267578125,7647.0419921875,7233.6884765625,7543.70361328125,948088
2019-09-11,5078.88720703125,7612.59619140625,7612.59619140625,7405.9189453125,7560.9267578125,297304
2019-09-12,5101.86865234375,7647.0419921875,7715.9345703125,7509.25732421875,7612.59619140625,231375
2019-09-13,5170.81298828125,7750.38037109375,7784.82666015625,7543.70361328125,7612.59619140625,740199
2019-09-16,5170.81298828125,7750.38037109375,7853.71875,7698.71142578125,7750.38037109375,186726
2019-09-17,5170.81298828125,7750.38037109375,7750.38037109375,7681.48828125,7750.38037109375,413631
2019-09-18,5170.81298828125,7750.38037109375,7750.38037109375,7681.48828125,7715.9345703125,368807
2019-09-19,5216.77587890625,7819.27294921875,7819.27294921875,7698.71142578125,7750.38037109375,1094520
2019-09-20,5136.34130859375,7698.71142578125,7819.27294921875,7560.9267578125,7819.27294921875,3443114
2019-09-23,5101.86865234375,7647.0419921875,7698.71142578125,7509.25732421875,7698.71142578125,1331615
2019-09-24,5124.8505859375,7681.48828125,7681.48828125,7457.58837890625,7629.81884765625,1137573
2019-09-25,5124.8505859375,7681.48828125,7715.9345703125,7578.14990234375,7681.48828125,406402
2019-09-26,5170.81298828125,7750.38037109375,7767.603515625,7578.14990234375,7681.48828125,1081804
2019-09-27,5147.83203125,7715.9345703125,7750.38037109375,7629.81884765625,7750.38037109375,314461
2019-09-30,5147.83203125,7715.9345703125,7733.1572265625,7647.0419921875,7647.0419921875,446290
2019-10-01,5170.81298828125,7750.38037109375,7767.603515625,7647.0419921875,7715.9345703125,1432816
2019-10-02,5170.81298828125,7750.38037109375,7767.603515625,7698.71142578125,7715.9345703125,702168
2019-10-03,5147.83203125,7715.9345703125,7750.38037109375,7681.48828125,7750.38037109375,407941
2019-10-04,5147.83203125,7715.9345703125,7715.9345703125,7647.0419921875,7715.9345703125,833417
2019-10-07,5124.8505859375,7681.48828125,7750.38037109375,7647.0419921875,7715.9345703125,807986
2019-10-08,5124.8505859375,7681.48828125,7681.48828125,7612.59619140625,7681.48828125,280902
2019-10-09,5147.83203125,7715.9345703125,7715.9345703125,7681.48828125,7715.9345703125,262612
2019-10-10,5147.83203125,7715.9345703125,7733.1572265625,7647.0419921875,7733.1572265625,612957
2019-10-11,5147.83203125,7715.9345703125,7715.9345703125,7629.81884765625,7715.9345703125,401119
2019-10-14,5159.322265625,7733.1572265625,7733.1572265625,7647.0419921875,7715.9345703125,1599395
2019-10-15,5147.83203125,7715.9345703125,7715.9345703125,7664.26513671875,7715.9345703125,521132
2019-10-16,5147.83203125,7715.9345703125,7733.1572265625,7681.48828125,7715.9345703125,431804
2019-10-17,5216.77587890625,7819.27294921875,7888.1650390625,7698.71142578125,7698.71142578125,3685173
2019-10-18,5216.77587890625,7819.27294921875,7853.71875,7733.1572265625,7802.0498046875,709107
2019-10-21,5216.77587890625,7819.27294921875,7819.27294921875,7715.9345703125,7819.27294921875,281744
2019-10-22,5136.34130859375,7698.71142578125,7784.82666015625,7698.71142578125,7750.38037109375,570978
2019-10-23,5147.83203125,7715.9345703125,7715.9345703125,7629.81884765625,7681.48828125,762756
2019-10-24,5170.81298828125,7750.38037109375,7750.38037109375,7647.0419921875,7715.9345703125,857686
2019-10-25,5147.83203125,7715.9345703125,7750.38037109375,7664.26513671875,7750.38037109375,251145
2019-10-28,5113.359375,7664.26513671875,7715.9345703125,7664.26513671875,7715.9345703125,380129
2019-10-29,5136.34130859375,7698.71142578125,7698.71142578125,7647.0419921875,7664.26513671875,377342
2019-10-30,5170.81298828125,7750.38037109375,7767.603515625,7629.81884765625,7698.71142578125,378503
2019-10-31,5159.322265625,7733.1572265625,7750.38037109375,7664.26513671875,7750.38037109375,253148
2019-11-01,5159.322265625,7733.1572265625,7750.38037109375,7664.26513671875,7733.1572265625,520958
2019-11-04,5147.83203125,7715.9345703125,7733.1572265625,7664.26513671875,7681.48828125,191603
2019-11-05,5182.3037109375,7767.603515625,7802.0498046875,7698.71142578125,7715.9345703125,900159
2019-11-06,5170.81298828125,7750.38037109375,7750.38037109375,7715.9345703125,7750.38037109375,181065
2019-11-07,5170.81298828125,7750.38037109375,7767.603515625,7715.9345703125,7750.38037109375,659957
2019-11-08,5193.79443359375,7784.82666015625,7784.82666015625,7715.9345703125,7733.1572265625,1413366
2019-11-11,5193.79443359375,7784.82666015625,7836.49609375,7750.38037109375,7836.49609375,366572
2019-11-12,5193.79443359375,7784.82666015625,7819.27294921875,7750.38037109375,7819.27294921875,473725
2019-11-13,5182.3037109375,7767.603515625,7784.82666015625,7681.48828125,7784.82666015625,523193
2019-11-14,5159.322265625,7733.1572265625,7767.603515625,7681.48828125,7767.603515625,999531
2019-11-15,5113.359375,7664.26513671875,7733.1572265625,7647.0419921875,7733.1572265625,946521
2019-11-18,5101.86865234375,7647.0419921875,7698.71142578125,7560.9267578125,7698.71142578125,1165587
2019-11-19,5136.34130859375,7698.71142578125,7698.71142578125,7578.14990234375,7647.0419921875,735728
2019-11-20,5124.8505859375,7681.48828125,7698.71142578125,7612.59619140625,7698.71142578125,654993
2019-11-21,5124.8505859375,7681.48828125,7681.48828125,7578.14990234375,7681.48828125,634149
2019-11-22,5009.94287109375,7509.25732421875,7681.48828125,7509.25732421875,7647.0419921875,844681
2019-11-25,5009.94287109375,7509.25732421875,7578.14990234375,7405.9189453125,7509.25732421875,311791
2019-11-26,5032.9248046875,7543.70361328125,7560.9267578125,7440.365234375,7509.25732421875,507923
2019-11-27,5032.9248046875,7543.70361328125,7543.70361328125,7509.25732421875,7543.70361328125,491143
2019-11-28,5009.94287109375,7509.25732421875,7526.48046875,7405.9189453125,7509.25732421875,282353
2019-11-29,5032.9248046875,7543.70361328125,7543.70361328125,7423.14208984375,7509.25732421875,330486
2019-12-02,5021.43408203125,7526.48046875,7543.70361328125,7474.8115234375,7543.70361328125,545111
2019-12-06,4986.9619140625,7474.8115234375,7492.03466796875,7440.365234375,7474.8115234375,240143
2019-12-09,4940.99853515625,7405.9189453125,7474.8115234375,7199.2421875,7474.8115234375,267315
2019-12-10,4872.0546875,7302.58056640625,7405.9189453125,7164.79638671875,7405.9189453125,264499
2019-12-11,4826.09228515625,7233.6884765625,7337.02685546875,7164.79638671875,7302.58056640625,481824
2019-12-12,4826.09228515625,7233.6884765625,7268.134765625,7164.79638671875,7268.134765625,420918
2019-12-13,4826.09228515625,7233.6884765625,7233.6884765625,7164.79638671875,7199.2421875,280612
2019-12-16,4826.09228515625,7233.6884765625,7233.6884765625,7164.79638671875,7233.6884765625,171775
2019-12-17,4826.09228515625,7233.6884765625,7233.6884765625,7164.79638671875,7233.6884765625,416737
2019-12-18,4780.12939453125,7164.79638671875,7233.6884765625,7147.5732421875,7164.79638671875,693430
2019-12-19,4780.12939453125,7164.79638671875,7233.6884765625,7164.79638671875,7233.6884765625,1114377
2019-12-20,4826.09228515625,7233.6884765625,7233.6884765625,7199.2421875,7199.2421875,606570
2019-12-23,4826.09228515625,7233.6884765625,7250.91162109375,7216.46533203125,7233.6884765625,657635
2019-12-24,4837.5830078125,7250.91162109375,7250.91162109375,7216.46533203125,7233.6884765625,238662
2019-12-25,4826.09228515625,7233.6884765625,7268.134765625,7216.46533203125,7216.46533203125,659696
2019-12-26,4860.564453125,7285.35791015625,7285.35791015625,7233.6884765625,7268.134765625,467309
2019-12-27,4849.07373046875,7268.134765625,7319.8037109375,7250.91162109375,7319.8037109375,140538
2019-12-30,4849.07373046875,7268.134765625,7268.134765625,7233.6884765625,7268.134765625,215902
2019-12-31,4837.5830078125,7250.91162109375,7285.35791015625,7233.6884765625,7285.35791015625,135980
2020-01-01,4837.5830078125,7250.91162109375,7250.91162109375,7250.91162109375,7250.91162109375,0
2020-01-02,4895.0361328125,7337.02685546875,7715.9345703125,7233.6884765625,7268.134765625,377749
2020-01-03,4940.99853515625,7405.9189453125,7509.25732421875,7337.02685546875,7337.02685546875,287898
2020-01-06,4860.564453125,7285.35791015625,7371.47314453125,7233.6884765625,7371.47314453125,327003
2020-01-07,4872.0546875,7302.58056640625,7319.8037109375,7250.91162109375,7285.35791015625,188874
2020-01-08,4803.1103515625,7199.2421875,7302.58056640625,7199.2421875,7302.58056640625,298669
2020-01-09,4849.07373046875,7268.134765625,7337.02685546875,7199.2421875,7199.2421875,551005
2020-01-10,4940.99853515625,7405.9189453125,7423.14208984375,7268.134765625,7268.134765625,388955
2020-01-13,4952.48974609375,7423.14208984375,7457.58837890625,7371.47314453125,7405.9189453125,285837
2020-01-14,4986.9619140625,7474.8115234375,7474.8115234375,7423.14208984375,7423.14208984375,656793
2020-01-15,4998.45263671875,7492.03466796875,7492.03466796875,7268.134765625,7474.8115234375,134557
2020-01-16,5032.9248046875,7543.70361328125,7612.59619140625,7492.03466796875,7492.03466796875,1112896
2020-01-17,4952.48974609375,7423.14208984375,7629.81884765625,7423.14208984375,7629.81884765625,109823
2020-01-20,4940.99853515625,7405.9189453125,7492.03466796875,6906.4501953125,7423.14208984375,226440
2020-01-21,4940.99853515625,7405.9189453125,7440.365234375,7199.2421875,7199.2421875,356846
2020-01-22,4940.99853515625,7405.9189453125,7423.14208984375,7302.58056640625,7302.58056640625,130841
2020-01-23,4940.99853515625,7405.9189453125,7405.9189453125,7405.9189453125,7405.9189453125,0
2020-01-24,4940.99853515625,7405.9189453125,7405.9189453125,7405.9189453125,7405.9189453125,0
2020-01-27,4940.99853515625,7405.9189453125,7405.9189453125,7405.9189453125,7405.9189453125,0
2020-01-28,4940.99853515625,7405.9189453125,7405.9189453125,7405.9189453125,7405.9189453125,0
2020-01-29,4940.99853515625,7405.9189453125,7405.9189453125,7405.9189453125,7405.9189453125,0
2020-01-30,4918.017578125,7371.47314453125,7371.47314453125,7268.134765625,7319.8037109375,299017
2020-01-31,4803.1103515625,7199.2421875,7371.47314453125,6889.22705078125,7268.134765625,259796
2020-02-03,4768.638671875,7147.5732421875,7147.5732421875,6716.99658203125,6751.4423828125,502843
2020-02-04,4826.09228515625,7233.6884765625,7250.91162109375,7061.4580078125,7233.6884765625,42385
2020-02-05,4849.07373046875,7268.134765625,7268.134765625,7182.01904296875,7182.01904296875,82766
2020-02-06,4918.017578125,7371.47314453125,7405.9189453125,7199.2421875,7250.91162109375,224843
2020-02-07,4780.12939453125,7164.79638671875,7354.25,7164.79638671875,7250.91162109375,227688
2020-02-10,4803.1103515625,7199.2421875,7268.134765625,7130.35009765625,7268.134765625,208586
2020-02-11,4826.09228515625,7233.6884765625,7250.91162109375,7164.79638671875,7199.2421875,125268
2020-02-12,4837.5830078125,7250.91162109375,7302.58056640625,7233.6884765625,7233.6884765625,261625
2020-02-13,4837.5830078125,7250.91162109375,7302.58056640625,7216.46533203125,7250.91162109375,330225
2020-02-14,5009.94287109375,7509.25732421875,7543.70361328125,7250.91162109375,7250.91162109375,856061
2020-02-17,5009.94287109375,7509.25732421875,7560.9267578125,7405.9189453125,7543.70361328125,601722
2020-02-18,5009.94287109375,7509.25732421875,7526.48046875,7405.9189453125,7509.25732421875,322242
2020-02-19,4895.0361328125,7337.02685546875,7474.8115234375,7337.02685546875,7474.8115234375,362246
2020-02-20,4918.017578125,7371.47314453125,7388.6962890625,7354.25,7371.47314453125,422456
2020-02-21,4895.0361328125,7337.02685546875,7388.6962890625,7302.58056640625,7354.25,262148
2020-02-24,4653.7314453125,6975.34228515625,7233.6884765625,6975.34228515625,7061.4580078125,468818
2020-02-25,4814.60107421875,7216.46533203125,7216.46533203125,6785.888671875,6785.888671875,79167
2020-02-26,4768.638671875,7147.5732421875,7199.2421875,7061.4580078125,7199.2421875,121668
2020-02-27,4929.5087890625,7388.6962890625,7474.8115234375,7061.4580078125,7147.5732421875,787054
2020-02-28,4918.017578125,7371.47314453125,7388.6962890625,7233.6884765625,7337.02685546875,454361
2020-03-02,4906.52685546875,7354.25,7405.9189453125,7268.134765625,7388.6962890625,288101
2020-03-03,4918.017578125,7371.47314453125,7492.03466796875,7354.25,7405.9189453125,738341
2020-03-05,5055.90576171875,7578.14990234375,7681.48828125,7543.70361328125,7681.48828125,901755
2020-03-06,5055.90576171875,7578.14990234375,7578.14990234375,7457.58837890625,7543.70361328125,676882
2020-03-09,4711.185546875,7061.4580078125,7233.6884765625,7061.4580078125,7061.4580078125,1273814
2020-03-10,4826.09228515625,7233.6884765625,7233.6884765625,6665.3271484375,6665.3271484375,703504
2020-03-11,4826.09228515625,7233.6884765625,7233.6884765625,6785.888671875,7233.6884765625,447423
2020-03-12,4665.22216796875,6992.5654296875,7027.01171875,6734.2197265625,6992.5654296875,1772274
2020-03-13,4515.8427734375,6768.66552734375,7027.01171875,6510.31982421875,6510.31982421875,817537
2020-03-16,4699.6943359375,7044.23486328125,7044.23486328125,6768.66552734375,6768.66552734375,1637048
2020-03-17,4826.09228515625,7233.6884765625,7233.6884765625,6768.66552734375,6992.5654296875,782729
2020-03-18,4895.0361328125,7337.02685546875,7337.02685546875,7182.01904296875,7233.6884765625,1620210
2020-03-19,4895.0361328125,7337.02685546875,7337.02685546875,7164.79638671875,7319.8037109375,1461528
2020-03-20,5032.9248046875,7543.70361328125,7543.70361328125,7182.01904296875,7182.01904296875,3089548
2020-03-23,4895.0361328125,7337.02685546875,7543.70361328125,7061.4580078125,7543.70361328125,2217926
2020-03-24,5044.41552734375,7560.9267578125,7560.9267578125,7233.6884765625,7405.9189453125,4107891
2020-03-25,5032.9248046875,7543.70361328125,7560.9267578125,7423.14208984375,7423.14208984375,725103
2020-03-26,4711.185546875,7061.4580078125,7543.70361328125,7061.4580078125,7543.70361328125,341083
2020-03-27,4538.82470703125,6803.11181640625,7061.4580078125,6803.11181640625,6820.3349609375,286882
2020-03-30,4228.57568359375,6338.0888671875,6716.99658203125,6338.0888671875,6372.53515625,482840
2020-03-31,3941.308349609375,5907.51220703125,6338.0888671875,5907.51220703125,6338.0888671875,355366
2020-04-01,3722.985107421875,5580.27392578125,6028.07373046875,5494.15869140625,5494.15869140625,832372
2020-04-02,3722.985107421875,5580.27392578125,5580.27392578125,5580.27392578125,5580.27392578125,0
2020-04-03,3849.383056640625,5769.7275390625,5821.39697265625,5580.27392578125,5580.27392578125,294459
2020-04-06,4010.25244140625,6010.8505859375,6028.07373046875,5769.7275390625,5855.84326171875,1148198
2020-04-07,4021.743408203125,6028.07373046875,6028.07373046875,5821.39697265625,6028.07373046875,581545
2020-04-08,3929.81787109375,5890.2890625,5976.404296875,5683.6123046875,5683.6123046875,151860
2020-04-09,3998.76220703125,5993.62744140625,6062.52001953125,5924.7353515625,6010.8505859375,487514
2020-04-10,3952.79931640625,5924.7353515625,5993.62744140625,5855.84326171875,5993.62744140625,251610
2020-04-13,3998.76220703125,5993.62744140625,6028.07373046875,5924.7353515625,5976.404296875,593535
2020-04-14,3987.271484375,5976.404296875,6045.296875,5924.7353515625,6028.07373046875,347528
2020-04-15,4205.59423828125,6303.642578125,6303.642578125,5976.404296875,5976.404296875,573068
2020-04-16,4171.12255859375,6251.9736328125,6303.642578125,6131.412109375,6303.642578125,213986
2020-04-17,4251.5576171875,6372.53515625,6406.9814453125,6234.75048828125,6234.75048828125,393425
2020-04-20,4205.59423828125,6303.642578125,6441.42724609375,6303.642578125,6372.53515625,367181
2020-04-21,3952.79931640625,5924.7353515625,6286.419921875,5890.2890625,6286.419921875,453171
2020-04-22,4067.7060546875,6096.9658203125,6096.9658203125,5855.84326171875,5855.84326171875,96382
2020-04-23,4067.7060546875,6096.9658203125,6269.19677734375,6028.07373046875,6269.19677734375,91969
2020-04-24,4067.7060546875,6096.9658203125,6217.52734375,6096.9658203125,6217.52734375,99517
2020-04-27,4021.743408203125,6028.07373046875,6131.412109375,5993.62744140625,6096.9658203125,84653
2020-04-28,4021.743408203125,6028.07373046875,6096.9658203125,5924.7353515625,6096.9658203125,100475
2020-04-29,4021.743408203125,6028.07373046875,6028.07373046875,6028.07373046875,6028.07373046875,0
2020-04-30,4021.743408203125,6028.07373046875,6028.07373046875,6028.07373046875,6028.07373046875,0
2020-05-01,4021.743408203125,6028.07373046875,6028.07373046875,6028.07373046875,6028.07373046875,0
2020-05-04,3998.76220703125,5993.62744140625,6045.296875,5924.7353515625,5924.7353515625,216802
2020-05-05,4044.724853515625,6062.52001953125,6062.52001953125,5993.62744140625,6062.52001953125,97979
2020-05-06,4125.15966796875,6183.08154296875,6200.30419921875,6062.52001953125,6096.9658203125,295969
2020-05-07,4159.6318359375,6234.75048828125,6269.19677734375,6183.08154296875,6269.19677734375,248881
2020-05-08,4159.6318359375,6234.75048828125,6372.53515625,6217.52734375,6269.19677734375,488182
2020-05-11,4309.0107421875,6458.650390625,6544.765625,6234.75048828125,6234.75048828125,399551
2020-05-12,4607.7685546875,6906.4501953125,6906.4501953125,6389.75830078125,6475.87353515625,1026007
2020-05-13,4929.5087890625,7388.6962890625,7388.6962890625,6837.55810546875,6923.67333984375,1006847
2020-05-14,5021.43408203125,7526.48046875,7750.38037109375,7388.6962890625,7750.38037109375,1893768
2020-05-15,5021.43408203125,7526.48046875,7526.48046875,7526.48046875,7526.48046875,0
2020-05-18,5021.43408203125,7526.48046875,7526.48046875,7526.48046875,7526.48046875,0
2020-05-19,5078.88720703125,7612.59619140625,7612.59619140625,7405.9189453125,7543.70361328125,902481
2020-05-20,5078.88720703125,7612.59619140625,7612.59619140625,7612.59619140625,7612.59619140625,0
2020-05-21,5009.94287109375,7509.25732421875,7578.14990234375,7440.365234375,7543.70361328125,468935
2020-05-22,4826.09228515625,7233.6884765625,7578.14990234375,7233.6884765625,7560.9267578125,483856
2020-05-25,4826.09228515625,7233.6884765625,7337.02685546875,7164.79638671875,7233.6884765625,226295
2020-05-26,4849.07373046875,7268.134765625,7268.134765625,7130.35009765625,7233.6884765625,691078
2020-05-27,4803.1103515625,7199.2421875,7405.9189453125,7199.2421875,7371.47314453125,217528
2020-05-28,4745.6572265625,7113.126953125,7388.6962890625,7095.90380859375,7233.6884765625,256139
2020-05-29,4745.6572265625,7113.126953125,7164.79638671875,7061.4580078125,7095.90380859375,358008
2020-06-01,4895.0361328125,7337.02685546875,7371.47314453125,7164.79638671875,7164.79638671875,436739
2020-06-02,4826.09228515625,7233.6884765625,7405.9189453125,7233.6884765625,7337.02685546875,364395
2020-06-03,5044.41552734375,7560.9267578125,7612.59619140625,7233.6884765625,7233.6884765625,1586796
2020-06-04,5055.90576171875,7578.14990234375,7612.59619140625,7543.70361328125,7578.14990234375,909332
2020-06-05,5055.90576171875,7578.14990234375,7578.14990234375,7578.14990234375,7578.14990234375,0
2020-06-08,5055.90576171875,7578.14990234375,7578.14990234375,7578.14990234375,7578.14990234375,0
2020-06-09,5055.90576171875,7578.14990234375,7578.14990234375,7578.14990234375,7578.14990234375,0
2020-06-10,5055.90576171875,7578.14990234375,7578.14990234375,7457.58837890625,7457.58837890625,367907
2020-06-11,4734.1669921875,7095.90380859375,7629.81884765625,7095.90380859375,7578.14990234375,367269
2020-06-12,4826.09228515625,7233.6884765625,7233.6884765625,6648.10400390625,6648.10400390625,433517
2020-06-15,4665.22216796875,6992.5654296875,7233.6884765625,6992.5654296875,7233.6884765625,239939
2020-06-16,4826.09228515625,7233.6884765625,7233.6884765625,6992.5654296875,6992.5654296875,197003
2020-06-17,4722.67578125,7078.6806640625,7233.6884765625,7078.6806640625,7233.6884765625,57190
2020-06-18,4745.6572265625,7113.126953125,7130.35009765625,7027.01171875,7027.01171875,58468
2020-06-19,4826.09228515625,7233.6884765625,7233.6884765625,7044.23486328125,7130.35009765625,238343
2020-06-22,4814.60107421875,7216.46533203125,7337.02685546875,7061.4580078125,7233.6884765625,355540
2020-06-23,4895.0361328125,7337.02685546875,7371.47314453125,7147.5732421875,7371.47314453125,421208
2020-06-24,4883.5458984375,7319.8037109375,7337.02685546875,7199.2421875,7199.2421875,431340
2020-06-25,4826.09228515625,7233.6884765625,7268.134765625,7095.90380859375,7182.01904296875,217760
2020-06-26,4860.564453125,7285.35791015625,7285.35791015625,7130.35009765625,7130.35009765625,173459
2020-06-29,4791.61962890625,7182.01904296875,7233.6884765625,6992.5654296875,7233.6884765625,262700
2020-06-30,4734.1669921875,7095.90380859375,7182.01904296875,7095.90380859375,7182.01904296875,102827
2020-07-01,4791.61962890625,7182.01904296875,7199.2421875,7061.4580078125,7095.90380859375,66799
2020-07-02,4780.12939453125,7164.79638671875,7182.01904296875,7061.4580078125,7061.4580078125,97079
2020-07-03,4734.1669921875,7095.90380859375,7164.79638671875,7095.90380859375,7164.79638671875,65987
2020-07-06,4803.1103515625,7199.2421875,7199.2421875,7113.126953125,7147.5732421875,160017
2020-07-07,4814.60107421875,7216.46533203125,7337.02685546875,7216.46533203125,7233.6884765625,247807
2020-07-08,4918.017578125,7371.47314453125,7474.8115234375,7216.46533203125,7216.46533203125,230011
2020-07-09,5044.41552734375,7560.9267578125,7681.48828125,7405.9189453125,7405.9189453125,624046
2020-07-10,5044.41552734375,7560.9267578125,7560.9267578125,7560.9267578125,7560.9267578125,0
2020-07-13,5009.94287109375,7509.25732421875,7715.9345703125,7405.9189453125,7509.25732421875,241159
2020-07-14,4986.9619140625,7474.8115234375,7509.25732421875,7388.6962890625,7509.25732421875,99953
2020-07-15,4986.9619140625,7474.8115234375,7474.8115234375,7474.8115234375,7474.8115234375,0
2020-07-16,5078.88720703125,7612.59619140625,7647.0419921875,7388.6962890625,7457.58837890625,338005
2020-07-17,5055.90576171875,7578.14990234375,7612.59619140625,7526.48046875,7526.48046875,183271
2020-07-20,5021.43408203125,7526.48046875,7578.14990234375,7526.48046875,7578.14990234375,89269
2020-07-21,4940.99853515625,7405.9189453125,7526.48046875,7354.25,7526.48046875,208005
2020-07-22,4940.99853515625,7405.9189453125,7509.25732421875,7268.134765625,7509.25732421875,172327
2020-07-23,4918.017578125,7371.47314453125,7440.365234375,7233.6884765625,7440.365234375,195348
2020-07-24,4757.14794921875,7130.35009765625,7509.25732421875,7061.4580078125,7302.58056640625,450239
2020-07-27,4481.37109375,6716.99658203125,7027.01171875,6682.55029296875,6682.55029296875,294024
2020-07-28,4791.61962890625,7182.01904296875,7182.01904296875,6716.99658203125,6716.99658203125,613827
2020-07-29,4665.22216796875,6992.5654296875,7061.4580078125,6785.888671875,6958.11962890625,189368
2020-07-30,4711.185546875,7061.4580078125,7061.4580078125,6889.22705078125,6889.22705078125,48975
2020-07-31,4734.1669921875,7095.90380859375,7095.90380859375,6820.3349609375,6820.3349609375,102159
2020-08-03,4745.6572265625,7113.126953125,7130.35009765625,7095.90380859375,7130.35009765625,67641
2020-08-04,4803.1103515625,7199.2421875,7405.9189453125,7113.126953125,7233.6884765625,218340
2020-08-05,4826.09228515625,7233.6884765625,7405.9189453125,7164.79638671875,7405.9189453125,76641
2020-08-06,4826.09228515625,7233.6884765625,7233.6884765625,7147.5732421875,7233.6884765625,150844
2020-08-07,4803.1103515625,7199.2421875,7302.58056640625,7164.79638671875,7302.58056640625,64738
2020-08-10,4826.09228515625,7233.6884765625,7268.134765625,7199.2421875,7199.2421875,184636
2020-08-11,4849.07373046875,7268.134765625,7268.134765625,7199.2421875,7268.134765625,110317
2020-08-12,4849.07373046875,7268.134765625,7302.58056640625,7233.6884765625,7268.134765625,120913
2020-08-13,4906.52685546875,7354.25,7354.25,7285.35791015625,7337.02685546875,37304
2020-08-14,4837.5830078125,7250.91162109375,7371.47314453125,7250.91162109375,7268.134765625,76031
2020-08-17,4837.5830078125,7250.91162109375,7268.134765625,7164.79638671875,7164.79638671875,90227
2020-08-18,4849.07373046875,7268.134765625,7337.02685546875,7182.01904296875,7337.02685546875,205712
2020-08-19,4860.564453125,7285.35791015625,7337.02685546875,7199.2421875,7337.02685546875,73041
2020-08-20,4918.017578125,7371.47314453125,7371.47314453125,7199.2421875,7199.2421875,436594
2020-08-21,5055.90576171875,7578.14990234375,7612.59619140625,7440.365234375,7440.365234375,636878
2020-08-24,5147.83203125,7715.9345703125,7836.49609375,7681.48828125,7784.82666015625,1327783
2020-08-25,5159.322265625,7733.1572265625,7733.1572265625,7647.0419921875,7715.9345703125,817943
2020-08-26,5124.8505859375,7681.48828125,7750.38037109375,7681.48828125,7750.38037109375,435694
2020-08-27,5124.8505859375,7681.48828125,7715.9345703125,7578.14990234375,7715.9345703125,373075
2020-08-28,5124.8505859375,7681.48828125,7715.9345703125,7629.81884765625,7715.9345703125,775065
2020-08-31,5170.81298828125,7750.38037109375,7784.82666015625,7681.48828125,7715.9345703125,623088
2020-09-01,5377.64501953125,8060.3955078125,8163.734375,7784.82666015625,7819.27294921875,1642767
2020-09-02,5377.64501953125,8060.3955078125,8060.3955078125,8060.3955078125,8060.3955078125,0
2020-09-03,5412.11767578125,8112.06494140625,8129.2880859375,7922.611328125,8060.3955078125,1089062
2020-09-04,5320.19189453125,7974.2802734375,8060.3955078125,7922.611328125,8025.94970703125,1098439
2020-09-07,5239.75732421875,7853.71875,8060.3955078125,7853.71875,7974.2802734375,4045736
2020-09-08,5274.22900390625,7905.38818359375,7957.05712890625,7853.71875,7853.71875,3177918
2020-09-09,5285.72021484375,7922.611328125,7939.83447265625,7802.0498046875,7853.71875,3879912
2020-09-10,5343.17333984375,8008.7265625,8025.94970703125,7922.611328125,7939.83447265625,4226076
2020-09-11,5320.19189453125,7974.2802734375,7991.50341796875,7922.611328125,7991.50341796875,3322027
2020-09-14,5297.21044921875,7939.83447265625,8025.94970703125,7922.611328125,7991.50341796875,3010439
2020-09-15,5274.22900390625,7905.38818359375,7957.05712890625,7870.94189453125,7922.611328125,3705989
2020-09-16,5274.22900390625,7905.38818359375,7905.38818359375,7905.38818359375,7905.38818359375,0
2020-09-17,5274.22900390625,7905.38818359375,7939.83447265625,7870.94189453125,7905.38818359375,3861420
2020-09-18,5458.08056640625,8180.95703125,8249.849609375,7870.94189453125,7905.38818359375,8256659
2020-09-21,5446.58984375,8163.734375,8284.2958984375,8146.51123046875,8267.072265625,4196377
2020-09-22,5492.5517578125,8232.6259765625,8439.3037109375,8129.2880859375,8129.2880859375,8314604
2020-09-23,5446.58984375,8163.734375,8335.96484375,8163.734375,8232.6259765625,4744102
2020-09-24,5469.5712890625,8198.1806640625,8232.6259765625,8146.51123046875,8163.734375,4145980
2020-09-25,5400.62646484375,8094.841796875,8215.4033203125,8094.841796875,8198.1806640625,4200993
2020-09-28,5446.58984375,8163.734375,8267.072265625,8094.841796875,8094.841796875,2923201
2020-09-29,5354.6640625,8025.94970703125,8232.6259765625,8025.94970703125,8198.1806640625,3255227
2020-09-30,5389.13623046875,8077.61865234375,8146.51123046875,8043.1728515625,8094.841796875,8253930
2020-10-01,5676.4033203125,8508.1953125,8559.8642578125,8094.841796875,8094.841796875,12799636
2020-10-02,5710.87548828125,8559.8642578125,8645.98046875,8301.5185546875,8577.087890625,9695078
2020-10-05,5779.81982421875,8663.203125,8714.8720703125,8594.310546875,8611.5341796875,10366184
2020-10-06,5768.3291015625,8645.98046875,8783.7646484375,8559.8642578125,8645.98046875,10199083
2020-10-07,5687.89404296875,8525.4189453125,8645.98046875,8508.1953125,8594.310546875,7967105
2020-10-08,5653.421875,8473.7490234375,8611.5341796875,8422.080078125,8577.087890625,5555717
2020-10-09,5722.36669921875,8577.087890625,8628.7568359375,8439.3037109375,8473.7490234375,10097301
2020-10-12,5699.38525390625,8542.6416015625,8680.42578125,8542.6416015625,8645.98046875,5881733
2020-10-13,5710.87548828125,8559.8642578125,8628.7568359375,8456.5263671875,8542.6416015625,5618975
2020-10-14,5745.34814453125,8611.5341796875,8663.203125,8542.6416015625,8594.310546875,9511284
2020-10-15,5699.38525390625,8542.6416015625,8645.98046875,8542.6416015625,8628.7568359375,8513814
2020-10-16,5733.85693359375,8594.310546875,8783.7646484375,8508.1953125,8525.4189453125,10505909
2020-10-19,5860.2548828125,8783.7646484375,8852.6572265625,8577.087890625,8628.7568359375,10695103
2020-10-20,5894.7265625,8835.43359375,8921.548828125,8749.318359375,8818.2109375,9683814
2020-10-21,5745.34814453125,8611.5341796875,8887.1025390625,8611.5341796875,8835.43359375,11702560
2020-10-22,5791.310546875,8680.42578125,8680.42578125,8439.3037109375,8611.5341796875,5872443
2020-10-23,5664.91259765625,8490.97265625,8680.42578125,8490.97265625,8680.42578125,6322944
2020-10-26,5515.53369140625,8267.072265625,8559.8642578125,8267.072265625,8490.97265625,5665279
2020-10-27,5458.08056640625,8180.95703125,8267.072265625,8060.3955078125,8232.6259765625,7806158
2020-10-28,5078.88720703125,7612.59619140625,8129.2880859375,7612.59619140625,8112.06494140625,5779603
2020-10-29,5228.2666015625,7836.49609375,7922.611328125,7681.48828125,7681.48828125,5658980
2020-10-30,5239.75732421875,7853.71875,7957.05712890625,7715.9345703125,7888.1650390625,2656988
2020-11-02,5308.70166015625,7957.05712890625,7974.2802734375,7888.1650390625,7888.1650390625,3106589
2020-11-03,5354.6640625,8025.94970703125,8094.841796875,7922.611328125,7991.50341796875,4583445
2020-11-04,5435.09912109375,8146.51123046875,8163.734375,8043.1728515625,8094.841796875,5225782
2020-11-05,5377.64501953125,8060.3955078125,8180.95703125,8060.3955078125,8146.51123046875,3503615
2020-11-06,5389.13623046875,8077.61865234375,8112.06494140625,8025.94970703125,8060.3955078125,2674088
2020-11-09,5630.44140625,8439.3037109375,8439.3037109375,8112.06494140625,8112.06494140625,10654983
2020-11-10,5515.53369140625,8267.072265625,8542.6416015625,8267.072265625,8508.1953125,4667867
2020-11-11,5550.00634765625,8318.7421875,8439.3037109375,8267.072265625,8335.96484375,5469641
2020-11-12,5561.49658203125,8335.96484375,8353.1875,8267.072265625,8335.96484375,3641424
2020-11-13,5584.47802734375,8370.4111328125,8422.080078125,8318.7421875,8387.6337890625,4431585
2020-11-16,5561.49658203125,8335.96484375,8473.7490234375,8335.96484375,8439.3037109375,4694314
2020-11-17,5607.4599609375,8404.857421875,8439.3037109375,8318.7421875,8404.857421875,4930480
2020-11-18,5687.89404296875,8525.4189453125,8559.8642578125,8456.5263671875,8508.1953125,5975793
2020-11-19,5676.4033203125,8508.1953125,8577.087890625,8490.97265625,8542.6416015625,5565994
2020-11-20,5664.91259765625,8490.97265625,8542.6416015625,8456.5263671875,8508.1953125,4108791
2020-11-23,5641.931640625,8456.5263671875,8508.1953125,8387.6337890625,8490.97265625,5247090
2020-11-24,5814.2919921875,8714.8720703125,8714.8720703125,8508.1953125,8577.087890625,17360031
2020-11-25,5779.81982421875,8663.203125,8800.9873046875,8645.98046875,8783.7646484375,5686675
2020-11-26,5699.38525390625,8542.6416015625,8680.42578125,8508.1953125,8611.5341796875,5794292
2020-11-27,5860.2548828125,8783.7646484375,8783.7646484375,8542.6416015625,8559.8642578125,10984454
2020-11-30,6283.88623046875,9418.7333984375,9418.7333984375,9080.841796875,9376.4970703125,7239785
2020-12-01,6297.9755859375,9439.8515625,9693.2705078125,9292.0244140625,9292.0244140625,6310635
2020-12-02,6171.1708984375,9249.7880859375,9439.8515625,9186.4326171875,9397.615234375,9958383
2020-12-03,6114.81298828125,9165.314453125,9249.7880859375,9123.078125,9228.669921875,5859295
2020-12-04,6171.1708984375,9249.7880859375,9376.4970703125,9101.9599609375,9165.314453125,5956368
2020-12-07,6199.349609375,9292.0244140625,9376.4970703125,9228.669921875,9249.7880859375,4210531
2020-12-08,6213.439453125,9313.142578125,9334.2607421875,9270.90625,9334.2607421875,4650198
2020-12-09,6326.15380859375,9482.087890625,9503.20703125,9292.0244140625,9313.142578125,8401174
2020-12-10,6255.70751953125,9376.4970703125,9503.20703125,9376.4970703125,9503.20703125,4684434
2020-12-11,6283.88623046875,9418.7333984375,9439.8515625,9313.142578125,9355.37890625,4227744
2020-12-14,6326.15380859375,9482.087890625,9587.6796875,9376.4970703125,9439.8515625,4529260
2020-12-15,6255.70751953125,9376.4970703125,9482.087890625,9376.4970703125,9482.087890625,2551041
2020-12-16,6396.60205078125,9587.6796875,9672.15234375,9397.615234375,9439.8515625,6184488
2020-12-17,6622.03271484375,9925.5712890625,10073.3994140625,9482.087890625,9629.916015625,7238388
2020-12-18,7016.53662109375,10516.8818359375,10538.0,9946.689453125,10115.6357421875,8225094
2020-12-21,7495.57763671875,11234.90234375,11234.90234375,10854.7734375,10897.009765625,10000053
2020-12-22,7495.57763671875,11234.90234375,11234.90234375,11234.90234375,11234.90234375,0
2020-12-23,7467.39794921875,11192.6650390625,11826.212890625,10981.4833984375,11572.7939453125,6086090
2020-12-24,7326.50439453125,10981.4833984375,11234.90234375,10411.291015625,11065.9560546875,6595863
2020-12-25,7650.56103515625,11467.2021484375,11530.5576171875,10601.3544921875,10812.537109375,10294704
2020-12-28,7580.11328125,11361.611328125,11783.9765625,11171.546875,11615.0302734375,5128860
2020-12-29,7467.39794921875,11192.6650390625,11361.611328125,11108.1923828125,11192.6650390625,3701682
2020-12-30,7481.48828125,11213.7841796875,11403.84765625,11108.1923828125,11192.6650390625,4523767
2020-12-31,7551.935546875,11319.375,11382.7294921875,11129.310546875,11319.375,4223908
2021-01-01,7551.935546875,11319.375,11319.375,11319.375,11319.375,0
2021-01-04,7833.7236328125,11741.7392578125,11783.9765625,11488.3212890625,11678.384765625,881015
2021-01-05,7819.63427734375,11720.62109375,11910.685546875,11657.2666015625,11783.9765625,643874
2021-01-06,7890.0810546875,11826.212890625,12121.8681640625,11657.2666015625,11805.0947265625,888071
2021-01-07,7988.70703125,11974.0400390625,12121.8681640625,11741.7392578125,11826.212890625,917429
2021-01-08,8030.9755859375,12037.39453125,12142.986328125,11868.44921875,12037.39453125,972216
2021-01-11,7946.43896484375,11910.685546875,12142.986328125,11826.212890625,12037.39453125,733654
2021-01-12,7890.0810546875,11826.212890625,11974.0400390625,11530.5576171875,11974.0400390625,600736
2021-01-13,7777.36572265625,11657.2666015625,11910.685546875,11636.1484375,11826.212890625,1090195
2021-01-14,7791.45556640625,11678.384765625,11741.7392578125,11509.439453125,11657.2666015625,520545
2021-01-15,8087.33349609375,12121.8681640625,12417.5234375,11783.9765625,11826.212890625,2023724
2021-01-18,8115.51220703125,12164.1044921875,12459.759765625,12121.8681640625,12459.759765625,1046844
2021-01-19,7875.9921875,11805.0947265625,12354.1689453125,11319.375,12248.5771484375,1163165
2021-01-20,7861.90234375,11783.9765625,11952.921875,10981.4833984375,11826.212890625,865720
2021-01-21,8030.9755859375,12037.39453125,12206.3408203125,11657.2666015625,11826.212890625,756928
2021-01-22,7805.54443359375,11699.5029296875,12037.39453125,11678.384765625,11952.921875,650030
2021-01-25,7692.8291015625,11530.5576171875,11720.62109375,11488.3212890625,11699.5029296875,470730
2021-01-26,7523.7568359375,11277.138671875,11530.5576171875,10981.4833984375,11488.3212890625,642146
2021-01-27,7072.89453125,10601.3544921875,11234.90234375,10516.8818359375,10981.4833984375,672380
2021-01-28,6579.7646484375,9862.216796875,10263.462890625,9862.216796875,9862.216796875,1087685
2021-01-29,7030.6259765625,10538.0,10538.0,9292.0244140625,9292.0244140625,893871
2021-02-01,6861.55322265625,10284.5810546875,10960.365234375,10115.6357421875,10728.064453125,326637
2021-02-02,7129.25244140625,10685.828125,10770.30078125,10136.75390625,10284.5810546875,389734
2021-02-03,7551.935546875,11319.375,11424.9658203125,10812.537109375,10897.009765625,449706
2021-02-04,7467.39794921875,11192.6650390625,11361.611328125,10770.30078125,11361.611328125,264936
2021-02-05,7523.7568359375,11277.138671875,11467.2021484375,11065.9560546875,11065.9560546875,264605
2021-02-08,7382.861328125,11065.9560546875,11361.611328125,10559.1181640625,11277.138671875,505226
2021-02-09,7382.861328125,11065.9560546875,11065.9560546875,11065.9560546875,11065.9560546875,0
2021-02-10,7382.861328125,11065.9560546875,11065.9560546875,11065.9560546875,11065.9560546875,0
2021-02-11,7382.861328125,11065.9560546875,11065.9560546875,11065.9560546875,11065.9560546875,0
2021-02-12,7382.861328125,11065.9560546875,11065.9560546875,11065.9560546875,11065.9560546875,0
2021-02-15,7382.861328125,11065.9560546875,11065.9560546875,11065.9560546875,11065.9560546875,0
2021-02-16,7382.861328125,11065.9560546875,11065.9560546875,11065.9560546875,11065.9560546875,0
2021-02-17,7805.54443359375,11699.5029296875,11699.5029296875,11361.611328125,11403.84765625,404697
2021-02-18,7847.81396484375,11762.8583984375,11762.8583984375,11572.7939453125,11741.7392578125,350668
2021-02-19,7805.54443359375,11699.5029296875,11783.9765625,11615.0302734375,11699.5029296875,418595
2021-02-22,7861.90234375,11783.9765625,12079.6318359375,11720.62109375,11805.0947265625,944278
2021-02-23,7875.9921875,11805.0947265625,11868.44921875,11657.2666015625,11847.3310546875,701644
2021-02-24,7875.9921875,11805.0947265625,11805.0947265625,11805.0947265625,11805.0947265625,0
2021-02-25,7875.9921875,11805.0947265625,11805.0947265625,11805.0947265625,11805.0947265625,0
2021-02-26,7763.2763671875,11636.1484375,11699.5029296875,11361.611328125,11403.84765625,333077
2021-03-01,7890.0810546875,11826.212890625,11910.685546875,11741.7392578125,11826.212890625,869580
2021-03-02,8383.2119140625,12565.3505859375,12649.82421875,11889.5673828125,12037.39453125,4069681
2021-03-03,8383.2119140625,12565.3505859375,13093.306640625,12544.232421875,12628.7060546875,1394434
2021-03-04,8073.244140625,12100.75,12628.7060546875,12037.39453125,12586.46875,954648
2021-03-05,8030.9755859375,12037.39453125,12248.5771484375,11699.5029296875,11910.685546875,1460443
2021-03-08,8030.9755859375,12037.39453125,12333.05078125,11995.158203125,12164.1044921875,1112592
2021-03-09,8002.79638671875,11995.158203125,12164.1044921875,11741.7392578125,11910.685546875,797201
2021-03-10,8016.88671875,12016.2763671875,12100.75,11826.212890625,12016.2763671875,607934
2021-03-11,8059.1552734375,12079.6318359375,12185.22265625,12037.39453125,12142.986328125,1185894
2021-03-12,8059.1552734375,12079.6318359375,12311.931640625,12058.513671875,12100.75,1378784
2021-03-15,8087.33349609375,12121.8681640625,12248.5771484375,12100.75,12121.8681640625,1088443
2021-03-16,8030.9755859375,12037.39453125,12206.3408203125,11910.685546875,12164.1044921875,713009
2021-03-17,8087.33349609375,12121.8681640625,12164.1044921875,11931.8037109375,11995.158203125,865602
2021-03-18,8171.86962890625,12248.5771484375,12333.05078125,12121.8681640625,12248.5771484375,1368935
2021-03-19,8143.69140625,12206.3408203125,12354.1689453125,12100.75,12248.5771484375,1644786
2021-03-22,8115.51220703125,12164.1044921875,12333.05078125,12121.8681640625,12206.3408203125,821967
2021-03-23,7974.6181640625,11952.921875,12206.3408203125,11826.212890625,12121.8681640625,1036521
2021-03-24,7594.20361328125,11382.7294921875,11910.685546875,11361.611328125,11741.7392578125,1578990
2021-03-25,7580.11328125,11361.611328125,11593.912109375,11298.2568359375,11488.3212890625,1236230
2021-03-26,7523.7568359375,11277.138671875,11361.611328125,10854.7734375,11298.2568359375,1193707
2021-03-29,7721.0087890625,11572.7939453125,11572.7939453125,11340.4931640625,11446.083984375,512471
2021-03-30,7833.7236328125,11741.7392578125,11741.7392578125,11572.7939453125,11615.0302734375,618399
2021-03-31,7847.81396484375,11762.8583984375,11847.3310546875,11678.384765625,11741.7392578125,514294
2021-04-01,7890.0810546875,11826.212890625,11889.5673828125,11720.62109375,11762.8583984375,977756
2021-04-02,7974.6181640625,11952.921875,12164.1044921875,11910.685546875,12037.39453125,756999
2021-04-05,8002.79638671875,11995.158203125,12121.8681640625,11931.8037109375,12100.75,821280
2021-04-06,7932.35009765625,11889.5673828125,11995.158203125,11826.212890625,11974.0400390625,1349189
2021-04-07,8115.51220703125,12164.1044921875,12333.05078125,11868.44921875,11889.5673828125,2076380
2021-04-08,8143.69140625,12206.3408203125,12311.931640625,12121.8681640625,12248.5771484375,1001551
2021-04-09,8115.51220703125,12164.1044921875,12248.5771484375,12079.6318359375,12227.458984375,671718
2021-04-12,8214.138671875,12311.931640625,12311.931640625,12164.1044921875,12290.8134765625,1753295
2021-04-13,8340.943359375,12501.99609375,12966.59765625,12375.287109375,12396.4052734375,3168114
2021-04-14,8355.0322265625,12523.1142578125,12565.3505859375,12248.5771484375,12438.6416015625,997100
2021-04-15,8115.51220703125,12164.1044921875,12544.232421875,12164.1044921875,12523.1142578125,1403502
2021-04-16,7805.54443359375,11699.5029296875,12037.39453125,11593.912109375,11995.158203125,2215573
2021-04-19,7974.6181640625,11952.921875,11952.921875,11572.7939453125,11826.212890625,1011803
2021-04-20,7833.7236328125,11741.7392578125,12058.513671875,11678.384765625,12016.2763671875,1081648
2021-04-21,7833.7236328125,11741.7392578125,11741.7392578125,11741.7392578125,11741.7392578125,0
2021-04-22,7608.29345703125,11403.84765625,12016.2763671875,11403.84765625,11741.7392578125,1071112
2021-04-23,7890.0810546875,11826.212890625,11826.212890625,11319.375,11615.0302734375,940940
2021-04-26,7650.56103515625,11467.2021484375,11826.212890625,11446.083984375,11826.212890625,583997
2021-04-27,7636.47119140625,11446.083984375,11593.912109375,11361.611328125,11467.2021484375,464929
2021-04-28,7678.73974609375,11509.439453125,11593.912109375,11361.611328125,11403.84765625,569128
2021-04-29,7721.0087890625,11572.7939453125,11741.7392578125,11488.3212890625,11593.912109375,1425332
2021-04-30,7721.0087890625,11572.7939453125,11572.7939453125,11572.7939453125,11572.7939453125,0
2021-05-03,7721.0087890625,11572.7939453125,11572.7939453125,11572.7939453125,11572.7939453125,0
2021-05-04,7890.0810546875,11826.212890625,11826.212890625,11361.611328125,11382.7294921875,996839
2021-05-05,8073.244140625,12100.75,12164.1044921875,11847.3310546875,11910.685546875,1293384
2021-05-06,7932.35009765625,11889.5673828125,12206.3408203125,11868.44921875,12016.2763671875,883809
2021-05-07,8200.048828125,12290.8134765625,12480.8779296875,11783.9765625,11783.9765625,2767678
2021-05-10,8763.6259765625,13135.54296875,13135.54296875,12248.5771484375,12290.8134765625,3344952
2021-05-11,8735.4462890625,13093.306640625,13600.14453125,13093.306640625,13515.671875,2227103
2021-05-12,9003.146484375,13494.5537109375,13494.5537109375,12924.361328125,13008.833984375,1816108
2021-05-13,8876.3427734375,13304.4892578125,13726.853515625,13304.4892578125,13515.671875,1907948
2021-05-14,9003.146484375,13494.5537109375,13600.14453125,13304.4892578125,13431.1982421875,1722137
2021-05-17,9186.30859375,13769.0908203125,13895.7998046875,13557.908203125,13557.908203125,1622247
2021-05-18,9045.4150390625,13557.908203125,13769.0908203125,13346.7255859375,13769.0908203125,1569283
2021-05-19,9270.845703125,13895.7998046875,13895.7998046875,13557.908203125,13557.908203125,1432387
2021-05-20,9299.0244140625,13938.0361328125,14170.3369140625,13874.681640625,13938.0361328125,1485374
2021-05-21,9299.0244140625,13938.0361328125,14149.21875,13790.208984375,13938.0361328125,1469724
2021-05-24,9397.6513671875,14085.8642578125,14149.21875,13769.0908203125,13938.0361328125,1752040
2021-05-25,9890.78125,14825.001953125,14930.59375,14170.3369140625,14191.455078125,1427036
2021-05-26,10130.3017578125,15184.0126953125,15205.130859375,14825.001953125,14846.1201171875,1874801
2021-05-27,9890.78125,14825.001953125,15205.130859375,14571.5830078125,15120.6572265625,1797995
2021-05-28,10172.5693359375,15247.3671875,15247.3671875,14719.4111328125,14825.001953125,1575889
2021-05-31,10552.984375,15817.5595703125,15838.677734375,15247.3671875,15247.3671875,910326
2021-06-01,10651.609375,15965.38671875,16303.279296875,15817.5595703125,16303.279296875,1431606
2021-06-02,10482.5361328125,15711.9677734375,15902.0322265625,15458.5498046875,15627.4951171875,1197685
2021-06-03,10778.4150390625,16155.451171875,16176.5693359375,15711.9677734375,15817.5595703125,1264807
2021-06-04,10989.755859375,16472.224609375,17274.716796875,15838.677734375,16049.8603515625,1135606
2021-06-07,10482.5361328125,15711.9677734375,16387.751953125,15416.3125,16049.8603515625,12110622
2021-06-08,10482.5361328125,15711.9677734375,15711.9677734375,15711.9677734375,15711.9677734375,0
2021-06-09,10116.2119140625,15162.8935546875,15374.076171875,14360.4013671875,14782.765625,13868345
2021-06-10,9933.0498046875,14888.357421875,15585.2587890625,14888.357421875,15416.3125,7774560
2021-06-11,10313.4638671875,15458.5498046875,15627.4951171875,14888.357421875,14993.9482421875,13332315
2021-06-14,10228.927734375,15331.83984375,15627.4951171875,15120.6572265625,15627.4951171875,7788529
2021-06-15,10144.390625,15205.130859375,15416.3125,14993.9482421875,15331.83984375,8593283
2021-06-16,10031.6748046875,15036.1845703125,15458.5498046875,14782.765625,14993.9482421875,14191052
2021-06-17,9975.3173828125,14951.7119140625,15205.130859375,14656.056640625,14782.765625,9360629
2021-06-18,10003.49609375,14993.9482421875,15184.0126953125,14972.830078125,15120.6572265625,6468816
2021-06-21,9933.0498046875,14888.357421875,15247.3671875,14867.23828125,15141.775390625,8722792
2021-06-22,9989.40625,14972.830078125,15205.130859375,14867.23828125,14888.357421875,8677807
2021-06-23,10073.943359375,15099.5390625,15226.2490234375,15015.06640625,15162.8935546875,6179019
2021-06-24,10045.763671875,15057.302734375,15247.3671875,14972.830078125,15205.130859375,6803598
2021-06-25,10116.2119140625,15162.8935546875,15162.8935546875,14888.357421875,15057.302734375,6577490
2021-06-28,10609.341796875,15902.0322265625,15902.0322265625,15120.6572265625,15331.83984375,26239169
2021-06-29,10510.7158203125,15754.205078125,16049.8603515625,15585.2587890625,16049.8603515625,11570094
2021-06-30,10355.732421875,15521.904296875,15796.44140625,15500.7861328125,15711.9677734375,6704631
2021-07-01,10482.5361328125,15711.9677734375,15711.9677734375,15268.4853515625,15543.0224609375,12883177
2021-07-02,10637.5205078125,15944.2685546875,16007.623046875,15711.9677734375,15880.9140625,12053799
2021-07-05,10637.5205078125,15944.2685546875,15944.2685546875,15944.2685546875,15944.2685546875,0
2021-07-06,10637.5205078125,15944.2685546875,15944.2685546875,15944.2685546875,15944.2685546875,0
2021-07-07,10637.5205078125,15944.2685546875,15944.2685546875,15944.2685546875,15944.2685546875,0
2021-07-08,10637.5205078125,15944.2685546875,15944.2685546875,15944.2685546875,15944.2685546875,0
2021-07-09,10426.1796875,15627.4951171875,16218.8056640625,15205.130859375,15796.44140625,11267512
2021-07-12,10426.1796875,15627.4951171875,15627.4951171875,15627.4951171875,15627.4951171875,0
2021-07-13,9806.2451171875,14698.29296875,15057.302734375,14360.4013671875,14993.9482421875,7725550
2021-07-14,9806.2451171875,14698.29296875,14698.29296875,14698.29296875,14698.29296875,0
2021-07-15,9496.2763671875,14233.69140625,14550.46484375,13769.0908203125,13938.0361328125,7747332
2021-07-16,9496.2763671875,14233.69140625,14233.69140625,14233.69140625,14233.69140625,0
2021-07-19,8890.4306640625,13325.607421875,14022.5087890625,13325.607421875,14022.5087890625,12317789
2021-07-20,9299.0244140625,13938.0361328125,13938.0361328125,13262.2529296875,13431.1982421875,18112307
2021-07-21,9327.203125,13980.2724609375,14149.21875,13895.7998046875,14022.5087890625,13615956
2021-07-22,9538.544921875,14297.0458984375,14297.0458984375,13811.3271484375,13980.2724609375,14631666
2021-07-23,9299.0244140625,13938.0361328125,14254.8095703125,13938.0361328125,14064.74609375,14899918
2021-07-26,9270.845703125,13895.7998046875,14128.1005859375,13705.7353515625,13726.853515625,16770812
2021-07-27,9608.9921875,14402.6376953125,14487.1103515625,14022.5087890625,14106.982421875,22454289
2021-07-28,9637.1708984375,14444.8740234375,14656.056640625,14275.927734375,14318.1650390625,13380378
2021-07-29,9778.0654296875,14656.056640625,14782.765625,14508.228515625,14508.228515625,17574620
2021-07-30,9862.6015625,14782.765625,14909.4755859375,14656.056640625,14782.765625,12928872
2021-08-02,9707.6181640625,14550.46484375,14825.001953125,14550.46484375,14656.056640625,15603338
2021-08-03,9735.796875,14592.701171875,14719.4111328125,14402.6376953125,14571.5830078125,9283682
2021-08-04,9735.796875,14592.701171875,14592.701171875,14592.701171875,14592.701171875,0
2021-08-05,10116.2119140625,15162.8935546875,15162.8935546875,14825.001953125,14993.9482421875,11552337
2021-08-06,10003.49609375,14993.9482421875,15331.83984375,14972.830078125,15247.3671875,9156304
2021-08-09,10116.2119140625,15162.8935546875,15162.8935546875,14761.6474609375,14909.4755859375,8599676
2021-08-10,10116.2119140625,15162.8935546875,15162.8935546875,15162.8935546875,15162.8935546875,0
2021-08-11,10426.1796875,15627.4951171875,15838.677734375,15120.6572265625,15289.603515625,32104242
2021-08-12,10257.1064453125,15374.076171875,15669.7314453125,15374.076171875,15585.2587890625,7355017
2021-08-13,10257.1064453125,15374.076171875,15416.3125,15036.1845703125,15036.1845703125,8229616
2021-08-16,10454.357421875,15669.7314453125,15733.0869140625,15205.130859375,15374.076171875,16110009
2021-08-17,10454.357421875,15669.7314453125,15669.7314453125,15669.7314453125,15669.7314453125,0
2021-08-18,10496.6259765625,15733.0869140625,15880.9140625,15627.4951171875,15754.205078125,6994191
2021-08-19,10341.6435546875,15500.7861328125,15669.7314453125,15395.1943359375,15648.61328125,7583492
2021-08-20,9862.6015625,14782.765625,15500.7861328125,14444.8740234375,15500.7861328125,15253404
2021-08-23,9524.4560546875,14275.927734375,14867.23828125,14275.927734375,14613.8203125,11794545
2021-08-24,9594.9033203125,14381.51953125,14444.8740234375,14191.455078125,14254.8095703125,7391478
2021-08-25,9834.4228515625,14740.529296875,14740.529296875,14191.455078125,14381.51953125,7253446
2021-08-26,9608.9921875,14402.6376953125,14846.1201171875,14402.6376953125,14782.765625,8174451
2021-08-27,9580.8134765625,14360.4013671875,14677.1748046875,14128.1005859375,14212.5732421875,5652697
2021-08-30,9763.9765625,14634.9384765625,14719.4111328125,14339.283203125,14487.1103515625,5244045
2021-08-31,9608.9921875,14402.6376953125,14782.765625,14360.4013671875,14656.056640625,4532812
2021-09-01,9637.1708984375,14444.8740234375,14571.5830078125,14318.1650390625,14360.4013671875,5584983
2021-09-02,9637.1708984375,14444.8740234375,14444.8740234375,14444.8740234375,14444.8740234375,0
2021-09-03,9637.1708984375,14444.8740234375,14444.8740234375,14444.8740234375,14444.8740234375,0
2021-09-06,9806.2451171875,14698.29296875,14867.23828125,14508.228515625,14719.4111328125,11477757
2021-09-07,10257.1064453125,15374.076171875,15416.3125,14698.29296875,14740.529296875,26802663
2021-09-08,10257.1064453125,15374.076171875,15374.076171875,15374.076171875,15374.076171875,0
2021-09-09,10651.609375,15965.38671875,16007.623046875,15141.775390625,15247.3671875,29662277
2021-09-10,10538.89453125,15796.44140625,16261.0419921875,15796.44140625,16049.8603515625,18543451
2021-09-13,10736.146484375,16092.0966796875,16345.515625,15754.205078125,15838.677734375,16500667
2021-09-14,10595.251953125,15880.9140625,16218.8056640625,15859.7958984375,15880.9140625,14506419
2021-09-15,10778.4150390625,16155.451171875,16261.0419921875,15627.4951171875,15838.677734375,16463258
2021-09-16,10891.130859375,16324.3974609375,16598.93359375,16134.3330078125,16261.0419921875,12373428
2021-09-17,11496.9755859375,17232.48046875,17232.48046875,16303.279296875,16387.751953125,28020805
2021-09-20,11299.7236328125,16936.826171875,17654.845703125,16683.40625,17316.955078125,21169144
2021-09-21,11299.7236328125,16936.826171875,16936.826171875,16936.826171875,16936.826171875,0
2021-09-22,11299.7236328125,16936.826171875,16936.826171875,16936.826171875,16936.826171875,0
2021-09-23,11708.3173828125,17549.25390625,17739.318359375,16725.64453125,17084.654296875,42549716
2021-09-24,11722.40625,17570.373046875,17781.5546875,17570.373046875,17612.609375,2157732218
2021-09-27,11271.5458984375,16894.58984375,17612.609375,16894.58984375,17612.609375,14639242
2021-09-28,11468.796875,17190.244140625,17190.244140625,16514.4609375,16683.40625,12881046
2021-09-29,11666.048828125,17485.900390625,17528.13671875,17021.298828125,17021.298828125,19194310
2021-09-30,11722.40625,17570.373046875,17675.96484375,17359.19140625,17359.19140625,14982074
2021-10-01,12004.1962890625,17992.73828125,18034.974609375,17507.017578125,17675.96484375,35305977
2021-10-04,11835.12109375,17739.318359375,18119.447265625,17528.13671875,18077.2109375,8940
2021-10-05,11976.017578125,17950.501953125,17992.73828125,17570.373046875,17866.029296875,21993076
2021-10-06,11976.017578125,17950.501953125,17950.501953125,17950.501953125,17950.501953125,0
2021-10-07,11835.12109375,17739.318359375,17929.3828125,17654.845703125,17929.3828125,11084021
2021-10-08,11877.390625,17802.673828125,18034.974609375,17654.845703125,18034.974609375,7418469
2021-10-11,11877.390625,17802.673828125,17802.673828125,17802.673828125,17802.673828125,0
2021-10-12,12032.375,18034.974609375,18288.392578125,18034.974609375,18246.15625,4424138
2021-10-13,11947.837890625,17908.265625,18077.2109375,17866.029296875,17950.501953125,5465891
2021-10-14,11947.837890625,17908.265625,17908.265625,17908.265625,17908.265625,0
2021-10-15,12271.89453125,18393.984375,18457.33984375,17971.619140625,17992.73828125,19276703
2021-10-18,12271.89453125,18393.984375,18393.984375,18393.984375,18393.984375,0
2021-10-19,12370.5205078125,18541.8125,18689.638671875,18288.392578125,18541.8125,4160621
2021-10-20,12426.87890625,18626.28515625,18795.23046875,18415.1015625,18795.23046875,8164507
2021-10-21,12314.1640625,18457.33984375,18774.11328125,18457.33984375,18562.9296875,8331424
2021-10-22,12173.267578125,18246.15625,18584.048828125,18203.919921875,18478.45703125,6175704
2021-10-25,12173.267578125,18246.15625,18246.15625,18246.15625,18246.15625,0
2021-10-26,11976.017578125,17950.501953125,17971.619140625,17612.609375,17697.08203125,4994971
2021-10-27,12201.4462890625,18288.392578125,18372.865234375,17950.501953125,18140.56640625,4180273
2021-10-28,12511.4150390625,18752.994140625,18795.23046875,18372.865234375,18372.865234375,12706316
2021-10-29,12638.220703125,18943.05859375,18985.294921875,18562.9296875,18752.994140625,11448872
2021-11-01,12638.220703125,18943.05859375,18943.05859375,18943.05859375,18943.05859375,0
2021-11-02,12455.056640625,18668.521484375,18499.576171875,18330.62890625,18372.865234375,11278877
2021-11-03,12455.056640625,18668.521484375,18858.5859375,18457.33984375,18499.576171875,11592113
2021-11-04,12328.2509765625,18478.45703125,18689.638671875,18436.220703125,18668.521484375,4736901
2021-11-05,12257.8046875,18372.865234375,18647.40234375,18246.15625,18626.28515625,6823249
2021-11-08,12342.341796875,18499.576171875,18605.166015625,18457.33984375,18520.693359375,10790910
2021-11-09,12229.6259765625,18330.62890625,18584.048828125,18246.15625,18584.048828125,5552310
2021-11-10,12398.69921875,18584.048828125,18584.048828125,18182.802734375,18246.15625,4425558
2021-11-11,12116.9111328125,18161.68359375,18626.28515625,18077.2109375,18584.048828125,5722305
2021-11-12,12257.8046875,18372.865234375,18499.576171875,18034.974609375,18203.919921875,3286495
2021-11-15,12384.6103515625,18562.9296875,18668.521484375,18372.865234375,18668.521484375,5932786
2021-11-16,12314.1640625,18457.33984375,18668.521484375,18457.33984375,18584.048828125,5998370
2021-11-17,12187.3583984375,18267.275390625,18584.048828125,18246.15625,18584.048828125,3721901
2021-11-18,12102.822265625,18140.56640625,18288.392578125,18140.56640625,18225.0390625,5223684
2021-11-19,12257.8046875,18372.865234375,18795.23046875,18098.328125,18119.447265625,7471504
2021-11-22,13103.171875,19639.9609375,19639.9609375,18372.865234375,18584.048828125,24243501
2021-11-23,13723.1064453125,20569.162109375,20569.162109375,19639.9609375,20062.32421875,18361854
2021-11-24,13835.822265625,20738.109375,21054.8828125,20146.798828125,20569.162109375,17288611
2021-11-25,13864.0009765625,20780.345703125,20907.0546875,20336.861328125,20907.0546875,10191901
2021-11-26,13384.9599609375,20062.32421875,20780.345703125,20062.32421875,20738.109375,7858610
2021-11-29,13300.4228515625,19935.615234375,20273.5078125,19639.9609375,19639.9609375,5706442
2021-11-30,12708.66796875,19048.650390625,20231.271484375,18795.23046875,20231.271484375,14955083
2021-12-01,13596.30078125,20379.09765625,20379.09765625,18921.939453125,19006.4140625,12975278
2021-12-02,13638.5693359375,20442.453125,21076.0,20294.625,20294.625,13623296
2021-12-03,13244.0654296875,19851.142578125,20695.873046875,19851.142578125,20653.634765625,8581208
2021-12-06,13244.0654296875,19851.142578125,20189.03515625,19006.4140625,19682.197265625,10202082
2021-12-07,13469.49609375,20189.03515625,20484.689453125,19661.078125,20020.087890625,5345379
2021-12-08,14399.3984375,21582.837890625,21582.837890625,20315.744140625,20315.744140625,21748974
2021-12-09,14427.5771484375,21625.07421875,21962.966796875,21287.18359375,21582.837890625,6024177
2021-12-10,14653.0087890625,21962.966796875,22596.513671875,21456.12890625,21625.07421875,19368330
2021-12-13,14230.3271484375,21329.419921875,22131.912109375,21118.236328125,21962.966796875,11087336
2021-12-14,14230.3271484375,21329.419921875,21667.310546875,20907.0546875,21118.236328125,5539051
2021-12-15,14653.0087890625,21962.966796875,22258.62109375,21076.0,21371.65625,10890350
2021-12-16,14427.5771484375,21625.07421875,22258.62109375,21625.07421875,22258.62109375,9508369
2021-12-17,14455.755859375,21667.310546875,21751.783203125,21287.18359375,21709.546875,10336563
2021-12-20,15140.50390625,22693.658203125,22807.6953125,22066.4453125,22237.50390625,14449333
2021-12-21,14760.08984375,22123.46484375,22579.619140625,21952.40625,22522.599609375,6374339
2021-12-22,14455.755859375,21667.310546875,22522.599609375,21610.291015625,21952.40625,10399472
2021-12-23,13961.2177734375,20926.060546875,22009.42578125,20355.869140625,21667.310546875,8064120
2021-12-24,14931.2734375,22380.05078125,22380.05078125,20783.513671875,20869.041015625,13776051
2021-12-27,15501.896484375,23235.33984375,23720.00390625,22351.541015625,22579.619140625,15851140
2021-12-28,15996.4345703125,23976.58984375,24062.119140625,22807.6953125,23092.791015625,15071404
2021-12-29,15730.14453125,23577.455078125,24204.66796875,23463.41796875,23976.58984375,9409630
2021-12-30,15501.896484375,23235.33984375,23605.96484375,23121.30078125,23463.41796875,5658090
2021-12-31,15616.021484375,23406.3984375,24147.6484375,23377.888671875,23377.888671875,6534811
2022-01-03,15616.021484375,23406.3984375,23406.3984375,23406.3984375,23406.3984375,0
2022-01-04,16262.7275390625,24375.724609375,24660.8203125,23548.9453125,23662.984375,19352941
2022-01-05,15977.4140625,23948.080078125,24375.724609375,23891.060546875,24233.177734375,6713698
2022-01-06,15977.4140625,23948.080078125,24518.2734375,23548.9453125,23548.9453125,9102892
2022-01-07,15597.0009765625,23377.888671875,24176.158203125,23377.888671875,23862.55078125,7279472
2022-01-10,15387.7724609375,23064.283203125,23919.5703125,23064.283203125,23377.888671875,7399432
2022-01-11,15292.6689453125,22921.734375,23662.984375,22807.6953125,23035.7734375,8471351
2022-01-12,16357.83203125,24518.2734375,24518.2734375,22807.6953125,22921.734375,32656170
2022-01-13,16034.478515625,24033.609375,25088.46484375,24005.099609375,24689.330078125,30906760
2022-01-14,15939.373046875,23891.060546875,24261.685546875,23720.00390625,23777.0234375,9762318
2022-01-17,15292.6689453125,22921.734375,24062.119140625,22921.734375,23720.00390625,15904631
2022-01-18,14798.12890625,22180.484375,22950.244140625,22094.955078125,22579.619140625,17456213
2022-01-19,14950.2939453125,22408.560546875,22978.75390625,22009.42578125,22009.42578125,11668692
2022-01-20,15064.419921875,22579.619140625,23007.263671875,22380.05078125,22408.560546875,13038756
2022-01-21,15216.5869140625,22807.6953125,23377.888671875,22608.12890625,22608.12890625,14424955
2022-01-24,14360.6533203125,21524.763671875,23092.791015625,21211.15625,22807.6953125,11961050
2022-01-25,15121.4833984375,22665.1484375,22807.6953125,21496.25390625,21496.25390625,15710311
2022-01-26,14912.25390625,22351.541015625,23121.30078125,22351.541015625,22807.6953125,19197730
2022-01-27,15292.6689453125,22921.734375,23092.791015625,22351.541015625,22465.580078125,12740962
2022-01-28,15958.39453125,23919.5703125,24119.138671875,22807.6953125,22893.224609375,27230282
2022-01-31,15958.39453125,23919.5703125,23919.5703125,23919.5703125,23919.5703125,0
2022-02-01,15958.39453125,23919.5703125,23919.5703125,23919.5703125,23919.5703125,0
2022-02-02,15958.39453125,23919.5703125,23919.5703125,23919.5703125,23919.5703125,0
2022-02-03,15958.39453125,23919.5703125,23919.5703125,23919.5703125,23919.5703125,0
2022-02-04,15958.39453125,23919.5703125,23919.5703125,23919.5703125,23919.5703125,0
2022-02-07,15863.291015625,23777.0234375,24290.1953125,23548.9453125,24119.138671875,10183930
2022-02-08,15977.4140625,23948.080078125,24176.158203125,23548.9453125,23862.55078125,10131492
2022-02-09,15787.208984375,23662.984375,24147.6484375,23605.96484375,23891.060546875,9324747
2022-02-10,15673.0830078125,23491.92578125,23834.04296875,23263.849609375,23834.04296875,6935027
2022-02-11,16300.767578125,24432.744140625,24489.763671875,23263.849609375,23377.888671875,28033520
2022-02-14,15216.5869140625,22807.6953125,24432.744140625,22807.6953125,23948.080078125,12988072
2022-02-15,15216.5869140625,22807.6953125,22807.6953125,22807.6953125,22807.6953125,0
2022-02-16,15368.7529296875,23035.7734375,23434.908203125,23007.263671875,23349.37890625,5050225
2022-02-17,15654.0625,23463.41796875,23463.41796875,22978.75390625,23035.7734375,5403614
2022-02-18,15520.916015625,23263.849609375,23491.92578125,23092.791015625,23092.791015625,6594090
2022-02-21,15558.9599609375,23320.869140625,23320.869140625,22864.71484375,23092.791015625,6882238
2022-02-22,15787.208984375,23662.984375,23662.984375,23035.7734375,23121.30078125,14572975
2022-02-23,16205.6640625,24290.1953125,24632.310546875,23634.474609375,23662.984375,28194518
2022-02-24,15692.103515625,23520.435546875,24176.158203125,22978.75390625,23948.080078125,8693907
2022-02-25,15958.39453125,23919.5703125,24375.724609375,23548.9453125,23777.0234375,18932556
2022-02-28,16072.5185546875,24090.62890625,24233.177734375,23377.888671875,23834.04296875,9730399
2022-03-01,16281.74609375,24404.234375,24632.310546875,23891.060546875,24062.119140625,20843490
2022-03-02,15768.185546875,23634.474609375,24689.330078125,23434.908203125,24204.66796875,14506682
2022-03-03,15787.208984375,23662.984375,24090.62890625,23434.908203125,23720.00390625,8051142
2022-03-04,15501.896484375,23235.33984375,23805.533203125,23092.791015625,23434.908203125,8956625
2022-03-07,14836.169921875,22237.50390625,23064.283203125,21952.40625,23035.7734375,17546708
2022-03-08,14760.08984375,22123.46484375,22807.6953125,21866.87890625,22123.46484375,8931546
2022-03-09,14760.08984375,22123.46484375,22437.0703125,22123.46484375,22151.974609375,4654218
2022-03-10,14836.169921875,22237.50390625,22693.658203125,22208.994140625,22693.658203125,3583176
2022-03-11,14703.025390625,22037.935546875,22522.599609375,21980.916015625,22066.4453125,4400970
2022-03-14,14912.25390625,22351.541015625,22522.599609375,21952.40625,21952.40625,3789247
2022-03-15,15178.54296875,22750.67578125,22978.75390625,22294.5234375,22351.541015625,15282034
2022-03-16,15121.4833984375,22665.1484375,23035.7734375,22608.12890625,22779.185546875,5152296
2022-03-17,15064.419921875,22579.619140625,23035.7734375,22579.619140625,22836.205078125,5491655
2022-03-18,15026.3779296875,22522.599609375,22807.6953125,22494.08984375,22750.67578125,2845180
2022-03-21,15178.54296875,22750.67578125,22978.75390625,22551.109375,22551.109375,6751756
2022-03-22,15406.7919921875,23092.791015625,23320.869140625,22722.166015625,22750.67578125,11166757
2022-03-23,15235.6064453125,22836.205078125,23406.3984375,22807.6953125,23092.791015625,7378211
2022-03-24,15254.6279296875,22864.71484375,22950.244140625,22693.658203125,22836.205078125,5175446
2022-03-25,15178.54296875,22750.67578125,23149.810546875,22750.67578125,23149.810546875,3836775
2022-03-28,15007.3583984375,22494.08984375,22921.734375,22151.974609375,22722.166015625,5250508
2022-03-29,15330.7099609375,22978.75390625,23092.791015625,22494.08984375,22494.08984375,8610777
2022-03-30,15216.5869140625,22807.6953125,23349.37890625,22693.658203125,22978.75390625,9382973
2022-03-31,15273.646484375,22893.224609375,23263.849609375,22864.71484375,22978.75390625,4268383
2022-04-01,15692.103515625,23520.435546875,23691.494140625,22807.6953125,22893.224609375,19503943
2022-04-04,15692.103515625,23520.435546875,23834.04296875,23434.908203125,23777.0234375,11575741
2022-04-05,15520.916015625,23263.849609375,23691.494140625,23206.830078125,23377.888671875,8211614
2022-04-06,15654.0625,23463.41796875,23605.96484375,22921.734375,23206.830078125,11742703
2022-04-07,15597.0009765625,23377.888671875,23777.0234375,23206.830078125,23577.455078125,15252044
2022-04-08,15292.6689453125,22921.734375,23491.92578125,22921.734375,23320.869140625,6114252
2022-04-11,15292.6689453125,22921.734375,22921.734375,22921.734375,22921.734375,0
2022-04-12,14474.77734375,21695.8203125,23064.283203125,21695.8203125,22978.75390625,5300316
2022-04-13,15216.5869140625,22807.6953125,22921.734375,21695.8203125,22037.935546875,10419991
2022-04-14,14855.1923828125,22266.013671875,22807.6953125,22237.50390625,22807.6953125,4457793
2022-04-15,14208.4873046875,21296.685546875,22408.560546875,21296.685546875,22294.5234375,8975566
2022-04-18,14417.71484375,21610.291015625,21838.369140625,21097.119140625,21553.2734375,5505685
2022-04-19,13771.009765625,20640.96484375,21724.330078125,20640.96484375,21610.291015625,3379736
2022-04-20,13504.720703125,20241.830078125,21154.138671875,20241.830078125,20983.080078125,6593388
2022-04-21,13238.4296875,19842.6953125,20697.984375,19443.560546875,20298.849609375,6528673
2022-04-22,13390.595703125,20070.771484375,20526.92578125,19842.6953125,19985.244140625,4462704
2022-04-25,13124.3046875,19671.63671875,20355.869140625,18673.80078125,20127.791015625,5977806
2022-04-26,13295.4921875,19928.224609375,19985.244140625,18474.234375,19386.541015625,6667398
2022-04-27,13238.4296875,19842.6953125,19956.734375,19072.935546875,19928.224609375,3936039
2022-04-28,12781.931640625,19158.46484375,19899.71484375,19158.46484375,19899.71484375,3196464
2022-04-29,12781.931640625,19158.46484375,19643.12890625,18930.38671875,19158.46484375,5301017
2022-05-02,12781.931640625,19158.46484375,19158.46484375,19158.46484375,19158.46484375,0
2022-05-03,12781.931640625,19158.46484375,19158.46484375,19158.46484375,19158.46484375,0
2022-05-04,12173.267578125,18246.15625,19215.484375,18246.15625,19158.46484375,2882535
2022-05-05,13010.1806640625,19500.580078125,19500.580078125,18531.251953125,18531.251953125,13689239
2022-05-06,12781.931640625,19158.46484375,19643.12890625,18958.896484375,19158.46484375,3589490
2022-05-09,12021.103515625,18018.080078125,19301.01171875,17904.041015625,18702.310546875,3854663
2022-05-10,12667.806640625,18987.40625,19158.46484375,17390.8671875,17675.96484375,10401752
2022-05-11,12724.8701171875,19072.935546875,19072.935546875,18132.1171875,18987.40625,6325233
2022-05-12,12021.103515625,18018.080078125,18987.40625,17761.4921875,18816.349609375,4073011
2022-05-13,11412.4384765625,17105.771484375,18246.15625,16763.65625,18246.15625,6240349
2022-05-16,11792.8544921875,17675.96484375,18018.080078125,17219.810546875,17675.96484375,4248039
2022-05-17,12553.6826171875,18816.349609375,18844.859375,17390.8671875,17675.96484375,6874697
2022-05-18,12249.3525390625,18360.1953125,19443.560546875,18360.1953125,18873.369140625,6927486
2022-05-19,11849.9150390625,17761.4921875,18331.685546875,17533.416015625,17932.55078125,3443399
2022-05-20,11945.01953125,17904.041015625,18360.1953125,17790.001953125,18189.13671875,3675601
2022-05-23,11412.4384765625,17105.771484375,18303.17578125,17048.751953125,18189.13671875,4480943
2022-05-24,11754.8125,17618.9453125,17647.455078125,17219.810546875,17219.810546875,2936201
2022-05-25,12135.2265625,18189.13671875,18246.15625,17618.9453125,17647.455078125,7963627
2022-05-26,12021.103515625,18018.080078125,18217.646484375,17932.55078125,18189.13671875,2305011
2022-05-27,12287.3935546875,18417.21484375,18702.310546875,17961.060546875,18018.080078125,8553604
2022-05-30,12553.6826171875,18816.349609375,18873.369140625,18331.685546875,18474.234375,9464700
2022-05-31,12306.4140625,18445.724609375,18844.859375,18445.724609375,18816.349609375,4773301
2022-06-01,12173.267578125,18246.15625,18645.291015625,17961.060546875,18331.685546875,3042306
2022-06-02,12173.267578125,18246.15625,18246.15625,18246.15625,18246.15625,0
2022-06-03,12116.2060546875,18160.626953125,18246.15625,17790.001953125,18103.609375,2116303
2022-06-06,11678.728515625,17504.90625,18160.626953125,17276.830078125,18132.1171875,4885719
2022-06-07,11260.2734375,16877.6953125,17504.90625,16820.67578125,17504.90625,3731722
2022-06-08,11507.54296875,17248.3203125,17675.96484375,16934.71484375,16934.71484375,6224565
2022-06-09,11431.4599609375,17134.28125,17305.33984375,17105.771484375,17248.3203125,3383244
2022-06-10,11298.314453125,16934.71484375,17447.88671875,16934.71484375,17048.751953125,2406029
2022-06-13,10518.46484375,15765.8193359375,16649.6171875,15765.8193359375,16649.6171875,6648633
2022-06-14,10080.98828125,15110.0986328125,15680.291015625,14825.001953125,15680.291015625,7049024
2022-06-15,10100.0087890625,15138.6083984375,15224.13671875,14140.771484375,15110.0986328125,6126177
2022-06-16,10195.1123046875,15281.15625,15509.2333984375,14967.55078125,15224.13671875,5115290
2022-06-17,9700.5732421875,14539.90625,15053.0791015625,14254.8095703125,14825.001953125,5629503
2022-06-20,9529.38671875,14283.3193359375,14910.53125,14283.3193359375,14511.396484375,6473955
2022-06-21,9757.634765625,14625.4345703125,14939.041015625,14226.2998046875,14226.2998046875,5386602
2022-06-22,9966.86328125,14939.041015625,15110.0986328125,14625.4345703125,14625.4345703125,2923925
2022-06-23,10080.98828125,15110.0986328125,15110.0986328125,14653.9443359375,14939.041015625,3223824
2022-06-24,9890.78125,14825.001953125,15195.626953125,14825.001953125,15110.0986328125,1589463
2022-06-27,10157.0703125,15224.13671875,15480.7236328125,14825.001953125,14825.001953125,3425510
2022-06-28,10499.4443359375,15737.310546875,15965.38671875,15366.6845703125,15623.271484375,3611938
2022-06-29,10423.361328125,15623.271484375,16136.4443359375,15452.2138671875,15452.2138671875,3383594
2022-06-30,10328.2568359375,15480.7236328125,15965.38671875,15480.7236328125,15509.2333984375,3082643
2022-07-01,10385.3193359375,15566.251953125,15737.310546875,15053.0791015625,15480.7236328125,1576310
2022-07-04,10385.3193359375,15566.251953125,15851.3486328125,15509.2333984375,15566.251953125,1008957
2022-07-05,10461.4033203125,15680.291015625,15936.876953125,15423.7041015625,15680.291015625,4058805
2022-07-06,10252.173828125,15366.6845703125,15851.3486328125,15053.0791015625,15566.251953125,2625955
2022-07-07,10442.3818359375,15651.78125,15765.8193359375,15224.13671875,15224.13671875,2571938
2022-07-08,10309.2373046875,15452.2138671875,15879.8583984375,15395.1943359375,15680.291015625,2022650
2022-07-11,9890.78125,14825.001953125,15452.2138671875,14825.001953125,15395.1943359375,2281685
2022-07-12,9890.78125,14825.001953125,14825.001953125,14825.001953125,14825.001953125,0
2022-07-13,10138.0498046875,15195.626953125,15680.291015625,14853.51171875,15224.13671875,2669625
2022-07-14,10233.1552734375,15338.17578125,15423.7041015625,15110.0986328125,15138.6083984375,1189072
2022-07-15,10309.2373046875,15452.2138671875,15680.291015625,15395.1943359375,15395.1943359375,2487230
2022-07-18,10366.298828125,15537.7431640625,15680.291015625,15480.7236328125,15594.76171875,2355520
2022-07-19,10328.2568359375,15480.7236328125,15566.251953125,15252.646484375,15566.251953125,1416714
2022-07-20,10822.796875,16221.9736328125,16250.4833984375,15509.2333984375,15680.291015625,5395196
2022-07-21,10765.734375,16136.4443359375,16336.01171875,15993.896484375,16278.9931640625,4584417
2022-07-22,10670.630859375,15993.896484375,16336.01171875,15936.876953125,16136.4443359375,4292936
2022-07-25,10423.361328125,15623.271484375,15908.3681640625,15566.251953125,15708.80078125,2394630
2022-07-26,10271.1953125,15395.1943359375,15737.310546875,15395.1943359375,15680.291015625,2212060
2022-07-27,10252.173828125,15366.6845703125,15452.2138671875,15110.0986328125,15395.1943359375,2846758
2022-07-28,10347.279296875,15509.2333984375,15851.3486328125,15423.7041015625,15423.7041015625,4162279
2022-07-29,10119.0302734375,15167.1181640625,15737.310546875,15167.1181640625,15737.310546875,5299263
2022-08-01,10366.298828125,15537.7431640625,15651.78125,15423.7041015625,15452.2138671875,3405867
2022-08-02,10518.46484375,15765.8193359375,15851.3486328125,15566.251953125,15566.251953125,4037759
2022-08-03,10651.609375,15965.38671875,16022.40625,15566.251953125,15680.291015625,4513213
2022-08-04,10955.94140625,16421.541015625,16649.6171875,16107.935546875,16250.4833984375,9314926
2022-08-05,10955.94140625,16421.541015625,16649.6171875,16250.4833984375,16478.560546875,3369564
2022-08-08,10860.837890625,16278.9931640625,16621.107421875,16164.9541015625,16393.03125,4007594
2022-08-09,10879.859375,16307.5029296875,16507.0703125,16193.4638671875,16507.0703125,4093355
2022-08-10,10765.734375,16136.4443359375,16364.521484375,16107.935546875,16364.521484375,3339399
2022-08-11,10841.8173828125,16250.4833984375,16592.599609375,16107.935546875,16336.01171875,4493044
2022-08-12,10879.859375,16307.5029296875,16336.01171875,16164.9541015625,16336.01171875,1776768
2022-08-15,11013.00390625,16507.0703125,16706.63671875,16364.521484375,16507.0703125,5738063
2022-08-16,10974.962890625,16450.05078125,16564.08984375,16393.03125,16535.580078125,2451979
2022-08-17,10917.900390625,16364.521484375,16507.0703125,16364.521484375,16450.05078125,2320269
2022-08-18,10917.900390625,16364.521484375,16421.541015625,16136.4443359375,16364.521484375,3673847
2022-08-19,10803.7763671875,16193.4638671875,16421.541015625,16136.4443359375,16421.541015625,2568957
2022-08-22,10613.568359375,15908.3681640625,16136.4443359375,15822.8388671875,16107.935546875,2552822
2022-08-23,10651.609375,15965.38671875,15965.38671875,15680.291015625,15680.291015625,2149800
2022-08-24,10689.6513671875,16022.40625,16107.935546875,15936.876953125,15965.38671875,2075264
2022-08-25,10955.94140625,16421.541015625,16478.560546875,16050.916015625,16221.9736328125,2958825
2022-08-26,10803.7763671875,16193.4638671875,16478.560546875,16164.9541015625,16450.05078125,2383932
2022-08-29,10537.484375,15794.3291015625,16022.40625,15452.2138671875,15965.38671875,3562481
2022-08-30,10613.568359375,15908.3681640625,16079.42578125,15794.3291015625,15965.38671875,1440741
2022-08-31,10651.609375,15965.38671875,16050.916015625,15708.80078125,15908.3681640625,1026495
2022-09-01,10651.609375,15965.38671875,15965.38671875,15965.38671875,15965.38671875,0
2022-09-02,10651.609375,15965.38671875,15965.38671875,15965.38671875,15965.38671875,0
2022-09-05,10651.609375,15965.38671875,16250.4833984375,15822.8388671875,16250.4833984375,3204532
2022-09-06,10651.609375,15965.38671875,16050.916015625,15765.8193359375,16050.916015625,2364114
2022-09-07,10385.3193359375,15566.251953125,15908.3681640625,15566.251953125,15851.3486328125,3076154
2022-09-08,10233.1552734375,15338.17578125,15623.271484375,15338.17578125,15594.76171875,2473901
2022-09-09,10271.1953125,15395.1943359375,15566.251953125,15167.1181640625,15566.251953125,1641025
2022-09-12,10252.173828125,15366.6845703125,15452.2138671875,15281.15625,15395.1943359375,1442495
2022-09-13,10214.1328125,15309.666015625,15452.2138671875,15252.646484375,15452.2138671875,1349018
2022-09-14,10100.0087890625,15138.6083984375,15281.15625,14967.55078125,15110.0986328125,1671365
2022-09-15,10100.0087890625,15138.6083984375,15594.76171875,15110.0986328125,15195.626953125,1398475
2022-09-16,10004.9052734375,14996.0595703125,15309.666015625,14996.0595703125,15110.0986328125,1518084
2022-09-19,9510.365234375,14254.8095703125,14996.0595703125,14083.751953125,14996.0595703125,2522832
2022-09-20,9662.5322265625,14482.88671875,14482.88671875,14197.791015625,14482.88671875,1561928
2022-09-21,9605.470703125,14397.3583984375,14482.88671875,14254.8095703125,14254.8095703125,1185213
2022-09-22,9643.5107421875,14454.376953125,14454.376953125,14140.771484375,14254.8095703125,1060168
2022-09-23,9529.38671875,14283.3193359375,14482.88671875,14254.8095703125,14454.376953125,1858144
2022-09-26,9472.32421875,14197.791015625,14197.791015625,13513.5595703125,14083.751953125,3330104
2022-09-27,9472.32421875,14197.791015625,14197.791015625,13684.6171875,14140.771484375,2001955
2022-09-28,9377.220703125,14055.2421875,14112.26171875,13399.521484375,13827.166015625,2690144
2022-09-29,9396.2412109375,14083.751953125,14254.8095703125,13798.65625,14083.751953125,1724856
2022-09-30,9510.365234375,14254.8095703125,14311.8291015625,13656.107421875,13969.7138671875,3638771
2022-10-03,9072.8896484375,13599.0888671875,14311.8291015625,13342.501953125,14311.8291015625,2811682
2022-10-04,9053.8681640625,13570.5791015625,13912.6943359375,13542.0693359375,13627.5986328125,1680485
2022-10-05,9129.951171875,13684.6171875,13770.146484375,13542.0693359375,13684.6171875,2128053
2022-10-06,9129.951171875,13684.6171875,13798.65625,13114.4248046875,13627.5986328125,5614069
2022-10-07,8502.267578125,12743.7998046875,13199.9541015625,12743.7998046875,13142.9345703125,3612114
2022-10-10,7912.62451171875,11860.001953125,12373.1748046875,11860.001953125,11860.001953125,4188761
2022-10-11,7361.0234375,11033.22265625,11403.84765625,11033.22265625,11033.22265625,15781164
2022-10-12,7798.50048828125,11688.9443359375,11688.9443359375,10434.5205078125,10434.5205078125,8142164
2022-10-13,7836.54150390625,11745.962890625,11745.962890625,11232.7900390625,11688.9443359375,6631095
2022-10-14,7836.54150390625,11745.962890625,12002.5498046875,11574.9052734375,11945.5302734375,3819412
2022-10-17,7836.54150390625,11745.962890625,11745.962890625,11061.732421875,11460.8671875,7290872
2022-10-18,7836.54150390625,11745.962890625,11945.5302734375,11631.9248046875,11802.982421875,4427277
2022-10-19,7817.52099609375,11717.4541015625,11802.982421875,11432.357421875,11802.982421875,3008107
2022-10-20,7836.54150390625,11745.962890625,11774.47265625,11403.84765625,11574.9052734375,3004775
2022-10-21,7646.33447265625,11460.8671875,11860.001953125,11033.22265625,11745.962890625,4873442
2022-10-24,7665.35498046875,11489.376953125,11489.376953125,10662.59765625,11460.8671875,5720349
2022-10-25,7665.35498046875,11489.376953125,11774.47265625,11004.712890625,11232.7900390625,5672822
2022-10-26,7608.29345703125,11403.84765625,11660.4345703125,11289.8095703125,11517.88671875,1979858
2022-10-27,7988.70703125,11974.0400390625,11974.0400390625,11318.3193359375,11375.337890625,7606555
2022-10-28,7931.6455078125,11888.51171875,12259.13671875,11774.47265625,12088.0791015625,4883790
2022-10-31,7874.5830078125,11802.982421875,11974.0400390625,11574.9052734375,11974.0400390625,4959554
2022-11-01,8293.0400390625,12430.1943359375,12601.251953125,11917.021484375,11974.0400390625,10319850
2022-11-02,8197.935546875,12287.646484375,12829.3291015625,12287.646484375,12430.1943359375,7019560
2022-11-03,8083.81103515625,12116.5888671875,12601.251953125,11888.51171875,12173.607421875,6662663
2022-11-04,8102.83203125,12145.09765625,12145.09765625,11289.8095703125,11974.0400390625,12931249
2022-11-07,7646.33447265625,11460.8671875,12230.626953125,11403.84765625,12230.626953125,4422717
2022-11-08,7798.50048828125,11688.9443359375,11802.982421875,11118.751953125,11232.7900390625,7433806
2022-11-09,7684.37646484375,11517.88671875,11974.0400390625,11460.8671875,11802.982421875,4910097
2022-11-10,7570.251953125,11346.8291015625,11460.8671875,10833.6552734375,11432.357421875,5250157
2022-11-11,7570.251953125,11346.8291015625,11688.9443359375,10947.6943359375,11688.9443359375,6555681
2022-11-14,7494.16845703125,11232.7900390625,11261.2998046875,10862.1650390625,11118.751953125,5634238
2022-11-15,7570.251953125,11346.8291015625,11346.8291015625,10463.0302734375,11061.732421875,9376659
2022-11-16,7931.6455078125,11888.51171875,11974.0400390625,10605.578125,10691.107421875,9712335
2022-11-17,7931.6455078125,11888.51171875,12259.13671875,11660.4345703125,12145.09765625,9171290
2022-11-18,7836.54150390625,11745.962890625,11917.021484375,11489.376953125,11745.962890625,3580195
2022-11-21,7836.54150390625,11745.962890625,11802.982421875,11403.84765625,11802.982421875,5611965
2022-11-22,7855.5625,11774.47265625,12088.0791015625,11489.376953125,11688.9443359375,9627101
2022-11-23,7608.29345703125,11403.84765625,11860.001953125,11346.8291015625,11603.4150390625,5067587
2022-11-24,7608.29345703125,11403.84765625,11546.3955078125,10947.6943359375,11460.8671875,8440484
2022-11-25,7722.4169921875,11574.9052734375,11603.4150390625,11261.2998046875,11517.88671875,5323466
2022-11-28,7988.70703125,11974.0400390625,12145.09765625,11432.357421875,11688.9443359375,22279322
2022-11-29,8178.916015625,12259.13671875,12316.1552734375,11802.982421875,12145.09765625,16286607
2022-11-30,8369.1220703125,12544.232421875,12829.3291015625,11888.51171875,12373.1748046875,22786694
2022-12-01,8293.0400390625,12430.1943359375,12971.876953125,12316.1552734375,12743.7998046875,26586990
2022-12-02,8673.4541015625,13000.38671875,13000.38671875,12088.0791015625,12259.13671875,14468274
2022-12-05,8806.5986328125,13199.9541015625,13684.6171875,13085.9150390625,13228.4638671875,28323071
2022-12-06,8216.9560546875,12316.1552734375,13199.9541015625,12316.1552734375,13114.4248046875,20354883
2022-12-07,7969.6865234375,11945.5302734375,12430.1943359375,11831.4921875,12259.13671875,15597542
2022-12-08,8369.1220703125,12544.232421875,12772.3095703125,11860.001953125,12173.607421875,36476810
2022-12-09,8559.3291015625,12829.3291015625,13114.4248046875,12430.1943359375,12658.271484375,23280738
2022-12-12,8711.49609375,13057.40625,13228.4638671875,12715.2900390625,12971.876953125,25396690
2022-12-13,8749.537109375,13114.4248046875,13114.4248046875,12829.3291015625,12886.34765625,17002857
2022-12-14,8673.4541015625,13000.38671875,13342.501953125,12886.34765625,13342.501953125,9929981
2022-12-15,8749.537109375,13114.4248046875,13456.5400390625,12829.3291015625,12914.857421875,22975402
2022-12-16,8749.537109375,13114.4248046875,13428.03125,12829.3291015625,12971.876953125,8363843
2022-12-19,8559.3291015625,12829.3291015625,13285.482421875,12829.3291015625,13085.9150390625,12530682
2022-12-20,8369.1220703125,12544.232421875,12800.8193359375,12116.5888671875,12800.8193359375,17492516
2022-12-21,8216.9560546875,12316.1552734375,12772.3095703125,12230.626953125,12686.78125,6161955
2022-12-22,8502.267578125,12743.7998046875,12829.3291015625,12316.1552734375,12487.2138671875,10914035
2022-12-23,8369.1220703125,12544.232421875,12772.3095703125,12458.7041015625,12772.3095703125,3999527
2022-12-26,7988.70703125,11974.0400390625,12601.251953125,11745.962890625,12458.7041015625,5467803
2022-12-27,8007.72900390625,12002.5498046875,12145.09765625,11717.4541015625,11717.4541015625,4904484
2022-12-28,8140.873046875,12202.1171875,12230.626953125,11774.47265625,12002.5498046875,4960255
2022-12-29,8140.873046875,12202.1171875,12287.646484375,12088.0791015625,12259.13671875,5545847
2022-12-30,8007.72900390625,12002.5498046875,12287.646484375,12002.5498046875,12287.646484375,5692815
2023-01-02,8007.72900390625,12002.5498046875,12002.5498046875,12002.5498046875,12002.5498046875,0
2023-01-03,8331.0810546875,12487.2138671875,12487.2138671875,12002.5498046875,12002.5498046875,4091426
2023-01-04,8369.1220703125,12544.232421875,12743.7998046875,12344.6650390625,12629.76171875,7687054
2023-01-05,8578.3505859375,12857.8388671875,13000.38671875,12458.7041015625,12544.232421875,13159067
2023-01-06,8559.3291015625,12829.3291015625,13171.4443359375,12715.2900390625,12857.8388671875,10182177
2023-01-09,8559.3291015625,12829.3291015625,13085.9150390625,12715.2900390625,12857.8388671875,7289294
2023-01-10,8559.3291015625,12829.3291015625,13000.38671875,12715.2900390625,13000.38671875,5094070
2023-01-11,8540.3095703125,12800.8193359375,13028.896484375,12743.7998046875,12772.3095703125,9171991
2023-01-12,8521.2880859375,12772.3095703125,12886.34765625,12686.78125,12886.34765625,3624916
2023-01-13,8521.2880859375,12772.3095703125,12857.8388671875,12658.271484375,12829.3291015625,8629017
2023-01-16,8369.1220703125,12544.232421875,12829.3291015625,12544.232421875,12772.3095703125,5195790
2023-01-17,8749.537109375,13114.4248046875,13114.4248046875,12601.251953125,12658.271484375,23072563
2023-01-18,8977.78515625,13456.5400390625,13570.5791015625,13142.9345703125,13142.9345703125,17699815
2023-01-19,9129.951171875,13684.6171875,13770.146484375,13256.9736328125,13342.501953125,23585723
2023-01-20,9129.951171875,13684.6171875,13684.6171875,13684.6171875,13684.6171875,0
2023-01-23,9129.951171875,13684.6171875,13684.6171875,13684.6171875,13684.6171875,0
2023-01-24,9129.951171875,13684.6171875,13684.6171875,13684.6171875,13684.6171875,0
2023-01-25,9129.951171875,13684.6171875,13684.6171875,13684.6171875,13684.6171875,0
2023-01-26,9129.951171875,13684.6171875,13684.6171875,13684.6171875,13684.6171875,0
2023-01-27,9320.1591796875,13969.7138671875,14140.771484375,13684.6171875,13855.6748046875,22486269
2023-01-30,9091.9111328125,13627.5986328125,13969.7138671875,13570.5791015625,13969.7138671875,14683464
2023-01-31,9510.365234375,14254.8095703125,14254.8095703125,13371.01171875,13656.107421875,29220137
2023-02-01,9015.826171875,13513.5595703125,14482.88671875,13285.482421875,14254.8095703125,25423699
2023-02-02,9091.9111328125,13627.5986328125,13741.63671875,13399.521484375,13570.5791015625,14089454
2023-02-03,9129.951171875,13684.6171875,13684.6171875,13428.03125,13684.6171875,10414379
2023-02-06,9167.9931640625,13741.63671875,13798.65625,13542.0693359375,13570.5791015625,8003438
2023-02-07,9282.1171875,13912.6943359375,14226.2998046875,13713.126953125,13798.65625,30909566
2023-02-08,9358.2001953125,14026.732421875,14197.791015625,13912.6943359375,14197.791015625,10536443
2023-02-09,9225.0546875,13827.166015625,14340.3388671875,13827.166015625,13969.7138671875,18217710
2023-02-10,8958.7646484375,13428.03125,13969.7138671875,13428.03125,13827.166015625,7178454
2023-02-13,8749.537109375,13114.4248046875,13513.5595703125,12971.876953125,13428.03125,7587438
2023-02-14,8939.744140625,13399.521484375,13456.5400390625,13285.482421875,13342.501953125,4717355
2023-02-15,9053.8681640625,13570.5791015625,13884.1845703125,13371.01171875,13428.03125,11893003
2023-02-16,9129.951171875,13684.6171875,13684.6171875,13485.0498046875,13627.5986328125,6409064
2023-02-17,9072.8896484375,13599.0888671875,13741.63671875,13513.5595703125,13741.63671875,7807715
2023-02-20,11466.0751953125,14026.732421875,14026.732421875,13570.5791015625,13599.0888671875,15260287
2023-02-21,11559.296875,14140.771484375,14311.8291015625,13855.6748046875,14083.751953125,20001669
2023-02-22,10976.6708984375,13428.03125,14026.732421875,13428.03125,13969.7138671875,7109705
2023-02-23,11186.4150390625,13684.6171875,13684.6171875,13285.482421875,13513.5595703125,7959769
2023-02-24,10953.3662109375,13399.521484375,13798.65625,13399.521484375,13684.6171875,4126501
2023-02-27,10836.8408203125,13256.9736328125,13456.5400390625,13142.9345703125,13285.482421875,5471486
2023-02-28,10860.1455078125,13285.482421875,13456.5400390625,13285.482421875,13342.501953125,3670866
2023-03-01,11186.4150390625,13684.6171875,13741.63671875,13171.4443359375,13256.9736328125,7469408
2023-03-02,11093.1953125,13570.5791015625,13798.65625,13570.5791015625,13684.6171875,4729807
2023-03-03,10906.7548828125,13342.501953125,13713.126953125,13342.501953125,13570.5791015625,5031810
2023-03-06,10930.0615234375,13371.01171875,13656.107421875,13371.01171875,13456.5400390625,4072309
2023-03-07,10953.3662109375,13399.521484375,13570.5791015625,13342.501953125,13513.5595703125,3119298
2023-03-08,11163.1103515625,13656.107421875,13684.6171875,13285.482421875,13342.501953125,9479958
2023-03-09,11419.4658203125,13969.7138671875,13998.2236328125,13627.5986328125,13684.6171875,13526136
2023-03-10,11186.4150390625,13684.6171875,13941.2041015625,13627.5986328125,13798.65625,4755412
2023-03-13,11326.24609375,13855.6748046875,14026.732421875,13485.0498046875,13513.5595703125,11636423
2023-03-14,11279.63671875,13798.65625,13941.2041015625,13599.0888671875,13941.2041015625,11776902
2023-03-15,11489.380859375,14055.2421875,14311.8291015625,13855.6748046875,14026.732421875,15855350
2023-03-16,11489.380859375,14055.2421875,14197.791015625,13884.1845703125,13998.2236328125,5275061
2023-03-17,11792.345703125,14425.8671875,14539.90625,14055.2421875,14055.2421875,18759106
2023-03-20,11171.697265625,12316.1552734375,13000.38671875,12316.1552734375,13000.38671875,6828923
2023-03-21,11171.697265625,12316.1552734375,12515.72265625,12230.626953125,12430.1943359375,3867641
2023-03-22,11275.138671875,12430.1943359375,12629.76171875,12373.1748046875,12373.1748046875,5755250
2023-03-23,11404.44140625,12572.7421875,12629.76171875,12373.1748046875,12430.1943359375,4536538
2023-03-24,11378.580078125,12544.232421875,12658.271484375,12487.2138671875,12572.7421875,4372033
2023-03-27,11326.859375,12487.2138671875,12686.78125,12487.2138671875,12572.7421875,4238043
2023-03-28,11301.0,12458.7041015625,12658.271484375,12458.7041015625,12544.232421875,3521092
2023-03-29,11326.859375,12487.2138671875,12544.232421875,12401.6845703125,12544.232421875,2527041
2023-03-30,11456.162109375,12629.76171875,12658.271484375,12487.2138671875,12544.232421875,4771722
2023-03-31,11482.0224609375,12658.271484375,12715.2900390625,12601.251953125,12601.251953125,4185604
2023-04-03,11766.486328125,12971.876953125,13000.38671875,12686.78125,12829.3291015625,14411100
2023-04-04,11688.9052734375,12886.34765625,13057.40625,12800.8193359375,13057.40625,6347682
2023-04-05,11740.6259765625,12943.3671875,12971.876953125,12715.2900390625,12914.857421875,9555897
2023-04-06,11947.509765625,13171.4443359375,13313.9921875,12886.34765625,12943.3671875,18081791
2023-04-07,11947.509765625,13171.4443359375,13285.482421875,13028.896484375,13057.40625,7837705
2023-04-10,11947.509765625,13171.4443359375,13399.521484375,13000.38671875,13285.482421875,13357596
2023-04-11,11947.509765625,13171.4443359375,13256.9736328125,12914.857421875,13085.9150390625,4741031
2023-04-12,11947.509765625,13171.4443359375,13285.482421875,13057.40625,13171.4443359375,6741934
2023-04-13,11999.23046875,13228.4638671875,13342.501953125,13171.4443359375,13342.501953125,4438677
2023-04-14,11999.23046875,13228.4638671875,13570.5791015625,13228.4638671875,13228.4638671875,12688874
2023-04-17,11895.7880859375,13114.4248046875,13228.4638671875,13000.38671875,13228.4638671875,2858684
2023-04-18,11792.3466796875,13000.38671875,13285.482421875,12886.34765625,13000.38671875,2982151
2023-04-19,11559.6025390625,12743.7998046875,13114.4248046875,12743.7998046875,13000.38671875,3258549
2023-04-20,11585.4638671875,12772.3095703125,12886.34765625,12686.78125,12743.7998046875,1668910
2023-04-21,11663.044921875,12857.8388671875,13142.9345703125,12772.3095703125,12772.3095703125,4568282
2023-04-24,11818.2080078125,13028.896484375,13142.9345703125,12829.3291015625,12829.3291015625,8371560
2023-04-25,11766.486328125,12971.876953125,13057.40625,12886.34765625,13028.896484375,2429355
2023-04-26,11895.7880859375,13114.4248046875,13199.9541015625,12829.3291015625,12914.857421875,7673024
2023-04-27,11921.6494140625,13142.9345703125,13256.9736328125,13085.9150390625,13171.4443359375,3287486
2023-04-28,12309.5556640625,13570.5791015625,13570.5791015625,13114.4248046875,13142.9345703125,14095768
2023-05-01,12309.5556640625,13570.5791015625,13570.5791015625,13570.5791015625,13570.5791015625,0
2023-05-02,12309.5556640625,13570.5791015625,13570.5791015625,13570.5791015625,13570.5791015625,0
2023-05-03,12309.5556640625,13570.5791015625,13570.5791015625,13570.5791015625,13570.5791015625,0
2023-05-04,12206.11328125,13456.5400390625,13570.5791015625,13371.01171875,13570.5791015625,3286259
2023-05-05,12076.810546875,13313.9921875,13513.5595703125,13142.9345703125,13399.521484375,3642103
2023-05-08,12025.091796875,13256.9736328125,13428.03125,13142.9345703125,13285.482421875,4970076
2023-05-09,12180.2529296875,13428.03125,13513.5595703125,13256.9736328125,13256.9736328125,5648970
2023-05-10,12283.6943359375,13542.0693359375,13627.5986328125,13285.482421875,13456.5400390625,7411007
2023-05-11,12206.11328125,13456.5400390625,13599.0888671875,13342.501953125,13570.5791015625,2425672
2023-05-12,12180.2529296875,13428.03125,13485.0498046875,13313.9921875,13485.0498046875,3130522
2023-05-15,12361.2763671875,13627.5986328125,13798.65625,13399.521484375,13456.5400390625,17721036
2023-05-16,12335.416015625,13599.0888671875,13656.107421875,13456.5400390625,13627.5986328125,3028276
2023-05-17,12025.091796875,13256.9736328125,13656.107421875,13256.9736328125,13627.5986328125,3436559
2023-05-18,12102.671875,13342.501953125,13513.5595703125,13285.482421875,13285.482421875,2219952
2023-05-19,12128.5322265625,13371.01171875,13456.5400390625,13228.4638671875,13456.5400390625,1959163
2023-05-22,12309.5556640625,13570.5791015625,13684.6171875,13399.521484375,13599.0888671875,8753010
2023-05-23,12257.8349609375,13513.5595703125,13741.63671875,13513.5595703125,13513.5595703125,7191958
2023-05-24,12257.8349609375,13513.5595703125,13513.5595703125,13513.5595703125,13513.5595703125,0
2023-05-25,12102.671875,13342.501953125,13513.5595703125,13285.482421875,13456.5400390625,1731871
2023-05-26,12231.9736328125,13485.0498046875,13513.5595703125,13342.501953125,13513.5595703125,2383756
2023-05-29,12568.1591796875,13855.6748046875,13941.2041015625,13513.5595703125,13656.107421875,11950527
2023-05-30,12464.7177734375,13741.63671875,13998.2236328125,13627.5986328125,13998.2236328125,5070043
2023-05-31,12930.2041015625,14254.8095703125,14368.8486328125,13827.166015625,13941.2041015625,19441683
2023-06-01,13524.9951171875,14910.53125,14910.53125,14254.8095703125,14425.8671875,23790390
2023-06-02,13602.5751953125,14996.0595703125,15309.666015625,14682.4541015625,14682.4541015625,21184428
2023-06-05,13499.1337890625,14882.021484375,15680.291015625,14825.001953125,15680.291015625,16839228
2023-06-06,13343.9716796875,14710.9638671875,15024.5693359375,14568.416015625,14882.021484375,17567052
2023-06-07,13576.7158203125,14967.55078125,15024.5693359375,14682.4541015625,14825.001953125,16319228
2023-06-08,13240.5302734375,14596.92578125,15024.5693359375,14596.92578125,15024.5693359375,13559984
2023-06-09,13426.173828125,14801.5869140625,15079.365234375,14682.5400390625,14841.26953125,9738792
2023-06-12,13246.1982421875,14603.1748046875,14880.9521484375,14484.126953125,14880.9521484375,3358908
2023-06-13,13066.22265625,14404.76171875,14682.5400390625,14404.76171875,14682.5400390625,3854592
2023-06-14,13066.22265625,14404.76171875,14642.857421875,14404.76171875,14444.4443359375,4686318
2023-06-15,13066.22265625,14404.76171875,14444.4443359375,14325.396484375,14444.4443359375,3479238
2023-06-16,13102.2177734375,14444.4443359375,14603.1748046875,14404.76171875,14404.76171875,6123474
2023-06-19,13174.2080078125,14523.8095703125,14523.8095703125,14365.0791015625,14484.126953125,1943802
2023-06-20,13138.212890625,14484.126953125,14563.4921875,14404.76171875,14523.8095703125,2879982
2023-06-21,13246.1982421875,14603.1748046875,14603.1748046875,14484.126953125,14523.8095703125,5332950
2023-06-22,13246.1982421875,14603.1748046875,14603.1748046875,14603.1748046875,14603.1748046875,0
2023-06-23,13318.189453125,14682.5400390625,14801.5869140625,14563.4921875,14642.857421875,7747362
2023-06-26,13282.1943359375,14642.857421875,14801.5869140625,14484.126953125,14722.22265625,4223898
2023-06-27,13246.1982421875,14603.1748046875,14682.5400390625,14484.126953125,14642.857421875,3470166
2023-06-28,13282.1943359375,14642.857421875,14642.857421875,14523.8095703125,14603.1748046875,4199454
2023-06-29,13030.2275390625,14365.0791015625,14682.5400390625,14365.0791015625,14682.5400390625,4958730
2023-06-30,12958.2373046875,14285.7138671875,14404.76171875,14285.7138671875,14365.0791015625,3331692
2023-07-03,13066.22265625,14404.76171875,14484.126953125,14325.396484375,14484.126953125,3658536
2023-07-04,13066.22265625,14404.76171875,14484.126953125,14365.0791015625,14444.4443359375,2278458
2023-07-05,13030.2275390625,14365.0791015625,14484.126953125,14365.0791015625,14444.4443359375,4958226
2023-07-06,13102.2177734375,14444.4443359375,14444.4443359375,14285.7138671875,14365.0791015625,5613552
2023-07-07,12994.232421875,14325.396484375,14444.4443359375,14246.0322265625,14325.396484375,5994828
2023-07-10,13102.2177734375,14444.4443359375,14484.126953125,14285.7138671875,14365.0791015625,7427574
2023-07-11,13174.2080078125,14523.8095703125,14761.904296875,14444.4443359375,14523.8095703125,11164608
2023-07-12,13066.22265625,14404.76171875,14603.1748046875,14404.76171875,14603.1748046875,4920174
2023-07-13,13138.212890625,14484.126953125,14523.8095703125,14365.0791015625,14444.4443359375,5910156
2023-07-14,13066.22265625,14404.76171875,14523.8095703125,14325.396484375,14484.126953125,4860576
2023-07-17,13138.212890625,14484.126953125,14484.126953125,14365.0791015625,14404.76171875,5325138
2023-07-18,13642.14453125,15039.6826171875,15039.6826171875,14444.4443359375,14484.126953125,31251276
2023-07-19,13462.1689453125,14841.26953125,15158.73046875,14801.5869140625,15079.365234375,11778732
2023-07-20,13534.1591796875,14920.634765625,14920.634765625,14603.1748046875,14841.26953125,14071050
2023-07-21,13498.1640625,14880.9521484375,15039.6826171875,14761.904296875,14841.26953125,11472300
2023-07-24,13426.173828125,14801.5869140625,14920.634765625,14642.857421875,14841.26953125,8871030
2023-07-25,13678.140625,15079.365234375,15277.77734375,14761.904296875,14801.5869140625,16825536
2023-07-26,13534.1591796875,14920.634765625,15079.365234375,14841.26953125,15079.365234375,8356824
2023-07-27,13354.1845703125,14722.22265625,14960.3173828125,14603.1748046875,14920.634765625,8391222
2023-07-28,13462.1689453125,14841.26953125,14920.634765625,14642.857421875,14682.5400390625,9043902
2023-07-31,13498.1640625,14880.9521484375,14960.3173828125,14761.904296875,14801.5869140625,6548472
2023-08-01,13534.1591796875,14920.634765625,15277.77734375,14880.9521484375,14920.634765625,18238878
2023-08-02,13606.1494140625,15000.0,15079.365234375,14841.26953125,14880.9521484375,8358210
2023-08-03,13282.1943359375,14642.857421875,15079.365234375,14603.1748046875,15000.0,8703072
2023-08-04,13642.14453125,15039.6826171875,15079.365234375,14642.857421875,14761.904296875,15456420
2023-08-07,13894.1103515625,15317.4599609375,15436.5078125,15039.6826171875,15079.365234375,22360086
2023-08-08,13678.140625,15079.365234375,15396.8251953125,15039.6826171875,15396.8251953125,7955766
2023-08-09,13570.154296875,14960.3173828125,15158.73046875,14880.9521484375,15119.0478515625,6924456
2023-08-10,13318.189453125,14682.5400390625,15000.0,14642.857421875,14960.3173828125,7305984
2023-08-11,13426.173828125,14801.5869140625,14801.5869140625,14484.126953125,14722.22265625,6725880
2023-08-14,13426.173828125,14801.5869140625,14841.26953125,14682.5400390625,14801.5869140625,6911604
2023-08-15,13678.140625,15079.365234375,15198.4130859375,14722.22265625,14841.26953125,15210720
2023-08-16,13750.130859375,15158.73046875,15198.4130859375,14920.634765625,15079.365234375,10703322
2023-08-17,13570.154296875,14960.3173828125,15198.4130859375,14920.634765625,15158.73046875,7369488
2023-08-18,13030.2275390625,14365.0791015625,14920.634765625,14285.7138671875,14880.9521484375,14569758
2023-08-21,13318.189453125,14682.5400390625,14761.904296875,14325.396484375,14523.8095703125,10325826
2023-08-22,13354.1845703125,14722.22265625,14761.904296875,14444.4443359375,14603.1748046875,5170158
2023-08-23,13318.189453125,14682.5400390625,14801.5869140625,14563.4921875,14801.5869140625,7006104
2023-08-24,13534.1591796875,14920.634765625,15000.0,14563.4921875,14682.5400390625,12685554
2023-08-25,13570.154296875,14960.3173828125,14960.3173828125,14761.904296875,14841.26953125,4708620
2023-08-28,13678.140625,15079.365234375,15119.0478515625,14920.634765625,15039.6826171875,9080190
2023-08-29,13678.140625,15079.365234375,15158.73046875,14960.3173828125,15079.365234375,8738478
2023-08-30,14074.0859375,15515.873046875,15515.873046875,15079.365234375,15079.365234375,27711054
2023-08-31,14110.0810546875,15555.5556640625,15634.9208984375,15357.142578125,15595.23828125,7483770
2023-09-01,14110.0810546875,15555.5556640625,15555.5556640625,15555.5556640625,15555.5556640625,0
2023-09-04,14110.0810546875,15555.5556640625,15555.5556640625,15555.5556640625,15555.5556640625,0
2023-09-05,14146.076171875,15595.23828125,15753.9677734375,15555.5556640625,15634.9208984375,11626272
2023-09-06,14218.06640625,15674.603515625,15674.603515625,15198.4130859375,15595.23828125,15054606
2023-09-07,14146.076171875,15595.23828125,15952.380859375,15515.873046875,15714.2861328125,20637540
2023-09-08,13966.1005859375,15396.8251953125,15634.9208984375,15396.8251953125,15595.23828125,7590618
2023-09-11,13642.14453125,15039.6826171875,15555.5556640625,15000.0,15476.1904296875,12839148
2023-09-12,13822.12109375,15238.095703125,15238.095703125,14920.634765625,15039.6826171875,11372508
2023-09-13,13858.115234375,15277.77734375,15357.142578125,15039.6826171875,15277.77734375,6960618
2023-09-14,13678.140625,15079.365234375,15476.1904296875,15079.365234375,15277.77734375,7121898
2023-09-15,13822.12109375,15238.095703125,15317.4599609375,15119.0478515625,15238.095703125,6088950
2023-09-18,13642.14453125,15039.6826171875,15238.095703125,14920.634765625,15238.095703125,6694632
2023-09-19,13714.1357421875,15119.0478515625,15158.73046875,14880.9521484375,14920.634765625,7639380
2023-09-20,14038.0908203125,15476.1904296875,15555.5556640625,14960.3173828125,15039.6826171875,17997966
2023-09-21,13714.1357421875,15119.0478515625,15515.873046875,15119.0478515625,15476.1904296875,6985818
2023-09-22,13354.1845703125,14722.22265625,15039.6826171875,14563.4921875,14960.3173828125,11235924
2023-09-25,12958.2373046875,14285.7138671875,14841.26953125,14285.7138671875,14722.22265625,7747488
2023-09-26,12742.2666015625,14047.619140625,14484.126953125,14047.619140625,14285.7138671875,9074646
2023-09-27,12814.2568359375,14126.984375,14166.6669921875,13809.5234375,14047.619140625,7246008
2023-09-28,12994.232421875,14325.396484375,14365.0791015625,13690.4765625,14126.984375,8049132
2023-09-29,12850.251953125,14166.6669921875,14365.0791015625,14126.984375,14325.396484375,5020092
2023-10-02,12598.2861328125,13888.888671875,14206.349609375,13888.888671875,14166.6669921875,5251806
2023-10-03,12022.3642578125,13253.9677734375,13809.5234375,13253.9677734375,13809.5234375,9841356
2023-10-04,11950.375,13174.603515625,13492.0634765625,13095.23828125,13095.23828125,4462290
2023-10-05,11914.3798828125,13134.9208984375,13412.6982421875,13095.23828125,13412.6982421875,4203612
2023-10-06,12094.35546875,13333.3330078125,13373.015625,13095.23828125,13134.9208984375,5596290
2023-10-09,12130.3505859375,13373.015625,13531.74609375,13253.9677734375,13333.3330078125,6182946
2023-10-10,12058.3603515625,13293.650390625,13492.0634765625,13293.650390625,13492.0634765625,5409306
2023-10-11,12058.3603515625,13293.650390625,13373.015625,13214.2861328125,13333.3330078125,4054554
2023-10-12,12382.31640625,13650.7939453125,13650.7939453125,13293.650390625,13373.015625,6580728
2023-10-13,12418.3115234375,13690.4765625,13769.8408203125,13452.380859375,13492.0634765625,9460710
2023-10-16,12094.35546875,13333.3330078125,13650.7939453125,13293.650390625,13650.7939453125,5953374
2023-10-17,11878.384765625,13095.23828125,13452.380859375,13095.23828125,13333.3330078125,4320792
2023-10-18,11698.4091796875,12896.8251953125,13174.603515625,12658.73046875,13134.9208984375,6851628
2023-10-19,11626.41796875,12817.4599609375,12936.5078125,12738.095703125,12896.8251953125,3115854
2023-10-20,11878.384765625,13095.23828125,13134.9208984375,12777.77734375,12777.77734375,3384234
2023-10-23,11842.3896484375,13055.5556640625,13293.650390625,12976.1904296875,13095.23828125,5739552
2023-10-24,12094.35546875,13333.3330078125,13373.015625,13055.5556640625,13095.23828125,5368608
2023-10-25,12058.3603515625,13293.650390625,13412.6982421875,13174.603515625,13333.3330078125,5272722
2023-10-26,11518.43359375,12698.4130859375,13174.603515625,12420.634765625,13015.873046875,8743014
2023-10-27,11662.4140625,12857.142578125,12936.5078125,12619.0478515625,12698.4130859375,2840040
2023-10-30,11518.43359375,12698.4130859375,12976.1904296875,12698.4130859375,12857.142578125,5403510
2023-10-31,11374.453125,12539.6826171875,12777.77734375,12539.6826171875,12777.77734375,3698352
2023-11-01,11374.453125,12539.6826171875,12658.73046875,12380.9521484375,12658.73046875,4011084
2023-11-02,11806.39453125,13015.873046875,13253.9677734375,12738.095703125,12738.095703125,9580788
2023-11-03,11554.4287109375,12738.095703125,13214.2861328125,12738.095703125,13174.603515625,7226856
2023-11-06,11950.375,13174.603515625,13293.650390625,12857.142578125,13055.5556640625,5519430
2023-11-07,11914.3798828125,13134.9208984375,13293.650390625,13055.5556640625,13095.23828125,4671702
2023-11-08,12418.3115234375,13690.4765625,13888.888671875,13095.23828125,13134.9208984375,10848852
2023-11-09,12310.326171875,13571.4287109375,13849.2060546875,13531.74609375,13769.8408203125,6909336
2023-11-10,12238.3359375,13492.0634765625,13730.1591796875,13412.6982421875,13492.0634765625,7454412
2023-11-13,12418.3115234375,13690.4765625,13690.4765625,13412.6982421875,13492.0634765625,5333958
2023-11-14,12526.296875,13809.5234375,14166.6669921875,13690.4765625,13888.888671875,15754662
2023-11-15,12742.2666015625,14047.619140625,14206.349609375,13809.5234375,13849.2060546875,12239640
2023-11-16,12598.2861328125,13888.888671875,13968.25390625,13690.4765625,13968.25390625,6576066
2023-11-17,12238.3359375,13492.0634765625,14007.9365234375,13412.6982421875,13888.888671875,9364446
2023-11-20,12382.31640625,13650.7939453125,13809.5234375,13214.2861328125,13253.9677734375,5948712
2023-11-21,12274.3310546875,13531.74609375,13809.5234375,13492.0634765625,13650.7939453125,3295530
2023-11-22,12310.326171875,13571.4287109375,13650.7939453125,13492.0634765625,13531.74609375,2903292
2023-11-23,12238.3359375,13492.0634765625,13809.5234375,13492.0634765625,13650.7939453125,8762922
2023-11-24,12238.3359375,13492.0634765625,13531.74609375,13293.650390625,13531.74609375,4470606
2023-11-27,11986.3701171875,13214.2861328125,13492.0634765625,13214.2861328125,13452.380859375,3923262
2023-11-28,12058.3603515625,13293.650390625,13373.015625,13095.23828125,13214.2861328125,3157056
2023-11-29,12130.3505859375,13373.015625,13452.380859375,13253.9677734375,13293.650390625,3108294
2023-11-30,12238.3359375,13492.0634765625,13571.4287109375,13293.650390625,13293.650390625,10932516
2023-12-01,12310.326171875,13571.4287109375,13611.111328125,13373.015625,13531.74609375,11575368
2023-12-04,12382.31640625,13650.7939453125,13849.2060546875,13571.4287109375,13611.111328125,14060466
2023-12-05,12274.3310546875,13531.74609375,13690.4765625,13531.74609375,13690.4765625,5656896
2023-12-06,12562.291015625,13849.2060546875,13968.25390625,13531.74609375,13571.4287109375,17643276
2023-12-07,12634.28125,13928.5712890625,13968.25390625,13690.4765625,13888.888671875,18997146
2023-12-08,12562.291015625,13849.2060546875,14047.619140625,13809.5234375,13888.888671875,5967360
2023-12-11,12490.3017578125,13769.8408203125,13928.5712890625,13769.8408203125,13849.2060546875,5456052
2023-12-12,12490.3017578125,13769.8408203125,13849.2060546875,13690.4765625,13809.5234375,3043152
2023-12-13,12238.3359375,13492.0634765625,13809.5234375,13492.0634765625,13809.5234375,4200840
2023-12-14,12166.345703125,13412.6982421875,13650.7939453125,13373.015625,13571.4287109375,4193658
2023-12-15,12202.3408203125,13452.380859375,13531.74609375,13373.015625,13492.0634765625,4258674
2023-12-18,12166.345703125,13412.6982421875,13492.0634765625,13293.650390625,13412.6982421875,3876138
2023-12-19,12238.3359375,13492.0634765625,13492.0634765625,13293.650390625,13333.3330078125,3059784
2023-12-20,12166.345703125,13412.6982421875,13492.0634765625,13373.015625,13412.6982421875,3558996
2023-12-21,12166.345703125,13412.6982421875,13412.6982421875,13253.9677734375,13412.6982421875,2641968
2023-12-22,12166.345703125,13412.6982421875,13452.380859375,13293.650390625,13412.6982421875,2989854
2023-12-25,12274.3310546875,13531.74609375,13571.4287109375,13412.6982421875,13412.6982421875,3208968
2023-12-26,12238.3359375,13492.0634765625,13571.4287109375,13452.380859375,13571.4287109375,2556918
2023-12-27,12490.3017578125,13769.8408203125,13769.8408203125,13492.0634765625,13492.0634765625,6748182
2023-12-28,12454.306640625,13730.1591796875,13769.8408203125,13611.111328125,13730.1591796875,4911732
2023-12-29,12526.296875,13809.5234375,13849.2060546875,13690.4765625,13809.5234375,3838968
2024-01-01,12526.296875,13809.5234375,13809.5234375,13809.5234375,13809.5234375,0
2024-01-02,12454.306640625,13730.1591796875,13888.888671875,13690.4765625,13849.2060546875,8783082
2024-01-03,12562.291015625,13849.2060546875,13849.2060546875,13571.4287109375,13690.4765625,9014670
2024-01-04,12886.248046875,14206.349609375,14444.4443359375,13809.5234375,13888.888671875,38553480
2024-01-05,12958.2373046875,14285.7138671875,14404.76171875,14087.3017578125,14206.349609375,13890870
2024-01-08,12922.2431640625,14246.0322265625,14444.4443359375,14126.984375,14444.4443359375,12766572
2024-01-09,12778.26171875,14087.3017578125,14325.396484375,14047.619140625,14285.7138671875,13234788
2024-01-10,13318.189453125,14682.5400390625,14761.904296875,14087.3017578125,14126.984375,30512916
2024-01-11,13318.189453125,14682.5400390625,15079.365234375,14563.4921875,14682.5400390625,22824396
2024-01-12,13354.1845703125,14722.22265625,14920.634765625,14404.76171875,14563.4921875,23813496
2024-01-15,13174.2080078125,14523.8095703125,14920.634765625,14523.8095703125,14880.9521484375,8773506
2024-01-16,13390.1787109375,14761.904296875,14761.904296875,14444.4443359375,14444.4443359375,11759958
2024-01-17,13210.203125,14563.4921875,14841.26953125,14563.4921875,14722.22265625,9390780
2024-01-18,13282.1943359375,14642.857421875,14642.857421875,14444.4443359375,14563.4921875,6764940
2024-01-19,13390.1787109375,14761.904296875,14801.5869140625,14603.1748046875,14642.857421875,7118370
2024-01-22,13426.173828125,14801.5869140625,14841.26953125,14642.857421875,14761.904296875,11084094
2024-01-23,13390.1787109375,14761.904296875,14920.634765625,14682.5400390625,14801.5869140625,11869452
2024-01-24,13174.2080078125,14523.8095703125,14722.22265625,14484.126953125,14722.22265625,11563020
2024-01-25,13174.2080078125,14523.8095703125,14523.8095703125,14523.8095703125,14523.8095703125,0
2024-01-26,13174.2080078125,14523.8095703125,14682.5400390625,14404.76171875,14444.4443359375,4911984
2024-01-29,13066.22265625,14404.76171875,14603.1748046875,14404.76171875,14523.8095703125,3713850
2024-01-30,13174.2080078125,14523.8095703125,14642.857421875,14404.76171875,14404.76171875,8847216
2024-01-31,12850.251953125,14166.6669921875,14642.857421875,14126.984375,14642.857421875,11158056
2024-02-01,12850.251953125,14166.6669921875,14325.396484375,14126.984375,14166.6669921875,6370434
2024-02-02,12850.251953125,14166.6669921875,14166.6669921875,14166.6669921875,14166.6669921875,0
2024-02-05,13066.22265625,14404.76171875,14484.126953125,13888.888671875,13888.888671875,23577246
2024-02-06,13030.2275390625,14365.0791015625,14563.4921875,14365.0791015625,14484.126953125,12544686
2024-02-07,13318.189453125,14682.5400390625,14761.904296875,14365.0791015625,14365.0791015625,18490752
2024-02-08,13318.189453125,14682.5400390625,14682.5400390625,14682.5400390625,14682.5400390625,0
2024-02-09,13318.189453125,14682.5400390625,14682.5400390625,14682.5400390625,14682.5400390625,0
2024-02-12,13318.189453125,14682.5400390625,14682.5400390625,14682.5400390625,14682.5400390625,0
2024-02-13,13318.189453125,14682.5400390625,14682.5400390625,14682.5400390625,14682.5400390625,0
2024-02-14,13318.189453125,14682.5400390625,14682.5400390625,14682.5400390625,14682.5400390625,0
2024-02-15,13570.154296875,14960.3173828125,15198.4130859375,14761.904296875,14801.5869140625,32630598
2024-02-16,13606.1494140625,15000.0,15119.0478515625,14920.634765625,15000.0,18094860
2024-02-19,13534.1591796875,14920.634765625,15039.6826171875,14801.5869140625,15000.0,11061162
2024-02-20,13498.1640625,14880.9521484375,14960.3173828125,14801.5869140625,14880.9521484375,11733876
2024-02-21,14038.0908203125,15476.1904296875,15476.1904296875,14722.22265625,14880.9521484375,40058424
2024-02-22,14074.0859375,15515.873046875,15674.603515625,15238.095703125,15476.1904296875,19711062
2024-02-23,13750.130859375,15158.73046875,15952.380859375,15158.73046875,15555.5556640625,54936000
2024-02-26,13786.1259765625,15198.4130859375,15317.4599609375,15039.6826171875,15119.0478515625,10333260
2024-02-27,13786.1259765625,15198.4130859375,15317.4599609375,14960.3173828125,15198.4130859375,19238436
2024-02-28,14398.041015625,15873.015625,15873.015625,15158.73046875,15277.77734375,32255748
2024-02-29,14290.0556640625,15753.9677734375,16071.4287109375,15634.9208984375,15873.015625,37996434
2024-03-01,14290.0556640625,15753.9677734375,15833.3330078125,15515.873046875,15753.9677734375,17994312
2024-03-04,14110.0810546875,15555.5556640625,15833.3330078125,15476.1904296875,15793.650390625,18949518
2024-03-05,13966.1005859375,15396.8251953125,15555.5556640625,15317.4599609375,15555.5556640625,15489558
2024-03-06,13822.12109375,15238.095703125,15595.23828125,15158.73046875,15396.8251953125,12618018
2024-03-07,13858.115234375,15277.77734375,15357.142578125,15198.4130859375,15357.142578125,11509974
2024-03-08,13390.1787109375,14761.904296875,15317.4599609375,14761.904296875,15277.77734375,27796860
2024-03-11,13318.189453125,14682.5400390625,14920.634765625,14603.1748046875,14722.22265625,13901706
2024-03-12,13318.189453125,14682.5400390625,14841.26953125,14642.857421875,14682.5400390625,10054548
2024-03-13,13678.140625,15079.365234375,15079.365234375,14642.857421875,14682.5400390625,9628668
2024-03-14,13498.1640625,14880.9521484375,15119.0478515625,14761.904296875,15079.365234375,9669618
2024-03-15,13534.1591796875,14920.634765625,15079.365234375,14642.857421875,14841.26953125,11337102
2024-03-18,13174.2080078125,14523.8095703125,15079.365234375,14047.619140625,15079.365234375,17260488
2024-03-19,13102.2177734375,14444.4443359375,14603.1748046875,14444.4443359375,14523.8095703125,5520312
2024-03-20,13390.1787109375,14761.904296875,14880.9521484375,14246.0322265625,14444.4443359375,20131146
2024-03-21,13498.1640625,14880.9521484375,14960.3173828125,14682.5400390625,14920.634765625,11568564
2024-03-22,13498.1640625,14880.9521484375,15277.77734375,14801.5869140625,14920.634765625,22636656
2024-03-25,13678.140625,15079.365234375,15277.77734375,14841.26953125,14920.634765625,22151556
2024-03-26,13786.1259765625,15198.4130859375,15238.095703125,15000.0,15079.365234375,13660416
2024-03-27,13822.12109375,15238.095703125,15277.77734375,15079.365234375,15238.095703125,7596540
2024-03-28,13750.130859375,15158.73046875,15476.1904296875,15079.365234375,15396.8251953125,12767328
2024-03-29,13750.130859375,15158.73046875,15238.095703125,15079.365234375,15238.095703125,7277004
2024-04-01,13498.1640625,14880.9521484375,15119.0478515625,14801.5869140625,15079.365234375,12622050
2024-04-02,13570.154296875,14960.3173828125,14960.3173828125,14523.8095703125,14801.5869140625,13050450
2024-04-03,13318.189453125,14682.5400390625,14920.634765625,14642.857421875,14920.634765625,10334268
2024-04-04,13246.1982421875,14603.1748046875,14722.22265625,14523.8095703125,14682.5400390625,14371182
2024-04-05,13102.2177734375,14444.4443359375,14563.4921875,14365.0791015625,14444.4443359375,12133422
2024-04-08,13138.212890625,14484.126953125,14761.904296875,14365.0791015625,14444.4443359375,14698908
2024-04-09,13390.1787109375,14761.904296875,14761.904296875,14404.76171875,14563.4921875,5601456
2024-04-10,13210.203125,14563.4921875,14801.5869140625,14563.4921875,14801.5869140625,5377050
2024-04-11,13210.203125,14563.4921875,14563.4921875,14365.0791015625,14365.0791015625,8656200
2024-04-12,13462.1689453125,14841.26953125,14841.26953125,14484.126953125,14563.4921875,13834926
2024-04-15,12598.2861328125,13888.888671875,14801.5869140625,13888.888671875,14642.857421875,15482880
2024-04-16,12670.2763671875,13968.25390625,14087.3017578125,13492.0634765625,13888.888671875,21159684
2024-04-17,12238.3359375,13492.0634765625,14047.619140625,13492.0634765625,14047.619140625,7807590
2024-04-18,12238.3359375,13492.0634765625,13492.0634765625,13492.0634765625,13492.0634765625,0
2024-04-19,11950.375,13174.603515625,13571.4287109375,13015.873046875,13452.380859375,10660104
2024-04-22,12598.2861328125,13888.888671875,13928.5712890625,13333.3330078125,13492.0634765625,15918966
2024-04-23,12418.3115234375,13690.4765625,13968.25390625,13611.111328125,13809.5234375,7967862
2024-04-24,12958.2373046875,14285.7138671875,14285.7138671875,13888.888671875,13928.5712890625,14979006
2024-04-25,12922.2431640625,14246.0322265625,14285.7138671875,14047.619140625,14246.0322265625,6229692
2024-04-26,12886.248046875,14206.349609375,14246.0322265625,14007.9365234375,14007.9365234375,3894408
2024-04-29,12886.248046875,14206.349609375,14206.349609375,14206.349609375,14206.349609375,0
2024-04-30,12886.248046875,14206.349609375,14206.349609375,14206.349609375,14206.349609375,0
2024-05-01,12886.248046875,14206.349609375,14206.349609375,14206.349609375,14206.349609375,0
2024-05-02,12706.271484375,14007.9365234375,14246.0322265625,14007.9365234375,14206.349609375,2100420
2024-05-03,12598.2861328125,13888.888671875,14206.349609375,13888.888671875,14087.3017578125,9897426
2024-05-06,12814.2568359375,14126.984375,14206.349609375,13968.25390625,14047.619140625,5086116
2024-05-07,12778.26171875,14087.3017578125,14166.6669921875,13968.25390625,14166.6669921875,3242610
2024-05-08,12778.26171875,14087.3017578125,14126.984375,13928.5712890625,14047.619140625,5250672
2024-05-09,13066.22265625,14404.76171875,14603.1748046875,14047.619140625,14126.984375,19574856
2024-05-10,13030.2275390625,14365.0791015625,14523.8095703125,14285.7138671875,14444.4443359375,10481940
2024-05-13,12958.2373046875,14285.7138671875,14563.4921875,14206.349609375,14365.0791015625,7361676
2024-05-14,12958.2373046875,14285.7138671875,14444.4443359375,14206.349609375,14325.396484375,5526108
2024-05-15,12922.2431640625,14246.0322265625,14444.4443359375,14206.349609375,14444.4443359375,11952612
2024-05-16,13210.203125,14563.4921875,14603.1748046875,14285.7138671875,14444.4443359375,12143376
2024-05-17,13246.1982421875,14603.1748046875,14801.5869140625,14484.126953125,14603.1748046875,15288210
2024-05-20,13282.1943359375,14642.857421875,14761.904296875,14603.1748046875,14603.1748046875,17339490
2024-05-21,13210.203125,14563.4921875,14682.5400390625,14444.4443359375,14682.5400390625,5605362
2024-05-22,13066.22265625,14404.76171875,14642.857421875,14365.0791015625,14603.1748046875,7754040
2024-05-23,13174.2080078125,14523.8095703125,14523.8095703125,14325.396484375,14404.76171875,6376230
2024-05-24,12778.26171875,14087.3017578125,14563.4921875,13968.25390625,14285.7138671875,19653858
2024-05-27,12742.2666015625,14047.619140625,14206.349609375,13928.5712890625,14087.3017578125,7295526
2024-05-28,12850.251953125,14166.6669921875,14206.349609375,14047.619140625,14126.984375,5615316
2024-05-29,12742.2666015625,14047.619140625,14206.349609375,14047.619140625,14206.349609375,5896422
2024-05-30,12742.2666015625,14047.619140625,14087.3017578125,13888.888671875,14047.619140625,8011584
2024-05-31,12706.271484375,14007.9365234375,14126.984375,13928.5712890625,14047.619140625,4896360
2024-06-03,12706.271484375,14007.9365234375,14007.9365234375,14007.9365234375,14007.9365234375,0
2024-06-04,12994.232421875,14325.396484375,14444.4443359375,14285.7138671875,14404.76171875,5623884
2024-06-05,12958.2373046875,14285.7138671875,14404.76171875,14246.0322265625,14325.396484375,5109552
2024-06-06,13138.212890625,14484.126953125,14563.4921875,14246.0322265625,14285.7138671875,10518228
2024-06-07,13030.2275390625,14365.0791015625,14603.1748046875,14365.0791015625,14523.8095703125,4383918
2024-06-10,13210.203125,14563.4921875,14761.904296875,14444.4443359375,14484.126953125,16501968
2024-06-11,13102.2177734375,14444.4443359375,14682.5400390625,14404.76171875,14603.1748046875,5727582
2024-06-12,13282.1943359375,14642.857421875,14682.5400390625,14404.76171875,14444.4443359375,8499330
2024-06-13,13678.140625,15079.365234375,15158.73046875,14642.857421875,14682.5400390625,55439748
2024-06-14,13426.173828125,14801.5869140625,15158.73046875,14801.5869140625,15079.365234375,15006852
2024-06-17,13354.1845703125,14722.22265625,14841.26953125,14603.1748046875,14841.26953125,11620980
2024-06-18,13390.1787109375,14761.904296875,14880.9521484375,14682.5400390625,14880.9521484375,9982098
2024-06-19,13354.1845703125,14722.22265625,14880.9521484375,14603.1748046875,14841.26953125,10649520
2024-06-20,13502.15234375,14484.126953125,14523.8095703125,14285.7138671875,14523.8095703125,11252052
2024-06-21,13391.17578125,14365.0791015625,14563.4921875,14325.396484375,14404.76171875,9419004
2024-06-24,12873.28515625,13809.5234375,14365.0791015625,13809.5234375,14325.396484375,12590676
2024-06-25,12984.26171875,13928.5712890625,13968.25390625,13809.5234375,13928.5712890625,5283306
2024-06-26,12984.26171875,13928.5712890625,13928.5712890625,13730.1591796875,13888.888671875,5560002
2024-06-27,12910.27734375,13849.2060546875,13928.5712890625,13769.8408203125,13849.2060546875,3614058
2024-06-28,12725.31640625,13650.7939453125,13888.888671875,13571.4287109375,13690.4765625,6847848
2024-07-01,12836.29296875,13769.8408203125,13769.8408203125,13611.111328125,13650.7939453125,2901780
2024-07-02,12910.27734375,13849.2060546875,13968.25390625,13769.8408203125,13769.8408203125,3441438
2024-07-03,12984.26171875,13928.5712890625,14047.619140625,13849.2060546875,13888.888671875,4370058
2024-07-04,13058.24609375,14007.9365234375,14126.984375,13928.5712890625,13968.25390625,5976810
2024-07-05,13095.23828125,14047.619140625,14047.619140625,13849.2060546875,14007.9365234375,3189942
2024-07-08,13132.23046875,14087.3017578125,14325.396484375,14047.619140625,14047.619140625,16106454
2024-07-09,13243.2080078125,14206.349609375,14285.7138671875,14047.619140625,14087.3017578125,9773316
2024-07-10,13206.21484375,14166.6669921875,14285.7138671875,13968.25390625,14285.7138671875,6208524
2024-07-11,13243.2080078125,14206.349609375,14325.396484375,14087.3017578125,14206.349609375,11711952
2024-07-12,13280.2001953125,14246.0322265625,14285.7138671875,14126.984375,14206.349609375,5369238
2024-07-15,13058.24609375,14007.9365234375,14285.7138671875,13968.25390625,14246.0322265625,3702510
2024-07-16,13206.21484375,14166.6669921875,14325.396484375,14047.619140625,14047.619140625,5972652
2024-07-17,13206.21484375,14166.6669921875,14523.8095703125,14047.619140625,14166.6669921875,13816782
2024-07-18,13317.19140625,14285.7138671875,14285.7138671875,14047.619140625,14246.0322265625,4626972
2024-07-19,13613.12890625,14603.1748046875,14722.22265625,14206.349609375,14285.7138671875,54037620
2024-07-22,13761.09765625,14761.904296875,15000.0,14523.8095703125,14603.1748046875,41199102
2024-07-23,13132.23046875,14087.3017578125,14841.26953125,13730.1591796875,14801.5869140625,17876754
2024-07-24,13280.2001953125,14246.0322265625,14365.0791015625,13888.888671875,14007.9365234375,20423592
2024-07-25,13169.22265625,14126.984375,14285.7138671875,14047.619140625,14047.619140625,9489060
2024-07-26,13206.21484375,14166.6669921875,14285.7138671875,14126.984375,14206.349609375,7000686
2024-07-29,13391.17578125,14365.0791015625,14523.8095703125,14246.0322265625,14285.7138671875,16677612
2024-07-30,13317.19140625,14285.7138671875,14444.4443359375,14126.984375,14365.0791015625,6450066
2024-07-31,13428.16796875,14404.76171875,14722.22265625,14285.7138671875,14325.396484375,27238680
2024-08-01,13095.23828125,14047.619140625,14484.126953125,13888.888671875,14444.4443359375,17925768
2024-08-02,13132.23046875,14087.3017578125,14087.3017578125,13769.8408203125,13888.888671875,15128946
2024-08-05,12429.37890625,13333.3330078125,13928.5712890625,13333.3330078125,13730.1591796875,22459374
2024-08-06,12836.29296875,13769.8408203125,13888.888671875,13373.015625,13531.74609375,12364002
2024-08-07,12614.33984375,13531.74609375,13968.25390625,13492.0634765625,13769.8408203125,17562762
2024-08-08,12503.36328125,13412.6982421875,13650.7939453125,13373.015625,13531.74609375,7717122
2024-08-09,12651.33203125,13571.4287109375,13769.8408203125,13492.0634765625,13650.7939453125,16668540
2024-08-12,12762.30859375,13690.4765625,13730.1591796875,13492.0634765625,13571.4287109375,5205186
2024-08-13,12762.30859375,13690.4765625,13888.888671875,13611.111328125,13690.4765625,9074520
2024-08-14,12725.31640625,13650.7939453125,13769.8408203125,13650.7939453125,13769.8408203125,3427326
2024-08-15,12651.33203125,13571.4287109375,13730.1591796875,13571.4287109375,13650.7939453125,4752846
2024-08-16,12947.26953125,13888.888671875,13928.5712890625,13611.111328125,13611.111328125,10297602
2024-08-19,12947.26953125,13888.888671875,14007.9365234375,13769.8408203125,13888.888671875,10495926
2024-08-20,12984.26171875,13928.5712890625,14047.619140625,13888.888671875,13888.888671875,11195730
2024-08-21,13243.2080078125,14206.349609375,14206.349609375,13888.888671875,13928.5712890625,21076272
2024-08-22,13317.19140625,14285.7138671875,14444.4443359375,14206.349609375,14285.7138671875,10061100
2024-08-23,13243.2080078125,14206.349609375,14285.7138671875,14047.619140625,14285.7138671875,10140480
2024-08-26,13169.22265625,14126.984375,14444.4443359375,14126.984375,14206.349609375,14879844
2024-08-27,13132.23046875,14087.3017578125,14206.349609375,14047.619140625,14126.984375,5624388
2024-08-28,13132.23046875,14087.3017578125,14285.7138671875,14047.619140625,14126.984375,10122336
2024-08-29,13206.21484375,14166.6669921875,14325.396484375,14087.3017578125,14087.3017578125,9247518
2024-08-30,13243.2080078125,14206.349609375,14285.7138671875,14126.984375,14166.6669921875,8815968
2024-09-02,13243.2080078125,14206.349609375,14206.349609375,14206.349609375,14206.349609375,0
2024-09-03,13243.2080078125,14206.349609375,14206.349609375,14206.349609375,14206.349609375,0
2024-09-04,13058.24609375,14007.9365234375,14087.3017578125,13888.888671875,13968.25390625,9557604
2024-09-05,13021.25390625,13968.25390625,14126.984375,13928.5712890625,14087.3017578125,6129270
2024-09-06,13095.23828125,14047.619140625,14206.349609375,13928.5712890625,14007.9365234375,9332946
2024-09-09,13021.25390625,13968.25390625,14087.3017578125,13928.5712890625,14007.9365234375,3821328
2024-09-10,13169.22265625,14126.984375,14325.396484375,14047.619140625,14047.619140625,21276360
2024-09-11,13206.21484375,14166.6669921875,14246.0322265625,14047.619140625,14206.349609375,4958604
2024-09-12,13428.16796875,14404.76171875,14563.4921875,14206.349609375,14285.7138671875,36387414
2024-09-13,13428.16796875,14404.76171875,14484.126953125,14325.396484375,14444.4443359375,7702002
2024-09-16,13317.19140625,14285.7138671875,14563.4921875,14206.349609375,14404.76171875,18015102
2024-09-17,13428.16796875,14404.76171875,14404.76171875,14206.349609375,14285.7138671875,6160266
2024-09-18,13502.15234375,14484.126953125,14603.1748046875,14325.396484375,14484.126953125,20138328
2024-09-19,13502.15234375,14484.126953125,14682.5400390625,14484.126953125,14523.8095703125,19145070
2024-09-20,13391.17578125,14365.0791015625,14682.5400390625,14325.396484375,14563.4921875,31341870
2024-09-23,13539.14453125,14523.8095703125,14857.142578125,14523.8095703125,14571.4287109375,12526395
2024-09-24,13672.3173828125,14666.6669921875,14666.6669921875,14428.5712890625,14571.4287109375,5607630
2024-09-25,13849.87890625,14857.142578125,14904.76171875,14714.2861328125,14761.904296875,12324900
2024-09-26,14782.08203125,15857.142578125,15857.142578125,14809.5234375,14952.380859375,63861630
2024-09-27,15004.0361328125,16095.23828125,16380.9521484375,15809.5234375,16190.4765625,63295995
2024-09-30,15270.3798828125,16380.9521484375,16619.046875,16047.619140625,16095.23828125,39755100
2024-10-01,15181.59765625,16285.7138671875,16571.427734375,16142.857421875,16380.9521484375,31546935
2024-10-02,15536.72265625,16666.666015625,16761.904296875,16238.095703125,16428.572265625,34774530
2024-10-03,15536.72265625,16666.666015625,17238.095703125,16523.80859375,16761.904296875,54109125
2024-10-04,15314.771484375,16428.572265625,16857.142578125,16380.9521484375,16857.142578125,21485520
2024-10-07,15536.72265625,16666.666015625,16761.904296875,16428.572265625,16619.046875,17558415
2024-10-08,15581.11328125,16714.28515625,17238.095703125,16714.28515625,16857.142578125,33631290
2024-10-09,15625.50390625,16761.904296875,16857.142578125,16571.427734375,16761.904296875,15840615
2024-10-10,15492.33203125,16619.046875,17190.4765625,16571.427734375,16952.380859375,36194760
2024-10-11,15536.72265625,16666.666015625,16666.666015625,16428.572265625,16619.046875,13799520
2024-10-14,15492.33203125,16619.046875,16857.142578125,16523.80859375,16761.904296875,14552895
2024-10-15,15492.33203125,16619.046875,16952.380859375,16571.427734375,16761.904296875,15625050
2024-10-16,15536.72265625,16666.666015625,16714.28515625,16523.80859375,16571.427734375,9036615
2024-10-17,15891.8486328125,17047.619140625,17095.23828125,16476.19140625,16714.28515625,23602530
2024-10-18,15803.0673828125,16952.380859375,17238.095703125,16904.76171875,17142.857421875,30993900
2024-10-21,15536.72265625,16666.666015625,16952.380859375,16666.666015625,16809.5234375,13517280
2024-10-22,15359.162109375,16476.19140625,16952.380859375,16333.3330078125,16571.427734375,32593260
2024-10-23,15669.8955078125,16809.5234375,16904.76171875,16380.9521484375,16523.80859375,18902310
2024-10-24,15137.2080078125,16238.095703125,17000.0,16238.095703125,16904.76171875,19233480
2024-10-25,15137.2080078125,16238.095703125,16476.19140625,16190.4765625,16333.3330078125,17746575
2024-10-28,15270.3798828125,16380.9521484375,16380.9521484375,16238.095703125,16238.095703125,8315580
2024-10-29,15181.59765625,16285.7138671875,16523.80859375,16285.7138671875,16428.572265625,10250520
2024-10-30,15314.771484375,16428.572265625,16428.572265625,16190.4765625,16333.3330078125,11673690
2024-10-31,15359.162109375,16476.19140625,16714.28515625,16238.095703125,16333.3330078125,20901090
2024-11-01,15137.2080078125,16238.095703125,16476.19140625,16238.095703125,16380.9521484375,13717200
2024-11-04,14693.30078125,15761.904296875,16285.7138671875,15714.2861328125,16238.095703125,28362285
2024-11-05,14693.30078125,15761.904296875,15904.76171875,15714.2861328125,15761.904296875,9721215
2024-11-06,15048.4267578125,16142.857421875,16238.095703125,15761.904296875,15904.76171875,12639270
2024-11-07,14915.2548828125,16000.0,16238.095703125,15952.380859375,16238.095703125,7178850
2024-11-08,14782.08203125,15857.142578125,16095.23828125,15761.904296875,16095.23828125,9098460
2024-11-11,14382.56640625,15428.5712890625,15857.142578125,15238.095703125,15809.5234375,32228805
2024-11-12,14293.78515625,15333.3330078125,15523.8095703125,15285.7138671875,15523.8095703125,9742005
2024-11-13,14338.17578125,15380.9521484375,15428.5712890625,14952.380859375,15285.7138671875,18195345
2024-11-14,13983.05078125,15000.0,15523.8095703125,15000.0,15285.7138671875,11183970
2024-11-15,13849.87890625,14857.142578125,15000.0,14761.904296875,14857.142578125,17031420
2024-11-18,14205.0048828125,15238.095703125,15333.3330078125,14809.5234375,14857.142578125,17018715
2024-11-19,14027.4423828125,15047.619140625,15285.7138671875,15047.619140625,15190.4765625,10457370
2024-11-20,14249.39453125,15285.7138671875,15571.4287109375,14952.380859375,14952.380859375,11944065
2024-11-21,14426.9580078125,15476.1904296875,15476.1904296875,15285.7138671875,15380.9521484375,6328560
2024-11-22,14293.78515625,15333.3330078125,15523.8095703125,15333.3330078125,15428.5712890625,7167720
2024-11-25,14338.17578125,15380.9521484375,15476.1904296875,15285.7138671875,15380.9521484375,5699925
2024-11-26,14338.17578125,15380.9521484375,15619.0478515625,15380.9521484375,15380.9521484375,7762755
2024-11-27,14338.17578125,15380.9521484375,15523.8095703125,15333.3330078125,15380.9521484375,5131245
2024-11-28,14426.9580078125,15476.1904296875,15714.2861328125,15428.5712890625,15476.1904296875,11782365
2024-11-29,14382.56640625,15428.5712890625,15571.4287109375,15428.5712890625,15476.1904296875,5157600
2024-12-02,14293.78515625,15333.3330078125,15666.6669921875,15333.3330078125,15571.4287109375,7132650
2024-12-03,14205.0048828125,15238.095703125,15428.5712890625,15238.095703125,15380.9521484375,6881385
2024-12-04,14027.4423828125,15047.619140625,15285.7138671875,15047.619140625,15285.7138671875,8411445
2024-12-05,14604.5205078125,15666.6669921875,15666.6669921875,15000.0,15095.23828125,12324375
2024-12-06,14426.9580078125,15476.1904296875,15714.2861328125,15476.1904296875,15714.2861328125,10213455
2024-12-09,14560.1298828125,15619.0478515625,15714.2861328125,15476.1904296875,15571.4287109375,8839425
2024-12-10,14515.7392578125,15571.4287109375,15714.2861328125,15571.4287109375,15619.0478515625,5227740
2024-12-11,14471.3486328125,15523.8095703125,15714.2861328125,15428.5712890625,15619.0478515625,6628545
2024-12-12,14515.7392578125,15571.4287109375,15857.142578125,15476.1904296875,15571.4287109375,18225270
2024-12-13,14426.9580078125,15476.1904296875,15666.6669921875,15476.1904296875,15571.4287109375,4814880
2024-12-16,14382.56640625,15428.5712890625,15619.0478515625,15380.9521484375,15476.1904296875,10341030
2024-12-17,14382.56640625,15428.5712890625,15523.8095703125,15380.9521484375,15428.5712890625,4478670
2024-12-18,14426.9580078125,15476.1904296875,15523.8095703125,15333.3330078125,15428.5712890625,5675985
2024-12-19,14205.0048828125,15238.095703125,15380.9521484375,15190.4765625,15285.7138671875,11324670
2024-12-20,14116.2236328125,15142.857421875,15285.7138671875,15142.857421875,15285.7138671875,5851440
2024-12-23,14249.39453125,15285.7138671875,15428.5712890625,15238.095703125,15380.9521484375,6585705
2024-12-24,14249.39453125,15285.7138671875,15380.9521484375,15238.095703125,15285.7138671875,6246660
2024-12-25,14560.1298828125,15619.0478515625,16047.619140625,15285.7138671875,15333.3330078125,15251880
2024-12-26,14693.30078125,15761.904296875,15809.5234375,15571.4287109375,15571.4287109375,7205625
2024-12-27,14870.8642578125,15952.380859375,16238.095703125,15761.904296875,15809.5234375,29186220
2024-12-30,14782.08203125,15857.142578125,16095.23828125,15714.2861328125,16000.0,7069230
2024-12-31,14782.08203125,15857.142578125,16000.0,15714.2861328125,15857.142578125,8326500
2025-01-01,14782.08203125,15857.142578125,15857.142578125,15857.142578125,15857.142578125,0
2025-01-02,14693.30078125,15761.904296875,15904.76171875,15619.0478515625,15904.76171875,5407080
2025-01-03,14382.56640625,15428.5712890625,15761.904296875,15428.5712890625,15714.2861328125,10157910
2025-01-06,14249.39453125,15285.7138671875,15523.8095703125,15238.095703125,15428.5712890625,8158290
2025-01-07,14293.78515625,15333.3330078125,15476.1904296875,15285.7138671875,15333.3330078125,6039075
2025-01-08,14382.56640625,15428.5712890625,15571.4287109375,15380.9521484375,15476.1904296875,4836930
2025-01-09,14293.78515625,15333.3330078125,15523.8095703125,15285.7138671875,15523.8095703125,4671135
2025-01-10,14116.2236328125,15142.857421875,15476.1904296875,15095.23828125,15333.3330078125,8785770
2025-01-13,14116.2236328125,15142.857421875,15285.7138671875,14952.380859375,15047.619140625,7283640
2025-01-14,14116.2236328125,15142.857421875,15285.7138671875,15095.23828125,15142.857421875,3724875
2025-01-15,14205.0048828125,15238.095703125,15333.3330078125,15142.857421875,15238.095703125,5980275
2025-01-16,14205.0048828125,15238.095703125,15333.3330078125,15142.857421875,15238.095703125,5980275
2025-01-17,14338.17578125,15380.9521484375,15428.5712890625,15238.095703125,15285.7138671875,4554690
2025-01-20,14560.1298828125,15619.0478515625,15666.6669921875,15428.5712890625,15476.1904296875,7093905
2025-01-21,14382.56640625,15428.5712890625,15714.2861328125,15428.5712890625,15714.2861328125,5674725
2025-01-22,14293.78515625,15333.3330078125,15523.8095703125,15333.3330078125,15523.8095703125,5398785
2025-01-23,14515.7392578125,15571.4287109375,15619.0478515625,15333.3330078125,15476.1904296875,6467895
2025-01-24,14604.5205078125,15666.6669921875,15714.2861328125,15523.8095703125,15523.8095703125,8801835
2025-01-27,14604.5205078125,15666.6669921875,15666.6669921875,15666.6669921875,15666.6669921875,0
2025-01-28,14604.5205078125,15666.6669921875,15666.6669921875,15666.6669921875,15666.6669921875,0
2025-01-29,14604.5205078125,15666.6669921875,15666.6669921875,15666.6669921875,15666.6669921875,0
2025-01-30,14604.5205078125,15666.6669921875,15666.6669921875,15666.6669921875,15666.6669921875,0
2025-01-31,14604.5205078125,15666.6669921875,15666.6669921875,15666.6669921875,15666.6669921875,0
2025-02-03,14338.17578125,15380.9521484375,15619.0478515625,15333.3330078125,15619.0478515625,9315705
2025-02-04,14693.30078125,15761.904296875,15809.5234375,15380.9521484375,15476.1904296875,11483010
2025-02-05,14737.69140625,15809.5234375,15904.76171875,15666.6669921875,15809.5234375,9394350
2025-02-06,14693.30078125,15761.904296875,16095.23828125,15714.2861328125,15904.76171875,9255645
2025-02-07,14693.30078125,15761.904296875,16000.0,15666.6669921875,15857.142578125,10560795
2025-02-10,14870.8642578125,15952.380859375,16047.619140625,15571.4287109375,15714.2861328125,18585210
2025-02-11,15092.8173828125,16190.4765625,16380.9521484375,15952.380859375,15952.380859375,44639700
2025-02-12,14959.6455078125,16047.619140625,16285.7138671875,16000.0,16285.7138671875,8020320
2025-02-13,15004.0361328125,16095.23828125,16142.857421875,15952.380859375,16047.619140625,8346450
2025-02-14,15004.0361328125,16095.23828125,16333.3330078125,16095.23828125,16190.4765625,10307430
2025-02-17,14959.6455078125,16047.619140625,16190.4765625,16000.0,16095.23828125,8947050
2025-02-18,15004.0361328125,16095.23828125,16238.095703125,16000.0,16047.619140625,9688455
2025-02-19,15092.8173828125,16190.4765625,16190.4765625,16047.619140625,16142.857421875,9018660
2025-02-20,15181.59765625,16285.7138671875,16428.572265625,16142.857421875,16190.4765625,17962875
2025-02-21,15092.8173828125,16190.4765625,16333.3330078125,16095.23828125,16333.3330078125,10498740
2025-02-24,15137.2080078125,16238.095703125,16333.3330078125,16095.23828125,16190.4765625,13511610
2025-02-25,15048.4267578125,16142.857421875,16333.3330078125,16095.23828125,16333.3330078125,15908130
2025-02-26,15048.4267578125,16142.857421875,16285.7138671875,16095.23828125,16285.7138671875,13573560
2025-02-27,15004.0361328125,16095.23828125,16238.095703125,16000.0,16190.4765625,18964050
2025-02-28,14826.47265625,15904.76171875,16095.23828125,15904.76171875,16047.619140625,21457905
2025-03-03,14382.56640625,15428.5712890625,15666.6669921875,15333.3330078125,15619.0478515625,64945965
2025-03-04,14382.56640625,15428.5712890625,15571.4287109375,15333.3330078125,15428.5712890625,21919590
2025-03-05,14293.78515625,15333.3330078125,15619.0478515625,15333.3330078125,15476.1904296875,15845655
2025-03-06,14382.56640625,15428.5712890625,15476.1904296875,15285.7138671875,15333.3330078125,18355680
2025-03-07,14515.7392578125,15571.4287109375,15666.6669921875,15428.5712890625,15428.5712890625,19924905
2025-03-10,14382.56640625,15428.5712890625,15666.6669921875,15428.5712890625,15571.4287109375,12685155
2025-03-11,14426.9580078125,15476.1904296875,15476.1904296875,15285.7138671875,15333.3330078125,9908115
2025-03-12,14338.17578125,15380.9521484375,15523.8095703125,15333.3330078125,15476.1904296875,9308670
2025-03-13,14249.39453125,15285.7138671875,15428.5712890625,15285.7138671875,15380.9521484375,10447500
2025-03-14,14293.78515625,15333.3330078125,15380.9521484375,15238.095703125,15285.7138671875,10729530
2025-03-17,14515.7392578125,15571.4287109375,15666.6669921875,15285.7138671875,15380.9521484375,15297975
2025-03-18,14426.9580078125,15476.1904296875,15619.0478515625,15428.5712890625,15619.0478515625,5853750
2025-03-19,14249.39453125,15285.7138671875,15523.8095703125,15238.095703125,15476.1904296875,18783870
2025-03-20,13494.75390625,14476.1904296875,15333.3330078125,14285.7138671875,15285.7138671875,85025535
2025-03-21,13095.23828125,14047.619140625,14476.1904296875,13904.76171875,14285.7138671875,40178985
2025-03-24,12873.28515625,13809.5234375,14238.095703125,13761.904296875,14000.0,30837030
2025-03-25,13139.62890625,14095.23828125,14285.7138671875,13857.142578125,13857.142578125,19318110
2025-03-26,12873.28515625,13809.5234375,14142.857421875,13761.904296875,14095.23828125,19577670
2025-03-27,12695.72265625,13619.0478515625,13904.76171875,13523.8095703125,13809.5234375,20545035
2025-03-28,12606.94140625,13523.8095703125,13714.2861328125,13523.8095703125,13666.6669921875,10110975
2025-03-31,12695.72265625,13619.0478515625,13809.5234375,13523.8095703125,13523.8095703125,12637590
2025-04-01,12695.72265625,13619.0478515625,13761.904296875,13571.4287109375,13714.2861328125,8267595
2025-04-02,12651.33203125,13571.4287109375,13714.2861328125,13523.8095703125,13619.0478515625,12443340
2025-04-03,11807.91015625,12666.6669921875,13333.3330078125,12666.6669921875,12761.904296875,55060740
2025-04-04,11319.61328125,12142.857421875,12333.3330078125,11809.5234375,11809.5234375,44809800
2025-04-07,11319.61328125,12142.857421875,12142.857421875,12142.857421875,12142.857421875,0
2025-04-08,10564.9716796875,11333.3330078125,11904.76171875,11333.3330078125,11809.5234375,31917585
2025-04-09,10387.41015625,11142.857421875,11857.142578125,10571.4287109375,10571.4287109375,32417070
2025-04-10,11097.6591796875,11904.76171875,11904.76171875,11904.76171875,11904.76171875,1341690
2025-04-11,11719.12890625,12571.4287109375,12714.2861328125,12142.857421875,12714.2861328125,27413715
2025-04-14,11585.95703125,12428.5712890625,12666.6669921875,12333.3330078125,12619.0478515625,14055825
2025-04-15,11364.00390625,12190.4765625,12476.1904296875,12142.857421875,12428.5712890625,11747610
2025-04-16,11497.1748046875,12333.3330078125,12380.9521484375,12142.857421875,12142.857421875,8840475
2025-04-17,11630.34765625,12476.1904296875,12476.1904296875,12238.095703125,12285.7138671875,9901815
2025-04-18,11719.12890625,12571.4287109375,12714.2861328125,12476.1904296875,12476.1904296875,13035645
2025-04-21,12029.86328125,12904.76171875,13095.23828125,12761.904296875,12857.142578125,16753905
2025-04-22,11896.6904296875,12761.904296875,12904.76171875,12380.9521484375,12761.904296875,25373355
2025-04-23,11985.47265625,12857.142578125,13047.619140625,12809.5234375,13047.619140625,8975190
2025-04-24,11941.0810546875,12809.5234375,12952.380859375,12714.2861328125,12904.76171875,7249935
2025-04-25,11896.6904296875,12761.904296875,12952.380859375,12761.904296875,12904.76171875,14740740
2025-04-28,11985.47265625,12857.142578125,12952.380859375,12761.904296875,12952.380859375,8875965
2025-04-29,12074.25390625,12952.380859375,13000.0,12857.142578125,12904.76171875,7365225
2025-04-30,12074.25390625,12952.380859375,12952.380859375,12952.380859375,12952.380859375,0
2025-05-01,12074.25390625,12952.380859375,12952.380859375,12952.380859375,12952.380859375,0
2025-05-02,12074.25390625,12952.380859375,12952.380859375,12952.380859375,12952.380859375,0
2025-05-05,12074.25390625,12952.380859375,13095.23828125,12904.76171875,13047.619140625,4718490
2025-05-06,12074.25390625,12952.380859375,13095.23828125,12904.76171875,13047.619140625,4718490
2025-05-07,12251.81640625,13142.857421875,13285.7138671875,12857.142578125,12857.142578125,15427545
2025-05-08,12340.59765625,13238.095703125,13333.3330078125,13142.857421875,13333.3330078125,12761175
2025-05-09,12473.76953125,13380.9521484375,13476.1904296875,13285.7138671875,13333.3330078125,18003405
2025-05-12,13095.23828125,14047.619140625,14095.23828125,13428.5712890625,13476.1904296875,35992215
2025-05-13,14047.619140625,14047.619140625,14095.23828125,13428.5712890625,13476.1904296875,35992215
2025-05-14,12952.380859375,12952.380859375,13285.7138671875,12857.142578125,13285.7138671875,19532835
2025-05-15,13142.857421875,13142.857421875,13142.857421875,12952.380859375,13000.0,15501675
2025-05-16,13095.23828125,13095.23828125,13238.095703125,12904.76171875,13142.857421875,14948010
2025-05-19,12809.5234375,12809.5234375,12904.76171875,12761.904296875,12857.142578125,8951880
2025-05-20,12809.5234375,12809.5234375,12904.76171875,12761.904296875,12857.142578125,8951880
2025-05-21,12857.142578125,12857.142578125,12904.76171875,12714.2861328125,12809.5234375,10996440
2025-05-22,12857.142578125,12857.142578125,13095.23828125,12809.5234375,12857.142578125,16171260
2025-05-23,12666.6669921875,12666.6669921875,12857.142578125,12619.0478515625,12809.5234375,16181025
2025-05-26,12714.2861328125,12714.2861328125,12761.904296875,12380.9521484375,12666.6669921875,9542715
2025-05-27,12714.2861328125,12714.2861328125,12761.904296875,12380.9521484375,12666.6669921875,9542715
2025-05-28,12714.2861328125,12714.2861328125,12809.5234375,12380.9521484375,12714.2861328125,11729025
2025-05-29,12714.2861328125,12714.2861328125,12857.142578125,12666.6669921875,12761.904296875,8934240
2025-05-30,12761.904296875,12761.904296875,12809.5234375,12714.2861328125,12761.904296875,7377510
2025-06-02,12476.1904296875,12476.1904296875,12523.8095703125,12142.857421875,12285.7138671875,22719795
2025-06-03,12476.1904296875,12476.1904296875,12523.8095703125,12142.857421875,12285.7138671875,22719795
2025-06-04,12619.0478515625,12619.0478515625,535.7142944335938,12523.8095703125,12523.8095703125,7938630
2025-06-05,12619.0478515625,12619.0478515625,535.7142944335938,12523.8095703125,12523.8095703125,7938630
2025-06-06,12523.8095703125,12523.8095703125,12571.4287109375,12476.1904296875,12571.4287109375,5017635
2025-06-09,12428.5712890625,12428.5712890625,12523.8095703125,12380.9521484375,12476.1904296875,5927460
2025-06-10,12428.5712890625,12428.5712890625,12523.8095703125,12380.9521484375,12476.1904296875,5927460
2025-06-11,12428.5712890625,12428.5712890625,12523.8095703125,12380.9521484375,12428.5712890625,4821285
2025-06-12,12619.0478515625,12619.0478515625,12714.2861328125,12428.5712890625,12476.1904296875,9659265
2025-06-13,12666.6669921875,12666.6669921875,12714.2861328125,12571.4287109375,12619.0478515625,7709205
2025-06-16,12666.6669921875,12666.6669921875,12714.2861328125,12523.8095703125,12571.4287109375,9055515
2025-06-17,12666.6669921875,12666.6669921875,12714.2861328125,12523.8095703125,12571.4287109375,9055515
2025-06-18,12857.142578125,12857.142578125,13047.619140625,12714.2861328125,12761.904296875,16546005
2025-06-19,12761.904296875,12761.904296875,12904.76171875,12714.2861328125,12904.76171875,5510610
2025-06-20,12761.904296875,12761.904296875,12857.142578125,12714.2861328125,12761.904296875,5018790
2025-06-23,12666.6669921875,12666.6669921875,12666.6669921875,12523.8095703125,12571.4287109375,7202055
2025-06-24,12666.6669921875,12666.6669921875,12666.6669921875,12523.8095703125,12571.4287109375,7202055
2025-06-25,12619.0478515625,12619.0478515625,12761.904296875,12619.0478515625,12761.904296875,6393765
2025-06-26,12761.904296875,12761.904296875,12857.142578125,12619.0478515625,12666.6669921875,12185880
2025-06-27,12714.2861328125,12714.2861328125,12809.5234375,12666.6669921875,12761.904296875,5100900
2025-06-30,12809.5234375,12809.5234375,12904.76171875,12761.904296875,12809.5234375,13388340
2025-07-01,12809.5234375,12809.5234375,12904.76171875,12761.904296875,12809.5234375,13388340
2025-07-02,12904.76171875,12904.76171875,12952.380859375,12809.5234375,12904.76171875,13752165
2025-07-03,12952.380859375,12952.380859375,13000.0,12857.142578125,12904.76171875,10244010
2025-07-04,13095.23828125,13095.23828125,13285.7138671875,12904.76171875,13000.0,28615020
2025-07-07,13476.1904296875,13476.1904296875,13523.8095703125,13095.23828125,13095.23828125,27563130
2025-07-08,13476.1904296875,13476.1904296875,13523.8095703125,13095.23828125,13095.23828125,27563130
2025-07-09,13333.3330078125,13333.3330078125,13476.1904296875,13238.095703125,13285.7138671875,34167420
2025-07-10,14190.4765625,14190.4765625,14238.095703125,13380.9521484375,13428.5712890625,65137590
2025-07-11,14142.857421875,14142.857421875,14333.3330078125,14000.0,14285.7138671875,17948490
2025-07-14,14190.4765625,14190.4765625,14190.4765625,13857.142578125,14142.857421875,21693000
2025-07-15,14190.4765625,14190.4765625,14190.4765625,13857.142578125,14142.857421875,21693000
2025-07-16,14047.619140625,14047.619140625,14380.9521484375,14047.619140625,14238.095703125,20456520
2025-07-17,14190.4765625,14190.4765625,14190.4765625,14000.0,14000.0,16724295
2025-07-18,14190.4765625,14190.4765625,14428.5712890625,14095.23828125,14285.7138671875,20256705
2025-07-21,14380.9521484375,14380.9521484375,14571.4287109375,14333.3330078125,14523.8095703125,22322265
2025-07-22,14380.9521484375,14380.9521484375,14571.4287109375,14333.3330078125,14523.8095703125,22322265
2025-07-23,14571.4287109375,14571.4287109375,14714.2861328125,14142.857421875,14333.3330078125,29939805
2025-07-24,14666.6669921875,14666.6669921875,14809.5234375,14523.8095703125,14714.2861328125,28453005
2025-07-25,14857.142578125,14857.142578125,15142.857421875,14666.6669921875,14666.6669921875,30268245
2025-07-28,15666.6669921875,15666.6669921875,15714.2861328125,14857.142578125,14904.76171875,44199120
2025-07-29,15666.6669921875,15666.6669921875,15714.2861328125,14857.142578125,14904.76171875,44199120
2025-07-30,14571.4287109375,14571.4287109375,15809.5234375,14571.4287109375,15809.5234375,51222465
2025-07-31,15142.857421875,15142.857421875,15238.095703125,14571.4287109375,14666.6669921875,29777895
2025-08-01,14952.380859375,14952.380859375,15333.3330078125,14714.2861328125,15285.7138671875,20563410
2025-08-04,15952.380859375,15952.380859375,15952.380859375,14761.904296875,14761.904296875,61037025
2025-08-05,15952.380859375,15952.380859375,15952.380859375,14761.904296875,14761.904296875,61037025
2025-08-06,16761.904296875,16761.904296875,17047.619140625,16047.619140625,16619.046875,100373490
2025-08-07,17333.333984375,17333.333984375,17904.76171875,16952.380859375,17238.095703125,55366080
2025-08-08,18523.80859375,18523.80859375,18523.80859375,17142.857421875,17476.19140625,77337330
2025-08-11,18619.046875,18619.046875,18761.904296875,17952.380859375,18476.19140625,63962115
2025-08-12,18619.046875,18619.046875,18761.904296875,17952.380859375,18476.19140625,63962115
2025-08-13,18285.71484375,18285.71484375,18857.142578125,18047.619140625,18761.904296875,43448370
2025-08-14,18238.095703125,18238.095703125,18571.427734375,17666.666015625,18285.71484375,45281565
2025-08-15,18857.142578125,18857.142578125,19380.953125,18238.095703125,18238.095703125,75228090
2025-08-18,19190.4765625,19190.4765625,19619.046875,18333.333984375,18571.427734375,52932810
2025-08-19,19190.4765625,19190.4765625,19619.046875,18333.333984375,18571.427734375,52932810
2025-08-20,20238.095703125,20238.095703125,20238.095703125,19190.4765625,19333.333984375,74125590
2025-08-21,19666.666015625,19666.666015625,20523.80859375,18857.142578125,20476.19140625,58687545
2025-08-22,21000.0,21000.0,21000.0,19666.666015625,20000.0,120216285
2025-08-25,19142.857421875,19142.857421875,20761.904296875,19142.857421875,20571.427734375,62461560
2025-08-26,19142.857421875,19142.857421875,20761.904296875,19142.857421875,20571.427734375,62461560
2025-08-27,19952.380859375,19952.380859375,20047.619140625,18380.953125,18571.427734375,51952740
2025-08-28,19238.095703125,19238.095703125,20619.046875,19095.23828125,20285.71484375,56975625
2025-08-29,19809.5234375,19809.5234375,20000.0,19190.4765625,19523.80859375,40196730
2025-09-01,19809.5234375,19809.5234375,19809.5234375,19809.5234375,19809.5234375,0
2025-09-02,19809.5234375,19809.5234375,19809.5234375,19809.5234375,19809.5234375,0
2025-09-03,20047.619140625,20047.619140625,20142.857421875,19714.28515625,19952.380859375,28686525
2025-09-04,20047.619140625,20047.619140625,20142.857421875,19714.28515625,19952.380859375,28686525
2025-09-05,20476.19140625,20476.19140625,20666.666015625,20047.619140625,20333.333984375,39776940
2025-09-08,18428.572265625,18428.572265625,19571.427734375,18428.572265625,19238.095703125,56910210
2025-09-09,18428.572265625,18428.572265625,19571.427734375,18428.572265625,19238.095703125,56910210
2025-09-10,18523.80859375,18523.80859375,18666.666015625,18142.857421875,18523.80859375,22945440
2025-09-11,18285.71484375,18285.71484375,18809.5234375,18190.4765625,18619.046875,21214410
2025-09-12,18714.28515625,18714.28515625,18761.904296875,17523.80859375,18238.095703125,34732005
2025-09-15,18714.28515625,18714.28515625,18714.28515625,18714.28515625,18714.28515625,0
2025-09-16,18857.142578125,18857.142578125,18952.380859375,18523.80859375,18619.046875,13750800
2025-09-17,18714.28515625,18714.28515625,19095.23828125,18571.427734375,19000.0,15625155
2025-09-18,18380.953125,18380.953125,18761.904296875,18380.953125,18714.28515625,11275005
2025-09-19,17952.380859375,17952.380859375,18523.80859375,17809.5234375,18380.953125,19431615
2025-09-22,18095.23828125,18095.23828125,18095.23828125,17333.333984375,17809.5234375,21799260
2025-09-23,18095.23828125,18095.23828125,18095.23828125,17333.333984375,17809.5234375,21799260
2025-09-24,18285.71484375,18285.71484375,18285.71484375,17857.142578125,18047.619140625,12665940
2025-09-25,18714.28515625,18714.28515625,18714.28515625,17761.904296875,18238.095703125,31359615
2025-09-26,18476.19140625,18476.19140625,18761.904296875,18428.572265625,18714.28515625,9648135
2025-09-29,17952.380859375,17952.380859375,18190.4765625,17761.904296875,17904.76171875,7695870
2025-09-30,17952.380859375,17952.380859375,18190.4765625,17761.904296875,17904.76171875,7695870
2025-10-01,17952.380859375,17952.380859375,18095.23828125,17523.80859375,18000.0,12321330
2025-10-02,18380.953125,18380.953125,18619.046875,17904.76171875,17952.380859375,20769105
2025-10-03,17904.76171875,17904.76171875,18619.046875,17904.76171875,18380.953125,11735220
2025-10-06,18904.76171875,18904.76171875,19000.0,17904.76171875,18142.857421875,26872125
2025-10-07,18904.76171875,18904.76171875,19000.0,17904.76171875,18142.857421875,26872125
2025-10-08,18428.572265625,18428.572265625,19000.0,18428.572265625,19000.0,13188210
2025-10-09,18523.80859375,18523.80859375,18761.904296875,18190.4765625,18761.904296875,22316490
2025-10-10,19047.619140625,19047.619140625,19095.23828125,18476.19140625,18619.046875,44966670
2025-10-13,18523.80859375,18523.80859375,18619.046875,18333.333984375,18380.953125,19213740
2025-10-14,18523.80859375,18523.80859375,18619.046875,18333.333984375,18380.953125,19213740
2025-10-15,18285.71484375,18285.71484375,18857.142578125,18142.857421875,18571.427734375,43152795
2025-10-16,18761.904296875,18761.904296875,18904.76171875,18285.71484375,18285.71484375,29951355
2025-10-17,18809.5234375,18809.5234375,18904.76171875,18571.427734375,18904.76171875,17983140
2025-10-20,17095.23828125,17095.23828125,18333.333984375,17095.23828125,18333.333984375,27656055
2025-10-21,17095.23828125,17095.23828125,18333.333984375,17095.23828125,18333.333984375,27656055
2025-10-22,17333.333984375,17333.333984375,17523.80859375,16190.4765625,16952.380859375,24456600
2025-10-23,17285.71484375,17285.71484375,17523.80859375,16714.28515625,17476.19140625,8561070
2025-10-24,16952.380859375,16952.380859375,17380.953125,16952.380859375,17333.333984375,9603405
2025-10-27,16714.28515625,16714.28515625,17190.4765625,16714.28515625,17142.857421875,7506870
2025-10-28,16714.28515625,16714.28515625,17190.4765625,16714.28515625,17142.857421875,7506870
2025-10-29,17095.23828125,17095.23828125,17095.23828125,16619.046875,16666.666015625,9319590
2025-10-30,18150.0,18150.0,18400.0,17900.0,18000.0,10934100
2025-10-31,17150.0,17150.0,17500.0,17150.0,17500.0,5633500
2025-11-03,16650.0,16650.0,17300.0,16650.0,16800.0,20592700
2025-11-04,17250.0,17250.0,17450.0,16550.0,16650.0,16470600
2025-11-05,17250.0,17250.0,17450.0,16550.0,16650.0,16470600
2025-11-06,16900.0,16900.0,17150.0,16750.0,16900.0,4174700
2025-11-07,16500.0,16500.0,16950.0,16350.0,16800.0,8560700
2025-11-10,16500.0,16500.0,16800.0,16450.0,16500.0,5423200
2025-11-11,16900.0,16900.0,16900.0,16450.0,16550.0,4332600
2025-11-12,17300.0,17300.0,17300.0,16750.0,16900.0,10048700
2025-11-13,16950.0,16950.0,17250.0,16950.0,17200.0,4498500
2025-11-14,16950.0,16950.0,17000.0,16800.0,16950.0,4315300
2025-11-17,17150.0,17150.0,17200.0,16900.0,17000.0,4670500
2025-11-18,17600.0,17600.0,17600.0,17100.0,17150.0,13307100
2025-11-19,17150.0,17150.0,17600.0,17150.0,17600.0,4219000
2025-11-20,17250.0,17250.0,17300.0,17000.0,17200.0,4211000
2025-11-21,17250.0,17250.0,17250.0,16850.0,17050.0,5447600
2025-11-24,17250.0,17250.0,17300.0,17000.0,17250.0,6498000
2025-11-25,16950.0,16950.0,17250.0,16850.0,17100.0,5087000
2025-11-26,17400.0,17400.0,17450.0,16900.0,16900.0,6895100
2025-11-27,17350.0,17350.0,17800.0,17300.0,17400.0,8297800
2025-11-28,17300.0,17300.0,17400.0,17000.0,17350.0,3772500
2025-12-01,17000.0,17000.0,17250.0,17000.0,17200.0,4157400
2025-12-02,17100.0,17100.0,17150.0,16850.0,17000.0,6543900
2025-12-03,17350.0,17350.0,17650.0,17150.0,17150.0,17159000
2025-12-04,17350.0,17350.0,17650.0,17150.0,17150.0,17159000
2025-12-05,17400.0,17400.0,17750.0,17250.0,17700.0,7624600
2025-12-08,17200.0,17200.0,17450.0,17150.0,17350.0,4425100
2025-12-09,16900.0,16900.0,17250.0,16700.0,17150.0,16834200
2025-12-10,16900.0,16900.0,17100.0,16900.0,16900.0,2980100
2025-12-11,16800.0,16800.0,17050.0,16750.0,16950.0,6528300
2025-12-12,16350.0,16350.0,16900.0,16350.0,16800.0,9135900
2025-12-15,16350.0,16350.0,16500.0,16250.0,16300.0,7333700
2025-12-16,16800.0,16800.0,16800.0,15900.0,16350.0,10785400
2025-12-17,16500.0,16500.0,16900.0,16500.0,16700.0,4972400
2025-12-18,16500.0,16500.0,16900.0,16500.0,16700.0,4972400
2025-12-19,16850.0,16850.0,16850.0,16650.0,16750.0,3947500
2025-12-22,17300.0,17300.0,17400.0,16800.0,16950.0,12313500
2025-12-23,17350.0,17350.0,17650.0,16950.0,17400.0,11798600
2025-12-24,17400.0,17400.0,17600.0,17100.0,17350.0,5933400
2025-12-25,17400.0,17400.0,17600.0,17100.0,17350.0,5933400
2025-12-26,16950.0,16950.0,17150.0,16600.0,16900.0,7454900
2025-12-29,16900.0,16900.0,17150.0,16900.0,17000.0,4987800
2025-12-30,17150.0,17150.0,17300.0,16950.0,17000.0,9182200
2025-12-31,17100.0,17100.0,17250.0,17100.0,17250.0,4734200
2026-01-01,17100.0,17100.0,17100.0,17100.0,17100.0,0
2026-01-02,17100.0,17100.0,17100.0,17100.0,17100.0,0
2026-01-05,16600.0,16600.0,17200.0,16550.0,17150.0,9746200
2026-01-06,17050.0,17050.0,17150.0,16550.0,16750.0,9984600
2026-01-07,17450.0,17450.0,17650.0,17100.0,17200.0,24298100
2026-01-08,17650.0,17650.0,18150.0,17300.0,17500.0,28555100
2026-01-09,17600.0,17600.0,18000.0,17500.0,17900.0,23633700
2026-01-12,18200.0,18200.0,18400.0,17550.0,17600.0,31613600
2026-01-13,17900.0,17900.0,18500.0,17850.0,18300.0,25027900
2026-01-14,17500.0,17500.0,17950.0,17500.0,17950.0,16879600
2026-01-15,17400.0,17400.0,17650.0,17300.0,17500.0,9922700
2026-01-16,17400.0,17400.0,17700.0,17350.0,17650.0,8678500
2026-01-19,17350.0,17350.0,17500.0,17300.0,17400.0,5048400
2026-01-20,17450.0,17450.0,17800.0,17400.0,17400.0,19291000
2026-01-21,17200.0,17200.0,17450.0,17100.0,17300.0,7502100
2026-01-22,17400.0,17400.0,17600.0,17200.0,17200.0,7320300
2026-01-23,17250.0,17250.0,17500.0,17200.0,17400.0,6045100
2026-01-26,17100.0,17100.0,17250.0,16800.0,17150.0,9056800
2026-01-27,17200.0,17200.0,17250.0,17000.0,17050.0,7435400
2026-01-28,16900.0,16900.0,17250.0,16850.0,17250.0,6350500
2026-01-29,16700.0,16700.0,17100.0,16700.0,16900.0,5243000
2026-01-30,17200.0,17200.0,17200.0,16650.0,16800.0,6437600
2026-02-02,17000.0,17000.0,17350.0,17000.0,17200.0,7436300
2026-02-03,17150.0,17150.0,17350.0,16950.0,17200.0,8592700
2026-02-04,17400.0,17400.0,17450.0,17100.0,17150.0,8474000
2026-02-05,17100.0,17100.0,17550.0,17100.0,17400.0,5380800
2026-02-06,16800.0,16800.0,17100.0,16750.0,17050.0,8877300
2026-02-09,16800.0,16800.0,17000.0,16750.0,16900.0,4925200
2026-02-10,16800.0,16800.0,17000.0,16650.0,16700.0,4365300
2026-02-11,17350.0,17350.0,17350.0,16800.0,16800.0,9392200
2026-02-12,17150.0,17150.0,17500.0,17150.0,17450.0,4649600
2026-02-13,17500.0,17500.0,17500.0,17100.0,17150.0,5366800
2026-02-16,17500.0,17500.0,17500.0,17500.0,17500.0,0
2026-02-17,17500.0,17500.0,17500.0,17500.0,17500.0,0
2026-02-18,17500.0,17500.0,17500.0,17500.0,17500.0,0
2026-02-19,17500.0,17500.0,17500.0,17500.0,17500.0,0
2026-02-20,17500.0,17500.0,17500.0,17500.0,17500.0,0
2026-02-23,18000.0,18000.0,18050.0,17400.0,17600.0,34774400
2026-02-24,18050.0,18050.0,18350.0,17650.0,18000.0,34910600
2026-02-25,18650.0,18650.0,18700.0,18050.0,18250.0,50381300
2026-02-26,18350.0,18350.0,18800.0,18150.0,18800.0,20461500
2026-02-27,18400.0,18400.0,18700.0,18250.0,18450.0,17459800
2026-03-02,17800.0,17800.0,18450.0,17800.0,17900.0,38690700
2026-03-03,17800.0,17800.0,18450.0,17800.0,17900.0,38690700
2026-03-04,17300.0,17300.0,17800.0,16600.0,17550.0,30118900
2026-03-05,17050.0,17050.0,17700.0,17050.0,17500.0,18616900
2026-03-06,16850.0,16850.0,17250.0,16850.0,17000.0,14312800
2026-03-09,15700.0,15700.0,16500.0,15700.0,15800.0,28431800
2026-03-10,16000.0,16000.0,16350.0,15700.0,16100.0,22268300
2026-03-11,16450.0,16450.0,16700.0,16000.0,16050.0,21018900
2026-03-12,16050.0,16050.0,16450.0,15950.0,16200.0,13103500
2026-03-13,16000.0,16000.0,16200.0,15850.0,16100.0,11262700
2026-03-16,16000.0,16000.0,16200.0,15950.0,16100.0,6987300
2026-03-17,16100.0,16100.0,16350.0,16100.0,16150.0,6385100
2026-03-18,16050.0,16050.0,16350.0,15900.0,16200.0,8612200
2026-03-19,16000.0,16000.0,16100.0,15750.0,15850.0,11842100
2026-03-20,15800.0,15800.0,16000.0,15800.0,15900.0,4820600
2026-03-23,15100.0,15100.0,15750.0,15100.0,15600.0,11931000
2026-03-24,15800.0,15800.0,15950.0,15350.0,15500.0,11898000
2026-03-25,16150.0,16150.0,16200.0,15800.0,15850.0,11989200
2026-03-26,15900.0,15900.0,16150.0,15900.0,16150.0,6802600
2026-03-27,16250.0,16250.0,16300.0,15900.0,15900.0,9247800
2026-03-30,15950.0,15950.0,16200.0,15850.0,15900.0,5128400
2026-03-31,16300.0,16300.0,16500.0,16000.0,16050.0,11363300
2026-04-01,16350.0,16350.0,16750.0,16300.0,16550.0,11594500
2026-04-02,16000.0,16000.0,16250.0,15950.0,16250.0,5650100
2026-04-03,16000.0,16000.0,16150.0,15950.0,16150.0,4118600
2026-04-06,15850.0,15850.0,16100.0,15850.0,16000.0,4698000
2026-04-07,15750.0,15750.0,16000.0,15550.0,15950.0,9187900
2026-04-08,16500.0,16500.0,16600.0,16150.0,16200.0,17311600
2026-04-09,16250.0,16250.0,16450.0,16250.0,16450.0,5397600
2026-04-10,16300.0,16300.0,16900.0,16300.0,16400.0,8878700
2026-04-13,16350.0,16350.0,16500.0,16100.0,16200.0,7939500
2026-04-14,16450.0,16450.0,16700.0,16400.0,16500.0,8610800
2026-04-15,16400.0,16400.0,16600.0,16350.0,16450.0,6809100
2026-04-16,16250.0,16250.0,16450.0,16200.0,16400.0,6088700
2026-04-17,16250.0,16250.0,16400.0,16200.0,16250.0,6009400
2026-04-20,16400.0,16400.0,16500.0,16250.0,16250.0,6485400
2026-04-21,16250.0,16250.0,16500.0,16250.0,16450.0,6860400
2026-04-22,16300.0,16300.0,16350.0,16150.0,16350.0,5312400
2026-04-23,16300.0,16300.0,16650.0,16250.0,16300.0,7412000
2026-04-24,16300.0,16300.0,16450.0,16250.0,16350.0,4051000
2026-04-27,16300.0,16300.0,16300.0,16300.0,16300.0,0
2026-04-28,16250.0,16250.0,16400.0,16250.0,16300.0,4413200
2026-04-29,16250.0,16250.0,16400.0,16150.0,16250.0,4029500
2026-04-30,16250.0,16250.0,16250.0,16250.0,16250.0,0
2026-05-01,16250.0,16250.0,16250.0,16250.0,16250.0,0
2026-05-04,16300.0,16300.0,16450.0,16250.0,16250.0,6862500
2026-05-05,16250.0,16250.0,16300.0,15950.0,16250.0,11225300
2026-05-06,16250.0,16250.0,16300.0,16000.0,16200.0,7676800
2026-05-07,16050.0,16050.0,16350.0,16050.0,16250.0,10346200
2026-05-08,16000.0,16000.0,16200.0,15950.0,16050.0,12442900
2026-05-11,15750.0,15750.0,16100.0,15750.0,16100.0,12446900
2026-05-12,15800.0,15800.0,15850.0,15500.0,15800.0,11282100
2026-05-13,15600.0,15600.0,15850.0,15550.0,15800.0,7045100
2026-05-14,15850.0,15850.0,16000.0,15600.0,15700.0,11037200
2026-05-15,15700.0,15700.0,15950.0,15700.0,15900.0,2817200
2026-05-18,15500.0,15500.0,15700.0,15500.0,15700.0,7794500
2026-05-19,15350.0,15350.0,15700.0,15350.0,15650.0,8041100
2026-05-20,15500.0,15500.0,15650.0,15150.0,15450.0,13707400
2026-05-21,15600.0,15600.0,15650.0,15500.0,15600.0,5920600
2026-05-22,15550.0,15550.0,15600.0,15400.0,15600.0,4716400
2026-05-25,15600.0,15600.0,15700.0,15500.0,15600.0,4907800
2026-05-26,15800.0,15800.0,15900.0,15600.0,15600.0,10799100
2026-05-27,16250.0,16250.0,16300.0,15800.0,15850.0,22070600
2026-05-28,15900.0,15900.0,16250.0,15900.0,16250.0,7024400
2026-05-29,15900.0,15900.0,16150.0,15850.0,15900.0,10467100
2026-06-01,15700.0,15700.0,16050.0,15700.0,16000.0,7151500
2026-06-02,15600.0,15600.0,15800.0,15550.0,15750.0,7023600
2026-06-03,15700.0,15700.0,15900.0,15600.0,15600.0,7620800
2026-06-04,15950.0,15950.0,15950.0,15700.0,15700.0,7207400
2026-06-05,16200.0,16200.0,16400.0,15950.0,15950.0,28615800
2026-06-08,15800.0,15800.0,16100.0,15800.0,16050.0,10799200
2026-06-09,16000.0,16000.0,16000.0,15750.0,15850.0,5911300
2026-06-10,15950.0,15950.0,16150.0,15900.0,15950.0,6641500
2026-06-11,15850.0,15850.0,16050.0,15800.0,15850.0,5464100
2026-06-12,16350.0,16350.0,16600.0,16000.0,16050.0,44500500
2026-06-15,16450.0,16450.0,16600.0,16300.0,16450.0,19583400
2026-06-16,16450.0,16450.0,16600.0,16300.0,16600.0,15322100
2026-06-17,16450.0,16450.0,16600.0,16300.0,16450.0,16106600
2026-06-18,16200.0,16200.0,16550.0,16150.0,16450.0,18062000
2026-06-19,16200.0,16200.0,16200.0,16050.0,16200.0,7920400
2026-06-22,16250.0,16250.0,16250.0,16000.0,16250.0,10984200
2026-06-23,16150.0,16150.0,16600.0,16100.0,16250.0,14302200
2026-06-24,16000.0,16000.0,16200.0,15950.0,16150.0,8873700
2026-06-25,16000.0,16000.0,16250.0,16000.0,16050.0,5236700
2026-06-26,16100.0,16100.0,16200.0,16000.0,16000.0,5985600
2026-06-29,16350.0,16350.0,16400.0,16150.0,16150.0,10092000
2026-06-30,16600.0,16600.0,16650.0,16250.0,16350.0,32654500
2026-07-01,16600.0,16600.0,16650.0,16250.0,16350.0,32654500
2026-07-02,16500.0,16500.0,16800.0,16400.0,16800.0,9887100
2026-07-03,16550.0,16550.0,16600.0,16350.0,16500.0,7418900
2026-07-06,16200.0,16200.0,16650.0,16100.0,16650.0,9645700
2026-07-07,16200.0,16200.0,16300.0,16100.0,16250.0,5916800
2026-07-08,16300.0,16300.0,16500.0,16200.0,16200.0,11505800
2026-07-09,16200.0,16200.0,16450.0,16150.0,16250.0,6449600
2026-07-10,15950.0,15950.0,16250.0,15950.0,16200.0,7734900
2026-07-13,15550.0,15550.0,15950.0,15350.0,15900.0,14668100
2026-07-14,15500.0,15500.0,15650.0,15300.0,15550.0,7153700
2026-07-15,15300.0,15300.0,15550.0,15250.0,15550.0,7412400
2026-07-16,15400.0,15400.0,15500.0,15050.0,15250.0,14125400
2026-07-17,15200.0,15200.0,15500.0,15200.0,15500.0,3539600
2026-07-20,14550.0,14550.0,15200.0,14450.0,15150.0,11497600
2026-07-21,14550.0,14550.0,14750.0,14400.0,14400.0,6349100
2026-07-22,14100.0,14100.0,14750.0,13900.0,14550.0,17492600
2026-07-23,14000.0,14000.0,14200.0,13750.0,13900.0,15575200
2026-07-24,14200.0,14200.0,14350.0,13750.0,13950.0,12197200
2026-07-27,13900.0,13900.0,14450.0,13900.0,14400.0,6261500
2026-07-28,14050.0,14050.0,14200.0,13800.0,13900.0,8165700
2026-07-29,14100.0,14100.0,14150.0,14000.0,14050.0,4506100
2026-07-30,14400.0,14400.0,14450.0,14050.0,14050.0,7989100
