experiment_id,instance_id,track,view,status,status_reason,budget_candidates,generated_unique,shortfall,true_evaluations_generation,true_evaluations_polish,generation_seconds,polish_seconds,predicate_feasible_count,true_feasible_count,raw_best_true_objective,polished_best_true_objective,extra_seeds_completed,extra_seeds_registered,extra_qaoa_wall_seconds,extra_qaoa_maxiter,extra_circuit_evaluations_total,extra_mass_on_true_grid_optimum,extra_top_k_mass,raw_best_feasible,raw_best_bitstring,raw_best_source_rank,raw_best_qubo_energy_gap,diversity_mean_l1,novelty_vs_classical_true,raw_best_abs_gap,raw_best_rel_gap,raw_best_true_rank,near_optimal_rate_0.005,near_optimal_rate_0.01,near_optimal_rate_0.02,recall_true_top_10,recall_true_top_50,polished_best_feasible,winner_start_rank,winner_start_bitstring,winner_start_true_objective,winner_polish_gain,winner_polishing_dependency,winner_final_reductions_pct,winner_true_cvar,winner_cvar_before,winner_return_sacrifice,winner_transaction_cost,winner_liquidity_penalty,winner_turnover,winner_cash_weight_after,winner_worst_drawdown_after,winner_constraint_violations,polish_gain_raw_to_final,polished_abs_gap_best_known,polished_rel_gap_best_known,extra_beta,extra_fit_status,set,target_regime,portfolio_id,as_of_date,scenario_gate,j_no_action,j_star_grid,j_best_known,improvement_scale
hybrid_qaoa_assisted_v3,c01_normal_20240222_banking_concentrated,qaoa,candidate_budget,OK,,256,256,0,256,52,171.00118012400344,0.1770529999994323,256,256,1.211222690888393,1.211222690888393,10.0,10.0,170.9955787910003,200.0,368.0,0.0015625,0.32802734375,True,1111111111111100,78,0.0,0.4627336683417085,0.91796875,0.0,0.0,1,0.3203125,0.5625,0.76953125,1.0,1.0,True,1,1111111111111100,1.211222690888393,0.0,0.0,"[30.0, 30.0, 30.0, 30.0, 30.0, 30.0, 30.0, 0.0]",0.1177056128388393,0.1355472386378514,0.0,0.0002493749999999,4.987499999999999e-05,0.0997499999999999,0.1495379160178069,-0.2049893660169777,0,0.0,0.0,0.0,,,confirmation,normal,banking_concentrated,2024-02-22,PASS,1.705472386378514,1.211222690888393,1.211222690888393,0.494249695490121
hybrid_qaoa_assisted_v3,c01_normal_20240222_banking_concentrated,qaoa_transfer,candidate_budget,OK,,256,256,0,256,52,58.6109576250019,0.17206604200328,256,256,1.211222690888393,1.211222690888393,10.0,10.0,58.609218249999685,10.0,100.0,0.00029296875,0.6665039062500001,True,1111111111111100,120,0.0,0.457391959798995,0.9296875,0.0,0.0,1,0.20703125,0.4296875,0.5546875,0.9,0.62,True,1,1111111111111100,1.211222690888393,0.0,0.0,"[30.0, 30.0, 30.0, 30.0, 30.0, 30.0, 30.0, 0.0]",0.1177056128388393,0.1355472386378514,0.0,0.0002493749999999,4.987499999999999e-05,0.0997499999999999,0.1495379160178069,-0.2049893660169777,0,0.0,0.0,0.0,,,confirmation,normal,banking_concentrated,2024-02-22,PASS,1.705472386378514,1.211222690888393,1.211222690888393,0.494249695490121
hybrid_qaoa_assisted_v3,c01_normal_20240222_banking_concentrated,classical_true,candidate_budget,OK,,256,256,0,256,57,0.001536625000881,0.1892374169983668,256,256,1.2118115347180198,1.2118115347180198,,,,,,,,True,1111111111011110,232,0.0223153064729491,0.8142311557788945,0.0,0.0005888438296268,0.0004861565375686,4,0.0234375,0.046875,0.09765625,0.1,0.12,True,1,1111111111011110,1.2118115347180198,0.0,0.0,"[30.0, 30.0, 30.0, 30.0, 30.0, 20.0, 30.0, 10.0]",0.1177644972218019,0.1355472386378514,0.0,0.0002493749999999,4.987499999999999e-05,0.0997499999999999,0.1495379160178069,-0.2053676164113974,0,0.0,0.0005888438296268,0.0004861565375686,,,confirmation,normal,banking_concentrated,2024-02-22,PASS,1.705472386378514,1.211222690888393,1.211222690888393,0.494249695490121
hybrid_qaoa_assisted_v3,c01_normal_20240222_banking_concentrated,classical_surrogate,candidate_budget,OK,,256,256,0,256,59,0.0028032499976688,0.1933502920001046,256,256,1.2120060970770743,1.2120060970770743,,,,,,,,True,1111111111010101,41,0.0,0.8165075376884422,0.94140625,0.0007834061886813,0.0006467895578365,8,0.078125,0.140625,0.203125,0.3,0.3,True,1,1111111111010101,1.2120060970770743,0.0,0.0,"[30.0, 30.0, 30.0, 30.0, 30.0, 20.0, 20.0, 20.0]",0.1177839534577074,0.1355472386378514,0.0,0.0002493749999999,4.987499999999999e-05,0.0997499999999999,0.1495379160178069,-0.2056802506489524,0,0.0,0.0007834061886813,0.0006467895578365,,,confirmation,normal,banking_concentrated,2024-02-22,PASS,1.705472386378514,1.211222690888393,1.211222690888393,0.494249695490121
hybrid_qaoa_assisted_v3,c01_normal_20240222_banking_concentrated,random_uniform,candidate_budget,OK,,256,256,0,256,104,0.0011974590015597,0.3300855830020737,256,256,1.2236453898590165,1.2130832947627377,,,,,,,,True,1101011111111111,165,0.0480413477606624,1.0014824120603014,0.9921875,0.0124226989706235,0.0102563294628437,145,0.0,0.0,0.00390625,0.0,0.0,True,3,1111010101110101,1.2577280509141744,0.0446447561514367,0.0906696693968885,"[30.0, 30.0, 25.0, 20.0, 25.0, 30.0, 25.0, 25.0]",0.1178916732262737,0.1355472386378514,0.0,0.000249375,4.9875e-05,0.0997499999999999,0.1495379160178069,-0.2060269628416345,0,0.0105620950962788,0.0018606038743447,0.0015361369039247,,,confirmation,normal,banking_concentrated,2024-02-22,PASS,1.705472386378514,1.211222690888393,1.211222690888393,0.494249695490121
hybrid_qaoa_assisted_v3,c01_normal_20240222_banking_concentrated,random_stratified,candidate_budget,OK,,256,256,0,256,98,0.003676833002828,0.3139240000018617,256,256,1.2154338850974138,1.2124069827961437,,,,,,,,True,1101111101110111,25,0.0438454545360833,1.0212311557788945,0.99609375,0.0042111942090208,0.0034768125140819,64,0.00390625,0.0078125,0.0078125,0.0,0.0,True,2,1111111111110101,1.2193048006416995,0.0068978178455558,0.0139896609971815,"[30.0, 30.0, 25.0, 30.0, 25.0, 30.0, 20.0, 20.0]",0.1178240420296143,0.1355472386378514,0.0,0.000249375,4.9875e-05,0.0997499999999999,0.1495379160178069,-0.2056854576900414,0,0.0030269023012701,0.0011842919077507,0.0009777656220113,,,confirmation,normal,banking_concentrated,2024-02-22,PASS,1.705472386378514,1.211222690888393,1.211222690888393,0.494249695490121
hybrid_qaoa_assisted_v3,c01_normal_20240222_banking_concentrated,boltzmann,candidate_budget,OK,,256,256,0,256,52,0.071482666004158,0.1738950420040055,256,256,1.211222690888393,1.211222690888393,,,,,,,,True,1111111111111100,82,0.0,0.5783768844221105,0.9453125,0.0,0.0,1,0.1796875,0.33203125,0.44140625,0.8,0.56,True,1,1111111111111100,1.211222690888393,0.0,0.0,"[30.0, 30.0, 30.0, 30.0, 30.0, 30.0, 30.0, 0.0]",0.1177056128388393,0.1355472386378514,0.0,0.0002493749999999,4.987499999999999e-05,0.0997499999999999,0.1495379160178069,-0.2049893660169777,0,0.0,0.0,0.0,53.529718605375805,MATCHED,confirmation,normal,banking_concentrated,2024-02-22,PASS,1.705472386378514,1.211222690888393,1.211222690888393,0.494249695490121
hybrid_qaoa_assisted_v3,c01_normal_20240222_banking_concentrated,classical_true_compute,compute_budget,OK,,20000,20000,0,20000,52,0.1619670410000253,0.1806512500043027,20000,20000,1.211222690888393,1.211222690888393,,,,,,,,True,1111111111111100,1528,0.0,0.99556783919598,0.99215,0.0,0.0,1,0.004,0.00705,0.01095,1.0,0.98,True,1,1111111111111100,1.211222690888393,0.0,0.0,"[30.0, 30.0, 30.0, 30.0, 30.0, 30.0, 30.0, 0.0]",0.1177056128388393,0.1355472386378514,0.0,0.0002493749999999,4.987499999999999e-05,0.0997499999999999,0.1495379160178069,-0.2049893660169777,0,0.0,0.0,0.0,,,confirmation,normal,banking_concentrated,2024-02-22,PASS,1.705472386378514,1.211222690888393,1.211222690888393,0.494249695490121
hybrid_qaoa_assisted_v3,c01_normal_20240222_banking_concentrated,random_uniform_compute,compute_budget,OK,,20000,20000,0,20000,55,0.0768115410028258,0.18790808400081,20000,20000,1.211416671162578,1.211416671162578,,,,,,,,True,1111111111110110,10721,0.0217630816671676,1.003894472361809,0.99605,0.000193980274185,0.000160152444009,2,0.0015,0.0023,0.00355,0.3,0.44,True,1,1111111111110110,1.211416671162578,0.0,0.0,"[30.0, 30.0, 30.0, 30.0, 30.0, 30.0, 20.0, 10.0]",0.1177250108662577,0.1355472386378514,0.0,0.000249375,4.9875e-05,0.0997499999999999,0.1495379160178069,-0.2053019972760361,0,0.0,0.000193980274185,0.000160152444009,,,confirmation,normal,banking_concentrated,2024-02-22,PASS,1.705472386378514,1.211222690888393,1.211222690888393,0.494249695490121
hybrid_qaoa_assisted_v3,c01_normal_20240222_banking_concentrated,classical_true_compute_transfer,compute_budget,OK,,18824,18824,0,18824,52,0.1209045000068727,0.1796425409993389,18824,18824,1.211222690888393,1.211222690888393,,,,,,,,True,1111111111111100,3098,0.0,0.9841306532663316,0.9917658308542286,0.0,0.0,1,0.0043030174245643,0.0075966850828729,0.0117403314917127,1.0,1.0,True,1,1111111111111100,1.211222690888393,0.0,0.0,"[30.0, 30.0, 30.0, 30.0, 30.0, 30.0, 30.0, 0.0]",0.1177056128388393,0.1355472386378514,0.0,0.0002493749999999,4.987499999999999e-05,0.0997499999999999,0.1495379160178069,-0.2049893660169777,0,0.0,0.0,0.0,,,confirmation,normal,banking_concentrated,2024-02-22,PASS,1.705472386378514,1.211222690888393,1.211222690888393,0.494249695490121
hybrid_qaoa_assisted_v3,c01_normal_20240222_banking_concentrated,random_uniform_compute_transfer,compute_budget,OK,,18824,18824,0,18824,56,0.0708427909994497,0.1935669160011457,18824,18824,1.211416671162578,1.211416671162578,,,,,,,,True,1111111111110110,6897,0.0223153064729491,0.9836532663316584,0.9964938376540586,0.000193980274185,0.000160152444009,2,0.0014343391415214,0.0025499362515937,0.0038780280492987,0.2,0.3,True,1,1111111111110110,1.211416671162578,0.0,0.0,"[30.0, 30.0, 30.0, 30.0, 30.0, 30.0, 20.0, 10.0]",0.1177250108662577,0.1355472386378514,0.0,0.000249375,4.9875e-05,0.0997499999999999,0.1495379160178069,-0.2053019972760361,0,0.0,0.000193980274185,0.000160152444009,,,confirmation,normal,banking_concentrated,2024-02-22,PASS,1.705472386378514,1.211222690888393,1.211222690888393,0.494249695490121
hybrid_qaoa_assisted_v3,c01_normal_20240222_banking_concentrated,heuristic_baselines,ablation,OK,,3,3,0,3,75,2.408300497336313e-05,0.3934514169959584,3,3,1.2419045325215408,1.2143309943232936,,,,,,,,True,1111111111111111,3,0.0,1.0666666666666669,1.0,0.0306818416331478,0.0253312969315689,418,0.0,0.0,0.0,0.0,0.0,True,1,1111111111111111,1.2419045325215414,0.0275735381982478,0.0561417519359631,"[30.0, 25.0, 25.0, 25.0, 25.0, 30.0, 25.0, 25.0]",0.1180164431823293,0.1355472386378514,0.0,0.000249375,4.9875e-05,0.0997499999999999,0.1495379160178069,-0.2061026825649103,0,0.0275735381982471,0.0031083034349006,0.0025662526455979,,,confirmation,normal,banking_concentrated,2024-02-22,PASS,1.705472386378514,1.211222690888393,1.211222690888393,0.494249695490121
hybrid_qaoa_assisted_v3,c02_volatile_20240102_high_volatility,qaoa,candidate_budget,OK,,256,256,0,256,81,200.0950977070024,0.2804404999988037,256,256,1.328823670313284,1.3288236703132834,10.0,10.0,200.0911764160046,200.0,430.0,0.10732421875,0.3306640625,True,1111111111111111,1,0.0,0.4623718592964823,0.7734375,0.0,0.0,1,0.00390625,0.00390625,0.03515625,1.0,1.0,True,1,1111111111111111,1.3288236703132834,0.0,0.0,"[30.0, 30.0, 30.0, 30.0, 30.0, 30.0, 30.0, 30.0]",0.1287571010688569,0.1499012791392905,0.0,0.0002437799766089,4.8755995321797946e-05,0.0975119906435958,0.1473041204620275,-0.2036126828931082,0,6.661338147750939e-16,0.0,0.0,,,confirmation,volatile,high_volatility,2024-01-02,PASS,1.8490127913929046,1.328823670313284,1.3288236703132834,0.5201891210796212
hybrid_qaoa_assisted_v3,c02_volatile_20240102_high_volatility,qaoa_transfer,candidate_budget,OK,,256,256,0,256,81,60.47641516600561,0.2689130419967114,256,256,1.328823670313284,1.3288236703132834,10.0,10.0,60.473516041005496,10.0,100.0,0.221875,0.5638671875,True,1111111111111111,1,0.0,0.4649246231155778,0.78515625,0.0,0.0,1,0.00390625,0.00390625,0.03515625,1.0,0.98,True,1,1111111111111111,1.3288236703132834,0.0,0.0,"[30.0, 30.0, 30.0, 30.0, 30.0, 30.0, 30.0, 30.0]",0.1287571010688569,0.1499012791392905,0.0,0.0002437799766089,4.8755995321797946e-05,0.0975119906435958,0.1473041204620275,-0.2036126828931082,0,6.661338147750939e-16,0.0,0.0,,,confirmation,volatile,high_volatility,2024-01-02,PASS,1.8490127913929046,1.328823670313284,1.3288236703132834,0.5201891210796212
hybrid_qaoa_assisted_v3,c02_volatile_20240102_high_volatility,classical_true,candidate_budget,OK,,256,256,0,256,81,0.0012457089978852,0.2723549580041435,256,256,1.328823670313284,1.3288236703132834,,,,,,,,True,1111111111111111,155,0.0,0.7823115577889447,0.0,0.0,0.0,1,0.00390625,0.00390625,0.03515625,1.0,0.54,True,1,1111111111111111,1.3288236703132834,0.0,0.0,"[30.0, 30.0, 30.0, 30.0, 30.0, 30.0, 30.0, 30.0]",0.1287571010688569,0.1499012791392905,0.0,0.0002437799766089,4.8755995321797946e-05,0.0975119906435958,0.1473041204620275,-0.2036126828931082,0,6.661338147750939e-16,0.0,0.0,,,confirmation,volatile,high_volatility,2024-01-02,PASS,1.8490127913929046,1.328823670313284,1.3288236703132834,0.5201891210796212
hybrid_qaoa_assisted_v3,c02_volatile_20240102_high_volatility,classical_surrogate,candidate_budget,OK,,256,256,0,256,81,0.0028179159999126,0.2738008329979493,256,256,1.328823670313284,1.3288236703132834,,,,,,,,True,1111111111111111,10,0.0,0.8107939698492462,0.91796875,0.0,0.0,1,0.00390625,0.00390625,0.02734375,0.7,0.46,True,1,1111111111111111,1.3288236703132834,0.0,0.0,"[30.0, 30.0, 30.0, 30.0, 30.0, 30.0, 30.0, 30.0]",0.1287571010688569,0.1499012791392905,0.0,0.0002437799766089,4.8755995321797946e-05,0.0975119906435958,0.1473041204620275,-0.2036126828931082,0,6.661338147750939e-16,0.0,0.0,,,confirmation,volatile,high_volatility,2024-01-02,PASS,1.8490127913929046,1.328823670313284,1.3288236703132834,0.5201891210796212
hybrid_qaoa_assisted_v3,c02_volatile_20240102_high_volatility,random_uniform,candidate_budget,OK,,256,256,0,256,102,0.0011767500036512,0.3593378750010743,256,256,1.378414351354458,1.353619010833871,,,,,,,,True,1101011111111111,165,0.0496187246502488,1.0014824120603014,0.9921875,0.0495906810411739,0.0373192336568495,40,0.0,0.0,0.0,0.0,0.02,True,1,1101011111111111,1.378414351354458,0.0247953405205869,0.0500517800054056,"[30.0, 25.0, 25.0, 30.0, 30.0, 30.0, 30.0, 30.0]",0.129720070325258,0.1499012791392905,0.0,0.000231805521057,4.636110421140295e-05,0.0927222084228058,0.1425234406221651,-0.2047634932560397,0,0.0247953405205869,0.0247953405205876,0.0186596168284253,,,confirmation,volatile,high_volatility,2024-01-02,PASS,1.8490127913929046,1.328823670313284,1.3288236703132834,0.5201891210796212
hybrid_qaoa_assisted_v3,c02_volatile_20240102_high_volatility,random_stratified,candidate_budget,OK,,256,256,0,256,100,0.0040033330005826,0.3253717920015333,256,256,1.3618402728899708,1.345331971601627,,,,,,,,True,1111111111110101,105,0.0330360602051049,1.0212311557788945,0.9921875,0.0330166025766867,0.0248464889016483,11,0.0,0.0,0.0,0.0,0.02,True,1,1111111111110101,1.3618402728899708,0.0165083012883437,0.0327753224654945,"[30.0, 30.0, 30.0, 30.0, 30.0, 30.0, 25.0, 25.0]",0.1294029197732238,0.1499012791392905,0.0,0.0002358446317651,4.716892635303773e-05,0.0943378527060754,0.1441360017765733,-0.2048335456388286,0,0.0165083012883437,0.0165083012883435,0.0124232444508243,,,confirmation,volatile,high_volatility,2024-01-02,PASS,1.8490127913929046,1.328823670313284,1.3288236703132834,0.5201891210796212
hybrid_qaoa_assisted_v3,c02_volatile_20240102_high_volatility,boltzmann,candidate_budget,OK,,256,256,0,256,81,0.0724716660042759,0.2642265419999603,256,256,1.328823670313284,1.3288236703132834,,,,,,,,True,1111111111111111,3,0.0,0.571889447236181,0.828125,0.0,0.0,1,0.00390625,0.00390625,0.03515625,1.0,0.96,True,1,1111111111111111,1.3288236703132834,0.0,0.0,"[30.0, 30.0, 30.0, 30.0, 30.0, 30.0, 30.0, 30.0]",0.1287571010688569,0.1499012791392905,0.0,0.0002437799766089,4.8755995321797946e-05,0.0975119906435958,0.1473041204620275,-0.2036126828931082,0,6.661338147750939e-16,0.0,0.0,62.70143816079832,MATCHED,confirmation,volatile,high_volatility,2024-01-02,PASS,1.8490127913929046,1.328823670313284,1.3288236703132834,0.5201891210796212
hybrid_qaoa_assisted_v3,c02_volatile_20240102_high_volatility,classical_true_compute,compute_budget,OK,,20000,20000,0,20000,81,0.1961017080029705,0.2943236659993999,20000,20000,1.328823670313284,1.3288236703132834,,,,,,,,True,1111111111111111,103,0.0,1.001281407035176,0.99155,0.0,0.0,1,5e-05,5e-05,0.00045,1.0,1.0,True,1,1111111111111111,1.3288236703132834,0.0,0.0,"[30.0, 30.0, 30.0, 30.0, 30.0, 30.0, 30.0, 30.0]",0.1287571010688569,0.1499012791392905,0.0,0.0002437799766089,4.8755995321797946e-05,0.0975119906435958,0.1473041204620275,-0.2036126828931082,0,6.661338147750939e-16,0.0,0.0,,,confirmation,volatile,high_volatility,2024-01-02,PASS,1.8490127913929046,1.328823670313284,1.3288236703132834,0.5201891210796212
hybrid_qaoa_assisted_v3,c02_volatile_20240102_high_volatility,random_uniform_compute,compute_budget,OK,,20000,20000,0,20000,91,0.0785373329999856,0.3067994579978403,20000,20000,1.3448528436699434,1.3368382569916135,,,,,,,,True,1111111111111101,17336,0.0160374745205365,1.003894472361809,0.99605,0.0160291733566593,0.0120626789804852,2,0.0,0.0,0.0002,0.4,0.32,True,1,1111111111111101,1.3448528436699434,0.0080145866783296,0.0156481553455178,"[30.0, 30.0, 30.0, 30.0, 30.0, 30.0, 30.0, 25.0]",0.1290646909927733,0.1499012791392905,0.0,0.0002398804997521,4.797609995043339e-05,0.0959521999008667,0.145747281331798,-0.2042190066686171,0,0.0080145866783296,0.0080145866783303,0.0060313394902431,,,confirmation,volatile,high_volatility,2024-01-02,PASS,1.8490127913929046,1.328823670313284,1.3288236703132834,0.5201891210796212
hybrid_qaoa_assisted_v3,c02_volatile_20240102_high_volatility,classical_true_compute_transfer,compute_budget,OK,,20000,20000,0,20000,81,0.2108357090037316,0.2762194579991046,20000,20000,1.328823670313284,1.3288236703132834,,,,,,,,True,1111111111111111,89,0.0,1.0021708542713568,0.9917,0.0,0.0,1,5e-05,5e-05,0.00045,1.0,1.0,True,1,1111111111111111,1.3288236703132834,0.0,0.0,"[30.0, 30.0, 30.0, 30.0, 30.0, 30.0, 30.0, 30.0]",0.1287571010688569,0.1499012791392905,0.0,0.0002437799766089,4.8755995321797946e-05,0.0975119906435958,0.1473041204620275,-0.2036126828931082,0,6.661338147750939e-16,0.0,0.0,,,confirmation,volatile,high_volatility,2024-01-02,PASS,1.8490127913929046,1.328823670313284,1.3288236703132834,0.5201891210796212
hybrid_qaoa_assisted_v3,c02_volatile_20240102_high_volatility,random_uniform_compute_transfer,compute_budget,OK,,20000,20000,0,20000,91,0.0794659579987637,0.3092153329998837,20000,20000,1.3448528436699434,1.3368382569916135,,,,,,,,True,1111111111111101,807,0.0160374745205365,0.974753768844221,0.99605,0.0160291733566593,0.0120626789804852,2,0.0,0.0,0.00015,0.3,0.44,True,1,1111111111111101,1.3448528436699434,0.0080145866783296,0.0156481553455178,"[30.0, 30.0, 30.0, 30.0, 30.0, 30.0, 30.0, 25.0]",0.1290646909927733,0.1499012791392905,0.0,0.0002398804997521,4.797609995043339e-05,0.0959521999008667,0.145747281331798,-0.2042190066686171,0,0.0080145866783296,0.0080145866783303,0.0060313394902431,,,confirmation,volatile,high_volatility,2024-01-02,PASS,1.8490127913929046,1.328823670313284,1.3288236703132834,0.5201891210796212
hybrid_qaoa_assisted_v3,c02_volatile_20240102_high_volatility,heuristic_baselines,ablation,OK,,3,3,0,3,59,2.0125000446569175e-05,0.1940422080006101,3,3,1.328823670313284,1.3288236703132834,,,,,,,,True,1111111111111111,3,0.0,1.0666666666666669,0.6666666666666666,0.0,0.0,1,0.3333333333333333,0.3333333333333333,0.3333333333333333,0.1,0.02,True,1,1111111111111111,1.3288236703132834,0.0,0.0,"[30.0, 30.0, 30.0, 30.0, 30.0, 30.0, 30.0, 30.0]",0.1287571010688569,0.1499012791392905,0.0,0.0002437799766089,4.8755995321797946e-05,0.0975119906435958,0.1473041204620275,-0.2036126828931082,0,6.661338147750939e-16,0.0,0.0,,,confirmation,volatile,high_volatility,2024-01-02,PASS,1.8490127913929046,1.328823670313284,1.3288236703132834,0.5201891210796212
hybrid_qaoa_assisted_v3,c03_stress_20250408_high_cash,qaoa,candidate_budget,OK,,256,256,0,256,81,199.50073341700045,0.2721657500005676,256,256,0.8659936772869984,0.8659936772869996,10.0,10.0,199.49757804199908,200.0,430.0,0.15322265625,0.44716796875,True,1111111111111111,1,0.0,0.4596884422110552,0.7890625,0.0,0.0,1,0.00390625,0.00390625,0.03515625,1.0,1.0,True,1,1111111111111111,0.8659936772869996,0.0,0.0,"[30.0, 30.0, 30.0, 30.0, 30.0, 30.0, 30.0, 30.0]",0.0689648495495097,0.0795397039881586,0.0019538639445874,0.0001448275862068,2.8965517241379313e-05,0.0579310344827586,0.357838031714938,-0.1193776307637175,0,-1.2212453270876722e-15,0.0,0.0,,,confirmation,stress,high_cash,2025-04-08,PASS,1.1453970398815865,0.8659936772869984,0.8659936772869996,0.27940336259458687
hybrid_qaoa_assisted_v3,c03_stress_20250408_high_cash,qaoa_transfer,candidate_budget,OK,,256,256,0,256,81,60.11570945900894,0.2905624580016592,256,256,0.8659936772869984,0.8659936772869996,10.0,10.0,60.11370208400331,10.0,100.0,0.26416015625,0.6652343749999999,True,1111111111111111,1,0.0,0.4526934673366834,0.8125,0.0,0.0,1,0.00390625,0.00390625,0.03515625,1.0,0.96,True,1,1111111111111111,0.8659936772869996,0.0,0.0,"[30.0, 30.0, 30.0, 30.0, 30.0, 30.0, 30.0, 30.0]",0.0689648495495097,0.0795397039881586,0.0019538639445874,0.0001448275862068,2.8965517241379313e-05,0.0579310344827586,0.357838031714938,-0.1193776307637175,0,-1.2212453270876722e-15,0.0,0.0,,,confirmation,stress,high_cash,2025-04-08,PASS,1.1453970398815865,0.8659936772869984,0.8659936772869996,0.27940336259458687
hybrid_qaoa_assisted_v3,c03_stress_20250408_high_cash,classical_true,candidate_budget,OK,,256,256,0,256,81,0.0012420420025591,0.2759755830047652,256,256,0.8659936772869984,0.8659936772869996,,,,,,,,True,1111111111111111,160,0.0,0.7767135678391961,0.0,0.0,0.0,1,0.00390625,0.00390625,0.03515625,1.0,0.54,True,1,1111111111111111,0.8659936772869996,0.0,0.0,"[30.0, 30.0, 30.0, 30.0, 30.0, 30.0, 30.0, 30.0]",0.0689648495495097,0.0795397039881586,0.0019538639445874,0.0001448275862068,2.8965517241379313e-05,0.0579310344827586,0.357838031714938,-0.1193776307637175,0,-1.2212453270876722e-15,0.0,0.0,,,confirmation,stress,high_cash,2025-04-08,PASS,1.1453970398815865,0.8659936772869984,0.8659936772869996,0.27940336259458687
hybrid_qaoa_assisted_v3,c03_stress_20250408_high_cash,classical_surrogate,candidate_budget,OK,,256,256,0,256,81,0.0028643750047194,0.2650643339948146,256,256,0.8659936772869984,0.8659936772869996,,,,,,,,True,1111111111111111,10,0.0,0.8073417085427135,0.921875,0.0,0.0,1,0.00390625,0.00390625,0.03125,0.8,0.48,True,1,1111111111111111,0.8659936772869996,0.0,0.0,"[30.0, 30.0, 30.0, 30.0, 30.0, 30.0, 30.0, 30.0]",0.0689648495495097,0.0795397039881586,0.0019538639445874,0.0001448275862068,2.8965517241379313e-05,0.0579310344827586,0.357838031714938,-0.1193776307637175,0,-1.2212453270876722e-15,0.0,0.0,,,confirmation,stress,high_cash,2025-04-08,PASS,1.1453970398815865,0.8659936772869984,0.8659936772869996,0.27940336259458687
hybrid_qaoa_assisted_v3,c03_stress_20250408_high_cash,random_uniform,candidate_budget,OK,,256,256,0,256,102,0.0016101660003187,0.336594000000332,256,256,0.8905357512478411,0.8782647142674195,,,,,,,,True,1101011111111111,165,0.0245501142392767,1.0014824120603014,0.99609375,0.0245420739608427,0.0283397842322921,41,0.0,0.0,0.0,0.0,0.02,True,1,1101011111111111,0.890535751247841,0.0122710369804215,0.0459361739625073,"[30.0, 25.0, 25.0, 30.0, 30.0, 30.0, 30.0, 30.0]",0.0694735521540738,0.0795397039881586,0.0018621316487845,0.0001387931034482,2.7758620689655175e-05,0.0555172413793103,0.355427779200389,-0.1203121163896189,0,0.0122710369804216,0.0122710369804198,0.0141698921161443,,,confirmation,stress,high_cash,2025-04-08,PASS,1.1453970398815865,0.8659936772869984,0.8659936772869996,0.27940336259458687
hybrid_qaoa_assisted_v3,c03_stress_20250408_high_cash,random_stratified,candidate_budget,OK,,256,256,0,256,100,0.0038058749996707,0.3478190839960007,256,256,0.8886930605917256,0.8773433689393618,,,,,,,,True,1111111111110101,105,0.0226535610345945,1.0212311557788945,0.99609375,0.0226993833047272,0.0262119503872594,22,0.0,0.0,0.0,0.0,0.02,True,1,1111111111110101,0.8886930605917253,0.0113496916523634,0.0423411162864085,"[30.0, 30.0, 30.0, 30.0, 30.0, 30.0, 25.0, 25.0]",0.0693506842647117,0.0795397039881586,0.0019235983618971,0.0001387931034482,2.7758620689655175e-05,0.0555172413793103,0.355427779200389,-0.1200238841979558,0,0.0113496916523637,0.0113496916523622,0.0131059751936281,,,confirmation,stress,high_cash,2025-04-08,PASS,1.1453970398815865,0.8659936772869984,0.8659936772869996,0.27940336259458687
hybrid_qaoa_assisted_v3,c03_stress_20250408_high_cash,boltzmann,candidate_budget,OK,,256,256,0,256,81,0.0765911670023342,0.2784793750033714,256,256,0.8659936772869984,0.8659936772869996,,,,,,,,True,1111111111111111,2,0.0,0.5345075376884423,0.80078125,0.0,0.0,1,0.00390625,0.00390625,0.03515625,1.0,0.94,True,1,1111111111111111,0.8659936772869996,0.0,0.0,"[30.0, 30.0, 30.0, 30.0, 30.0, 30.0, 30.0, 30.0]",0.0689648495495097,0.0795397039881586,0.0019538639445874,0.0001448275862068,2.8965517241379313e-05,0.0579310344827586,0.357838031714938,-0.1193776307637175,0,-1.2212453270876722e-15,0.0,0.0,136.2743058584249,MATCHED,confirmation,stress,high_cash,2025-04-08,PASS,1.1453970398815865,0.8659936772869984,0.8659936772869996,0.27940336259458687
hybrid_qaoa_assisted_v3,c03_stress_20250408_high_cash,classical_true_compute,compute_budget,OK,,20000,20000,0,20000,81,0.2330037499996251,0.2935209589995793,20000,20000,0.8659936772869984,0.8659936772869996,,,,,,,,True,1111111111111111,104,0.0,0.984778894472362,0.991,0.0,0.0,1,5e-05,5e-05,0.00045,1.0,1.0,True,1,1111111111111111,0.8659936772869996,0.0,0.0,"[30.0, 30.0, 30.0, 30.0, 30.0, 30.0, 30.0, 30.0]",0.0689648495495097,0.0795397039881586,0.0019538639445874,0.0001448275862068,2.8965517241379313e-05,0.0579310344827586,0.357838031714938,-0.1193776307637175,0,-1.2212453270876722e-15,0.0,0.0,,,confirmation,stress,high_cash,2025-04-08,PASS,1.1453970398815865,0.8659936772869984,0.8659936772869996,0.27940336259458687
hybrid_qaoa_assisted_v3,c03_stress_20250408_high_cash,random_uniform_compute,compute_budget,OK,,20000,20000,0,20000,91,0.1047255840021534,0.3146207079989835,20000,20000,0.8768810634385957,0.8714373703627974,,,,,,,,True,1111111111111101,17336,0.0108167004258441,1.003894472361809,0.99615,0.0108873861515973,0.012572131225837,3,0.0,0.0,0.0002,0.4,0.32,True,1,1111111111111101,0.8768810634385954,0.0054436930757979,0.0198704177346972,"[30.0, 30.0, 30.0, 30.0, 30.0, 30.0, 30.0, 25.0]",0.0691517336291115,0.0795397039881586,0.0019045671591639,0.0001418103448275,2.8362068965517244e-05,0.0567241379310344,0.356632901820991,-0.1197086601297029,0,0.0054436930757982,0.0054436930757978,0.0062860656129175,,,confirmation,stress,high_cash,2025-04-08,PASS,1.1453970398815865,0.8659936772869984,0.8659936772869996,0.27940336259458687
hybrid_qaoa_assisted_v3,c03_stress_20250408_high_cash,classical_true_compute_transfer,compute_budget,OK,,18870,18870,0,18870,81,0.1989591669989749,0.2787809159999597,18870,18870,0.8659936772869984,0.8659936772869996,,,,,,,,True,1111111111111111,89,0.0,0.9961859296482412,0.9915209326974032,0.0,0.0,1,5.299417064122947e-05,5.299417064122947e-05,0.000476947535771,1.0,1.0,True,1,1111111111111111,0.8659936772869996,0.0,0.0,"[30.0, 30.0, 30.0, 30.0, 30.0, 30.0, 30.0, 30.0]",0.0689648495495097,0.0795397039881586,0.0019538639445874,0.0001448275862068,2.8965517241379313e-05,0.0579310344827586,0.357838031714938,-0.1193776307637175,0,-1.2212453270876722e-15,0.0,0.0,,,confirmation,stress,high_cash,2025-04-08,PASS,1.1453970398815865,0.8659936772869984,0.8659936772869996,0.27940336259458687
hybrid_qaoa_assisted_v3,c03_stress_20250408_high_cash,random_uniform_compute_transfer,compute_budget,OK,,18870,18870,0,18870,93,0.0780273749987827,0.3135686659952625,18870,18870,0.8771638396576976,0.8715787584723483,,,,,,,,True,1111111111011111,9897,0.0111459145868513,1.0159748743718593,0.9965023847376788,0.0111701623706992,0.0128986650407117,4,0.0,0.0,0.0001059883412824,0.2,0.38,True,1,1111111111011111,0.8771638396576974,0.005585081185349,0.0203970354229264,"[30.0, 30.0, 30.0, 30.0, 30.0, 25.0, 30.0, 30.0]",0.0691571497218965,0.0795397039881586,0.0019220125955041,0.0001418103448275,2.8362068965517244e-05,0.0567241379310344,0.356632901820991,-0.119722251083256,0,0.0055850811853492,0.0055850811853487,0.0064493325203548,,,confirmation,stress,high_cash,2025-04-08,PASS,1.1453970398815865,0.8659936772869984,0.8659936772869996,0.27940336259458687
hybrid_qaoa_assisted_v3,c03_stress_20250408_high_cash,heuristic_baselines,ablation,OK,,3,3,0,3,59,1.76659959834069e-05,0.1931047499965643,3,3,0.8659936772869984,0.8659936772869996,,,,,,,,True,1111111111111111,3,0.0,1.0666666666666669,0.6666666666666666,0.0,0.0,1,0.3333333333333333,0.3333333333333333,0.3333333333333333,0.1,0.02,True,1,1111111111111111,0.8659936772869996,0.0,0.0,"[30.0, 30.0, 30.0, 30.0, 30.0, 30.0, 30.0, 30.0]",0.0689648495495097,0.0795397039881586,0.0019538639445874,0.0001448275862068,2.8965517241379313e-05,0.0579310344827586,0.357838031714938,-0.1193776307637175,0,-1.2212453270876722e-15,0.0,0.0,,,confirmation,stress,high_cash,2025-04-08,PASS,1.1453970398815865,0.8659936772869984,0.8659936772869996,0.27940336259458687
hybrid_qaoa_assisted_v3,c04_normal_20240321_do_not_sell,qaoa,candidate_budget,OK,,256,256,0,256,81,183.6449868339987,0.2638132089996361,256,256,1.1947637678328034,1.1947637678328034,10.0,10.0,183.64100104200045,200.0,393.0,0.11416015625,0.3447265625,True,1111111111111111,1,0.0,0.463532663316583,0.78125,0.0,0.0,1,0.03125,0.16796875,0.98828125,1.0,1.0,True,1,1111111111111111,1.1947637678328034,0.0,0.0,"[30.0, 30.0, 30.0, 30.0, 30.0, 30.0, 30.0, 30.0]",0.1168257181327942,0.1316200159572619,0.0,0.0002038968192681,4.0779363853631886e-05,0.0815587277072637,0.1313816191822572,-0.1925423138486861,0,0.0,0.0,0.0,,,confirmation,normal,do_not_sell,2024-03-21,PASS,1.3162001595726194,1.1947637678328034,1.1947637678328034,0.12143639173981602
hybrid_qaoa_assisted_v3,c04_normal_20240321_do_not_sell,qaoa_transfer,candidate_budget,OK,,256,256,0,256,81,60.0636040419995,0.2653031660011038,256,256,1.1947637678328034,1.1947637678328034,10.0,10.0,60.06126824999956,10.0,100.0,0.2087890625,0.5594726562500001,True,1111111111111111,1,0.0,0.4698994974874372,0.79296875,0.0,0.0,1,0.03125,0.1640625,0.859375,1.0,0.98,True,1,1111111111111111,1.1947637678328034,0.0,0.0,"[30.0, 30.0, 30.0, 30.0, 30.0, 30.0, 30.0, 30.0]",0.1168257181327942,0.1316200159572619,0.0,0.0002038968192681,4.0779363853631886e-05,0.0815587277072637,0.1313816191822572,-0.1925423138486861,0,0.0,0.0,0.0,,,confirmation,normal,do_not_sell,2024-03-21,PASS,1.3162001595726194,1.1947637678328034,1.1947637678328034,0.12143639173981602
hybrid_qaoa_assisted_v3,c04_normal_20240321_do_not_sell,classical_true,candidate_budget,OK,,256,256,0,256,81,0.0012334159982856,0.2709128749993397,256,256,1.1947637678328034,1.1947637678328034,,,,,,,,True,1111111111111111,155,0.0,0.772894472361809,0.0,0.0,0.0,1,0.03125,0.09765625,0.3359375,1.0,0.52,True,1,1111111111111111,1.1947637678328034,0.0,0.0,"[30.0, 30.0, 30.0, 30.0, 30.0, 30.0, 30.0, 30.0]",0.1168257181327942,0.1316200159572619,0.0,0.0002038968192681,4.0779363853631886e-05,0.0815587277072637,0.1313816191822572,-0.1925423138486861,0,0.0,0.0,0.0,,,confirmation,normal,do_not_sell,2024-03-21,PASS,1.3162001595726194,1.1947637678328034,1.1947637678328034,0.12143639173981602
hybrid_qaoa_assisted_v3,c04_normal_20240321_do_not_sell,classical_surrogate,candidate_budget,OK,,256,256,0,256,81,0.0027382080006645,0.2622579579983721,256,256,1.1947637678328034,1.1947637678328034,,,,,,,,True,1111111111111111,10,0.0,0.8107386934673367,0.9140625,0.0,0.0,1,0.02734375,0.08984375,0.3203125,0.8,0.46,True,1,1111111111111111,1.1947637678328034,0.0,0.0,"[30.0, 30.0, 30.0, 30.0, 30.0, 30.0, 30.0, 30.0]",0.1168257181327942,0.1316200159572619,0.0,0.0002038968192681,4.0779363853631886e-05,0.0815587277072637,0.1313816191822572,-0.1925423138486861,0,0.0,0.0,0.0,,,confirmation,normal,do_not_sell,2024-03-21,PASS,1.3162001595726194,1.1947637678328034,1.1947637678328034,0.12143639173981602
hybrid_qaoa_assisted_v3,c04_normal_20240321_do_not_sell,random_uniform,candidate_budget,OK,,256,256,0,256,102,0.0012045840048813,0.3391922080045333,256,256,1.205618166385556,1.2001909671091788,,,,,,,,True,1101011111111111,165,0.0107920243478658,1.0014824120603014,0.99609375,0.0108543985527524,0.0090849746577446,36,0.0,0.00390625,0.015625,0.0,0.02,True,1,1101011111111111,1.205618166385556,0.005427199276377,0.0467824933622166,"[30.0, 25.0, 25.0, 30.0, 30.0, 30.0, 30.0, 30.0]",0.1174795792353805,0.1316200159572619,0.0,0.0001953474981182,3.906949962365187e-05,0.0781389992473037,0.127968650104821,-0.1935437083218001,0,0.005427199276377,0.0054271992763754,0.0045424873288716,,,confirmation,normal,do_not_sell,2024-03-21,PASS,1.3162001595726194,1.1947637678328034,1.1947637678328034,0.12143639173981602
hybrid_qaoa_assisted_v3,c04_normal_20240321_do_not_sell,random_stratified,candidate_budget,OK,,256,256,0,256,100,0.0037640410009771,0.3254309999974794,256,256,1.2026577136093994,1.1987013240280655,,,,,,,,True,1111111111110101,105,0.0079506634834349,1.0212311557788945,0.9921875,0.007893945776596,0.0066071184857865,11,0.0,0.00390625,0.01953125,0.0,0.02,True,1,1111111111110101,1.2026577136093994,0.0039563895813339,0.0336717343878163,"[30.0, 30.0, 30.0, 30.0, 30.0, 30.0, 25.0, 25.0]",0.1173309449662077,0.1316200159572619,0.0,0.0001953221105076,3.906442210152016e-05,0.0781288442030403,0.1279585152197828,-0.1933254524102599,0,0.0039563895813339,0.0039375561952621,0.003295677606967,,,confirmation,normal,do_not_sell,2024-03-21,PASS,1.3162001595726194,1.1947637678328034,1.1947637678328034,0.12143639173981602
hybrid_qaoa_assisted_v3,c04_normal_20240321_do_not_sell,boltzmann,candidate_budget,OK,,256,256,0,256,81,0.0717540410041692,0.2669297499960521,256,256,1.1947637678328034,1.1947637678328034,,,,,,,,True,1111111111111111,4,0.0,0.5841507537688443,0.8359375,0.0,0.0,1,0.03125,0.1484375,0.7109375,1.0,0.86,True,1,1111111111111111,1.1947637678328034,0.0,0.0,"[30.0, 30.0, 30.0, 30.0, 30.0, 30.0, 30.0, 30.0]",0.1168257181327942,0.1316200159572619,0.0,0.0002038968192681,4.0779363853631886e-05,0.0815587277072637,0.1313816191822572,-0.1925423138486861,0,0.0,0.0,0.0,246.1370249841176,MATCHED,confirmation,normal,do_not_sell,2024-03-21,PASS,1.3162001595726194,1.1947637678328034,1.1947637678328034,0.12143639173981602
hybrid_qaoa_assisted_v3,c04_normal_20240321_do_not_sell,classical_true_compute,compute_budget,OK,,20000,20000,0,20000,81,0.2111484170018229,0.2760203329962678,20000,20000,1.1947637678328034,1.1947637678328034,,,,,,,,True,1111111111111111,103,0.0,0.9649849246231156,0.9909,0.0,0.0,1,0.0004,0.00215,0.03605,1.0,1.0,True,1,1111111111111111,1.1947637678328034,0.0,0.0,"[30.0, 30.0, 30.0, 30.0, 30.0, 30.0, 30.0, 30.0]",0.1168257181327942,0.1316200159572619,0.0,0.0002038968192681,4.0779363853631886e-05,0.0815587277072637,0.1313816191822572,-0.1925423138486861,0,0.0,0.0,0.0,,,confirmation,normal,do_not_sell,2024-03-21,PASS,1.3162001595726194,1.1947637678328034,1.1947637678328034,0.12143639173981602
hybrid_qaoa_assisted_v3,c04_normal_20240321_do_not_sell,random_uniform_compute,compute_budget,OK,,20000,20000,0,20000,91,0.0783272079934249,0.3152949159994023,20000,20000,1.1986175509859542,1.1966906594093791,,,,,,,,True,1111111111111101,17336,0.0038995196706734,1.003894472361809,0.9961,0.0038537831531508,0.0032255607818952,2,0.0002,0.0007,0.01125,0.4,0.32,True,1,1111111111111101,1.1986175509859551,0.0019268915765759,0.0161233339102248,"[30.0, 30.0, 30.0, 30.0, 30.0, 30.0, 30.0, 25.0]",0.1170744246263861,0.1316200159572619,0.0,0.000199587793427,3.991755868541235e-05,0.0798351173708247,0.1296614084117952,-0.1928851676774305,0,0.0019268915765751,0.0019268915765757,0.0016127803909478,,,confirmation,normal,do_not_sell,2024-03-21,PASS,1.3162001595726194,1.1947637678328034,1.1947637678328034,0.12143639173981602
hybrid_qaoa_assisted_v3,c04_normal_20240321_do_not_sell,classical_true_compute_transfer,compute_budget,OK,,18440,18440,0,18440,81,0.1831820840016007,0.2762391669966746,18440,18440,1.1947637678328034,1.1947637678328034,,,,,,,,True,1111111111111111,89,0.0,0.9804422110552764,0.9911605206073753,0.0,0.0,1,0.0004338394793926,0.0023318872017353,0.0390455531453362,1.0,1.0,True,1,1111111111111111,1.1947637678328034,0.0,0.0,"[30.0, 30.0, 30.0, 30.0, 30.0, 30.0, 30.0, 30.0]",0.1168257181327942,0.1316200159572619,0.0,0.0002038968192681,4.0779363853631886e-05,0.0815587277072637,0.1313816191822572,-0.1925423138486861,0,0.0,0.0,0.0,,,confirmation,normal,do_not_sell,2024-03-21,PASS,1.3162001595726194,1.1947637678328034,1.1947637678328034,0.12143639173981602
hybrid_qaoa_assisted_v3,c04_normal_20240321_do_not_sell,random_uniform_compute_transfer,compute_budget,OK,,18440,18440,0,18440,92,0.0856383749996894,0.3170856669967179,18440,18440,1.1994524011521068,1.197108084492455,,,,,,,,True,1111111111011111,9467,0.0047409555855624,0.9921507537688444,0.9963123644251628,0.0046886333193034,0.0039243183008539,5,5.422993492407809e-05,0.0009761388286334,0.0117678958785249,0.2,0.36,True,1,1111111111011111,1.1994524011521068,0.0023443166596517,0.0196849089922541,"[30.0, 30.0, 30.0, 30.0, 30.0, 25.0, 30.0, 30.0]",0.1171069088669909,0.1316200159572619,0.0,0.0002002999678657,4.005999357314784e-05,0.0801199871462956,0.129945715301029,-0.1928311461020082,0,0.0023443166596517,0.0023443166596517,0.0019621591504269,,,confirmation,normal,do_not_sell,2024-03-21,PASS,1.3162001595726194,1.1947637678328034,1.1947637678328034,0.12143639173981602
hybrid_qaoa_assisted_v3,c04_normal_20240321_do_not_sell,heuristic_baselines,ablation,OK,,3,3,0,3,59,1.904200325952843e-05,0.1975044580030953,3,3,1.1947637678328034,1.1947637678328034,,,,,,,,True,1111111111111111,3,0.0,1.0666666666666669,0.6666666666666666,0.0,0.0,1,0.3333333333333333,0.3333333333333333,0.3333333333333333,0.1,0.02,True,1,1111111111111111,1.1947637678328034,0.0,0.0,"[30.0, 30.0, 30.0, 30.0, 30.0, 30.0, 30.0, 30.0]",0.1168257181327942,0.1316200159572619,0.0,0.0002038968192681,4.0779363853631886e-05,0.0815587277072637,0.1313816191822572,-0.1925423138486861,0,0.0,0.0,0.0,,,confirmation,normal,do_not_sell,2024-03-21,PASS,1.3162001595726194,1.1947637678328034,1.1947637678328034,0.12143639173981602
hybrid_qaoa_assisted_v3,c05_volatile_20240415_liquidity_constrained,qaoa,candidate_budget,OK,,256,256,0,256,81,193.5145835430012,0.2639000839990331,256,256,1.2591453019578216,1.2591453019578216,10.0,10.0,193.51095895899925,200.0,422.0,0.15732421875,0.43525390625,True,1111111111111111,1,0.0,0.4586834170854271,0.78125,0.0,0.0,1,0.0234375,0.15234375,0.95703125,1.0,1.0,True,1,1111111111111111,1.2591453019578216,0.0,0.0,"[30.0, 30.0, 30.0, 30.0, 30.0, 30.0, 30.0, 30.0]",0.123359357781989,0.1396003917099822,0.0,0.0001965517241379,3.93103448275862e-05,0.0786206896551724,0.1284493848790969,-0.2034866123046934,0,0.0,0.0,0.0,,,confirmation,volatile,liquidity_constrained,2024-04-15,PASS,1.3960039170998229,1.2591453019578216,1.2591453019578216,0.13685861514200126
hybrid_qaoa_assisted_v3,c05_volatile_20240415_liquidity_constrained,qaoa_transfer,candidate_budget,OK,,256,256,0,256,81,59.41912033400149,0.2847686250024708,256,256,1.2591453019578216,1.2591453019578216,10.0,10.0,59.41647270899557,10.0,100.0,0.23974609375,0.6156250000000001,True,1111111111111111,1,0.0,0.460894472361809,0.79296875,0.0,0.0,1,0.0234375,0.1484375,0.9453125,1.0,0.98,True,1,1111111111111111,1.2591453019578216,0.0,0.0,"[30.0, 30.0, 30.0, 30.0, 30.0, 30.0, 30.0, 30.0]",0.123359357781989,0.1396003917099822,0.0,0.0001965517241379,3.93103448275862e-05,0.0786206896551724,0.1284493848790969,-0.2034866123046934,0,0.0,0.0,0.0,,,confirmation,volatile,liquidity_constrained,2024-04-15,PASS,1.3960039170998229,1.2591453019578216,1.2591453019578216,0.13685861514200126
hybrid_qaoa_assisted_v3,c05_volatile_20240415_liquidity_constrained,classical_true,candidate_budget,OK,,256,256,0,256,81,0.001223375002155,0.2790722499994444,256,256,1.2591453019578216,1.2591453019578216,,,,,,,,True,1111111111111111,155,0.0,0.772894472361809,0.0,0.0,0.0,1,0.0234375,0.08203125,0.28125,1.0,0.54,True,1,1111111111111111,1.2591453019578216,0.0,0.0,"[30.0, 30.0, 30.0, 30.0, 30.0, 30.0, 30.0, 30.0]",0.123359357781989,0.1396003917099822,0.0,0.0001965517241379,3.93103448275862e-05,0.0786206896551724,0.1284493848790969,-0.2034866123046934,0,0.0,0.0,0.0,,,confirmation,volatile,liquidity_constrained,2024-04-15,PASS,1.3960039170998229,1.2591453019578216,1.2591453019578216,0.13685861514200126
hybrid_qaoa_assisted_v3,c05_volatile_20240415_liquidity_constrained,classical_surrogate,candidate_budget,OK,,256,256,0,256,81,0.0030696660032845,0.2658903330011526,256,256,1.2591453019578216,1.2591453019578216,,,,,,,,True,1111111111111111,10,0.0,0.8151608040201005,0.91796875,0.0,0.0,1,0.0234375,0.08984375,0.28515625,0.8,0.46,True,1,1111111111111111,1.2591453019578216,0.0,0.0,"[30.0, 30.0, 30.0, 30.0, 30.0, 30.0, 30.0, 30.0]",0.123359357781989,0.1396003917099822,0.0,0.0001965517241379,3.93103448275862e-05,0.0786206896551724,0.1284493848790969,-0.2034866123046934,0,0.0,0.0,0.0,,,confirmation,volatile,liquidity_constrained,2024-04-15,PASS,1.3960039170998229,1.2591453019578216,1.2591453019578216,0.13685861514200126
hybrid_qaoa_assisted_v3,c05_volatile_20240415_liquidity_constrained,random_uniform,candidate_budget,OK,,256,256,0,256,102,0.0012117919977754,0.372639999994135,256,256,1.2721562069128418,1.2656383340214483,,,,,,,,True,1101011111111111,165,0.0131023834834069,1.0014824120603014,0.99609375,0.0130109049550202,0.0103331243302816,41,0.0,0.0,0.0078125,0.0,0.02,True,1,1101011111111111,1.2721562069128416,0.0065178728913932,0.049996883667331,"[30.0, 25.0, 25.0, 30.0, 30.0, 30.0, 30.0, 30.0]",0.1241151265055931,0.1396003917099822,0.0,0.0001883620689655,3.767241379310344e-05,0.0753448275862068,0.1251800446894522,-0.2047949695656246,0,0.0065178728913934,0.0064930320636267,0.0051566980026299,,,confirmation,volatile,liquidity_constrained,2024-04-15,PASS,1.3960039170998229,1.2591453019578216,1.2591453019578216,0.13685861514200126
hybrid_qaoa_assisted_v3,c05_volatile_20240415_liquidity_constrained,random_stratified,candidate_budget,OK,,256,256,0,256,100,0.0037118330001248,0.3337088330008555,256,256,1.2688467627298614,1.2639960323438413,,,,,,,,True,1111111111110101,105,0.0096663581560954,1.0212311557788945,0.9921875,0.0097014607720398,0.0077047984509454,11,0.0,0.00390625,0.01953125,0.0,0.02,True,1,1111111111110101,1.2688467627298612,0.0048507303860199,0.0367457625352194,"[30.0, 30.0, 30.0, 30.0, 30.0, 30.0, 25.0, 25.0]",0.1239508963378324,0.1396003917099822,0.0,0.0001883620689655,3.767241379310345e-05,0.0753448275862068,0.1251800446894523,-0.2044406388723599,0,0.0048507303860201,0.0048507303860196,0.0038523992254725,,,confirmation,volatile,liquidity_constrained,2024-04-15,PASS,1.3960039170998229,1.2591453019578216,1.2591453019578216,0.13685861514200126
hybrid_qaoa_assisted_v3,c05_volatile_20240415_liquidity_constrained,boltzmann,candidate_budget,OK,,256,256,0,256,81,0.0709398339968174,0.270576417002303,256,256,1.2591453019578216,1.2591453019578216,,,,,,,,True,1111111111111111,2,0.0,0.5471658291457286,0.80859375,0.0,0.0,1,0.0234375,0.1484375,0.703125,1.0,0.96,True,1,1111111111111111,1.2591453019578216,0.0,0.0,"[30.0, 30.0, 30.0, 30.0, 30.0, 30.0, 30.0, 30.0]",0.123359357781989,0.1396003917099822,0.0,0.0001965517241379,3.93103448275862e-05,0.0786206896551724,0.1284493848790969,-0.2034866123046934,0,0.0,0.0,0.0,260.5774310771038,MATCHED,confirmation,volatile,liquidity_constrained,2024-04-15,PASS,1.3960039170998229,1.2591453019578216,1.2591453019578216,0.13685861514200126
hybrid_qaoa_assisted_v3,c05_volatile_20240415_liquidity_constrained,classical_true_compute,compute_budget,OK,,20000,20000,0,20000,81,0.2044255410000914,0.2812032500005443,20000,20000,1.2591453019578216,1.2591453019578216,,,,,,,,True,1111111111111111,103,0.0,0.987070351758794,0.9912,0.0,0.0,1,0.0003,0.00195,0.0245,1.0,1.0,True,1,1111111111111111,1.2591453019578216,0.0,0.0,"[30.0, 30.0, 30.0, 30.0, 30.0, 30.0, 30.0, 30.0]",0.123359357781989,0.1396003917099822,0.0,0.0001965517241379,3.93103448275862e-05,0.0786206896551724,0.1284493848790969,-0.2034866123046934,0,0.0,0.0,0.0,,,confirmation,volatile,liquidity_constrained,2024-04-15,PASS,1.3960039170998229,1.2591453019578216,1.2591453019578216,0.13685861514200126
hybrid_qaoa_assisted_v3,c05_volatile_20240415_liquidity_constrained,random_uniform_compute,compute_budget,OK,,20000,20000,0,20000,91,0.080425500003912,0.304461125000671,20000,20000,1.2639711463356131,1.261554031563004,,,,,,,,True,1111111111111101,17336,0.0048100604597851,1.003894472361809,0.9961,0.0048258443777915,0.0038326350186018,2,0.0002,0.00055,0.0071,0.4,0.32,True,1,1111111111111101,1.2639711463356131,0.002417114772609,0.0179778120521133,"[30.0, 30.0, 30.0, 30.0, 30.0, 30.0, 30.0, 25.0]",0.123653463501128,0.1396003917099822,0.0,0.0001924568965517,3.8491379310344826e-05,0.0769827586206896,0.1268147080892938,-0.2039291092528377,0,0.002417114772609,0.0024087296051824,0.0019129878032639,,,confirmation,volatile,liquidity_constrained,2024-04-15,PASS,1.3960039170998229,1.2591453019578216,1.2591453019578216,0.13685861514200126
hybrid_qaoa_assisted_v3,c05_volatile_20240415_liquidity_constrained,classical_true_compute_transfer,compute_budget,OK,,18630,18630,0,18630,81,0.1712657080061035,0.2760764590057079,18630,18630,1.2591453019578216,1.2591453019578216,,,,,,,,True,1111111111111111,89,0.0,0.9668844221105528,0.9915727321524423,0.0,0.0,1,0.0003220611916264,0.0020933977455716,0.0263016639828234,1.0,1.0,True,1,1111111111111111,1.2591453019578216,0.0,0.0,"[30.0, 30.0, 30.0, 30.0, 30.0, 30.0, 30.0, 30.0]",0.123359357781989,0.1396003917099822,0.0,0.0001965517241379,3.93103448275862e-05,0.0786206896551724,0.1284493848790969,-0.2034866123046934,0,0.0,0.0,0.0,,,confirmation,volatile,liquidity_constrained,2024-04-15,PASS,1.3960039170998229,1.2591453019578216,1.2591453019578216,0.13685861514200126
hybrid_qaoa_assisted_v3,c05_volatile_20240415_liquidity_constrained,random_uniform_compute_transfer,compute_budget,OK,,18630,18630,0,18630,92,0.0861591670036432,0.3018942089984193,18630,18630,1.2642726104906057,1.261700076676163,,,,,,,,True,1111111111011111,9657,0.0051230884059121,1.010386934673367,0.9963499731615674,0.0051273085327838,0.0040720546904408,5,5.367686527106817e-05,0.000805152979066,0.0083199141170155,0.2,0.36,True,1,1111111111011111,1.2642726104906057,0.0025725338144424,0.0191545811819484,"[30.0, 30.0, 30.0, 30.0, 30.0, 25.0, 30.0, 30.0]",0.1236680680124439,0.1396003917099822,0.0,0.0001924568965517,3.849137931034482e-05,0.0769827586206896,0.1268147080892938,-0.2041422141034502,0,0.0025725338144424,0.0025547747183414,0.0020289753012373,,,confirmation,volatile,liquidity_constrained,2024-04-15,PASS,1.3960039170998229,1.2591453019578216,1.2591453019578216,0.13685861514200126
hybrid_qaoa_assisted_v3,c05_volatile_20240415_liquidity_constrained,heuristic_baselines,ablation,OK,,3,3,0,3,59,2.270800177939236e-05,0.1821686249968479,3,3,1.2591453019578216,1.2591453019578216,,,,,,,,True,1111111111111111,3,0.0,1.0666666666666669,0.6666666666666666,0.0,0.0,1,0.3333333333333333,0.3333333333333333,0.3333333333333333,0.1,0.02,True,1,1111111111111111,1.2591453019578216,0.0,0.0,"[30.0, 30.0, 30.0, 30.0, 30.0, 30.0, 30.0, 30.0]",0.123359357781989,0.1396003917099822,0.0,0.0001965517241379,3.93103448275862e-05,0.0786206896551724,0.1284493848790969,-0.2034866123046934,0,0.0,0.0,0.0,,,confirmation,volatile,liquidity_constrained,2024-04-15,PASS,1.3960039170998229,1.2591453019578216,1.2591453019578216,0.13685861514200126
hybrid_qaoa_assisted_v3,c06_stress_20250509_diversified,qaoa,candidate_budget,OK,,256,256,0,256,81,195.72718066700327,0.2617936250026105,256,256,0.9907752819218856,0.9907752819218852,10.0,10.0,195.72390016700228,200.0,427.0,0.12880859375,0.3876953125,True,1111111111111111,1,0.0,0.4525628140703517,0.76953125,0.0,0.0,1,0.00390625,0.00390625,0.03515625,1.0,1.0,True,1,1111111111111111,0.9907752819218852,0.0,0.0,"[30.0, 30.0, 30.0, 30.0, 30.0, 30.0, 30.0, 30.0]",0.087554786844172,0.1014895066199781,0.0028320344201709,0.0001965517241379,3.93103448275862e-05,0.0786206896551724,0.1284493848790969,-0.1773193333494538,0,3.3306690738754696e-16,0.0,0.0,,,confirmation,stress,diversified,2025-05-09,PASS,1.3648950661997814,0.9907752819218856,0.9907752819218852,0.37411978427789616
hybrid_qaoa_assisted_v3,c06_stress_20250509_diversified,qaoa_transfer,candidate_budget,OK,,256,256,0,256,81,58.80490666599508,0.259434167004656,256,256,0.9907752819218856,0.9907752819218852,10.0,10.0,58.80302195799595,10.0,100.0,0.26845703125,0.6690429687499999,True,1111111111111111,1,0.0,0.4460050251256281,0.828125,0.0,0.0,1,0.00390625,0.00390625,0.03515625,1.0,0.98,True,1,1111111111111111,0.9907752819218852,0.0,0.0,"[30.0, 30.0, 30.0, 30.0, 30.0, 30.0, 30.0, 30.0]",0.087554786844172,0.1014895066199781,0.0028320344201709,0.0001965517241379,3.93103448275862e-05,0.0786206896551724,0.1284493848790969,-0.1773193333494538,0,3.3306690738754696e-16,0.0,0.0,,,confirmation,stress,diversified,2025-05-09,PASS,1.3648950661997814,0.9907752819218856,0.9907752819218852,0.37411978427789616
hybrid_qaoa_assisted_v3,c06_stress_20250509_diversified,classical_true,candidate_budget,OK,,256,256,0,256,81,0.0012714580007013,0.2560558749974007,256,256,0.9907752819218856,0.9907752819218852,,,,,,,,True,1111111111111111,160,0.0,0.7767135678391961,0.0,0.0,0.0,1,0.00390625,0.00390625,0.03515625,1.0,0.58,True,1,1111111111111111,0.9907752819218852,0.0,0.0,"[30.0, 30.0, 30.0, 30.0, 30.0, 30.0, 30.0, 30.0]",0.087554786844172,0.1014895066199781,0.0028320344201709,0.0001965517241379,3.93103448275862e-05,0.0786206896551724,0.1284493848790969,-0.1773193333494538,0,3.3306690738754696e-16,0.0,0.0,,,confirmation,stress,diversified,2025-05-09,PASS,1.3648950661997814,0.9907752819218856,0.9907752819218852,0.37411978427789616
hybrid_qaoa_assisted_v3,c06_stress_20250509_diversified,classical_surrogate,candidate_budget,OK,,256,256,0,256,81,0.0027439580007921,0.2550139169979957,256,256,0.9907752819218856,0.9907752819218852,,,,,,,,True,1111111111111111,10,0.0,0.8087185929648241,0.921875,0.0,0.0,1,0.00390625,0.00390625,0.03125,0.8,0.48,True,1,1111111111111111,0.9907752819218852,0.0,0.0,"[30.0, 30.0, 30.0, 30.0, 30.0, 30.0, 30.0, 30.0]",0.087554786844172,0.1014895066199781,0.0028320344201709,0.0001965517241379,3.93103448275862e-05,0.0786206896551724,0.1284493848790969,-0.1773193333494538,0,3.3306690738754696e-16,0.0,0.0,,,confirmation,stress,diversified,2025-05-09,PASS,1.3648950661997814,0.9907752819218856,0.9907752819218852,0.37411978427789616
hybrid_qaoa_assisted_v3,c06_stress_20250509_diversified,random_uniform,candidate_budget,OK,,256,256,0,256,102,0.0011531249983818,0.3244872089999262,256,256,1.0233107586299968,1.0070430202759402,,,,,,,,True,1101011111111111,165,0.0325439095724362,1.0014824120603014,0.99609375,0.0325354767081111,0.0328384017059847,40,0.0,0.0,0.0,0.0,0.02,True,1,1101011111111111,1.0233107586299963,0.0162677383540561,0.0454593973664699,"[30.0, 25.0, 25.0, 30.0, 30.0, 30.0, 30.0, 30.0]",0.0882217937615305,0.1014895066199781,0.0026771286010925,0.0001883620689655,3.767241379310345e-05,0.0753448275862068,0.1251800446894523,-0.1783154891568066,0,0.0162677383540565,0.0162677383540549,0.0164192008529917,,,confirmation,stress,diversified,2025-05-09,PASS,1.3648950661997814,0.9907752819218856,0.9907752819218852,0.37411978427789616
hybrid_qaoa_assisted_v3,c06_stress_20250509_diversified,random_stratified,candidate_budget,OK,,256,256,0,256,100,0.0037102499991306,0.3181828330052667,256,256,1.020202707936847,1.0054531105705165,,,,,,,,True,1111111111110101,105,0.02948387362995,1.0212311557788945,0.99609375,0.0294274260149614,0.0297014131780505,14,0.0,0.0,0.0,0.0,0.02,True,1,1111111111110101,1.0202027079368468,0.0147495973663303,0.0410347126575933,"[30.0, 30.0, 30.0, 30.0, 30.0, 30.0, 25.0, 25.0]",0.0880409836591158,0.1014895066199781,0.0027207668648371,0.0001883620689655,3.767241379310344e-05,0.0753448275862068,0.1251800446894522,-0.1781758176296848,0,0.0147495973663305,0.0146778286486312,0.0148144881250564,,,confirmation,stress,diversified,2025-05-09,PASS,1.3648950661997814,0.9907752819218856,0.9907752819218852,0.37411978427789616
hybrid_qaoa_assisted_v3,c06_stress_20250509_diversified,boltzmann,candidate_budget,OK,,256,256,0,256,81,0.0715564999991329,0.2597550420032348,256,256,0.9907752819218856,0.9907752819218852,,,,,,,,True,1111111111111111,1,0.0,0.5476030150753769,0.8046875,0.0,0.0,1,0.00390625,0.00390625,0.03515625,1.0,0.96,True,1,1111111111111111,0.9907752819218852,0.0,0.0,"[30.0, 30.0, 30.0, 30.0, 30.0, 30.0, 30.0, 30.0]",0.087554786844172,0.1014895066199781,0.0028320344201709,0.0001965517241379,3.93103448275862e-05,0.0786206896551724,0.1284493848790969,-0.1773193333494538,0,3.3306690738754696e-16,0.0,0.0,97.74432364631424,MATCHED,confirmation,stress,diversified,2025-05-09,PASS,1.3648950661997814,0.9907752819218856,0.9907752819218852,0.37411978427789616
hybrid_qaoa_assisted_v3,c06_stress_20250509_diversified,classical_true_compute,compute_budget,OK,,20000,20000,0,20000,81,0.1900357090053148,0.2642113750043791,20000,20000,0.9907752819218856,0.9907752819218852,,,,,,,,True,1111111111111111,103,0.0,0.9880301507537688,0.99115,0.0,0.0,1,5e-05,5e-05,0.00045,1.0,1.0,True,1,1111111111111111,0.9907752819218852,0.0,0.0,"[30.0, 30.0, 30.0, 30.0, 30.0, 30.0, 30.0, 30.0]",0.087554786844172,0.1014895066199781,0.0028320344201709,0.0001965517241379,3.93103448275862e-05,0.0786206896551724,0.1284493848790969,-0.1773193333494538,0,3.3306690738754696e-16,0.0,0.0,,,confirmation,stress,diversified,2025-05-09,PASS,1.3648950661997814,0.9907752819218856,0.9907752819218852,0.37411978427789616
hybrid_qaoa_assisted_v3,c06_stress_20250509_diversified,random_uniform_compute,compute_budget,OK,,20000,20000,0,20000,90,0.0758900410000933,0.2943798749984125,20000,20000,1.0053482655646278,0.9980617737432568,,,,,,,,True,1111111111011111,16532,0.0145998899555617,1.003894472361809,0.99615,0.0145729836427421,0.0147086669486483,2,0.0,0.0,0.0002,0.5,0.28,True,1,1111111111011111,1.0053482655646278,0.0072864918213709,0.0198632238981813,"[30.0, 30.0, 30.0, 30.0, 30.0, 25.0, 30.0, 30.0]",0.0878029213277702,0.1014895066199781,0.0027558439896625,0.0001924568965517,3.849137931034482e-05,0.0769827586206896,0.1268147080892938,-0.1777189177537386,0,0.0072864918213709,0.0072864918213715,0.0073543334743246,,,confirmation,stress,diversified,2025-05-09,PASS,1.3648950661997814,0.9907752819218856,0.9907752819218852,0.37411978427789616
hybrid_qaoa_assisted_v3,c06_stress_20250509_diversified,classical_true_compute_transfer,compute_budget,OK,,19448,19448,0,19448,81,0.1898799999980838,0.2737842089991318,19448,19448,0.9907752819218856,0.9907752819218852,,,,,,,,True,1111111111111111,89,0.0,0.9791256281407036,0.9914644179350062,0.0,0.0,1,5.141916906622789e-05,5.141916906622789e-05,0.000462772521596,1.0,1.0,True,1,1111111111111111,0.9907752819218852,0.0,0.0,"[30.0, 30.0, 30.0, 30.0, 30.0, 30.0, 30.0, 30.0]",0.087554786844172,0.1014895066199781,0.0028320344201709,0.0001965517241379,3.93103448275862e-05,0.0786206896551724,0.1284493848790969,-0.1773193333494538,0,3.3306690738754696e-16,0.0,0.0,,,confirmation,stress,diversified,2025-05-09,PASS,1.3648950661997814,0.9907752819218856,0.9907752819218852,0.37411978427789616
hybrid_qaoa_assisted_v3,c06_stress_20250509_diversified,random_uniform_compute_transfer,compute_budget,OK,,19448,19448,0,19448,91,0.0779190829998697,0.3006127089975052,19448,19448,1.0053482655646278,0.9980617737432568,,,,,,,,True,1111111111011111,10475,0.0145998899555617,1.0109195979899497,0.9964520773344304,0.0145729836427421,0.0147086669486483,2,0.0,0.0,0.0001542575071986,0.4,0.38,True,1,1111111111011111,1.0053482655646278,0.0072864918213709,0.0198632238981813,"[30.0, 30.0, 30.0, 30.0, 30.0, 25.0, 30.0, 30.0]",0.0878029213277702,0.1014895066199781,0.0027558439896625,0.0001924568965517,3.849137931034482e-05,0.0769827586206896,0.1268147080892938,-0.1777189177537386,0,0.0072864918213709,0.0072864918213715,0.0073543334743246,,,confirmation,stress,diversified,2025-05-09,PASS,1.3648950661997814,0.9907752819218856,0.9907752819218852,0.37411978427789616
hybrid_qaoa_assisted_v3,c06_stress_20250509_diversified,heuristic_baselines,ablation,OK,,3,3,0,3,59,2.0042003598064184e-05,0.1912396249972516,3,3,0.9907752819218856,0.9907752819218852,,,,,,,,True,1111111111111111,3,0.0,1.0666666666666669,0.6666666666666666,0.0,0.0,1,0.3333333333333333,0.3333333333333333,0.3333333333333333,0.1,0.02,True,1,1111111111111111,0.9907752819218852,0.0,0.0,"[30.0, 30.0, 30.0, 30.0, 30.0, 30.0, 30.0, 30.0]",0.087554786844172,0.1014895066199781,0.0028320344201709,0.0001965517241379,3.93103448275862e-05,0.0786206896551724,0.1284493848790969,-0.1773193333494538,0,3.3306690738754696e-16,0.0,0.0,,,confirmation,stress,diversified,2025-05-09,PASS,1.3648950661997814,0.9907752819218856,0.9907752819218852,0.37411978427789616
hybrid_qaoa_assisted_v3,c07_normal_20250311_banking_concentrated,qaoa,candidate_budget,OK,,256,256,0,256,49,203.98405604199797,0.163573792000534,256,256,1.1715554339130745,1.1715554339130745,10.0,10.0,203.9788822499977,200.0,439.0,0.00146484375,0.43623046875,True,1111111111111100,84,0.0,0.4598793969849246,0.9140625,0.0,0.0,1,0.4140625,0.5546875,0.71875,1.0,1.0,True,1,1111111111111100,1.1715554339130745,0.0,0.0,"[30.0, 30.0, 30.0, 30.0, 30.0, 30.0, 30.0, 0.0]",0.1137388871413074,0.1304463131638393,0.0,0.0002493749999999,4.987499999999999e-05,0.0997499999999999,0.1495379160178069,-0.1833773615918932,0,0.0,0.0,0.0,,,confirmation,normal,banking_concentrated,2025-03-11,PASS,1.6544631316383933,1.1715554339130743,1.1715554339130743,0.48290769772531905
hybrid_qaoa_assisted_v3,c07_normal_20250311_banking_concentrated,qaoa_transfer,candidate_budget,SHORTFALL,,256,235,21,235,54,58.426764499992714,0.1760737919976236,235,235,1.1715554339130745,1.1715554339130745,10.0,10.0,58.42497524999635,10.0,100.0,9.765625e-05,0.67939453125,True,1111111111111100,165,0.0,0.4350854271356784,0.9319148936170212,0.0,0.0,1,0.2595744680851063,0.4170212765957446,0.5276595744680851,0.4,0.54,True,1,1111111111111100,1.1715554339130745,0.0,0.0,"[30.0, 30.0, 30.0, 30.0, 30.0, 30.0, 30.0, 0.0]",0.1137388871413074,0.1304463131638393,0.0,0.0002493749999999,4.987499999999999e-05,0.0997499999999999,0.1495379160178069,-0.1833773615918932,0,0.0,0.0,0.0,,,confirmation,normal,banking_concentrated,2025-03-11,PASS,1.6544631316383933,1.1715554339130743,1.1715554339130743,0.48290769772531905
hybrid_qaoa_assisted_v3,c07_normal_20250311_banking_concentrated,classical_true,candidate_budget,OK,,256,256,0,256,56,0.0012889999998151,0.1858516669963137,256,256,1.1716395491347973,1.1716395491347973,,,,,,,,True,1111111111011110,232,0.0219079416645837,0.8142311557788945,0.0,8.411522172302455e-05,7.17979015658474e-05,4,0.0234375,0.046875,0.1015625,0.1,0.12,True,1,1111111111011110,1.1716395491347973,0.0,0.0,"[30.0, 30.0, 30.0, 30.0, 30.0, 20.0, 30.0, 10.0]",0.1137472986634797,0.1304463131638393,0.0,0.000249375,4.9875e-05,0.0997499999999999,0.1495379160178069,-0.1836260613527602,0,0.0,8.411522172302455e-05,7.17979015658474e-05,,,confirmation,normal,banking_concentrated,2025-03-11,PASS,1.6544631316383933,1.1715554339130743,1.1715554339130743,0.48290769772531905
hybrid_qaoa_assisted_v3,c07_normal_20250311_banking_concentrated,classical_surrogate,candidate_budget,OK,,256,256,0,256,60,0.002849333002814,0.19472529199993,256,256,1.1716740142429694,1.1716740142429694,,,,,,,,True,1111111111010101,41,0.0,0.805180904522613,0.94921875,0.000118580329895,0.0001012161494561,6,0.0859375,0.140625,0.2109375,0.1,0.3,True,1,1111111111010101,1.1716740142429694,0.0,0.0,"[30.0, 30.0, 30.0, 30.0, 30.0, 20.0, 20.0, 20.0]",0.1137507451742969,0.1304463131638393,0.0,0.000249375,4.9875e-05,0.0997499999999999,0.1495379160178069,-0.1833266146677317,0,0.0,0.000118580329895,0.0001012161494561,,,confirmation,normal,banking_concentrated,2025-03-11,PASS,1.6544631316383933,1.1715554339130743,1.1715554339130743,0.48290769772531905
hybrid_qaoa_assisted_v3,c07_normal_20250311_banking_concentrated,random_uniform,candidate_budget,OK,,256,256,0,256,105,0.0012153749994467,0.3335013749965583,256,256,1.1819526921569738,1.1731412302754345,,,,,,,,True,1101011111111111,165,0.0463227305571991,1.0014824120603014,0.9921875,0.0103972582438995,0.0088747471463403,146,0.0,0.00390625,0.00390625,0.0,0.0,True,3,1111010101110101,1.2176963577690871,0.0445551274936528,0.0925682529041087,"[30.0, 30.0, 25.0, 20.0, 25.0, 30.0, 25.0, 25.0]",0.1138974667775434,0.1304463131638393,0.0,0.0002493749999999,4.987499999999999e-05,0.0997499999999999,0.1495379160178069,-0.1831509240454895,0,0.0088114618815395,0.00158579636236,0.0013535820128146,,,confirmation,normal,banking_concentrated,2025-03-11,PASS,1.6544631316383933,1.1715554339130743,1.1715554339130743,0.48290769772531905
hybrid_qaoa_assisted_v3,c07_normal_20250311_banking_concentrated,random_stratified,candidate_budget,OK,,256,256,0,256,97,0.0037492909978027,0.3089600829989649,256,256,1.1732828790923102,1.1722090900546744,,,,,,,,True,1101111101110111,25,0.0437941570697475,1.0212311557788945,0.99609375,0.0017274451792359,0.0014744886406835,50,0.00390625,0.0078125,0.0078125,0.0,0.02,True,2,1111111111110101,1.1793910144160502,0.0071819243613757,0.0148924088594268,"[30.0, 30.0, 25.0, 30.0, 30.0, 30.0, 20.0, 15.000000000000002]",0.1138042527554674,0.1304463131638393,0.0,0.000249375,4.9875e-05,0.0997499999999999,0.1495379160178069,-0.1830577370170469,0,0.0010737890376357,0.0006536561416001,0.0005579387220431,,,confirmation,normal,banking_concentrated,2025-03-11,PASS,1.6544631316383933,1.1715554339130743,1.1715554339130743,0.48290769772531905
hybrid_qaoa_assisted_v3,c07_normal_20250311_banking_concentrated,boltzmann,candidate_budget,OK,,256,256,0,256,49,0.0727537500060861,0.164792583003873,256,256,1.1715554339130745,1.1715554339130745,,,,,,,,True,1111111111111100,69,0.0,0.5368190954773869,0.9375,0.0,0.0,1,0.28125,0.4140625,0.53515625,0.9,0.7,True,1,1111111111111100,1.1715554339130745,0.0,0.0,"[30.0, 30.0, 30.0, 30.0, 30.0, 30.0, 30.0, 0.0]",0.1137388871413074,0.1304463131638393,0.0,0.0002493749999999,4.987499999999999e-05,0.0997499999999999,0.1495379160178069,-0.1833773615918932,0,0.0,0.0,0.0,66.02545170543476,MATCHED,confirmation,normal,banking_concentrated,2025-03-11,PASS,1.6544631316383933,1.1715554339130743,1.1715554339130743,0.48290769772531905
hybrid_qaoa_assisted_v3,c07_normal_20250311_banking_concentrated,classical_true_compute,compute_budget,OK,,20000,20000,0,20000,49,0.1622258329953183,0.1753655409993371,20000,20000,1.1715554339130745,1.1715554339130745,,,,,,,,True,1111111111111100,1528,0.0,0.9938844221105528,0.99215,0.0,0.0,1,0.0052,0.0072,0.01135,1.0,1.0,True,1,1111111111111100,1.1715554339130745,0.0,0.0,"[30.0, 30.0, 30.0, 30.0, 30.0, 30.0, 30.0, 0.0]",0.1137388871413074,0.1304463131638393,0.0,0.0002493749999999,4.987499999999999e-05,0.0997499999999999,0.1495379160178069,-0.1833773615918932,0,0.0,0.0,0.0,,,confirmation,normal,banking_concentrated,2025-03-11,PASS,1.6544631316383933,1.1715554339130743,1.1715554339130743,0.48290769772531905
hybrid_qaoa_assisted_v3,c07_normal_20250311_banking_concentrated,random_uniform_compute,compute_budget,OK,,20000,20000,0,20000,55,0.0788777909983764,0.1908761670056264,20000,20000,1.171589899021246,1.171589899021246,,,,,,,,True,1111111111110110,10721,0.0218920755680525,1.003894472361809,0.99605,3.446510817162185e-05,2.941824788990655e-05,2,0.0018,0.00235,0.00355,0.4,0.4,True,1,1111111111110110,1.171589899021246,0.0,0.0,"[30.0, 30.0, 30.0, 30.0, 30.0, 30.0, 20.0, 10.0]",0.1137423336521245,0.1304463131638393,0.0,0.000249375,4.9875e-05,0.0997499999999999,0.1495379160178069,-0.1830779012720922,0,0.0,3.446510817162185e-05,2.941824788990655e-05,,,confirmation,normal,banking_concentrated,2025-03-11,PASS,1.6544631316383933,1.1715554339130743,1.1715554339130743,0.48290769772531905
hybrid_qaoa_assisted_v3,c07_normal_20250311_banking_concentrated,classical_true_compute_transfer,compute_budget,OK,,18612,18612,0,18612,49,0.1175782499994966,0.1698857079973095,18612,18612,1.1715554339130745,1.1715554339130745,,,,,,,,True,1111111111111100,3098,0.0,0.988643216080402,0.99167203954438,0.0,0.0,1,0.0056415215989684,0.0077906726842897,0.0122501611863313,1.0,0.98,True,1,1111111111111100,1.1715554339130745,0.0,0.0,"[30.0, 30.0, 30.0, 30.0, 30.0, 30.0, 30.0, 0.0]",0.1137388871413074,0.1304463131638393,0.0,0.0002493749999999,4.987499999999999e-05,0.0997499999999999,0.1495379160178069,-0.1833773615918932,0,0.0,0.0,0.0,,,confirmation,normal,banking_concentrated,2025-03-11,PASS,1.6544631316383933,1.1715554339130743,1.1715554339130743,0.48290769772531905
hybrid_qaoa_assisted_v3,c07_normal_20250311_banking_concentrated,random_uniform_compute_transfer,compute_budget,OK,,18612,18612,0,18612,57,0.0747520419972715,0.1911869579998892,18612,18612,1.171589899021246,1.171589899021246,,,,,,,,True,1111111111110110,6685,0.0219079416645837,1.0122562814070353,0.9965076294863529,3.446510817162185e-05,2.941824788990655e-05,2,0.001719320868257,0.0025789813023855,0.0039222007307113,0.4,0.3,True,1,1111111111110110,1.171589899021246,0.0,0.0,"[30.0, 30.0, 30.0, 30.0, 30.0, 30.0, 20.0, 10.0]",0.1137423336521245,0.1304463131638393,0.0,0.000249375,4.9875e-05,0.0997499999999999,0.1495379160178069,-0.1830779012720922,0,0.0,3.446510817162185e-05,2.941824788990655e-05,,,confirmation,normal,banking_concentrated,2025-03-11,PASS,1.6544631316383933,1.1715554339130743,1.1715554339130743,0.48290769772531905
hybrid_qaoa_assisted_v3,c07_normal_20250311_banking_concentrated,heuristic_baselines,ablation,OK,,3,3,0,3,67,1.7250000382773578e-05,0.2093003330010105,3,3,1.2019717978255355,1.1749206820771874,,,,,,,,True,1111111111111111,3,0.0,1.0666666666666669,1.0,0.0304163639124612,0.0259623770519065,460,0.0,0.0,0.0,0.0,0.0,True,1,1111111111111111,1.2019717978255364,0.027051115748349,0.0564102631020497,"[25.0, 25.0, 25.0, 30.0, 30.0, 25.0, 25.0, 25.0]",0.1140754119577187,0.1304463131638393,0.0,0.000249375,4.9875e-05,0.0997499999999999,0.1495379160178069,-0.1836973576534167,0,0.0270511157483481,0.003365248164113,0.0028724617433363,,,confirmation,normal,banking_concentrated,2025-03-11,PASS,1.6544631316383933,1.1715554339130743,1.1715554339130743,0.48290769772531905
hybrid_qaoa_assisted_v3,c08_volatile_20240614_high_volatility,qaoa,candidate_budget,OK,,256,256,0,256,69,152.48215108300064,0.2241581250054878,256,256,1.233093475693419,1.233093475693419,10.0,10.0,152.47368854100205,200.0,319.0,0.0,0.0552734374999999,True,1111110111100001,193,0.0,0.5220904522613065,0.98828125,0.0020844503831811,0.0016932860282286,44,0.01953125,0.046875,0.421875,0.0,0.02,True,1,1111110111100001,1.233093475693419,0.0,0.0,"[30.0, 30.0, 30.0, 20.0, 30.0, 10.0, 0.0, 20.0]",0.1199238981304529,0.1416207626934619,0.0,0.0002496214019827,4.992428039654328e-05,0.0998485607930865,0.1496362918120534,-0.2215032929321536,0,0.0,0.0037648280803996,0.0030625074000429,,,confirmation,volatile,high_volatility,2024-06-14,FAIL,1.766207626934619,1.2310090253102381,1.2293286476130196,0.5368789793215993
hybrid_qaoa_assisted_v3,c08_volatile_20240614_high_volatility,qaoa_transfer,candidate_budget,OK,,256,256,0,256,117,61.22249529299734,0.3669814579989179,256,256,1.2400547703737883,1.2314445724290422,10.0,10.0,61.21412958399742,10.0,100.0,0.0,0.030859375,True,1111001111111110,241,0.0,0.539859296482412,0.96875,0.0090457450635501,0.0073482361847594,795,0.0,0.0078125,0.1640625,0.0,0.0,True,4,1111111101011001,1.2442618305568276,0.0128172581277854,0.0239681070331903,"[30.0, 25.0, 25.0, 30.0, 20.0, 20.0, 10.0, 15.000000000000002]",0.1198772505713852,0.1416207626934619,0.0,0.0002505550203591,5.0111004071821624e-05,0.1002220081436432,0.1500090386410149,-0.2208681837817008,0,0.0086101979447461,0.0021159248160225,0.0017212035366872,,,confirmation,volatile,high_volatility,2024-06-14,FAIL,1.766207626934619,1.2310090253102381,1.2293286476130196,0.5368789793215993
hybrid_qaoa_assisted_v3,c08_volatile_20240614_high_volatility,classical_true,candidate_budget,OK,,256,256,0,256,92,0.0013012920026085,0.2933323329998529,256,256,1.2321989476591346,1.2293286476130196,,,,,,,,True,1111111111010000,153,0.0461028808323296,0.8053668341708542,0.0,0.0011899223488964,0.0009666235782443,20,0.0703125,0.12109375,0.28515625,0.0,0.02,True,3,1111111111101000,1.2333915587787938,0.0040629111657741,0.0075676480589872,"[30.0, 30.0, 30.0, 30.0, 30.0, 15.000000000000002, 10.0, 0.0]",0.1194564861344111,0.1416207626934619,0.0,0.0002520561980143,5.04112396028704e-05,0.1008224792057408,0.1506083847845843,-0.220777930707243,0,0.0028703000461149,0.0,0.0,,,confirmation,volatile,high_volatility,2024-06-14,FAIL,1.766207626934619,1.2310090253102381,1.2293286476130196,0.5368789793215993
hybrid_qaoa_assisted_v3,c08_volatile_20240614_high_volatility,classical_surrogate,candidate_budget,OK,,256,256,0,256,72,0.0027609579992713,0.2345523330004653,256,256,1.232064947794822,1.2317025146250948,,,,,,,,True,1101011111011100,108,0.0,0.829075376884422,0.96484375,0.0010559224845838,0.0008577698967867,13,0.08203125,0.1796875,0.34765625,0.0,0.08,True,4,1111011111010100,1.232312334223303,0.0006098195982084,0.0011409050805399,"[30.0, 30.0, 15.000000000000002, 30.0, 30.0, 25.0, 15.000000000000002, 0.0]",0.1197692728598298,0.1416207626934619,0.0,0.0002494987871876,4.989975743753708e-05,0.0997995148750741,0.1495873379472829,-0.2208960088310483,0,0.0003624331697271,0.0023738670120752,0.0019310271640415,,,confirmation,volatile,high_volatility,2024-06-14,FAIL,1.766207626934619,1.2310090253102381,1.2293286476130196,0.5368789793215993
hybrid_qaoa_assisted_v3,c08_volatile_20240614_high_volatility,random_uniform,candidate_budget,OK,,256,256,0,256,91,0.0013732080042245,0.2879840419991524,256,256,1.2371082616428992,1.233877838853466,,,,,,,,True,1110111100011111,239,0.0435551530935431,1.0014824120603014,0.9921875,0.006099236332661,0.0049546641878794,429,0.00390625,0.02734375,0.04296875,0.0,0.0,True,2,1111011011101101,1.238243573157655,0.0043657343041889,0.0082011835556409,"[30.0, 30.0, 20.0, 10.0, 30.0, 10.0, 30.0, 15.000000000000002]",0.1201253583784773,0.1416207626934619,0.0,0.000250592771363,5.011855427261069e-05,0.1002371085452213,0.1500241107315378,-0.2213136358179758,0,0.003230422789433,0.0045491912404465,0.0037005492788927,,,confirmation,volatile,high_volatility,2024-06-14,FAIL,1.766207626934619,1.2310090253102381,1.2293286476130196,0.5368789793215993
hybrid_qaoa_assisted_v3,c08_volatile_20240614_high_volatility,random_stratified,candidate_budget,OK,,256,256,0,256,108,0.0036221670015947,0.3382257920020493,256,256,1.2366239418346832,1.231408337554487,,,,,,,,True,1101010111100111,57,0.0326248674953428,1.0212311557788945,0.99609375,0.005614916524445,0.0045612309974981,356,0.00390625,0.015625,0.02734375,0.0,0.0,True,3,1111111111011010,1.2421338760297684,0.0107255384752813,0.0200552593996767,"[30.0, 25.0, 25.0, 30.0, 30.0, 20.0, 10.0, 5.0]",0.119778999370094,0.1416207626934619,0.0,0.0002498078611499,4.996157222999649e-05,0.0999231444599929,0.1497107355174738,-0.2211581350136005,0,0.005215604280196,0.0020796899414674,0.0016917282010026,,,confirmation,volatile,high_volatility,2024-06-14,FAIL,1.766207626934619,1.2310090253102381,1.2293286476130196,0.5368789793215993
hybrid_qaoa_assisted_v3,c08_volatile_20240614_high_volatility,boltzmann,candidate_budget,OK,,256,256,0,256,77,0.0725146670010872,0.246382542005449,256,256,1.232064947794822,1.232064947794823,,,,,,,,True,1101011111011100,90,0.0157368731084608,0.8506482412060302,0.98828125,0.0010559224845838,0.0008577698967867,13,0.046875,0.1328125,0.2890625,0.0,0.02,True,1,1101011111011100,1.232064947794823,0.0,0.0,"[30.0, 20.0, 20.0, 30.0, 30.0, 20.0, 30.0, 0.0]",0.119883855582451,0.1416207626934619,0.0,0.0002501173375678,5.002346751357087e-05,0.1000469350271417,0.1498342938442265,-0.2211281958187976,0,-6.661338147750939e-16,0.002736300181803,0.0022258491959136,19.27289023871117,MATCHED,confirmation,volatile,high_volatility,2024-06-14,FAIL,1.766207626934619,1.2310090253102381,1.2293286476130196,0.5368789793215993
hybrid_qaoa_assisted_v3,c08_volatile_20240614_high_volatility,classical_true_compute,compute_budget,OK,,20000,20000,0,20000,57,0.1222023750015068,0.1923812909953994,20000,20000,1.231009025310238,1.231009025310239,,,,,,,,True,1101111111101100,13998,0.0164223776034897,1.006246231155779,0.9892,0.0,0.0,1,0.01905,0.0507,0.1084,0.9,0.86,True,1,1101111111101100,1.231009025310239,0.0,0.0,"[30.0, 20.0, 30.0, 30.0, 30.0, 10.0, 30.0, 0.0]",0.1196929817489169,0.1416207626934619,0.0,0.000251607735225,5.032154704501407e-05,0.1006430940900281,0.1504293355392295,-0.221114051846766,0,-8.881784197001252e-16,0.0016803776972194,0.0013669068076158,,,confirmation,volatile,high_volatility,2024-06-14,FAIL,1.766207626934619,1.2310090253102381,1.2293286476130196,0.5368789793215993
hybrid_qaoa_assisted_v3,c08_volatile_20240614_high_volatility,random_uniform_compute,compute_budget,OK,,20000,20000,0,20000,66,0.082656708000286,0.2263530420023016,20000,20000,1.2317500397616226,1.23151208502109,,,,,,,,True,1111011111101100,2083,0.0150701468188589,1.003894472361809,0.9961,0.0007410144513844,0.0006019569606304,6,0.00725,0.0199,0.0385,0.3,0.32,True,3,1111111111100010,1.2320201560995991,0.0005080710785092,0.0009502063112234,"[30.0, 30.0, 30.0, 30.0, 30.0, 10.0, 0.0, 15.000000000000002]",0.1194762598292888,0.1416207626934619,0.0,0.0002533570171819,5.067140343638407e-05,0.1013428068727681,0.1511277391287853,-0.2209108353021274,0,0.0002379547405326,0.0021834374080702,0.0017761217981129,,,confirmation,volatile,high_volatility,2024-06-14,FAIL,1.766207626934619,1.2310090253102381,1.2293286476130196,0.5368789793215993
hybrid_qaoa_assisted_v3,c08_volatile_20240614_high_volatility,classical_true_compute_transfer,compute_budget,OK,,20000,20000,0,20000,59,0.1369562079999013,0.2050076669984264,20000,20000,1.231263893940343,1.231263893940343,,,,,,,,True,1101011111110100,19731,0.0150701468188589,0.9948140703517588,0.99125,0.0002548686301049,0.00020704042364,2,0.0184,0.0504,0.10655,0.8,0.82,True,1,1101011111110100,1.231263893940343,0.0,0.0,"[30.0, 20.0, 20.0, 30.0, 30.0, 30.0, 20.0, 0.0]",0.1198477278960421,0.1416207626934619,0.0,0.0002507609662495,5.015219324990792e-05,0.1003043864998158,0.1500912625635923,-0.2209344714872823,0,0.0,0.0019352463273234,0.0015742302362196,,,confirmation,volatile,high_volatility,2024-06-14,FAIL,1.766207626934619,1.2310090253102381,1.2293286476130196,0.5368789793215993
hybrid_qaoa_assisted_v3,c08_volatile_20240614_high_volatility,random_uniform_compute_transfer,compute_budget,OK,,20000,20000,0,20000,64,0.1078787090009427,0.2209674999976414,20000,20000,1.231535047025648,1.2315350470256483,,,,,,,,True,1101111111010100,1732,0.0150701468188589,0.974753768844221,0.99625,0.0005260217154097,0.0004273093897724,5,0.00635,0.0175,0.03675,0.2,0.46,True,1,1101111111010100,1.2315350470256483,0.0,0.0,"[30.0, 20.0, 30.0, 30.0, 30.0, 20.0, 20.0, 0.0]",0.1196473340021986,0.1416207626934619,0.0,0.0002522513639067,5.045027278135112e-05,0.1009005455627022,0.15068630502476,-0.2209203275152504,0,-6.661338147750939e-16,0.0022063994126289,0.0017948002895019,,,confirmation,volatile,high_volatility,2024-06-14,FAIL,1.766207626934619,1.2310090253102381,1.2293286476130196,0.5368789793215993
hybrid_qaoa_assisted_v3,c08_volatile_20240614_high_volatility,heuristic_baselines,ablation,OK,,3,3,0,3,75,2.225000207545236e-05,0.2438757500058272,3,3,1.2823389553529427,1.2460204962631425,,,,,,,,True,1111111111111111,3,0.0,1.0666666666666669,1.0,0.0513299300427045,0.0416974441188751,5193,0.0,0.0,0.0,0.0,0.0,True,2,101010101010101,1.3369475394468988,0.0909270431837563,0.1747967948887631,"[25.0, 25.0, 25.0, 25.0, 25.0, 25.0, 25.0, 15.000000000000002]",0.1209436464080762,0.1416207626934619,0.0,0.0002474662201481,4.949324402962812e-05,0.0989864880592562,0.1487758388335936,-0.2220399899290039,0,0.0363184590898002,0.0166918486501228,0.0135780197447877,,,confirmation,volatile,high_volatility,2024-06-14,FAIL,1.766207626934619,1.2310090253102381,1.2293286476130196,0.5368789793215993
hybrid_qaoa_assisted_v3,c09_stress_20250408_do_not_sell,qaoa,candidate_budget,OK,,256,256,0,256,81,171.39482399999542,0.2626992090008571,256,256,1.0331563393410574,1.0331563393410574,10.0,10.0,171.39014087499527,200.0,367.0,0.05537109375,0.21318359375,True,1111111111111111,1,0.0,0.4744070351758793,0.78125,0.0,0.0,1,0.0234375,0.23046875,1.0,1.0,1.0,True,1,1111111111111111,1.0331563393410574,0.0,0.0,"[30.0, 30.0, 30.0, 30.0, 30.0, 30.0, 30.0, 30.0]",0.098821550495316,0.1138222472977416,0.0034311180886121,0.0002137326457295,4.27465291459023e-05,0.0854930582918046,0.135308245435361,-0.1801432280658372,0,0.0,0.0,0.0,,,confirmation,stress,do_not_sell,2025-04-08,PASS,1.1382224729774164,1.0331563393410574,1.0331563393410574,0.10506613363635897
hybrid_qaoa_assisted_v3,c09_stress_20250408_do_not_sell,qaoa_transfer,candidate_budget,OK,,256,256,0,256,81,58.96134775100654,0.2601224579993868,256,256,1.0331563393410574,1.0331563393410574,10.0,10.0,58.958515209000325,10.0,100.0,0.14453125,0.42470703125,True,1111111111111111,1,0.0,0.4856884422110553,0.78125,0.0,0.0,1,0.0234375,0.2265625,0.859375,1.0,0.98,True,1,1111111111111111,1.0331563393410574,0.0,0.0,"[30.0, 30.0, 30.0, 30.0, 30.0, 30.0, 30.0, 30.0]",0.098821550495316,0.1138222472977416,0.0034311180886121,0.0002137326457295,4.27465291459023e-05,0.0854930582918046,0.135308245435361,-0.1801432280658372,0,0.0,0.0,0.0,,,confirmation,stress,do_not_sell,2025-04-08,PASS,1.1382224729774164,1.0331563393410574,1.0331563393410574,0.10506613363635897
hybrid_qaoa_assisted_v3,c09_stress_20250408_do_not_sell,classical_true,candidate_budget,OK,,256,256,0,256,81,0.0012465840045479,0.2625032500000088,256,256,1.0331563393410574,1.0331563393410574,,,,,,,,True,1111111111111111,160,0.0,0.7869547738693468,0.0,0.0,0.0,1,0.0234375,0.12890625,0.36328125,1.0,0.6,True,1,1111111111111111,1.0331563393410574,0.0,0.0,"[30.0, 30.0, 30.0, 30.0, 30.0, 30.0, 30.0, 30.0]",0.098821550495316,0.1138222472977416,0.0034311180886121,0.0002137326457295,4.27465291459023e-05,0.0854930582918046,0.135308245435361,-0.1801432280658372,0,0.0,0.0,0.0,,,confirmation,stress,do_not_sell,2025-04-08,PASS,1.1382224729774164,1.0331563393410574,1.0331563393410574,0.10506613363635897
hybrid_qaoa_assisted_v3,c09_stress_20250408_do_not_sell,classical_surrogate,candidate_budget,OK,,256,256,0,256,81,0.0027954999968642,0.2574614580007619,256,256,1.0331563393410574,1.0331563393410574,,,,,,,,True,1111111111111111,10,0.0,0.8040050251256282,0.921875,0.0,0.0,1,0.0234375,0.10546875,0.33984375,0.8,0.52,True,1,1111111111111111,1.0331563393410574,0.0,0.0,"[30.0, 30.0, 30.0, 30.0, 30.0, 30.0, 30.0, 30.0]",0.098821550495316,0.1138222472977416,0.0034311180886121,0.0002137326457295,4.27465291459023e-05,0.0854930582918046,0.135308245435361,-0.1801432280658372,0,0.0,0.0,0.0,,,confirmation,stress,do_not_sell,2025-04-08,PASS,1.1382224729774164,1.0331563393410574,1.0331563393410574,0.10506613363635897
hybrid_qaoa_assisted_v3,c09_stress_20250408_do_not_sell,random_uniform,candidate_budget,OK,,256,256,0,256,102,0.0012099580053472,0.319386499999382,256,256,1.0433974195371394,1.0382516097237753,,,,,,,,True,1101011111111111,165,0.0102638327004001,1.0014824120603014,0.9921875,0.0102410801960819,0.0099124206144964,58,0.0,0.00390625,0.015625,0.0,0.0,True,1,1101011111111111,1.0433974195371394,0.005145809813364,0.0514730957189836,"[30.0, 25.0, 25.0, 30.0, 30.0, 30.0, 30.0, 30.0]",0.099509640959789,0.1138222472977416,0.0032941447820862,0.0002052652016573,4.105304033146688e-05,0.0821060806629337,0.1319278956673848,-0.1814950906288205,0,0.005145809813364,0.0050952703827178,0.0049317515546268,,,confirmation,stress,do_not_sell,2025-04-08,PASS,1.1382224729774164,1.0331563393410574,1.0331563393410574,0.10506613363635897
hybrid_qaoa_assisted_v3,c09_stress_20250408_do_not_sell,random_stratified,candidate_budget,OK,,256,256,0,256,100,0.0037647919962182,0.3132798330043442,256,256,1.0396633879871138,1.0364098636640855,,,,,,,,True,1111111111110101,105,0.0065742987819545,1.0212311557788945,0.99609375,0.0065070486460563,0.0062982226389923,17,0.0,0.00390625,0.01953125,0.0,0.02,True,1,1111111111110101,1.0396633879871136,0.003253524323028,0.0319560056948864,"[30.0, 30.0, 30.0, 30.0, 30.0, 30.0, 25.0, 25.0]",0.0993246896598364,0.1138222472977416,0.0032948207396157,0.0002052989489818,4.105978979637304e-05,0.082119579592746,0.1319413680679557,-0.1809176265019106,0,0.0032535243230282,0.003253524323028,0.003149111319496,,,confirmation,stress,do_not_sell,2025-04-08,PASS,1.1382224729774164,1.0331563393410574,1.0331563393410574,0.10506613363635897
hybrid_qaoa_assisted_v3,c09_stress_20250408_do_not_sell,boltzmann,candidate_budget,OK,,256,256,0,256,81,0.0726920419983798,0.2578112919945852,256,256,1.0331563393410574,1.0331563393410574,,,,,,,,True,1111111111111111,5,0.0,0.5942562814070352,0.8359375,0.0,0.0,1,0.0234375,0.18359375,0.71875,1.0,0.86,True,1,1111111111111111,1.0331563393410574,0.0,0.0,"[30.0, 30.0, 30.0, 30.0, 30.0, 30.0, 30.0, 30.0]",0.098821550495316,0.1138222472977416,0.0034311180886121,0.0002137326457295,4.27465291459023e-05,0.0854930582918046,0.135308245435361,-0.1801432280658372,0,0.0,0.0,0.0,276.59623536093966,MATCHED,confirmation,stress,do_not_sell,2025-04-08,PASS,1.1382224729774164,1.0331563393410574,1.0331563393410574,0.10506613363635897
hybrid_qaoa_assisted_v3,c09_stress_20250408_do_not_sell,classical_true_compute,compute_budget,OK,,20000,20000,0,20000,81,0.1941044170016539,0.2713221250014612,20000,20000,1.0331563393410574,1.0331563393410574,,,,,,,,True,1111111111111111,103,0.0,0.998281407035176,0.99125,0.0,0.0,1,0.0003,0.00295,0.04115,1.0,1.0,True,1,1111111111111111,1.0331563393410574,0.0,0.0,"[30.0, 30.0, 30.0, 30.0, 30.0, 30.0, 30.0, 30.0]",0.098821550495316,0.1138222472977416,0.0034311180886121,0.0002137326457295,4.27465291459023e-05,0.0854930582918046,0.135308245435361,-0.1801432280658372,0,0.0,0.0,0.0,,,confirmation,stress,do_not_sell,2025-04-08,PASS,1.1382224729774164,1.0331563393410574,1.0331563393410574,0.10506613363635897
hybrid_qaoa_assisted_v3,c09_stress_20250408_do_not_sell,random_uniform_compute,compute_budget,OK,,20000,20000,0,20000,90,0.1217573749963776,0.2957267910023802,20000,20000,1.0358507985449164,1.034468583826607,,,,,,,,True,1111111111011111,16532,0.0027941602295453,1.003894472361809,0.9961,0.0026944592038589,0.0026079878729461,2,0.00015,0.0009,0.0128,0.5,0.3,True,1,1111111111011111,1.035850798544916,0.0013822147183091,0.0133220521141143,"[30.0, 30.0, 30.0, 30.0, 30.0, 25.0, 30.0, 30.0]",0.0990931791972331,0.1138222472977416,0.0032749113285233,0.0002089402708589,4.1788054171782945e-05,0.0835761083435659,0.1333950396684265,-0.1806767742742291,0,0.0013822147183093,0.0013122444855495,0.001270131572136,,,confirmation,stress,do_not_sell,2025-04-08,PASS,1.1382224729774164,1.0331563393410574,1.0331563393410574,0.10506613363635897
hybrid_qaoa_assisted_v3,c09_stress_20250408_do_not_sell,classical_true_compute_transfer,compute_budget,OK,,19256,19256,0,19256,81,0.1786913749965606,0.2661094580034842,19256,19256,1.0331563393410574,1.0331563393410574,,,,,,,,True,1111111111111111,89,0.0,1.016010050251256,0.9916389696717908,0.0,0.0,1,0.0003115911923556,0.0030639800581636,0.0427399252181138,1.0,1.0,True,1,1111111111111111,1.0331563393410574,0.0,0.0,"[30.0, 30.0, 30.0, 30.0, 30.0, 30.0, 30.0, 30.0]",0.098821550495316,0.1138222472977416,0.0034311180886121,0.0002137326457295,4.27465291459023e-05,0.0854930582918046,0.135308245435361,-0.1801432280658372,0,0.0,0.0,0.0,,,confirmation,stress,do_not_sell,2025-04-08,PASS,1.1382224729774164,1.0331563393410574,1.0331563393410574,0.10506613363635897
hybrid_qaoa_assisted_v3,c09_stress_20250408_do_not_sell,random_uniform_compute_transfer,compute_budget,OK,,19256,19256,0,19256,92,0.0756141250021755,0.2978167080000276,19256,19256,1.0358507985449164,1.034468583826607,,,,,,,,True,1111111111011111,10283,0.0027941602295453,0.9973718592964824,0.996053178230162,0.0026944592038589,0.0026079878729461,2,0.0001038637307852,0.0012463647694225,0.0130348982135438,0.4,0.42,True,1,1111111111011111,1.035850798544916,0.0013822147183091,0.0133220521141143,"[30.0, 30.0, 30.0, 30.0, 30.0, 25.0, 30.0, 30.0]",0.0990931791972331,0.1138222472977416,0.0032749113285233,0.0002089402708589,4.1788054171782945e-05,0.0835761083435659,0.1333950396684265,-0.1806767742742291,0,0.0013822147183093,0.0013122444855495,0.001270131572136,,,confirmation,stress,do_not_sell,2025-04-08,PASS,1.1382224729774164,1.0331563393410574,1.0331563393410574,0.10506613363635897
hybrid_qaoa_assisted_v3,c09_stress_20250408_do_not_sell,heuristic_baselines,ablation,OK,,3,3,0,3,59,1.879200135590509e-05,0.1856799169981968,3,3,1.0331563393410574,1.0331563393410574,,,,,,,,True,1111111111111111,3,0.0,1.0666666666666669,0.6666666666666666,0.0,0.0,1,0.3333333333333333,0.3333333333333333,0.3333333333333333,0.1,0.02,True,1,1111111111111111,1.0331563393410574,0.0,0.0,"[30.0, 30.0, 30.0, 30.0, 30.0, 30.0, 30.0, 30.0]",0.098821550495316,0.1138222472977416,0.0034311180886121,0.0002137326457295,4.27465291459023e-05,0.0854930582918046,0.135308245435361,-0.1801432280658372,0,0.0,0.0,0.0,,,confirmation,stress,do_not_sell,2025-04-08,PASS,1.1382224729774164,1.0331563393410574,1.0331563393410574,0.10506613363635897
hybrid_qaoa_assisted_v3,c10_normal_20250708_do_not_sell,qaoa,candidate_budget,OK,,256,256,0,256,81,178.62971249999828,0.2578946249996079,256,256,1.4561127542633254,1.4561127542633252,10.0,10.0,178.6247475409982,200.0,384.0,0.0509765625,0.1805664062499999,True,1111111111111111,1,0.0,0.4838391959798995,0.7734375,0.0,0.0,1,0.0234375,0.1328125,0.90234375,1.0,1.0,True,1,1111111111111111,1.4561127542633252,0.0,0.0,"[30.0, 30.0, 30.0, 30.0, 30.0, 30.0, 30.0, 30.0]",0.1426198780487587,0.1627532686693115,0.0,0.0002301074905825,4.602149811651933e-05,0.0920429962330386,0.1418455284610606,-0.2219356151627296,0,2.220446049250313e-16,0.0,0.0,,,confirmation,normal,do_not_sell,2025-07-08,PASS,1.6275326866931152,1.4561127542633254,1.4561127542633252,0.17141993242979003
hybrid_qaoa_assisted_v3,c10_normal_20250708_do_not_sell,qaoa_transfer,candidate_budget,OK,,256,256,0,256,81,60.0096994159976,0.277816834000987,256,256,1.4561127542633254,1.4561127542633252,10.0,10.0,60.003776332996495,10.0,100.0,0.07734375,0.2789062500000001,True,1111111111111111,1,0.0,0.4926482412060302,0.76953125,0.0,0.0,1,0.0234375,0.1328125,0.83203125,1.0,1.0,True,1,1111111111111111,1.4561127542633252,0.0,0.0,"[30.0, 30.0, 30.0, 30.0, 30.0, 30.0, 30.0, 30.0]",0.1426198780487587,0.1627532686693115,0.0,0.0002301074905825,4.602149811651933e-05,0.0920429962330386,0.1418455284610606,-0.2219356151627296,0,2.220446049250313e-16,0.0,0.0,,,confirmation,normal,do_not_sell,2025-07-08,PASS,1.6275326866931152,1.4561127542633254,1.4561127542633252,0.17141993242979003
hybrid_qaoa_assisted_v3,c10_normal_20250708_do_not_sell,classical_true,candidate_budget,OK,,256,256,0,256,81,0.0012082920002285,0.2686692080023931,256,256,1.4561127542633254,1.4561127542633252,,,,,,,,True,1111111111111111,155,0.0,0.7830804020100504,0.0,0.0,0.0,1,0.0234375,0.078125,0.28515625,1.0,0.58,True,1,1111111111111111,1.4561127542633252,0.0,0.0,"[30.0, 30.0, 30.0, 30.0, 30.0, 30.0, 30.0, 30.0]",0.1426198780487587,0.1627532686693115,0.0,0.0002301074905825,4.602149811651933e-05,0.0920429962330386,0.1418455284610606,-0.2219356151627296,0,2.220446049250313e-16,0.0,0.0,,,confirmation,normal,do_not_sell,2025-07-08,PASS,1.6275326866931152,1.4561127542633254,1.4561127542633252,0.17141993242979003
hybrid_qaoa_assisted_v3,c10_normal_20250708_do_not_sell,classical_surrogate,candidate_budget,OK,,256,256,0,256,81,0.002822250004101,0.2671518330025719,256,256,1.4561127542633254,1.4561127542633252,,,,,,,,True,1111111111111111,10,0.0,0.7925577889447237,0.91796875,0.0,0.0,1,0.0234375,0.0859375,0.2890625,0.9,0.52,True,1,1111111111111111,1.4561127542633252,0.0,0.0,"[30.0, 30.0, 30.0, 30.0, 30.0, 30.0, 30.0, 30.0]",0.1426198780487587,0.1627532686693115,0.0,0.0002301074905825,4.602149811651933e-05,0.0920429962330386,0.1418455284610606,-0.2219356151627296,0,2.220446049250313e-16,0.0,0.0,,,confirmation,normal,do_not_sell,2025-07-08,PASS,1.6275326866931152,1.4561127542633254,1.4561127542633252,0.17141993242979003
hybrid_qaoa_assisted_v3,c10_normal_20250708_do_not_sell,random_uniform,candidate_budget,OK,,256,256,0,256,88,0.0012057499989168,0.2994848329981323,256,256,1.4720430342469322,1.464077894255129,,,,,,,,True,1101011111111111,165,0.0158518380477634,1.0014824120603014,0.99609375,0.0159302799836067,0.0109402791349535,42,0.0,0.0,0.00390625,0.0,0.02,True,1,1101011111111111,1.4720430342469322,0.0079651399918034,0.0487299263178557,"[30.0, 25.0, 25.0, 30.0, 30.0, 30.0, 30.0, 30.0]",0.1435605733136318,0.1627532686693115,0.0,0.0002190166239908,4.380332479816959e-05,0.0876066495963391,0.1374177297395923,-0.2233992483582899,0,0.0079651399918034,0.0079651399918034,0.0054701395674768,,,confirmation,normal,do_not_sell,2025-07-08,PASS,1.6275326866931152,1.4561127542633254,1.4561127542633252,0.17141993242979003
hybrid_qaoa_assisted_v3,c10_normal_20250708_do_not_sell,random_stratified,candidate_budget,OK,,256,256,0,256,100,0.0038185419980436,0.3315942089975578,256,256,1.4666215557445852,1.4613671550039555,,,,,,,,True,1111111111110101,105,0.0104871458939959,1.0212311557788945,0.9921875,0.0105088014812597,0.0072170245405043,11,0.0,0.00390625,0.015625,0.0,0.02,True,1,1111111111110101,1.4666215557445852,0.0052544007406296,0.0316214842345215,"[30.0, 30.0, 30.0, 30.0, 30.0, 30.0, 25.0, 25.0]",0.143256312219926,0.1627532686693115,0.0,0.000221569483113,4.431389662260807e-05,0.0886277932452161,0.1384368971538492,-0.22302805123409,0,0.0052544007406296,0.0052544007406303,0.0036085122702524,,,confirmation,normal,do_not_sell,2025-07-08,PASS,1.6275326866931152,1.4561127542633254,1.4561127542633252,0.17141993242979003
hybrid_qaoa_assisted_v3,c10_normal_20250708_do_not_sell,boltzmann,candidate_budget,OK,,256,256,0,256,81,0.0713145410045399,0.2697176250003394,256,256,1.4561127542633254,1.4561127542633252,,,,,,,,True,1111111111111111,9,0.0,0.6096331658291457,0.84765625,0.0,0.0,1,0.0234375,0.12109375,0.5859375,1.0,0.88,True,1,1111111111111111,1.4561127542633252,0.0,0.0,"[30.0, 30.0, 30.0, 30.0, 30.0, 30.0, 30.0, 30.0]",0.1426198780487587,0.1627532686693115,0.0,0.0002301074905825,4.602149811651933e-05,0.0920429962330386,0.1418455284610606,-0.2219356151627296,0,2.220446049250313e-16,0.0,0.0,162.465649733266,MATCHED,confirmation,normal,do_not_sell,2025-07-08,PASS,1.6275326866931152,1.4561127542633254,1.4561127542633252,0.17141993242979003
hybrid_qaoa_assisted_v3,c10_normal_20250708_do_not_sell,classical_true_compute,compute_budget,OK,,20000,20000,0,20000,81,0.2341307500028051,0.280912125002942,20000,20000,1.4561127542633254,1.4561127542633252,,,,,,,,True,1111111111111111,103,0.0,0.984497487437186,0.9912,0.0,0.0,1,0.0003,0.0017,0.02335,1.0,1.0,True,1,1111111111111111,1.4561127542633252,0.0,0.0,"[30.0, 30.0, 30.0, 30.0, 30.0, 30.0, 30.0, 30.0]",0.1426198780487587,0.1627532686693115,0.0,0.0002301074905825,4.602149811651933e-05,0.0920429962330386,0.1418455284610606,-0.2219356151627296,0,2.220446049250313e-16,0.0,0.0,,,confirmation,normal,do_not_sell,2025-07-08,PASS,1.6275326866931152,1.4561127542633254,1.4561127542633252,0.17141993242979003
hybrid_qaoa_assisted_v3,c10_normal_20250708_do_not_sell,random_uniform_compute,compute_budget,OK,,20000,20000,0,20000,91,0.0765063330036355,0.3038365409956896,20000,20000,1.4612514413002746,1.4586820977818007,,,,,,,,True,1111111111110111,17304,0.0050942939267477,1.003894472361809,0.9961,0.0051386870369491,0.0035290447267244,2,0.0002,0.00045,0.0067,0.4,0.3,True,1,1111111111110111,1.4612514413002746,0.0025693435184739,0.0152166689795996,"[30.0, 30.0, 30.0, 30.0, 30.0, 30.0, 25.0, 30.0]",0.1429345080171936,0.1627532686693115,0.0,0.0002256693662297,4.513387324594486e-05,0.0902677464918897,0.1400736874659359,-0.2225232325750762,0,0.0025693435184739,0.0025693435184754,0.0017645223633628,,,confirmation,normal,do_not_sell,2025-07-08,PASS,1.6275326866931152,1.4561127542633254,1.4561127542633252,0.17141993242979003
hybrid_qaoa_assisted_v3,c10_normal_20250708_do_not_sell,classical_true_compute_transfer,compute_budget,OK,,19753,19753,0,19753,81,0.1934532090017455,0.2678264169953763,19753,19753,1.4561127542633254,1.4561127542633252,,,,,,,,True,1111111111111111,89,0.0,1.0007738693467338,0.9913430871260062,0.0,0.0,1,0.000303751328912,0.0017212575305016,0.0236419784336556,1.0,1.0,True,1,1111111111111111,1.4561127542633252,0.0,0.0,"[30.0, 30.0, 30.0, 30.0, 30.0, 30.0, 30.0, 30.0]",0.1426198780487587,0.1627532686693115,0.0,0.0002301074905825,4.602149811651933e-05,0.0920429962330386,0.1418455284610606,-0.2219356151627296,0,2.220446049250313e-16,0.0,0.0,,,confirmation,normal,do_not_sell,2025-07-08,PASS,1.6275326866931152,1.4561127542633254,1.4561127542633252,0.17141993242979003
hybrid_qaoa_assisted_v3,c10_normal_20250708_do_not_sell,random_uniform_compute_transfer,compute_budget,OK,,19753,19753,0,19753,91,0.0835099579999223,0.2965572910034098,19753,19753,1.4614490693063302,1.4587809117848276,,,,,,,,True,1111111111011111,10780,0.0053242157813817,0.9909949748743718,0.9962537336100844,0.0053363150430048,0.0036647677368258,3,0.0001012504429706,0.0007593783222801,0.0075431580013162,0.4,0.44,True,1,1111111111011111,1.4614490693063298,0.0026681575215021,0.0158111375299741,"[30.0, 30.0, 30.0, 30.0, 30.0, 25.0, 30.0, 30.0]",0.1429410975909414,0.1627532686693115,0.0,0.000225922583657,4.518451673140521e-05,0.0903690334628104,0.1401747795275078,-0.2223296497149843,0,0.0026681575215026,0.0026681575215024,0.0018323838684129,,,confirmation,normal,do_not_sell,2025-07-08,PASS,1.6275326866931152,1.4561127542633254,1.4561127542633252,0.17141993242979003
hybrid_qaoa_assisted_v3,c10_normal_20250708_do_not_sell,heuristic_baselines,ablation,OK,,3,3,0,3,59,2.0083003619220108e-05,0.1866450000015902,3,3,1.4561127542633254,1.4561127542633252,,,,,,,,True,1111111111111111,3,0.0,1.0666666666666669,0.6666666666666666,0.0,0.0,1,0.3333333333333333,0.3333333333333333,0.3333333333333333,0.1,0.02,True,1,1111111111111111,1.4561127542633252,0.0,0.0,"[30.0, 30.0, 30.0, 30.0, 30.0, 30.0, 30.0, 30.0]",0.1426198780487587,0.1627532686693115,0.0,0.0002301074905825,4.602149811651933e-05,0.0920429962330386,0.1418455284610606,-0.2219356151627296,0,2.220446049250313e-16,0.0,0.0,,,confirmation,normal,do_not_sell,2025-07-08,PASS,1.6275326866931152,1.4561127542633254,1.4561127542633252,0.17141993242979003
hybrid_qaoa_assisted_v3,c11_volatile_20240809_liquidity_constrained,qaoa,candidate_budget,OK,,256,256,0,256,81,194.47951450000255,0.2639626250020228,256,256,1.0875869748661715,1.0875869748661715,10.0,10.0,194.47592237500064,200.0,427.0,0.115625,0.34951171875,True,1111111111111111,1,0.0,0.4572663316582915,0.765625,0.0,0.0,1,0.02734375,0.15625,0.99609375,1.0,1.0,True,1,1111111111111111,1.0875869748661715,0.0,0.0,"[30.0, 30.0, 30.0, 30.0, 30.0, 30.0, 30.0, 30.0]",0.106203525072824,0.1203601021022861,0.0,0.0001965517241379,3.93103448275862e-05,0.0786206896551724,0.1284493848790969,-0.1747522852068618,0,0.0,0.0,0.0,,,confirmation,volatile,liquidity_constrained,2024-08-09,FAIL,1.2036010210228616,1.0875869748661717,1.0875869748661717,0.11601404615668987
hybrid_qaoa_assisted_v3,c11_volatile_20240809_liquidity_constrained,qaoa_transfer,candidate_budget,OK,,256,256,0,256,81,58.67830058300751,0.2677147079957649,256,256,1.0875869748661715,1.0875869748661715,10.0,10.0,58.67590070800361,10.0,100.0,0.20966796875,0.56142578125,True,1111111111111111,1,0.0,0.4608693467336684,0.7734375,0.0,0.0,1,0.02734375,0.15625,0.94140625,1.0,1.0,True,1,1111111111111111,1.0875869748661715,0.0,0.0,"[30.0, 30.0, 30.0, 30.0, 30.0, 30.0, 30.0, 30.0]",0.106203525072824,0.1203601021022861,0.0,0.0001965517241379,3.93103448275862e-05,0.0786206896551724,0.1284493848790969,-0.1747522852068618,0,0.0,0.0,0.0,,,confirmation,volatile,liquidity_constrained,2024-08-09,FAIL,1.2036010210228616,1.0875869748661717,1.0875869748661717,0.11601404615668987
hybrid_qaoa_assisted_v3,c11_volatile_20240809_liquidity_constrained,classical_true,candidate_budget,OK,,256,256,0,256,81,0.0012467080014175,0.2596440000052098,256,256,1.0875869748661715,1.0875869748661715,,,,,,,,True,1111111111111111,155,0.0,0.772894472361809,0.0,0.0,0.0,1,0.02734375,0.0859375,0.30078125,1.0,0.52,True,1,1111111111111111,1.0875869748661715,0.0,0.0,"[30.0, 30.0, 30.0, 30.0, 30.0, 30.0, 30.0, 30.0]",0.106203525072824,0.1203601021022861,0.0,0.0001965517241379,3.93103448275862e-05,0.0786206896551724,0.1284493848790969,-0.1747522852068618,0,0.0,0.0,0.0,,,confirmation,volatile,liquidity_constrained,2024-08-09,FAIL,1.2036010210228616,1.0875869748661717,1.0875869748661717,0.11601404615668987
hybrid_qaoa_assisted_v3,c11_volatile_20240809_liquidity_constrained,classical_surrogate,candidate_budget,OK,,256,256,0,256,81,0.002774541004328,0.2629294159996789,256,256,1.0875869748661715,1.0875869748661715,,,,,,,,True,1111111111111111,10,0.0,0.815532663316583,0.91796875,0.0,0.0,1,0.02734375,0.08984375,0.3046875,0.8,0.46,True,1,1111111111111111,1.0875869748661715,0.0,0.0,"[30.0, 30.0, 30.0, 30.0, 30.0, 30.0, 30.0, 30.0]",0.106203525072824,0.1203601021022861,0.0,0.0001965517241379,3.93103448275862e-05,0.0786206896551724,0.1284493848790969,-0.1747522852068618,0,0.0,0.0,0.0,,,confirmation,volatile,liquidity_constrained,2024-08-09,FAIL,1.2036010210228616,1.0875869748661717,1.0875869748661717,0.11601404615668987
hybrid_qaoa_assisted_v3,c11_volatile_20240809_liquidity_constrained,random_uniform,candidate_budget,OK,,256,256,0,256,102,0.0011818330021924,0.3267868330003693,256,256,1.09859627041242,1.0930916226392955,,,,,,,,True,1101011111111111,165,0.0110110266841771,1.0014824120603014,0.99609375,0.0110092955462484,0.0101226805769746,41,0.0,0.0,0.0078125,0.0,0.02,True,1,1101011111111111,1.0985962704124197,0.0055046477731242,0.0498115803148088,"[30.0, 25.0, 25.0, 30.0, 30.0, 30.0, 30.0, 30.0]",0.1068604553673778,0.1203601021022861,0.0,0.0001883620689655,3.767241379310345e-05,0.0753448275862068,0.1251800446894523,-0.1759009386670157,0,0.0055046477731246,0.0055046477731237,0.0050613402884869,,,confirmation,volatile,liquidity_constrained,2024-08-09,FAIL,1.2036010210228616,1.0875869748661717,1.0875869748661717,0.11601404615668987
hybrid_qaoa_assisted_v3,c11_volatile_20240809_liquidity_constrained,random_stratified,candidate_budget,OK,,256,256,0,256,100,0.0036941250000381,0.319981499997084,256,256,1.0956464071179457,1.0916166909920582,,,,,,,,True,1111111111110101,105,0.0079603157021248,1.0212311557788945,0.9921875,0.0080594322517739,0.0074103795264426,11,0.0,0.00390625,0.01953125,0.0,0.02,True,1,1111111111110101,1.0956464071179457,0.0040297161258875,0.0359846428940467,"[30.0, 30.0, 30.0, 30.0, 30.0, 30.0, 25.0, 25.0]",0.1067129622026541,0.1203601021022861,0.0,0.0001883620689655,3.767241379310344e-05,0.0753448275862068,0.1251800446894522,-0.1754650036537836,0,0.0040297161258875,0.0040297161258864,0.0037051897632208,,,confirmation,volatile,liquidity_constrained,2024-08-09,FAIL,1.2036010210228616,1.0875869748661717,1.0875869748661717,0.11601404615668987
hybrid_qaoa_assisted_v3,c11_volatile_20240809_liquidity_constrained,boltzmann,candidate_budget,OK,,256,256,0,256,81,0.0714715420035645,0.2643019590032054,256,256,1.0875869748661715,1.0875869748661715,,,,,,,,True,1111111111111111,2,0.0,0.5550301507537688,0.8046875,0.0,0.0,1,0.02734375,0.1484375,0.7265625,1.0,0.94,True,1,1111111111111111,1.0875869748661715,0.0,0.0,"[30.0, 30.0, 30.0, 30.0, 30.0, 30.0, 30.0, 30.0]",0.106203525072824,0.1203601021022861,0.0,0.0001965517241379,3.93103448275862e-05,0.0786206896551724,0.1284493848790969,-0.1747522852068618,0,0.0,0.0,0.0,300.22356096421413,MATCHED,confirmation,volatile,liquidity_constrained,2024-08-09,FAIL,1.2036010210228616,1.0875869748661717,1.0875869748661717,0.11601404615668987
hybrid_qaoa_assisted_v3,c11_volatile_20240809_liquidity_constrained,classical_true_compute,compute_budget,OK,,20000,20000,0,20000,81,0.193675708003866,0.2712647919979645,20000,20000,1.0875869748661715,1.0875869748661715,,,,,,,,True,1111111111111111,103,0.0,0.9815628140703516,0.99105,0.0,0.0,1,0.00035,0.002,0.02775,1.0,1.0,True,1,1111111111111111,1.0875869748661715,0.0,0.0,"[30.0, 30.0, 30.0, 30.0, 30.0, 30.0, 30.0, 30.0]",0.106203525072824,0.1203601021022861,0.0,0.0001965517241379,3.93103448275862e-05,0.0786206896551724,0.1284493848790969,-0.1747522852068618,0,0.0,0.0,0.0,,,confirmation,volatile,liquidity_constrained,2024-08-09,FAIL,1.2036010210228616,1.0875869748661717,1.0875869748661717,0.11601404615668987
hybrid_qaoa_assisted_v3,c11_volatile_20240809_liquidity_constrained,random_uniform_compute,compute_budget,OK,,20000,20000,0,20000,91,0.0805904169974383,0.300375165999867,20000,20000,1.0915496254905552,1.0895683001783638,,,,,,,,True,1111111111111101,17336,0.0039213047967803,1.003894472361809,0.9961,0.0039626506243835,0.0036435252682858,2,0.0002,0.0006,0.00815,0.4,0.32,True,1,1111111111111101,1.0915496254905552,0.0019813253121914,0.0173750595225494,"[30.0, 30.0, 30.0, 30.0, 30.0, 30.0, 30.0, 25.0]",0.1064548903626639,0.1203601021022861,0.0,0.0001924568965517,3.849137931034482e-05,0.0769827586206896,0.1268147080892938,-0.1752395401041869,0,0.0019813253121914,0.001981325312192,0.0018217626341432,,,confirmation,volatile,liquidity_constrained,2024-08-09,FAIL,1.2036010210228616,1.0875869748661717,1.0875869748661717,0.11601404615668987
hybrid_qaoa_assisted_v3,c11_volatile_20240809_liquidity_constrained,classical_true_compute_transfer,compute_budget,OK,,18571,18571,0,18571,81,0.1772188329996424,0.2727800829961779,18571,18571,1.0875869748661715,1.0875869748661715,,,,,,,,True,1111111111111111,89,0.0,0.9783165829145728,0.9913305691669808,0.0,0.0,1,0.0003769317753486,0.0021538958591352,0.029885305045501,1.0,1.0,True,1,1111111111111111,1.0875869748661715,0.0,0.0,"[30.0, 30.0, 30.0, 30.0, 30.0, 30.0, 30.0, 30.0]",0.106203525072824,0.1203601021022861,0.0,0.0001965517241379,3.93103448275862e-05,0.0786206896551724,0.1284493848790969,-0.1747522852068618,0,0.0,0.0,0.0,,,confirmation,volatile,liquidity_constrained,2024-08-09,FAIL,1.2036010210228616,1.0875869748661717,1.0875869748661717,0.11601404615668987
hybrid_qaoa_assisted_v3,c11_volatile_20240809_liquidity_constrained,random_uniform_compute_transfer,compute_budget,OK,,18571,18571,0,18571,92,0.0743401660001836,0.3061877500003902,18571,18571,1.0919054091157578,1.0897461919909648,,,,,,,,True,1111111111011111,9598,0.0042606511010201,0.9956281407035178,0.99633837703947,0.0043184342495861,0.003970656461859,4,5.384739647838027e-05,0.000861558343654,0.0091002100048462,0.2,0.36,True,1,1111111111011111,1.0919054091157576,0.0021592171247928,0.0189646512418715,"[30.0, 30.0, 30.0, 30.0, 30.0, 25.0, 30.0, 30.0]",0.106472679543924,0.1203601021022861,0.0,0.0001924568965517,3.849137931034482e-05,0.0769827586206896,0.1268147080892938,-0.1753775299128497,0,0.002159217124793,0.002159217124793,0.0019853282309295,,,confirmation,volatile,liquidity_constrained,2024-08-09,FAIL,1.2036010210228616,1.0875869748661717,1.0875869748661717,0.11601404615668987
hybrid_qaoa_assisted_v3,c11_volatile_20240809_liquidity_constrained,heuristic_baselines,ablation,OK,,3,3,0,3,59,1.879099727375433e-05,0.1878639579954324,3,3,1.0875869748661715,1.0875869748661715,,,,,,,,True,1111111111111111,3,0.0,1.0666666666666669,0.6666666666666666,0.0,0.0,1,0.3333333333333333,0.3333333333333333,0.3333333333333333,0.1,0.02,True,1,1111111111111111,1.0875869748661715,0.0,0.0,"[30.0, 30.0, 30.0, 30.0, 30.0, 30.0, 30.0, 30.0]",0.106203525072824,0.1203601021022861,0.0,0.0001965517241379,3.93103448275862e-05,0.0786206896551724,0.1284493848790969,-0.1747522852068618,0,0.0,0.0,0.0,,,confirmation,volatile,liquidity_constrained,2024-08-09,FAIL,1.2036010210228616,1.0875869748661717,1.0875869748661717,0.11601404615668987
hybrid_qaoa_assisted_v3,c12_stress_20250509_banking_concentrated,qaoa,candidate_budget,OK,,256,256,0,256,49,186.99451954100368,0.1679834170063259,256,256,0.8944696107717903,0.8944696107717903,10.0,10.0,186.9910228329973,200.0,406.0,0.00185546875,0.41572265625,True,1111111111111001,78,0.0,0.4586733668341708,0.9140625,0.0,0.0,1,0.20703125,0.4140625,0.55859375,1.0,1.0,True,1,1111111111111001,0.8944696107717903,0.0,0.0,"[30.0, 30.0, 30.0, 30.0, 30.0, 30.0, 10.0, 20.0]",0.0836964434966672,0.0968276727750273,0.0046677226610235,0.000249375,4.9875e-05,0.0997499999999999,0.1495379160178069,-0.1503515463861408,0,0.0,0.0,0.0,,,confirmation,stress,banking_concentrated,2025-05-09,PASS,1.3182767277502734,0.8944696107717903,0.8944696107717903,0.42380711697848306
hybrid_qaoa_assisted_v3,c12_stress_20250509_banking_concentrated,qaoa_transfer,candidate_budget,OK,,256,256,0,256,49,58.641254916990874,0.167325583002821,256,256,0.8944696107717903,0.8944696107717903,10.0,10.0,58.63933679199545,10.0,100.0,0.0001953125,0.6592773437500001,True,1111111111111001,147,0.0,0.4592211055276382,0.91796875,0.0,0.0,1,0.171875,0.3671875,0.51953125,1.0,0.82,True,1,1111111111111001,0.8944696107717903,0.0,0.0,"[30.0, 30.0, 30.0, 30.0, 30.0, 30.0, 10.0, 20.0]",0.0836964434966672,0.0968276727750273,0.0046677226610235,0.000249375,4.9875e-05,0.0997499999999999,0.1495379160178069,-0.1503515463861408,0,0.0,0.0,0.0,,,confirmation,stress,banking_concentrated,2025-05-09,PASS,1.3182767277502734,0.8944696107717903,0.8944696107717903,0.42380711697848306
hybrid_qaoa_assisted_v3,c12_stress_20250509_banking_concentrated,classical_true,candidate_budget,OK,,256,256,0,256,57,0.001287291997869,0.1891730420029489,256,256,0.8954976567756145,0.8954976567756145,,,,,,,,True,1111111111011011,232,0.0194017922517368,0.8266984924623118,0.0,0.0010280460038242,0.0011493358650129,7,0.0234375,0.0234375,0.04296875,0.1,0.12,True,1,1111111111011011,0.8954976567756145,0.0,0.0,"[30.0, 30.0, 30.0, 30.0, 30.0, 20.0, 10.0, 30.0]",0.08373630116037,0.0968276727750273,0.0047936165343827,0.0002493749999999,4.987499999999999e-05,0.0997499999999999,0.1495379160178069,-0.1502204084509645,0,0.0,0.0010280460038242,0.0011493358650129,,,confirmation,stress,banking_concentrated,2025-05-09,PASS,1.3182767277502734,0.8944696107717903,0.8944696107717903,0.42380711697848306
hybrid_qaoa_assisted_v3,c12_stress_20250509_banking_concentrated,classical_surrogate,candidate_budget,OK,,256,256,0,256,60,0.0027749170039896,0.1937845419961377,256,256,0.8954281170700354,0.8954281170700354,,,,,,,,True,1111110111110101,73,0.0,0.7834773869346734,0.9453125,0.0009585062982451,0.001071591797756,6,0.05859375,0.0859375,0.1484375,0.2,0.28,True,1,1111110111110101,0.8954281170700354,0.0,0.0,"[30.0, 30.0, 30.0, 20.0, 30.0, 30.0, 20.0, 20.0]",0.0838116127888145,0.0968276727750273,0.004629085336378,0.000249375,4.9875e-05,0.0997499999999999,0.1495379160178069,-0.1512884999288544,0,0.0,0.0009585062982451,0.001071591797756,,,confirmation,stress,banking_concentrated,2025-05-09,PASS,1.3182767277502734,0.8944696107717903,0.8944696107717903,0.42380711697848306
hybrid_qaoa_assisted_v3,c12_stress_20250509_banking_concentrated,random_uniform,candidate_budget,OK,,256,256,0,256,106,0.0011947499951929,0.3310544580017449,256,256,0.9120255030693056,0.8984680257860648,,,,,,,,True,1101011111111111,165,0.0424139522944901,1.0014824120603014,0.98828125,0.0175558922975153,0.0196271534394189,152,0.0,0.0,0.00390625,0.0,0.0,True,3,1111010101110101,0.936032434277424,0.0375644084913591,0.0894798233471628,"[30.0, 30.0, 20.0, 25.0, 25.0, 30.0, 25.0, 25.0]",0.0840420665665687,0.0968276727750273,0.0047761595240755,0.000249375,4.9875e-05,0.0997499999999999,0.1495379160178069,-0.1507903783356845,0,0.0135574772832408,0.0039984150142744,0.0044701518823254,,,confirmation,stress,banking_concentrated,2025-05-09,PASS,1.3182767277502734,0.8944696107717903,0.8944696107717903,0.42380711697848306
hybrid_qaoa_assisted_v3,c12_stress_20250509_banking_concentrated,random_stratified,candidate_budget,OK,,256,256,0,256,97,0.003992375000962,0.3087415000045439,256,256,0.8990677309945455,0.8950489166050095,,,,,,,,True,1101111101110111,25,0.0364520845298863,1.0212311557788945,0.99609375,0.0045981202227551,0.0051406108909476,55,0.0,0.00390625,0.0078125,0.0,0.0,True,2,1111111111110101,0.9060217152387644,0.0109727986337549,0.025926459331825,"[30.0, 30.0, 30.0, 25.0, 30.0, 30.0, 20.0, 15.000000000000002]",0.0837462020355257,0.0968276727750273,0.0046840667499503,0.000249375,4.9875e-05,0.0997499999999999,0.1495379160178069,-0.1509677223504968,0,0.0040188143895359,0.0005793058332191,0.0006476528953502,,,confirmation,stress,banking_concentrated,2025-05-09,PASS,1.3182767277502734,0.8944696107717903,0.8944696107717903,0.42380711697848306
hybrid_qaoa_assisted_v3,c12_stress_20250509_banking_concentrated,boltzmann,candidate_budget,OK,,256,256,0,256,49,0.0718230409984244,0.1636005000036675,256,256,0.8944696107717903,0.8944696107717903,,,,,,,,True,1111111111111001,105,0.0,0.5527437185929649,0.9453125,0.0,0.0,1,0.15234375,0.28125,0.42578125,0.9,0.72,True,1,1111111111111001,0.8944696107717903,0.0,0.0,"[30.0, 30.0, 30.0, 30.0, 30.0, 30.0, 10.0, 20.0]",0.0836964434966672,0.0968276727750273,0.0046677226610235,0.000249375,4.9875e-05,0.0997499999999999,0.1495379160178069,-0.1503515463861408,0,0.0,0.0,0.0,78.10934455384063,MATCHED,confirmation,stress,banking_concentrated,2025-05-09,PASS,1.3182767277502734,0.8944696107717903,0.8944696107717903,0.42380711697848306
hybrid_qaoa_assisted_v3,c12_stress_20250509_banking_concentrated,classical_true_compute,compute_budget,OK,,20000,20000,0,20000,49,0.1333548330003395,0.1717816250020405,20000,20000,0.8944696107717903,0.8944696107717903,,,,,,,,True,1111111111111001,1783,0.0,0.9822814070351756,0.99215,0.0,0.0,1,0.00265,0.0055,0.00745,1.0,1.0,True,1,1111111111111001,0.8944696107717903,0.0,0.0,"[30.0, 30.0, 30.0, 30.0, 30.0, 30.0, 10.0, 20.0]",0.0836964434966672,0.0968276727750273,0.0046677226610235,0.000249375,4.9875e-05,0.0997499999999999,0.1495379160178069,-0.1503515463861408,0,0.0,0.0,0.0,,,confirmation,stress,banking_concentrated,2025-05-09,PASS,1.3182767277502734,0.8944696107717903,0.8944696107717903,0.42380711697848306
hybrid_qaoa_assisted_v3,c12_stress_20250509_banking_concentrated,random_uniform_compute,compute_budget,OK,,20000,20000,0,20000,55,0.0819363750051707,0.1898522500050603,20000,20000,0.8944696107717903,0.8944696107717903,,,,,,,,True,1111111111111001,5126,0.0180555299652638,1.003894472361809,0.99605,0.0,0.0,1,0.001,0.00195,0.0024,0.4,0.4,True,1,1111111111111001,0.8944696107717903,0.0,0.0,"[30.0, 30.0, 30.0, 30.0, 30.0, 30.0, 10.0, 20.0]",0.0836964434966672,0.0968276727750273,0.0046677226610235,0.000249375,4.9875e-05,0.0997499999999999,0.1495379160178069,-0.1503515463861408,0,0.0,0.0,0.0,,,confirmation,stress,banking_concentrated,2025-05-09,PASS,1.3182767277502734,0.8944696107717903,0.8944696107717903,0.42380711697848306
hybrid_qaoa_assisted_v3,c12_stress_20250509_banking_concentrated,classical_true_compute_transfer,compute_budget,OK,,19361,19361,0,19361,49,0.1250606250032433,0.1771454999980051,19361,19361,0.8944696107717903,0.8944696107717903,,,,,,,,True,1111111111111001,1824,0.0,0.9875125628140704,0.9918392645008006,0.0,0.0,1,0.0026858116832808,0.0055782242652755,0.0076442332524146,1.0,0.98,True,1,1111111111111001,0.8944696107717903,0.0,0.0,"[30.0, 30.0, 30.0, 30.0, 30.0, 30.0, 10.0, 20.0]",0.0836964434966672,0.0968276727750273,0.0046677226610235,0.000249375,4.9875e-05,0.0997499999999999,0.1495379160178069,-0.1503515463861408,0,0.0,0.0,0.0,,,confirmation,stress,banking_concentrated,2025-05-09,PASS,1.3182767277502734,0.8944696107717903,0.8944696107717903,0.42380711697848306
hybrid_qaoa_assisted_v3,c12_stress_20250509_banking_concentrated,random_uniform_compute_transfer,compute_budget,OK,,19361,19361,0,19361,57,0.0854677500028628,0.1976207090046955,19361,19361,0.89471935087589,0.89471935087589,,,,,,,,True,1111111111110110,7434,0.0183982656138677,0.997281407035176,0.996642735395899,0.0002497401040997,0.0002792046829676,3,0.0008264035948556,0.0017561076390682,0.0026858116832808,0.3,0.3,True,1,1111111111110110,0.89471935087589,0.0,0.0,"[30.0, 30.0, 30.0, 30.0, 30.0, 30.0, 20.0, 10.0]",0.0836857547558276,0.0968276727750273,0.0047390481635226,0.000249375,4.9875e-05,0.0997499999999999,0.1495379160178069,-0.1506502926483166,0,0.0,0.0002497401040997,0.0002792046829676,,,confirmation,stress,banking_concentrated,2025-05-09,PASS,1.3182767277502734,0.8944696107717903,0.8944696107717903,0.42380711697848306
hybrid_qaoa_assisted_v3,c12_stress_20250509_banking_concentrated,heuristic_baselines,ablation,OK,,3,3,0,3,67,1.8541999452281743e-05,0.2075329170038458,3,3,0.9359819724352212,0.8986748188159234,,,,,,,,True,1111111111111111,3,0.0,1.0666666666666669,1.0,0.0415123616634308,0.046410030216244,617,0.0,0.0,0.0,0.0,0.0,True,1,1111111111111111,0.9359819724352222,0.0373071536192988,0.0889108291095401,"[30.0, 25.0, 25.0, 25.0, 25.0, 30.0, 25.0, 25.0]",0.0840479725625401,0.0968276727750273,0.0048057061381043,0.000249375,4.9875e-05,0.0997499999999999,0.1495379160178069,-0.1510355573677197,0,0.0373071536192978,0.004205208044133,0.0047013425537225,,,confirmation,stress,banking_concentrated,2025-05-09,PASS,1.3182767277502734,0.8944696107717903,0.8944696107717903,0.42380711697848306
hybrid_qaoa_assisted_v3,c13_normal_20250805_banking_concentrated,qaoa,candidate_budget,OK,,256,256,0,256,49,193.92955433200405,0.1618518749965005,256,256,1.4299665041927965,1.4299665041927965,10.0,10.0,193.9256970410061,200.0,423.0,0.0009765625,0.32373046875,True,1111111111111001,132,0.0,0.4614723618090452,0.9296875,0.0,0.0,1,0.49609375,0.609375,0.99609375,1.0,1.0,True,1,1111111111111001,1.4299665041927965,0.0,0.0,"[30.0, 30.0, 30.0, 30.0, 30.0, 30.0, 10.0, 20.0]",0.1395799941692796,0.1578195257768965,0.0,0.000249375,4.9875e-05,0.0997499999999999,0.1495379160178069,-0.25698072563296,0,0.0,0.0,0.0,,,confirmation,normal,banking_concentrated,2025-08-05,PASS,1.928195257768965,1.4299665041927965,1.4299665041927965,0.49822875357616847
hybrid_qaoa_assisted_v3,c13_normal_20250805_banking_concentrated,qaoa_transfer,candidate_budget,SHORTFALL,,256,212,44,212,57,59.25580916699255,0.1819170419985312,212,212,1.4299665041927965,1.4299665041927965,10.0,10.0,59.25413812499755,10.0,100.0,9.765625e-05,0.6796875,True,1111111111111001,149,0.0,0.4225628140703517,0.9386792452830188,0.0,0.0,1,0.3773584905660377,0.4952830188679245,0.8915094339622641,0.5,0.5,True,1,1111111111111001,1.4299665041927965,0.0,0.0,"[30.0, 30.0, 30.0, 30.0, 30.0, 30.0, 10.0, 20.0]",0.1395799941692796,0.1578195257768965,0.0,0.000249375,4.9875e-05,0.0997499999999999,0.1495379160178069,-0.25698072563296,0,0.0,0.0,0.0,,,confirmation,normal,banking_concentrated,2025-08-05,PASS,1.928195257768965,1.4299665041927965,1.4299665041927965,0.49822875357616847
hybrid_qaoa_assisted_v3,c13_normal_20250805_banking_concentrated,classical_true,candidate_budget,OK,,256,256,0,256,56,0.0013329580033314,0.1765400000003865,256,256,1.4301368285137963,1.4301368285137963,,,,,,,,True,1111111111011011,232,0.0231253764173897,0.8266984924623118,0.0,0.0001703243209998,0.0001191107067895,5,0.03515625,0.04296875,0.11328125,0.1,0.12,True,1,1111111111011011,1.4301368285137963,0.0,0.0,"[30.0, 30.0, 30.0, 30.0, 30.0, 20.0, 10.0, 30.0]",0.1395970266013796,0.1578195257768965,0.0,0.000249375,4.9875e-05,0.0997499999999999,0.1495379160178069,-0.2570699353522376,0,0.0,0.0001703243209998,0.0001191107067895,,,confirmation,normal,banking_concentrated,2025-08-05,PASS,1.928195257768965,1.4299665041927965,1.4299665041927965,0.49822875357616847
hybrid_qaoa_assisted_v3,c13_normal_20250805_banking_concentrated,classical_surrogate,candidate_budget,OK,,256,256,0,256,60,0.0027845419972436,0.1891220000034081,256,256,1.4301582914173363,1.4301582914173363,,,,,,,,True,1111111111010101,41,0.0,0.8154522613065327,0.9375,0.0001917872245398,0.0001341200818183,6,0.109375,0.14453125,0.2890625,0.2,0.3,True,1,1111111111010101,1.4301582914173363,0.0,0.0,"[30.0, 30.0, 30.0, 30.0, 30.0, 20.0, 20.0, 20.0]",0.1395991728917336,0.1578195257768965,0.0,0.000249375,4.9875e-05,0.0997499999999999,0.1495379160178069,-0.257436717124638,0,0.0,0.0001917872245398,0.0001341200818183,,,confirmation,normal,banking_concentrated,2025-08-05,PASS,1.928195257768965,1.4299665041927965,1.4299665041927965,0.49822875357616847
hybrid_qaoa_assisted_v3,c13_normal_20250805_banking_concentrated,random_uniform,candidate_budget,OK,,256,256,0,256,106,0.00123420899763,0.3258083339969744,256,256,1.4390174801708142,1.4310852370763467,,,,,,,,True,1101011111111111,165,0.0482467777561266,1.0014824120603014,0.98828125,0.0090509759780177,0.0063295020907688,151,0.0,0.00390625,0.0078125,0.0,0.0,True,3,1111010101110101,1.4777983547621198,0.0467131176857731,0.0939693744670208,"[30.0, 30.0, 25.0, 25.0, 20.0, 30.0, 25.0, 25.0]",0.1396918674576346,0.1578195257768965,0.0,0.000249375,4.9875e-05,0.0997499999999999,0.1495379160178069,-0.2575462071593353,0,0.0079322430944674,0.0011187328835502,0.0007823490132601,,,confirmation,normal,banking_concentrated,2025-08-05,PASS,1.928195257768965,1.4299665041927965,1.4299665041927965,0.49822875357616847
hybrid_qaoa_assisted_v3,c13_normal_20250805_banking_concentrated,random_stratified,candidate_budget,OK,,256,256,0,256,97,0.0037144170055398,0.2963612919993466,256,256,1.4317025634417022,1.4300731292568365,,,,,,,,True,1101111101110111,25,0.0459437138551224,1.0212311557788945,0.99609375,0.0017360592489057,0.0012140558843969,55,0.0078125,0.0078125,0.01953125,0.0,0.0,True,2,1111111111110101,1.436712533156075,0.0066394038992385,0.0133288675993379,"[30.0, 30.0, 30.0, 30.0, 30.0, 25.0, 20.0, 15.000000000000002]",0.1395906566756836,0.1578195257768965,0.0,0.000249375,4.9875e-05,0.0997499999999999,0.1495379160178069,-0.2573921226311761,0,0.0016294341848657,0.00010662506404,7.456472842362925e-05,,,confirmation,normal,banking_concentrated,2025-08-05,PASS,1.928195257768965,1.4299665041927965,1.4299665041927965,0.49822875357616847
hybrid_qaoa_assisted_v3,c13_normal_20250805_banking_concentrated,boltzmann,candidate_budget,OK,,256,256,0,256,49,0.0726518750016111,0.1574979580036597,256,256,1.4299665041927965,1.4299665041927965,,,,,,,,True,1111111111111001,148,0.0,0.5613115577889447,0.95703125,0.0,0.0,1,0.28515625,0.390625,0.66796875,0.9,0.58,True,1,1111111111111001,1.4299665041927965,0.0,0.0,"[30.0, 30.0, 30.0, 30.0, 30.0, 30.0, 10.0, 20.0]",0.1395799941692796,0.1578195257768965,0.0,0.000249375,4.9875e-05,0.0997499999999999,0.1495379160178069,-0.25698072563296,0,0.0,0.0,0.0,58.14574296222307,MATCHED,confirmation,normal,banking_concentrated,2025-08-05,PASS,1.928195257768965,1.4299665041927965,1.4299665041927965,0.49822875357616847
hybrid_qaoa_assisted_v3,c13_normal_20250805_banking_concentrated,classical_true_compute,compute_budget,OK,,20000,20000,0,20000,49,0.1299849999995785,0.1689715000029537,20000,20000,1.4299665041927965,1.4299665041927965,,,,,,,,True,1111111111111001,1783,0.0,0.9783467336683416,0.9922,0.0,0.0,1,0.00615,0.0076,0.0235,1.0,1.0,True,1,1111111111111001,1.4299665041927965,0.0,0.0,"[30.0, 30.0, 30.0, 30.0, 30.0, 30.0, 10.0, 20.0]",0.1395799941692796,0.1578195257768965,0.0,0.000249375,4.9875e-05,0.0997499999999999,0.1495379160178069,-0.25698072563296,0,0.0,0.0,0.0,,,confirmation,normal,banking_concentrated,2025-08-05,PASS,1.928195257768965,1.4299665041927965,1.4299665041927965,0.49822875357616847
hybrid_qaoa_assisted_v3,c13_normal_20250805_banking_concentrated,random_uniform_compute,compute_budget,OK,,20000,20000,0,20000,55,0.0785427919981884,0.1833154999985708,20000,20000,1.4299665041927965,1.4299665041927965,,,,,,,,True,1111111111111001,5126,0.0229641912139053,1.003894472361809,0.99605,0.0,0.0,1,0.0021,0.00245,0.00705,0.3,0.4,True,1,1111111111111001,1.4299665041927965,0.0,0.0,"[30.0, 30.0, 30.0, 30.0, 30.0, 30.0, 10.0, 20.0]",0.1395799941692796,0.1578195257768965,0.0,0.000249375,4.9875e-05,0.0997499999999999,0.1495379160178069,-0.25698072563296,0,0.0,0.0,0.0,,,confirmation,normal,banking_concentrated,2025-08-05,PASS,1.928195257768965,1.4299665041927965,1.4299665041927965,0.49822875357616847
hybrid_qaoa_assisted_v3,c13_normal_20250805_banking_concentrated,classical_true_compute_transfer,compute_budget,OK,,19963,19963,0,19963,49,0.1297442499999306,0.1684874580023461,19963,19963,1.4299665041927965,1.4299665041927965,,,,,,,,True,1111111111111001,1812,0.0,0.9632964824120602,0.9912337824976206,0.0,0.0,1,0.006261583930271,0.0077142714020938,0.0237940189350298,1.0,1.0,True,1,1111111111111001,1.4299665041927965,0.0,0.0,"[30.0, 30.0, 30.0, 30.0, 30.0, 30.0, 10.0, 20.0]",0.1395799941692796,0.1578195257768965,0.0,0.000249375,4.9875e-05,0.0997499999999999,0.1495379160178069,-0.25698072563296,0,0.0,0.0,0.0,,,confirmation,normal,banking_concentrated,2025-08-05,PASS,1.928195257768965,1.4299665041927965,1.4299665041927965,0.49822875357616847
hybrid_qaoa_assisted_v3,c13_normal_20250805_banking_concentrated,random_uniform_compute_transfer,compute_budget,OK,,19963,19963,0,19963,56,0.0958568329951958,0.1872135829980834,19963,19963,1.429987967096337,1.429987967096337,,,,,,,,True,1111111111110110,8036,0.0229641912139053,0.9899396984924624,0.9966437910133747,2.1462903540436784e-05,1.5009375029069233e-05,2,0.002103892200571,0.0026549115864349,0.0082652907879577,0.5,0.34,True,1,1111111111110110,1.429987967096337,0.0,0.0,"[30.0, 30.0, 30.0, 30.0, 30.0, 30.0, 20.0, 10.0]",0.1395821404596336,0.1578195257768965,0.0,0.000249375,4.9875e-05,0.0997499999999999,0.1495379160178069,-0.2573475257267372,0,0.0,2.1462903540436784e-05,1.5009375029069233e-05,,,confirmation,normal,banking_concentrated,2025-08-05,PASS,1.928195257768965,1.4299665041927965,1.4299665041927965,0.49822875357616847
hybrid_qaoa_assisted_v3,c13_normal_20250805_banking_concentrated,heuristic_baselines,ablation,OK,,3,3,0,3,67,1.9790997612290084e-05,0.2039533339993795,3,3,1.4571743781790911,1.4324117688111802,,,,,,,,True,1111111111111111,3,0.0,1.0666666666666669,1.0,0.0272078739862948,0.0190269309851096,449,0.0,0.0,0.3333333333333333,0.0,0.0,True,1,1111111111111111,1.457174378179092,0.0247626093679118,0.0499464179817016,"[25.0, 25.0, 25.0, 25.0, 30.0, 25.0, 30.0, 25.0]",0.139824520631118,0.1578195257768965,0.0,0.000249375,4.9875e-05,0.0997499999999999,0.1495379160178069,-0.2579507679335525,0,0.0247626093679111,0.0024452646183836,0.0017100153123964,,,confirmation,normal,banking_concentrated,2025-08-05,PASS,1.928195257768965,1.4299665041927965,1.4299665041927965,0.49822875357616847
hybrid_qaoa_assisted_v3,c14_volatile_20241008_high_volatility,qaoa,candidate_budget,OK,,256,256,0,256,81,167.92804829199304,0.2515504580005654,256,256,1.0444306912583652,1.044430691258365,10.0,10.0,167.92340558299475,200.0,362.0,0.0783203125,0.25859375,True,1111111111111111,1,0.0,0.4833618090452261,0.76953125,0.0,0.0,1,0.00390625,0.00390625,0.02734375,1.0,1.0,True,1,1111111111111111,1.044430691258365,0.0,0.0,"[30.0, 30.0, 30.0, 30.0, 30.0, 30.0, 30.0, 30.0]",0.1010679568233796,0.117900406704958,0.0,0.0002513928090563,5.027856181127657e-05,0.1005571236225531,0.1503435260948451,-0.1654093272965542,0,2.220446049250313e-16,0.0,0.0,,,confirmation,volatile,high_volatility,2024-10-08,FAIL,1.5290040670495801,1.0444306912583652,1.044430691258365,0.4845733757912152
hybrid_qaoa_assisted_v3,c14_volatile_20241008_high_volatility,qaoa_transfer,candidate_budget,OK,,256,256,0,256,81,59.64875891699921,0.2593110410016379,256,256,1.0444306912583652,1.044430691258365,10.0,10.0,59.64589716699993,10.0,100.0,0.1490234375,0.445703125,True,1111111111111111,1,0.0,0.4943869346733668,0.8046875,0.0,0.0,1,0.00390625,0.00390625,0.02734375,1.0,1.0,True,1,1111111111111111,1.044430691258365,0.0,0.0,"[30.0, 30.0, 30.0, 30.0, 30.0, 30.0, 30.0, 30.0]",0.1010679568233796,0.117900406704958,0.0,0.0002513928090563,5.027856181127657e-05,0.1005571236225531,0.1503435260948451,-0.1654093272965542,0,2.220446049250313e-16,0.0,0.0,,,confirmation,volatile,high_volatility,2024-10-08,FAIL,1.5290040670495801,1.0444306912583652,1.044430691258365,0.4845733757912152
hybrid_qaoa_assisted_v3,c14_volatile_20241008_high_volatility,classical_true,candidate_budget,OK,,256,256,0,256,81,0.0012552499974844,0.2562799170045764,256,256,1.0444306912583652,1.044430691258365,,,,,,,,True,1111111111111111,155,0.0,0.8000653266331658,0.0,0.0,0.0,1,0.00390625,0.00390625,0.02734375,1.0,0.6,True,1,1111111111111111,1.044430691258365,0.0,0.0,"[30.0, 30.0, 30.0, 30.0, 30.0, 30.0, 30.0, 30.0]",0.1010679568233796,0.117900406704958,0.0,0.0002513928090563,5.027856181127657e-05,0.1005571236225531,0.1503435260948451,-0.1654093272965542,0,2.220446049250313e-16,0.0,0.0,,,confirmation,volatile,high_volatility,2024-10-08,FAIL,1.5290040670495801,1.0444306912583652,1.044430691258365,0.4845733757912152
hybrid_qaoa_assisted_v3,c14_volatile_20241008_high_volatility,classical_surrogate,candidate_budget,OK,,256,256,0,256,81,0.0027713750023394,0.2573945420008385,256,256,1.0444306912583652,1.044430691258365,,,,,,,,True,1111111111111111,10,0.0,0.8003768844221105,0.9296875,0.0,0.0,1,0.00390625,0.00390625,0.0234375,0.9,0.54,True,1,1111111111111111,1.044430691258365,0.0,0.0,"[30.0, 30.0, 30.0, 30.0, 30.0, 30.0, 30.0, 30.0]",0.1010679568233796,0.117900406704958,0.0,0.0002513928090563,5.027856181127657e-05,0.1005571236225531,0.1503435260948451,-0.1654093272965542,0,2.220446049250313e-16,0.0,0.0,,,confirmation,volatile,high_volatility,2024-10-08,FAIL,1.5290040670495801,1.0444306912583652,1.044430691258365,0.4845733757912152
hybrid_qaoa_assisted_v3,c14_volatile_20241008_high_volatility,random_uniform,candidate_budget,OK,,256,256,0,256,99,0.001216958000441,0.3117822090061963,256,256,1.0918677373596783,1.0670701635665492,,,,,,,,True,1101011111111111,165,0.0495768492515715,1.0014824120603014,0.99609375,0.0474370461013131,0.0454190464703401,60,0.0,0.0,0.0,0.0,0.0,True,1,1101011111111111,1.091867737359678,0.0247975737931287,0.0536820822333073,"[30.0, 25.0, 25.0, 30.0, 30.0, 30.0, 30.0, 30.0]",0.1019567521634808,0.117900406704958,0.0,0.0002388451307289,4.776902614579696e-05,0.0955380522915939,0.1453339194598576,-0.1667120872397075,0,0.0247975737931291,0.0226394723081841,0.021676375941143,,,confirmation,volatile,high_volatility,2024-10-08,FAIL,1.5290040670495801,1.0444306912583652,1.044430691258365,0.4845733757912152
hybrid_qaoa_assisted_v3,c14_volatile_20241008_high_volatility,random_stratified,candidate_budget,OK,,256,256,0,256,100,0.0036750830040546,0.3109580840027774,256,256,1.0746839067249223,1.0584612856033544,,,,,,,,True,1111111111110101,105,0.0322233694254401,1.0212311557788945,0.99609375,0.0302532154665573,0.0289662260212855,16,0.0,0.0,0.0,0.0,0.02,True,1,1111111111110101,1.0746839067249223,0.0162226211215681,0.0344763999390395,"[30.0, 30.0, 30.0, 30.0, 30.0, 30.0, 25.0, 25.0]",0.1015632725139941,0.117900406704958,0.0,0.0002425356806447,4.850713612895167e-05,0.0970142722579033,0.1468073425960188,-0.1662408772798523,0,0.0162226211215681,0.0140305943449894,0.0134337246716533,,,confirmation,volatile,high_volatility,2024-10-08,FAIL,1.5290040670495801,1.0444306912583652,1.044430691258365,0.4845733757912152
hybrid_qaoa_assisted_v3,c14_volatile_20241008_high_volatility,boltzmann,candidate_budget,OK,,256,256,0,256,81,0.0727941250006551,0.2608972910020384,256,256,1.0444306912583652,1.044430691258365,,,,,,,,True,1111111111111111,7,0.0,0.6260904522613066,0.859375,0.0,0.0,1,0.00390625,0.00390625,0.02734375,1.0,0.8,True,1,1111111111111111,1.044430691258365,0.0,0.0,"[30.0, 30.0, 30.0, 30.0, 30.0, 30.0, 30.0, 30.0]",0.1010679568233796,0.117900406704958,0.0,0.0002513928090563,5.027856181127657e-05,0.1005571236225531,0.1503435260948451,-0.1654093272965542,0,2.220446049250313e-16,0.0,0.0,55.87386985871589,MATCHED,confirmation,volatile,high_volatility,2024-10-08,FAIL,1.5290040670495801,1.0444306912583652,1.044430691258365,0.4845733757912152
hybrid_qaoa_assisted_v3,c14_volatile_20241008_high_volatility,classical_true_compute,compute_budget,OK,,20000,20000,0,20000,81,0.2061493750006775,0.2687616670009447,20000,20000,1.0444306912583652,1.044430691258365,,,,,,,,True,1111111111111111,103,0.0,0.9806130653266332,0.99065,0.0,0.0,1,5e-05,5e-05,0.00035,1.0,1.0,True,1,1111111111111111,1.044430691258365,0.0,0.0,"[30.0, 30.0, 30.0, 30.0, 30.0, 30.0, 30.0, 30.0]",0.1010679568233796,0.117900406704958,0.0,0.0002513928090563,5.027856181127657e-05,0.1005571236225531,0.1503435260948451,-0.1654093272965542,0,2.220446049250313e-16,0.0,0.0,,,confirmation,volatile,high_volatility,2024-10-08,FAIL,1.5290040670495801,1.0444306912583652,1.044430691258365,0.4845733757912152
hybrid_qaoa_assisted_v3,c14_volatile_20241008_high_volatility,random_uniform_compute,compute_budget,OK,,20000,20000,0,20000,90,0.0814452089980477,0.288780749993748,20000,20000,1.0569327043918386,1.0496100067451082,,,,,,,,True,1111111111110111,17304,0.0145406606253308,1.003894472361809,0.996,0.0125020131334734,0.0119701701971344,2,0.0,0.0,0.0002,0.4,0.38,True,1,1111111111110111,1.0569327043918388,0.0073226976467306,0.0152749027430166,"[30.0, 30.0, 30.0, 30.0, 30.0, 30.0, 25.0, 30.0]",0.1013185547470914,0.117900406704958,0.0,0.0002475922153381,4.951844306763621e-05,0.0990368861352724,0.1488261421141605,-0.1658841727759094,0,0.0073226976467304,0.0051793154867432,0.0049589843826812,,,confirmation,volatile,high_volatility,2024-10-08,FAIL,1.5290040670495801,1.0444306912583652,1.044430691258365,0.4845733757912152
hybrid_qaoa_assisted_v3,c14_volatile_20241008_high_volatility,classical_true_compute_transfer,compute_budget,OK,,20000,20000,0,20000,81,0.2017113749971031,0.2619447920005768,20000,20000,1.0444306912583652,1.044430691258365,,,,,,,,True,1111111111111111,89,0.0,1.0013266331658293,0.9917,0.0,0.0,1,5e-05,5e-05,0.00035,1.0,1.0,True,1,1111111111111111,1.044430691258365,0.0,0.0,"[30.0, 30.0, 30.0, 30.0, 30.0, 30.0, 30.0, 30.0]",0.1010679568233796,0.117900406704958,0.0,0.0002513928090563,5.027856181127657e-05,0.1005571236225531,0.1503435260948451,-0.1654093272965542,0,2.220446049250313e-16,0.0,0.0,,,confirmation,volatile,high_volatility,2024-10-08,FAIL,1.5290040670495801,1.0444306912583652,1.044430691258365,0.4845733757912152
hybrid_qaoa_assisted_v3,c14_volatile_20241008_high_volatility,random_uniform_compute_transfer,compute_budget,OK,,20000,20000,0,20000,91,0.100420666996797,0.2897700000030454,20000,20000,1.0578989154699854,1.0500894932620972,,,,,,,,True,1111111111011111,11027,0.0155192939284716,0.974753768844221,0.99635,0.0134682242116201,0.0128952780920227,3,0.0,0.0,0.0001,0.5,0.42,True,1,1111111111011111,1.0578989154699854,0.0078094222078881,0.0163065035714565,"[30.0, 30.0, 30.0, 30.0, 30.0, 25.0, 30.0, 30.0]",0.1013270067523513,0.117900406704958,0.0,0.0002472803586746,4.94560717349256e-05,0.0989121434698512,0.1487016341045934,-0.165956471378968,0,0.0078094222078881,0.0056588020037322,0.005418073263353,,,confirmation,volatile,high_volatility,2024-10-08,FAIL,1.5290040670495801,1.0444306912583652,1.044430691258365,0.4845733757912152
hybrid_qaoa_assisted_v3,c14_volatile_20241008_high_volatility,heuristic_baselines,ablation,OK,,3,3,0,3,59,2.1416002709884197e-05,0.1868708749971119,3,3,1.0444306912583652,1.044430691258365,,,,,,,,True,1111111111111111,3,0.0,1.0666666666666669,0.6666666666666666,0.0,0.0,1,0.3333333333333333,0.3333333333333333,0.3333333333333333,0.1,0.02,True,1,1111111111111111,1.044430691258365,0.0,0.0,"[30.0, 30.0, 30.0, 30.0, 30.0, 30.0, 30.0, 30.0]",0.1010679568233796,0.117900406704958,0.0,0.0002513928090563,5.027856181127657e-05,0.1005571236225531,0.1503435260948451,-0.1654093272965542,0,2.220446049250313e-16,0.0,0.0,,,confirmation,volatile,high_volatility,2024-10-08,FAIL,1.5290040670495801,1.0444306912583652,1.044430691258365,0.4845733757912152
hybrid_qaoa_assisted_v3,c15_stress_20250408_liquidity_constrained,qaoa,candidate_budget,OK,,256,256,0,256,81,192.52877708400777,0.2572411250002915,256,6,0.9515920318764952,0.951592031876495,10.0,10.0,192.52464241700363,200.0,419.0,0.00078125,0.24326171875,True,1111101111111111,204,0.0,0.468643216080402,0.93359375,0.0,0.0,1,0.8333333333333334,1.0,1.0,0.5,0.12,True,1,1111101111111111,0.951592031876495,0.0,0.0,"[30.0, 30.0, 10.0, 30.0, 30.0, 30.0, 30.0, 30.0]",0.091615083274611,0.1036096410389921,0.0024037570674562,0.0001801724137931,3.603448275862069e-05,0.0720689655172413,0.1219107580589951,-0.1851965151795609,0,1.1102230246251563e-16,0.0,0.0,,,confirmation,stress,liquidity_constrained,2025-04-08,PASS,1.0360964103899213,0.9515920318764951,0.951592031876495,0.08450437851342629
hybrid_qaoa_assisted_v3,c15_stress_20250408_liquidity_constrained,qaoa_transfer,candidate_budget,OK,,256,256,0,256,81,59.25347779099684,0.2608982079982525,256,5,0.9515920318764952,0.951592031876495,10.0,10.0,59.25086349999765,10.0,100.0,0.00205078125,0.49111328125,True,1111101111111111,66,0.0,0.4793015075376884,0.94140625,0.0,0.0,1,1.0,1.0,1.0,0.5,0.1,True,1,1111101111111111,0.951592031876495,0.0,0.0,"[30.0, 30.0, 10.0, 30.0, 30.0, 30.0, 30.0, 30.0]",0.091615083274611,0.1036096410389921,0.0024037570674562,0.0001801724137931,3.603448275862069e-05,0.0720689655172413,0.1219107580589951,-0.1851965151795609,0,1.1102230246251563e-16,0.0,0.0,,,confirmation,stress,liquidity_constrained,2025-04-08,PASS,1.0360964103899213,0.9515920318764951,0.951592031876495,0.08450437851342629
hybrid_qaoa_assisted_v3,c15_stress_20250408_liquidity_constrained,classical_true,candidate_budget,OK,,256,256,0,256,81,0.0012569169994094,0.2582321249938104,256,232,0.9515920318764952,0.951592031876495,,,,,,,,True,1111101111111111,160,0.0,0.7474170854271356,0.0,0.0,0.0,1,0.0344827586206896,0.1508620689655172,0.4267241379310345,1.0,0.6,True,1,1111101111111111,0.951592031876495,0.0,0.0,"[30.0, 30.0, 10.0, 30.0, 30.0, 30.0, 30.0, 30.0]",0.091615083274611,0.1036096410389921,0.0024037570674562,0.0001801724137931,3.603448275862069e-05,0.0720689655172413,0.1219107580589951,-0.1851965151795609,0,1.1102230246251563e-16,0.0,0.0,,,confirmation,stress,liquidity_constrained,2025-04-08,PASS,1.0360964103899213,0.9515920318764951,0.951592031876495,0.08450437851342629
hybrid_qaoa_assisted_v3,c15_stress_20250408_liquidity_constrained,classical_surrogate,candidate_budget,OK,,256,256,0,256,97,0.002759208997304,0.3045634160007466,256,49,0.9650869153301456,0.9598881238556548,,,,,,,,True,1101101111111001,49,0.0,0.8211608040201005,0.94921875,0.0134948834536504,0.01418137500273,214,0.0,0.0,0.0408163265306122,0.0,0.0,True,1,1101101111111001,0.9650869153301456,0.0051987914744907,0.0682181913662782,"[30.0, 25.0, 10.0, 30.0, 30.0, 30.0, 15.000000000000002, 25.0]",0.0928734154461066,0.1036096410389921,0.0020786387065039,0.000159698275862,3.193965517241379e-05,0.0638793103448275,0.1137377757956604,-0.187596470241501,0,0.0051987914744908,0.0082960919791597,0.0087181183755818,,,confirmation,stress,liquidity_constrained,2025-04-08,PASS,1.0360964103899213,0.9515920318764951,0.951592031876495,0.08450437851342629
hybrid_qaoa_assisted_v3,c15_stress_20250408_liquidity_constrained,random_uniform,candidate_budget,OK,,256,256,0,256,98,0.0012033340026391,0.3100240829953691,256,128,0.9597393086356192,0.9566513110036896,,,,,,,,True,1111101101111110,109,0.009745726842937,1.0014824120603014,0.98828125,0.008147276759124,0.0085617328500092,36,0.0,0.0078125,0.0234375,0.0,0.02,True,1,1111101101111110,0.9597393086356192,0.0030879976319294,0.0388695798203587,"[30.0, 30.0, 10.0, 30.0, 25.0, 30.0, 30.0, 15.000000000000002]",0.0925138581985142,0.1036096410389921,0.0020439251140542,0.0001637931034482,3.275862068965517e-05,0.0655172413793103,0.1153723454703787,-0.1872120434855169,0,0.0030879976319295,0.0050592791271946,0.0053166472161583,,,confirmation,stress,liquidity_constrained,2025-04-08,PASS,1.0360964103899213,0.9515920318764951,0.951592031876495,0.08450437851342629
hybrid_qaoa_assisted_v3,c15_stress_20250408_liquidity_constrained,random_stratified,candidate_budget,OK,,256,256,0,256,94,0.0036653330025728,0.296966624999186,256,153,0.959677078906556,0.955615596313336,,,,,,,,True,111101111110111,129,0.0051564988521354,1.0212311557788945,1.0,0.0080850470300608,0.0084963374631432,35,0.0,0.0065359477124183,0.0196078431372549,0.0,0.02,True,1,111101111110111,0.9596770789065556,0.0040614825932194,0.0504652275181335,"[25.0, 30.0, 10.0, 30.0, 30.0, 30.0, 25.0, 30.0]",0.0921924187387904,0.1036096410389921,0.0022667300609483,0.0001719827586206,3.439655172413793e-05,0.0687931034482758,0.1186415249864093,-0.1862342686938626,0,0.0040614825932199,0.004023564436841,0.0042282451954823,,,confirmation,stress,liquidity_constrained,2025-04-08,PASS,1.0360964103899213,0.9515920318764951,0.951592031876495,0.08450437851342629
hybrid_qaoa_assisted_v3,c15_stress_20250408_liquidity_constrained,boltzmann,candidate_budget,OK,,256,256,0,256,71,0.0712246249968302,0.2345923330067307,256,21,0.9515920318764952,0.951592031876495,,,,,,,,True,1111101111111111,62,0.0,0.5907236180904523,0.93359375,0.0,0.0,1,0.238095238095238,0.5238095238095238,0.9047619047619048,0.6,0.2,True,1,1111101111111111,0.951592031876495,0.0,0.0,"[30.0, 30.0, 10.0, 30.0, 30.0, 30.0, 30.0, 30.0]",0.091615083274611,0.1036096410389921,0.0024037570674562,0.0001801724137931,3.603448275862069e-05,0.0720689655172413,0.1219107580589951,-0.1851965151795609,0,1.1102230246251563e-16,0.0,0.0,333.12712889008196,MATCHED,confirmation,stress,liquidity_constrained,2025-04-08,PASS,1.0360964103899213,0.9515920318764951,0.951592031876495,0.08450437851342629
hybrid_qaoa_assisted_v3,c15_stress_20250408_liquidity_constrained,classical_true_compute,compute_budget,OK,,20000,20000,0,20000,81,0.1991280839938554,0.2715695410006447,20000,13779,0.9515920318764952,0.951592031876495,,,,,,,,True,1111101111111111,103,0.0,0.9683618090452262,0.99055,0.0,0.0,1,0.0005805936570142,0.0043544524276072,0.0587851077726975,1.0,1.0,True,1,1111101111111111,0.951592031876495,0.0,0.0,"[30.0, 30.0, 10.0, 30.0, 30.0, 30.0, 30.0, 30.0]",0.091615083274611,0.1036096410389921,0.0024037570674562,0.0001801724137931,3.603448275862069e-05,0.0720689655172413,0.1219107580589951,-0.1851965151795609,0,1.1102230246251563e-16,0.0,0.0,,,confirmation,stress,liquidity_constrained,2025-04-08,PASS,1.0360964103899213,0.9515920318764951,0.951592031876495,0.08450437851342629
hybrid_qaoa_assisted_v3,c15_stress_20250408_liquidity_constrained,random_uniform_compute,compute_budget,OK,,20000,20000,0,20000,83,0.0770313329994678,0.273346791997028,20000,10015,0.9515920318764952,0.951592031876495,,,,,,,,True,1111101111111111,979,0.0020314954226334,1.003894472361809,0.99605,0.0,0.0,1,0.000199700449326,0.0019970044932601,0.0242636045931103,0.3,0.34,True,1,1111101111111111,0.951592031876495,0.0,0.0,"[30.0, 30.0, 10.0, 30.0, 30.0, 30.0, 30.0, 30.0]",0.091615083274611,0.1036096410389921,0.0024037570674562,0.0001801724137931,3.603448275862069e-05,0.0720689655172413,0.1219107580589951,-0.1851965151795609,0,1.1102230246251563e-16,0.0,0.0,,,confirmation,stress,liquidity_constrained,2025-04-08,PASS,1.0360964103899213,0.9515920318764951,0.951592031876495,0.08450437851342629
hybrid_qaoa_assisted_v3,c15_stress_20250408_liquidity_constrained,classical_true_compute_transfer,compute_budget,OK,,18427,18427,0,18427,81,0.1643926660035504,0.2697977499992703,18427,13048,0.9515920318764952,0.951592031876495,,,,,,,,True,1111101111111111,89,0.0,0.9713065326633166,0.9894719704781028,0.0,0.0,1,0.0006131207847946,0.0045984058859595,0.0622317596566523,1.0,1.0,True,1,1111101111111111,0.951592031876495,0.0,0.0,"[30.0, 30.0, 10.0, 30.0, 30.0, 30.0, 30.0, 30.0]",0.091615083274611,0.1036096410389921,0.0024037570674562,0.0001801724137931,3.603448275862069e-05,0.0720689655172413,0.1219107580589951,-0.1851965151795609,0,1.1102230246251563e-16,0.0,0.0,,,confirmation,stress,liquidity_constrained,2025-04-08,PASS,1.0360964103899213,0.9515920318764951,0.951592031876495,0.08450437851342629
hybrid_qaoa_assisted_v3,c15_stress_20250408_liquidity_constrained,random_uniform_compute_transfer,compute_budget,OK,,18427,18427,0,18427,83,0.0965072499966481,0.273828916993807,18427,9200,0.9515920318764952,0.951592031876495,,,,,,,,True,1111101111111111,1837,0.0030149601561211,1.0121708542713568,0.996581103815054,0.0,0.0,1,0.0002173913043478,0.002391304347826,0.0251086956521739,0.4,0.4,True,1,1111101111111111,0.951592031876495,0.0,0.0,"[30.0, 30.0, 10.0, 30.0, 30.0, 30.0, 30.0, 30.0]",0.091615083274611,0.1036096410389921,0.0024037570674562,0.0001801724137931,3.603448275862069e-05,0.0720689655172413,0.1219107580589951,-0.1851965151795609,0,1.1102230246251563e-16,0.0,0.0,,,confirmation,stress,liquidity_constrained,2025-04-08,PASS,1.0360964103899213,0.9515920318764951,0.951592031876495,0.08450437851342629
hybrid_qaoa_assisted_v3,c15_stress_20250408_liquidity_constrained,heuristic_baselines,ablation,OK,,3,3,0,3,57,1.8708000425249335e-05,0.1823212500021327,3,1,1.004742318981099,0.9914198354063576,,,,,,,,True,1010101010101010,1,0.0,1.0666666666666669,0.6666666666666666,0.0531502871046037,0.0558540691012238,26767,0.0,0.0,0.0,0.0,0.0,True,1,1010101010101010,1.004742318981099,0.0133224835747411,0.2981984088897259,"[15.000000000000002, 15.000000000000002, 10.0, 15.000000000000002, 15.000000000000002, 15.000000000000002, 15.000000000000002, 15.000000000000002]",0.0972974358211549,0.1036096410389921,0.0012403885424098,9.418103448275862e-05,1.8836206896551724e-05,0.0376724137931034,0.087586481744078,-0.1960316826698582,0,0.0133224835747411,0.0398278035298627,0.0418538640464697,,,confirmation,stress,liquidity_constrained,2025-04-08,PASS,1.0360964103899213,0.9515920318764951,0.951592031876495,0.08450437851342629
hybrid_qaoa_assisted_v3,c16_normal_20250904_do_not_sell,qaoa,candidate_budget,OK,,256,256,0,256,81,181.37762212500093,0.260531792002439,256,256,1.2867431886479914,1.2867431886479914,10.0,10.0,181.3728016669993,200.0,393.0,0.0736328125,0.2537109375,True,1111111111111111,1,0.0,0.465713567839196,0.78515625,0.0,0.0,1,0.03125,0.19140625,1.0,1.0,1.0,True,1,1111111111111111,1.2867431886479914,0.0,0.0,"[30.0, 30.0, 30.0, 30.0, 30.0, 30.0, 30.0, 30.0]",0.1258850792652243,0.1417293306603072,0.0,0.0002145568922749,4.2911378454996626e-05,0.0858227569099932,0.1356373019356981,-0.2497550862441467,0,0.0,0.0,0.0,,,confirmation,normal,do_not_sell,2025-09-04,PASS,1.4172933066030726,1.2867431886479914,1.2867431886479914,0.1305501179550812
hybrid_qaoa_assisted_v3,c16_normal_20250904_do_not_sell,qaoa_transfer,candidate_budget,OK,,256,256,0,256,81,59.37288279300992,0.2661361249993206,256,256,1.2867431886479914,1.2867431886479914,10.0,10.0,59.370247709004616,10.0,100.0,0.159375,0.4698242187499999,True,1111111111111111,1,0.0,0.4714020100502512,0.8125,0.0,0.0,1,0.03125,0.18359375,0.8671875,1.0,0.96,True,1,1111111111111111,1.2867431886479914,0.0,0.0,"[30.0, 30.0, 30.0, 30.0, 30.0, 30.0, 30.0, 30.0]",0.1258850792652243,0.1417293306603072,0.0,0.0002145568922749,4.2911378454996626e-05,0.0858227569099932,0.1356373019356981,-0.2497550862441467,0,0.0,0.0,0.0,,,confirmation,normal,do_not_sell,2025-09-04,PASS,1.4172933066030726,1.2867431886479914,1.2867431886479914,0.1305501179550812
hybrid_qaoa_assisted_v3,c16_normal_20250904_do_not_sell,classical_true,candidate_budget,OK,,256,256,0,256,81,0.0012687089983955,0.2604920000012498,256,256,1.2867431886479914,1.2867431886479914,,,,,,,,True,1111111111111111,160,0.0,0.786462311557789,0.0,0.0,0.0,1,0.03125,0.1171875,0.3203125,1.0,0.62,True,1,1111111111111111,1.2867431886479914,0.0,0.0,"[30.0, 30.0, 30.0, 30.0, 30.0, 30.0, 30.0, 30.0]",0.1258850792652243,0.1417293306603072,0.0,0.0002145568922749,4.2911378454996626e-05,0.0858227569099932,0.1356373019356981,-0.2497550862441467,0,0.0,0.0,0.0,,,confirmation,normal,do_not_sell,2025-09-04,PASS,1.4172933066030726,1.2867431886479914,1.2867431886479914,0.1305501179550812
hybrid_qaoa_assisted_v3,c16_normal_20250904_do_not_sell,classical_surrogate,candidate_budget,OK,,256,256,0,256,81,0.0028435409985831,0.2636589999965508,256,256,1.2867431886479914,1.2867431886479914,,,,,,,,True,1111111111111111,10,0.0,0.8190402010050251,0.921875,0.0,0.0,1,0.02734375,0.09375,0.3359375,0.9,0.48,True,1,1111111111111111,1.2867431886479914,0.0,0.0,"[30.0, 30.0, 30.0, 30.0, 30.0, 30.0, 30.0, 30.0]",0.1258850792652243,0.1417293306603072,0.0,0.0002145568922749,4.2911378454996626e-05,0.0858227569099932,0.1356373019356981,-0.2497550862441467,0,0.0,0.0,0.0,,,confirmation,normal,do_not_sell,2025-09-04,PASS,1.4172933066030726,1.2867431886479914,1.2867431886479914,0.1305501179550812
hybrid_qaoa_assisted_v3,c16_normal_20250904_do_not_sell,random_uniform,candidate_budget,OK,,256,256,0,256,102,0.0012232919980306,0.3239765420003095,256,256,1.2987763625636537,1.2927271824086617,,,,,,,,True,1101011111111111,165,0.0120264933115112,1.0014824120603014,0.99609375,0.0120331739156622,0.0093516515353042,37,0.0,0.00390625,0.015625,0.0,0.02,True,1,1101011111111111,1.298776362563654,0.0060491801549924,0.0485620002557956,"[30.0, 25.0, 25.0, 30.0, 30.0, 30.0, 30.0, 30.0]",0.1266151388643407,0.1417293306603072,0.0,0.0002044291828096,4.088583656192976e-05,0.0817716731238595,0.1315941456247024,-0.2512972882054476,0,0.006049180154992,0.0059839937606702,0.0046504957737198,,,confirmation,normal,do_not_sell,2025-09-04,PASS,1.4172933066030726,1.2867431886479914,1.2867431886479914,0.1305501179550812
hybrid_qaoa_assisted_v3,c16_normal_20250904_do_not_sell,random_stratified,candidate_budget,OK,,256,256,0,256,100,0.0036677090029115,0.3217734999998356,256,256,1.295005437445648,1.2908743130468194,,,,,,,,True,1111111111110101,105,0.0083263105278301,1.0212311557788945,0.99609375,0.0082622487976564,0.0064210550096929,12,0.0,0.00390625,0.01953125,0.0,0.02,True,1,1111111111110101,1.295005437445648,0.0041311243988284,0.0326780358126345,"[30.0, 30.0, 30.0, 30.0, 30.0, 30.0, 25.0, 25.0]",0.1263931250302276,0.1417293306603072,0.0,0.0002072543288041,4.145086576083577e-05,0.0829017315216715,0.1327219843986614,-0.2507253425567426,0,0.0041311243988284,0.004131124398828,0.0032105275048463,,,confirmation,normal,do_not_sell,2025-09-04,PASS,1.4172933066030726,1.2867431886479914,1.2867431886479914,0.1305501179550812
hybrid_qaoa_assisted_v3,c16_normal_20250904_do_not_sell,boltzmann,candidate_budget,OK,,256,256,0,256,81,0.0723615410024649,0.2590587090016925,256,256,1.2867431886479914,1.2867431886479914,,,,,,,,True,1111111111111111,6,0.0,0.6021356783919599,0.83984375,0.0,0.0,1,0.03125,0.15625,0.6484375,1.0,0.82,True,1,1111111111111111,1.2867431886479914,0.0,0.0,"[30.0, 30.0, 30.0, 30.0, 30.0, 30.0, 30.0, 30.0]",0.1258850792652243,0.1417293306603072,0.0,0.0002145568922749,4.2911378454996626e-05,0.0858227569099932,0.1356373019356981,-0.2497550862441467,0,0.0,0.0,0.0,211.3036330254442,MATCHED,confirmation,normal,do_not_sell,2025-09-04,PASS,1.4172933066030726,1.2867431886479914,1.2867431886479914,0.1305501179550812
hybrid_qaoa_assisted_v3,c16_normal_20250904_do_not_sell,classical_true_compute,compute_budget,OK,,20000,20000,0,20000,81,0.1970322920024045,0.2698818339995341,20000,20000,1.2867431886479914,1.2867431886479914,,,,,,,,True,1111111111111111,103,0.0,0.9685829145728644,0.9914,0.0,0.0,1,0.0004,0.00245,0.0363,1.0,1.0,True,1,1111111111111111,1.2867431886479914,0.0,0.0,"[30.0, 30.0, 30.0, 30.0, 30.0, 30.0, 30.0, 30.0]",0.1258850792652243,0.1417293306603072,0.0,0.0002145568922749,4.2911378454996626e-05,0.0858227569099932,0.1356373019356981,-0.2497550862441467,0,0.0,0.0,0.0,,,confirmation,normal,do_not_sell,2025-09-04,PASS,1.4172933066030726,1.2867431886479914,1.2867431886479914,0.1305501179550812
hybrid_qaoa_assisted_v3,c16_normal_20250904_do_not_sell,random_uniform_compute,compute_budget,OK,,20000,20000,0,20000,91,0.0782333749957615,0.301362792000873,20000,20000,1.2906858762699247,1.2887145324589573,,,,,,,,True,1111111111111101,17336,0.003907612715867,1.003894472361809,0.99615,0.0039426876219332,0.0030640827608156,2,0.0002,0.0008,0.0113,0.4,0.32,True,1,1111111111111101,1.2906858762699247,0.0019713438109674,0.0153317981454533,"[30.0, 30.0, 30.0, 30.0, 30.0, 30.0, 30.0, 25.0]",0.126132250454852,0.1417293306603072,0.0,0.0002107079070033,4.214158140067219e-05,0.0842831628013443,0.1341007109744781,-0.250152087446335,0,0.0019713438109674,0.0019713438109658,0.0015320413804072,,,confirmation,normal,do_not_sell,2025-09-04,PASS,1.4172933066030726,1.2867431886479914,1.2867431886479914,0.1305501179550812
hybrid_qaoa_assisted_v3,c16_normal_20250904_do_not_sell,classical_true_compute_transfer,compute_budget,OK,,19092,19092,0,19092,81,0.1780460840018349,0.2669162919992232,19092,19092,1.2867431886479914,1.2867431886479914,,,,,,,,True,1111111111111111,89,0.0,0.9896733668341708,0.9912528807877644,0.0,0.0,1,0.0004190236748376,0.0025665200083804,0.0380263984915147,1.0,1.0,True,1,1111111111111111,1.2867431886479914,0.0,0.0,"[30.0, 30.0, 30.0, 30.0, 30.0, 30.0, 30.0, 30.0]",0.1258850792652243,0.1417293306603072,0.0,0.0002145568922749,4.2911378454996626e-05,0.0858227569099932,0.1356373019356981,-0.2497550862441467,0,0.0,0.0,0.0,,,confirmation,normal,do_not_sell,2025-09-04,PASS,1.4172933066030726,1.2867431886479914,1.2867431886479914,0.1305501179550812
hybrid_qaoa_assisted_v3,c16_normal_20250904_do_not_sell,random_uniform_compute_transfer,compute_budget,OK,,19092,19092,0,19092,92,0.0721512499949312,0.3031459170015296,19092,19092,1.2908928745553898,1.28881803160169,,,,,,,,True,1111111111011111,10119,0.004165653281662,0.9984572864321608,0.9963335428451708,0.0041496859073983,0.003224952689867,3,5.237795935470354e-05,0.0010999371464487,0.0116802849360988,0.2,0.42,True,1,1111111111011111,1.2908928745553896,0.0020748429536996,0.0161497451838675,"[30.0, 30.0, 30.0, 30.0, 30.0, 25.0, 30.0, 30.0]",0.1261486843065017,0.1417293306603072,0.0,0.0002102399118205,4.2047982364111456e-05,0.0840959647282229,0.1339138788584851,-0.2502207286251102,0,0.0020748429536998,0.0020748429536985,0.0016124763449329,,,confirmation,normal,do_not_sell,2025-09-04,PASS,1.4172933066030726,1.2867431886479914,1.2867431886479914,0.1305501179550812
hybrid_qaoa_assisted_v3,c16_normal_20250904_do_not_sell,heuristic_baselines,ablation,OK,,3,3,0,3,59,1.8124999769497663e-05,0.1881481249947683,3,3,1.2867431886479914,1.2867431886479914,,,,,,,,True,1111111111111111,3,0.0,1.0666666666666669,0.6666666666666666,0.0,0.0,1,0.3333333333333333,0.3333333333333333,0.3333333333333333,0.1,0.02,True,1,1111111111111111,1.2867431886479914,0.0,0.0,"[30.0, 30.0, 30.0, 30.0, 30.0, 30.0, 30.0, 30.0]",0.1258850792652243,0.1417293306603072,0.0,0.0002145568922749,4.2911378454996626e-05,0.0858227569099932,0.1356373019356981,-0.2497550862441467,0,0.0,0.0,0.0,,,confirmation,normal,do_not_sell,2025-09-04,PASS,1.4172933066030726,1.2867431886479914,1.2867431886479914,0.1305501179550812
hybrid_qaoa_assisted_v3,c17_volatile_20241203_liquidity_constrained,qaoa,candidate_budget,OK,,256,256,0,256,81,188.53498462500283,0.2621348750035395,256,256,1.0353682409980058,1.0353682409980058,10.0,10.0,188.53026645899808,200.0,412.0,0.11455078125,0.3398437499999999,True,1111111111111111,1,0.0,0.4621959798994975,0.78515625,0.0,0.0,1,0.03515625,0.17578125,0.9921875,1.0,1.0,True,1,1111111111111111,1.0353682409980058,0.0,0.0,"[30.0, 30.0, 30.0, 30.0, 30.0, 30.0, 30.0, 30.0]",0.1009816516860074,0.1139479787828712,0.0,0.0001965517241379,3.93103448275862e-05,0.0786206896551724,0.1284493848790969,-0.1800158773377755,0,0.0,0.0,0.0,,,confirmation,volatile,liquidity_constrained,2024-12-03,FAIL,1.1394797878287126,1.0353682409980058,1.0353682409980058,0.10411154683070678
hybrid_qaoa_assisted_v3,c17_volatile_20241203_liquidity_constrained,qaoa_transfer,candidate_budget,OK,,256,256,0,256,81,58.79026733299543,0.2651455419982085,256,256,1.0353682409980058,1.0353682409980058,10.0,10.0,58.787850875,10.0,100.0,0.20419921875,0.555859375,True,1111111111111111,1,0.0,0.452396984924623,0.796875,0.0,0.0,1,0.03515625,0.171875,0.984375,1.0,0.98,True,1,1111111111111111,1.0353682409980058,0.0,0.0,"[30.0, 30.0, 30.0, 30.0, 30.0, 30.0, 30.0, 30.0]",0.1009816516860074,0.1139479787828712,0.0,0.0001965517241379,3.93103448275862e-05,0.0786206896551724,0.1284493848790969,-0.1800158773377755,0,0.0,0.0,0.0,,,confirmation,volatile,liquidity_constrained,2024-12-03,FAIL,1.1394797878287126,1.0353682409980058,1.0353682409980058,0.10411154683070678
hybrid_qaoa_assisted_v3,c17_volatile_20241203_liquidity_constrained,classical_true,candidate_budget,OK,,256,256,0,256,81,0.0012326659998507,0.2613901669974439,256,256,1.0353682409980058,1.0353682409980058,,,,,,,,True,1111111111111111,160,0.0,0.7767135678391961,0.0,0.0,0.0,1,0.03515625,0.09765625,0.3359375,1.0,0.56,True,1,1111111111111111,1.0353682409980058,0.0,0.0,"[30.0, 30.0, 30.0, 30.0, 30.0, 30.0, 30.0, 30.0]",0.1009816516860074,0.1139479787828712,0.0,0.0001965517241379,3.93103448275862e-05,0.0786206896551724,0.1284493848790969,-0.1800158773377755,0,0.0,0.0,0.0,,,confirmation,volatile,liquidity_constrained,2024-12-03,FAIL,1.1394797878287126,1.0353682409980058,1.0353682409980058,0.10411154683070678
hybrid_qaoa_assisted_v3,c17_volatile_20241203_liquidity_constrained,classical_surrogate,candidate_budget,OK,,256,256,0,256,81,0.0027715000032912,0.2638390410065767,256,256,1.0353682409980058,1.0353682409980058,,,,,,,,True,1111111111111111,10,0.0,0.802105527638191,0.92578125,0.0,0.0,1,0.03125,0.08984375,0.30859375,0.8,0.46,True,1,1111111111111111,1.0353682409980058,0.0,0.0,"[30.0, 30.0, 30.0, 30.0, 30.0, 30.0, 30.0, 30.0]",0.1009816516860074,0.1139479787828712,0.0,0.0001965517241379,3.93103448275862e-05,0.0786206896551724,0.1284493848790969,-0.1800158773377755,0,0.0,0.0,0.0,,,confirmation,volatile,liquidity_constrained,2024-12-03,FAIL,1.1394797878287126,1.0353682409980058,1.0353682409980058,0.10411154683070678
hybrid_qaoa_assisted_v3,c17_volatile_20241203_liquidity_constrained,random_uniform,candidate_budget,OK,,256,256,0,256,102,0.0011801660002674,0.3276632909983163,256,256,1.0452338521810522,1.0402966617578475,,,,,,,,True,1101011111111111,165,0.0098123726469807,1.0014824120603014,0.99609375,0.0098656111830464,0.0095286013153511,41,0.0,0.00390625,0.0078125,0.0,0.02,True,1,1101011111111111,1.045233852181052,0.0049371904232042,0.0497785320829345,"[30.0, 25.0, 25.0, 30.0, 30.0, 30.0, 30.0, 30.0]",0.101580959279233,0.1139479787828712,0.0,0.0001883620689655,3.767241379310344e-05,0.0753448275862068,0.1251800446894522,-0.1812492297807417,0,0.0049371904232045,0.0049284207598419,0.0047600656121065,,,confirmation,volatile,liquidity_constrained,2024-12-03,FAIL,1.1394797878287126,1.0353682409980058,1.0353682409980058,0.10411154683070678
hybrid_qaoa_assisted_v3,c17_volatile_20241203_liquidity_constrained,random_stratified,candidate_budget,OK,,256,256,0,256,100,0.0037246670035528,0.3202405839983839,256,256,1.042912418441659,1.0391403297198325,,,,,,,,True,1111111111110101,105,0.0076455777371355,1.0212311557788945,0.99609375,0.007544177443653,0.007286467891251,17,0.0,0.00390625,0.0234375,0.0,0.02,True,1,1111111111110101,1.042912418441659,0.0037720887218264,0.0375932738019501,"[30.0, 30.0, 30.0, 30.0, 30.0, 30.0, 25.0, 25.0]",0.1014653260754315,0.1139479787828712,0.0,0.0001883620689655,3.767241379310344e-05,0.0753448275862068,0.1251800446894522,-0.1811714505631535,0,0.0037720887218264,0.0037720887218266,0.0036432339456256,,,confirmation,volatile,liquidity_constrained,2024-12-03,FAIL,1.1394797878287126,1.0353682409980058,1.0353682409980058,0.10411154683070678
hybrid_qaoa_assisted_v3,c17_volatile_20241203_liquidity_constrained,boltzmann,candidate_budget,OK,,256,256,0,256,81,0.0717756250014645,0.2649218750011641,256,256,1.0353682409980058,1.0353682409980058,,,,,,,,True,1111111111111111,2,0.0,0.5697035175879397,0.8125,0.0,0.0,1,0.03515625,0.1640625,0.76171875,1.0,0.9,True,1,1111111111111111,1.0353682409980058,0.0,0.0,"[30.0, 30.0, 30.0, 30.0, 30.0, 30.0, 30.0, 30.0]",0.1009816516860074,0.1139479787828712,0.0,0.0001965517241379,3.93103448275862e-05,0.0786206896551724,0.1284493848790969,-0.1800158773377755,0,0.0,0.0,0.0,319.7108778144003,MATCHED,confirmation,volatile,liquidity_constrained,2024-12-03,FAIL,1.1394797878287126,1.0353682409980058,1.0353682409980058,0.10411154683070678
hybrid_qaoa_assisted_v3,c17_volatile_20241203_liquidity_constrained,classical_true_compute,compute_budget,OK,,20000,20000,0,20000,81,0.2211920410045422,0.2788323749991832,20000,20000,1.0353682409980058,1.0353682409980058,,,,,,,,True,1111111111111111,103,0.0,0.987537688442211,0.9912,0.0,0.0,1,0.00045,0.00225,0.0343,1.0,1.0,True,1,1111111111111111,1.0353682409980058,0.0,0.0,"[30.0, 30.0, 30.0, 30.0, 30.0, 30.0, 30.0, 30.0]",0.1009816516860074,0.1139479787828712,0.0,0.0001965517241379,3.93103448275862e-05,0.0786206896551724,0.1284493848790969,-0.1800158773377755,0,0.0,0.0,0.0,,,confirmation,volatile,liquidity_constrained,2024-12-03,FAIL,1.1394797878287126,1.0353682409980058,1.0353682409980058,0.10411154683070678
hybrid_qaoa_assisted_v3,c17_volatile_20241203_liquidity_constrained,random_uniform_compute,compute_budget,OK,,20000,20000,0,20000,90,0.0805346670022117,0.297094500005187,20000,20000,1.039033147007176,1.0371966747660923,,,,,,,,True,1111111111011111,16532,0.0036439921719926,1.003894472361809,0.99615,0.00366490600917,0.0035397126008398,2,0.0002,0.00065,0.01065,0.5,0.3,True,1,1111111111011111,1.039033147007176,0.0018364722410835,0.0179547941600016,"[30.0, 30.0, 30.0, 30.0, 30.0, 25.0, 30.0, 30.0]",0.1012177278214368,0.1139479787828712,0.0,0.0001924568965517,3.849137931034482e-05,0.0769827586206896,0.1268147080892938,-0.1805410949472057,0,0.0018364722410835,0.0018284337680865,0.0017659743612804,,,confirmation,volatile,liquidity_constrained,2024-12-03,FAIL,1.1394797878287126,1.0353682409980058,1.0353682409980058,0.10411154683070678
hybrid_qaoa_assisted_v3,c17_volatile_20241203_liquidity_constrained,classical_true_compute_transfer,compute_budget,OK,,19214,19214,0,19214,81,0.1762851250023231,0.2690019579968066,19214,19214,1.0353682409980058,1.0353682409980058,,,,,,,,True,1111111111111111,89,0.0,0.9943467336683416,0.9913084209430624,0.0,0.0,1,0.0004684084521702,0.0023420422608514,0.0357551785156656,1.0,1.0,True,1,1111111111111111,1.0353682409980058,0.0,0.0,"[30.0, 30.0, 30.0, 30.0, 30.0, 30.0, 30.0, 30.0]",0.1009816516860074,0.1139479787828712,0.0,0.0001965517241379,3.93103448275862e-05,0.0786206896551724,0.1284493848790969,-0.1800158773377755,0,0.0,0.0,0.0,,,confirmation,volatile,liquidity_constrained,2024-12-03,FAIL,1.1394797878287126,1.0353682409980058,1.0353682409980058,0.10411154683070678
hybrid_qaoa_assisted_v3,c17_volatile_20241203_liquidity_constrained,random_uniform_compute_transfer,compute_budget,OK,,19214,19214,0,19214,91,0.0879760000025271,0.2989413750037784,19214,19214,1.039033147007176,1.0371966747660923,,,,,,,,True,1111111111011111,10241,0.0036439921719926,0.9877989949748744,0.9964609139169356,0.00366490600917,0.0035397126008398,2,0.0001561361507234,0.0009368169043405,0.0114499843863849,0.4,0.4,True,1,1111111111011111,1.039033147007176,0.0018364722410835,0.0179547941600016,"[30.0, 30.0, 30.0, 30.0, 30.0, 25.0, 30.0, 30.0]",0.1012177278214368,0.1139479787828712,0.0,0.0001924568965517,3.849137931034482e-05,0.0769827586206896,0.1268147080892938,-0.1805410949472057,0,0.0018364722410835,0.0018284337680865,0.0017659743612804,,,confirmation,volatile,liquidity_constrained,2024-12-03,FAIL,1.1394797878287126,1.0353682409980058,1.0353682409980058,0.10411154683070678
hybrid_qaoa_assisted_v3,c17_volatile_20241203_liquidity_constrained,heuristic_baselines,ablation,OK,,3,3,0,3,59,1.766700006555766e-05,0.1930122910052887,3,3,1.0353682409980058,1.0353682409980058,,,,,,,,True,1111111111111111,3,0.0,1.0666666666666669,0.6666666666666666,0.0,0.0,1,0.3333333333333333,0.3333333333333333,0.3333333333333333,0.1,0.02,True,1,1111111111111111,1.0353682409980058,0.0,0.0,"[30.0, 30.0, 30.0, 30.0, 30.0, 30.0, 30.0, 30.0]",0.1009816516860074,0.1139479787828712,0.0,0.0001965517241379,3.93103448275862e-05,0.0786206896551724,0.1284493848790969,-0.1800158773377755,0,0.0,0.0,0.0,,,confirmation,volatile,liquidity_constrained,2024-12-03,FAIL,1.1394797878287126,1.0353682409980058,1.0353682409980058,0.10411154683070678
hybrid_qaoa_assisted_v3,c18_stress_20250509_high_volatility,qaoa,candidate_budget,OK,,256,256,0,256,81,201.7772910000058,0.2591300000058254,256,256,1.0323328090505963,1.032332809050596,10.0,10.0,201.77369900000485,200.0,443.0,0.11142578125,0.34423828125,True,1111111111111111,1,0.0,0.4612562814070352,0.79296875,0.0,0.0,1,0.00390625,0.00390625,0.03125,1.0,1.0,True,1,1111111111111111,1.032332809050596,0.0,0.0,"[30.0, 30.0, 30.0, 30.0, 30.0, 30.0, 30.0, 30.0]",0.0951146034853299,0.1106525558166774,0.0028524210411407,0.0002235099336821,4.470198673642425e-05,0.0894039734728485,0.1392115787098916,-0.1881236200585504,0,2.220446049250313e-16,0.0,0.0,,,confirmation,stress,high_volatility,2025-05-09,PASS,1.4565255581667746,1.0323328090505963,1.032332809050596,0.42419274911617855
hybrid_qaoa_assisted_v3,c18_stress_20250509_high_volatility,qaoa_transfer,candidate_budget,OK,,256,256,0,256,81,58.363868166998145,0.2576096249977126,256,256,1.0323328090505963,1.032332809050596,10.0,10.0,58.36167491699598,10.0,100.0,0.2359375,0.6025390625,True,1111111111111111,1,0.0,0.4593065326633166,0.796875,0.0,0.0,1,0.00390625,0.00390625,0.03125,1.0,1.0,True,1,1111111111111111,1.032332809050596,0.0,0.0,"[30.0, 30.0, 30.0, 30.0, 30.0, 30.0, 30.0, 30.0]",0.0951146034853299,0.1106525558166774,0.0028524210411407,0.0002235099336821,4.470198673642425e-05,0.0894039734728485,0.1392115787098916,-0.1881236200585504,0,2.220446049250313e-16,0.0,0.0,,,confirmation,stress,high_volatility,2025-05-09,PASS,1.4565255581667746,1.0323328090505963,1.032332809050596,0.42419274911617855
hybrid_qaoa_assisted_v3,c18_stress_20250509_high_volatility,classical_true,candidate_budget,OK,,256,256,0,256,81,0.0012630419951165,0.2544100829982199,256,256,1.0323328090505963,1.032332809050596,,,,,,,,True,1111111111111111,155,0.0,0.7821206030150755,0.0,0.0,0.0,1,0.00390625,0.00390625,0.03125,1.0,0.5,True,1,1111111111111111,1.032332809050596,0.0,0.0,"[30.0, 30.0, 30.0, 30.0, 30.0, 30.0, 30.0, 30.0]",0.0951146034853299,0.1106525558166774,0.0028524210411407,0.0002235099336821,4.470198673642425e-05,0.0894039734728485,0.1392115787098916,-0.1881236200585504,0,2.220446049250313e-16,0.0,0.0,,,confirmation,stress,high_volatility,2025-05-09,PASS,1.4565255581667746,1.0323328090505963,1.032332809050596,0.42419274911617855
hybrid_qaoa_assisted_v3,c18_stress_20250509_high_volatility,classical_surrogate,candidate_budget,OK,,256,256,0,256,81,0.002752040993073,0.2592826250038342,256,256,1.0323328090505963,1.032332809050596,,,,,,,,True,1111111111111111,10,0.0,0.7977989949748744,0.921875,0.0,0.0,1,0.00390625,0.00390625,0.02734375,0.8,0.5,True,1,1111111111111111,1.032332809050596,0.0,0.0,"[30.0, 30.0, 30.0, 30.0, 30.0, 30.0, 30.0, 30.0]",0.0951146034853299,0.1106525558166774,0.0028524210411407,0.0002235099336821,4.470198673642425e-05,0.0894039734728485,0.1392115787098916,-0.1881236200585504,0,2.220446049250313e-16,0.0,0.0,,,confirmation,stress,high_volatility,2025-05-09,PASS,1.4565255581667746,1.0323328090505963,1.032332809050596,0.42419274911617855
hybrid_qaoa_assisted_v3,c18_stress_20250509_high_volatility,random_uniform,candidate_budget,OK,,256,256,0,256,102,0.0012177079988759,0.3191076670045731,256,256,1.0689605005995104,1.0506342142344032,,,,,,,,True,1101011111111111,165,0.0365640712649437,1.0014824120603014,0.99609375,0.0366276915489141,0.0354805070882125,36,0.0,0.0,0.0,0.0,0.02,True,1,1101011111111111,1.0689605005995102,0.018326286365107,0.0451507198639853,"[30.0, 25.0, 25.0, 30.0, 30.0, 30.0, 30.0, 30.0]",0.0958697289951636,0.1106525558166774,0.0027042487462916,0.000214436888629,4.288737772580997e-05,0.0857747554516199,0.1355893939307565,-0.1895723620254666,0,0.0183262863651072,0.018301405183807,0.0177282025945085,,,confirmation,stress,high_volatility,2025-05-09,PASS,1.4565255581667746,1.0323328090505963,1.032332809050596,0.42419274911617855
hybrid_qaoa_assisted_v3,c18_stress_20250509_high_volatility,random_stratified,candidate_budget,OK,,256,256,0,256,100,0.0036788750003324,0.315149708003446,256,256,1.0626670002185044,1.0474940647534725,,,,,,,,True,1111111111110101,105,0.0302701271433634,1.0212311557788945,0.99609375,0.030334191167908,0.0293841200259879,11,0.0,0.0,0.0,0.0,0.02,True,1,1111111111110101,1.062667000218504,0.0151729354650318,0.0370947853878343,"[30.0, 30.0, 30.0, 30.0, 30.0, 30.0, 25.0, 25.0]",0.0955727823129894,0.1106525558166774,0.0026956381894996,0.0002145376623165,4.2907532463311575e-05,0.0858150649266231,0.1356296249269793,-0.1891889476628355,0,0.015172935465032,0.0151612557028761,0.0146864030378144,,,confirmation,stress,high_volatility,2025-05-09,PASS,1.4565255581667746,1.0323328090505963,1.032332809050596,0.42419274911617855
hybrid_qaoa_assisted_v3,c18_stress_20250509_high_volatility,boltzmann,candidate_budget,OK,,256,256,0,256,81,0.0731624160034698,0.259632542001782,256,256,1.0323328090505963,1.032332809050596,,,,,,,,True,1111111111111111,2,0.0,0.5584723618090452,0.8203125,0.0,0.0,1,0.00390625,0.00390625,0.03125,1.0,0.96,True,1,1111111111111111,1.032332809050596,0.0,0.0,"[30.0, 30.0, 30.0, 30.0, 30.0, 30.0, 30.0, 30.0]",0.0951146034853299,0.1106525558166774,0.0028524210411407,0.0002235099336821,4.470198673642425e-05,0.0894039734728485,0.1392115787098916,-0.1881236200585504,0,2.220446049250313e-16,0.0,0.0,81.39124222455456,MATCHED,confirmation,stress,high_volatility,2025-05-09,PASS,1.4565255581667746,1.0323328090505963,1.032332809050596,0.42419274911617855
hybrid_qaoa_assisted_v3,c18_stress_20250509_high_volatility,classical_true_compute,compute_budget,OK,,20000,20000,0,20000,81,0.1897993329985183,0.2687311669942573,20000,20000,1.0323328090505963,1.032332809050596,,,,,,,,True,1111111111111111,103,0.0,0.987532663316583,0.99085,0.0,0.0,1,5e-05,5e-05,0.0004,1.0,1.0,True,1,1111111111111111,1.032332809050596,0.0,0.0,"[30.0, 30.0, 30.0, 30.0, 30.0, 30.0, 30.0, 30.0]",0.0951146034853299,0.1106525558166774,0.0028524210411407,0.0002235099336821,4.470198673642425e-05,0.0894039734728485,0.1392115787098916,-0.1881236200585504,0,2.220446049250313e-16,0.0,0.0,,,confirmation,stress,high_volatility,2025-05-09,PASS,1.4565255581667746,1.0323328090505963,1.032332809050596,0.42419274911617855
hybrid_qaoa_assisted_v3,c18_stress_20250509_high_volatility,random_uniform_compute,compute_budget,OK,,20000,20000,0,20000,91,0.0770327079953858,0.2984484170010546,20000,20000,1.0468687030113004,1.0395816229629171,,,,,,,,True,1111111111111101,17336,0.0145036117444716,1.003894472361809,0.99625,0.014535893960704,0.0140806277135299,2,0.0,0.0,0.0002,0.4,0.32,True,1,1111111111111101,1.0468687030113009,0.0072870800483835,0.017477361901956,"[30.0, 30.0, 30.0, 30.0, 30.0, 30.0, 30.0, 25.0]",0.0953316000053874,0.1106525558166774,0.0027491684735532,0.0002190921590672,4.381843181345814e-05,0.0876368636269162,0.1374478852217814,-0.1886159155876127,0,0.007287080048383,0.0072488139123212,0.007021780039121,,,confirmation,stress,high_volatility,2025-05-09,PASS,1.4565255581667746,1.0323328090505963,1.032332809050596,0.42419274911617855
hybrid_qaoa_assisted_v3,c18_stress_20250509_high_volatility,classical_true_compute_transfer,compute_budget,OK,,18995,18995,0,18995,81,0.1797549999973853,0.2652709589965525,18995,18995,1.0323328090505963,1.032332809050596,,,,,,,,True,1111111111111111,89,0.0,0.990929648241206,0.9913135035535668,0.0,0.0,1,5.26454330086865e-05,5.26454330086865e-05,0.0004211634640694,1.0,1.0,True,1,1111111111111111,1.032332809050596,0.0,0.0,"[30.0, 30.0, 30.0, 30.0, 30.0, 30.0, 30.0, 30.0]",0.0951146034853299,0.1106525558166774,0.0028524210411407,0.0002235099336821,4.470198673642425e-05,0.0894039734728485,0.1392115787098916,-0.1881236200585504,0,2.220446049250313e-16,0.0,0.0,,,confirmation,stress,high_volatility,2025-05-09,PASS,1.4565255581667746,1.0323328090505963,1.032332809050596,0.42419274911617855
hybrid_qaoa_assisted_v3,c18_stress_20250509_high_volatility,random_uniform_compute_transfer,compute_budget,OK,,18995,18995,0,18995,92,0.0725530839990824,0.3007375410015811,18995,18995,1.04877830787362,1.0405408370372171,,,,,,,,True,1111111111011111,10022,0.0164246584766645,0.9954170854271358,0.996630692287444,0.0164454988230238,0.0159304234824699,4,0.0,0.0,5.26454330086865e-05,0.2,0.36,True,1,1111111111011111,1.0487783078736208,0.0082374708364036,0.0198023398889166,"[30.0, 30.0, 30.0, 30.0, 30.0, 25.0, 30.0, 30.0]",0.0953645000131107,0.1106525558166774,0.0028146352556879,0.0002188530117428,4.377060234857165e-05,0.0875412046971433,0.1373524116743655,-0.1885171722461233,0,0.008237470836403,0.008208027986621,0.0079509513934461,,,confirmation,stress,high_volatility,2025-05-09,PASS,1.4565255581667746,1.0323328090505963,1.032332809050596,0.42419274911617855
hybrid_qaoa_assisted_v3,c18_stress_20250509_high_volatility,heuristic_baselines,ablation,OK,,3,3,0,3,59,2.291700366185978e-05,0.1860694170027272,3,3,1.0323328090505963,1.032332809050596,,,,,,,,True,1111111111111111,3,0.0,1.0666666666666669,0.6666666666666666,0.0,0.0,1,0.3333333333333333,0.3333333333333333,0.3333333333333333,0.1,0.02,True,1,1111111111111111,1.032332809050596,0.0,0.0,"[30.0, 30.0, 30.0, 30.0, 30.0, 30.0, 30.0, 30.0]",0.0951146034853299,0.1106525558166774,0.0028524210411407,0.0002235099336821,4.470198673642425e-05,0.0894039734728485,0.1392115787098916,-0.1881236200585504,0,2.220446049250313e-16,0.0,0.0,,,confirmation,stress,high_volatility,2025-05-09,PASS,1.4565255581667746,1.0323328090505963,1.032332809050596,0.42419274911617855
hybrid_qaoa_assisted_v3,c19_normal_20251002_banking_concentrated,qaoa,candidate_budget,OK,,256,256,0,256,52,215.4244110840009,0.1731450000006589,256,256,1.2902932872323971,1.2902932872323971,10.0,10.0,215.42086254199967,200.0,478.0,0.0005859375,0.4404296875,True,1111111111111100,165,0.0,0.4629346733668341,0.921875,0.0,0.0,1,0.4609375,0.6015625,0.95703125,1.0,0.98,True,1,1111111111111100,1.2902932872323971,0.0,0.0,"[30.0, 30.0, 30.0, 30.0, 30.0, 30.0, 30.0, 0.0]",0.1255029196383796,0.1423093678888683,0.0002195056697202,0.0002493749999999,4.987499999999999e-05,0.0997499999999999,0.1495379160178069,-0.3014825936270418,0,0.0,0.0,0.0,,,confirmation,normal,banking_concentrated,2025-10-02,PASS,1.7730936788886833,1.2902932872323973,1.2902932872323973,0.48280039165628597
hybrid_qaoa_assisted_v3,c19_normal_20251002_banking_concentrated,qaoa_transfer,candidate_budget,SHORTFALL,,256,220,36,220,57,58.33366437500081,0.1891159579972736,220,220,1.2907836383061209,1.2907836383061209,10.0,10.0,58.33180012500088,10.0,100.0,0.0,0.68359375,True,1111111111011110,148,0.0,0.4219849246231156,0.9318181818181818,0.0004903510737235,0.0003800307097429,3,0.3045454545454545,0.45,0.7545454545454545,0.5,0.56,True,1,1111111111011110,1.2907836383061209,0.0,0.0,"[30.0, 30.0, 30.0, 30.0, 30.0, 20.0, 30.0, 10.0]",0.1255312786104768,0.1423093678888683,0.0002608579402705,0.000249375,4.9875e-05,0.0997499999999999,0.1495379160178069,-0.3016203265027999,0,0.0,0.0004903510737235,0.0003800307097429,,,confirmation,normal,banking_concentrated,2025-10-02,PASS,1.7730936788886833,1.2902932872323973,1.2902932872323973,0.48280039165628597
hybrid_qaoa_assisted_v3,c19_normal_20251002_banking_concentrated,classical_true,candidate_budget,OK,,256,256,0,256,57,0.0012419589984347,0.1860954169969773,256,256,1.2907836383061209,1.2907836383061209,,,,,,,,True,1111111111011110,232,0.0227430552049576,0.8194773869346733,0.0,0.0004903510737235,0.0003800307097429,3,0.0234375,0.046875,0.1171875,0.2,0.06,True,1,1111111111011110,1.2907836383061209,0.0,0.0,"[30.0, 30.0, 30.0, 30.0, 30.0, 20.0, 30.0, 10.0]",0.1255312786104768,0.1423093678888683,0.0002608579402705,0.000249375,4.9875e-05,0.0997499999999999,0.1495379160178069,-0.3016203265027999,0,0.0,0.0004903510737235,0.0003800307097429,,,confirmation,normal,banking_concentrated,2025-10-02,PASS,1.7730936788886833,1.2902932872323973,1.2902932872323973,0.48280039165628597
hybrid_qaoa_assisted_v3,c19_normal_20251002_banking_concentrated,classical_surrogate,candidate_budget,OK,,256,256,0,256,59,0.0028480420005507,0.1916093750041909,256,256,1.290854542307019,1.290854542307019,,,,,,,,True,1111011111111110,57,0.0,0.8038592964824121,0.96484375,0.0005612550746216,0.0004349825579776,5,0.08203125,0.140625,0.25390625,0.3,0.24,True,1,1111011111111110,1.290854542307019,0.0,0.0,"[30.0, 30.0, 20.0, 30.0, 30.0, 30.0, 30.0, 10.0]",0.1255715256984974,0.1423093678888683,0.0001945445644089,0.000249375,4.9875e-05,0.0997499999999999,0.1495379160178069,-0.3017502308058726,0,0.0,0.0005612550746216,0.0004349825579776,,,confirmation,normal,banking_concentrated,2025-10-02,PASS,1.7730936788886833,1.2902932872323973,1.2902932872323973,0.48280039165628597
hybrid_qaoa_assisted_v3,c19_normal_20251002_banking_concentrated,random_uniform,candidate_budget,OK,,256,256,0,256,106,0.0011841660016216,0.3361920000024838,256,256,1.2990353348881194,1.2915828219705114,,,,,,,,True,1101011111111111,165,0.0457313053966157,1.0014824120603014,0.9921875,0.008742047655722,0.0067752407473755,147,0.0,0.00390625,0.0078125,0.0,0.0,True,4,1111010101110101,1.3368894587187246,0.0453066367482131,0.0940926587578741,"[30.0, 30.0, 25.0, 20.0, 25.0, 30.0, 25.0, 25.0]",0.1256355173620557,0.1423093678888683,0.0002122171699908,0.0002493749999999,4.987499999999999e-05,0.0997499999999999,0.1495379160178069,-0.3020444688972443,0,0.0074525129176079,0.0012895347381141,0.0009994121110868,,,confirmation,normal,banking_concentrated,2025-10-02,PASS,1.7730936788886833,1.2902932872323973,1.2902932872323973,0.48280039165628597
hybrid_qaoa_assisted_v3,c19_normal_20251002_banking_concentrated,random_stratified,candidate_budget,OK,,256,256,0,256,97,0.0038129590029711,0.3072220419999212,256,256,1.292067191678008,1.2913423954392098,,,,,,,,True,1101111101110111,25,0.0449446997146338,1.0212311557788945,0.99609375,0.0017739044456106,0.0013748071567632,70,0.00390625,0.0078125,0.01171875,0.0,0.0,True,2,1111111111110101,1.2982585208203727,0.0069161253811629,0.0143562157876187,"[30.0, 30.0, 30.0, 30.0, 30.0, 25.0, 15.000000000000002, 20.0]",0.1255457321566558,0.1423093678888683,0.0003437022745303,0.000249375,4.9875e-05,0.0997499999999999,0.1495379160178069,-0.3014687280177539,0,0.0007247962387981,0.0010491082068124,0.000813077319082,,,confirmation,normal,banking_concentrated,2025-10-02,PASS,1.7730936788886833,1.2902932872323973,1.2902932872323973,0.48280039165628597
hybrid_qaoa_assisted_v3,c19_normal_20251002_banking_concentrated,boltzmann,candidate_budget,OK,,256,256,0,256,52,0.0721918749986798,0.1701763329983805,256,256,1.2902932872323971,1.2902932872323971,,,,,,,,True,1111111111111100,72,0.0,0.5479195979899498,0.9453125,0.0,0.0,1,0.30859375,0.4453125,0.6796875,0.8,0.7,True,1,1111111111111100,1.2902932872323971,0.0,0.0,"[30.0, 30.0, 30.0, 30.0, 30.0, 30.0, 30.0, 0.0]",0.1255029196383796,0.1423093678888683,0.0002195056697202,0.0002493749999999,4.987499999999999e-05,0.0997499999999999,0.1495379160178069,-0.3014825936270418,0,0.0,0.0,0.0,67.49625865911776,MATCHED,confirmation,normal,banking_concentrated,2025-10-02,PASS,1.7730936788886833,1.2902932872323973,1.2902932872323973,0.48280039165628597
hybrid_qaoa_assisted_v3,c19_normal_20251002_banking_concentrated,classical_true_compute,compute_budget,OK,,20000,20000,0,20000,52,0.1640709159983089,0.1823933339983341,20000,20000,1.2902932872323971,1.2902932872323971,,,,,,,,True,1111111111111100,1523,0.0,0.9969045226130654,0.99175,0.0,0.0,1,0.00585,0.00765,0.0204,1.0,1.0,True,1,1111111111111100,1.2902932872323971,0.0,0.0,"[30.0, 30.0, 30.0, 30.0, 30.0, 30.0, 30.0, 0.0]",0.1255029196383796,0.1423093678888683,0.0002195056697202,0.0002493749999999,4.987499999999999e-05,0.0997499999999999,0.1495379160178069,-0.3014825936270418,0,0.0,0.0,0.0,,,confirmation,normal,banking_concentrated,2025-10-02,PASS,1.7730936788886833,1.2902932872323973,1.2902932872323973,0.48280039165628597
hybrid_qaoa_assisted_v3,c19_normal_20251002_banking_concentrated,random_uniform_compute,compute_budget,OK,,20000,20000,0,20000,57,0.0768637079963809,0.1972478329989826,20000,20000,1.2908046427007789,1.2908046427007789,,,,,,,,True,1111111111110110,10721,0.0221924871150609,1.003894472361809,0.9961,0.0005113554683815,0.0003963094851701,4,0.002,0.00245,0.00605,0.4,0.38,True,1,1111111111110110,1.2908046427007789,0.0,0.0,"[30.0, 30.0, 30.0, 30.0, 30.0, 30.0, 20.0, 10.0]",0.1255195483620394,0.1423093678888683,0.0002885193160768,0.000249375,4.9875e-05,0.0997499999999999,0.1495379160178069,-0.3014274389289304,0,0.0,0.0005113554683815,0.0003963094851701,,,confirmation,normal,banking_concentrated,2025-10-02,PASS,1.7730936788886833,1.2902932872323973,1.2902932872323973,0.48280039165628597
hybrid_qaoa_assisted_v3,c19_normal_20251002_banking_concentrated,classical_true_compute_transfer,compute_budget,OK,,18993,18993,0,18993,52,0.1289929999984451,0.1807801660033874,18993,18993,1.2902932872323971,1.2902932872323971,,,,,,,,True,1111111111111100,3083,0.0,0.9871859296482411,0.9920497025219818,0.0,0.0,1,0.0061075132943716,0.0080029484546938,0.0214289475069762,1.0,0.98,True,1,1111111111111100,1.2902932872323971,0.0,0.0,"[30.0, 30.0, 30.0, 30.0, 30.0, 30.0, 30.0, 0.0]",0.1255029196383796,0.1423093678888683,0.0002195056697202,0.0002493749999999,4.987499999999999e-05,0.0997499999999999,0.1495379160178069,-0.3014825936270418,0,0.0,0.0,0.0,,,confirmation,normal,banking_concentrated,2025-10-02,PASS,1.7730936788886833,1.2902932872323973,1.2902932872323973,0.48280039165628597
hybrid_qaoa_assisted_v3,c19_normal_20251002_banking_concentrated,random_uniform_compute_transfer,compute_budget,OK,,18993,18993,0,18993,58,0.0873449170030653,0.2105097500025294,18993,18993,1.2908046427007789,1.2908046427007789,,,,,,,,True,1111111111110110,7066,0.0227430552049576,1.0148341708542712,0.996682988469436,0.0005113554683815,0.0003963094851701,4,0.0018954351603222,0.0026851998104564,0.0073711367345864,0.2,0.34,True,1,1111111111110110,1.2908046427007789,0.0,0.0,"[30.0, 30.0, 30.0, 30.0, 30.0, 30.0, 20.0, 10.0]",0.1255195483620394,0.1423093678888683,0.0002885193160768,0.000249375,4.9875e-05,0.0997499999999999,0.1495379160178069,-0.3014274389289304,0,0.0,0.0005113554683815,0.0003963094851701,,,confirmation,normal,banking_concentrated,2025-10-02,PASS,1.7730936788886833,1.2902932872323973,1.2902932872323973,0.48280039165628597
hybrid_qaoa_assisted_v3,c19_normal_20251002_banking_concentrated,heuristic_baselines,ablation,OK,,3,3,0,3,67,2.304199733771384e-05,0.2138416669986327,3,3,1.3196173354103395,1.2927008467390575,,,,,,,,True,1111111111111111,3,0.0,1.0666666666666669,1.0,0.0293240481779422,0.0227266532873627,487,0.0,0.0,0.0,0.0,0.0,True,1,1111111111111111,1.3196173354103404,0.0269164886712829,0.0560301629623386,"[25.0, 25.0, 25.0, 30.0, 25.0, 25.0, 25.0, 30.0]",0.1256901924606003,0.1423093678888683,0.0003264719266108,0.000249375,4.9875e-05,0.0997499999999999,0.1495379160178069,-0.3019152611771658,0,0.026916488671282,0.0024075595066601,0.0018659009780824,,,confirmation,normal,banking_concentrated,2025-10-02,PASS,1.7730936788886833,1.2902932872323973,1.2902932872323973,0.48280039165628597
hybrid_qaoa_assisted_v3,c20_volatile_20250305_high_volatility,qaoa,candidate_budget,OK,,256,256,0,256,98,171.33748599999672,0.3117077079950832,256,256,1.072456176413592,1.072456176413593,10.0,10.0,171.33313333299884,200.0,370.0,0.02978515625,0.282421875,True,1111111111111101,2,0.0,0.4700552763819096,0.8671875,0.0,0.0,1,0.02734375,0.03125,0.08203125,1.0,1.0,True,1,1111111111111101,1.072456176413593,0.0,0.0,"[30.0, 30.0, 30.0, 30.0, 30.0, 30.0, 30.0, 20.0]",0.10389812394285,0.1201783235974185,0.0,0.0002499210919975,4.998421839951173e-05,0.0999684367990234,0.1497559428758025,-0.1880767629811753,0,-8.881784197001252e-16,0.0,0.0,,,confirmation,volatile,high_volatility,2025-03-05,FAIL,1.551783235974185,1.072456176413592,1.072456176413593,0.4793270595605921
hybrid_qaoa_assisted_v3,c20_volatile_20250305_high_volatility,qaoa_transfer,candidate_budget,OK,,256,256,0,256,98,58.71573558400269,0.3304920420050621,256,256,1.072456176413592,1.072456176413593,10.0,10.0,58.71314212500147,10.0,100.0,0.04970703125,0.5295898437500001,True,1111111111111101,2,0.0,0.4705678391959799,0.8671875,0.0,0.0,1,0.02734375,0.03125,0.08203125,1.0,0.98,True,1,1111111111111101,1.072456176413593,0.0,0.0,"[30.0, 30.0, 30.0, 30.0, 30.0, 30.0, 30.0, 20.0]",0.10389812394285,0.1201783235974185,0.0,0.0002499210919975,4.998421839951173e-05,0.0999684367990234,0.1497559428758025,-0.1880767629811753,0,-8.881784197001252e-16,0.0,0.0,,,confirmation,volatile,high_volatility,2025-03-05,FAIL,1.551783235974185,1.072456176413592,1.072456176413593,0.4793270595605921
hybrid_qaoa_assisted_v3,c20_volatile_20250305_high_volatility,classical_true,candidate_budget,OK,,256,256,0,256,98,0.0014334999941638,0.3125454580003861,256,256,1.0742119816575617,1.072747780783946,,,,,,,,True,1111111111110111,138,0.0,0.8556984924623117,0.0,0.0017558052439694,0.0016371813437086,2,0.0078125,0.01171875,0.03515625,0.3,0.26,True,3,1111111111111111,1.0782507784319293,0.0055029976479832,0.0114876625276052,"[25.0, 30.0, 30.0, 30.0, 30.0, 30.0, 30.0, 30.0]",0.1038578512666285,0.1201783235974185,0.0,0.0002493728637049,4.987457274099318e-05,0.0997491454819863,0.1495370631039376,-0.1879806274369002,0,0.0014642008736154,0.0002916043703531,0.0002719032970916,,,confirmation,volatile,high_volatility,2025-03-05,FAIL,1.551783235974185,1.072456176413592,1.072456176413593,0.4793270595605921
hybrid_qaoa_assisted_v3,c20_volatile_20250305_high_volatility,classical_surrogate,candidate_budget,OK,,256,256,0,256,98,0.0028508749965112,0.3090767500034417,256,256,1.072456176413592,1.072456176413593,,,,,,,,True,1111111111111101,19,0.0,0.8121959798994975,0.9375,0.0,0.0,1,0.01953125,0.0234375,0.0625,0.7,0.44,True,1,1111111111111101,1.072456176413593,0.0,0.0,"[30.0, 30.0, 30.0, 30.0, 30.0, 30.0, 30.0, 20.0]",0.10389812394285,0.1201783235974185,0.0,0.0002499210919975,4.998421839951173e-05,0.0999684367990234,0.1497559428758025,-0.1880767629811753,0,-8.881784197001252e-16,0.0,0.0,,,confirmation,volatile,high_volatility,2025-03-05,FAIL,1.551783235974185,1.072456176413592,1.072456176413593,0.4793270595605921
hybrid_qaoa_assisted_v3,c20_volatile_20250305_high_volatility,random_uniform,candidate_budget,OK,,256,256,0,256,88,0.0012063329995726,0.2787520839992794,256,256,1.0942054329762128,1.0751119847446788,,,,,,,,True,1101011111111111,165,0.0381912545108942,1.0014824120603014,0.9921875,0.0217492565626207,0.0202798557563,24,0.0,0.0,0.0,0.0,0.02,True,1,1101011111111111,1.0942054329762128,0.0190934482315339,0.0400557998458792,"[30.0, 25.0, 25.0, 30.0, 30.0, 30.0, 30.0, 30.0]",0.1040850055477835,0.1201783235974185,0.0,0.0002492997005394,4.9859940107880945e-05,0.0997198802157618,0.1495078527781483,-0.18842158707424,0,0.0190934482315339,0.0026558083310859,0.0024763793518978,,,confirmation,volatile,high_volatility,2025-03-05,FAIL,1.551783235974185,1.072456176413592,1.072456176413593,0.4793270595605921
hybrid_qaoa_assisted_v3,c20_volatile_20250305_high_volatility,random_stratified,candidate_budget,OK,,256,256,0,256,100,0.0036518749984679,0.3109728330018697,256,256,1.0905908603949954,1.0733340790355763,,,,,,,,True,1111111111110101,105,0.0346078055156178,1.0212311557788945,0.99609375,0.0181346839814033,0.0169094871941972,11,0.0,0.0,0.00390625,0.0,0.02,True,1,1111111111110101,1.0905908603949956,0.0172567813594191,0.0360681612855958,"[30.0, 30.0, 30.0, 30.0, 30.0, 30.0, 25.0, 25.0]",0.1039126753325041,0.1201783235974185,0.0,0.000249342814283,4.986856285660719e-05,0.0997371257132143,0.1495250658996686,-0.1880805266425584,0,0.0172567813594188,0.0008779026219836,0.0008185906718532,,,confirmation,volatile,high_volatility,2025-03-05,FAIL,1.551783235974185,1.072456176413592,1.072456176413593,0.4793270595605921
hybrid_qaoa_assisted_v3,c20_volatile_20250305_high_volatility,boltzmann,candidate_budget,OK,,256,256,0,256,98,0.0722319170017726,0.313794500005315,256,256,1.072456176413592,1.072456176413593,,,,,,,,True,1111111111111101,20,0.0,0.5765376884422111,0.921875,0.0,0.0,1,0.02734375,0.03125,0.08203125,1.0,0.92,True,1,1111111111111101,1.072456176413593,0.0,0.0,"[30.0, 30.0, 30.0, 30.0, 30.0, 30.0, 30.0, 20.0]",0.10389812394285,0.1201783235974185,0.0,0.0002499210919975,4.998421839951173e-05,0.0999684367990234,0.1497559428758025,-0.1880767629811753,0,-8.881784197001252e-16,0.0,0.0,61.32498639175938,MATCHED,confirmation,volatile,high_volatility,2025-03-05,FAIL,1.551783235974185,1.072456176413592,1.072456176413593,0.4793270595605921
hybrid_qaoa_assisted_v3,c20_volatile_20250305_high_volatility,classical_true_compute,compute_budget,OK,,20000,20000,0,20000,98,0.1835650409993832,0.3372208750006393,20000,20000,1.072456176413592,1.072456176413593,,,,,,,,True,1111111111111101,187,0.0,0.9960954773869346,0.99255,0.0,0.0,1,0.00035,0.0004,0.00105,1.0,1.0,True,1,1111111111111101,1.072456176413593,0.0,0.0,"[30.0, 30.0, 30.0, 30.0, 30.0, 30.0, 30.0, 20.0]",0.10389812394285,0.1201783235974185,0.0,0.0002499210919975,4.998421839951173e-05,0.0999684367990234,0.1497559428758025,-0.1880767629811753,0,-8.881784197001252e-16,0.0,0.0,,,confirmation,volatile,high_volatility,2025-03-05,FAIL,1.551783235974185,1.072456176413592,1.072456176413593,0.4793270595605921
hybrid_qaoa_assisted_v3,c20_volatile_20250305_high_volatility,random_uniform_compute,compute_budget,OK,,20000,20000,0,20000,91,0.0813391659976332,0.3135623749985825,20000,20000,1.072456176413592,1.072456176413593,,,,,,,,True,1111111111111101,17336,0.0163964551510407,1.003894472361809,0.9961,0.0,0.0,1,0.0002,0.0002,0.0003,0.4,0.32,True,1,1111111111111101,1.072456176413593,0.0,0.0,"[30.0, 30.0, 30.0, 30.0, 30.0, 30.0, 30.0, 20.0]",0.10389812394285,0.1201783235974185,0.0,0.0002499210919975,4.998421839951173e-05,0.0999684367990234,0.1497559428758025,-0.1880767629811753,0,-8.881784197001252e-16,0.0,0.0,,,confirmation,volatile,high_volatility,2025-03-05,FAIL,1.551783235974185,1.072456176413592,1.072456176413593,0.4793270595605921
hybrid_qaoa_assisted_v3,c20_volatile_20250305_high_volatility,classical_true_compute_transfer,compute_budget,OK,,19557,19557,0,19557,98,0.1666404580028029,0.31644083300489,19557,19557,1.072456176413592,1.072456176413593,,,,,,,,True,1111111111111101,203,0.0,0.9688592964824122,0.9929948356087336,0.0,0.0,1,0.0003579281075829,0.0004090606943805,0.0010737843227488,1.0,1.0,True,1,1111111111111101,1.072456176413593,0.0,0.0,"[30.0, 30.0, 30.0, 30.0, 30.0, 30.0, 30.0, 20.0]",0.10389812394285,0.1201783235974185,0.0,0.0002499210919975,4.998421839951173e-05,0.0999684367990234,0.1497559428758025,-0.1880767629811753,0,-8.881784197001252e-16,0.0,0.0,,,confirmation,volatile,high_volatility,2025-03-05,FAIL,1.551783235974185,1.072456176413592,1.072456176413593,0.4793270595605921
hybrid_qaoa_assisted_v3,c20_volatile_20250305_high_volatility,random_uniform_compute_transfer,compute_budget,OK,,19557,19557,0,19557,84,0.0738278749995515,0.2735758330018143,19557,19557,1.072456176413592,1.072456176413593,,,,,,,,True,1111111111111101,364,0.0163964551510407,0.9972412060301508,0.9960627908165874,0.0,0.0,1,0.0001022651735951,0.0001022651735951,0.000460193281178,0.3,0.4,True,1,1111111111111101,1.072456176413593,0.0,0.0,"[30.0, 30.0, 30.0, 30.0, 30.0, 30.0, 30.0, 20.0]",0.10389812394285,0.1201783235974185,0.0,0.0002499210919975,4.998421839951173e-05,0.0999684367990234,0.1497559428758025,-0.1880767629811753,0,-8.881784197001252e-16,0.0,0.0,,,confirmation,volatile,high_volatility,2025-03-05,FAIL,1.551783235974185,1.072456176413592,1.072456176413593,0.4793270595605921
hybrid_qaoa_assisted_v3,c20_volatile_20250305_high_volatility,heuristic_baselines,ablation,OK,,3,3,0,3,67,1.9791994418483227e-05,0.2136054169968702,3,3,1.0782507784319295,1.072747780783946,,,,,,,,True,1111111111111111,3,0.0,1.0666666666666669,0.6666666666666666,0.0057946020183374,0.0054031131022204,8,0.0,0.3333333333333333,0.3333333333333333,0.1,0.02,True,1,1111111111111111,1.0782507784319293,0.0055029976479832,0.0114876625276052,"[25.0, 30.0, 30.0, 30.0, 30.0, 30.0, 30.0, 30.0]",0.1038578512666285,0.1201783235974185,0.0,0.0002493728637049,4.987457274099318e-05,0.0997491454819863,0.1495370631039376,-0.1879806274369002,0,0.0055029976479834,0.0002916043703531,0.0002719032970916,,,confirmation,volatile,high_volatility,2025-03-05,FAIL,1.551783235974185,1.072456176413592,1.072456176413593,0.4793270595605921
hybrid_qaoa_assisted_v3,c21_normal_20260114_high_cash,qaoa,candidate_budget,OK,,256,256,0,256,81,200.6978674990023,0.2596114999978454,256,256,1.137798054227837,1.137798054227838,10.0,10.0,200.69387466600165,200.0,443.0,0.142578125,0.40556640625,True,1111111111111111,1,0.0,0.4586532663316583,0.7890625,0.0,0.0,1,0.00390625,0.00390625,0.03515625,1.0,1.0,True,1,1111111111111111,1.137798054227838,0.0,0.0,"[30.0, 30.0, 30.0, 30.0, 30.0, 30.0, 30.0, 30.0]",0.0971222192158872,0.1085261717716962,0.0,0.0001448275862068,2.896551724137931e-05,0.0579310344827586,0.357838031714938,-0.195850790389984,0,-8.881784197001252e-16,0.0,0.0,,,confirmation,normal,high_cash,2026-01-14,PASS,1.4352617177169624,1.137798054227837,1.1377980542278379,0.29746366348912456
hybrid_qaoa_assisted_v3,c21_normal_20260114_high_cash,qaoa_transfer,candidate_budget,SHORTFALL,,256,233,23,233,81,58.55496066699561,0.2613422909998917,233,233,1.137798054227837,1.137798054227838,10.0,10.0,58.55314145900047,10.0,100.0,0.26875,0.6709960937499999,True,1111111111111111,1,0.0,0.4379396984924623,0.8326180257510729,0.0,0.0,1,0.0042918454935622,0.0042918454935622,0.03862660944206,1.0,0.92,True,1,1111111111111111,1.137798054227838,0.0,0.0,"[30.0, 30.0, 30.0, 30.0, 30.0, 30.0, 30.0, 30.0]",0.0971222192158872,0.1085261717716962,0.0,0.0001448275862068,2.896551724137931e-05,0.0579310344827586,0.357838031714938,-0.195850790389984,0,-8.881784197001252e-16,0.0,0.0,,,confirmation,normal,high_cash,2026-01-14,PASS,1.4352617177169624,1.137798054227837,1.1377980542278379,0.29746366348912456
hybrid_qaoa_assisted_v3,c21_normal_20260114_high_cash,classical_true,candidate_budget,OK,,256,256,0,256,81,0.0012901250011054,0.2595397920013056,256,256,1.137798054227837,1.137798054227838,,,,,,,,True,1111111111111111,160,0.0,0.7796934673366834,0.0,0.0,0.0,1,0.00390625,0.00390625,0.03515625,1.0,0.54,True,1,1111111111111111,1.137798054227838,0.0,0.0,"[30.0, 30.0, 30.0, 30.0, 30.0, 30.0, 30.0, 30.0]",0.0971222192158872,0.1085261717716962,0.0,0.0001448275862068,2.896551724137931e-05,0.0579310344827586,0.357838031714938,-0.195850790389984,0,-8.881784197001252e-16,0.0,0.0,,,confirmation,normal,high_cash,2026-01-14,PASS,1.4352617177169624,1.137798054227837,1.1377980542278379,0.29746366348912456
hybrid_qaoa_assisted_v3,c21_normal_20260114_high_cash,classical_surrogate,candidate_budget,OK,,256,256,0,256,81,0.0027842499985126,0.2553373749979073,256,256,1.137798054227837,1.137798054227838,,,,,,,,True,1111111111111111,10,0.0,0.804110552763819,0.91796875,0.0,0.0,1,0.00390625,0.00390625,0.03125,0.8,0.48,True,1,1111111111111111,1.137798054227838,0.0,0.0,"[30.0, 30.0, 30.0, 30.0, 30.0, 30.0, 30.0, 30.0]",0.0971222192158872,0.1085261717716962,0.0,0.0001448275862068,2.896551724137931e-05,0.0579310344827586,0.357838031714938,-0.195850790389984,0,-8.881784197001252e-16,0.0,0.0,,,confirmation,normal,high_cash,2026-01-14,PASS,1.4352617177169624,1.137798054227837,1.1377980542278379,0.29746366348912456
hybrid_qaoa_assisted_v3,c21_normal_20260114_high_cash,random_uniform,candidate_budget,OK,,256,256,0,256,102,0.0011769999982789,0.3207082090011681,256,256,1.1626108942062725,1.1502044742170547,,,,,,,,True,1101011111111111,165,0.0248397987709563,1.0014824120603014,0.9921875,0.0248128399784355,0.0218077714988488,36,0.0,0.0,0.0,0.0,0.02,True,1,1101011111111111,1.1626108942062725,0.0124064199892177,0.043522556511432,"[30.0, 25.0, 25.0, 30.0, 30.0, 30.0, 30.0, 30.0]",0.0975985939734296,0.1085261717716962,0.0,0.0001387931034482,2.775862068965517e-05,0.0555172413793103,0.355427779200389,-0.1968203385152485,0,0.0124064199892177,0.0124064199892168,0.0109038857494236,,,confirmation,normal,high_cash,2026-01-14,PASS,1.4352617177169624,1.137798054227837,1.1377980542278379,0.29746366348912456
hybrid_qaoa_assisted_v3,c21_normal_20260114_high_cash,random_stratified,candidate_budget,OK,,256,256,0,256,100,0.0040492909975,0.3205400000006193,256,256,1.1617803664355433,1.14978921033169,,,,,,,,True,1111111111110101,105,0.0240130291722404,1.0212311557788945,0.99609375,0.0239823122077063,0.0210778284587433,12,0.0,0.0,0.0,0.0,0.02,True,1,1111111111110101,1.1617803664355433,0.0119911561038532,0.0420045916634278,"[30.0, 30.0, 30.0, 30.0, 30.0, 30.0, 25.0, 25.0]",0.0975570675848931,0.1085261717716962,0.0,0.0001387931034482,2.775862068965517e-05,0.0555172413793103,0.355427779200389,-0.1967312343363303,0,0.0119911561038532,0.0119911561038521,0.0105389142293707,,,confirmation,normal,high_cash,2026-01-14,PASS,1.4352617177169624,1.137798054227837,1.1377980542278379,0.29746366348912456
hybrid_qaoa_assisted_v3,c21_normal_20260114_high_cash,boltzmann,candidate_budget,OK,,256,256,0,256,81,0.0711241249955492,0.25599612500082,256,256,1.137798054227837,1.137798054227838,,,,,,,,True,1111111111111111,2,0.0,0.5622361809045227,0.82421875,0.0,0.0,1,0.00390625,0.00390625,0.03515625,1.0,0.96,True,1,1111111111111111,1.137798054227838,0.0,0.0,"[30.0, 30.0, 30.0, 30.0, 30.0, 30.0, 30.0, 30.0]",0.0971222192158872,0.1085261717716962,0.0,0.0001448275862068,2.896551724137931e-05,0.0579310344827586,0.357838031714938,-0.195850790389984,0,-8.881784197001252e-16,0.0,0.0,115.6447003731511,MATCHED,confirmation,normal,high_cash,2026-01-14,PASS,1.4352617177169624,1.137798054227837,1.1377980542278379,0.29746366348912456
hybrid_qaoa_assisted_v3,c21_normal_20260114_high_cash,classical_true_compute,compute_budget,OK,,20000,20000,0,20000,81,0.1886794999954872,0.2674273339944193,20000,20000,1.137798054227837,1.137798054227838,,,,,,,,True,1111111111111111,103,0.0,0.9974120603015076,0.9915,0.0,0.0,1,5e-05,5e-05,0.00045,1.0,1.0,True,1,1111111111111111,1.137798054227838,0.0,0.0,"[30.0, 30.0, 30.0, 30.0, 30.0, 30.0, 30.0, 30.0]",0.0971222192158872,0.1085261717716962,0.0,0.0001448275862068,2.896551724137931e-05,0.0579310344827586,0.357838031714938,-0.195850790389984,0,-8.881784197001252e-16,0.0,0.0,,,confirmation,normal,high_cash,2026-01-14,PASS,1.4352617177169624,1.137798054227837,1.1377980542278379,0.29746366348912456
hybrid_qaoa_assisted_v3,c21_normal_20260114_high_cash,random_uniform_compute,compute_budget,OK,,20000,20000,0,20000,91,0.0768489160036551,0.2974124579995987,20000,20000,1.1497037339136635,1.1437508940707506,,,,,,,,True,1111111111111101,17336,0.0118964221572905,1.003894472361809,0.9961,0.0119056796858265,0.0104637898101401,2,0.0,0.0,0.0002,0.4,0.32,True,1,1111111111111101,1.149703733913663,0.0059528398429125,0.0204206477428676,"[30.0, 30.0, 30.0, 30.0, 30.0, 30.0, 30.0, 25.0]",0.0973353695794888,0.1085261717716962,0.0,0.0001418103448275,2.836206896551724e-05,0.0567241379310344,0.356632901820991,-0.1962875180084023,0,0.0059528398429129,0.0059528398429127,0.0052318949050695,,,confirmation,normal,high_cash,2026-01-14,PASS,1.4352617177169624,1.137798054227837,1.1377980542278379,0.29746366348912456
hybrid_qaoa_assisted_v3,c21_normal_20260114_high_cash,classical_true_compute_transfer,compute_budget,OK,,19224,19224,0,19224,81,0.1857289999970817,0.2698844580008881,19224,19224,1.137798054227837,1.137798054227838,,,,,,,,True,1111111111111111,89,0.0,0.9722914572864324,0.9914689970869748,0.0,0.0,1,5.201831044527674e-05,5.201831044527674e-05,0.0004681647940074,1.0,1.0,True,1,1111111111111111,1.137798054227838,0.0,0.0,"[30.0, 30.0, 30.0, 30.0, 30.0, 30.0, 30.0, 30.0]",0.0971222192158872,0.1085261717716962,0.0,0.0001448275862068,2.896551724137931e-05,0.0579310344827586,0.357838031714938,-0.195850790389984,0,-8.881784197001252e-16,0.0,0.0,,,confirmation,normal,high_cash,2026-01-14,PASS,1.4352617177169624,1.137798054227837,1.1377980542278379,0.29746366348912456
hybrid_qaoa_assisted_v3,c21_normal_20260114_high_cash,random_uniform_compute_transfer,compute_budget,OK,,19224,19224,0,19224,91,0.087359249999281,0.2968643750064075,19224,19224,1.1497037339136635,1.1437508940707506,,,,,,,,True,1111111111111101,31,0.0118964221572905,0.9881105527638192,0.9963066999583854,0.0119056796858265,0.0104637898101401,2,0.0,0.0,0.0001560549313358,0.3,0.38,True,1,1111111111111101,1.149703733913663,0.0059528398429125,0.0204206477428676,"[30.0, 30.0, 30.0, 30.0, 30.0, 30.0, 30.0, 25.0]",0.0973353695794888,0.1085261717716962,0.0,0.0001418103448275,2.836206896551724e-05,0.0567241379310344,0.356632901820991,-0.1962875180084023,0,0.0059528398429129,0.0059528398429127,0.0052318949050695,,,confirmation,normal,high_cash,2026-01-14,PASS,1.4352617177169624,1.137798054227837,1.1377980542278379,0.29746366348912456
hybrid_qaoa_assisted_v3,c21_normal_20260114_high_cash,heuristic_baselines,ablation,OK,,3,3,0,3,59,1.8208003893960267e-05,0.1890264589965227,3,3,1.137798054227837,1.137798054227838,,,,,,,,True,1111111111111111,3,0.0,1.0666666666666669,0.6666666666666666,0.0,0.0,1,0.3333333333333333,0.3333333333333333,0.3333333333333333,0.1,0.02,True,1,1111111111111111,1.137798054227838,0.0,0.0,"[30.0, 30.0, 30.0, 30.0, 30.0, 30.0, 30.0, 30.0]",0.0971222192158872,0.1085261717716962,0.0,0.0001448275862068,2.896551724137931e-05,0.0579310344827586,0.357838031714938,-0.195850790389984,0,-8.881784197001252e-16,0.0,0.0,,,confirmation,normal,high_cash,2026-01-14,PASS,1.4352617177169624,1.137798054227837,1.1377980542278379,0.29746366348912456
hybrid_qaoa_assisted_v3,c22_volatile_20250626_do_not_sell,qaoa,candidate_budget,OK,,256,256,0,256,81,198.07607283199468,0.2620420840030419,256,256,1.0617176391685637,1.0617176391685632,10.0,10.0,198.07236379099777,200.0,436.0,0.1228515625,0.3595703125,True,1111111111111111,1,0.0,0.464,0.78515625,0.0,0.0,1,0.03515625,0.17578125,0.9921875,1.0,1.0,True,1,1111111111111111,1.0617176391685632,0.0,0.0,"[30.0, 30.0, 30.0, 30.0, 30.0, 30.0, 30.0, 30.0]",0.1033829284317676,0.1168062381962723,0.0,0.0002145258065452,4.290516130905714e-05,0.0858103226181142,0.1356248918508809,-0.2251568597652896,0,4.440892098500626e-16,0.0,0.0,,,confirmation,volatile,do_not_sell,2025-06-26,FAIL,1.1680623819627232,1.0617176391685637,1.0617176391685632,0.10634474279415995
hybrid_qaoa_assisted_v3,c22_volatile_20250626_do_not_sell,qaoa_transfer,candidate_budget,OK,,256,256,0,256,81,58.948703540998395,0.2799429579972639,256,256,1.0617176391685637,1.0617176391685632,10.0,10.0,58.94606075000047,10.0,100.0,0.22841796875,0.6059570312500001,True,1111111111111111,1,0.0,0.4589698492462311,0.79296875,0.0,0.0,1,0.03515625,0.171875,0.98828125,1.0,0.98,True,1,1111111111111111,1.0617176391685632,0.0,0.0,"[30.0, 30.0, 30.0, 30.0, 30.0, 30.0, 30.0, 30.0]",0.1033829284317676,0.1168062381962723,0.0,0.0002145258065452,4.290516130905714e-05,0.0858103226181142,0.1356248918508809,-0.2251568597652896,0,4.440892098500626e-16,0.0,0.0,,,confirmation,volatile,do_not_sell,2025-06-26,FAIL,1.1680623819627232,1.0617176391685637,1.0617176391685632,0.10634474279415995
hybrid_qaoa_assisted_v3,c22_volatile_20250626_do_not_sell,classical_true,candidate_budget,OK,,256,256,0,256,81,0.0013031659982516,0.2734308750004857,256,256,1.0617176391685637,1.0617176391685632,,,,,,,,True,1111111111111111,155,0.0,0.772894472361809,0.0,0.0,0.0,1,0.03515625,0.09375,0.328125,1.0,0.52,True,1,1111111111111111,1.0617176391685632,0.0,0.0,"[30.0, 30.0, 30.0, 30.0, 30.0, 30.0, 30.0, 30.0]",0.1033829284317676,0.1168062381962723,0.0,0.0002145258065452,4.290516130905714e-05,0.0858103226181142,0.1356248918508809,-0.2251568597652896,0,4.440892098500626e-16,0.0,0.0,,,confirmation,volatile,do_not_sell,2025-06-26,FAIL,1.1680623819627232,1.0617176391685637,1.0617176391685632,0.10634474279415995
hybrid_qaoa_assisted_v3,c22_volatile_20250626_do_not_sell,classical_surrogate,candidate_budget,OK,,256,256,0,256,81,0.002831582998624,0.2672044999999343,256,256,1.0617176391685637,1.0617176391685632,,,,,,,,True,1111111111111111,10,0.0,0.8143969849246231,0.9140625,0.0,0.0,1,0.03125,0.08984375,0.3203125,0.8,0.48,True,1,1111111111111111,1.0617176391685632,0.0,0.0,"[30.0, 30.0, 30.0, 30.0, 30.0, 30.0, 30.0, 30.0]",0.1033829284317676,0.1168062381962723,0.0,0.0002145258065452,4.290516130905714e-05,0.0858103226181142,0.1356248918508809,-0.2251568597652896,0,4.440892098500626e-16,0.0,0.0,,,confirmation,volatile,do_not_sell,2025-06-26,FAIL,1.1680623819627232,1.0617176391685637,1.0617176391685632,0.10634474279415995
hybrid_qaoa_assisted_v3,c22_volatile_20250626_do_not_sell,random_uniform,candidate_budget,OK,,256,256,0,256,102,0.001183749998745,0.3316195409934153,256,256,1.071579912274479,1.0666487757215204,,,,,,,,True,1101011111111111,165,0.009841685231662,1.0014824120603014,0.99609375,0.009862273105915,0.0092889792371145,41,0.0,0.00390625,0.015625,0.0,0.02,True,1,1101011111111111,1.0715799122744785,0.004931136552958,0.0486240134408574,"[30.0, 25.0, 25.0, 30.0, 30.0, 30.0, 30.0, 30.0]",0.1039846602077951,0.1168062381962723,0.0,0.0002061705664889,4.123411329779798e-05,0.0824682265955959,0.1322893301952538,-0.2264166416477846,0,0.0049311365529582,0.0049311365529571,0.0046444896185569,,,confirmation,volatile,do_not_sell,2025-06-26,FAIL,1.1680623819627232,1.0617176391685637,1.0617176391685632,0.10634474279415995
hybrid_qaoa_assisted_v3,c22_volatile_20250626_do_not_sell,random_stratified,candidate_budget,OK,,256,256,0,256,100,0.0037102499991306,0.3209759169985773,256,256,1.0693427828427082,1.0655302110056355,,,,,,,,True,1111111111110101,105,0.0075911476996264,1.0212311557788945,0.9921875,0.0076251436741445,0.0071818941240496,12,0.0,0.00390625,0.0234375,0.0,0.02,True,1,1111111111110101,1.069342782842708,0.0038125718370725,0.0371841520713354,"[30.0, 30.0, 30.0, 30.0, 30.0, 30.0, 25.0, 25.0]",0.1038886146009382,0.1168062381962723,0.0,0.000204954346125,4.099086922500542e-05,0.0819817384500108,0.131803797865094,-0.2262015597662786,0,0.0038125718370727,0.0038125718370722,0.0035909470620248,,,confirmation,volatile,do_not_sell,2025-06-26,FAIL,1.1680623819627232,1.0617176391685637,1.0617176391685632,0.10634474279415995
hybrid_qaoa_assisted_v3,c22_volatile_20250626_do_not_sell,boltzmann,candidate_budget,OK,,256,256,0,256,81,0.0721745829941937,0.2632903749981778,256,256,1.0617176391685637,1.0617176391685632,,,,,,,,True,1111111111111111,2,0.0,0.5582110552763819,0.8203125,0.0,0.0,1,0.03515625,0.1640625,0.75,1.0,0.94,True,1,1111111111111111,1.0617176391685632,0.0,0.0,"[30.0, 30.0, 30.0, 30.0, 30.0, 30.0, 30.0, 30.0]",0.1033829284317676,0.1168062381962723,0.0,0.0002145258065452,4.290516130905714e-05,0.0858103226181142,0.1356248918508809,-0.2251568597652896,0,4.440892098500626e-16,0.0,0.0,318.875386196293,MATCHED,confirmation,volatile,do_not_sell,2025-06-26,FAIL,1.1680623819627232,1.0617176391685637,1.0617176391685632,0.10634474279415995
hybrid_qaoa_assisted_v3,c22_volatile_20250626_do_not_sell,classical_true_compute,compute_budget,OK,,20000,20000,0,20000,81,0.2033675830025458,0.2741198750009062,20000,20000,1.0617176391685637,1.0617176391685632,,,,,,,,True,1111111111111111,103,0.0,0.9790452261306531,0.99105,0.0,0.0,1,0.00045,0.00225,0.0339,1.0,1.0,True,1,1111111111111111,1.0617176391685632,0.0,0.0,"[30.0, 30.0, 30.0, 30.0, 30.0, 30.0, 30.0, 30.0]",0.1033829284317676,0.1168062381962723,0.0,0.0002145258065452,4.290516130905714e-05,0.0858103226181142,0.1356248918508809,-0.2251568597652896,0,4.440892098500626e-16,0.0,0.0,,,confirmation,volatile,do_not_sell,2025-06-26,FAIL,1.1680623819627232,1.0617176391685637,1.0617176391685632,0.10634474279415995
hybrid_qaoa_assisted_v3,c22_volatile_20250626_do_not_sell,random_uniform_compute,compute_budget,OK,,20000,20000,0,20000,91,0.0779612089972943,0.3039052500025718,20000,20000,1.0653734896230864,1.0635455643958245,,,,,,,,True,1111111111111101,17336,0.0036592540335331,1.003894472361809,0.9961,0.0036558504545227,0.0034433358923806,2,0.0002,0.00065,0.0108,0.4,0.3,True,1,1111111111111101,1.0653734896230862,0.0018279252272617,0.0174892928221021,"[30.0, 30.0, 30.0, 30.0, 30.0, 30.0, 30.0, 25.0]",0.1036310391445709,0.1168062381962723,0.0,0.0002095013303855,4.1900266077100486e-05,0.0838005321542009,0.1336190241871475,-0.2256800329153878,0,0.0018279252272619,0.0018279252272612,0.0017216679461902,,,confirmation,volatile,do_not_sell,2025-06-26,FAIL,1.1680623819627232,1.0617176391685637,1.0617176391685632,0.10634474279415995
hybrid_qaoa_assisted_v3,c22_volatile_20250626_do_not_sell,classical_true_compute_transfer,compute_budget,OK,,19022,19022,0,19022,81,0.1964891669995268,0.2750811669975519,19022,19022,1.0617176391685637,1.0617176391685632,,,,,,,,True,1111111111111111,89,0.0,0.9750502512562814,0.991588686783724,0.0,0.0,1,0.0004731363684155,0.0023656818420775,0.0356955104615708,1.0,1.0,True,1,1111111111111111,1.0617176391685632,0.0,0.0,"[30.0, 30.0, 30.0, 30.0, 30.0, 30.0, 30.0, 30.0]",0.1033829284317676,0.1168062381962723,0.0,0.0002145258065452,4.290516130905714e-05,0.0858103226181142,0.1356248918508809,-0.2251568597652896,0,4.440892098500626e-16,0.0,0.0,,,confirmation,volatile,do_not_sell,2025-06-26,FAIL,1.1680623819627232,1.0617176391685637,1.0617176391685632,0.10634474279415995
hybrid_qaoa_assisted_v3,c22_volatile_20250626_do_not_sell,random_uniform_compute_transfer,compute_budget,OK,,19022,19022,0,19022,92,0.0859968329968978,0.3175984999979846,19022,19022,1.065891396343657,1.0638045177561095,,,,,,,,True,1111111111011111,10049,0.0042307073617686,1.0032613065326634,0.9964251918830828,0.0041737571750932,0.0039311366987947,5,0.0001051414152034,0.0008937020292293,0.0114078435495741,0.2,0.36,True,1,1111111111011111,1.065891396343657,0.0020868785875471,0.0200165100582869,"[30.0, 30.0, 30.0, 30.0, 30.0, 25.0, 30.0, 30.0]",0.1036470245192695,0.1168062381962723,0.0,0.0002102636351031,4.2052727020638146e-05,0.0841054540412762,0.1339233496164886,-0.2257367645929553,0,0.0020868785875471,0.0020868785875465,0.0019655683493972,,,confirmation,volatile,do_not_sell,2025-06-26,FAIL,1.1680623819627232,1.0617176391685637,1.0617176391685632,0.10634474279415995
hybrid_qaoa_assisted_v3,c22_volatile_20250626_do_not_sell,heuristic_baselines,ablation,OK,,3,3,0,3,59,1.883300137706101e-05,0.1979057920034392,3,3,1.0617176391685637,1.0617176391685632,,,,,,,,True,1111111111111111,3,0.0,1.0666666666666669,0.6666666666666666,0.0,0.0,1,0.3333333333333333,0.3333333333333333,0.3333333333333333,0.1,0.02,True,1,1111111111111111,1.0617176391685632,0.0,0.0,"[30.0, 30.0, 30.0, 30.0, 30.0, 30.0, 30.0, 30.0]",0.1033829284317676,0.1168062381962723,0.0,0.0002145258065452,4.290516130905714e-05,0.0858103226181142,0.1356248918508809,-0.2251568597652896,0,4.440892098500626e-16,0.0,0.0,,,confirmation,volatile,do_not_sell,2025-06-26,FAIL,1.1680623819627232,1.0617176391685637,1.0617176391685632,0.10634474279415995
hybrid_qaoa_assisted_v3,c23_normal_20260211_liquidity_constrained,qaoa,candidate_budget,OK,,256,256,0,256,81,183.49040662500192,0.2630650420032907,256,256,1.270195406099627,1.270195406099627,10.0,10.0,183.48538499999995,200.0,398.0,0.1095703125,0.331640625,True,1111111111111111,1,0.0,0.4589748743718593,0.78125,0.0,0.0,1,0.03125,0.171875,1.0,1.0,1.0,True,1,1111111111111111,1.270195406099627,0.0,0.0,"[30.0, 30.0, 30.0, 30.0, 30.0, 30.0, 30.0, 30.0]",0.1244643681961696,0.1392163129872688,0.0,0.0001965517241379,3.93103448275862e-05,0.0786206896551724,0.1284493848790969,-0.2314104148658725,0,0.0,0.0,0.0,,,confirmation,normal,liquidity_constrained,2026-02-11,PASS,1.392163129872688,1.270195406099627,1.270195406099627,0.12196772377306098
hybrid_qaoa_assisted_v3,c23_normal_20260211_liquidity_constrained,qaoa_transfer,candidate_budget,OK,,256,256,0,256,81,58.858869666997634,0.2732458329992369,256,256,1.270195406099627,1.270195406099627,10.0,10.0,58.85670104200108,10.0,100.0,0.2248046875,0.5857421875000001,True,1111111111111111,1,0.0,0.4656180904522612,0.80078125,0.0,0.0,1,0.03125,0.16796875,0.8984375,1.0,0.98,True,1,1111111111111111,1.270195406099627,0.0,0.0,"[30.0, 30.0, 30.0, 30.0, 30.0, 30.0, 30.0, 30.0]",0.1244643681961696,0.1392163129872688,0.0,0.0001965517241379,3.93103448275862e-05,0.0786206896551724,0.1284493848790969,-0.2314104148658725,0,0.0,0.0,0.0,,,confirmation,normal,liquidity_constrained,2026-02-11,PASS,1.392163129872688,1.270195406099627,1.270195406099627,0.12196772377306098
hybrid_qaoa_assisted_v3,c23_normal_20260211_liquidity_constrained,classical_true,candidate_budget,OK,,256,256,0,256,81,0.0013826249996782,0.2723078749986598,256,256,1.270195406099627,1.270195406099627,,,,,,,,True,1111111111111111,155,0.0,0.772894472361809,0.0,0.0,0.0,1,0.03125,0.08984375,0.3671875,1.0,0.52,True,1,1111111111111111,1.270195406099627,0.0,0.0,"[30.0, 30.0, 30.0, 30.0, 30.0, 30.0, 30.0, 30.0]",0.1244643681961696,0.1392163129872688,0.0,0.0001965517241379,3.93103448275862e-05,0.0786206896551724,0.1284493848790969,-0.2314104148658725,0,0.0,0.0,0.0,,,confirmation,normal,liquidity_constrained,2026-02-11,PASS,1.392163129872688,1.270195406099627,1.270195406099627,0.12196772377306098
hybrid_qaoa_assisted_v3,c23_normal_20260211_liquidity_constrained,classical_surrogate,candidate_budget,OK,,256,256,0,256,81,0.0028057499948772,0.2714446250029141,256,256,1.270195406099627,1.270195406099627,,,,,,,,True,1111111111111111,10,0.0,0.8204321608040201,0.91796875,0.0,0.0,1,0.02734375,0.08984375,0.33203125,0.8,0.48,True,1,1111111111111111,1.270195406099627,0.0,0.0,"[30.0, 30.0, 30.0, 30.0, 30.0, 30.0, 30.0, 30.0]",0.1244643681961696,0.1392163129872688,0.0,0.0001965517241379,3.93103448275862e-05,0.0786206896551724,0.1284493848790969,-0.2314104148658725,0,0.0,0.0,0.0,,,confirmation,normal,liquidity_constrained,2026-02-11,PASS,1.392163129872688,1.270195406099627,1.270195406099627,0.12196772377306098
hybrid_qaoa_assisted_v3,c23_normal_20260211_liquidity_constrained,random_uniform,candidate_budget,OK,,256,256,0,256,102,0.001212959003169,0.333127042002161,256,256,1.2803312891291736,1.2752633476144002,,,,,,,,True,1101011111111111,165,0.0101651645348759,1.0014824120603014,0.99609375,0.0101358830295466,0.0079797824656528,36,0.0,0.00390625,0.015625,0.0,0.02,True,1,1101011111111111,1.280331289129173,0.0050679415147727,0.0433528738622902,"[30.0, 25.0, 25.0, 30.0, 30.0, 30.0, 30.0, 30.0]",0.1250776278648883,0.1392163129872688,0.0,0.0001883620689655,3.767241379310345e-05,0.0753448275862068,0.1251800446894523,-0.2325486293518954,0,0.0050679415147734,0.0050679415147731,0.0039898912328263,,,confirmation,normal,liquidity_constrained,2026-02-11,PASS,1.392163129872688,1.270195406099627,1.270195406099627,0.12196772377306098
hybrid_qaoa_assisted_v3,c23_normal_20260211_liquidity_constrained,random_stratified,candidate_budget,OK,,256,256,0,256,100,0.0036426250007934,0.3187319999997271,256,256,1.2791515599903254,1.274673483044976,,,,,,,,True,1111111111110101,105,0.0089164128398422,1.0212311557788945,0.9921875,0.0089561538906983,0.0070510047884678,11,0.0,0.00390625,0.0234375,0.0,0.02,True,1,1111111111110101,1.2791515599903254,0.0044780769453494,0.03811465151407,"[30.0, 30.0, 30.0, 30.0, 30.0, 30.0, 25.0, 25.0]",0.1250186414079458,0.1392163129872688,0.0,0.0001883620689655,3.767241379310344e-05,0.0753448275862068,0.1251800446894522,-0.2325229960316251,0,0.0044780769453494,0.0044780769453489,0.0035255023942337,,,confirmation,normal,liquidity_constrained,2026-02-11,PASS,1.392163129872688,1.270195406099627,1.270195406099627,0.12196772377306098
hybrid_qaoa_assisted_v3,c23_normal_20260211_liquidity_constrained,boltzmann,candidate_budget,OK,,256,256,0,256,81,0.0730613750056363,0.2555852080040495,256,256,1.270195406099627,1.270195406099627,,,,,,,,True,1111111111111111,2,0.0,0.5724120603015075,0.82421875,0.0,0.0,1,0.03125,0.16015625,0.78515625,1.0,0.94,True,1,1111111111111111,1.270195406099627,0.0,0.0,"[30.0, 30.0, 30.0, 30.0, 30.0, 30.0, 30.0, 30.0]",0.1244643681961696,0.1392163129872688,0.0,0.0001965517241379,3.93103448275862e-05,0.0786206896551724,0.1284493848790969,-0.2314104148658725,0,0.0,0.0,0.0,260.7379165033718,MATCHED,confirmation,normal,liquidity_constrained,2026-02-11,PASS,1.392163129872688,1.270195406099627,1.270195406099627,0.12196772377306098
hybrid_qaoa_assisted_v3,c23_normal_20260211_liquidity_constrained,classical_true_compute,compute_budget,OK,,20000,20000,0,20000,81,0.2132488329953048,0.2710703339980682,20000,20000,1.270195406099627,1.270195406099627,,,,,,,,True,1111111111111111,103,0.0,0.9797386934673368,0.99105,0.0,0.0,1,0.0004,0.0022,0.04535,1.0,1.0,True,1,1111111111111111,1.270195406099627,0.0,0.0,"[30.0, 30.0, 30.0, 30.0, 30.0, 30.0, 30.0, 30.0]",0.1244643681961696,0.1392163129872688,0.0,0.0001965517241379,3.93103448275862e-05,0.0786206896551724,0.1284493848790969,-0.2314104148658725,0,0.0,0.0,0.0,,,confirmation,normal,liquidity_constrained,2026-02-11,PASS,1.392163129872688,1.270195406099627,1.270195406099627,0.12196772377306098
hybrid_qaoa_assisted_v3,c23_normal_20260211_liquidity_constrained,random_uniform_compute,compute_budget,OK,,20000,20000,0,20000,91,0.0775946249996195,0.3046975830002338,20000,20000,1.274565960331674,1.2723806832156508,,,,,,,,True,1111111111111101,17336,0.0043586700393167,1.003894472361809,0.9961,0.0043705542320471,0.0034408518650431,2,0.0002,0.00065,0.0146,0.4,0.32,True,1,1111111111111101,1.274565960331674,0.0021852771160233,0.0182437174812454,"[30.0, 30.0, 30.0, 30.0, 30.0, 30.0, 30.0, 25.0]",0.1247361286663926,0.1392163129872688,0.0,0.0001924568965517,3.849137931034482e-05,0.0769827586206896,0.1268147080892938,-0.2320186414590376,0,0.0021852771160233,0.0021852771160237,0.0017204259325217,,,confirmation,normal,liquidity_constrained,2026-02-11,PASS,1.392163129872688,1.270195406099627,1.270195406099627,0.12196772377306098
hybrid_qaoa_assisted_v3,c23_normal_20260211_liquidity_constrained,classical_true_compute_transfer,compute_budget,OK,,18172,18172,0,18172,81,0.1736960000052931,0.2640373750036815,18172,18172,1.270195406099627,1.270195406099627,,,,,,,,True,1111111111111111,89,0.0,0.981391959798995,0.9912502751485802,0.0,0.0,1,0.0004402377283733,0.0024213075060532,0.0500220118864186,1.0,1.0,True,1,1111111111111111,1.270195406099627,0.0,0.0,"[30.0, 30.0, 30.0, 30.0, 30.0, 30.0, 30.0, 30.0]",0.1244643681961696,0.1392163129872688,0.0,0.0001965517241379,3.93103448275862e-05,0.0786206896551724,0.1284493848790969,-0.2314104148658725,0,0.0,0.0,0.0,,,confirmation,normal,liquidity_constrained,2026-02-11,PASS,1.392163129872688,1.270195406099627,1.270195406099627,0.12196772377306098
hybrid_qaoa_assisted_v3,c23_normal_20260211_liquidity_constrained,random_uniform_compute_transfer,compute_budget,OK,,18172,18172,0,18172,93,0.0693902909988537,0.3038124170052469,18172,18172,1.274796540522479,1.272490172953672,,,,,,,,True,1111111111011111,9199,0.0045960403356892,0.972281407035176,0.9963130090248734,0.004601134422852,0.003622383139442,4,5.50297160466652e-05,0.0009355051727933,0.0145278450363196,0.2,0.38,True,1,1111111111011111,1.2747965405224786,0.0023063675688066,0.0192722535498758,"[30.0, 30.0, 30.0, 30.0, 30.0, 25.0, 30.0, 30.0]",0.1247470776401948,0.1392163129872688,0.0,0.0001924568965517,3.849137931034482e-05,0.0769827586206896,0.1268147080892938,-0.2319374088463488,0,0.002306367568807,0.0022947668540449,0.0018066250618016,,,confirmation,normal,liquidity_constrained,2026-02-11,PASS,1.392163129872688,1.270195406099627,1.270195406099627,0.12196772377306098
hybrid_qaoa_assisted_v3,c23_normal_20260211_liquidity_constrained,heuristic_baselines,ablation,OK,,3,3,0,3,59,2.9625000024680048e-05,0.1870018750050803,3,3,1.270195406099627,1.270195406099627,,,,,,,,True,1111111111111111,3,0.0,1.0666666666666669,0.6666666666666666,0.0,0.0,1,0.3333333333333333,0.3333333333333333,0.3333333333333333,0.1,0.02,True,1,1111111111111111,1.270195406099627,0.0,0.0,"[30.0, 30.0, 30.0, 30.0, 30.0, 30.0, 30.0, 30.0]",0.1244643681961696,0.1392163129872688,0.0,0.0001965517241379,3.93103448275862e-05,0.0786206896551724,0.1284493848790969,-0.2314104148658725,0,0.0,0.0,0.0,,,confirmation,normal,liquidity_constrained,2026-02-11,PASS,1.392163129872688,1.270195406099627,1.270195406099627,0.12196772377306098
hybrid_qaoa_assisted_v3,c24_volatile_20251117_diversified,qaoa,candidate_budget,OK,,256,256,0,256,81,211.7206576239987,0.2598147500029881,256,256,0.9926637486930544,0.9926637486930544,10.0,10.0,211.7178276659979,200.0,469.0,0.18447265625,0.4889648437499999,True,1111111111111111,1,0.0,0.4635979899497487,0.78515625,0.0,0.0,1,0.00390625,0.00390625,0.03515625,1.0,1.0,True,1,1111111111111111,0.9926637486930544,0.0,0.0,"[30.0, 30.0, 30.0, 30.0, 30.0, 30.0, 30.0, 30.0]",0.0890184314827888,0.1009667070848158,0.000282438497171,0.0001965517241379,3.93103448275862e-05,0.0786206896551724,0.1284493848790969,-0.1908718026541795,0,2.220446049250313e-16,0.0,0.0,,,confirmation,volatile,diversified,2025-11-17,FAIL,1.3596670708481584,0.9926637486930545,0.9926637486930543,0.3670033221551041
hybrid_qaoa_assisted_v3,c24_volatile_20251117_diversified,qaoa_transfer,candidate_budget,SHORTFALL,,256,227,29,227,81,58.42268020899792,0.2614503340009833,227,227,0.9926637486930544,0.9926637486930544,10.0,10.0,58.420992667000974,10.0,100.0,0.26845703125,0.6736328125,True,1111111111111111,1,0.0,0.4331055276381909,0.8370044052863436,0.0,0.0,1,0.0044052863436123,0.0044052863436123,0.039647577092511,1.0,0.96,True,1,1111111111111111,0.9926637486930544,0.0,0.0,"[30.0, 30.0, 30.0, 30.0, 30.0, 30.0, 30.0, 30.0]",0.0890184314827888,0.1009667070848158,0.000282438497171,0.0001965517241379,3.93103448275862e-05,0.0786206896551724,0.1284493848790969,-0.1908718026541795,0,2.220446049250313e-16,0.0,0.0,,,confirmation,volatile,diversified,2025-11-17,FAIL,1.3596670708481584,0.9926637486930545,0.9926637486930543,0.3670033221551041
hybrid_qaoa_assisted_v3,c24_volatile_20251117_diversified,classical_true,candidate_budget,OK,,256,256,0,256,81,0.0012632080033654,0.2636029169952962,256,256,0.9926637486930544,0.9926637486930544,,,,,,,,True,1111111111111111,160,0.0,0.786572864321608,0.0,0.0,0.0,1,0.00390625,0.00390625,0.03515625,1.0,0.58,True,1,1111111111111111,0.9926637486930544,0.0,0.0,"[30.0, 30.0, 30.0, 30.0, 30.0, 30.0, 30.0, 30.0]",0.0890184314827888,0.1009667070848158,0.000282438497171,0.0001965517241379,3.93103448275862e-05,0.0786206896551724,0.1284493848790969,-0.1908718026541795,0,2.220446049250313e-16,0.0,0.0,,,confirmation,volatile,diversified,2025-11-17,FAIL,1.3596670708481584,0.9926637486930545,0.9926637486930543,0.3670033221551041
hybrid_qaoa_assisted_v3,c24_volatile_20251117_diversified,classical_surrogate,candidate_budget,OK,,256,256,0,256,81,0.0028382499949657,0.2601342089983518,256,256,0.9926637486930544,0.9926637486930544,,,,,,,,True,1111111111111111,10,0.0,0.8247738693467337,0.93359375,0.0,0.0,1,0.00390625,0.00390625,0.0234375,0.7,0.42,True,1,1111111111111111,0.9926637486930544,0.0,0.0,"[30.0, 30.0, 30.0, 30.0, 30.0, 30.0, 30.0, 30.0]",0.0890184314827888,0.1009667070848158,0.000282438497171,0.0001965517241379,3.93103448275862e-05,0.0786206896551724,0.1284493848790969,-0.1908718026541795,0,2.220446049250313e-16,0.0,0.0,,,confirmation,volatile,diversified,2025-11-17,FAIL,1.3596670708481584,0.9926637486930545,0.9926637486930543,0.3670033221551041
hybrid_qaoa_assisted_v3,c24_volatile_20251117_diversified,random_uniform,candidate_budget,OK,,256,256,0,256,102,0.0013649579996126,0.320659874996636,256,256,1.0235043769101355,1.0080840628015946,,,,,,,,True,1101011111111111,165,0.0309146866886346,1.0014824120603014,0.9921875,0.030840628217081,0.031068554943893,34,0.0,0.0,0.0,0.0,0.02,True,1,1101011111111111,1.023504376910135,0.0154203141085405,0.0438596682877752,"[30.0, 25.0, 25.0, 30.0, 30.0, 30.0, 30.0, 30.0]",0.0895423682559477,0.1009667070848158,0.0002441881173889,0.0001883620689655,3.767241379310345e-05,0.0753448275862068,0.1251800446894523,-0.1920209631184327,0,0.0154203141085409,0.0154203141085402,0.0155342774719463,,,confirmation,volatile,diversified,2025-11-17,FAIL,1.3596670708481584,0.9926637486930545,0.9926637486930543,0.3670033221551041
hybrid_qaoa_assisted_v3,c24_volatile_20251117_diversified,random_stratified,candidate_budget,OK,,256,256,0,256,100,0.0038433749941759,0.3194269590021577,256,256,1.0222189179593235,1.007437815652621,,,,,,,,True,1111111111110101,105,0.0295232620431614,1.0212311557788945,1.0,0.0295551692662692,0.0297735958477195,14,0.0,0.0,0.0,0.0,0.02,True,1,1111111111110101,1.0222189179593235,0.0147811023067025,0.0419644367657563,"[30.0, 30.0, 30.0, 30.0, 30.0, 30.0, 25.0, 25.0]",0.0894603927957416,0.1009667070848158,0.0002788896080063,0.0001883620689655,3.767241379310344e-05,0.0753448275862068,0.1251800446894522,-0.1917828593782135,0,0.0147811023067028,0.0147740669595666,0.014883254253032,,,confirmation,volatile,diversified,2025-11-17,FAIL,1.3596670708481584,0.9926637486930545,0.9926637486930543,0.3670033221551041
hybrid_qaoa_assisted_v3,c24_volatile_20251117_diversified,boltzmann,candidate_budget,OK,,256,256,0,256,81,0.0716485000011744,0.2590299590010545,256,256,0.9926637486930544,0.9926637486930544,,,,,,,,True,1111111111111111,1,0.0,0.5311155778894473,0.8125,0.0,0.0,1,0.00390625,0.00390625,0.03515625,1.0,1.0,True,1,1111111111111111,0.9926637486930544,0.0,0.0,"[30.0, 30.0, 30.0, 30.0, 30.0, 30.0, 30.0, 30.0]",0.0890184314827888,0.1009667070848158,0.000282438497171,0.0001965517241379,3.93103448275862e-05,0.0786206896551724,0.1284493848790969,-0.1908718026541795,0,2.220446049250313e-16,0.0,0.0,108.55972741664192,MATCHED,confirmation,volatile,diversified,2025-11-17,FAIL,1.3596670708481584,0.9926637486930545,0.9926637486930543,0.3670033221551041
hybrid_qaoa_assisted_v3,c24_volatile_20251117_diversified,classical_true_compute,compute_budget,OK,,20000,20000,0,20000,81,0.196742207997886,0.2736916670037317,20000,20000,0.9926637486930544,0.9926637486930544,,,,,,,,True,1111111111111111,103,0.0,0.9964070351758794,0.99125,0.0,0.0,1,5e-05,5e-05,0.00045,1.0,1.0,True,1,1111111111111111,0.9926637486930544,0.0,0.0,"[30.0, 30.0, 30.0, 30.0, 30.0, 30.0, 30.0, 30.0]",0.0890184314827888,0.1009667070848158,0.000282438497171,0.0001965517241379,3.93103448275862e-05,0.0786206896551724,0.1284493848790969,-0.1908718026541795,0,2.220446049250313e-16,0.0,0.0,,,confirmation,volatile,diversified,2025-11-17,FAIL,1.3596670708481584,0.9926637486930545,0.9926637486930543,0.3670033221551041
hybrid_qaoa_assisted_v3,c24_volatile_20251117_diversified,random_uniform_compute,compute_budget,OK,,20000,20000,0,20000,90,0.079358000002685,0.2960609169967938,20000,20000,1.0072307024937528,0.9999456311516008,,,,,,,,True,1111111111011111,16532,0.0146252058414128,1.003894472361809,0.9962,0.0145669538006982,0.014674610430649,2,0.0,0.0,0.0002,0.4,0.28,True,1,1111111111011111,1.0072307024937524,0.0072850713421515,0.020251979832775,"[30.0, 30.0, 30.0, 30.0, 30.0, 25.0, 30.0, 30.0]",0.0892440777647493,0.1009667070848158,0.0002503025973731,0.0001924568965517,3.8491379310344826e-05,0.0769827586206896,0.1268147080892938,-0.1914717981885414,0,0.0072850713421519,0.0072818824585465,0.0073356989898481,,,confirmation,volatile,diversified,2025-11-17,FAIL,1.3596670708481584,0.9926637486930545,0.9926637486930543,0.3670033221551041
hybrid_qaoa_assisted_v3,c24_volatile_20251117_diversified,classical_true_compute_transfer,compute_budget,OK,,18789,18789,0,18789,81,0.1738294169990695,0.2723685409946483,18789,18789,0.9926637486930544,0.9926637486930544,,,,,,,,True,1111111111111111,89,0.0,0.9966130653266332,0.9916440470488052,0.0,0.0,1,5.322263026238757e-05,5.322263026238757e-05,0.0004790036723614,1.0,1.0,True,1,1111111111111111,0.9926637486930544,0.0,0.0,"[30.0, 30.0, 30.0, 30.0, 30.0, 30.0, 30.0, 30.0]",0.0890184314827888,0.1009667070848158,0.000282438497171,0.0001965517241379,3.93103448275862e-05,0.0786206896551724,0.1284493848790969,-0.1908718026541795,0,2.220446049250313e-16,0.0,0.0,,,confirmation,volatile,diversified,2025-11-17,FAIL,1.3596670708481584,0.9926637486930545,0.9926637486930543,0.3670033221551041
hybrid_qaoa_assisted_v3,c24_volatile_20251117_diversified,random_uniform_compute_transfer,compute_budget,OK,,18789,18789,0,18789,92,0.0802425410001888,0.2994949999992968,18789,18789,1.0072307024937528,0.9999456311516008,,,,,,,,True,1111111111011111,9816,0.0146576045172474,1.0085226130653266,0.9963276385118952,0.0145669538006982,0.014674610430649,2,0.0,0.0,0.0001064452605247,0.3,0.36,True,1,1111111111011111,1.0072307024937524,0.0072850713421515,0.020251979832775,"[30.0, 30.0, 30.0, 30.0, 30.0, 25.0, 30.0, 30.0]",0.0892440777647493,0.1009667070848158,0.0002503025973731,0.0001924568965517,3.8491379310344826e-05,0.0769827586206896,0.1268147080892938,-0.1914717981885414,0,0.0072850713421519,0.0072818824585465,0.0073356989898481,,,confirmation,volatile,diversified,2025-11-17,FAIL,1.3596670708481584,0.9926637486930545,0.9926637486930543,0.3670033221551041
hybrid_qaoa_assisted_v3,c24_volatile_20251117_diversified,heuristic_baselines,ablation,OK,,3,3,0,3,59,1.9957995391450822e-05,0.1845222909978474,3,3,0.9926637486930544,0.9926637486930544,,,,,,,,True,1111111111111111,3,0.0,1.0666666666666669,0.6666666666666666,0.0,0.0,1,0.3333333333333333,0.3333333333333333,0.3333333333333333,0.1,0.02,True,1,1111111111111111,0.9926637486930544,0.0,0.0,"[30.0, 30.0, 30.0, 30.0, 30.0, 30.0, 30.0, 30.0]",0.0890184314827888,0.1009667070848158,0.000282438497171,0.0001965517241379,3.93103448275862e-05,0.0786206896551724,0.1284493848790969,-0.1908718026541795,0,2.220446049250313e-16,0.0,0.0,,,confirmation,volatile,diversified,2025-11-17,FAIL,1.3596670708481584,0.9926637486930545,0.9926637486930543,0.3670033221551041
hybrid_qaoa_assisted_v3,c25_normal_20260622_banking_concentrated,qaoa,candidate_budget,OK,,256,256,0,256,53,198.2484762919994,0.1739142079968587,256,256,1.3071729869859308,1.3071729869859308,10.0,10.0,198.24527770799617,200.0,432.0,0.0005859375,0.46455078125,True,1111111111111100,143,0.0,0.4529999999999999,0.91015625,0.0,0.0,1,0.45703125,0.59765625,0.9453125,0.9,0.94,True,1,1111111111111100,1.3071729869859308,0.0,0.0,"[30.0, 30.0, 30.0, 30.0, 30.0, 30.0, 30.0, 0.0]",0.127300642448593,0.1446144569854456,0.0,0.0002493749999999,4.987499999999999e-05,0.0997499999999999,0.1495379160178069,-0.230418249628772,0,0.0,0.0,0.0,,,confirmation,normal,banking_concentrated,2026-06-22,PASS,1.7961445698544565,1.3071729869859308,1.3071729869859308,0.4889715828685257
hybrid_qaoa_assisted_v3,c25_normal_20260622_banking_concentrated,qaoa_transfer,candidate_budget,SHORTFALL,,256,212,44,212,57,67.38528175000101,0.187103208998451,212,212,1.3072609625298064,1.3072609625298064,10.0,10.0,67.38368216600065,10.0,100.0,0.0,0.6776367187500001,True,1111111111110110,151,0.0,0.4170402010050251,0.929245283018868,8.797554387562911e-05,6.730214344352573e-05,2,0.330188679245283,0.490566037735849,0.8207547169811321,0.4,0.54,True,1,1111111111110110,1.3072609625298064,0.0,0.0,"[30.0, 30.0, 30.0, 30.0, 30.0, 30.0, 20.0, 10.0]",0.1273094400029806,0.1446144569854456,0.0,0.000249375,4.9875e-05,0.0997499999999999,0.1495379160178069,-0.2299811772658881,0,0.0,8.797554387562911e-05,6.730214344352573e-05,,,confirmation,normal,banking_concentrated,2026-06-22,PASS,1.7961445698544565,1.3071729869859308,1.3071729869859308,0.4889715828685257
hybrid_qaoa_assisted_v3,c25_normal_20260622_banking_concentrated,classical_true,candidate_budget,OK,,256,256,0,256,56,0.00123637499928,0.1844604579964652,256,256,1.3075192814825949,1.3075192814825949,,,,,,,,True,1111111111011110,232,0.0228649600886132,0.8142311557788945,0.0,0.0003462944966641,0.0002649186451309,4,0.0234375,0.046875,0.12109375,0.1,0.12,True,1,1111111111011110,1.3075192814825949,0.0,0.0,"[30.0, 30.0, 30.0, 30.0, 30.0, 20.0, 30.0, 10.0]",0.1273352718982595,0.1446144569854456,0.0,0.000249375,4.9875e-05,0.0997499999999999,0.1495379160178069,-0.2302775216316636,0,0.0,0.0003462944966641,0.0002649186451309,,,confirmation,normal,banking_concentrated,2026-06-22,PASS,1.7961445698544565,1.3071729869859308,1.3071729869859308,0.4889715828685257
hybrid_qaoa_assisted_v3,c25_normal_20260622_banking_concentrated,classical_surrogate,candidate_budget,OK,,256,256,0,256,60,0.0027631250050035,0.1976462920065387,256,256,1.307643784907279,1.307643784907279,,,,,,,,True,1111111111010101,41,0.0,0.8128643216080403,0.953125,0.0004707979213482,0.0003601649713048,5,0.08984375,0.15234375,0.28125,0.2,0.32,True,1,1111111111010101,1.307643784907279,0.0,0.0,"[30.0, 30.0, 30.0, 30.0, 30.0, 20.0, 20.0, 20.0]",0.1273477222407279,0.1446144569854456,0.0,0.000249375,4.9875e-05,0.0997499999999999,0.1495379160178069,-0.2298404137767157,0,0.0,0.0004707979213482,0.0003601649713048,,,confirmation,normal,banking_concentrated,2026-06-22,PASS,1.7961445698544565,1.3071729869859308,1.3071729869859308,0.4889715828685257
hybrid_qaoa_assisted_v3,c25_normal_20260622_banking_concentrated,random_uniform,candidate_budget,OK,,256,256,0,256,105,0.0012139579994254,0.3450351669962401,256,256,1.3166855569116869,1.3084428504804295,,,,,,,,True,1101011111111111,165,0.0471280142672281,1.0014824120603014,0.9921875,0.0095125699257561,0.0072772081587228,151,0.0,0.00390625,0.0078125,0.0,0.0,True,3,1111010101110101,1.3546730288753066,0.046230178394877,0.094791911855907,"[30.0, 30.0, 25.0, 25.0, 25.0, 30.0, 25.0, 20.0]",0.1274276287980429,0.1446144569854456,0.0,0.000249375,4.9875e-05,0.0997499999999999,0.1495379160178069,-0.2302167395923937,0,0.0082427064312573,0.0012698634944987,0.0009714578767625,,,confirmation,normal,banking_concentrated,2026-06-22,PASS,1.7961445698544565,1.3071729869859308,1.3071729869859308,0.4889715828685257
hybrid_qaoa_assisted_v3,c25_normal_20260622_banking_concentrated,random_stratified,candidate_budget,OK,,256,256,0,256,98,0.0039476669990108,0.3336347079966799,256,256,1.3089975094019477,1.308145611673012,,,,,,,,True,1101111101110111,25,0.0450036424508546,1.0212311557788945,0.99609375,0.0018245224160167,0.0013957773257108,46,0.00390625,0.0078125,0.01171875,0.0,0.02,True,2,1111111111110101,1.3145123135835948,0.0063667019105826,0.0130465481613086,"[30.0, 30.0, 25.0, 30.0, 25.0, 30.0, 20.0, 20.0]",0.1273979049173012,0.1446144569854456,0.0,0.000249375,4.9875e-05,0.0997499999999999,0.1495379160178069,-0.229917198767574,0,0.0008518977289353,0.0009726246870813,0.0007440673091968,,,confirmation,normal,banking_concentrated,2026-06-22,PASS,1.7961445698544565,1.3071729869859308,1.3071729869859308,0.4889715828685257
hybrid_qaoa_assisted_v3,c25_normal_20260622_banking_concentrated,boltzmann,candidate_budget,OK,,256,256,0,256,53,0.0753542910024407,0.1873421249983948,256,256,1.3071729869859308,1.3071729869859308,,,,,,,,True,1111111111111100,74,0.0,0.5499145728643215,0.9453125,0.0,0.0,1,0.3046875,0.44140625,0.67578125,1.0,0.66,True,1,1111111111111100,1.3071729869859308,0.0,0.0,"[30.0, 30.0, 30.0, 30.0, 30.0, 30.0, 30.0, 0.0]",0.127300642448593,0.1446144569854456,0.0,0.0002493749999999,4.987499999999999e-05,0.0997499999999999,0.1495379160178069,-0.230418249628772,0,0.0,0.0,0.0,65.92784603434072,MATCHED,confirmation,normal,banking_concentrated,2026-06-22,PASS,1.7961445698544565,1.3071729869859308,1.3071729869859308,0.4889715828685257
hybrid_qaoa_assisted_v3,c25_normal_20260622_banking_concentrated,classical_true_compute,compute_budget,OK,,20000,20000,0,20000,53,0.1477488339951378,0.193047791995923,20000,20000,1.3071729869859308,1.3071729869859308,,,,,,,,True,1111111111111100,1528,0.0,0.9784874371859296,0.9921,0.0,0.0,1,0.0058,0.0076,0.02025,1.0,1.0,True,1,1111111111111100,1.3071729869859308,0.0,0.0,"[30.0, 30.0, 30.0, 30.0, 30.0, 30.0, 30.0, 0.0]",0.127300642448593,0.1446144569854456,0.0,0.0002493749999999,4.987499999999999e-05,0.0997499999999999,0.1495379160178069,-0.230418249628772,0,0.0,0.0,0.0,,,confirmation,normal,banking_concentrated,2026-06-22,PASS,1.7961445698544565,1.3071729869859308,1.3071729869859308,0.4889715828685257
hybrid_qaoa_assisted_v3,c25_normal_20260622_banking_concentrated,random_uniform_compute,compute_budget,OK,,20000,20000,0,20000,55,0.0822571249955217,0.2110364999971352,20000,20000,1.3072609625298064,1.3072609625298064,,,,,,,,True,1111111111110110,10721,0.0224137367635404,1.003894472361809,0.99605,8.797554387562911e-05,6.730214344352573e-05,2,0.002,0.00245,0.0059,0.5,0.38,True,1,1111111111110110,1.3072609625298064,0.0,0.0,"[30.0, 30.0, 30.0, 30.0, 30.0, 30.0, 20.0, 10.0]",0.1273094400029806,0.1446144569854456,0.0,0.000249375,4.9875e-05,0.0997499999999999,0.1495379160178069,-0.2299811772658881,0,0.0,8.797554387562911e-05,6.730214344352573e-05,,,confirmation,normal,banking_concentrated,2026-06-22,PASS,1.7961445698544565,1.3071729869859308,1.3071729869859308,0.4889715828685257
hybrid_qaoa_assisted_v3,c25_normal_20260622_banking_concentrated,classical_true_compute_transfer,compute_budget,OK,,20000,20000,0,20000,53,0.1456325830004061,0.1950365000011515,20000,20000,1.3071729869859308,1.3071729869859308,,,,,,,,True,1111111111111100,3092,0.0,0.9658592964824122,0.9911,0.0,0.0,1,0.0059,0.0077,0.0203,1.0,1.0,True,1,1111111111111100,1.3071729869859308,0.0,0.0,"[30.0, 30.0, 30.0, 30.0, 30.0, 30.0, 30.0, 0.0]",0.127300642448593,0.1446144569854456,0.0,0.0002493749999999,4.987499999999999e-05,0.0997499999999999,0.1495379160178069,-0.230418249628772,0,0.0,0.0,0.0,,,confirmation,normal,banking_concentrated,2026-06-22,PASS,1.7961445698544565,1.3071729869859308,1.3071729869859308,0.4889715828685257
hybrid_qaoa_assisted_v3,c25_normal_20260622_banking_concentrated,random_uniform_compute_transfer,compute_budget,OK,,20000,20000,0,20000,56,0.0973141659997054,0.2078925419991719,20000,20000,1.3072609625298064,1.3072609625298064,,,,,,,,True,1111111111110110,8073,0.0224137367635404,0.974753768844221,0.9964,8.797554387562911e-05,6.730214344352573e-05,2,0.00195,0.0027,0.00685,0.4,0.34,True,1,1111111111110110,1.3072609625298064,0.0,0.0,"[30.0, 30.0, 30.0, 30.0, 30.0, 30.0, 20.0, 10.0]",0.1273094400029806,0.1446144569854456,0.0,0.000249375,4.9875e-05,0.0997499999999999,0.1495379160178069,-0.2299811772658881,0,0.0,8.797554387562911e-05,6.730214344352573e-05,,,confirmation,normal,banking_concentrated,2026-06-22,PASS,1.7961445698544565,1.3071729869859308,1.3071729869859308,0.4889715828685257
hybrid_qaoa_assisted_v3,c25_normal_20260622_banking_concentrated,heuristic_baselines,ablation,OK,,3,3,0,3,67,1.8208003893960267e-05,0.2308758329963893,3,3,1.3358281055767305,1.3094501618198957,,,,,,,,True,1111111111111111,3,0.0,1.0666666666666669,1.0,0.0286551185907997,0.0219214433560721,487,0.0,0.0,0.0,0.0,0.0,True,1,1111111111111111,1.3358281055767314,0.0263779437568356,0.0541981648471344,"[25.0, 30.0, 25.0, 25.0, 25.0, 25.0, 25.0, 30.0]",0.1275283599319895,0.1446144569854456,0.0,0.000249375,4.9875e-05,0.0997499999999999,0.1495379160178069,-0.2301425884702426,0,0.0263779437568347,0.0022771748339649,0.0017420608111062,,,confirmation,normal,banking_concentrated,2026-06-22,PASS,1.7961445698544565,1.3071729869859308,1.3071729869859308,0.4889715828685257
hybrid_qaoa_assisted_v3,c26_volatile_20260309_high_volatility,qaoa,candidate_budget,OK,,256,256,0,256,72,208.0283654160012,0.2448245839987066,256,256,0.8999693024913522,0.8997882158052964,10.0,10.0,208.0250356250035,200.0,456.0,0.00810546875,0.37021484375,True,1111110111111101,20,0.0,0.4629045226130653,0.84375,0.0,0.0,1,0.0625,0.14453125,0.29296875,1.0,1.0,True,2,1111111111110101,0.9000368879956124,0.0002486721903159,0.0005815682275401,"[30.0, 30.0, 30.0, 30.0, 30.0, 30.0, 20.0, 25.0]",0.0856643180880913,0.0977377238967361,0.0014331881027762,0.000252852338297,5.057046765941725e-05,0.1011409353188345,0.1509262450345047,-0.1648299186921464,0,0.0001810866860557,0.0034064431432834,0.0038002146486838,,,confirmation,volatile,high_volatility,2026-03-09,FAIL,1.3273772389673608,0.8999693024913522,0.896381772662013,0.4309954663053478
hybrid_qaoa_assisted_v3,c26_volatile_20260309_high_volatility,qaoa_transfer,candidate_budget,OK,,256,256,0,256,72,59.63010237499111,0.234486541005026,256,256,0.8999693024913522,0.8997882158052964,10.0,10.0,59.627830749996065,10.0,100.0,0.00859375,0.5832031249999999,True,1111110111111101,20,0.0,0.4619648241206029,0.84765625,0.0,0.0,1,0.05859375,0.140625,0.27734375,1.0,0.98,True,2,1111111111110101,0.9000368879956124,0.0002486721903159,0.0005815682275401,"[30.0, 30.0, 30.0, 30.0, 30.0, 30.0, 20.0, 25.0]",0.0856643180880913,0.0977377238967361,0.0014331881027762,0.000252852338297,5.057046765941725e-05,0.1011409353188345,0.1509262450345047,-0.1648299186921464,0,0.0001810866860557,0.0034064431432834,0.0038002146486838,,,confirmation,volatile,high_volatility,2026-03-09,FAIL,1.3273772389673608,0.8999693024913522,0.896381772662013,0.4309954663053478
hybrid_qaoa_assisted_v3,c26_volatile_20260309_high_volatility,classical_true,candidate_budget,OK,,256,256,0,256,99,0.0012336250001681,0.3276190420001512,256,256,0.9000368879956128,0.896381772662013,,,,,,,,True,1111111111110101,163,0.0,0.7817487437185929,0.0,6.758550426055887e-05,7.509756618749594e-05,2,0.01171875,0.02734375,0.0625,0.3,0.22,True,3,1111111111110111,0.9025001678855348,0.0061183952235217,0.0141959619110866,"[30.0, 30.0, 30.0, 30.0, 25.0, 30.0, 20.0, 30.0]",0.0856878588262035,0.0977377238967361,0.0013626907200409,0.000250541073194,5.010821463880409e-05,0.1002164292776081,0.1500034702348296,-0.1650463592007387,0,0.0036551153335997,0.0,0.0,,,confirmation,volatile,high_volatility,2026-03-09,FAIL,1.3273772389673608,0.8999693024913522,0.896381772662013,0.4309954663053478
hybrid_qaoa_assisted_v3,c26_volatile_20260309_high_volatility,classical_surrogate,candidate_budget,OK,,256,256,0,256,64,0.0028644580015679,0.2696534589995281,256,256,0.8999693024913522,0.8999693024913521,,,,,,,,True,1111110111111101,119,0.0,0.815,0.94140625,0.0,0.0,1,0.02734375,0.0625,0.1171875,0.3,0.42,True,1,1111110111111101,0.8999693024913521,0.0,0.0,"[30.0, 30.0, 30.0, 20.0, 30.0, 30.0, 30.0, 20.0]",0.0859321840709647,0.0977377238967361,0.0015362907265882,0.0002508784855216,5.017569710432542e-05,0.1003513942086508,0.1501381821628892,-0.1652327114573988,0,1.1102230246251563e-16,0.003587529829339,0.0040022342474513,,,confirmation,volatile,high_volatility,2026-03-09,FAIL,1.3273772389673608,0.8999693024913522,0.896381772662013,0.4309954663053478
hybrid_qaoa_assisted_v3,c26_volatile_20260309_high_volatility,random_uniform,candidate_budget,OK,,256,256,0,256,94,0.0012373330027912,0.3037627080047969,256,256,0.903816136832834,0.9038161368328338,,,,,,,,True,1101011111111111,165,0.0356322075508127,1.0014824120603014,0.9921875,0.0038468343414819,0.0042744061723359,14,0.00390625,0.00390625,0.00390625,0.0,0.02,True,1,1101011111111111,0.9038161368328338,0.0,0.0,"[30.0, 20.0, 20.0, 30.0, 30.0, 30.0, 30.0, 30.0]",0.0860862441285583,0.0977377238967361,0.001627655719426,0.0002520900209303,5.041800418606221e-05,0.1008360083721244,0.1506218886262504,-0.165616553071721,0,3.3306690738754696e-16,0.0074343641708207,0.0082937475945575,,,confirmation,volatile,high_volatility,2026-03-09,FAIL,1.3273772389673608,0.8999693024913522,0.896381772662013,0.4309954663053478
hybrid_qaoa_assisted_v3,c26_volatile_20260309_high_volatility,random_stratified,candidate_budget,OK,,256,256,0,256,101,0.0037647089993697,0.3370595000014873,256,256,0.9000368879956128,0.8997882158052964,,,,,,,,True,1111111111110101,105,0.0358964422766425,1.0212311557788945,0.99609375,6.758550426055887e-05,7.509756618749594e-05,2,0.00390625,0.00390625,0.00390625,0.1,0.02,True,1,1111111111110101,0.9000368879956124,0.0002486721903159,0.0005815682275401,"[30.0, 30.0, 30.0, 30.0, 30.0, 30.0, 20.0, 25.0]",0.0856643180880913,0.0977377238967361,0.0014331881027762,0.000252852338297,5.057046765941725e-05,0.1011409353188345,0.1509262450345047,-0.1648299186921464,0,0.0002486721903163,0.0034064431432834,0.0038002146486838,,,confirmation,volatile,high_volatility,2026-03-09,FAIL,1.3273772389673608,0.8999693024913522,0.896381772662013,0.4309954663053478
hybrid_qaoa_assisted_v3,c26_volatile_20260309_high_volatility,boltzmann,candidate_budget,OK,,256,256,0,256,72,0.071724000001268,0.2419758329997421,256,256,0.8999693024913522,0.8997882158052964,,,,,,,,True,1111110111111101,22,0.0,0.5482060301507538,0.87890625,0.0,0.0,1,0.0625,0.13671875,0.2578125,1.0,0.96,True,2,1111111111110101,0.9000368879956124,0.0002486721903159,0.0005815682275401,"[30.0, 30.0, 30.0, 30.0, 30.0, 30.0, 20.0, 25.0]",0.0856643180880913,0.0977377238967361,0.0014331881027762,0.000252852338297,5.057046765941725e-05,0.1011409353188345,0.1509262450345047,-0.1648299186921464,0,0.0001810866860557,0.0034064431432834,0.0038002146486838,77.96030561280168,MATCHED,confirmation,volatile,high_volatility,2026-03-09,FAIL,1.3273772389673608,0.8999693024913522,0.896381772662013,0.4309954663053478
hybrid_qaoa_assisted_v3,c26_volatile_20260309_high_volatility,classical_true_compute,compute_budget,OK,,20000,20000,0,20000,72,0.1671739169978536,0.2627788749960018,20000,20000,0.8999693024913522,0.8997882158052964,,,,,,,,True,1111110111111101,226,0.0,0.9744371859296482,0.9913,0.0,0.0,1,0.0008,0.00185,0.00375,1.0,1.0,True,2,1111111111110101,0.9000368879956124,0.0002486721903159,0.0005815682275401,"[30.0, 30.0, 30.0, 30.0, 30.0, 30.0, 20.0, 25.0]",0.0856643180880913,0.0977377238967361,0.0014331881027762,0.000252852338297,5.057046765941725e-05,0.1011409353188345,0.1509262450345047,-0.1648299186921464,0,0.0001810866860557,0.0034064431432834,0.0038002146486838,,,confirmation,volatile,high_volatility,2026-03-09,FAIL,1.3273772389673608,0.8999693024913522,0.896381772662013,0.4309954663053478
hybrid_qaoa_assisted_v3,c26_volatile_20260309_high_volatility,random_uniform_compute,compute_budget,OK,,20000,20000,0,20000,78,0.0827370410042931,0.3150626249989727,20000,20000,0.9000368879956128,0.896381772662013,,,,,,,,True,1111111111110101,8831,0.0130206389015946,1.003894472361809,0.996,6.758550426055887e-05,7.509756618749594e-05,2,0.0002,0.00065,0.00105,0.3,0.28,True,3,1111111111110111,0.9025001678855348,0.0061183952235217,0.0141959619110866,"[30.0, 30.0, 30.0, 30.0, 25.0, 30.0, 20.0, 30.0]",0.0856878588262035,0.0977377238967361,0.0013626907200409,0.000250541073194,5.010821463880409e-05,0.1002164292776081,0.1500034702348296,-0.1650463592007387,0,0.0036551153335997,0.0,0.0,,,confirmation,volatile,high_volatility,2026-03-09,FAIL,1.3273772389673608,0.8999693024913522,0.896381772662013,0.4309954663053478
hybrid_qaoa_assisted_v3,c26_volatile_20260309_high_volatility,classical_true_compute_transfer,compute_budget,OK,,18662,18662,0,18662,72,0.146238583001832,0.2424904159997822,18662,18662,0.8999693024913522,0.8997882158052964,,,,,,,,True,1111110111111101,157,0.0,0.9626532663316584,0.9908369949630264,0.0,0.0,1,0.0008573571964419,0.001982638516772,0.0040188618583217,1.0,1.0,True,2,1111111111110101,0.9000368879956124,0.0002486721903159,0.0005815682275401,"[30.0, 30.0, 30.0, 30.0, 30.0, 30.0, 20.0, 25.0]",0.0856643180880913,0.0977377238967361,0.0014331881027762,0.000252852338297,5.057046765941725e-05,0.1011409353188345,0.1509262450345047,-0.1648299186921464,0,0.0001810866860557,0.0034064431432834,0.0038002146486838,,,confirmation,volatile,high_volatility,2026-03-09,FAIL,1.3273772389673608,0.8999693024913522,0.896381772662013,0.4309954663053478
hybrid_qaoa_assisted_v3,c26_volatile_20260309_high_volatility,random_uniform_compute_transfer,compute_budget,OK,,18662,18662,0,18662,80,0.074658833000285,0.2605702919972827,18662,18662,0.8999693024913522,0.8999693024913521,,,,,,,,True,1111110111111101,14536,0.0194536987896291,1.0099447236180903,0.9961954774407888,0.0,0.0,1,0.0004286785982209,0.0007501875468867,0.0013396206194405,0.3,0.36,True,1,1111110111111101,0.8999693024913521,0.0,0.0,"[30.0, 30.0, 30.0, 20.0, 30.0, 30.0, 30.0, 20.0]",0.0859321840709647,0.0977377238967361,0.0015362907265882,0.0002508784855216,5.017569710432542e-05,0.1003513942086508,0.1501381821628892,-0.1652327114573988,0,1.1102230246251563e-16,0.003587529829339,0.0040022342474513,,,confirmation,volatile,high_volatility,2026-03-09,FAIL,1.3273772389673608,0.8999693024913522,0.896381772662013,0.4309954663053478
hybrid_qaoa_assisted_v3,c26_volatile_20260309_high_volatility,heuristic_baselines,ablation,OK,,3,3,0,3,67,2.28749995585531e-05,0.2048964169953251,3,3,0.9223010110018394,0.9003571807947448,,,,,,,,True,1111111111111111,3,0.0,1.0666666666666669,0.6666666666666666,0.0223317085104871,0.0248138558156007,107,0.0,0.0,0.0,0.0,0.0,True,1,1111111111111111,0.9223010110018396,0.0219438302070946,0.0513882891145694,"[25.0, 30.0, 30.0, 30.0, 25.0, 30.0, 25.0, 30.0]",0.0858644667434897,0.0977377238967361,0.0013647129486125,0.0002521381910362,5.042763820724332e-05,0.1008552764144866,0.1506411206030949,-0.1653385183541601,0,0.0219438302070945,0.0039754081327317,0.0044349497657966,,,confirmation,volatile,high_volatility,2026-03-09,FAIL,1.3273772389673608,0.8999693024913522,0.896381772662013,0.4309954663053478
hybrid_qaoa_assisted_v3,c27_normal_20240222_do_not_sell,qaoa,candidate_budget,OK,,256,256,0,256,81,183.0292907510011,0.2621941250035888,256,256,1.1760250870080993,1.1760250870080995,10.0,10.0,183.02302770900133,200.0,391.0,0.0919921875,0.31337890625,True,1111111111111111,1,0.0,0.4697336683417086,0.78125,0.0,0.0,1,0.0234375,0.14453125,0.98828125,1.0,1.0,True,1,1111111111111111,1.1760250870080995,0.0,0.0,"[30.0, 30.0, 30.0, 30.0, 30.0, 30.0, 30.0, 30.0]",0.1148612876116635,0.1300411434196142,0.0,0.0002108631607035,4.217263214071362e-05,0.0843452642814272,0.1341626910898153,-0.1894850628442439,0,-4.440892098500626e-16,0.0,0.0,,,confirmation,normal,do_not_sell,2024-02-22,PASS,1.3004114341961426,1.1760250870080993,1.1760250870080997,0.12438634718804287
hybrid_qaoa_assisted_v3,c27_normal_20240222_do_not_sell,qaoa_transfer,candidate_budget,OK,,256,256,0,256,81,58.80278862500563,0.259115707995079,256,256,1.1760250870080993,1.1760250870080995,10.0,10.0,58.79924883400235,10.0,100.0,0.17900390625,0.49853515625,True,1111111111111111,1,0.0,0.470929648241206,0.78125,0.0,0.0,1,0.0234375,0.140625,0.84375,1.0,0.98,True,1,1111111111111111,1.1760250870080995,0.0,0.0,"[30.0, 30.0, 30.0, 30.0, 30.0, 30.0, 30.0, 30.0]",0.1148612876116635,0.1300411434196142,0.0,0.0002108631607035,4.217263214071362e-05,0.0843452642814272,0.1341626910898153,-0.1894850628442439,0,-4.440892098500626e-16,0.0,0.0,,,confirmation,normal,do_not_sell,2024-02-22,PASS,1.3004114341961426,1.1760250870080993,1.1760250870080997,0.12438634718804287
hybrid_qaoa_assisted_v3,c27_normal_20240222_do_not_sell,classical_true,candidate_budget,OK,,256,256,0,256,81,0.0012629169941646,0.2620185830019181,256,256,1.1760250870080993,1.1760250870080995,,,,,,,,True,1111111111111111,155,0.0,0.7830804020100504,0.0,0.0,0.0,1,0.0234375,0.0859375,0.31640625,1.0,0.54,True,1,1111111111111111,1.1760250870080995,0.0,0.0,"[30.0, 30.0, 30.0, 30.0, 30.0, 30.0, 30.0, 30.0]",0.1148612876116635,0.1300411434196142,0.0,0.0002108631607035,4.217263214071362e-05,0.0843452642814272,0.1341626910898153,-0.1894850628442439,0,-4.440892098500626e-16,0.0,0.0,,,confirmation,normal,do_not_sell,2024-02-22,PASS,1.3004114341961426,1.1760250870080993,1.1760250870080997,0.12438634718804287
hybrid_qaoa_assisted_v3,c27_normal_20240222_do_not_sell,classical_surrogate,candidate_budget,OK,,256,256,0,256,81,0.0028744169976562,0.2539507499968749,256,256,1.1760250870080993,1.1760250870080995,,,,,,,,True,1111111111111111,10,0.0,0.8176984924623115,0.91796875,0.0,0.0,1,0.0234375,0.08984375,0.30078125,0.8,0.5,True,1,1111111111111111,1.1760250870080995,0.0,0.0,"[30.0, 30.0, 30.0, 30.0, 30.0, 30.0, 30.0, 30.0]",0.1148612876116635,0.1300411434196142,0.0,0.0002108631607035,4.217263214071362e-05,0.0843452642814272,0.1341626910898153,-0.1894850628442439,0,-4.440892098500626e-16,0.0,0.0,,,confirmation,normal,do_not_sell,2024-02-22,PASS,1.3004114341961426,1.1760250870080993,1.1760250870080997,0.12438634718804287
hybrid_qaoa_assisted_v3,c27_normal_20240222_do_not_sell,random_uniform,candidate_budget,OK,,256,256,0,256,102,0.0012008330013486,0.3157788750031614,256,256,1.188058699412632,1.182041893210366,,,,,,,,True,1101011111111111,165,0.0120057497767915,1.0014824120603014,0.99609375,0.0120336124045326,0.01023244532576,44,0.0,0.0,0.01171875,0.0,0.02,True,1,1101011111111111,1.188058699412632,0.0060168062022658,0.0508306964119159,"[30.0, 25.0, 25.0, 30.0, 30.0, 30.0, 30.0, 30.0]",0.1155995411941148,0.1300411434196142,0.0,0.0002003575482247,4.00715096449507e-05,0.0801430192899014,0.1299687019521457,-0.1901435144469904,0,0.0060168062022658,0.0060168062022663,0.00511622266288,,,confirmation,normal,do_not_sell,2024-02-22,PASS,1.3004114341961426,1.1760250870080993,1.1760250870080997,0.12438634718804287
hybrid_qaoa_assisted_v3,c27_normal_20240222_do_not_sell,random_stratified,candidate_budget,OK,,256,256,0,256,100,0.0037122499998076,0.3135636660008458,256,256,1.1838157190118224,1.1799204030099617,,,,,,,,True,1111111111110101,105,0.007829568432965,1.0212311557788945,0.9921875,0.007790632003723,0.0066245457599404,11,0.0,0.00390625,0.015625,0.0,0.02,True,1,1111111111110101,1.1838157190118224,0.0038953160018608,0.0323286800977069,"[30.0, 30.0, 30.0, 30.0, 30.0, 30.0, 25.0, 25.0]",0.1153491947604284,0.1300411434196142,0.0,0.0002032958108129,4.065916216258052e-05,0.081318324325161,0.131141689070359,-0.1905277898434889,0,0.0038953160018608,0.0038953160018617,0.0033122728799704,,,confirmation,normal,do_not_sell,2024-02-22,PASS,1.3004114341961426,1.1760250870080993,1.1760250870080997,0.12438634718804287
hybrid_qaoa_assisted_v3,c27_normal_20240222_do_not_sell,boltzmann,candidate_budget,OK,,256,256,0,256,81,0.072589750001498,0.2557529999976395,256,256,1.1760250870080993,1.1760250870080995,,,,,,,,True,1111111111111111,2,0.0,0.5610050251256281,0.8125,0.0,0.0,1,0.0234375,0.14453125,0.74609375,1.0,0.92,True,1,1111111111111111,1.1760250870080995,0.0,0.0,"[30.0, 30.0, 30.0, 30.0, 30.0, 30.0, 30.0, 30.0]",0.1148612876116635,0.1300411434196142,0.0,0.0002108631607035,4.217263214071362e-05,0.0843452642814272,0.1341626910898153,-0.1894850628442439,0,-4.440892098500626e-16,0.0,0.0,277.3609230924055,MATCHED,confirmation,normal,do_not_sell,2024-02-22,PASS,1.3004114341961426,1.1760250870080993,1.1760250870080997,0.12438634718804287
hybrid_qaoa_assisted_v3,c27_normal_20240222_do_not_sell,classical_true_compute,compute_budget,OK,,20000,20000,0,20000,81,0.2151588749984512,0.265011166993645,20000,20000,1.1760250870080993,1.1760250870080995,,,,,,,,True,1111111111111111,103,0.0,0.9971608040201004,0.99145,0.0,0.0,1,0.0003,0.00185,0.03085,1.0,1.0,True,1,1111111111111111,1.1760250870080995,0.0,0.0,"[30.0, 30.0, 30.0, 30.0, 30.0, 30.0, 30.0, 30.0]",0.1148612876116635,0.1300411434196142,0.0,0.0002108631607035,4.217263214071362e-05,0.0843452642814272,0.1341626910898153,-0.1894850628442439,0,-4.440892098500626e-16,0.0,0.0,,,confirmation,normal,do_not_sell,2024-02-22,PASS,1.3004114341961426,1.1760250870080993,1.1760250870080997,0.12438634718804287
hybrid_qaoa_assisted_v3,c27_normal_20240222_do_not_sell,random_uniform_compute,compute_budget,OK,,20000,20000,0,20000,91,0.0767019170016283,0.2954495419980958,20000,20000,1.1797976792292812,1.177911383118691,,,,,,,,True,1111111111111101,17336,0.0038356445784546,1.003894472361809,0.9961,0.0037725922211819,0.0032079181497562,2,0.0002,0.0005,0.0095,0.4,0.32,True,1,1111111111111101,1.1797976792292808,0.0018862961105898,0.0153983291761833,"[30.0, 30.0, 30.0, 30.0, 30.0, 30.0, 30.0, 25.0]",0.1151032185153023,0.1300411434196142,0.0,0.0002067630612743,4.135261225487253e-05,0.082705224509745,0.1325258629015822,-0.1899320054954256,0,0.0018862961105903,0.0018862961105912,0.0016039590748783,,,confirmation,normal,do_not_sell,2024-02-22,PASS,1.3004114341961426,1.1760250870080993,1.1760250870080997,0.12438634718804287
hybrid_qaoa_assisted_v3,c27_normal_20240222_do_not_sell,classical_true_compute_transfer,compute_budget,OK,,18719,18719,0,18719,81,0.1688364580040797,0.2620860420065583,18719,18719,1.1760250870080993,1.1760250870080995,,,,,,,,True,1111111111111111,89,0.0,0.9940100502512562,0.9911320049147924,0.0,0.0,1,0.0003205299428388,0.0019766013141727,0.0329611624552593,1.0,1.0,True,1,1111111111111111,1.1760250870080995,0.0,0.0,"[30.0, 30.0, 30.0, 30.0, 30.0, 30.0, 30.0, 30.0]",0.1148612876116635,0.1300411434196142,0.0,0.0002108631607035,4.217263214071362e-05,0.0843452642814272,0.1341626910898153,-0.1894850628442439,0,-4.440892098500626e-16,0.0,0.0,,,confirmation,normal,do_not_sell,2024-02-22,PASS,1.3004114341961426,1.1760250870080993,1.1760250870080997,0.12438634718804287
hybrid_qaoa_assisted_v3,c27_normal_20240222_do_not_sell,random_uniform_compute_transfer,compute_budget,OK,,18719,18719,0,18719,92,0.0788216669971006,0.2981234170001698,18719,18719,1.18019374099585,1.178109414001975,,,,,,,,True,1111111111011111,9746,0.0041381060533784,1.0042964824120604,0.996153640685934,0.0041686539877507,0.0035446981818697,4,5.3421657139804475e-05,0.000801324857097,0.0104172231422618,0.2,0.38,True,1,1111111111011111,1.18019374099585,0.002084326993875,0.0170424576026297,"[30.0, 30.0, 30.0, 30.0, 30.0, 25.0, 30.0, 30.0]",0.1151226011978812,0.1300411434196142,0.0,0.0002067954001781,4.1359080035634534e-05,0.082718160071269,0.132538773079709,-0.189599269927019,0,0.002084326993875,0.0020843269938752,0.0017723490909347,,,confirmation,normal,do_not_sell,2024-02-22,PASS,1.3004114341961426,1.1760250870080993,1.1760250870080997,0.12438634718804287
hybrid_qaoa_assisted_v3,c27_normal_20240222_do_not_sell,heuristic_baselines,ablation,OK,,3,3,0,3,59,1.85410026460886e-05,0.1843204999968293,3,3,1.1760250870080993,1.1760250870080995,,,,,,,,True,1111111111111111,3,0.0,1.0666666666666669,0.6666666666666666,0.0,0.0,1,0.3333333333333333,0.3333333333333333,0.3333333333333333,0.1,0.02,True,1,1111111111111111,1.1760250870080995,0.0,0.0,"[30.0, 30.0, 30.0, 30.0, 30.0, 30.0, 30.0, 30.0]",0.1148612876116635,0.1300411434196142,0.0,0.0002108631607035,4.217263214071362e-05,0.0843452642814272,0.1341626910898153,-0.1894850628442439,0,-4.440892098500626e-16,0.0,0.0,,,confirmation,normal,do_not_sell,2024-02-22,PASS,1.3004114341961426,1.1760250870080993,1.1760250870080997,0.12438634718804287
hybrid_qaoa_assisted_v3,c28_volatile_20260507_do_not_sell,qaoa,candidate_budget,OK,,256,256,0,256,81,173.1250493740008,0.2745077919971663,256,256,0.9629929360539524,0.9629929360539524,10.0,10.0,173.1209614160034,200.0,372.0,0.096875,0.30556640625,True,1111111111111111,1,0.0,0.4678693467336683,0.78125,0.0,0.0,1,0.03515625,0.29296875,1.0,1.0,1.0,True,1,1111111111111111,0.9629929360539524,0.0,0.0,"[30.0, 30.0, 30.0, 30.0, 30.0, 30.0, 30.0, 30.0]",0.0932178356288136,0.1048640575507481,0.0003196194604194,0.0002247421727978,4.49484345595677e-05,0.0898968691191354,0.1397035242199182,-0.1775424855645612,0,0.0,0.0,0.0,,,confirmation,volatile,do_not_sell,2026-05-07,FAIL,1.0486405755074815,0.9629929360539524,0.9629929360539524,0.08564763945352905
hybrid_qaoa_assisted_v3,c28_volatile_20260507_do_not_sell,qaoa_transfer,candidate_budget,OK,,256,256,0,256,81,59.28790279200621,0.2646297090032021,256,256,0.9629929360539524,0.9629929360539524,10.0,10.0,59.28527266700257,10.0,100.0,0.18134765625,0.500390625,True,1111111111111111,1,0.0,0.4700301507537687,0.80078125,0.0,0.0,1,0.03515625,0.2890625,1.0,1.0,0.98,True,1,1111111111111111,0.9629929360539524,0.0,0.0,"[30.0, 30.0, 30.0, 30.0, 30.0, 30.0, 30.0, 30.0]",0.0932178356288136,0.1048640575507481,0.0003196194604194,0.0002247421727978,4.49484345595677e-05,0.0898968691191354,0.1397035242199182,-0.1775424855645612,0,0.0,0.0,0.0,,,confirmation,volatile,do_not_sell,2026-05-07,FAIL,1.0486405755074815,0.9629929360539524,0.9629929360539524,0.08564763945352905
hybrid_qaoa_assisted_v3,c28_volatile_20260507_do_not_sell,classical_true,candidate_budget,OK,,256,256,0,256,81,0.0012769579989253,0.2602269999988493,256,256,0.9629929360539524,0.9629929360539524,,,,,,,,True,1111111111111111,160,0.0,0.793788944723618,0.0,0.0,0.0,1,0.03515625,0.14453125,0.39453125,1.0,0.58,True,1,1111111111111111,0.9629929360539524,0.0,0.0,"[30.0, 30.0, 30.0, 30.0, 30.0, 30.0, 30.0, 30.0]",0.0932178356288136,0.1048640575507481,0.0003196194604194,0.0002247421727978,4.49484345595677e-05,0.0898968691191354,0.1397035242199182,-0.1775424855645612,0,0.0,0.0,0.0,,,confirmation,volatile,do_not_sell,2026-05-07,FAIL,1.0486405755074815,0.9629929360539524,0.9629929360539524,0.08564763945352905
hybrid_qaoa_assisted_v3,c28_volatile_20260507_do_not_sell,classical_surrogate,candidate_budget,OK,,256,256,0,256,81,0.0027608750024228,0.2663689580003847,256,256,0.9629929360539524,0.9629929360539524,,,,,,,,True,1111111111111111,10,0.0,0.8026231155778896,0.9296875,0.0,0.0,1,0.03125,0.1328125,0.40625,0.8,0.52,True,1,1111111111111111,0.9629929360539524,0.0,0.0,"[30.0, 30.0, 30.0, 30.0, 30.0, 30.0, 30.0, 30.0]",0.0932178356288136,0.1048640575507481,0.0003196194604194,0.0002247421727978,4.49484345595677e-05,0.0898968691191354,0.1397035242199182,-0.1775424855645612,0,0.0,0.0,0.0,,,confirmation,volatile,do_not_sell,2026-05-07,FAIL,1.0486405755074815,0.9629929360539524,0.9629929360539524,0.08564763945352905
hybrid_qaoa_assisted_v3,c28_volatile_20260507_do_not_sell,random_uniform,candidate_budget,OK,,256,256,0,256,102,0.0011884589985129,0.3311363330067252,256,256,0.971487124364145,0.9672400302090488,,,,,,,,True,1101011111111111,165,0.0084831933996234,1.0014824120603014,0.99609375,0.0084941883101925,0.0088206133110374,51,0.0,0.00390625,0.03125,0.0,0.0,True,1,1101011111111111,0.9714871243641447,0.004247094155096,0.0521752543490372,"[30.0, 25.0, 25.0, 30.0, 30.0, 30.0, 30.0, 30.0]",0.0937398692118783,0.1048640575507481,0.0003337969758852,0.0002167104093141,4.334208186282883e-05,0.0866841637256576,0.1364970336443747,-0.1783604978061044,0,0.0042470941550962,0.0042470941550962,0.0044103066555187,,,confirmation,volatile,do_not_sell,2026-05-07,FAIL,1.0486405755074815,0.9629929360539524,0.9629929360539524,0.08564763945352905
hybrid_qaoa_assisted_v3,c28_volatile_20260507_do_not_sell,random_stratified,candidate_budget,OK,,256,256,0,256,100,0.003703125003085,0.3178353749972302,256,256,0.9685592835149156,0.965757010717326,,,,,,,,True,1111111111110101,105,0.0055519101085428,1.0212311557788945,1.0,0.005566347460963,0.0057802578321833,14,0.0,0.00390625,0.02734375,0.0,0.02,True,1,1111111111110101,0.9685592835149154,0.0028022727975893,0.0338097523276679,"[30.0, 30.0, 30.0, 30.0, 30.0, 30.0, 25.0, 25.0]",0.0936079779223304,0.1048640575507481,0.0003053136772929,0.0002165435623658,4.3308712473165093e-05,0.0866174249463301,0.1364304245141037,-0.1784067018084674,0,0.0028022727975894,0.0027640746633735,0.0028702958868004,,,confirmation,volatile,do_not_sell,2026-05-07,FAIL,1.0486405755074815,0.9629929360539524,0.9629929360539524,0.08564763945352905
hybrid_qaoa_assisted_v3,c28_volatile_20260507_do_not_sell,boltzmann,candidate_budget,OK,,256,256,0,256,81,0.0709599160036305,0.2632334590016398,256,256,0.9629929360539524,0.9629929360539524,,,,,,,,True,1111111111111111,3,0.0,0.5633718592964824,0.828125,0.0,0.0,1,0.03515625,0.265625,0.859375,1.0,0.94,True,1,1111111111111111,0.9629929360539524,0.0,0.0,"[30.0, 30.0, 30.0, 30.0, 30.0, 30.0, 30.0, 30.0]",0.0932178356288136,0.1048640575507481,0.0003196194604194,0.0002247421727978,4.49484345595677e-05,0.0898968691191354,0.1397035242199182,-0.1775424855645612,0,0.0,0.0,0.0,380.83102143721067,MATCHED,confirmation,volatile,do_not_sell,2026-05-07,FAIL,1.0486405755074815,0.9629929360539524,0.9629929360539524,0.08564763945352905
hybrid_qaoa_assisted_v3,c28_volatile_20260507_do_not_sell,classical_true_compute,compute_budget,OK,,20000,20000,0,20000,81,0.2034578750026412,0.2720477919938275,20000,20000,0.9629929360539524,0.9629929360539524,,,,,,,,True,1111111111111111,103,0.0,0.9932613065326634,0.99145,0.0,0.0,1,0.00045,0.00375,0.06495,1.0,1.0,True,1,1111111111111111,0.9629929360539524,0.0,0.0,"[30.0, 30.0, 30.0, 30.0, 30.0, 30.0, 30.0, 30.0]",0.0932178356288136,0.1048640575507481,0.0003196194604194,0.0002247421727978,4.49484345595677e-05,0.0898968691191354,0.1397035242199182,-0.1775424855645612,0,0.0,0.0,0.0,,,confirmation,volatile,do_not_sell,2026-05-07,FAIL,1.0486405755074815,0.9629929360539524,0.9629929360539524,0.08564763945352905
hybrid_qaoa_assisted_v3,c28_volatile_20260507_do_not_sell,random_uniform_compute,compute_budget,OK,,20000,20000,0,20000,90,0.0798491250025108,0.3020841250036028,20000,20000,0.965473471553741,0.9642332038038466,,,,,,,,True,1111111111011111,16532,0.0023906907761691,1.003894472361809,0.99635,0.0024805354997885,0.0025758605353358,2,0.0002,0.00125,0.02035,0.5,0.32,True,1,1111111111011111,0.9654734715537412,0.0012402677498946,0.0146938321246318,"[30.0, 30.0, 30.0, 30.0, 30.0, 25.0, 30.0, 30.0]",0.0934376985344045,0.1048640575507481,0.0002915926024588,0.0002184481188269,4.368962376539495e-05,0.0873792475307898,0.1371907684772572,-0.1781837487551373,0,0.0012402677498943,0.0012402677498941,0.0012879302676677,,,confirmation,volatile,do_not_sell,2026-05-07,FAIL,1.0486405755074815,0.9629929360539524,0.9629929360539524,0.08564763945352905
hybrid_qaoa_assisted_v3,c28_volatile_20260507_do_not_sell,classical_true_compute_transfer,compute_budget,OK,,19530,19530,0,19530,81,0.1957001659975503,0.2724388749993522,19530,19530,0.9629929360539524,0.9629929360539524,,,,,,,,True,1111111111111111,89,0.0,0.990206030150754,0.9916026625704044,0.0,0.0,1,0.0004608294930875,0.0038402457757296,0.0663082437275985,1.0,1.0,True,1,1111111111111111,0.9629929360539524,0.0,0.0,"[30.0, 30.0, 30.0, 30.0, 30.0, 30.0, 30.0, 30.0]",0.0932178356288136,0.1048640575507481,0.0003196194604194,0.0002247421727978,4.49484345595677e-05,0.0898968691191354,0.1397035242199182,-0.1775424855645612,0,0.0,0.0,0.0,,,confirmation,volatile,do_not_sell,2026-05-07,FAIL,1.0486405755074815,0.9629929360539524,0.9629929360539524,0.08564763945352905
hybrid_qaoa_assisted_v3,c28_volatile_20260507_do_not_sell,random_uniform_compute_transfer,compute_budget,OK,,19530,19530,0,19530,91,0.0770466250032768,0.298904165996646,19530,19530,0.965473471553741,0.9642332038038466,,,,,,,,True,1111111111011111,10557,0.0023906907761691,1.0054974874371858,0.9963133640552996,0.0024805354997885,0.0025758605353358,2,0.0001536098310291,0.0014848950332821,0.020174091141833,0.4,0.44,True,1,1111111111011111,0.9654734715537412,0.0012402677498946,0.0146938321246318,"[30.0, 30.0, 30.0, 30.0, 30.0, 25.0, 30.0, 30.0]",0.0934376985344045,0.1048640575507481,0.0002915926024588,0.0002184481188269,4.368962376539495e-05,0.0873792475307898,0.1371907684772572,-0.1781837487551373,0,0.0012402677498943,0.0012402677498941,0.0012879302676677,,,confirmation,volatile,do_not_sell,2026-05-07,FAIL,1.0486405755074815,0.9629929360539524,0.9629929360539524,0.08564763945352905
hybrid_qaoa_assisted_v3,c28_volatile_20260507_do_not_sell,heuristic_baselines,ablation,OK,,3,3,0,3,59,1.912500010803342e-05,0.1889243750047171,3,3,0.9629929360539524,0.9629929360539524,,,,,,,,True,1111111111111111,3,0.0,1.0666666666666669,0.6666666666666666,0.0,0.0,1,0.3333333333333333,0.3333333333333333,0.3333333333333333,0.1,0.02,True,1,1111111111111111,0.9629929360539524,0.0,0.0,"[30.0, 30.0, 30.0, 30.0, 30.0, 30.0, 30.0, 30.0]",0.0932178356288136,0.1048640575507481,0.0003196194604194,0.0002247421727978,4.49484345595677e-05,0.0898968691191354,0.1397035242199182,-0.1775424855645612,0,0.0,0.0,0.0,,,confirmation,volatile,do_not_sell,2026-05-07,FAIL,1.0486405755074815,0.9629929360539524,0.9629929360539524,0.08564763945352905
hybrid_qaoa_assisted_v3,c29_normal_20240321_diversified,qaoa,candidate_budget,OK,,256,256,0,256,81,207.5607461250038,0.2541096670029219,256,256,1.153748793154877,1.1537487931548769,10.0,10.0,207.55810754100096,200.0,460.0,0.17099609375,0.50390625,True,1111111111111111,1,0.0,0.4527085427135678,0.78515625,0.0,0.0,1,0.00390625,0.00390625,0.03515625,1.0,1.0,True,1,1111111111111111,1.1537487931548769,0.0,0.0,"[30.0, 30.0, 30.0, 30.0, 30.0, 30.0, 30.0, 30.0]",0.1052681551775566,0.1193327242699829,0.0,0.0001965517241379,3.9310344827586205e-05,0.0786206896551724,0.1284493848790969,-0.1599372977866789,0,2.220446049250313e-16,0.0,0.0,,,confirmation,normal,diversified,2024-03-21,PASS,1.5433272426998297,1.153748793154877,1.1537487931548769,0.3895784495449528
hybrid_qaoa_assisted_v3,c29_normal_20240321_diversified,qaoa_transfer,candidate_budget,SHORTFALL,,256,242,14,242,81,58.06113850100519,0.2597179579970543,242,242,1.153748793154877,1.1537487931548769,10.0,10.0,58.05932220900286,10.0,100.0,0.27197265625,0.6746093749999998,True,1111111111111111,1,0.0,0.446,0.8305785123966942,0.0,0.0,1,0.0041322314049586,0.0041322314049586,0.0371900826446281,1.0,0.92,True,1,1111111111111111,1.1537487931548769,0.0,0.0,"[30.0, 30.0, 30.0, 30.0, 30.0, 30.0, 30.0, 30.0]",0.1052681551775566,0.1193327242699829,0.0,0.0001965517241379,3.9310344827586205e-05,0.0786206896551724,0.1284493848790969,-0.1599372977866789,0,2.220446049250313e-16,0.0,0.0,,,confirmation,normal,diversified,2024-03-21,PASS,1.5433272426998297,1.153748793154877,1.1537487931548769,0.3895784495449528
hybrid_qaoa_assisted_v3,c29_normal_20240321_diversified,classical_true,candidate_budget,OK,,256,256,0,256,81,0.0012492919995565,0.2523690839952905,256,256,1.153748793154877,1.1537487931548769,,,,,,,,True,1111111111111111,155,0.0,0.772894472361809,0.0,0.0,0.0,1,0.00390625,0.00390625,0.03515625,1.0,0.52,True,1,1111111111111111,1.1537487931548769,0.0,0.0,"[30.0, 30.0, 30.0, 30.0, 30.0, 30.0, 30.0, 30.0]",0.1052681551775566,0.1193327242699829,0.0,0.0001965517241379,3.9310344827586205e-05,0.0786206896551724,0.1284493848790969,-0.1599372977866789,0,2.220446049250313e-16,0.0,0.0,,,confirmation,normal,diversified,2024-03-21,PASS,1.5433272426998297,1.153748793154877,1.1537487931548769,0.3895784495449528
hybrid_qaoa_assisted_v3,c29_normal_20240321_diversified,classical_surrogate,candidate_budget,OK,,256,256,0,256,81,0.0027991250026389,0.2559971250011585,256,256,1.153748793154877,1.1537487931548769,,,,,,,,True,1111111111111111,10,0.0,0.8165075376884422,0.91796875,0.0,0.0,1,0.00390625,0.00390625,0.03125,0.8,0.46,True,1,1111111111111111,1.1537487931548769,0.0,0.0,"[30.0, 30.0, 30.0, 30.0, 30.0, 30.0, 30.0, 30.0]",0.1052681551775566,0.1193327242699829,0.0,0.0001965517241379,3.9310344827586205e-05,0.0786206896551724,0.1284493848790969,-0.1599372977866789,0,2.220446049250313e-16,0.0,0.0,,,confirmation,normal,diversified,2024-03-21,PASS,1.5433272426998297,1.153748793154877,1.1537487931548769,0.3895784495449528
hybrid_qaoa_assisted_v3,c29_normal_20240321_diversified,random_uniform,candidate_budget,OK,,256,256,0,256,102,0.0012079169973731,0.3199289160038461,256,256,1.1873545436299746,1.1705516683924255,,,,,,,,True,1101011111111111,165,0.0336148484568952,1.0014824120603014,0.99609375,0.0336057504750975,0.0291274414972118,40,0.0,0.0,0.0,0.0,0.02,True,1,1101011111111111,1.1873545436299742,0.0168028752375486,0.0450750435265707,"[30.0, 25.0, 25.0, 30.0, 30.0, 30.0, 30.0, 30.0]",0.1059112228737253,0.1193327242699829,0.0,0.0001883620689655,3.767241379310345e-05,0.0753448275862068,0.1251800446894523,-0.1608030338102355,0,0.016802875237549,0.0168028752375486,0.0145637207486058,,,confirmation,normal,diversified,2024-03-21,PASS,1.5433272426998297,1.153748793154877,1.1537487931548769,0.3895784495449528
hybrid_qaoa_assisted_v3,c29_normal_20240321_diversified,random_stratified,candidate_budget,OK,,256,256,0,256,100,0.0038129169988678,0.3100621670018881,256,256,1.1846611398562266,1.1692049665055515,,,,,,,,True,1111111111110101,105,0.0309356887835263,1.0212311557788945,0.9921875,0.0309123467013494,0.0267929612449005,11,0.0,0.0,0.0,0.0,0.02,True,1,1111111111110101,1.1846611398562266,0.0154561733506748,0.0413131597185317,"[30.0, 30.0, 30.0, 30.0, 30.0, 30.0, 25.0, 25.0]",0.1057765526850379,0.1193327242699829,0.0,0.0001883620689655,3.767241379310345e-05,0.0753448275862068,0.1251800446894523,-0.1606418431500252,0,0.0154561733506748,0.0154561733506748,0.0133964806224503,,,confirmation,normal,diversified,2024-03-21,PASS,1.5433272426998297,1.153748793154877,1.1537487931548769,0.3895784495449528
hybrid_qaoa_assisted_v3,c29_normal_20240321_diversified,boltzmann,candidate_budget,OK,,256,256,0,256,81,0.0712543749978067,0.2549021250015357,256,256,1.153748793154877,1.1537487931548769,,,,,,,,True,1111111111111111,1,0.0,0.5285226130653267,0.7890625,0.0,0.0,1,0.00390625,0.00390625,0.03515625,1.0,1.0,True,1,1111111111111111,1.1537487931548769,0.0,0.0,"[30.0, 30.0, 30.0, 30.0, 30.0, 30.0, 30.0, 30.0]",0.1052681551775566,0.1193327242699829,0.0,0.0001965517241379,3.9310344827586205e-05,0.0786206896551724,0.1284493848790969,-0.1599372977866789,0,2.220446049250313e-16,0.0,0.0,105.53030944455809,MATCHED,confirmation,normal,diversified,2024-03-21,PASS,1.5433272426998297,1.153748793154877,1.1537487931548769,0.3895784495449528
hybrid_qaoa_assisted_v3,c29_normal_20240321_diversified,classical_true_compute,compute_budget,OK,,20000,20000,0,20000,81,0.1832120420003775,0.261604666004132,20000,20000,1.153748793154877,1.1537487931548769,,,,,,,,True,1111111111111111,103,0.0,0.9890954773869348,0.9912,0.0,0.0,1,5e-05,5e-05,0.00045,1.0,1.0,True,1,1111111111111111,1.1537487931548769,0.0,0.0,"[30.0, 30.0, 30.0, 30.0, 30.0, 30.0, 30.0, 30.0]",0.1052681551775566,0.1193327242699829,0.0,0.0001965517241379,3.9310344827586205e-05,0.0786206896551724,0.1284493848790969,-0.1599372977866789,0,2.220446049250313e-16,0.0,0.0,,,confirmation,normal,diversified,2024-03-21,PASS,1.5433272426998297,1.153748793154877,1.1537487931548769,0.3895784495449528
hybrid_qaoa_assisted_v3,c29_normal_20240321_diversified,random_uniform_compute,compute_budget,OK,,20000,20000,0,20000,91,0.0756812500039814,0.2922933750014636,20000,20000,1.1691356915131192,1.161442242333998,,,,,,,,True,1111111111111101,17336,0.0154101515247202,1.003894472361809,0.9961,0.0153868983582421,0.0133364372292579,2,0.0,0.0,0.0002,0.4,0.32,True,1,1111111111111101,1.1691356915131188,0.0076934491791207,0.0201459841883045,"[30.0, 30.0, 30.0, 30.0, 30.0, 30.0, 30.0, 25.0]",0.1055188901816756,0.1193327242699829,0.0,0.0001924568965517,3.8491379310344826e-05,0.0769827586206896,0.1268147080892938,-0.1602674830278774,0,0.0076934491791211,0.0076934491791211,0.006668218614629,,,confirmation,normal,diversified,2024-03-21,PASS,1.5433272426998297,1.153748793154877,1.1537487931548769,0.3895784495449528
hybrid_qaoa_assisted_v3,c29_normal_20240321_diversified,classical_true_compute_transfer,compute_budget,OK,,18869,18869,0,18869,81,0.1684242499977699,0.2666259170000558,18869,18869,1.153748793154877,1.1537487931548769,,,,,,,,True,1111111111111111,89,0.0,0.9828140703517588,0.99152048333245,0.0,0.0,1,5.2996979172187185e-05,5.2996979172187185e-05,0.0004769728125496,1.0,1.0,True,1,1111111111111111,1.1537487931548769,0.0,0.0,"[30.0, 30.0, 30.0, 30.0, 30.0, 30.0, 30.0, 30.0]",0.1052681551775566,0.1193327242699829,0.0,0.0001965517241379,3.9310344827586205e-05,0.0786206896551724,0.1284493848790969,-0.1599372977866789,0,2.220446049250313e-16,0.0,0.0,,,confirmation,normal,diversified,2024-03-21,PASS,1.5433272426998297,1.153748793154877,1.1537487931548769,0.3895784495449528
hybrid_qaoa_assisted_v3,c29_normal_20240321_diversified,random_uniform_compute_transfer,compute_budget,OK,,18869,18869,0,18869,92,0.0735060000006342,0.2988401670008898,18869,18869,1.169361094667421,1.1615549439111497,,,,,,,,True,1111111111011111,9896,0.0156008233393298,1.0131457286432162,0.9963962054162911,0.0156123015125442,0.013531803114483,4,0.0,0.0,0.0001059939583443,0.2,0.36,True,1,1111111111011111,1.169361094667421,0.0078061507562716,0.0204471376813867,"[30.0, 30.0, 30.0, 30.0, 30.0, 25.0, 30.0, 30.0]",0.1055301603393908,0.1193327242699829,0.0,0.0001924568965517,3.8491379310344826e-05,0.0769827586206896,0.1268147080892938,-0.1603597515108543,0,0.0078061507562716,0.0078061507562727,0.0067659015572421,,,confirmation,normal,diversified,2024-03-21,PASS,1.5433272426998297,1.153748793154877,1.1537487931548769,0.3895784495449528
hybrid_qaoa_assisted_v3,c29_normal_20240321_diversified,heuristic_baselines,ablation,OK,,3,3,0,3,59,2.091599890263751e-05,0.182337042002473,3,3,1.153748793154877,1.1537487931548769,,,,,,,,True,1111111111111111,3,0.0,1.0666666666666669,0.6666666666666666,0.0,0.0,1,0.3333333333333333,0.3333333333333333,0.3333333333333333,0.1,0.02,True,1,1111111111111111,1.1537487931548769,0.0,0.0,"[30.0, 30.0, 30.0, 30.0, 30.0, 30.0, 30.0, 30.0]",0.1052681551775566,0.1193327242699829,0.0,0.0001965517241379,3.9310344827586205e-05,0.0786206896551724,0.1284493848790969,-0.1599372977866789,0,2.220446049250313e-16,0.0,0.0,,,confirmation,normal,diversified,2024-03-21,PASS,1.5433272426998297,1.153748793154877,1.1537487931548769,0.3895784495449528
hybrid_qaoa_assisted_v3,c30_volatile_20260720_diversified,qaoa,candidate_budget,OK,,256,256,0,256,81,209.35988929199812,0.2552719580053235,256,256,1.0095274097663456,1.0095274097663456,10.0,10.0,209.35710266699607,200.0,465.0,0.15537109375,0.46513671875,True,1111111111111111,1,0.0,0.4566482412060301,0.7734375,0.0,0.0,1,0.00390625,0.00390625,0.03515625,1.0,1.0,True,1,1111111111111111,1.0095274097663456,0.0,0.0,"[30.0, 30.0, 30.0, 30.0, 30.0, 30.0, 30.0, 30.0]",0.090694622217468,0.1026017023817435,0.0003027892424708,0.0001965517241379,3.9310344827586205e-05,0.0786206896551724,0.1284493848790969,-0.1819482181200582,0,0.0,0.0,0.0,,,confirmation,volatile,diversified,2026-07-20,FAIL,1.3760170238174352,1.0095274097663456,1.0095274097663456,0.3664896140510896
hybrid_qaoa_assisted_v3,c30_volatile_20260720_diversified,qaoa_transfer,candidate_budget,SHORTFALL,,256,211,45,211,81,58.058429999997315,0.2581900410004891,211,211,1.0095274097663456,1.0095274097663456,10.0,10.0,58.05682974999945,10.0,100.0,0.267578125,0.67255859375,True,1111111111111111,1,0.0,0.4230804020100502,0.8341232227488151,0.0,0.0,1,0.0047393364928909,0.0047393364928909,0.0426540284360189,1.0,0.92,True,1,1111111111111111,1.0095274097663456,0.0,0.0,"[30.0, 30.0, 30.0, 30.0, 30.0, 30.0, 30.0, 30.0]",0.090694622217468,0.1026017023817435,0.0003027892424708,0.0001965517241379,3.9310344827586205e-05,0.0786206896551724,0.1284493848790969,-0.1819482181200582,0,0.0,0.0,0.0,,,confirmation,volatile,diversified,2026-07-20,FAIL,1.3760170238174352,1.0095274097663456,1.0095274097663456,0.3664896140510896
hybrid_qaoa_assisted_v3,c30_volatile_20260720_diversified,classical_true,candidate_budget,OK,,256,256,0,256,81,0.0012613329963642,0.2544927089984412,256,256,1.0095274097663456,1.0095274097663456,,,,,,,,True,1111111111111111,155,0.0,0.7770050251256282,0.0,0.0,0.0,1,0.00390625,0.00390625,0.03515625,1.0,0.54,True,1,1111111111111111,1.0095274097663456,0.0,0.0,"[30.0, 30.0, 30.0, 30.0, 30.0, 30.0, 30.0, 30.0]",0.090694622217468,0.1026017023817435,0.0003027892424708,0.0001965517241379,3.9310344827586205e-05,0.0786206896551724,0.1284493848790969,-0.1819482181200582,0,0.0,0.0,0.0,,,confirmation,volatile,diversified,2026-07-20,FAIL,1.3760170238174352,1.0095274097663456,1.0095274097663456,0.3664896140510896
hybrid_qaoa_assisted_v3,c30_volatile_20260720_diversified,classical_surrogate,candidate_budget,OK,,256,256,0,256,81,0.0028827499991166,0.2545430419995682,256,256,1.0095274097663456,1.0095274097663456,,,,,,,,True,1111111111111111,10,0.0,0.809497487437186,0.92578125,0.0,0.0,1,0.00390625,0.00390625,0.02734375,0.7,0.46,True,1,1111111111111111,1.0095274097663456,0.0,0.0,"[30.0, 30.0, 30.0, 30.0, 30.0, 30.0, 30.0, 30.0]",0.090694622217468,0.1026017023817435,0.0003027892424708,0.0001965517241379,3.9310344827586205e-05,0.0786206896551724,0.1284493848790969,-0.1819482181200582,0,0.0,0.0,0.0,,,confirmation,volatile,diversified,2026-07-20,FAIL,1.3760170238174352,1.0095274097663456,1.0095274097663456,0.3664896140510896
hybrid_qaoa_assisted_v3,c30_volatile_20260720_diversified,random_uniform,candidate_budget,OK,,256,256,0,256,102,0.0012006249962723,0.3159806249968824,256,256,1.0405195399218443,1.0250234748440947,,,,,,,,True,1101011111111111,165,0.031065254629321,1.0014824120603014,0.99609375,0.0309921301554987,0.0306996420856684,35,0.0,0.0,0.0,0.0,0.02,True,1,1101011111111111,1.0405195399218443,0.0154960650777495,0.0441491449716831,"[30.0, 25.0, 25.0, 30.0, 30.0, 30.0, 30.0, 30.0]",0.0912407369088351,0.1026017023817435,0.0002353332201142,0.0001883620689655,3.767241379310345e-05,0.0753448275862068,0.1251800446894523,-0.1828178784014941,0,0.0154960650777495,0.0154960650777491,0.0153498210428339,,,confirmation,volatile,diversified,2026-07-20,FAIL,1.3760170238174352,1.0095274097663456,1.0095274097663456,0.3664896140510896
hybrid_qaoa_assisted_v3,c30_volatile_20260720_diversified,random_stratified,candidate_budget,OK,,256,256,0,256,100,0.0039982919988688,0.308004250000522,256,256,1.038734214880713,1.0241279272345762,,,,,,,,True,1111111111110101,105,0.0292185431566713,1.0212311557788945,0.9921875,0.0292068051143674,0.0289311660404816,11,0.0,0.0,0.0,0.0,0.02,True,1,1111111111110101,1.0387342148807124,0.0146062876461361,0.0415082132068755,"[30.0, 30.0, 30.0, 30.0, 30.0, 30.0, 25.0, 25.0]",0.0911300325701142,0.1026017023817435,0.0002776323756522,0.0001883620689655,3.767241379310345e-05,0.0753448275862068,0.1251800446894523,-0.1828816614790994,0,0.0146062876461368,0.0146005174682306,0.0144627251592999,,,confirmation,volatile,diversified,2026-07-20,FAIL,1.3760170238174352,1.0095274097663456,1.0095274097663456,0.3664896140510896
hybrid_qaoa_assisted_v3,c30_volatile_20260720_diversified,boltzmann,candidate_budget,OK,,256,256,0,256,81,0.0724546249984996,0.2565336249972461,256,256,1.0095274097663456,1.0095274097663456,,,,,,,,True,1111111111111111,1,0.0,0.5365728643216081,0.80078125,0.0,0.0,1,0.00390625,0.00390625,0.03515625,1.0,1.0,True,1,1111111111111111,1.0095274097663456,0.0,0.0,"[30.0, 30.0, 30.0, 30.0, 30.0, 30.0, 30.0, 30.0]",0.090694622217468,0.1026017023817435,0.0003027892424708,0.0001965517241379,3.9310344827586205e-05,0.0786206896551724,0.1284493848790969,-0.1819482181200582,0,0.0,0.0,0.0,107.39847099291504,MATCHED,confirmation,volatile,diversified,2026-07-20,FAIL,1.3760170238174352,1.0095274097663456,1.0095274097663456,0.3664896140510896
hybrid_qaoa_assisted_v3,c30_volatile_20260720_diversified,classical_true_compute,compute_budget,OK,,20000,20000,0,20000,81,0.1823765420049312,0.2626792910014046,20000,20000,1.0095274097663456,1.0095274097663456,,,,,,,,True,1111111111111111,103,0.0,0.9906934673366834,0.9911,0.0,0.0,1,5e-05,5e-05,0.00045,1.0,1.0,True,1,1111111111111111,1.0095274097663456,0.0,0.0,"[30.0, 30.0, 30.0, 30.0, 30.0, 30.0, 30.0, 30.0]",0.090694622217468,0.1026017023817435,0.0003027892424708,0.0001965517241379,3.9310344827586205e-05,0.0786206896551724,0.1284493848790969,-0.1819482181200582,0,0.0,0.0,0.0,,,confirmation,volatile,diversified,2026-07-20,FAIL,1.3760170238174352,1.0095274097663456,1.0095274097663456,0.3664896140510896
hybrid_qaoa_assisted_v3,c30_volatile_20260720_diversified,random_uniform_compute,compute_budget,OK,,20000,20000,0,20000,91,0.1160747079993598,0.2957014579951647,20000,20000,1.024016771114569,1.0167720904404576,,,,,,,,True,1111111111111101,17336,0.0145363550884065,1.003894472361809,0.9961,0.014489361348223,0.0143526180746064,2,0.0,0.0,0.0002,0.4,0.3,True,1,1111111111111101,1.0240167711145685,0.0072446806741108,0.0201664101592453,"[30.0, 30.0, 30.0, 30.0, 30.0, 30.0, 30.0, 25.0]",0.0909124352092727,0.1026017023817435,0.0002788795660977,0.0001924568965517,3.8491379310344826e-05,0.0769827586206896,0.1268147080892938,-0.1823853426311943,0,0.0072446806741111,0.0072446806741119,0.0071763090373036,,,confirmation,volatile,diversified,2026-07-20,FAIL,1.3760170238174352,1.0095274097663456,1.0095274097663456,0.3664896140510896
hybrid_qaoa_assisted_v3,c30_volatile_20260720_diversified,classical_true_compute_transfer,compute_budget,OK,,19413,19413,0,19413,81,0.1751975000006496,0.2605466250024619,19413,19413,1.0095274097663456,1.0095274097663456,,,,,,,,True,1111111111111111,89,0.0,1.0001608040201004,0.9917065883686188,0.0,0.0,1,5.151187348683871e-05,5.151187348683871e-05,0.0004636068613815,1.0,1.0,True,1,1111111111111111,1.0095274097663456,0.0,0.0,"[30.0, 30.0, 30.0, 30.0, 30.0, 30.0, 30.0, 30.0]",0.090694622217468,0.1026017023817435,0.0003027892424708,0.0001965517241379,3.9310344827586205e-05,0.0786206896551724,0.1284493848790969,-0.1819482181200582,0,0.0,0.0,0.0,,,confirmation,volatile,diversified,2026-07-20,FAIL,1.3760170238174352,1.0095274097663456,1.0095274097663456,0.3664896140510896
hybrid_qaoa_assisted_v3,c30_volatile_20260720_diversified,random_uniform_compute_transfer,compute_budget,OK,,19413,19413,0,19413,92,0.0737166670005535,0.2936165420032921,19413,19413,1.024016771114569,1.0167720904404576,,,,,,,,True,1111111111111101,220,0.0145363550884065,0.9930100502512564,0.9963941688559212,0.014489361348223,0.0143526180746064,2,0.0,0.0,0.0001545356204605,0.3,0.4,True,1,1111111111111101,1.0240167711145685,0.0072446806741108,0.0201664101592453,"[30.0, 30.0, 30.0, 30.0, 30.0, 30.0, 30.0, 25.0]",0.0909124352092727,0.1026017023817435,0.0002788795660977,0.0001924568965517,3.8491379310344826e-05,0.0769827586206896,0.1268147080892938,-0.1823853426311943,0,0.0072446806741111,0.0072446806741119,0.0071763090373036,,,confirmation,volatile,diversified,2026-07-20,FAIL,1.3760170238174352,1.0095274097663456,1.0095274097663456,0.3664896140510896
hybrid_qaoa_assisted_v3,c30_volatile_20260720_diversified,heuristic_baselines,ablation,OK,,3,3,0,3,59,1.633400097489357e-05,0.1881576250016223,3,3,1.0095274097663456,1.0095274097663456,,,,,,,,True,1111111111111111,3,0.0,1.0666666666666669,0.6666666666666666,0.0,0.0,1,0.3333333333333333,0.3333333333333333,0.3333333333333333,0.1,0.02,True,1,1111111111111111,1.0095274097663456,0.0,0.0,"[30.0, 30.0, 30.0, 30.0, 30.0, 30.0, 30.0, 30.0]",0.090694622217468,0.1026017023817435,0.0003027892424708,0.0001965517241379,3.9310344827586205e-05,0.0786206896551724,0.1284493848790969,-0.1819482181200582,0,0.0,0.0,0.0,,,confirmation,volatile,diversified,2026-07-20,FAIL,1.3760170238174352,1.0095274097663456,1.0095274097663456,0.3664896140510896
